,Mutation,Regulator,Regulon,MutationRegulatorEdge,-log10(p)_MutationRegulatorEdge,RegulatorRegulon_Spearman_R,RegulatorRegulon_Spearman_p-value,Regulon_stratification_t-statistic,-log10(p)_Regulon_stratification,Fraction_of_edges_correctly_aligned,Fraction_of_aligned_and_diff_exp_edges,number_downstream_regulons,number_differentially_expressed_regulons
1134,13,MAF,1134,-1.0,2.817570672041098,0.44987706948860073,5.613173275063293e-27,-6.871154017017506,3.531042438912621,0.7142857142857143,0.4,25,14
1131,13,MAF,1131,-1.0,2.817570672041098,0.6395651337301486,1.812158497621922e-60,-3.93741084916479,2.0468845962521076,0.7142857142857143,0.4,25,14
1122,13,MAF,1122,-1.0,2.817570672041098,0.4129722452530531,1.3739646944786684e-22,-5.296972964027343,2.576167528875025,0.7142857142857143,0.4,25,14
1120,13,MAF,1120,-1.0,2.817570672041098,0.5254202270563771,8.077400598928452e-38,-6.7805297300154415,3.6105422959355233,0.7142857142857143,0.4,25,14
1126,13,MAF,1126,-1.0,2.817570672041098,0.4337626898773258,5.39587672499752e-25,-4.794258182941794,2.36214545446469,0.7142857142857143,0.4,25,14
1119,13,MAF,1119,-1.0,2.817570672041098,0.4826037806793311,2.4095790549976154e-31,-4.769092613109959,2.734558022857896,0.7142857142857143,0.4,25,14
1137,13,MAF,1137,-1.0,2.817570672041098,0.1557350303465715,0.000394395167279944,-4.3810377476767695,2.2634968710692744,0.7142857142857143,0.4,25,14
1128,13,MAF,1128,-1.0,2.817570672041098,0.5888867017884075,2.6879709213472095e-49,-5.407245773120667,2.8866258667403524,0.7142857142857143,0.4,25,14
1117,13,MAF,1117,-1.0,2.817570672041098,0.7151132398889131,1.1667328475942287e-81,-5.119239579396877,2.77004698572647,0.7142857142857143,0.4,25,14
1121,13,MAF,1121,-1.0,2.817570672041098,0.47044942263861084,1.146003308513295e-29,-5.397346699429158,3.2798658638740408,0.7142857142857143,0.4,25,14
3167,13,ZNF784,3167,-1.0,2.237007572348851,0.5070245469995743,6.334823210651621e-35,-3.013851852507085,1.5787731020872677,0.8,0.4,10,5
3164,13,ZNF784,3164,-1.0,2.237007572348851,0.271198117944806,4.077214507366662e-10,-6.050898372159069,3.6542718099922102,0.8,0.4,10,5
3168,13,ZNF784,3168,-1.0,2.237007572348851,0.23078279860935758,1.2160997481907538e-07,-3.7906401483666605,2.0711190787451854,0.8,0.4,10,5
3165,13,ZNF784,3165,-1.0,2.237007572348851,0.19301532892334347,1.049031479950347e-05,-5.584795905447185,2.760870734012706,0.8,0.4,10,5
1649,13,TCF7,1649,-1.0,2.720203281176269,0.7188682484042452,6.8028990751885e-83,-4.595304656643988,2.6803771590519565,0.8125,0.52,25,16
1665,13,TCF7,1665,-1.0,2.720203281176269,0.44796108109923233,9.784881617621635e-27,-7.4336667820657985,3.671450473858808,0.8125,0.52,25,16
1656,13,TCF7,1656,-1.0,2.720203281176269,0.3827255734566417,2.2401112086548797e-19,-3.6728185013395045,2.1489390772577663,0.8125,0.52,25,16
1652,13,TCF7,1652,-1.0,2.720203281176269,0.35385390301336056,1.3170441599455596e-16,-4.875619865020256,2.4625584911969387,0.8125,0.52,25,16
1647,13,TCF7,1647,-1.0,2.720203281176269,0.6328452122713569,7.241996158727273e-59,-5.219055290191804,2.8461269898337984,0.8125,0.52,25,16
1651,13,TCF7,1651,-1.0,2.720203281176269,0.6895562417307167,9.226268710109443e-74,-6.441248646965797,3.411896096693366,0.8125,0.52,25,16
1650,13,TCF7,1650,-1.0,2.720203281176269,0.6712260421368105,1.3865850693348043e-68,-2.8690159706999254,1.598211234299316,0.8125,0.52,25,16
1668,13,TCF7,1668,-1.0,2.720203281176269,0.5933822315980348,3.2948518708536386e-50,-4.319987286220719,2.260160322506533,0.8125,0.52,25,16
1657,13,TCF7,1657,-1.0,2.720203281176269,0.4238031203075373,8.04427753788296e-24,-6.265171182984629,3.1836106608059804,0.8125,0.52,25,16
1648,13,TCF7,1648,-1.0,2.720203281176269,0.25215417246855826,6.76168944176331e-09,-4.957093708062221,2.4970791902162603,0.8125,0.52,25,16
1654,13,TCF7,1654,-1.0,2.720203281176269,0.4143840075678095,9.546702960743001e-23,-5.279989163249778,2.574635027723482,0.8125,0.52,25,16
1658,13,TCF7,1658,-1.0,2.720203281176269,0.35702948454460043,6.73834335007696e-17,-4.560665147039654,2.2604644961216227,0.8125,0.52,25,16
1661,13,TCF7,1661,-1.0,2.720203281176269,0.4571568886706207,6.578569346829207e-28,-2.5521276616414177,1.3348121360999015,0.8125,0.52,25,16
1393,13,FOXM1,1393,-1.0,2.6221997696620494,0.24697361627785988,1.3968684388640416e-08,-2.970370944447937,1.6557409139467039,1.0,0.5714285714285714,7,4
1395,13,FOXM1,1395,-1.0,2.6221997696620494,0.40036244010603245,3.2916723014392927e-21,-5.463428343628065,2.6284791277374784,1.0,0.5714285714285714,7,4
1392,13,FOXM1,1392,-1.0,2.6221997696620494,0.8521137442475392,4.372372100712011e-146,-6.848232882533778,3.280573879310214,1.0,0.5714285714285714,7,4
1391,13,FOXM1,1391,-1.0,2.6221997696620494,0.1735443907389771,7.653659806238033e-05,-4.57265809495591,2.840899601777786,1.0,0.5714285714285714,7,4
203,13,IRF1,203,-1.0,3.031016933430961,0.6497195540700946,5.763391537446289e-63,-5.0373604843311055,2.7465878658847145,0.9375,0.6,25,16
215,13,IRF1,215,-1.0,3.031016933430961,0.3093839203047095,7.289425822476308e-13,-2.6135540549223375,1.4070794354060818,0.9375,0.6,25,16
225,13,IRF1,225,-1.0,3.031016933430961,0.6131636938669065,2.141785451541886e-54,-5.347183330677156,2.6389230713511425,0.9375,0.6,25,16
213,13,IRF1,213,-1.0,3.031016933430961,0.5839972287890467,2.5399717073108244e-48,-5.479111425011303,2.778564667270498,0.9375,0.6,25,16
207,13,IRF1,207,-1.0,3.031016933430961,0.7654138115616318,4.4950542486145985e-100,-6.236310184507499,3.2809019248997138,0.9375,0.6,25,16
210,13,IRF1,210,-1.0,3.031016933430961,0.38997614293121396,4.075036917589744e-20,-5.327858157227233,2.58659697784996,0.9375,0.6,25,16
219,13,IRF1,219,-1.0,3.031016933430961,0.6189715723330464,1.1076494803507884e-55,-5.669873243467043,2.946339677614044,0.9375,0.6,25,16
224,13,IRF1,224,-1.0,3.031016933430961,0.6860377051704603,9.737844846190587e-73,-3.0142300704512333,1.6708117994157774,0.9375,0.6,25,16
206,13,IRF1,206,-1.0,3.031016933430961,0.6536585441289497,5.833080819867169e-64,-5.2406584531862475,3.1458856214090405,0.9375,0.6,25,16
205,13,IRF1,205,-1.0,3.031016933430961,0.5610214510373374,5.949061013056422e-44,-2.4812800902190113,1.3430332518020889,0.9375,0.6,25,16
218,13,IRF1,218,-1.0,3.031016933430961,0.5710039962081422,8.28212573610553e-46,-2.9343092868776615,1.5160315837778304,0.9375,0.6,25,16
214,13,IRF1,214,-1.0,3.031016933430961,0.30235073536283,2.5120034740926812e-12,-4.545259997512294,2.2510221931287524,0.9375,0.6,25,16
204,13,IRF1,204,-1.0,3.031016933430961,0.4047705742641015,1.1011867928381788e-21,-5.351033027298729,2.6767616708351047,0.9375,0.6,25,16
208,13,IRF1,208,-1.0,3.031016933430961,0.4001899463630177,3.434641087370883e-21,-4.819773885160275,2.4255605951368024,0.9375,0.6,25,16
209,13,IRF1,209,-1.0,3.031016933430961,0.27964836726321496,1.0905451021009748e-10,-4.9862496137770185,2.6645418969685792,0.9375,0.6,25,16
5237,13,ZNF263,5237,-1.0,1.6203493390475254,0.3195590186855703,1.1469419214125136e-13,-6.053777214282701,2.9612628404420933,0.8571428571428571,0.48,25,14
5250,13,ZNF263,5250,-1.0,1.6203493390475254,-0.2340981778360121,7.907080458349582e-08,6.712878632860408,3.1418756641038943,0.8571428571428571,0.48,25,14
5242,13,ZNF263,5242,-1.0,1.6203493390475254,0.287013903110565,3.3288907738370396e-11,-5.3905802237191205,2.584858824455865,0.8571428571428571,0.48,25,14
5244,13,ZNF263,5244,-1.0,1.6203493390475254,-0.2704589221659541,4.565951907730481e-10,10.325091759829254,4.950862139038081,0.8571428571428571,0.48,25,14
5255,13,ZNF263,5255,-1.0,1.6203493390475254,0.6563650699286718,1.1849501233565048e-64,-3.647955566251136,1.8639998245706524,0.8571428571428571,0.48,25,14
5257,13,ZNF263,5257,-1.0,1.6203493390475254,0.42060306092444544,1.8806308779793628e-23,-2.7956438486921678,1.4698177049113377,0.8571428571428571,0.48,25,14
5248,13,ZNF263,5248,-1.0,1.6203493390475254,0.5229051056866602,2.058361757700395e-37,-3.022155932603003,1.5566793330217068,0.8571428571428571,0.48,25,14
5249,13,ZNF263,5249,-1.0,1.6203493390475254,0.40117162310028787,2.695580916946002e-21,-2.975471616330698,1.5307101099036087,0.8571428571428571,0.48,25,14
5236,13,ZNF263,5236,-1.0,1.6203493390475254,0.35586585872082016,8.621480743661486e-17,-5.05496536143421,2.689887961675034,0.8571428571428571,0.48,25,14
5241,13,ZNF263,5241,-1.0,1.6203493390475254,0.22335151719602234,3.1179944330124014e-07,-4.535227164314223,2.2641015932169966,0.8571428571428571,0.48,25,14
5239,13,ZNF263,5239,-1.0,1.6203493390475254,0.27016262528053986,4.777467622227684e-10,-5.541127413264485,2.744993823742305,0.8571428571428571,0.48,25,14
5254,13,ZNF263,5254,-1.0,1.6203493390475254,0.26317008947892,1.369004416846938e-09,-2.5610056928495837,1.3131183852946076,0.8571428571428571,0.48,25,14
1741,13,CEBPA,1741,-1.0,2.8324140214799645,0.7036441733323525,5.201485141499779e-78,-4.368667954915408,2.5854816376744925,0.7142857142857143,0.4,25,14
1751,13,CEBPA,1751,-1.0,2.8324140214799645,0.279480733743492,1.1199446459321643e-10,-6.1539281710506835,3.0971786468581786,0.7142857142857143,0.4,25,14
1748,13,CEBPA,1748,-1.0,2.8324140214799645,0.4699603074400519,1.334396160722571e-29,-4.3993446409729025,2.201939280855673,0.7142857142857143,0.4,25,14
1742,13,CEBPA,1742,-1.0,2.8324140214799645,0.2526756302439324,6.27981708523453e-09,-4.1503933418302115,2.1238011496888256,0.7142857142857143,0.4,25,14
1752,13,CEBPA,1752,-1.0,2.8324140214799645,0.35696082284464015,6.837239551556108e-17,-4.324928552849752,2.161494789805467,0.7142857142857143,0.4,25,14
1755,13,CEBPA,1755,-1.0,2.8324140214799645,0.7209584978905527,1.3703779165581717e-83,-2.8535332005674063,1.4908824424049343,0.7142857142857143,0.4,25,14
1756,13,CEBPA,1756,-1.0,2.8324140214799645,0.4440596473112693,3.001163743077332e-26,-5.5410903036443555,2.6868171571177935,0.7142857142857143,0.4,25,14
1743,13,CEBPA,1743,-1.0,2.8324140214799645,0.7199434181641126,2.9892246658782827e-83,-5.9280203353792675,3.1291968317153516,0.7142857142857143,0.4,25,14
1749,13,CEBPA,1749,-1.0,2.8324140214799645,0.6347339834102906,2.5923037537262584e-59,-5.131244250172856,2.9436461329008985,0.7142857142857143,0.4,25,14
1740,13,CEBPA,1740,-1.0,2.8324140214799645,0.856704180962903,2.557834296700436e-149,-4.7085339283945915,2.5879050561991863,0.7142857142857143,0.4,25,14
308,13,FGF9,308,-1.0,1.520315117228853,0.21674523659456524,7.010032183974474e-07,-2.9848579804309674,1.5388466471037294,0.1111111111111111,0.07142857142857142,14,9
4239,13,PRRX1,4239,-1.0,1.9841171559703872,0.3492645267103513,3.423428779376562e-16,-2.5847507709511865,1.3396612868265794,0.8666666666666667,0.52,25,15
4224,13,PRRX1,4224,-1.0,1.9841171559703872,0.46776569570451265,2.633631848646624e-29,-4.448864512562476,2.6969112108334867,0.8666666666666667,0.52,25,15
4220,13,PRRX1,4220,-1.0,1.9841171559703872,0.3980460576851066,5.814010529504734e-21,-5.923289838781553,2.9676893821389525,0.8666666666666667,0.52,25,15
4236,13,PRRX1,4236,-1.0,1.9841171559703872,0.3256748585730252,3.6466020741482233e-14,-2.533595060627394,1.3056921519892895,0.8666666666666667,0.52,25,15
4240,13,PRRX1,4240,-1.0,1.9841171559703872,0.34634627191049416,6.233696502441892e-16,-3.065151087341624,1.5702358390198983,0.8666666666666667,0.52,25,15
4232,13,PRRX1,4232,-1.0,1.9841171559703872,0.2624246195936368,1.5288626563655267e-09,-3.453981596168593,1.763209113272447,0.8666666666666667,0.52,25,15
4219,13,PRRX1,4219,-1.0,1.9841171559703872,0.3040398838760104,1.8719176674182594e-12,-5.862318550630619,3.198465953593806,0.8666666666666667,0.52,25,15
4227,13,PRRX1,4227,-1.0,1.9841171559703872,0.28353477854282116,5.856137849742779e-11,-4.236983553703247,2.124375166906826,0.8666666666666667,0.52,25,15
4223,13,PRRX1,4223,-1.0,1.9841171559703872,0.3380961754240159,3.2808284282611017e-15,-5.971289082289388,3.4612387506932785,0.8666666666666667,0.52,25,15
4229,13,PRRX1,4229,-1.0,1.9841171559703872,0.3366975798959957,4.326458104194024e-15,-2.708742977806175,1.3955754967318106,0.8666666666666667,0.52,25,15
4221,13,PRRX1,4221,-1.0,1.9841171559703872,0.30153731071915624,2.8922535289708296e-12,-5.182203651750367,2.5251908659516245,0.8666666666666667,0.52,25,15
4237,13,PRRX1,4237,-1.0,1.9841171559703872,0.3238247924850344,5.171583083941605e-14,-3.533519762027142,1.8057458312669923,0.8666666666666667,0.52,25,15
4222,13,PRRX1,4222,-1.0,1.9841171559703872,0.3087276134249088,8.193061100838148e-13,-2.5890874684427727,1.3771950489049638,0.8666666666666667,0.52,25,15
8152,13,HOXA10,8152,-1.0,3.2482152925956145,0.28663835931510145,3.5395044373755663e-11,-6.396536991568676,3.2156602229894973,1.0,0.6,25,15
8142,13,HOXA10,8142,-1.0,3.2482152925956145,0.5834082603975147,3.320546304904179e-48,-6.410434692774733,3.3343810458173304,1.0,0.6,25,15
8154,13,HOXA10,8154,-1.0,3.2482152925956145,0.5757153712272908,1.0465864753274492e-46,-3.926451614142346,1.9922634068882759,1.0,0.6,25,15
8149,13,HOXA10,8149,-1.0,3.2482152925956145,0.43474542646216313,4.1129363464241804e-25,-4.396092352566663,2.3114400210183037,1.0,0.6,25,15
8155,13,HOXA10,8155,-1.0,3.2482152925956145,0.21239186592135337,1.1793253817459459e-06,-2.883290868801514,1.4730936303286422,1.0,0.6,25,15
8146,13,HOXA10,8146,-1.0,3.2482152925956145,0.6058062110022616,8.36486706819591e-53,-6.037265635087047,2.877130241051374,1.0,0.6,25,15
8150,13,HOXA10,8150,-1.0,3.2482152925956145,0.5632973131506991,2.2739557922366557e-44,-4.417630441264616,2.198969772233546,1.0,0.6,25,15
8140,13,HOXA10,8140,-1.0,3.2482152925956145,0.529513936164429,1.7327071620700506e-38,-4.19864380769273,2.414000923045438,1.0,0.6,25,15
8141,13,HOXA10,8141,-1.0,3.2482152925956145,0.3810871879935103,3.27322423688923e-19,-3.7844910334044632,1.959278656543043,1.0,0.6,25,15
8158,13,HOXA10,8158,-1.0,3.2482152925956145,0.30991166917769514,6.634224314711001e-13,-2.6039427000300317,1.338931688746255,1.0,0.6,25,15
8147,13,HOXA10,8147,-1.0,3.2482152925956145,0.49544647698299715,3.4287401343113206e-33,-3.1089682024097574,1.6921299403123788,1.0,0.6,25,15
8144,13,HOXA10,8144,-1.0,3.2482152925956145,0.360138605620749,3.470647721222534e-17,-2.4918325816212716,1.3206600668971278,1.0,0.6,25,15
8139,13,HOXA10,8139,-1.0,3.2482152925956145,0.41111240903200513,2.2138097074713925e-22,-5.634699125675247,2.8003511509917227,1.0,0.6,25,15
8151,13,HOXA10,8151,-1.0,3.2482152925956145,0.49988774080280385,7.551645591246945e-34,-5.9989591045395185,2.8648695221916016,1.0,0.6,25,15
8138,13,HOXA10,8138,-1.0,3.2482152925956145,0.540050303915276,2.988219604331364e-40,-5.259230479988643,2.8596106291838974,1.0,0.6,25,15
6620,13,RORA,6620,1.0,1.683562776526759,-0.31919538561563904,1.226805287938979e-13,-3.342744237870404,1.7220593636240364,0.6666666666666666,0.32,25,12
6629,13,RORA,6629,1.0,1.683562776526759,-0.31106582266680016,5.395750035349851e-13,-4.080524213215395,2.0813781974791055,0.6666666666666666,0.32,25,12
6627,13,RORA,6627,1.0,1.683562776526759,-0.3998373592551134,3.746198537370305e-21,-2.8414183314748174,1.4543983612925868,0.6666666666666666,0.32,25,12
6630,13,RORA,6630,1.0,1.683562776526759,0.4299032307450656,1.5538537225715016e-24,5.6329026552813115,2.692507018894835,0.6666666666666666,0.32,25,12
6616,13,RORA,6616,1.0,1.683562776526759,-0.4516173828978905,3.378001194413677e-27,-5.017028467779959,2.6386118210607767,0.6666666666666666,0.32,25,12
6631,13,RORA,6631,1.0,1.683562776526759,0.23972163292014811,3.7537967442914416e-08,3.1279133647062287,1.6081086234824868,0.6666666666666666,0.32,25,12
6618,13,RORA,6618,1.0,1.683562776526759,-0.32213582070724645,7.099716915741984e-14,-3.792290117718619,1.9704038934648103,0.6666666666666666,0.32,25,12
6619,13,RORA,6619,1.0,1.683562776526759,0.41054920302279385,2.556345513879437e-22,8.13731853083245,3.9221307153476475,0.6666666666666666,0.32,25,12
9534,13,TNFRSF10A,9534,-1.0,2.83116122063777,0.529594098451776,1.6809025935374376e-38,-4.648401731044482,2.4382539014411377,1.0,0.5555555555555556,9,5
9541,13,TNFRSF10A,9541,-1.0,2.83116122063777,0.49862882054973107,1.1621996330293746e-33,-2.7494996636466413,1.4341527489286838,1.0,0.5555555555555556,9,5
9542,13,TNFRSF10A,9542,-1.0,2.83116122063777,0.14639642057809707,0.0008718728948244673,-4.884408793419631,2.490801967154642,1.0,0.5555555555555556,9,5
9536,13,TNFRSF10A,9536,-1.0,2.83116122063777,0.41580964361087197,6.598026125357815e-23,-5.5156919228587045,2.7255997611370497,1.0,0.5555555555555556,9,5
9539,13,TNFRSF10A,9539,-1.0,2.83116122063777,0.4984340581472697,1.2421620771975839e-33,-7.91529711009523,4.113180538757988,1.0,0.5555555555555556,9,5
978,13,MYBL2,978,-1.0,2.585496471426267,0.4716897516227071,7.781966226279861e-30,-3.9666377485118973,2.0488649020962457,1.0,0.7,10,7
976,13,MYBL2,976,-1.0,2.585496471426267,-0.34458430841563126,8.924522688718525e-16,5.589715405357419,2.7270569331554593,1.0,0.7,10,7
977,13,MYBL2,977,-1.0,2.585496471426267,0.5723284512390366,4.645794109817826e-46,-3.868649876155733,1.9792366420052436,1.0,0.7,10,7
979,13,MYBL2,979,-1.0,2.585496471426267,0.5244026730344429,1.1804283091344952e-37,-6.211170778745247,2.8695692270225,1.0,0.7,10,7
973,13,MYBL2,973,-1.0,2.585496471426267,0.9186570054264394,1.1832147628944559e-208,-3.9388243943192927,2.0430921756368448,1.0,0.7,10,7
974,13,MYBL2,974,-1.0,2.585496471426267,0.14299921286474598,0.0011506250302433674,-4.157705714397574,2.512681329571299,1.0,0.7,10,7
980,13,MYBL2,980,-1.0,2.585496471426267,0.4076389013155962,5.352914538132152e-22,-3.357581824712631,1.7320597877472526,1.0,0.7,10,7
3214,13,SOX4,3214,-1.0,2.404468745760054,0.38791682213858225,6.640830919335263e-20,-3.912886791370639,2.000261393419883,0.7857142857142857,0.44,25,14
3218,13,SOX4,3218,-1.0,2.404468745760054,0.48411857972787614,1.4728435185731406e-31,-3.5688386039961175,1.8163923152035897,0.7857142857142857,0.44,25,14
3219,13,SOX4,3219,-1.0,2.404468745760054,-0.2682646639011997,6.376851067225097e-10,6.221646061863593,2.9111204003560034,0.7857142857142857,0.44,25,14
3198,13,SOX4,3198,-1.0,2.404468745760054,0.2949754790688961,8.87337069924214e-12,-5.560044137359407,2.759083536625404,0.7857142857142857,0.44,25,14
3202,13,SOX4,3202,-1.0,2.404468745760054,0.370507413939253,3.6005840532439835e-18,-4.657311573664321,2.2984881355981672,0.7857142857142857,0.44,25,14
3205,13,SOX4,3205,-1.0,2.404468745760054,0.3242628311551801,4.7620189434515833e-14,-4.98386347182807,2.4555208389177468,0.7857142857142857,0.44,25,14
3212,13,SOX4,3212,-1.0,2.404468745760054,0.542549244555611,1.1168589506417113e-40,-3.0246662110521783,1.5468006069347844,0.7857142857142857,0.44,25,14
3215,13,SOX4,3215,-1.0,2.404468745760054,0.3176110411901715,1.6431843400715608e-13,-3.8251956538440908,1.991425772108517,0.7857142857142857,0.44,25,14
3208,13,SOX4,3208,-1.0,2.404468745760054,0.5313661358640075,8.574926778570894e-39,-3.3929913469788007,1.7677652802330166,0.7857142857142857,0.44,25,14
3220,13,SOX4,3220,-1.0,2.404468745760054,0.5433224618975063,8.222821888876644e-41,-3.155256770394136,1.6486811521316858,0.7857142857142857,0.44,25,14
3210,13,SOX4,3210,-1.0,2.404468745760054,0.5984147718975704,3.021313782723477e-51,-2.8782929621682234,1.4808827258360484,0.7857142857142857,0.44,25,14
4661,13,STAT5A,4661,-1.0,2.8426444496793577,0.4879296133626096,4.222375279725985e-32,-4.87489112240971,2.4042221163930946,0.7692307692307693,0.4,25,13
4670,13,STAT5A,4670,-1.0,2.8426444496793577,0.21862729178858648,5.57949128424951e-07,-2.7604106402445945,1.4778503156643221,0.7692307692307693,0.4,25,13
4657,13,STAT5A,4657,-1.0,2.8426444496793577,0.23698064371890148,5.4099013674378246e-08,-5.118171863427063,2.5751623057555917,0.7692307692307693,0.4,25,13
4663,13,STAT5A,4663,-1.0,2.8426444496793577,0.3697411776453588,4.268936930451115e-18,-5.342789833148113,2.75435383498696,0.7692307692307693,0.4,25,13
4665,13,STAT5A,4665,-1.0,2.8426444496793577,0.587222296230168,5.798559784293133e-49,-3.4848434112641518,1.8093720622317861,0.7692307692307693,0.4,25,13
4675,13,STAT5A,4675,-1.0,2.8426444496793577,0.5215022685092215,3.4565301317381753e-37,-10.322824431971016,4.58469515413405,0.7692307692307693,0.4,25,13
4655,13,STAT5A,4655,-1.0,2.8426444496793577,0.7765408951338341,8.756484318017873e-105,-5.15700276567968,3.1851134279572966,0.7692307692307693,0.4,25,13
4653,13,STAT5A,4653,-1.0,2.8426444496793577,0.8320693880824234,3.740560780368611e-133,-5.529241921740677,2.9986371531956957,0.7692307692307693,0.4,25,13
4660,13,STAT5A,4660,-1.0,2.8426444496793577,0.43726947353398543,2.0395831551252466e-25,-3.9259576115010595,1.983315882870026,0.7692307692307693,0.4,25,13
4654,13,STAT5A,4654,-1.0,2.8426444496793577,0.5086494521976053,3.5736417354415267e-35,-5.266642134759199,2.65131918508047,0.7692307692307693,0.4,25,13
5760,13,E2F3,5760,-1.0,2.9550610318574884,0.3999070813674283,3.682455798328219e-21,-3.4224571268126924,1.7729169530551265,1.0,0.6666666666666666,12,8
5759,13,E2F3,5759,-1.0,2.9550610318574884,0.4538195058876083,1.7691324923523676e-27,-2.899027588532239,1.4842320316800095,1.0,0.6666666666666666,12,8
5765,13,E2F3,5765,-1.0,2.9550610318574884,0.25232101067901525,6.603742621131228e-09,-3.7376870239573607,1.894583088184703,1.0,0.6666666666666666,12,8
5756,13,E2F3,5756,-1.0,2.9550610318574884,0.5505813379355231,4.463115128985385e-42,-4.370175330923315,2.223627319996573,1.0,0.6666666666666666,12,8
5757,13,E2F3,5757,-1.0,2.9550610318574884,0.4506858106443751,4.434812130783804e-27,-4.566715870414412,2.276588990165267,1.0,0.6666666666666666,12,8
5764,13,E2F3,5764,-1.0,2.9550610318574884,0.538828522706411,4.8204071417685655e-40,-2.9927253013890103,1.5373587129250363,1.0,0.6666666666666666,12,8
5758,13,E2F3,5758,-1.0,2.9550610318574884,0.5803723858902416,1.3102445167216263e-47,-4.376094946370867,2.2247189499757454,1.0,0.6666666666666666,12,8
5763,13,E2F3,5763,-1.0,2.9550610318574884,0.33153381356757844,1.1870616898936256e-14,-3.9244780291611705,1.9755663690991774,1.0,0.6666666666666666,12,8
170,13,ZSCAN16,170,-1.0,2.5155278746518808,0.48179601156821517,3.1297269476622608e-31,-5.584500012774148,2.6612349231732004,0.9090909090909091,0.5882352941176471,17,11
165,13,ZSCAN16,165,-1.0,2.5155278746518808,0.583630591217444,3.0012673232079586e-48,-5.8754289909299064,2.8634967091053736,0.9090909090909091,0.5882352941176471,17,11
175,13,ZSCAN16,175,-1.0,2.5155278746518808,0.34500617579736936,8.191474625398205e-16,-4.583817815098285,2.2905241264330294,0.9090909090909091,0.5882352941176471,17,11
163,13,ZSCAN16,163,-1.0,2.5155278746518808,0.45857837143196106,4.302263675755103e-28,-4.657600757492666,2.4586221908448405,0.9090909090909091,0.5882352941176471,17,11
174,13,ZSCAN16,174,-1.0,2.5155278746518808,0.2590633775326458,2.5048374253224017e-09,-3.6953749032359404,1.8974844411653686,0.9090909090909091,0.5882352941176471,17,11
171,13,ZSCAN16,171,-1.0,2.5155278746518808,0.327886790377023,2.393911445982564e-14,-2.8253303096085265,1.4910439511078155,0.9090909090909091,0.5882352941176471,17,11
161,13,ZSCAN16,161,-1.0,2.5155278746518808,0.29556250567486303,8.035956252206696e-12,-4.329233223005704,2.3916772901530883,0.9090909090909091,0.5882352941176471,17,11
167,13,ZSCAN16,167,-1.0,2.5155278746518808,0.5536889647083724,1.2542188230852334e-42,-4.845599322585261,2.4154990201754765,0.9090909090909091,0.5882352941176471,17,11
164,13,ZSCAN16,164,-1.0,2.5155278746518808,0.3691596298365573,4.856362543321031e-18,-4.795021188570609,2.4777354534984832,0.9090909090909091,0.5882352941176471,17,11
166,13,ZSCAN16,166,-1.0,2.5155278746518808,0.22329390145808908,3.140444848436003e-07,-6.7461353235142445,3.622861672511702,0.9090909090909091,0.5882352941176471,17,11
1428,13,NR5A2,1428,-1.0,2.3639102176452775,0.29914593055898037,4.366141188969409e-12,-4.393765095120224,2.191998279303215,0.8947368421052632,0.7083333333333334,24,19
1424,13,NR5A2,1424,-1.0,2.3639102176452775,0.3617705317831473,2.4428659520398415e-17,-6.713305406436728,3.740688917767556,0.8947368421052632,0.7083333333333334,24,19
1429,13,NR5A2,1429,-1.0,2.3639102176452775,0.3438042287746201,1.0453596397079757e-15,-4.280398760506461,2.3525993375593757,0.8947368421052632,0.7083333333333334,24,19
1439,13,NR5A2,1439,-1.0,2.3639102176452775,0.21870763735113832,5.525139538806986e-07,-4.21131882964387,2.1571518496007207,0.8947368421052632,0.7083333333333334,24,19
1437,13,NR5A2,1437,-1.0,2.3639102176452775,0.11723880262998242,0.007797898566549512,-4.938982828403236,2.5936566946130806,0.8947368421052632,0.7083333333333334,24,19
1443,13,NR5A2,1443,-1.0,2.3639102176452775,0.44012104961568393,9.16886257453113e-26,-9.069706842213966,4.245802588556983,0.8947368421052632,0.7083333333333334,24,19
1423,13,NR5A2,1423,-1.0,2.3639102176452775,0.24453027108604844,1.955819781685894e-08,-5.562010749413167,3.518718178529966,0.8947368421052632,0.7083333333333334,24,19
1434,13,NR5A2,1434,-1.0,2.3639102176452775,0.24461704817140142,1.932698267217108e-08,-3.8039133139369805,1.93682239310452,0.8947368421052632,0.7083333333333334,24,19
1430,13,NR5A2,1430,-1.0,2.3639102176452775,0.38414779710580904,1.6089352053833537e-19,-3.381366492117496,1.75683737790544,0.8947368421052632,0.7083333333333334,24,19
1422,13,NR5A2,1422,-1.0,2.3639102176452775,0.3259551013416307,3.457906957154345e-14,-4.731830881012504,2.375916285221616,0.8947368421052632,0.7083333333333334,24,19
1441,13,NR5A2,1441,-1.0,2.3639102176452775,0.2652464886761437,1.0046624985566677e-09,-5.287025805307454,2.574033232028284,0.8947368421052632,0.7083333333333334,24,19
1426,13,NR5A2,1426,-1.0,2.3639102176452775,0.3696067146730125,4.398209574755779e-18,-5.148781029194745,2.505690747952989,0.8947368421052632,0.7083333333333334,24,19
1421,13,NR5A2,1421,-1.0,2.3639102176452775,0.31389202606511596,3.240759245823094e-13,-7.122820309640992,3.850511658878317,0.8947368421052632,0.7083333333333334,24,19
1435,13,NR5A2,1435,-1.0,2.3639102176452775,-0.3697729343242844,4.238956268203091e-18,6.543751085053063,3.0459018519803642,0.8947368421052632,0.7083333333333334,24,19
1438,13,NR5A2,1438,-1.0,2.3639102176452775,0.3485404726072724,3.97461216293036e-16,-4.810697754131131,2.4450377753315142,0.8947368421052632,0.7083333333333334,24,19
1431,13,NR5A2,1431,-1.0,2.3639102176452775,0.37382238436125076,1.714641910094006e-18,-2.8592608467872354,1.5296001256480014,0.8947368421052632,0.7083333333333334,24,19
1427,13,NR5A2,1427,-1.0,2.3639102176452775,0.40315489493234796,1.6481156131279167e-21,-4.735625992049899,2.3819547618180734,0.8947368421052632,0.7083333333333334,24,19
1873,13,NFIL3,1873,-1.0,2.302952426411526,0.5329785812168718,4.6316733848569286e-39,-5.272439117428338,2.7352821776450806,1.0,0.72,25,18
1890,13,NFIL3,1890,-1.0,2.302952426411526,0.18253589219671268,3.1364202231984664e-05,-2.581079565216717,1.3400683523013437,1.0,0.72,25,18
1871,13,NFIL3,1871,-1.0,2.302952426411526,0.4928611493853696,8.188906683085955e-33,-6.012843632042003,3.320300923924624,1.0,0.72,25,18
1876,13,NFIL3,1876,-1.0,2.302952426411526,0.5485845814718127,1.0018580380380498e-41,-3.923923286624633,1.990927628675013,1.0,0.72,25,18
1889,13,NFIL3,1889,-1.0,2.302952426411526,-0.41906890935042895,2.8165832495473443e-23,6.06657200502688,2.833223646288763,1.0,0.72,25,18
1870,13,NFIL3,1870,-1.0,2.302952426411526,0.4503622965085261,4.87352974843204e-27,-4.670531461820683,2.372911558328891,1.0,0.72,25,18
1882,13,NFIL3,1882,-1.0,2.302952426411526,0.36602805541803335,9.679897837744226e-18,-3.4930273373178617,1.8350377820716586,1.0,0.72,25,18
1869,13,NFIL3,1869,-1.0,2.302952426411526,0.3435125849959163,1.1089029028318235e-15,-4.518826485856322,2.7255760531683233,1.0,0.72,25,18
1880,13,NFIL3,1880,-1.0,2.302952426411526,0.3007312205942684,3.324387828616968e-12,-4.057471925282729,2.0482686809435426,1.0,0.72,25,18
1879,13,NFIL3,1879,-1.0,2.302952426411526,0.47040099714108413,1.1634154803338762e-29,-4.002210738802163,2.247007620308452,1.0,0.72,25,18
1887,13,NFIL3,1887,-1.0,2.302952426411526,0.2073814420326691,2.1176271416177296e-06,-3.7711652347703697,1.9520543182607741,1.0,0.72,25,18
1885,13,NFIL3,1885,-1.0,2.302952426411526,0.334704799978615,6.4013868787796135e-15,-3.5087571537282054,1.8445742305319843,1.0,0.72,25,18
1868,13,NFIL3,1868,-1.0,2.302952426411526,0.43826670298578985,1.5434275921974168e-25,-5.1385022782803205,2.809812607654113,1.0,0.72,25,18
1881,13,NFIL3,1881,-1.0,2.302952426411526,0.31993617201302277,1.0694939339812032e-13,-3.7026736207088775,1.8962335155123426,1.0,0.72,25,18
1883,13,NFIL3,1883,-1.0,2.302952426411526,0.3525182252850466,1.7419693585154208e-16,-2.607650106761179,1.3323864215401322,1.0,0.72,25,18
1878,13,NFIL3,1878,-1.0,2.302952426411526,-0.23845108218394576,4.449216413886445e-08,7.737090883803096,3.5018780835907726,1.0,0.72,25,18
1875,13,NFIL3,1875,-1.0,2.302952426411526,0.4383759254583135,1.4969358694995298e-25,-4.134935437508344,2.1202564354873705,1.0,0.72,25,18
1872,13,NFIL3,1872,-1.0,2.302952426411526,0.4369744137963183,2.2145337943082926e-25,-2.7311707662000537,1.4511700375968521,1.0,0.72,25,18
7840,13,HOXD8,7840,-1.0,1.7870615122187925,0.3976186762525598,6.454269308101509e-21,-5.387770211157463,2.6272260212245313,1.0,0.76,25,19
7847,13,HOXD8,7847,-1.0,1.7870615122187925,0.2508210215928798,8.162374904452794e-09,-3.85148883862501,1.9889343406973987,1.0,0.76,25,19
7830,13,HOXD8,7830,-1.0,1.7870615122187925,0.39206356132533043,2.475233756894501e-20,-6.957244635079122,3.474788355115125,1.0,0.76,25,19
7844,13,HOXD8,7844,-1.0,1.7870615122187925,0.2272978168214043,1.8987604555407718e-07,-3.5097985364266022,1.7957529366469616,1.0,0.76,25,19
7851,13,HOXD8,7851,-1.0,1.7870615122187925,0.3580277226639183,5.4498511072419584e-17,-5.20718914694267,2.616212973728575,1.0,0.76,25,19
7837,13,HOXD8,7837,-1.0,1.7870615122187925,0.33435171643981654,6.8594836809435795e-15,-5.807057999881219,3.201267823016709,1.0,0.76,25,19
7836,13,HOXD8,7836,-1.0,1.7870615122187925,0.29304070809555666,1.2282418009856524e-11,-3.2412500687527683,1.8158347822175387,1.0,0.76,25,19
7828,13,HOXD8,7828,-1.0,1.7870615122187925,0.2827938197047797,6.598094536621529e-11,-5.3976057398279425,2.9497479869633247,1.0,0.76,25,19
7832,13,HOXD8,7832,-1.0,1.7870615122187925,0.2701501844110396,4.786554186786165e-10,-5.397769089173124,2.7636986289855754,1.0,0.76,25,19
7848,13,HOXD8,7848,-1.0,1.7870615122187925,0.28038682122951775,9.69746536044167e-11,-3.42814801233857,1.7508136267873475,1.0,0.76,25,19
7829,13,HOXD8,7829,-1.0,1.7870615122187925,0.33149948157454245,1.194978458963494e-14,-5.024139868687094,2.5330767347048613,1.0,0.76,25,19
7835,13,HOXD8,7835,-1.0,1.7870615122187925,0.29761264421395617,5.674295889793089e-12,-2.6530736822587064,1.3997247008253144,1.0,0.76,25,19
7845,13,HOXD8,7845,-1.0,1.7870615122187925,0.262502069598011,1.511444778208564e-09,-7.213483809303514,3.553575149536993,1.0,0.76,25,19
7834,13,HOXD8,7834,-1.0,1.7870615122187925,0.49643269788455696,2.455005575844725e-33,-5.9089738271555055,2.827772217379601,1.0,0.76,25,19
7842,13,HOXD8,7842,-1.0,1.7870615122187925,0.3207089947250588,9.264627252763304e-14,-3.1252177661433262,1.6118281100945724,1.0,0.76,25,19
7831,13,HOXD8,7831,-1.0,1.7870615122187925,0.2624451556966279,1.5242253436627753e-09,-4.508413953172095,2.573319184961348,1.0,0.76,25,19
7839,13,HOXD8,7839,-1.0,1.7870615122187925,0.3738854026245819,1.6904888383420817e-18,-3.3152150826908207,1.72746068857777,1.0,0.76,25,19
7850,13,HOXD8,7850,-1.0,1.7870615122187925,0.3336490418592317,7.868905314035478e-15,-3.268339057837668,1.6725830185571426,1.0,0.76,25,19
7843,13,HOXD8,7843,-1.0,1.7870615122187925,0.2918841363138797,1.4899753309767935e-11,-2.985329955086051,1.529814862428346,1.0,0.76,25,19
5941,13,MGA,5941,-1.0,2.2962622780760373,0.7545238185183786,1.0374132202132835e-95,-4.955153989265856,2.430328337318163,0.625,0.5,10,8
5936,13,MGA,5936,-1.0,2.2962622780760373,0.6493295874266908,7.217044546718939e-63,-3.8796931069599885,1.9888867685009106,0.625,0.5,10,8
5939,13,MGA,5939,-1.0,2.2962622780760373,0.3823877437540056,2.4227443957155665e-19,-4.276892039856285,2.2434248883296553,0.625,0.5,10,8
5934,13,MGA,5934,-1.0,2.2962622780760373,0.39647956353427494,8.520299069725955e-21,-4.845055784286461,2.6734097284654346,0.625,0.5,10,8
5938,13,MGA,5938,-1.0,2.2962622780760373,0.37460007542182877,1.4389517263609863e-18,-6.682099356686042,3.2744768527551784,0.625,0.5,10,8
444,13,GFI1,444,-1.0,2.903740656247511,0.4145278701772502,9.198100056553641e-23,-2.9387220022991043,1.6234760745152268,1.0,0.48,25,12
434,13,GFI1,434,-1.0,2.903740656247511,0.5222556031194681,2.6174619817989496e-37,-5.713066965489346,2.835277072630207,1.0,0.48,25,12
456,13,GFI1,456,-1.0,2.903740656247511,-0.25633564348583165,3.7201514382145137e-09,4.57818076188652,2.339632771289024,1.0,0.48,25,12
437,13,GFI1,437,-1.0,2.903740656247511,0.632947630431272,6.850844893390646e-59,-5.697787256728721,3.0657846650462104,1.0,0.48,25,12
433,13,GFI1,433,-1.0,2.903740656247511,0.5968688674199571,6.322548306670947e-51,-4.581510662526384,2.5144677488655933,1.0,0.48,25,12
441,13,GFI1,441,-1.0,2.903740656247511,0.4838877633053584,1.5878185355679825e-31,-4.484637140118292,2.2298328839319526,1.0,0.48,25,12
440,13,GFI1,440,-1.0,2.903740656247511,0.5358256116535783,1.548476371556963e-39,-5.718069603446601,2.7446766203596322,1.0,0.48,25,12
443,13,GFI1,443,-1.0,2.903740656247511,0.6205531773599312,4.891163052647623e-56,-3.750111246839715,2.017235831985019,1.0,0.48,25,12
447,13,GFI1,447,-1.0,2.903740656247511,0.2938670830552513,1.0693192843442447e-11,-3.0794877933565217,1.5742069762334185,1.0,0.48,25,12
451,13,GFI1,451,-1.0,2.903740656247511,0.1796362829807573,4.2019182725858626e-05,-3.579143131130265,2.214689558624517,1.0,0.48,25,12
435,13,GFI1,435,-1.0,2.903740656247511,0.5821863095904798,5.77979287091991e-48,-3.8791068361397243,2.203982995479155,1.0,0.48,25,12
436,13,GFI1,436,-1.0,2.903740656247511,0.5331197044277297,4.387913284942974e-39,-4.158166237487632,2.124427650547847,1.0,0.48,25,12
3158,13,GMEB1,3158,-1.0,2.772622432300824,0.7121235839905129,1.0850922275486186e-80,-5.410470594416281,2.628437712954831,0.8333333333333334,0.7142857142857143,7,6
3157,13,GMEB1,3157,-1.0,2.772622432300824,0.38026064493837575,3.9601835050811403e-19,-3.9051963041981774,2.0143107357134027,0.8333333333333334,0.7142857142857143,7,6
3156,13,GMEB1,3156,-1.0,2.772622432300824,0.3354006072186246,5.584791094593723e-15,-2.967456534940912,1.529304125519552,0.8333333333333334,0.7142857142857143,7,6
3154,13,GMEB1,3154,-1.0,2.772622432300824,0.35002820034105514,2.9234671517869633e-16,-4.6464022548111705,2.4344107737878264,0.8333333333333334,0.7142857142857143,7,6
3155,13,GMEB1,3155,-1.0,2.772622432300824,0.7283389678785634,4.2463860707466024e-86,-4.159185796134039,2.10448016761035,0.8333333333333334,0.7142857142857143,7,6
5920,13,PPARA,5920,1.0,4.061175459671328,-0.13709033012183036,0.001838165879473476,-2.8711348512235784,1.547870304261157,0.8888888888888888,0.64,25,18
5913,13,PPARA,5913,1.0,4.061175459671328,-0.12512357670017793,0.0044970346535092185,-3.924817007579253,2.0993362577015495,0.8888888888888888,0.64,25,18
5930,13,PPARA,5930,1.0,4.061175459671328,-0.2966911378909415,6.637272092143084e-12,-5.7164121429539945,2.7658058607475273,0.8888888888888888,0.64,25,18
5914,13,PPARA,5914,1.0,4.061175459671328,-0.48130892882666926,3.6630260062288543e-31,-5.768678772979959,2.7533507957662184,0.8888888888888888,0.64,25,18
5919,13,PPARA,5919,1.0,4.061175459671328,-0.514540484665885,4.369556534949425e-36,-3.81392550345582,1.9726974208051686,0.8888888888888888,0.64,25,18
5917,13,PPARA,5917,1.0,4.061175459671328,-0.39491633898820316,1.245109594001373e-20,-4.052376422098385,2.1179954835885777,0.8888888888888888,0.64,25,18
5910,13,PPARA,5910,1.0,4.061175459671328,-0.2917532393940539,1.5228254393792568e-11,-5.745052515227038,2.830906905743285,0.8888888888888888,0.64,25,18
5933,13,PPARA,5933,1.0,4.061175459671328,-0.3053414516735848,1.4903779467197973e-12,-4.3957209859008675,2.455899409105483,0.8888888888888888,0.64,25,18
5921,13,PPARA,5921,1.0,4.061175459671328,0.39697848754711385,7.545481248879375e-21,3.0655859242651973,1.584208724119398,0.8888888888888888,0.64,25,18
5916,13,PPARA,5916,1.0,4.061175459671328,-0.21519588577679954,8.446188434882451e-07,-2.9438400079210942,1.5151668762358346,0.8888888888888888,0.64,25,18
5918,13,PPARA,5918,1.0,4.061175459671328,0.738035024978234,1.5979440620349094e-89,7.63526882910618,3.631565659769223,0.8888888888888888,0.64,25,18
5912,13,PPARA,5912,1.0,4.061175459671328,-0.23883990004729883,4.224150158291533e-08,-4.9223098930640985,2.56507251914885,0.8888888888888888,0.64,25,18
5924,13,PPARA,5924,1.0,4.061175459671328,-0.45463991157928324,1.3886301060317592e-27,-3.656286551647282,1.8493564582449258,0.8888888888888888,0.64,25,18
5932,13,PPARA,5932,1.0,4.061175459671328,-0.21955161789101219,4.984114545304662e-07,-4.098681764406296,2.0858973983508666,0.8888888888888888,0.64,25,18
5911,13,PPARA,5911,1.0,4.061175459671328,-0.5317216391058869,7.488223489395938e-39,-4.8976240092476635,2.592675425735365,0.8888888888888888,0.64,25,18
5925,13,PPARA,5925,1.0,4.061175459671328,-0.2888046744743945,2.4814615237319996e-11,-3.6976304234165913,1.8943967587816681,0.8888888888888888,0.64,25,18
5199,13,ETS1,5199,-1.0,1.801006981506584,0.5394333112193174,3.805323562750527e-40,-4.773011792349073,2.358095229141997,0.7058823529411765,0.48,25,17
5192,13,ETS1,5192,-1.0,1.801006981506584,0.6717874421108745,9.748110543150603e-69,-3.2153254532766358,1.6613513520026224,0.7058823529411765,0.48,25,17
5203,13,ETS1,5203,-1.0,1.801006981506584,0.5528895021607007,1.7407804309534183e-42,-3.142156726532611,1.6061769667550547,0.7058823529411765,0.48,25,17
5206,13,ETS1,5206,-1.0,1.801006981506584,0.3956619856088789,1.0392765763054854e-20,-2.636276111272375,1.3546967542108792,0.7058823529411765,0.48,25,17
5200,13,ETS1,5200,-1.0,1.801006981506584,0.41782760832167437,3.8993976569406965e-23,-2.5728930710225195,1.352218059409606,0.7058823529411765,0.48,25,17
5194,13,ETS1,5194,-1.0,1.801006981506584,0.28213927588416854,7.32919549727121e-11,-3.1310101487630004,1.7331059250367518,0.7058823529411765,0.48,25,17
5190,13,ETS1,5190,-1.0,1.801006981506584,0.32770952477841253,2.476345343916175e-14,-6.03022334636642,3.05747838434112,0.7058823529411765,0.48,25,17
5207,13,ETS1,5207,-1.0,1.801006981506584,-0.5316090586609069,7.816699787080507e-39,6.052942582888253,2.8864368588603226,0.7058823529411765,0.48,25,17
5197,13,ETS1,5197,-1.0,1.801006981506584,-0.3580466850957498,5.4278853150705946e-17,8.6183114232097,4.112604399574346,0.7058823529411765,0.48,25,17
5185,13,ETS1,5185,-1.0,1.801006981506584,0.3238313316945544,5.165222260276571e-14,-5.695630311670788,2.799714442759654,0.7058823529411765,0.48,25,17
5187,13,ETS1,5187,-1.0,1.801006981506584,0.3907922186057743,3.3548171579561025e-20,-4.573711591718332,2.310431386212434,0.7058823529411765,0.48,25,17
5204,13,ETS1,5204,-1.0,1.801006981506584,0.25297289917400506,6.0201987291497786e-09,-6.9070739468360305,3.1860894684084413,0.7058823529411765,0.48,25,17
7370,13,HOXA5,7370,-1.0,2.6780960002648584,0.47202853858214094,6.999311331706809e-30,-2.5053751423792145,1.314073225556428,0.9166666666666666,0.5,22,12
7366,13,HOXA5,7366,-1.0,2.6780960002648584,0.5246077513449559,1.0936467718381766e-37,-3.3792132480578716,1.8757987670951388,0.9166666666666666,0.5,22,12
7364,13,HOXA5,7364,-1.0,2.6780960002648584,0.43503410254616576,3.7970203974725473e-25,-4.410959966367903,2.351272140697311,0.9166666666666666,0.5,22,12
7382,13,HOXA5,7382,-1.0,2.6780960002648584,0.15552464603867772,0.00040170732360951934,-5.0784190193192105,2.5144505980156833,0.9166666666666666,0.5,22,12
7375,13,HOXA5,7375,-1.0,2.6780960002648584,0.4821224852877041,2.8160704286560617e-31,-5.4470071541612,2.8422973603260964,0.9166666666666666,0.5,22,12
7380,13,HOXA5,7380,-1.0,2.6780960002648584,0.138589381410551,0.0016349382058866854,-3.4171822649533565,1.7666694800708855,0.9166666666666666,0.5,22,12
7368,13,HOXA5,7368,-1.0,2.6780960002648584,0.5378478244342727,7.065829472513603e-40,-4.1699768176082115,2.1787096456965758,0.9166666666666666,0.5,22,12
7383,13,HOXA5,7383,-1.0,2.6780960002648584,-0.20717170625643866,2.169483686422084e-06,4.183148352274656,2.1771534104789647,0.9166666666666666,0.5,22,12
7365,13,HOXA5,7365,-1.0,2.6780960002648584,0.4194989406781285,2.5156057696797282e-23,-5.276925708669629,2.652264478484621,0.9166666666666666,0.5,22,12
7367,13,HOXA5,7367,-1.0,2.6780960002648584,0.4226394006166773,1.0966459771934962e-23,-5.558768365368826,2.806295582308737,0.9166666666666666,0.5,22,12
7374,13,HOXA5,7374,-1.0,2.6780960002648584,0.2573168015534573,3.228492056850451e-09,-2.5824455647888365,1.5562271226332076,0.9166666666666666,0.5,22,12
9724,13,ELK1,9724,-1.0,1.4943110377005466,0.2815317479726794,8.078097783464453e-11,-4.9426405547459344,2.3988925525150044,0.7857142857142857,0.44,25,14
9701,13,ELK1,9701,-1.0,1.4943110377005466,0.16790538294030696,0.0001309867502836987,-5.618557346459137,2.7700554191055695,0.7857142857142857,0.44,25,14
9720,13,ELK1,9720,-1.0,1.4943110377005466,0.18817207222910384,1.7533320701788496e-05,-4.959997594778716,2.451520328617464,0.7857142857142857,0.44,25,14
9717,13,ELK1,9717,-1.0,1.4943110377005466,0.25850286123554383,2.717943297511659e-09,-2.5924394533704778,1.3352341353478812,0.7857142857142857,0.44,25,14
9713,13,ELK1,9713,-1.0,1.4943110377005466,0.5240269335901299,1.3575021690809268e-37,-4.351347641530165,2.16148219579226,0.7857142857142857,0.44,25,14
9715,13,ELK1,9715,-1.0,1.4943110377005466,-0.14670482383789302,0.0008499399894274464,4.529463895620348,2.257485173632093,0.7857142857142857,0.44,25,14
9716,13,ELK1,9716,-1.0,1.4943110377005466,0.44561120732144044,1.925190976915107e-26,-9.305244556840075,3.9634528538715728,0.7857142857142857,0.44,25,14
9706,13,ELK1,9706,-1.0,1.4943110377005466,0.3483108625327817,4.166961977827496e-16,-2.9512311501859156,1.5221530420869436,0.7857142857142857,0.44,25,14
9702,13,ELK1,9702,-1.0,1.4943110377005466,0.24491977428239353,1.8540913163362377e-08,-3.83898833275069,1.9659127726459404,0.7857142857142857,0.44,25,14
9714,13,ELK1,9714,-1.0,1.4943110377005466,0.20142643135232843,4.168599527330218e-06,-3.57368758023832,1.8410216779059483,0.7857142857142857,0.44,25,14
9711,13,ELK1,9711,-1.0,1.4943110377005466,-0.5817193746836714,7.138743261326353e-48,5.616979278022988,3.0273438967109656,0.7857142857142857,0.44,25,14
10281,13,RXRA,10281,1.0,1.308651667718192,0.30923051398407747,7.491481593666257e-13,3.7620042580604873,1.9655928839319947,0.9285714285714286,0.5909090909090909,22,14
10283,13,RXRA,10283,1.0,1.308651667718192,-0.2022721102051213,3.7909278814503084e-06,-3.094696913616,1.5873883968172555,0.9285714285714286,0.5909090909090909,22,14
10278,13,RXRA,10278,1.0,1.308651667718192,-0.2173608059664101,6.507226024577539e-07,-5.477670908706383,2.7541111935125544,0.9285714285714286,0.5909090909090909,22,14
10284,13,RXRA,10284,1.0,1.308651667718192,0.45416254928432115,1.598887204851269e-27,5.109825181486362,2.5062816714553953,0.9285714285714286,0.5909090909090909,22,14
10294,13,RXRA,10294,1.0,1.308651667718192,0.3280086494301057,2.338810465137835e-14,4.073824325779935,2.108716997121857,0.9285714285714286,0.5909090909090909,22,14
10290,13,RXRA,10290,1.0,1.308651667718192,0.24730676249259648,1.3338413898140493e-08,3.397470640425135,1.7396262883658038,0.9285714285714286,0.5909090909090909,22,14
10285,13,RXRA,10285,1.0,1.308651667718192,0.22659310939633598,2.0759855963234018e-07,3.1041219925900423,1.6268114078443843,0.9285714285714286,0.5909090909090909,22,14
10280,13,RXRA,10280,1.0,1.308651667718192,-0.1927073675020286,1.0842762505878308e-05,-3.4223334916410297,1.7817183150044407,0.9285714285714286,0.5909090909090909,22,14
10288,13,RXRA,10288,1.0,1.308651667718192,-0.18647090570923805,2.0935873720127486e-05,-2.8824112490984937,1.477868163491729,0.9285714285714286,0.5909090909090909,22,14
10293,13,RXRA,10293,1.0,1.308651667718192,-0.1022536634485361,0.02041199643705242,-5.983087698131944,2.854683223517028,0.9285714285714286,0.5909090909090909,22,14
10299,13,RXRA,10299,1.0,1.308651667718192,-0.2160993571029181,7.577647216071793e-07,-2.742020487285362,1.4107321449879162,0.9285714285714286,0.5909090909090909,22,14
10287,13,RXRA,10287,1.0,1.308651667718192,-0.2093468279642226,1.6860376186751006e-06,-2.639610075943717,1.377526868771996,0.9285714285714286,0.5909090909090909,22,14
10298,13,RXRA,10298,1.0,1.308651667718192,-0.22994816571859175,1.3539181848024317e-07,-6.205319458551036,2.9449865405564233,0.9285714285714286,0.5909090909090909,22,14
529,13,NFIA,529,-1.0,1.6273615324798636,0.3109327409162979,5.526106894597776e-13,-5.04408848039895,2.57776065276421,0.6428571428571429,0.36,25,14
509,13,NFIA,509,-1.0,1.6273615324798636,0.43640311664027787,2.5964775607063025e-25,-5.595722731672017,2.8682242984077995,0.6428571428571429,0.36,25,14
511,13,NFIA,511,-1.0,1.6273615324798636,0.6316863583031723,1.3554293288530981e-58,-6.063337638586268,2.9110323753438094,0.6428571428571429,0.36,25,14
518,13,NFIA,518,-1.0,1.6273615324798636,0.48858229716686535,3.4036468008628187e-32,-4.723527923560645,2.7875348617174622,0.6428571428571429,0.36,25,14
506,13,NFIA,506,-1.0,1.6273615324798636,0.49994346676634543,7.408588507643776e-34,-5.572336274848861,3.029653799535306,0.6428571428571429,0.36,25,14
513,13,NFIA,513,-1.0,1.6273615324798636,0.49046983115805215,1.8200560008987642e-32,-6.358676825734302,3.487139664112318,0.6428571428571429,0.36,25,14
526,13,NFIA,526,-1.0,1.6273615324798636,0.5500246214493584,5.594808521752074e-42,-4.9511409280321,2.433910565214632,0.6428571428571429,0.36,25,14
508,13,NFIA,508,-1.0,1.6273615324798636,0.4158396002598894,6.546881729278616e-23,-4.777373926748117,2.7729191274300597,0.6428571428571429,0.36,25,14
507,13,NFIA,507,-1.0,1.6273615324798636,0.3209522237841213,8.854567812493573e-14,-5.7819232221457515,2.8827936198173836,0.6428571428571429,0.36,25,14
9311,13,NFE2,9311,-1.0,2.2109794402213225,0.3208246208307845,9.067424192212929e-14,-3.9093144884880973,2.01181180368305,0.8333333333333334,0.6,25,18
9303,13,NFE2,9303,-1.0,2.2109794402213225,0.45174533932201216,3.253822070104373e-27,-7.141614180312,3.6403760463264576,0.8333333333333334,0.6,25,18
9299,13,NFE2,9299,-1.0,2.2109794402213225,0.48003192724864313,5.526782273387324e-31,-5.077709867842265,3.073320491922907,0.8333333333333334,0.6,25,18
9314,13,NFE2,9314,-1.0,2.2109794402213225,0.3748356636999422,1.3644077874125149e-18,-2.8670835870190228,1.5677049623302235,0.8333333333333334,0.6,25,18
9297,13,NFE2,9297,-1.0,2.2109794402213225,0.33638979521007323,4.597179656013478e-15,-5.559067516651257,3.025610116422244,0.8333333333333334,0.6,25,18
9315,13,NFE2,9315,-1.0,2.2109794402213225,0.28657710158816635,3.575070613199635e-11,-12.19080612736302,5.577688923731855,0.8333333333333334,0.6,25,18
9298,13,NFE2,9298,-1.0,2.2109794402213225,0.2922760226848713,1.395709593368805e-11,-6.902437305682582,3.361601751528674,0.8333333333333334,0.6,25,18
9309,13,NFE2,9309,-1.0,2.2109794402213225,0.40947005671659664,3.365145707406215e-22,-5.988588137475973,3.2106797623180405,0.8333333333333334,0.6,25,18
9308,13,NFE2,9308,-1.0,2.2109794402213225,0.45202228368195496,3.000299866227328e-27,-3.40771417466098,1.8196174488061854,0.8333333333333334,0.6,25,18
9302,13,NFE2,9302,-1.0,2.2109794402213225,0.28852198621419756,2.5996152489473845e-11,-6.570523409630185,3.4590836217855023,0.8333333333333334,0.6,25,18
9319,13,NFE2,9319,-1.0,2.2109794402213225,0.31535156756560917,2.4853026223646997e-13,-3.8984294285089027,2.0086995802089436,0.8333333333333334,0.6,25,18
9301,13,NFE2,9301,-1.0,2.2109794402213225,0.3693468809848403,4.6590243669267596e-18,-5.103992352424804,3.0281756667304585,0.8333333333333334,0.6,25,18
9313,13,NFE2,9313,-1.0,2.2109794402213225,0.24627180003450758,1.5392220174998162e-08,-2.7083120774963096,1.4247246939628877,0.8333333333333334,0.6,25,18
9304,13,NFE2,9304,-1.0,2.2109794402213225,0.237059997910104,5.353298947598716e-08,-3.0091753451732632,1.5887224878942834,0.8333333333333334,0.6,25,18
9310,13,NFE2,9310,-1.0,2.2109794402213225,0.2443971677269686,1.9918059985117796e-08,-3.6152836587444552,1.8470389329124228,0.8333333333333334,0.6,25,18
4869,13,SP4,4869,-1.0,1.9111446062075659,0.22892972801969544,1.5425643382253735e-07,-5.274285898831843,2.901185229509272,0.75,0.48,25,16
4881,13,SP4,4881,-1.0,1.9111446062075659,0.5331246530187178,4.3796004887526294e-39,-2.782322408086427,1.4315416650415835,0.75,0.48,25,16
4876,13,SP4,4876,-1.0,1.9111446062075659,0.7026421720249524,1.0631722640022526e-77,-2.9928814564499446,1.5424078150506726,0.75,0.48,25,16
4877,13,SP4,4877,-1.0,1.9111446062075659,0.3255639571142734,3.7240316055851574e-14,-3.034083056278382,1.5579603131953712,0.75,0.48,25,16
4870,13,SP4,4870,-1.0,1.9111446062075659,0.5825937730377346,4.805762311615329e-48,-3.601952773179738,2.08502448939647,0.75,0.48,25,16
4861,13,SP4,4861,-1.0,1.9111446062075659,0.38394690338605136,1.6861015094311782e-19,-5.2741587580150275,2.6161787782929795,0.75,0.48,25,16
4865,13,SP4,4865,-1.0,1.9111446062075659,0.4433471385766749,3.677079451361999e-26,-4.846977882320638,2.375262798444628,0.75,0.48,25,16
4872,13,SP4,4872,-1.0,1.9111446062075659,0.6144104736928265,1.1399506098244248e-54,-3.9506427700831157,1.9934773045943337,0.75,0.48,25,16
4871,13,SP4,4871,-1.0,1.9111446062075659,0.3654199973003669,1.1057493335860517e-17,-3.1775638266020767,1.6220092727513342,0.75,0.48,25,16
4864,13,SP4,4864,-1.0,1.9111446062075659,0.32677918967264413,2.956784823720701e-14,-3.5150722861122805,1.8075256045053703,0.75,0.48,25,16
4863,13,SP4,4863,-1.0,1.9111446062075659,0.3647743829118084,1.2731426135996347e-17,-5.34862646810108,2.589872901525843,0.75,0.48,25,16
4862,13,SP4,4862,-1.0,1.9111446062075659,0.632939854074005,6.879793163192335e-59,-4.684163308073742,2.3658992006091077,0.75,0.48,25,16
9083,13,MLX,9083,-1.0,3.467059287762033,0.5754429706921909,1.1806288952586686e-46,-5.278232791823544,2.678553063778141,1.0,0.875,8,7
9084,13,MLX,9084,-1.0,3.467059287762033,0.4208348493916216,1.7689752420568195e-23,-4.4885839338317135,2.28820669159661,1.0,0.875,8,7
9081,13,MLX,9081,-1.0,3.467059287762033,0.6390337787727981,2.4338685571820876e-60,-5.706148540404854,2.776589090425121,1.0,0.875,8,7
9082,13,MLX,9082,-1.0,3.467059287762033,0.452709342520039,2.4526004602517434e-27,-3.9960814798762865,2.146521707443075,1.0,0.875,8,7
9080,13,MLX,9080,-1.0,3.467059287762033,0.48878271510188476,3.185361491218023e-32,-4.225089985853796,2.2750650593883943,1.0,0.875,8,7
9087,13,MLX,9087,-1.0,3.467059287762033,0.21618330641432387,7.501449085861189e-07,-2.837176101415617,1.4951714939822913,1.0,0.875,8,7
9085,13,MLX,9085,-1.0,3.467059287762033,0.3981265606563599,5.700620782456051e-21,-4.610082097270808,2.2752531258665583,1.0,0.875,8,7
6454,13,GABPB1,6454,-1.0,1.670459792413264,0.5877533860844296,4.539295353298472e-49,-3.4090343026722527,1.7740935210557878,0.9166666666666666,0.44,25,12
6461,13,GABPB1,6461,-1.0,1.670459792413264,0.3598213735388678,3.714972650941547e-17,-9.757107457206843,4.3762546082815295,0.9166666666666666,0.44,25,12
6462,13,GABPB1,6462,-1.0,1.670459792413264,0.40701405333564866,6.267485669431055e-22,-4.400752587761285,2.221903217794974,0.9166666666666666,0.44,25,12
6456,13,GABPB1,6456,-1.0,1.670459792413264,0.2507471820093975,8.24767213096246e-09,-3.6881018259833955,1.8907394982566517,0.9166666666666666,0.44,25,12
6466,13,GABPB1,6466,-1.0,1.670459792413264,0.43268053906945725,7.268662874202519e-25,-3.6816855796923,1.933091740945087,0.9166666666666666,0.44,25,12
6467,13,GABPB1,6467,-1.0,1.670459792413264,0.23909121777533884,4.0845748531255133e-08,-4.629437238282669,2.3491230298831605,0.9166666666666666,0.44,25,12
6460,13,GABPB1,6460,-1.0,1.670459792413264,0.40210531617851253,2.1391502915563112e-21,-3.712026067726104,1.8829549221835324,0.9166666666666666,0.44,25,12
6452,13,GABPB1,6452,-1.0,1.670459792413264,0.304502753868793,1.7263935751983712e-12,-6.022657566084509,2.9395018976805467,0.9166666666666666,0.44,25,12
6455,13,GABPB1,6455,-1.0,1.670459792413264,0.3054705568777572,1.4569695012191058e-12,-5.482506634991235,2.649140572268454,0.9166666666666666,0.44,25,12
6451,13,GABPB1,6451,-1.0,1.670459792413264,0.25371615986688295,5.415801596111708e-09,-5.18321056363159,2.838079552418763,0.9166666666666666,0.44,25,12
6470,13,GABPB1,6470,-1.0,1.670459792413264,0.39433876772573145,1.4317191490663963e-20,-4.033421603531295,2.066760294042707,0.9166666666666666,0.44,25,12
4890,13,BHLHE40,4890,1.0,1.416625122484061,-0.5158349830477621,2.738338513353195e-36,-2.64875410212956,1.3664538836932825,0.3333333333333333,0.1875,16,9
4894,13,BHLHE40,4894,1.0,1.416625122484061,-0.26387977044723554,1.231983706919975e-09,-2.6695850984895553,1.3965941495914076,0.3333333333333333,0.1875,16,9
4885,13,BHLHE40,4885,1.0,1.416625122484061,-0.2518957853248209,7.013560565062258e-09,-4.188880618244375,2.284236864880446,0.3333333333333333,0.1875,16,9
9834,13,NFYC,9834,-1.0,2.5726790117275145,0.4071004769425484,6.132353881311411e-22,-4.678125144628715,2.366257444243562,0.8571428571428571,0.5714285714285714,21,14
9838,13,NFYC,9838,-1.0,2.5726790117275145,0.5216728181629195,3.2458437813374766e-37,-4.081868075040828,2.0781654949851944,0.8571428571428571,0.5714285714285714,21,14
9839,13,NFYC,9839,-1.0,2.5726790117275145,0.37772272470303486,7.084318001949352e-19,-3.625341504727857,1.9930110527575247,0.8571428571428571,0.5714285714285714,21,14
9848,13,NFYC,9848,-1.0,2.5726790117275145,0.5944612011688396,1.9811013861900448e-50,-5.439435152127882,2.631589442787411,0.8571428571428571,0.5714285714285714,21,14
9835,13,NFYC,9835,-1.0,2.5726790117275145,0.26204260604289237,1.6176679911192624e-09,-4.3850921005067605,2.3763253727638682,0.8571428571428571,0.5714285714285714,21,14
9842,13,NFYC,9842,-1.0,2.5726790117275145,0.7028505430526312,9.165284266749778e-78,-5.064980140624633,2.475975140142004,0.8571428571428571,0.5714285714285714,21,14
9836,13,NFYC,9836,-1.0,2.5726790117275145,0.8097544239630218,1.2400973983668952e-120,-4.739359619333699,2.3488041677567923,0.8571428571428571,0.5714285714285714,21,14
9845,13,NFYC,9845,-1.0,2.5726790117275145,0.275691085091243,2.0337459973474813e-10,-4.454401787964997,2.2864191935672626,0.8571428571428571,0.5714285714285714,21,14
9837,13,NFYC,9837,-1.0,2.5726790117275145,0.250658019003915,8.351822595327408e-09,-3.445778543653666,1.9386343632039007,0.8571428571428571,0.5714285714285714,21,14
9846,13,NFYC,9846,-1.0,2.5726790117275145,0.4127507958063343,1.45448954838951e-22,-13.465894670242278,9.1721092222725,0.8571428571428571,0.5714285714285714,21,14
9847,13,NFYC,9847,-1.0,2.5726790117275145,0.5369385144197303,1.0061589870315793e-39,-3.5187367197676074,1.8493292619439414,0.8571428571428571,0.5714285714285714,21,14
9850,13,NFYC,9850,-1.0,2.5726790117275145,0.25385136244209433,5.312376759378661e-09,-3.1510760349232356,1.6508572921614195,0.8571428571428571,0.5714285714285714,21,14
7603,13,GATA3,7603,-1.0,2.4564277687589096,0.37986662025688117,4.3358616350514404e-19,-3.8840474216251986,2.010335626649664,1.0,0.52,25,13
7609,13,GATA3,7609,-1.0,2.4564277687589096,0.33733111854909986,3.817532655735228e-15,-3.2354216689171458,1.8197674733456137,1.0,0.52,25,13
7602,13,GATA3,7602,-1.0,2.4564277687589096,0.5835367183893629,3.1321775752663757e-48,-8.165175253615198,4.125527188378873,1.0,0.52,25,13
7613,13,GATA3,7613,-1.0,2.4564277687589096,0.5386266526443693,5.215724519454308e-40,-3.6995263268182765,1.9563997994568598,1.0,0.52,25,13
7599,13,GATA3,7599,-1.0,2.4564277687589096,0.364905214321699,1.2373203727374709e-17,-5.131243937677978,2.562506470253763,1.0,0.52,25,13
7611,13,GATA3,7611,-1.0,2.4564277687589096,0.43362582748676165,5.603409731091542e-25,-5.818564333703085,2.819384108290468,1.0,0.52,25,13
7617,13,GATA3,7617,-1.0,2.4564277687589096,0.32294565772621464,6.100466980571788e-14,-2.637467791356526,1.3523692009137778,1.0,0.52,25,13
7605,13,GATA3,7605,-1.0,2.4564277687589096,0.3961994250716547,9.12103193741207e-21,-5.398319340894531,2.6200717395374467,1.0,0.52,25,13
7620,13,GATA3,7620,-1.0,2.4564277687589096,0.2388581573604885,4.2138571210210016e-08,-4.303166950267052,2.354760249759704,1.0,0.52,25,13
7601,13,GATA3,7601,-1.0,2.4564277687589096,0.4701871855283703,1.2434770955657494e-29,-3.0917892115129813,1.6459512157436103,1.0,0.52,25,13
7600,13,GATA3,7600,-1.0,2.4564277687589096,0.5834533422154539,3.253192219710464e-48,-4.105611456952151,2.3438681099139025,1.0,0.52,25,13
7598,13,GATA3,7598,-1.0,2.4564277687589096,0.5058591535304373,9.53296029131637e-35,-5.354982105035626,2.927211932143483,1.0,0.52,25,13
7607,13,GATA3,7607,-1.0,2.4564277687589096,0.5551513507942181,6.869882721793434e-43,-4.558849984713288,2.5087183524902263,1.0,0.52,25,13
10828,13,HOXD12,10828,-1.0,1.5909768606781676,0.31975836443558664,1.1053459437880148e-13,-3.384847345179977,1.7398178249225593,1.0,0.8333333333333334,24,20
10823,13,HOXD12,10823,-1.0,1.5909768606781676,0.28658710718225705,3.5692376424476814e-11,-4.251366461376343,2.1246120249125724,1.0,0.8333333333333334,24,20
10825,13,HOXD12,10825,-1.0,1.5909768606781676,0.3830928071784115,2.0569513071982862e-19,-2.918323312863827,1.4906278777053272,1.0,0.8333333333333334,24,20
10826,13,HOXD12,10826,-1.0,1.5909768606781676,0.4044275978849867,1.199822456829207e-21,-2.9799075162004156,1.5377534340899652,1.0,0.8333333333333334,24,20
10824,13,HOXD12,10824,-1.0,1.5909768606781676,0.3740667496353059,1.6228372546633134e-18,-4.340430188111304,2.2867054527927153,1.0,0.8333333333333334,24,20
10831,13,HOXD12,10831,-1.0,1.5909768606781676,0.3572634644001801,6.411781191641141e-17,-4.886302665382045,2.3880286102559127,1.0,0.8333333333333334,24,20
10835,13,HOXD12,10835,-1.0,1.5909768606781676,0.3616132371694194,2.5271890493304177e-17,-3.63903339459329,1.8730095945950715,1.0,0.8333333333333334,24,20
10818,13,HOXD12,10818,-1.0,1.5909768606781676,0.35463077849231234,1.118667547768387e-16,-6.1877124734002935,2.952642155254441,1.0,0.8333333333333334,24,20
10821,13,HOXD12,10821,-1.0,1.5909768606781676,0.383064739933407,2.0704131345078262e-19,-4.289402001214998,2.221593803550959,1.0,0.8333333333333334,24,20
10827,13,HOXD12,10827,-1.0,1.5909768606781676,0.3435101892447832,1.1094402868210541e-15,-4.678156773286209,2.3355492749497837,1.0,0.8333333333333334,24,20
10836,13,HOXD12,10836,-1.0,1.5909768606781676,0.23400003518582133,8.00922908764327e-08,-4.222816549924636,2.1393180734945503,1.0,0.8333333333333334,24,20
10813,13,HOXD12,10813,-1.0,1.5909768606781676,0.4238397281248877,7.96608614808389e-24,-5.030202245938546,2.5293572676817955,1.0,0.8333333333333334,24,20
10822,13,HOXD12,10822,-1.0,1.5909768606781676,0.28966030795863057,2.1548875915079506e-11,-4.5743367941194215,2.268478481396934,1.0,0.8333333333333334,24,20
10830,13,HOXD12,10830,-1.0,1.5909768606781676,0.3841881883077737,1.5938458213544897e-19,-5.002203144820188,2.499178833692522,1.0,0.8333333333333334,24,20
10815,13,HOXD12,10815,-1.0,1.5909768606781676,0.3462340124231093,6.378286593093261e-16,-6.16400173665333,3.221300526909786,1.0,0.8333333333333334,24,20
10819,13,HOXD12,10819,-1.0,1.5909768606781676,0.3128021307518814,3.9473822923094323e-13,-3.5869840431318676,2.016255235622357,1.0,0.8333333333333334,24,20
10829,13,HOXD12,10829,-1.0,1.5909768606781676,0.20810242073055213,1.948270100245506e-06,-5.8993781958823375,2.84989499133637,1.0,0.8333333333333334,24,20
10816,13,HOXD12,10816,-1.0,1.5909768606781676,0.4023292733096166,2.0235281113575615e-21,-3.2412229558185333,1.6876003447827386,1.0,0.8333333333333334,24,20
10814,13,HOXD12,10814,-1.0,1.5909768606781676,0.3073737738531859,1.0416955106387397e-12,-5.07537866020415,3.249452683539848,1.0,0.8333333333333334,24,20
10833,13,HOXD12,10833,-1.0,1.5909768606781676,0.2840453418093651,5.392918899709192e-11,-3.2787543915181394,1.6918367395916452,1.0,0.8333333333333334,24,20
3726,13,SOX2,3726,-1.0,1.6633658323040443,0.5857342725935765,1.1486832529008935e-48,-3.5751520706126305,1.8493668286895704,0.9,0.36,25,10
3710,13,SOX2,3710,-1.0,1.6633658323040443,0.2643093258185445,1.1556260527249673e-09,-5.361322042642747,2.6637178866592017,0.9,0.36,25,10
3711,13,SOX2,3711,-1.0,1.6633658323040443,0.26062934147730027,1.991885857725853e-09,-4.557914111845568,2.314868695879865,0.9,0.36,25,10
3713,13,SOX2,3713,-1.0,1.6633658323040443,0.5005014204002571,6.116266843081173e-34,-4.63276417294072,2.3222031611617218,0.9,0.36,25,10
3712,13,SOX2,3712,-1.0,1.6633658323040443,0.27187360061468574,3.675388485848887e-10,-4.1810277928176065,2.2654390353543032,0.9,0.36,25,10
3725,13,SOX2,3725,-1.0,1.6633658323040443,0.419576405029801,2.464869651403494e-23,-3.6043647290152947,1.828783670008242,0.9,0.36,25,10
3716,13,SOX2,3716,-1.0,1.6633658323040443,0.43408797136709915,4.9326125147796335e-25,-4.961067866859248,2.444839806296784,0.9,0.36,25,10
3721,13,SOX2,3721,-1.0,1.6633658323040443,0.3990024612612589,4.59942870695024e-21,-2.9083737909284983,1.486431820931513,0.9,0.36,25,10
3715,13,SOX2,3715,-1.0,1.6633658323040443,0.358638748660401,4.7841765234887865e-17,-3.2369680198972017,1.684036359543708,0.9,0.36,25,10
5678,13,TTF1,5678,-1.0,1.6166800389119944,0.45279081753595074,2.3945996288139075e-27,-3.1291947558633195,1.633362037255593,0.7692307692307693,0.4166666666666667,24,13
5669,13,TTF1,5669,-1.0,1.6166800389119944,0.2637800916859032,1.250391483954377e-09,-4.4526463565781595,2.2272075322032285,0.7692307692307693,0.4166666666666667,24,13
5680,13,TTF1,5680,-1.0,1.6166800389119944,0.5057797996306672,9.801415157920906e-35,-3.643247654663619,1.8505447085202054,0.7692307692307693,0.4166666666666667,24,13
5682,13,TTF1,5682,-1.0,1.6166800389119944,0.5777819752433482,4.1792803615901927e-47,-3.5270731786773397,1.872137805095585,0.7692307692307693,0.4166666666666667,24,13
5665,13,TTF1,5665,-1.0,1.6166800389119944,0.3057940710136063,1.376438908662489e-12,-4.426820337980516,2.256103190325106,0.7692307692307693,0.4166666666666667,24,13
5668,13,TTF1,5668,-1.0,1.6166800389119944,0.2649483126298867,1.0504845151150315e-09,-5.141985046352994,2.5067771503713643,0.7692307692307693,0.4166666666666667,24,13
5662,13,TTF1,5662,-1.0,1.6166800389119944,0.673800546598385,2.7378306383615783e-69,-2.9211251929144155,1.5028440304212882,0.7692307692307693,0.4166666666666667,24,13
5676,13,TTF1,5676,-1.0,1.6166800389119944,0.5829009391497835,4.1808683943662016e-48,-4.816026419185056,2.3904989608286,0.7692307692307693,0.4166666666666667,24,13
5671,13,TTF1,5671,-1.0,1.6166800389119944,0.32063586743166583,9.39151081228452e-14,-3.8140652032649367,1.9521873422398257,0.7692307692307693,0.4166666666666667,24,13
5663,13,TTF1,5663,-1.0,1.6166800389119944,0.31957872468182663,1.1427626394314545e-13,-4.820442470403023,2.4315659807237795,0.7692307692307693,0.4166666666666667,24,13
7447,13,DR1,7447,-1.0,1.900835780710713,0.4261864854421953,4.248357243925346e-24,-5.109615232863718,2.518708720318713,0.7647058823529411,0.6190476190476191,21,17
7449,13,DR1,7449,-1.0,1.900835780710713,0.8376242698342953,1.4682869582116718e-136,-4.934527262564478,2.4133604388962375,0.7647058823529411,0.6190476190476191,21,17
7444,13,DR1,7444,-1.0,1.900835780710713,0.5760914128470283,8.860187232825164e-47,-5.31827072900325,2.8632570198668916,0.7647058823529411,0.6190476190476191,21,17
7451,13,DR1,7451,-1.0,1.900835780710713,0.791335061363633,1.7400616678320956e-111,-4.044137600155619,2.050527523821866,0.7647058823529411,0.6190476190476191,21,17
7461,13,DR1,7461,-1.0,1.900835780710713,-0.5487027290816542,9.551979417757078e-42,2.9617437485925504,1.6247994806174488,0.7647058823529411,0.6190476190476191,21,17
7450,13,DR1,7450,-1.0,1.900835780710713,0.6285560210323954,7.27189023883431e-58,-3.596265896936887,1.8519853073530808,0.7647058823529411,0.6190476190476191,21,17
7458,13,DR1,7458,-1.0,1.900835780710713,0.5862338151802889,9.13494811425914e-49,-5.600027093164497,2.6927023276735964,0.7647058823529411,0.6190476190476191,21,17
7445,13,DR1,7445,-1.0,1.900835780710713,0.5024911958159664,3.0785835433480177e-34,-4.969053048830036,2.9614520911136157,0.7647058823529411,0.6190476190476191,21,17
7453,13,DR1,7453,-1.0,1.900835780710713,0.6318113985933188,1.2669522023305137e-58,-3.8252390434828865,1.9695198166409014,0.7647058823529411,0.6190476190476191,21,17
7446,13,DR1,7446,-1.0,1.900835780710713,0.4131617939614377,1.3085462749963422e-22,-3.453349888479791,1.8160711263134677,0.7647058823529411,0.6190476190476191,21,17
7452,13,DR1,7452,-1.0,1.900835780710713,0.6118564705367742,4.136513151552207e-54,-2.4976940044735323,1.307673773146571,0.7647058823529411,0.6190476190476191,21,17
7460,13,DR1,7460,-1.0,1.900835780710713,0.25091693635382956,8.052853158530237e-09,-5.396156355401656,2.6119151324653473,0.7647058823529411,0.6190476190476191,21,17
7448,13,DR1,7448,-1.0,1.900835780710713,0.4016122244336239,2.417179480604706e-21,-4.605088113466367,2.397066797402095,0.7647058823529411,0.6190476190476191,21,17
9390,13,ISL2,9390,-1.0,1.32400912703516,0.4460335287982025,1.7053718026052525e-26,-3.3684433555479405,1.934157656542655,1.0,0.56,25,14
9409,13,ISL2,9409,-1.0,1.32400912703516,0.33297614385496493,8.971549361347083e-15,-5.481669336814047,2.641071172031513,1.0,0.56,25,14
9405,13,ISL2,9405,-1.0,1.32400912703516,0.319110753629436,1.246160329352708e-13,-6.8785294907992025,3.166385717941649,1.0,0.56,25,14
9402,13,ISL2,9402,-1.0,1.32400912703516,0.4510890516159599,3.942295197380999e-27,-5.952818349434511,3.3115754688980354,1.0,0.56,25,14
9392,13,ISL2,9392,-1.0,1.32400912703516,0.28911496414090154,2.3578034545396412e-11,-4.418556482771388,2.262622997101145,1.0,0.56,25,14
9401,13,ISL2,9401,-1.0,1.32400912703516,0.19073898129088027,1.3376205013876671e-05,-3.0649917505621596,1.5671875136681834,1.0,0.56,25,14
9404,13,ISL2,9404,-1.0,1.32400912703516,0.17121692903713603,9.57370164145986e-05,-4.936170479912415,2.4303283955962707,1.0,0.56,25,14
9387,13,ISL2,9387,-1.0,1.32400912703516,0.3409557571151752,1.85533222010139e-15,-4.8024534145537725,2.5952899075750384,1.0,0.56,25,14
9396,13,ISL2,9396,-1.0,1.32400912703516,0.4087472843187644,4.0431563508837614e-22,-3.9896335659058897,2.1685310101972464,1.0,0.56,25,14
9391,13,ISL2,9391,-1.0,1.32400912703516,0.3262027455464433,3.2991533108834666e-14,-5.163983021856703,2.504293200939637,1.0,0.56,25,14
9389,13,ISL2,9389,-1.0,1.32400912703516,0.3377914498342263,3.4850863797089295e-15,-4.830809278840429,2.426744741431682,1.0,0.56,25,14
9388,13,ISL2,9388,-1.0,1.32400912703516,0.3394659350251261,2.4987306005374925e-15,-3.537370312964328,1.8917098364054992,1.0,0.56,25,14
9393,13,ISL2,9393,-1.0,1.32400912703516,0.42991485066614926,1.5489449756813744e-24,-4.81510547834084,2.630745396880766,1.0,0.56,25,14
9406,13,ISL2,9406,-1.0,1.32400912703516,0.30594845433830775,1.3395602426410367e-12,-4.690451041370621,2.332939168121473,1.0,0.56,25,14
3706,13,CNOT3,3706,-1.0,2.1800052331807604,0.29627333542322937,7.1248415159801046e-12,-4.423617476028183,2.2415237679187614,0.9375,0.6818181818181818,22,16
3693,13,CNOT3,3693,-1.0,2.1800052331807604,0.8000196618124082,1.1149171348626298e-115,-4.977167389906602,2.4321198609457473,0.9375,0.6818181818181818,22,16
3687,13,CNOT3,3687,-1.0,2.1800052331807604,0.46341402850432595,9.994439403454381e-29,-6.1088894753925045,3.3964520703218906,0.9375,0.6818181818181818,22,16
3691,13,CNOT3,3691,-1.0,2.1800052331807604,0.3679419229826925,6.356004247148028e-18,-4.7931066918460825,2.91161987143617,0.9375,0.6818181818181818,22,16
3690,13,CNOT3,3690,-1.0,2.1800052331807604,0.5695512312823412,1.5568297580036037e-45,-7.2386290912637135,3.606700142094277,0.9375,0.6818181818181818,22,16
3689,13,CNOT3,3689,-1.0,2.1800052331807604,0.3899475117976398,4.102896394875817e-20,-5.9938669140723455,2.93869450134896,0.9375,0.6818181818181818,22,16
3688,13,CNOT3,3688,-1.0,2.1800052331807604,0.4239250677283162,7.786709712665838e-24,-6.676813597910612,3.257754520356855,0.9375,0.6818181818181818,22,16
3692,13,CNOT3,3692,-1.0,2.1800052331807604,0.7014523009953958,2.4751677746987463e-77,-5.965389529025641,2.812085314430423,0.9375,0.6818181818181818,22,16
3701,13,CNOT3,3701,-1.0,2.1800052331807604,0.5072756879922219,5.799562019631796e-35,-5.460411844290533,2.61585748750718,0.9375,0.6818181818181818,22,16
3702,13,CNOT3,3702,-1.0,2.1800052331807604,0.5181200833042273,1.194256045266373e-36,-6.742737657646383,3.132712079008295,0.9375,0.6818181818181818,22,16
3705,13,CNOT3,3705,-1.0,2.1800052331807604,0.6046983336724444,1.44060376138599e-52,-8.13117949575605,3.505099594729545,0.9375,0.6818181818181818,22,16
3696,13,CNOT3,3696,-1.0,2.1800052331807604,0.28330519926805037,6.076866218007539e-11,-4.042009568525227,2.1038601097105576,0.9375,0.6818181818181818,22,16
3699,13,CNOT3,3699,-1.0,2.1800052331807604,0.32907674977427576,1.9061598045898845e-14,-3.3907989487001395,1.746656489617309,0.9375,0.6818181818181818,22,16
3698,13,CNOT3,3698,-1.0,2.1800052331807604,0.6797922298726556,5.884668835345484e-71,-6.521280352921213,3.0070657066389512,0.9375,0.6818181818181818,22,16
3700,13,CNOT3,3700,-1.0,2.1800052331807604,0.21476942327485823,8.888638973633514e-07,-2.9053348488012976,1.4969483518906626,0.9375,0.6818181818181818,22,16
9235,13,EOMES,9235,-1.0,2.8409674096562925,-0.40039074777887484,3.268777326137086e-21,3.9436985788992316,2.021674323000809,0.8333333333333334,0.6,25,18
9237,13,EOMES,9237,-1.0,2.8409674096562925,0.270271018407438,4.699006425212981e-10,-3.264238393382114,1.740361728524253,0.8333333333333334,0.6,25,18
9225,13,EOMES,9225,-1.0,2.8409674096562925,0.3333486883128017,8.343593032175474e-15,-4.873637668797773,2.468084160902997,0.8333333333333334,0.6,25,18
9223,13,EOMES,9223,-1.0,2.8409674096562925,0.555571098374437,5.776619754073985e-43,-3.784396115088696,2.1866145459741744,0.8333333333333334,0.6,25,18
9234,13,EOMES,9234,-1.0,2.8409674096562925,0.5491590123222491,7.943712894331103e-42,-7.473038421914619,4.013421456652249,0.8333333333333334,0.6,25,18
9240,13,EOMES,9240,-1.0,2.8409674096562925,0.27014530509754947,4.790122530121448e-10,-2.9358866234997953,1.5459849394996552,0.8333333333333334,0.6,25,18
9230,13,EOMES,9230,-1.0,2.8409674096562925,0.2780257261454741,1.409760839482502e-10,-5.374379184532901,2.622987693183663,0.8333333333333334,0.6,25,18
9233,13,EOMES,9233,-1.0,2.8409674096562925,0.18905412020655576,1.5982877195070152e-05,-2.667441138001255,1.4202580573599333,0.8333333333333334,0.6,25,18
9226,13,EOMES,9226,-1.0,2.8409674096562925,0.5134541337583263,6.457784124704178e-36,-6.5624191382286785,3.5723144838688836,0.8333333333333334,0.6,25,18
9246,13,EOMES,9246,-1.0,2.8409674096562925,0.28056978516000336,9.418947609817365e-11,-3.720788770970089,1.9464797200087898,0.8333333333333334,0.6,25,18
9222,13,EOMES,9222,-1.0,2.8409674096562925,0.4802417735199983,5.1661830103577886e-31,-5.2458021202896745,2.8609766512927473,0.8333333333333334,0.6,25,18
9228,13,EOMES,9228,-1.0,2.8409674096562925,0.5347764195239817,2.3215954827074197e-39,-5.6944230140077705,2.9196017651393706,0.8333333333333334,0.6,25,18
9224,13,EOMES,9224,-1.0,2.8409674096562925,0.42817356607619683,2.485210331915995e-24,-3.8720914706287557,2.041308007738976,0.8333333333333334,0.6,25,18
9243,13,EOMES,9243,-1.0,2.8409674096562925,0.40432286915526,1.231642274541928e-21,-3.74834776583064,2.1082051915097253,0.8333333333333334,0.6,25,18
9231,13,EOMES,9231,-1.0,2.8409674096562925,0.5190023165304648,8.654161558413332e-37,-5.4037990952364865,3.9881984678197737,0.8333333333333334,0.6,25,18
5884,13,SREBF1,5884,1.0,3.115021691869735,-0.15731097984089837,0.00034343878171611756,-6.204123265251187,2.980022465785853,0.9411764705882353,0.64,25,17
5890,13,SREBF1,5890,1.0,3.115021691869735,-0.12795496605465412,0.0036628020598040486,-2.7022139743377562,1.385478101745707,0.9411764705882353,0.64,25,17
5883,13,SREBF1,5883,1.0,3.115021691869735,-0.2811544179098345,8.580255529445292e-11,-3.172914894290057,1.6249913401767362,0.9411764705882353,0.64,25,17
5893,13,SREBF1,5893,1.0,3.115021691869735,-0.2131773024921237,1.0745371242149016e-06,-4.1760850602316015,2.112330510585817,0.9411764705882353,0.64,25,17
5887,13,SREBF1,5887,1.0,3.115021691869735,0.5553242089268605,6.396799161540929e-43,5.634449031597567,2.7168259005236925,0.9411764705882353,0.64,25,17
5878,13,SREBF1,5878,1.0,3.115021691869735,-0.3663756055672533,8.969877914959616e-18,-5.832622343934625,2.858959654437772,0.9411764705882353,0.64,25,17
5889,13,SREBF1,5889,1.0,3.115021691869735,-0.41590357847195025,6.438959682967836e-23,-3.5237156841700537,1.8112565075028368,0.9411764705882353,0.64,25,17
5888,13,SREBF1,5888,1.0,3.115021691869735,-0.23232048489122267,9.96800951260084e-08,-2.549094462324648,1.3140501363357124,0.9411764705882353,0.64,25,17
5891,13,SREBF1,5891,1.0,3.115021691869735,0.7001777737128637,6.0911493283891665e-77,4.203602791398046,2.117017277993877,0.9411764705882353,0.64,25,17
5896,13,SREBF1,5896,1.0,3.115021691869735,0.4429843008160095,4.077037563389238e-26,2.5782418741060664,1.3329064778918194,0.9411764705882353,0.64,25,17
5900,13,SREBF1,5900,1.0,3.115021691869735,-0.3786131176101134,5.780098252624688e-19,-6.560172112450594,3.021255333737648,0.9411764705882353,0.64,25,17
5886,13,SREBF1,5886,1.0,3.115021691869735,-0.14120658577929593,0.0013288424705601583,-3.368521233045657,1.7214364354105884,0.9411764705882353,0.64,25,17
5901,13,SREBF1,5901,1.0,3.115021691869735,0.2932098924984884,1.193932354641012e-11,5.2126617965050155,2.6003420744191303,0.9411764705882353,0.64,25,17
5879,13,SREBF1,5879,1.0,3.115021691869735,-0.2973917169865467,5.891901816274693e-12,-5.366704997525086,2.7331093426934636,0.9411764705882353,0.64,25,17
5898,13,SREBF1,5898,1.0,3.115021691869735,-0.291615385787956,1.558185874411001e-11,-8.930792946282118,3.767027130315945,0.9411764705882353,0.64,25,17
5894,13,SREBF1,5894,1.0,3.115021691869735,-0.3971112158268311,7.305232780500067e-21,-4.907271971943685,2.413797531569439,0.9411764705882353,0.64,25,17
7967,13,MAZ,7967,-1.0,1.8040611277157037,0.6692551774080916,4.747962516810339e-68,-3.048332593700311,1.5763643852147373,0.625,0.4,25,16
7965,13,MAZ,7965,-1.0,1.8040611277157037,0.31441151201325696,2.9491225626368083e-13,-5.596801441062148,2.7647288835293384,0.625,0.4,25,16
7973,13,MAZ,7973,-1.0,1.8040611277157037,0.7937528015321191,1.2401651797453593e-112,-3.04055464269731,1.566465960527146,0.625,0.4,25,16
7979,13,MAZ,7979,-1.0,1.8040611277157037,0.5130098677997172,7.57329658955071e-36,-6.634027174778543,3.0013170819360298,0.625,0.4,25,16
7978,13,MAZ,7978,-1.0,1.8040611277157037,-0.432658005306922,7.313814336483695e-25,9.973465521260543,4.6106865919777364,0.625,0.4,25,16
7985,13,MAZ,7985,-1.0,1.8040611277157037,-0.32761603175581533,2.5209372491770594e-14,3.670454068535182,1.8780887022286403,0.625,0.4,25,16
7972,13,MAZ,7972,-1.0,1.8040611277157037,0.710458648226096,3.710755784558311e-80,-8.031128604039052,3.6659675474932896,0.625,0.4,25,16
7964,13,MAZ,7964,-1.0,1.8040611277157037,0.6448402433557987,9.388903185650985e-62,-5.466663151109132,3.0062514938221754,0.625,0.4,25,16
7980,13,MAZ,7980,-1.0,1.8040611277157037,0.3741908446206496,1.5780870087577391e-18,-5.47211709393361,2.697402630857767,0.625,0.4,25,16
7986,13,MAZ,7986,-1.0,1.8040611277157037,0.3481599305076437,4.298353491500794e-16,-2.9802356423181147,1.5239255273052337,0.625,0.4,25,16
7736,13,ERF,7736,-1.0,2.4110327605793125,0.4453059852987082,2.1012747113195198e-26,-5.525550827190695,2.717708556388273,1.0,0.7391304347826086,23,17
7728,13,ERF,7728,-1.0,2.4110327605793125,0.5704307549627851,1.0628219708414838e-45,-4.810045796806149,2.593033713527406,1.0,0.7391304347826086,23,17
7749,13,ERF,7749,-1.0,2.4110327605793125,0.4538481370211825,1.7542630966666424e-27,-3.2594999663616355,1.6673359623900805,1.0,0.7391304347826086,23,17
7727,13,ERF,7727,-1.0,2.4110327605793125,0.44975750799561964,5.8118421781068515e-27,-5.133858347786603,2.543391136207621,1.0,0.7391304347826086,23,17
7747,13,ERF,7747,-1.0,2.4110327605793125,0.4319318879471102,8.926847450165722e-25,-3.9512922582222885,1.9944020131756004,1.0,0.7391304347826086,23,17
7740,13,ERF,7740,-1.0,2.4110327605793125,0.4845675759923527,1.272284002644909e-31,-5.960176061823716,2.8686560318985257,1.0,0.7391304347826086,23,17
7746,13,ERF,7746,-1.0,2.4110327605793125,0.5238261621843258,1.4626626575395927e-37,-4.069347801567746,2.0923096524306364,1.0,0.7391304347826086,23,17
7745,13,ERF,7745,-1.0,2.4110327605793125,0.5080716158320449,4.382054734239356e-35,-2.6962722497365026,1.3886043838738473,1.0,0.7391304347826086,23,17
7732,13,ERF,7732,-1.0,2.4110327605793125,0.47640664251135695,1.7600044413218872e-30,-4.272504982237507,2.6982965666095127,1.0,0.7391304347826086,23,17
7729,13,ERF,7729,-1.0,2.4110327605793125,0.312202761446323,4.3981282880476236e-13,-4.191231595499837,2.315869302389762,1.0,0.7391304347826086,23,17
7730,13,ERF,7730,-1.0,2.4110327605793125,0.6661627498789916,3.213860832117382e-67,-3.1488786582086297,1.6085931667747106,1.0,0.7391304347826086,23,17
7731,13,ERF,7731,-1.0,2.4110327605793125,0.5963573068265593,8.065511767677583e-51,-5.711329148309398,2.834884197727224,1.0,0.7391304347826086,23,17
7741,13,ERF,7741,-1.0,2.4110327605793125,0.1430845760592912,0.0011427150060871441,-3.57204519577291,1.8207638273569609,1.0,0.7391304347826086,23,17
7742,13,ERF,7742,-1.0,2.4110327605793125,0.6579302385640603,4.678785016213648e-65,-5.434985545583507,2.769561843150868,1.0,0.7391304347826086,23,17
7739,13,ERF,7739,-1.0,2.4110327605793125,0.4785892362402109,8.77767329841982e-31,-2.9810197513596117,1.569836939332459,1.0,0.7391304347826086,23,17
7733,13,ERF,7733,-1.0,2.4110327605793125,0.6857771088343175,1.1579357162343904e-72,-5.353998452636525,2.593728455123223,1.0,0.7391304347826086,23,17
7737,13,ERF,7737,-1.0,2.4110327605793125,0.29325575533282483,1.1847941055041905e-11,-8.645745697530307,3.8912439098883937,1.0,0.7391304347826086,23,17
6728,13,MLXIPL,6728,-1.0,2.2280844867127314,0.35034199403032035,2.7395005840032427e-16,-6.30576804724795,3.2248438010756932,1.0,0.5,4,2
6727,13,MLXIPL,6727,-1.0,2.2280844867127314,0.5252208695337125,8.701550896076423e-38,-4.767877743869229,2.591188687871961,1.0,0.5,4,2
550,13,TP53,550,-1.0,1.5147224649194726,0.6085801498318474,2.124475220396413e-53,-3.4957844389898933,1.787440896361806,0.9285714285714286,0.52,25,14
536,13,TP53,536,-1.0,1.5147224649194726,0.2702859865844582,4.688270618108732e-10,-4.900659757005536,2.412172253324319,0.9285714285714286,0.52,25,14
541,13,TP53,541,-1.0,1.5147224649194726,0.5930428996445631,3.864960445653651e-50,-4.619806408760818,2.3339886478128533,0.9285714285714286,0.52,25,14
533,13,TP53,533,-1.0,1.5147224649194726,0.4175773510059889,4.1630212975008754e-23,-4.721413817341576,2.602563226417103,0.9285714285714286,0.52,25,14
544,13,TP53,544,-1.0,1.5147224649194726,0.3790995817777858,5.170628629354895e-19,-3.263684047568613,1.6821701918796141,0.9285714285714286,0.52,25,14
532,13,TP53,532,-1.0,1.5147224649194726,0.56104778461081,5.883478122003303e-44,-5.059768225916277,2.530091736411764,0.9285714285714286,0.52,25,14
547,13,TP53,547,-1.0,1.5147224649194726,0.4643105187824434,7.6052857693731e-29,-5.012359434376283,2.499926644095968,0.9285714285714286,0.52,25,14
535,13,TP53,535,-1.0,1.5147224649194726,0.29411433586926533,1.0258047106975694e-11,-5.029006931891619,2.594463087087591,0.9285714285714286,0.52,25,14
537,13,TP53,537,-1.0,1.5147224649194726,0.3281245878475419,2.287542203184847e-14,-4.588280945119141,2.3178786258971398,0.9285714285714286,0.52,25,14
542,13,TP53,542,-1.0,1.5147224649194726,-0.36160171751454373,2.5334758685964764e-17,7.959065694794975,3.7278866400371253,0.9285714285714286,0.52,25,14
534,13,TP53,534,-1.0,1.5147224649194726,0.22595642014509537,2.2497279137753396e-07,-5.951324636626367,3.058003977351724,0.9285714285714286,0.52,25,14
548,13,TP53,548,-1.0,1.5147224649194726,0.3467111421281725,5.785632488485886e-16,-3.068693753853053,1.5863464836591707,0.9285714285714286,0.52,25,14
549,13,TP53,549,-1.0,1.5147224649194726,0.4364771687697074,2.543518309404135e-25,-4.578039768069838,2.2885227707346245,0.9285714285714286,0.52,25,14
667,13,BACH1,667,-1.0,2.7113546183875794,0.4389656914628632,1.2688071407421852e-25,-5.251534969696346,2.850630355152083,0.7647058823529411,0.52,25,17
680,13,BACH1,680,-1.0,2.7113546183875794,0.24046480524532976,3.39705692062096e-08,-6.199712038021023,3.040301962977585,0.7647058823529411,0.52,25,17
676,13,BACH1,676,-1.0,2.7113546183875794,0.5154286683805582,3.171630585522224e-36,-5.603159848724751,2.705684902550833,0.7647058823529411,0.52,25,17
685,13,BACH1,685,-1.0,2.7113546183875794,0.5265758997874977,5.241560048261432e-38,-3.2473907135849696,1.6854958320802436,0.7647058823529411,0.52,25,17
684,13,BACH1,684,-1.0,2.7113546183875794,0.30828957475476304,8.856248787896619e-13,-3.028983057694354,1.5569407172458105,0.7647058823529411,0.52,25,17
669,13,BACH1,669,-1.0,2.7113546183875794,0.6898596080318283,7.517953975658039e-74,-6.070702573675405,2.939293200796507,0.7647058823529411,0.52,25,17
671,13,BACH1,671,-1.0,2.7113546183875794,0.3855885100786672,1.1487363857717638e-19,-5.040474911492463,2.670155967719054,0.7647058823529411,0.52,25,17
683,13,BACH1,683,-1.0,2.7113546183875794,0.17065998076677094,0.00010096139069340489,-5.191492493910095,2.5847024841504624,0.7647058823529411,0.52,25,17
690,13,BACH1,690,-1.0,2.7113546183875794,0.3713420468300188,2.989512720874429e-18,-3.0894104066590145,1.576331346113519,0.7647058823529411,0.52,25,17
677,13,BACH1,677,-1.0,2.7113546183875794,0.3397139228386532,2.3781844604383443e-15,-6.4582294835757095,3.292524649320555,0.7647058823529411,0.52,25,17
670,13,BACH1,670,-1.0,2.7113546183875794,0.21431936659802708,9.379672076019001e-07,-3.838713252197976,2.1867414522100947,0.7647058823529411,0.52,25,17
675,13,BACH1,675,-1.0,2.7113546183875794,0.4987438752902051,1.1173801516523256e-33,-5.674108963795893,3.529733240520499,0.7647058823529411,0.52,25,17
672,13,BACH1,672,-1.0,2.7113546183875794,0.7244446035062977,9.162568227322174e-85,-4.959046566929192,2.4757653773098576,0.7647058823529411,0.52,25,17
5613,13,MYB,5613,-1.0,1.5618014931818143,0.15566175393607984,0.00039692778556205816,-4.183024263342823,2.223729132591289,1.0,0.72,25,18
5598,13,MYB,5598,-1.0,1.5618014931818143,0.2955348887969662,8.073560868714044e-12,-4.878937951858466,2.545086420984303,1.0,0.72,25,18
5594,13,MYB,5594,-1.0,1.5618014931818143,0.287106462575519,3.278889895407196e-11,-5.232039605400503,2.549704325489492,1.0,0.72,25,18
5599,13,MYB,5599,-1.0,1.5618014931818143,0.238458787166112,4.4446458709986114e-08,-4.066525223855473,2.0444857491106814,1.0,0.72,25,18
5592,13,MYB,5592,-1.0,1.5618014931818143,0.6880387421825602,2.559834214249784e-73,-5.17080785867371,2.5948095825731996,1.0,0.72,25,18
5603,13,MYB,5603,-1.0,1.5618014931818143,0.4995028210295373,8.617342264978451e-34,-4.319837522329986,2.158490236182048,1.0,0.72,25,18
5604,13,MYB,5604,-1.0,1.5618014931818143,0.3592430773268846,4.204648062559038e-17,-6.654651015237854,3.17963572332049,1.0,0.72,25,18
5606,13,MYB,5606,-1.0,1.5618014931818143,0.25171712869371304,7.193006718133284e-09,-7.974696849184299,3.673760135884545,1.0,0.72,25,18
5593,13,MYB,5593,-1.0,1.5618014931818143,0.23183571377604445,1.0614501337737467e-07,-4.878076246301315,2.6396166510745256,1.0,0.72,25,18
5614,13,MYB,5614,-1.0,1.5618014931818143,0.3122633429205267,4.3503715591098717e-13,-3.343267594168259,1.7185617733014198,1.0,0.72,25,18
5600,13,MYB,5600,-1.0,1.5618014931818143,0.5394537857732449,3.7749517080477426e-40,-4.335958312318181,2.1741682998906597,1.0,0.72,25,18
5597,13,MYB,5597,-1.0,1.5618014931818143,0.077428914232272,0.07946569045345954,-6.193502744860788,3.1990200015238783,1.0,0.72,25,18
5608,13,MYB,5608,-1.0,1.5618014931818143,-0.4587460309079857,4.091536244004872e-28,9.068960461357703,3.9418467077366475,1.0,0.72,25,18
5607,13,MYB,5607,-1.0,1.5618014931818143,0.30794383965323974,9.416523338738382e-13,-3.1248520121414916,1.609855857248526,1.0,0.72,25,18
5610,13,MYB,5610,-1.0,1.5618014931818143,0.21637277398915497,7.332170908372344e-07,-4.843243179705162,2.3937736437757526,1.0,0.72,25,18
5591,13,MYB,5591,-1.0,1.5618014931818143,0.2091496836766661,1.7251974412760454e-06,-7.659935093516824,3.853870890154255,1.0,0.72,25,18
5602,13,MYB,5602,-1.0,1.5618014931818143,0.3258954799682813,3.4972324757867544e-14,-3.0201441720673787,1.5877603291628888,1.0,0.72,25,18
5612,13,MYB,5612,-1.0,1.5618014931818143,0.20341461765823513,3.3323294250741634e-06,-3.6747759911328717,1.8674919369441412,1.0,0.72,25,18
7012,13,SOX8,7012,-1.0,1.509668814542677,0.7728065646594167,3.573382059597677e-103,-2.741119742212621,1.4055863356408826,0.3333333333333333,0.16,25,12
7006,13,SOX8,7006,-1.0,1.509668814542677,0.5356638104018058,1.6484223593933252e-39,-3.4333707752481635,1.756826404524884,0.3333333333333333,0.16,25,12
7019,13,SOX8,7019,-1.0,1.509668814542677,0.23106451482489612,1.172714527742553e-07,-2.6844364576225552,1.4027334313262276,0.3333333333333333,0.16,25,12
7018,13,SOX8,7018,-1.0,1.509668814542677,0.5735671012369048,2.6990462756712025e-46,-3.723792028546407,1.9183147890106196,0.3333333333333333,0.16,25,12
1536,13,SOX12,1536,-1.0,2.148977103124776,0.42295461368846543,1.008474839711735e-23,-3.2677740021402704,1.668155602327541,0.7647058823529411,0.52,25,17
1541,13,SOX12,1541,-1.0,2.148977103124776,0.5466641746976334,2.1693278225456653e-41,-3.56933652394029,1.816927293009999,0.7647058823529411,0.52,25,17
1527,13,SOX12,1527,-1.0,2.148977103124776,0.6818211521777888,1.570148738327002e-71,-3.311683337358366,1.7085093497512374,0.7647058823529411,0.52,25,17
1520,13,SOX12,1520,-1.0,2.148977103124776,0.2277694601683714,1.7883922268453157e-07,-5.846471144663786,2.8969010652382883,0.7647058823529411,0.52,25,17
1522,13,SOX12,1522,-1.0,2.148977103124776,0.5776632974273292,4.406287131844023e-47,-4.021305933362543,2.193112213709674,0.7647058823529411,0.52,25,17
1543,13,SOX12,1543,-1.0,2.148977103124776,0.21292077107000687,1.107738461497054e-06,-3.5864101689401746,1.838015656532258,0.7647058823529411,0.52,25,17
1532,13,SOX12,1532,-1.0,2.148977103124776,-0.4204941035550104,1.935493909261194e-23,7.729425829943909,3.470081260347663,0.7647058823529411,0.52,25,17
1525,13,SOX12,1525,-1.0,2.148977103124776,0.29040032996497767,1.9065810449287938e-11,-4.75140288908875,2.3359317987248436,0.7647058823529411,0.52,25,17
1537,13,SOX12,1537,-1.0,2.148977103124776,0.7368266851001682,4.351036087839813e-89,-3.58950646181209,1.8918922282095718,0.7647058823529411,0.52,25,17
1538,13,SOX12,1538,-1.0,2.148977103124776,0.4795685270496833,6.413705165568296e-31,-3.4528049898904265,1.7590586273203725,0.7647058823529411,0.52,25,17
1528,13,SOX12,1528,-1.0,2.148977103124776,0.19957830935365437,5.1229566213693114e-06,-5.53019329498362,2.665093435471634,0.7647058823529411,0.52,25,17
1535,13,SOX12,1535,-1.0,2.148977103124776,-0.3023455216687533,2.5142775307459405e-12,2.734556530329981,1.4960816639933354,0.7647058823529411,0.52,25,17
1531,13,SOX12,1531,-1.0,2.148977103124776,-0.2858860662037525,4.0012403789938147e-11,10.390656435796174,4.797758744035696,0.7647058823529411,0.52,25,17
8128,13,E2F4,8128,-1.0,3.883195143506889,-0.2474515087789993,1.3073238639193783e-08,7.276952546171185,3.605120140740535,1.0,0.7647058823529411,17,13
8132,13,E2F4,8132,-1.0,3.883195143506889,0.5584872422452377,1.7208441275460424e-43,-3.019900202143521,1.5442033485459636,1.0,0.7647058823529411,17,13
8131,13,E2F4,8131,-1.0,3.883195143506889,0.5860594657156536,9.895801680842798e-49,-5.963860987544137,2.9300506422773887,1.0,0.7647058823529411,17,13
8137,13,E2F4,8137,-1.0,3.883195143506889,0.6939435211124786,4.657929052718328e-75,-4.589258139557086,2.2798795955059337,1.0,0.7647058823529411,17,13
8129,13,E2F4,8129,-1.0,3.883195143506889,0.6462146261350555,4.300176314486771e-62,-3.7035168661641715,1.874554847033436,1.0,0.7647058823529411,17,13
8133,13,E2F4,8133,-1.0,3.883195143506889,0.46762112615350226,2.7537911119555394e-29,-3.6410195914485017,1.88361305267789,1.0,0.7647058823529411,17,13
8121,13,E2F4,8121,-1.0,3.883195143506889,0.5169328633055572,1.8394090467608668e-36,-4.2048427056705755,2.1437242390446385,1.0,0.7647058823529411,17,13
8136,13,E2F4,8136,-1.0,3.883195143506889,0.6219887105849699,2.3197784271619385e-56,-3.0675981892115494,1.5923767080561524,1.0,0.7647058823529411,17,13
8124,13,E2F4,8124,-1.0,3.883195143506889,0.6339605893330029,3.9514368395851937e-59,-5.712458470990601,2.735899602276168,1.0,0.7647058823529411,17,13
8130,13,E2F4,8130,-1.0,3.883195143506889,0.4859096161947943,8.203611590258711e-32,-2.643136140338524,1.3928682809299324,1.0,0.7647058823529411,17,13
8122,13,E2F4,8122,-1.0,3.883195143506889,0.3540440702956187,1.2655034825405547e-16,-6.16798523560043,3.4344114680185167,1.0,0.7647058823529411,17,13
8123,13,E2F4,8123,-1.0,3.883195143506889,0.278063846102355,1.4013103830824974e-10,-3.4667410225724926,1.8539049330714128,1.0,0.7647058823529411,17,13
8125,13,E2F4,8125,-1.0,3.883195143506889,0.4979884198552493,1.4462028131201368e-33,-4.987386785247215,2.819385728544914,1.0,0.7647058823529411,17,13
5344,13,CREB1,5344,-1.0,2.5207092330752885,0.5231852312836668,1.85542317855451e-37,-2.8472800029688305,1.4599275846893252,0.7333333333333333,0.4583333333333333,24,15
5342,13,CREB1,5342,-1.0,2.5207092330752885,0.4813779439974144,3.5823204591157073e-31,-4.191921695279489,2.147529104990766,0.7333333333333333,0.4583333333333333,24,15
5359,13,CREB1,5359,-1.0,2.5207092330752885,0.3630393715642916,1.856581280766578e-17,-2.987979303308177,1.5239639582628721,0.7333333333333333,0.4583333333333333,24,15
5360,13,CREB1,5360,-1.0,2.5207092330752885,0.6248831944745448,5.09429604724824e-57,-2.8004104852556573,1.437815778641651,0.7333333333333333,0.4583333333333333,24,15
5351,13,CREB1,5351,-1.0,2.5207092330752885,0.7394596006089418,4.870492500975069e-90,-3.3757548337804173,1.8951103666486002,0.7333333333333333,0.4583333333333333,24,15
5353,13,CREB1,5353,-1.0,2.5207092330752885,0.6410072061647072,8.11445007184109e-61,-2.5771598938474587,1.3123051485095945,0.7333333333333333,0.4583333333333333,24,15
5345,13,CREB1,5345,-1.0,2.5207092330752885,0.35346808965167886,1.4280316671591098e-16,-5.889594424680101,2.791255894234213,0.7333333333333333,0.4583333333333333,24,15
5352,13,CREB1,5352,-1.0,2.5207092330752885,0.13325216760435837,0.002468381422432927,-3.7209595332661114,1.9131357435530711,0.7333333333333333,0.4583333333333333,24,15
5343,13,CREB1,5343,-1.0,2.5207092330752885,0.7256312932987905,3.6137827574690204e-85,-3.6395140543729023,1.8855356408892852,0.7333333333333333,0.4583333333333333,24,15
5348,13,CREB1,5348,-1.0,2.5207092330752885,0.5185431878337123,1.023453335887907e-36,-3.1773423316643887,1.6611544841593682,0.7333333333333333,0.4583333333333333,24,15
5347,13,CREB1,5347,-1.0,2.5207092330752885,0.46746948718679454,2.8856554449488426e-29,-5.681300725817596,2.704921866883475,0.7333333333333333,0.4583333333333333,24,15
2098,13,ELF4,2098,-1.0,2.9837114361544876,0.6654309769866219,5.036153761643858e-67,-2.50238980716402,1.3789469337786362,0.75,0.48,25,16
2096,13,ELF4,2096,-1.0,2.9837114361544876,0.574150151296542,2.0885507835114963e-46,-4.863881166227096,2.4087049941371337,0.75,0.48,25,16
2104,13,ELF4,2104,-1.0,2.9837114361544876,0.5500752561392905,5.481079844015567e-42,-5.085718524145946,2.992379472579175,0.75,0.48,25,16
2101,13,ELF4,2101,-1.0,2.9837114361544876,0.6167763420236335,3.418045178035968e-55,-5.349241354551141,2.6043832713089987,0.75,0.48,25,16
2102,13,ELF4,2102,-1.0,2.9837114361544876,0.5247940535609862,1.0203076238605404e-37,-2.469080650231751,1.3359463409154366,0.75,0.48,25,16
2094,13,ELF4,2094,-1.0,2.9837114361544876,0.9016810407770527,1.4663343713351222e-188,-4.986500562241394,2.716816623891225,0.75,0.48,25,16
2105,13,ELF4,2105,-1.0,2.9837114361544876,0.5752597844579338,1.2802145213396516e-46,-5.36480372559254,2.744284891417308,0.75,0.48,25,16
2117,13,ELF4,2117,-1.0,2.9837114361544876,0.27704655718350946,1.644666957777281e-10,-4.625873824772355,2.502921724699115,0.75,0.48,25,16
2099,13,ELF4,2099,-1.0,2.9837114361544876,0.8071247780590081,2.8802739247606246e-119,-6.61546245430748,3.4428629568061315,0.75,0.48,25,16
2097,13,ELF4,2097,-1.0,2.9837114361544876,0.8042712084127815,8.28138673950256e-118,-4.569586409556345,2.7340442748836637,0.75,0.48,25,16
2114,13,ELF4,2114,-1.0,2.9837114361544876,0.8341945428087363,1.926534836883346e-134,-6.151912240964136,3.5696677151597087,0.75,0.48,25,16
2095,13,ELF4,2095,-1.0,2.9837114361544876,0.42382786326247796,7.991345992259063e-24,-5.287793915018999,2.639911025127603,0.75,0.48,25,16
7079,13,FOXJ3,7079,-1.0,2.5318098235103244,0.38505379714886045,1.3019975155269254e-19,-6.602590652854203,3.4069153220721,0.7333333333333333,0.44,25,15
7064,13,FOXJ3,7064,-1.0,2.5318098235103244,0.35655380123586644,7.453480919703862e-17,-5.515613502278222,2.740944517896268,0.7333333333333333,0.44,25,15
7075,13,FOXJ3,7075,-1.0,2.5318098235103244,0.239569817218048,3.831002397730471e-08,-5.501708860248887,2.809425233289142,0.7333333333333333,0.44,25,15
7067,13,FOXJ3,7067,-1.0,2.5318098235103244,0.4011650838907679,2.699942352248552e-21,-6.723532053709171,3.5189738885946156,0.7333333333333333,0.44,25,15
7086,13,FOXJ3,7086,-1.0,2.5318098235103244,0.19167479097173762,1.2108590793847281e-05,-2.6791617107243972,1.376585272379385,0.7333333333333333,0.44,25,15
7065,13,FOXJ3,7065,-1.0,2.5318098235103244,0.4033052611254377,1.5875579153588097e-21,-4.44006445391718,2.580937168100308,0.7333333333333333,0.44,25,15
7068,13,FOXJ3,7068,-1.0,2.5318098235103244,0.5928754428602326,4.1813651951466605e-50,-4.050662713206749,2.242672458803611,0.7333333333333333,0.44,25,15
7073,13,FOXJ3,7073,-1.0,2.5318098235103244,0.7421721354120067,4.961994538340449e-91,-4.803051796309604,2.361257364918679,0.7333333333333333,0.44,25,15
7069,13,FOXJ3,7069,-1.0,2.5318098235103244,0.6194014811751402,8.873808698327176e-56,-5.034146333677526,2.5237285460917387,0.7333333333333333,0.44,25,15
7071,13,FOXJ3,7071,-1.0,2.5318098235103244,0.7649737404344731,6.817681401359768e-100,-5.209163574960897,2.543187162830737,0.7333333333333333,0.44,25,15
7063,13,FOXJ3,7063,-1.0,2.5318098235103244,0.3898972305784925,4.152277493193534e-20,-5.035927755052942,2.736528771586808,0.7333333333333333,0.44,25,15
5846,13,BORCS8-MEF2B,5846,-1.0,2.5820127918771636,0.26972511681657146,5.10732175781557e-10,-7.451683415328841,3.8496210481417985,0.9090909090909091,0.4,25,11
5851,13,BORCS8-MEF2B,5851,-1.0,2.5820127918771636,0.5034373487393576,2.2176661151780934e-34,-3.9863344465913477,2.1849385163064414,0.9090909090909091,0.4,25,11
5858,13,BORCS8-MEF2B,5858,-1.0,2.5820127918771636,0.25728524274937536,3.2432752431170886e-09,-4.407997114419525,2.1833844831793225,0.9090909090909091,0.4,25,11
5840,13,BORCS8-MEF2B,5840,-1.0,2.5820127918771636,0.09245951820606509,0.03611862992656333,-5.734523448183311,2.822644585118493,0.9090909090909091,0.4,25,11
5843,13,BORCS8-MEF2B,5843,-1.0,2.5820127918771636,0.3261106880507655,3.3573146449443395e-14,-4.745105379700439,2.3358451199878827,0.9090909090909091,0.4,25,11
5841,13,BORCS8-MEF2B,5841,-1.0,2.5820127918771636,0.18526300766965328,2.3722809705991527e-05,-7.09897655002408,3.7434322919285345,0.9090909090909091,0.4,25,11
5844,13,BORCS8-MEF2B,5844,-1.0,2.5820127918771636,0.227353159951495,1.8854775174932314e-07,-5.6828786187203395,2.7467675199507426,0.9090909090909091,0.4,25,11
5842,13,BORCS8-MEF2B,5842,-1.0,2.5820127918771636,0.6333356529853591,5.550122349492914e-59,-4.558162881042082,2.3992051019467726,0.9090909090909091,0.4,25,11
5857,13,BORCS8-MEF2B,5857,-1.0,2.5820127918771636,-0.12339254189899089,0.005088071984073701,4.288830413704784,2.16056980320664,0.9090909090909091,0.4,25,11
5849,13,BORCS8-MEF2B,5849,-1.0,2.5820127918771636,0.324321949143949,4.70923867684907e-14,-4.453813941578,2.262787772918047,0.9090909090909091,0.4,25,11
294,13,LBX2,294,-1.0,1.930763345737636,0.28150665154695387,8.110587626856122e-11,-2.629774299672479,1.3858355040623636,0.9333333333333333,0.56,25,15
281,13,LBX2,281,-1.0,1.930763345737636,0.3974969408208166,6.649034480170068e-21,-3.882180235771866,1.9915327788273238,0.9333333333333333,0.56,25,15
282,13,LBX2,282,-1.0,1.930763345737636,0.49897522191890015,1.0323764446118314e-33,-5.005111209603248,2.5984127333608806,0.9333333333333333,0.56,25,15
284,13,LBX2,284,-1.0,1.930763345737636,0.5328142173019089,4.93254011118156e-39,-3.2196768358149916,1.7212564108408224,0.9333333333333333,0.56,25,15
279,13,LBX2,279,-1.0,1.930763345737636,0.3757710357643949,1.1041652540572042e-18,-4.791576078261076,2.797547457488787,0.9333333333333333,0.56,25,15
287,13,LBX2,287,-1.0,1.930763345737636,0.3171319115412851,1.7943951895974518e-13,-3.32787098162416,1.7364340666480005,0.9333333333333333,0.56,25,15
280,13,LBX2,280,-1.0,1.930763345737636,0.38744997559946986,7.414733540796191e-20,-5.225593099140735,2.6118818132012387,0.9333333333333333,0.56,25,15
278,13,LBX2,278,-1.0,1.930763345737636,0.42001523900921256,2.1959542682018802e-23,-5.302050471528997,2.9256291451343723,0.9333333333333333,0.56,25,15
285,13,LBX2,285,-1.0,1.930763345737636,0.3516355203675389,2.0940167113908629e-16,-5.4433568154858145,2.6241145792163767,0.9333333333333333,0.56,25,15
301,13,LBX2,301,-1.0,1.930763345737636,0.4395473276393609,1.0775563567545533e-25,-4.269429491490225,2.1766328458647997,0.9333333333333333,0.56,25,15
289,13,LBX2,289,-1.0,1.930763345737636,0.4940472206039888,5.497551435571317e-33,-4.891209109240914,2.4827675156163274,0.9333333333333333,0.56,25,15
298,13,LBX2,298,-1.0,1.930763345737636,0.2590679726528491,2.5031592973400147e-09,-2.784598051578624,1.5321121270953086,0.9333333333333333,0.56,25,15
288,13,LBX2,288,-1.0,1.930763345737636,0.39578605385436694,1.0084493256920835e-20,-2.7843652782070327,1.4770165172822578,0.9333333333333333,0.56,25,15
296,13,LBX2,296,-1.0,1.930763345737636,0.28974782289611434,2.123952947498927e-11,-4.132686929546519,2.085379893168752,0.9333333333333333,0.56,25,15
8508,13,HOXC9,8508,-1.0,19.257543511556904,0.4448909602791147,2.3664856264401298e-26,-3.348371921130643,1.7907528111951878,1.0,0.56,25,14
8503,13,HOXC9,8503,-1.0,19.257543511556904,0.3741478264112011,1.5934606021836302e-18,-3.5526826903543505,1.869073323914324,1.0,0.56,25,14
8493,13,HOXC9,8493,-1.0,19.257543511556904,0.2934902898203931,1.1391201367477633e-11,-4.282543134853845,2.3390399557998114,1.0,0.56,25,14
8495,13,HOXC9,8495,-1.0,19.257543511556904,0.4490999021188749,7.035399585341749e-27,-3.954581195694368,2.372877804070164,1.0,0.56,25,14
8506,13,HOXC9,8506,-1.0,19.257543511556904,0.07470725611777311,0.09065129910442882,-3.9255249351677266,1.9841877015979186,1.0,0.56,25,14
8499,13,HOXC9,8499,-1.0,19.257543511556904,0.3731735316564819,1.9839541893732726e-18,-5.61332143401803,2.724976631022473,1.0,0.56,25,14
8497,13,HOXC9,8497,-1.0,19.257543511556904,0.46200082590674657,1.5348729791657687e-28,-5.166295299030732,2.8389837107914957,1.0,0.56,25,14
8504,13,HOXC9,8504,-1.0,19.257543511556904,0.32808484566602747,2.304990903455075e-14,-5.117270665287457,2.4958952719922523,1.0,0.56,25,14
8496,13,HOXC9,8496,-1.0,19.257543511556904,0.36697335215010746,7.866674387596814e-18,-4.490970926888982,2.3420770949961294,1.0,0.56,25,14
8494,13,HOXC9,8494,-1.0,19.257543511556904,0.39129746503934537,2.973433909362403e-20,-5.991930767275605,2.9642101884272085,1.0,0.56,25,14
8501,13,HOXC9,8501,-1.0,19.257543511556904,-0.22799057915978246,1.7388031217763283e-07,5.130821181228708,2.518455756234997,1.0,0.56,25,14
8498,13,HOXC9,8498,-1.0,19.257543511556904,0.432551171233411,7.531679557908569e-25,-3.0662147621465987,1.6717323871198595,1.0,0.56,25,14
8510,13,HOXC9,8510,-1.0,19.257543511556904,0.3158692633881889,2.2612157606359215e-13,-3.9349326370255775,2.005645346366703,1.0,0.56,25,14
8515,13,HOXC9,8515,-1.0,19.257543511556904,0.3371124542353298,3.98616781729358e-15,-3.7633698077824937,1.9762303573560684,1.0,0.56,25,14
10968,13,MAFF,10968,-1.0,2.991420086970862,-0.3181816314046421,1.479336316311471e-13,3.9345680964432033,2.0669575167584746,1.0,0.8333333333333334,6,5
10965,13,MAFF,10965,-1.0,2.991420086970862,0.279186557682787,1.1734151307712631e-10,-3.176784636367927,1.7008927554544144,1.0,0.8333333333333334,6,5
10966,13,MAFF,10966,-1.0,2.991420086970862,0.22708098744714783,1.9516759575103267e-07,-5.80395219943431,2.94343401442972,1.0,0.8333333333333334,6,5
10967,13,MAFF,10967,-1.0,2.991420086970862,0.19558347091079037,7.947361505513237e-06,-2.898770417283741,1.5408677365319028,1.0,0.8333333333333334,6,5
10964,13,MAFF,10964,-1.0,2.991420086970862,0.2101298541203979,1.5387477979390432e-06,-5.936938774394432,3.6811909506931864,1.0,0.8333333333333334,6,5
3252,13,NFATC1,3252,-1.0,2.564381197760779,0.3139507628451836,3.2064187488146413e-13,-4.010493877106855,2.094209828170455,0.8125,0.52,25,16
3239,13,NFATC1,3239,-1.0,2.564381197760779,0.6651460795340195,5.996470600607208e-67,-5.240920673951837,2.7270250923032564,0.8125,0.52,25,16
3244,13,NFATC1,3244,-1.0,2.564381197760779,0.24413215300601498,2.065374413169097e-08,-4.8333408944178435,2.4639858637132708,0.8125,0.52,25,16
3236,13,NFATC1,3236,-1.0,2.564381197760779,0.7049256816628856,2.0755630487423638e-78,-5.357902691605418,2.9031389092176254,0.8125,0.52,25,16
3245,13,NFATC1,3245,-1.0,2.564381197760779,0.509914082298161,2.2839425387039913e-35,-4.443578047275334,2.2188915579063924,0.8125,0.52,25,16
3237,13,NFATC1,3237,-1.0,2.564381197760779,0.2834761907602295,5.911712190093366e-11,-5.611810917266929,2.7985711247524847,0.8125,0.52,25,16
3251,13,NFATC1,3251,-1.0,2.564381197760779,0.4906934014294801,1.6895532487584802e-32,-5.171728445107442,2.537961285863912,0.8125,0.52,25,16
3243,13,NFATC1,3243,-1.0,2.564381197760779,0.6898309768982541,7.664733562532003e-74,-4.703397178708469,2.652224471913414,0.8125,0.52,25,16
3247,13,NFATC1,3247,-1.0,2.564381197760779,0.46056452377212537,2.3688814408473054e-28,-4.49960267895356,2.901205155451214,0.8125,0.52,25,16
3246,13,NFATC1,3246,-1.0,2.564381197760779,0.595060245781492,1.4924018589889606e-50,-4.8505938170172955,2.3978829398403,0.8125,0.52,25,16
3238,13,NFATC1,3238,-1.0,2.564381197760779,0.7050873945469621,1.8477125430379826e-78,-4.265248101297253,2.4863199006589958,0.8125,0.52,25,16
3256,13,NFATC1,3256,-1.0,2.564381197760779,0.34516956766767387,7.923740766320371e-16,-3.073905854336356,1.621220712799534,0.8125,0.52,25,16
3241,13,NFATC1,3241,-1.0,2.564381197760779,0.30938524582015275,7.287703405499076e-13,-4.506186259952743,2.2870978959384973,0.8125,0.52,25,16
926,13,SP100,926,-1.0,2.9736426424987377,0.3851703541401702,1.266959580665354e-19,-3.2931957732200914,1.6820464229028342,1.0,0.4,10,4
922,13,SP100,922,-1.0,2.9736426424987377,0.370365848889914,3.715778215827563e-18,-4.335887969851572,2.1977768846458194,1.0,0.4,10,4
920,13,SP100,920,-1.0,2.9736426424987377,0.4376433572566779,1.8373932511600125e-25,-3.595043844855614,1.8523951288906393,1.0,0.4,10,4
918,13,SP100,918,-1.0,2.9736426424987377,0.8763257860693188,1.565122582290592e-164,-4.432954096949117,2.3532767215302917,1.0,0.4,10,4
6193,13,ETV2,6193,-1.0,1.63055287568167,0.45250477130329764,2.6044254618656368e-27,-2.6409497572891034,1.3586071338272303,0.9230769230769231,0.6,20,13
6189,13,ETV2,6189,-1.0,1.63055287568167,0.45035328300351196,4.886348338418308e-27,-4.6445074193822204,2.304491576674967,0.9230769230769231,0.6,20,13
6186,13,ETV2,6186,-1.0,1.63055287568167,0.3934630438562249,1.7684357702898076e-20,-5.2773720419480545,2.6445962087407273,0.9230769230769231,0.6,20,13
6192,13,ETV2,6192,-1.0,1.63055287568167,0.3154787286804649,2.4283245123503517e-13,-8.240252533671686,3.8431537263994637,0.9230769230769231,0.6,20,13
6196,13,ETV2,6196,-1.0,1.63055287568167,0.24458530255221375,1.941125937528476e-08,-2.980117573903291,1.5410367654424308,0.9230769230769231,0.6,20,13
6184,13,ETV2,6184,-1.0,1.63055287568167,0.3302738669549221,1.5141806670453062e-14,-4.038585034878799,2.268260370885434,0.9230769230769231,0.6,20,13
6201,13,ETV2,6201,-1.0,1.63055287568167,0.43630794463145256,2.6661435300479303e-25,-5.8829887060391375,2.8076471135555945,0.9230769230769231,0.6,20,13
6185,13,ETV2,6185,-1.0,1.63055287568167,0.4513022636931821,3.704152368548433e-27,-6.568464991367535,3.073247614815768,0.9230769230769231,0.6,20,13
6183,13,ETV2,6183,-1.0,1.63055287568167,0.3356277121979012,5.341093206069355e-15,-5.600395535560527,3.0792408167473697,0.9230769230769231,0.6,20,13
6191,13,ETV2,6191,-1.0,1.63055287568167,0.1860762555779347,2.1810325845173332e-05,-4.4716380129743785,2.2461934790478466,0.9230769230769231,0.6,20,13
6188,13,ETV2,6188,-1.0,1.63055287568167,0.3188855684727036,1.2991282908660487e-13,-3.007134308187859,1.5992974096324315,0.9230769230769231,0.6,20,13
6195,13,ETV2,6195,-1.0,1.63055287568167,0.14409187942846427,0.0010530849637457875,-3.638379816910651,1.8555816196869857,0.9230769230769231,0.6,20,13
569,13,AR,569,1.0,2.2780315637811333,0.6202516667804401,5.7179780299574e-56,7.73470114265223,3.6294276052638264,0.3125,0.2,25,16
565,13,AR,565,1.0,2.2780315637811333,-0.3745542125874924,1.4539229311008051e-18,-2.6188289997428944,1.344255655562511,0.3125,0.2,25,16
574,13,AR,574,1.0,2.2780315637811333,0.320130050738522,1.0316996930764308e-13,3.013642435022387,1.56614318264118,0.3125,0.2,25,16
570,13,AR,570,1.0,2.2780315637811333,-0.5358437270313028,1.537667295128291e-39,-2.542863591376531,1.3042017628159126,0.3125,0.2,25,16
567,13,AR,567,1.0,2.2780315637811333,-0.5159460612419063,2.6304604678596396e-36,-3.2152713560997315,1.6710742026278878,0.3125,0.2,25,16
2155,13,RUNX1,2155,-1.0,2.9719814956540764,0.5119872768190988,1.091900590149659e-35,-4.188236047948561,2.1008705641131047,0.9375,0.6,25,16
2161,13,RUNX1,2161,-1.0,2.9719814956540764,0.6775463648733107,2.5088070023412268e-70,-5.286952438633838,2.97728904506637,0.9375,0.6,25,16
2145,13,RUNX1,2145,-1.0,2.9719814956540764,0.8649291810236559,2.10446213067395e-155,-5.3886727054757095,2.897676947547175,0.9375,0.6,25,16
2146,13,RUNX1,2146,-1.0,2.9719814956540764,0.7725136257464587,4.76574143741102e-103,-4.086843948667187,2.3419173274372254,0.9375,0.6,25,16
2147,13,RUNX1,2147,-1.0,2.9719814956540764,0.3735459371736609,1.824672832867069e-18,-4.793775955000497,2.4205179508152175,0.9375,0.6,25,16
2154,13,RUNX1,2154,-1.0,2.9719814956540764,0.6671726159113549,1.725482178329026e-67,-5.907767592230904,2.8123445308924477,0.9375,0.6,25,16
2150,13,RUNX1,2150,-1.0,2.9719814956540764,0.7865443834486423,2.9452897929178084e-109,-4.127018927420487,2.257919993764151,0.9375,0.6,25,16
2165,13,RUNX1,2165,-1.0,2.9719814956540764,0.6212602072973602,3.3889297340577524e-56,-3.0204263972349747,1.5546661665023165,0.9375,0.6,25,16
2148,13,RUNX1,2148,-1.0,2.9719814956540764,0.7849518208274265,1.5749464929119022e-108,-4.12811631467251,2.1853547582763593,0.9375,0.6,25,16
2152,13,RUNX1,2152,-1.0,2.9719814956540764,0.5416384387107065,1.6002802324757383e-40,-4.968206709261875,2.539191941662075,0.9375,0.6,25,16
2151,13,RUNX1,2151,-1.0,2.9719814956540764,0.539870112741716,3.2069621581218955e-40,-5.426852156538817,2.7707267921840355,0.9375,0.6,25,16
2167,13,RUNX1,2167,-1.0,2.9719814956540764,-0.1052490632471903,0.016987192709270772,5.778951061190708,2.9139260128948976,0.9375,0.6,25,16
2162,13,RUNX1,2162,-1.0,2.9719814956540764,0.6405382388008858,1.0542414408455567e-60,-6.920748065293099,3.197503872656239,0.9375,0.6,25,16
2159,13,RUNX1,2159,-1.0,2.9719814956540764,0.6207345962402638,4.452080475932368e-56,-6.822015950577834,3.777245878134738,0.9375,0.6,25,16
2153,13,RUNX1,2153,-1.0,2.9719814956540764,0.508732606199745,3.470178316206133e-35,-2.8697626646214145,1.574734179952477,0.9375,0.6,25,16
2602,13,MAFB,2602,-1.0,2.388755336085776,0.27419139691875105,2.5688447116166883e-10,-7.3855351462899135,3.873167328982707,1.0,0.44,25,11
2619,13,MAFB,2619,-1.0,2.388755336085776,0.3624268066941181,2.1199240424576303e-17,-3.4430403114218993,1.8845717615856241,1.0,0.44,25,11
2610,13,MAFB,2610,-1.0,2.388755336085776,0.2713002710016324,4.013812680318406e-10,-5.994020033961429,3.02037048003781,1.0,0.44,25,11
2600,13,MAFB,2600,-1.0,2.388755336085776,0.2506047332830963,8.41467258597968e-09,-4.460391901054116,2.5345721415163425,1.0,0.44,25,11
2618,13,MAFB,2618,-1.0,2.388755336085776,0.1989455966487435,5.4951761488607504e-06,-3.42927463998977,1.8774869344055292,1.0,0.44,25,11
2616,13,MAFB,2616,-1.0,2.388755336085776,0.4644113463238266,7.374793995643418e-29,-3.2944791118009107,1.6879713353005683,1.0,0.44,25,11
2614,13,MAFB,2614,-1.0,2.388755336085776,0.1679688309461905,0.00013020949735897616,-2.891600367464358,1.4874742493035198,1.0,0.44,25,11
2603,13,MAFB,2603,-1.0,2.388755336085776,0.2467144338248566,1.447888211129821e-08,-2.8564273505949274,1.642630914644408,1.0,0.44,25,11
2598,13,MAFB,2598,-1.0,2.388755336085776,0.4151160455632679,7.89890202396258e-23,-5.095038039126925,2.8274922029136476,1.0,0.44,25,11
2599,13,MAFB,2599,-1.0,2.388755336085776,0.2756841040432419,2.0359652096210887e-10,-6.39904678743191,3.503663735173153,1.0,0.44,25,11
2608,13,MAFB,2608,-1.0,2.388755336085776,0.16012884893785342,0.00026730800624429963,-2.8002175201713553,1.4412585846537176,1.0,0.44,25,11
2036,13,CEBPD,2036,-1.0,1.709966937629242,0.5962211322066895,8.604928986221179e-51,-3.8698855302823087,2.0733926859306706,0.6666666666666666,0.4,25,15
2033,13,CEBPD,2033,-1.0,1.709966937629242,0.3521146500164254,1.8950484609277402e-16,-5.047902369916366,2.5015188321464716,0.6666666666666666,0.4,25,15
2041,13,CEBPD,2041,-1.0,1.709966937629242,0.6528116281284098,9.572792481840253e-64,-3.861519792769737,2.058086190559326,0.6666666666666666,0.4,25,15
2031,13,CEBPD,2031,-1.0,1.709966937629242,0.5564415300778233,4.02933497320454e-43,-5.203876038656411,2.776932717837708,0.6666666666666666,0.4,25,15
2049,13,CEBPD,2049,-1.0,1.709966937629242,-0.26205329853413456,1.6151155155376036e-09,3.068989761714969,1.5767927425945962,0.6666666666666666,0.4,25,15
2034,13,CEBPD,2034,-1.0,1.709966937629242,0.2028657643883045,3.5455896906655596e-06,-5.067338255100457,2.561905574698174,0.6666666666666666,0.4,25,15
2035,13,CEBPD,2035,-1.0,1.709966937629242,0.40456414732573953,1.159549811434567e-21,-5.342746180112679,2.8784308883885443,0.6666666666666666,0.4,25,15
2053,13,CEBPD,2053,-1.0,1.709966937629242,0.4344042393518583,4.519930616035054e-25,-3.078782130988453,1.6993306253634988,0.6666666666666666,0.4,25,15
2038,13,CEBPD,2038,-1.0,1.709966937629242,0.34756565775058706,4.85642986538256e-16,-3.6985791855768464,1.933199325202513,0.6666666666666666,0.4,25,15
2039,13,CEBPD,2039,-1.0,1.709966937629242,0.2694653157896947,5.313572689957828e-10,-5.034065593225847,2.457763067246136,0.6666666666666666,0.4,25,15
4973,13,NR2F6,4973,-1.0,2.6690077343007785,-0.46565441470650554,5.0420081169631866e-29,7.34704126515092,3.4422539157886036,0.9333333333333333,0.56,25,15
4980,13,NR2F6,4980,-1.0,2.6690077343007785,-0.42449936938602795,6.679099872528827e-24,4.939887531213635,2.4939118942413003,0.9333333333333333,0.56,25,15
4974,13,NR2F6,4974,-1.0,2.6690077343007785,0.2755337022242812,2.0843534623966681e-10,-3.639961480026526,1.8756398655291802,0.9333333333333333,0.56,25,15
4987,13,NR2F6,4987,-1.0,2.6690077343007785,-0.3064842227210579,1.2189229378326887e-12,4.572755497129126,2.282384859789702,0.9333333333333333,0.56,25,15
4965,13,NR2F6,4965,-1.0,2.6690077343007785,0.25888955827418775,2.569124348147362e-09,-5.791915915475123,2.8469097105056687,0.9333333333333333,0.56,25,15
4981,13,NR2F6,4981,-1.0,2.6690077343007785,0.21144229114460691,1.319129853995032e-06,-2.747905271615633,1.453448191777218,0.9333333333333333,0.56,25,15
4966,13,NR2F6,4966,-1.0,2.6690077343007785,0.2508808823337732,8.09385384531421e-09,-5.259113748793294,2.7779085133972665,0.9333333333333333,0.56,25,15
4969,13,NR2F6,4969,-1.0,2.6690077343007785,0.23250446643474565,9.732740442566422e-08,-5.96067602747862,2.9569992523114936,0.9333333333333333,0.56,25,15
4978,13,NR2F6,4978,-1.0,2.6690077343007785,0.3828894071654273,2.1564940023273617e-19,-3.0774215163989784,1.5987508935667152,0.9333333333333333,0.56,25,15
4967,13,NR2F6,4967,-1.0,2.6690077343007785,0.7366938684527545,4.855827694130481e-89,-4.480534670185704,2.42838306127616,0.9333333333333333,0.56,25,15
4979,13,NR2F6,4979,-1.0,2.6690077343007785,0.21119645221373234,1.3578364692318327e-06,-4.315967203551921,2.2979479206518176,0.9333333333333333,0.56,25,15
4971,13,NR2F6,4971,-1.0,2.6690077343007785,0.7916049363078784,1.298016110810667e-111,-5.740568729224534,2.7828004838097535,0.9333333333333333,0.56,25,15
4968,13,NR2F6,4968,-1.0,2.6690077343007785,0.22556671860478014,2.3628946835860904e-07,-5.086008643322247,2.495997680515194,0.9333333333333333,0.56,25,15
4972,13,NR2F6,4972,-1.0,2.6690077343007785,0.45657039227083107,7.833865175024073e-28,-3.637423438912284,1.8673919577990636,0.9333333333333333,0.56,25,15
6738,13,LHX4,6738,-1.0,1.415836281767416,0.3908660056321151,3.2962517534013566e-20,-4.109934077057066,2.0830416463871493,1.0,0.4782608695652174,23,11
6731,13,LHX4,6731,-1.0,1.415836281767416,0.23352422964908529,8.522790362263214e-08,-5.844774331282449,2.878584997196959,1.0,0.4782608695652174,23,11
6732,13,LHX4,6732,-1.0,1.415836281767416,0.2922342247645609,1.405479550375116e-11,-3.588062998807356,1.8707119485750923,1.0,0.4782608695652174,23,11
6735,13,LHX4,6735,-1.0,1.415836281767416,0.16035568881404147,0.0002619218939316883,-4.2449746597330655,2.45880082982567,1.0,0.4782608695652174,23,11
6748,13,LHX4,6748,-1.0,1.415836281767416,0.36599977775524406,9.740042011810115e-18,-3.5680808833740856,1.8306400857240916,1.0,0.4782608695652174,23,11
6733,13,LHX4,6733,-1.0,1.415836281767416,0.18497811021705093,2.4429643802997735e-05,-4.953578257004609,2.4293663049818846,1.0,0.4782608695652174,23,11
6752,13,LHX4,6752,-1.0,1.415836281767416,0.3888392041516911,5.3383936061266285e-20,-3.28362800169555,1.6896800182552099,1.0,0.4782608695652174,23,11
6737,13,LHX4,6737,-1.0,1.415836281767416,0.5032853563018649,2.3378169717985707e-34,-5.4490964875882755,2.629816780049281,1.0,0.4782608695652174,23,11
6741,13,LHX4,6741,-1.0,1.415836281767416,0.5024175855250179,3.1580223525982693e-34,-3.249569794495747,1.6682042329421447,1.0,0.4782608695652174,23,11
6740,13,LHX4,6740,-1.0,1.415836281767416,0.29266837525607303,1.3071745421845823e-11,-2.90453411802711,1.5045398763183893,1.0,0.4782608695652174,23,11
6744,13,LHX4,6744,-1.0,1.415836281767416,0.3367232065278985,4.304636492952307e-15,-3.354626822112794,1.7345780249985894,1.0,0.4782608695652174,23,11
475,13,GTF2IRD1,475,-1.0,1.7888135448035014,0.21311208713231583,1.082885873051208e-06,-7.9394934889068445,3.8827372523136208,1.0,0.4,10,4
473,13,GTF2IRD1,473,-1.0,1.7888135448035014,0.35755756989719084,6.023306113295717e-17,-4.925589041061841,2.430682714685187,1.0,0.4,10,4
474,13,GTF2IRD1,474,-1.0,1.7888135448035014,0.40515214597636473,1.0008332790029028e-21,-4.157284468443018,2.2552974913400963,1.0,0.4,10,4
472,13,GTF2IRD1,472,-1.0,1.7888135448035014,0.38437416119725865,1.52614948483021e-19,-5.965973257460697,2.9282374912127214,1.0,0.4,10,4
8029,13,MEOX2,8029,-1.0,1.4799683764013631,0.07824439395412945,0.07634109175348053,-5.113588475504979,2.520032386097042,0.6153846153846154,0.32,25,13
8047,13,MEOX2,8047,-1.0,1.4799683764013631,0.194915640285352,8.545310702851007e-06,-3.032484232905066,1.5597392949850444,0.6153846153846154,0.32,25,13
8025,13,MEOX2,8025,-1.0,1.4799683764013631,0.03169419347609405,0.4733816350651805,-4.869090706318379,2.6568630730777105,0.6153846153846154,0.32,25,13
8027,13,MEOX2,8027,-1.0,1.4799683764013631,0.20449431867597592,2.948060235957584e-06,-3.9177473872274255,2.2665884161901273,0.6153846153846154,0.32,25,13
8028,13,MEOX2,8028,-1.0,1.4799683764013631,0.14703758015597768,0.0008268481430205353,-5.220767083936604,2.608958471957499,0.6153846153846154,0.32,25,13
8036,13,MEOX2,8036,-1.0,1.4799683764013631,0.21165123167380911,1.2870666804571833e-06,-2.962092458846488,1.5758197352719345,0.6153846153846154,0.32,25,13
8030,13,MEOX2,8030,-1.0,1.4799683764013631,0.04783529008503613,0.27903910807076715,-4.175487796768046,2.2251839856842044,0.6153846153846154,0.32,25,13
8033,13,MEOX2,8033,-1.0,1.4799683764013631,0.051795849211470096,0.24110829670677358,-5.2352866795681505,2.7065719761941516,0.6153846153846154,0.32,25,13
4518,13,HOXC4,4518,-1.0,2.666025932797127,0.49493316187643427,4.078131612451274e-33,-3.5789234663872382,1.8347070621641395,0.8571428571428571,0.48,25,14
4505,13,HOXC4,4505,-1.0,2.666025932797127,0.6185894398965887,1.3485538539149362e-55,-3.276458006651011,1.7338101826279333,0.8571428571428571,0.48,25,14
4522,13,HOXC4,4522,-1.0,2.666025932797127,0.25376388402897243,5.379073329679309e-09,-2.9996835479725146,1.5493091117453814,0.8571428571428571,0.48,25,14
4499,13,HOXC4,4499,-1.0,2.666025932797127,0.5847826096081449,1.775280056394097e-48,-5.185359897869212,2.8519157855734525,0.8571428571428571,0.48,25,14
4503,13,HOXC4,4503,-1.0,2.666025932797127,0.6370221464253203,7.395861366619583e-60,-4.522378259550125,2.255090096065571,0.8571428571428571,0.48,25,14
4501,13,HOXC4,4501,-1.0,2.666025932797127,0.45749371225166674,5.949871200259862e-28,-5.581221739291204,2.743836552008897,0.8571428571428571,0.48,25,14
4502,13,HOXC4,4502,-1.0,2.666025932797127,0.6246622890339951,5.722347223861644e-57,-3.9571366213339876,2.20481004570302,0.8571428571428571,0.48,25,14
4511,13,HOXC4,4511,-1.0,2.666025932797127,0.15186890280832327,0.000550736209803981,-5.26164986273079,2.5665362145278183,0.8571428571428571,0.48,25,14
4517,13,HOXC4,4517,-1.0,2.666025932797127,0.038689985105403564,0.38138086220567946,-3.088749863202542,1.6300120961993958,0.8571428571428571,0.48,25,14
4508,13,HOXC4,4508,-1.0,2.666025932797127,0.5515132316599637,3.0544668073817116e-42,-4.61748123800274,2.294404636365218,0.8571428571428571,0.48,25,14
4513,13,HOXC4,4513,-1.0,2.666025932797127,0.48562119476265,9.016419266833729e-32,-4.323388460434293,2.1927882643931498,0.8571428571428571,0.48,25,14
4500,13,HOXC4,4500,-1.0,2.666025932797127,0.4599931484105226,2.813654588216587e-28,-9.446048813648257,4.443649810385999,0.8571428571428571,0.48,25,14
6646,13,E2F7,6646,-1.0,1.983483623177156,0.6168922804410698,3.2212811913001927e-55,-3.418266612624387,1.749168187615781,1.0,0.9,10,9
6644,13,E2F7,6644,-1.0,1.983483623177156,0.5005706123063947,5.97244282971443e-34,-4.733078097008658,2.400964493975147,1.0,0.9,10,9
6640,13,E2F7,6640,-1.0,1.983483623177156,0.8390828670280465,1.7825898506010281e-137,-3.9502212720121497,2.0256594133647723,1.0,0.9,10,9
6647,13,E2F7,6647,-1.0,1.983483623177156,0.3761872476135752,1.0047105537007861e-18,-4.764956021009591,2.379201075862815,1.0,0.9,10,9
6643,13,E2F7,6643,-1.0,1.983483623177156,0.3680628099911169,6.1887637063643055e-18,-9.344120599263803,4.839396034364805,1.0,0.9,10,9
6649,13,E2F7,6649,-1.0,1.983483623177156,0.3073586210751212,1.0444918743322536e-12,-3.1358743528772584,1.5983169937120065,1.0,0.9,10,9
6642,13,E2F7,6642,-1.0,1.983483623177156,0.2735627491278661,2.831892673150266e-10,-2.92549983190377,1.5797225722828774,1.0,0.9,10,9
6645,13,E2F7,6645,-1.0,1.983483623177156,0.46227364338465077,1.4130982379051095e-28,-7.864426496463056,4.021820263748624,1.0,0.9,10,9
6648,13,E2F7,6648,-1.0,1.983483623177156,0.30939549647291387,7.27439682509988e-13,-10.038939524602577,8.400839406641822,1.0,0.9,10,9
1823,13,TEAD4,1823,-1.0,2.534189845315462,0.6318707816851764,1.22696648398785e-58,-3.3844525682232924,1.8428897135128337,1.0,0.5217391304347826,23,12
1820,13,TEAD4,1820,-1.0,2.534189845315462,0.5201591678944254,5.664891377531535e-37,-4.072884677403954,2.225599613969839,1.0,0.5217391304347826,23,12
1838,13,TEAD4,1838,-1.0,2.534189845315462,0.19024279245454753,1.4098552509390439e-05,-4.036387962802456,2.0434580070206962,1.0,0.5217391304347826,23,12
1829,13,TEAD4,1829,-1.0,2.534189845315462,-0.24811090852816758,1.1928470642515499e-08,8.008942933201078,3.542904647669061,1.0,0.5217391304347826,23,12
1837,13,TEAD4,1837,-1.0,2.534189845315462,-0.2977644519291883,5.529343702338969e-12,3.6295463223210658,1.9098775712555645,1.0,0.5217391304347826,23,12
1828,13,TEAD4,1828,-1.0,2.534189845315462,0.3098710914139517,6.68248569291843e-13,-5.952722299284795,2.9182154102335045,1.0,0.5217391304347826,23,12
1821,13,TEAD4,1821,-1.0,2.534189845315462,0.5570996043115484,3.066570096877968e-43,-3.263370035378435,1.8529693043351885,1.0,0.5217391304347826,23,12
1827,13,TEAD4,1827,-1.0,2.534189845315462,0.5783971027767119,3.1760454538974576e-47,-6.1026407687998665,3.088232331746657,1.0,0.5217391304347826,23,12
1824,13,TEAD4,1824,-1.0,2.534189845315462,0.3752586798617311,1.2399819091903856e-18,-5.483535451770536,2.6930965913719764,1.0,0.5217391304347826,23,12
1833,13,TEAD4,1833,-1.0,2.534189845315462,0.45312617294309276,2.1698094660941958e-27,-3.890387814346575,2.018311485304679,1.0,0.5217391304347826,23,12
1822,13,TEAD4,1822,-1.0,2.534189845315462,0.4095476435538748,3.2994005456930778e-22,-5.428249592697416,2.7169765402477872,1.0,0.5217391304347826,23,12
1830,13,TEAD4,1830,-1.0,2.534189845315462,0.36567511483934423,1.0457477881144263e-17,-5.005287540822149,2.5533685109813544,1.0,0.5217391304347826,23,12
5816,13,MYBL1,5816,-1.0,2.624098625881525,0.49768090027241557,1.6060239891717805e-33,-5.092815031942147,2.559831300544279,1.0,0.5789473684210527,19,11
5825,13,MYBL1,5825,-1.0,2.624098625881525,0.22531036391805576,2.440307466837178e-07,-5.54629637829492,2.7967769167436884,1.0,0.5789473684210527,19,11
5822,13,MYBL1,5822,-1.0,2.624098625881525,0.5173275134368605,1.5936962262783674e-36,-3.2518750408122594,1.6622451157187288,1.0,0.5789473684210527,19,11
5827,13,MYBL1,5827,-1.0,2.624098625881525,0.1517662603740914,0.0005555812590986236,-4.604696624383816,2.3013315629228104,1.0,0.5789473684210527,19,11
5824,13,MYBL1,5824,-1.0,2.624098625881525,0.36072599364503716,3.0592673695710384e-17,-3.9290369180491775,1.9797081641203238,1.0,0.5789473684210527,19,11
5817,13,MYBL1,5817,-1.0,2.624098625881525,0.2088694656692605,1.7823614110376095e-06,-3.0632860996260955,1.7571102226619926,1.0,0.5789473684210527,19,11
5819,13,MYBL1,5819,-1.0,2.624098625881525,0.15527383934001704,0.0004105893689509127,-5.693468399476284,3.0140127946113844,1.0,0.5789473684210527,19,11
5823,13,MYBL1,5823,-1.0,2.624098625881525,-0.17905606068739907,4.452725607864212e-05,4.763963847087444,2.4218313991500997,1.0,0.5789473684210527,19,11
5830,13,MYBL1,5830,-1.0,2.624098625881525,0.4191719460842175,2.741380540444581e-23,-2.5808491721740277,1.3213765619596018,1.0,0.5789473684210527,19,11
5818,13,MYBL1,5818,-1.0,2.624098625881525,0.41213778909767973,1.7024916254529072e-22,-4.458914169340365,2.2385259250211673,1.0,0.5789473684210527,19,11
5826,13,MYBL1,5826,-1.0,2.624098625881525,0.2720781718314272,3.5614926469999244e-10,-3.1007725002828828,1.589719720572628,1.0,0.5789473684210527,19,11
5801,13,IRF5,5801,-1.0,2.838729448044559,0.30816029281519824,9.061827478734657e-13,-4.5049286467640774,2.2763528569826046,0.7894736842105263,0.625,24,19
5793,13,IRF5,5793,-1.0,2.838729448044559,0.6101725357176706,9.61409307108093e-54,-3.1093004586928155,1.671105460201664,0.7894736842105263,0.625,24,19
5805,13,IRF5,5805,-1.0,2.838729448044559,0.7502904756634261,4.474975747116107e-94,-3.9503789394522815,2.2294201318610543,0.7894736842105263,0.625,24,19
5800,13,IRF5,5800,-1.0,2.838729448044559,0.4770868970368323,1.4176854128093316e-30,-2.3829505481511375,1.342295904599079,0.7894736842105263,0.625,24,19
5796,13,IRF5,5796,-1.0,2.838729448044559,0.2532908461449924,5.754046280878243e-09,-5.50071850817666,2.7026429973851123,0.7894736842105263,0.625,24,19
5799,13,IRF5,5799,-1.0,2.838729448044559,0.47097883350664455,9.716752808936161e-30,-4.816794893922397,2.388066539472982,0.7894736842105263,0.625,24,19
5794,13,IRF5,5794,-1.0,2.838729448044559,0.7357954340853204,1.0185242472175221e-88,-7.9513319363336645,4.560560530135846,0.7894736842105263,0.625,24,19
5791,13,IRF5,5791,-1.0,2.838729448044559,0.8710213383685247,3.56063269481147e-160,-5.248322164330762,2.8511798330830365,0.7894736842105263,0.625,24,19
5795,13,IRF5,5795,-1.0,2.838729448044559,0.704299596535191,3.2533669951570405e-78,-5.119482804680602,3.0348593607435665,0.7894736842105263,0.625,24,19
5808,13,IRF5,5808,-1.0,2.838729448044559,0.5519185179146727,2.589067696797829e-42,-6.445878470814237,3.040116713622877,0.7894736842105263,0.625,24,19
5811,13,IRF5,5811,-1.0,2.838729448044559,0.6217555966023505,2.6192036967484444e-56,-2.745257206338469,1.4861548501965667,0.7894736842105263,0.625,24,19
5798,13,IRF5,5798,-1.0,2.838729448044559,0.36828037125920215,5.898620537030223e-18,-4.976628161700158,2.4336492660815656,0.7894736842105263,0.625,24,19
5802,13,IRF5,5802,-1.0,2.838729448044559,0.22984548245558808,1.371880075405893e-07,-3.499228639005813,1.8400382941904974,0.7894736842105263,0.625,24,19
5809,13,IRF5,5809,-1.0,2.838729448044559,0.2228163624277346,3.3326074629512546e-07,-4.706499281188537,2.3854566748848307,0.7894736842105263,0.625,24,19
5797,13,IRF5,5797,-1.0,2.838729448044559,0.6177042028339079,2.125224063989802e-55,-2.9739592087167117,1.6357194459888504,0.7894736842105263,0.625,24,19
393,13,PRDM1,393,-1.0,1.796211685842844,0.5121600356652022,1.0265409190740699e-35,-5.6805113326219825,2.9815486232510704,1.0,0.44,25,11
387,13,PRDM1,387,-1.0,1.796211685842844,0.4807337434919953,4.409531309866292e-31,-4.883476734163083,2.654674762817289,1.0,0.44,25,11
388,13,PRDM1,388,-1.0,1.796211685842844,0.47921037277691736,7.194456009316279e-31,-6.6764381002368145,3.3927572493324085,1.0,0.44,25,11
401,13,PRDM1,401,-1.0,1.796211685842844,0.3197326612086359,1.1106250619701203e-13,-6.950677894242842,3.2537157293521544,1.0,0.44,25,11
398,13,PRDM1,398,-1.0,1.796211685842844,0.3724674094413372,2.324447951187748e-18,-4.541687239104956,2.3586585527343753,1.0,0.44,25,11
406,13,PRDM1,406,-1.0,1.796211685842844,0.37535844699075965,1.2123053123998521e-18,-4.940502968588782,2.5079466815946763,1.0,0.44,25,11
391,13,PRDM1,391,-1.0,1.796211685842844,0.285392620988079,4.335484530913387e-11,-5.038491136982063,2.536489518737586,1.0,0.44,25,11
392,13,PRDM1,392,-1.0,1.796211685842844,0.2125726023469135,1.154377676281632e-06,-5.42340844076488,2.632700245120446,1.0,0.44,25,11
403,13,PRDM1,403,-1.0,1.796211685842844,0.4753514438508345,2.4592696535006257e-30,-3.551323357176933,2.0652202337570094,1.0,0.44,25,11
389,13,PRDM1,389,-1.0,1.796211685842844,0.48964907199559227,2.3905944617345658e-32,-5.219946016586592,3.1357519812772416,1.0,0.44,25,11
390,13,PRDM1,390,-1.0,1.796211685842844,0.5218026303086618,3.0940578100924765e-37,-3.6542913391993217,1.9457143682219762,1.0,0.44,25,11
1318,13,NR2E1,1318,-1.0,1.873631860081797,0.17363806049696667,7.584561746048047e-05,-5.043669926462472,2.554431545724789,0.8,0.32,25,10
1316,13,NR2E1,1316,-1.0,1.873631860081797,0.1888944781456746,1.6253472999571268e-05,-4.3497412970079115,2.519715622490738,0.8,0.32,25,10
1335,13,NR2E1,1335,-1.0,1.873631860081797,0.23374806502360193,8.277353011817542e-08,-2.877164734833819,1.5302576174840676,0.8,0.32,25,10
1323,13,NR2E1,1323,-1.0,1.873631860081797,-0.42630207038884665,4.118303745624138e-24,6.871668317076384,3.3778574217718833,0.8,0.32,25,10
1326,13,NR2E1,1326,-1.0,1.873631860081797,0.15333832168978478,0.0004855411975489704,-4.055177754850312,2.1546984259336637,0.8,0.32,25,10
1315,13,NR2E1,1315,-1.0,1.873631860081797,0.24657225020164408,1.4766387737077247e-08,-5.333516213147886,2.697549134030838,0.8,0.32,25,10
1322,13,NR2E1,1322,-1.0,1.873631860081797,0.28908815804385735,2.3682445025036232e-11,-6.130046066500271,3.307617919981949,0.8,0.32,25,10
1321,13,NR2E1,1321,-1.0,1.873631860081797,0.06163156370394083,0.1629528496231247,-3.416723011633187,1.874704034795053,0.8,0.32,25,10
8737,13,BRF1,8737,-1.0,2.016876531674214,0.40334697067805203,1.5711524768957721e-21,-3.7177609439026904,1.9111975216855157,0.5714285714285714,0.4,10,7
8733,13,BRF1,8733,-1.0,2.016876531674214,0.3724347133937371,2.341536225001011e-18,-3.452922964143379,1.7626823584896607,0.5714285714285714,0.4,10,7
8738,13,BRF1,8738,-1.0,2.016876531674214,0.44229777218410266,4.9549878148322166e-26,-5.218426135617614,2.5790076163452507,0.5714285714285714,0.4,10,7
8731,13,BRF1,8731,-1.0,2.016876531674214,0.48540044152919415,9.691939772167799e-32,-7.537436037883122,3.7025344972928784,0.5714285714285714,0.4,10,7
8411,13,GLIS3,8411,-1.0,1.7132074870877565,0.03048398324460112,0.490447431130959,-2.8156928563707586,1.566319889015697,0.8571428571428571,0.8571428571428571,7,7
8408,13,GLIS3,8408,-1.0,1.7132074870877565,0.6607695810111961,8.547263261332249e-66,-9.368110261023892,4.821227228649801,0.8571428571428571,0.8571428571428571,7,7
8409,13,GLIS3,8409,-1.0,1.7132074870877565,0.34125823669773453,1.7461643980236494e-15,-3.819375085293165,1.9582494302328048,0.8571428571428571,0.8571428571428571,7,7
8407,13,GLIS3,8407,-1.0,1.7132074870877565,0.6993812272991674,1.0667703503622893e-76,-7.009558395466685,3.5652669622623336,0.8571428571428571,0.8571428571428571,7,7
8413,13,GLIS3,8413,-1.0,1.7132074870877565,0.16975421188055076,0.00011003466291126912,-5.007571830768318,2.546322172715021,0.8571428571428571,0.8571428571428571,7,7
8410,13,GLIS3,8410,-1.0,1.7132074870877565,0.6149043607469811,8.87260416976499e-55,-3.591210793892663,1.9361056052080599,0.8571428571428571,0.8571428571428571,7,7
8902,13,ETV7,8902,-1.0,1.5281756115753988,0.06503495715602708,0.1409091638283158,-5.91124624955896,2.808449796421497,0.85,0.68,25,20
8898,13,ETV7,8898,-1.0,1.5281756115753988,0.5850664779132676,1.5593233033926505e-48,-4.08047888362398,2.2261239017931658,0.85,0.68,25,20
8919,13,ETV7,8919,-1.0,1.5281756115753988,0.29448830795965397,9.632561980820699e-12,-3.5019844285918005,1.8450507627781216,0.85,0.68,25,20
8899,13,ETV7,8899,-1.0,1.5281756115753988,0.22576422040582422,2.304872875119464e-07,-5.152591192494557,2.577078189516458,0.85,0.68,25,20
8905,13,ETV7,8905,-1.0,1.5281756115753988,0.18095322675747333,3.681341537222219e-05,-3.583394086411925,1.8578741093429811,0.85,0.68,25,20
8909,13,ETV7,8909,-1.0,1.5281756115753988,0.19780211865970063,6.234287945357384e-06,-3.536333554355875,1.8851484090905033,0.85,0.68,25,20
8920,13,ETV7,8920,-1.0,1.5281756115753988,0.4928402062413662,8.246612764230702e-33,-4.017216962069138,2.079880846329984,0.85,0.68,25,20
8913,13,ETV7,8913,-1.0,1.5281756115753988,0.15907108761414068,0.0002938183742145056,-2.5979295394640354,1.3281415704472952,0.85,0.68,25,20
8896,13,ETV7,8896,-1.0,1.5281756115753988,0.31915208544449286,1.2366707972209658e-13,-6.24026289837788,3.3603791628083797,0.85,0.68,25,20
8901,13,ETV7,8901,-1.0,1.5281756115753988,0.18953196270618117,1.5198282507762154e-05,-4.908119672461442,2.4514251482032465,0.85,0.68,25,20
8907,13,ETV7,8907,-1.0,1.5281756115753988,0.29205006648564547,1.4493264300983604e-11,-3.9646858302802555,2.0366768979719,0.85,0.68,25,20
8915,13,ETV7,8915,-1.0,1.5281756115753988,0.181804119304343,3.378122541409371e-05,-3.828239511772288,1.9423867654598006,0.85,0.68,25,20
8904,13,ETV7,8904,-1.0,1.5281756115753988,0.3945614543201973,1.3567125786229267e-20,-4.009965870509432,2.17134409100559,0.85,0.68,25,20
8910,13,ETV7,8910,-1.0,1.5281756115753988,0.34029114063034005,2.119278754871691e-15,-3.1098340107658093,1.6742930626817862,0.85,0.68,25,20
8897,13,ETV7,8897,-1.0,1.5281756115753988,0.5332887518305921,4.112610527282044e-39,-5.1493797081568555,3.0467960734369317,0.85,0.68,25,20
8906,13,ETV7,8906,-1.0,1.5281756115753988,0.5139825310319736,5.341269955637431e-36,-4.054033261300764,2.249446185810608,0.85,0.68,25,20
8900,13,ETV7,8900,-1.0,1.5281756115753988,0.38998436112696216,4.067074713387577e-20,-6.164034700501128,3.1901483282701597,0.85,0.68,25,20
3287,13,ZNF219,3287,-1.0,1.454215250722781,0.390099769338221,3.9568677645217074e-20,-5.041161548607801,2.45136589551975,0.625,0.4,25,16
3286,13,ZNF219,3286,-1.0,1.454215250722781,0.6952424378791665,1.9043762673307414e-75,-3.089878524654998,1.5959976966451155,0.625,0.4,25,16
3295,13,ZNF219,3295,-1.0,1.454215250722781,0.5411983675835479,1.903245025669982e-40,-5.513146415359383,2.6994054392021334,0.625,0.4,25,16
3274,13,ZNF219,3274,-1.0,1.454215250722781,0.49055307352788813,1.7703389326999464e-32,-6.58036529964648,3.5265349505395966,0.625,0.4,25,16
3289,13,ZNF219,3289,-1.0,1.454215250722781,0.6899246466562438,7.194828564434698e-74,-3.617587186562192,1.8683477497775745,0.625,0.4,25,16
3288,13,ZNF219,3288,-1.0,1.454215250722781,0.29443281304642993,9.722968113149495e-12,-4.9216273904505,2.4166302434189606,0.625,0.4,25,16
3281,13,ZNF219,3281,-1.0,1.454215250722781,0.32440810764776024,4.633342300163529e-14,-2.686036871572842,1.3796951876433678,0.625,0.4,25,16
3292,13,ZNF219,3292,-1.0,1.454215250722781,0.45806168551218246,5.021531122275753e-28,-3.4759454859323506,1.7803296856589248,0.625,0.4,25,16
3294,13,ZNF219,3294,-1.0,1.454215250722781,0.2939058764738903,1.0623746279994775e-11,-4.952331787498667,2.430741311442894,0.625,0.4,25,16
3282,13,ZNF219,3282,-1.0,1.454215250722781,0.6258889072251859,2.997130735649452e-57,-7.011461685745659,3.251940059793675,0.625,0.4,25,16
8518,13,TNFRSF25,8518,-1.0,3.49273285469236,0.19040715636951042,1.3855260450805825e-05,-5.225934463459854,2.8067493448527547,1.0,0.375,8,3
8520,13,TNFRSF25,8520,-1.0,3.49273285469236,0.25053987139407335,8.491795436253743e-09,-5.6083460567635655,2.687565109749734,1.0,0.375,8,3
8525,13,TNFRSF25,8525,-1.0,3.49273285469236,0.22708187112411002,1.9514574463857254e-07,-3.176930059803035,1.6412667062334068,1.0,0.375,8,3
5159,13,ELK3,5159,-1.0,2.80351685643671,0.5915025623318115,7.956646342970947e-50,-5.455707306985472,2.709789028480064,0.75,0.5217391304347826,23,16
5155,13,ELK3,5155,-1.0,2.80351685643671,0.528348997612084,2.6909230039960237e-38,-5.461803500048197,2.737251487699638,0.75,0.5217391304347826,23,16
5157,13,ELK3,5157,-1.0,2.80351685643671,0.5413999342986179,1.7580017165075648e-40,-5.364128211818278,2.5979170596989767,0.75,0.5217391304347826,23,16
5171,13,ELK3,5171,-1.0,2.80351685643671,0.695221406367467,1.93222976002247e-75,-3.716181583648857,1.9920564636641611,0.75,0.5217391304347826,23,16
5154,13,ELK3,5154,-1.0,2.80351685643671,0.3337887804396337,7.657191109335924e-15,-5.7414319492292085,2.810763699769808,0.75,0.5217391304347826,23,16
5169,13,ELK3,5169,-1.0,2.80351685643671,0.20486437657363538,2.8263966644998853e-06,-4.85001102888346,2.41421101202992,0.75,0.5217391304347826,23,16
5160,13,ELK3,5160,-1.0,2.80351685643671,0.5262443441912932,5.934940639319152e-38,-3.7521558327855535,1.909356076304133,0.75,0.5217391304347826,23,16
5174,13,ELK3,5174,-1.0,2.80351685643671,0.6328765828035138,7.119887383855665e-59,-7.37490057654768,3.6487579004981194,0.75,0.5217391304347826,23,16
5158,13,ELK3,5158,-1.0,2.80351685643671,0.3415246653018277,1.6552501931197339e-15,-3.570902691854876,1.8167958784119524,0.75,0.5217391304347826,23,16
5167,13,ELK3,5167,-1.0,2.80351685643671,0.17234665498445725,8.591164812336803e-05,-3.6818457304221757,1.9554024570969208,0.75,0.5217391304347826,23,16
5172,13,ELK3,5172,-1.0,2.80351685643671,0.2050753102645044,2.759213252819478e-06,-2.9437393422719853,1.5254223804925588,0.75,0.5217391304347826,23,16
5166,13,ELK3,5166,-1.0,2.80351685643671,0.5090325261607042,3.1210637324198406e-35,-5.464774315913349,2.610452178792677,0.75,0.5217391304347826,23,16
10355,13,MECOM,10355,-1.0,1.9544664262734741,0.1861993517787644,2.153392066505397e-05,-3.4800996473148285,1.7724227366430865,1.0,0.8,25,20
10335,13,MECOM,10335,-1.0,1.9544664262734741,0.40053997080773157,3.150658617534395e-21,-2.5466214192149903,1.3778643922528189,1.0,0.8,25,20
10348,13,MECOM,10348,-1.0,1.9544664262734741,0.3817089914793658,2.8351471938769183e-19,-3.0269480338960872,1.6519099023059134,1.0,0.8,25,20
10346,13,MECOM,10346,-1.0,1.9544664262734741,0.2312720905433089,1.1417067140213798e-07,-6.179322100064232,2.998168315599348,1.0,0.8,25,20
10342,13,MECOM,10342,-1.0,1.9544664262734741,0.29042781231850107,1.897919229776828e-11,-4.3472335195532885,2.5150801610575844,1.0,0.8,25,20
10337,13,MECOM,10337,-1.0,1.9544664262734741,0.4197542008345887,2.3522092232261085e-23,-4.162554241032622,2.133951172513355,1.0,0.8,25,20
10343,13,MECOM,10343,-1.0,1.9544664262734741,-0.26997263473367417,4.91808016593527e-10,8.93725458313425,3.8265359631596514,1.0,0.8,25,20
10334,13,MECOM,10334,-1.0,1.9544664262734741,0.3115939963870868,4.907429001591929e-13,-5.463431969610675,2.71643773230451,1.0,0.8,25,20
10349,13,MECOM,10349,-1.0,1.9544664262734741,0.4463942334776157,1.5374050376281107e-26,-4.987609196010767,2.545258030773108,1.0,0.8,25,20
10338,13,MECOM,10338,-1.0,1.9544664262734741,0.2735419827192552,2.8410150985606115e-10,-5.525650881351183,2.921863828074873,1.0,0.8,25,20
10344,13,MECOM,10344,-1.0,1.9544664262734741,-0.2373196222015884,5.172082850673404e-08,9.419659403366726,4.559715817229095,1.0,0.8,25,20
10340,13,MECOM,10340,-1.0,1.9544664262734741,0.6660294913930969,3.4881217922865205e-67,-5.368678718686598,2.727840271195642,1.0,0.8,25,20
10352,13,MECOM,10352,-1.0,1.9544664262734741,0.2268081963689272,2.020269560406456e-07,-4.69479578277698,2.315067211431302,1.0,0.8,25,20
10336,13,MECOM,10336,-1.0,1.9544664262734741,0.33739488938684087,3.769685197061708e-15,-4.759578169694187,2.768726783279913,1.0,0.8,25,20
10350,13,MECOM,10350,-1.0,1.9544664262734741,0.2316400536303548,1.088673613003971e-07,-2.965206248866143,1.5158103560882974,1.0,0.8,25,20
10353,13,MECOM,10353,-1.0,1.9544664262734741,0.15104429629600175,0.0005907948705213555,-2.8624144520200034,1.479121756207032,1.0,0.8,25,20
10341,13,MECOM,10341,-1.0,1.9544664262734741,0.4089317207112451,3.8583087343669354e-22,-2.8515673036808695,1.4680596576077667,1.0,0.8,25,20
10356,13,MECOM,10356,-1.0,1.9544664262734741,0.2808446007668991,9.015203833016313e-11,-7.925278540039078,3.549575198930888,1.0,0.8,25,20
10351,13,MECOM,10351,-1.0,1.9544664262734741,0.21721765029853926,6.62096889810187e-07,-3.635521440362563,1.898598359261262,1.0,0.8,25,20
10358,13,MECOM,10358,-1.0,1.9544664262734741,0.25245621325422657,6.478375514245529e-09,-4.829134811895115,2.422476274421509,1.0,0.8,25,20
8170,13,HMGA1,8170,-1.0,2.3204086712069114,0.3621494204956942,2.2509468639440705e-17,-4.749535531294086,2.348617935960433,1.0,0.76,25,19
8187,13,HMGA1,8187,-1.0,2.3204086712069114,-0.47158079425327204,8.051623024677867e-30,4.837109570100244,2.47760759636716,1.0,0.76,25,19
8172,13,HMGA1,8172,-1.0,2.3204086712069114,0.35726737038281553,6.406463924983796e-17,-5.882148949014691,2.953922666412223,1.0,0.76,25,19
8171,13,HMGA1,8171,-1.0,2.3204086712069114,0.48347040267612734,1.8187162780067145e-31,-4.938915834704957,2.4367403178112115,1.0,0.76,25,19
8174,13,HMGA1,8174,-1.0,2.3204086712069114,-0.2975266544586695,5.758042994628529e-12,8.659674661518707,4.252718043066641,1.0,0.76,25,19
8182,13,HMGA1,8182,-1.0,2.3204086712069114,0.17138291688951895,9.422990969776457e-05,-3.185024768773386,1.6397518072402166,1.0,0.76,25,19
8178,13,HMGA1,8178,-1.0,2.3204086712069114,0.25133809679399793,7.58857523134212e-09,-5.133178494079209,2.791944747767851,1.0,0.76,25,19
8167,13,HMGA1,8167,-1.0,2.3204086712069114,0.3442103363252426,9.627970642708893e-16,-6.306202941158552,3.3377011923360578,1.0,0.76,25,19
8169,13,HMGA1,8169,-1.0,2.3204086712069114,0.2691812136463582,5.548393253445153e-10,-3.6270632446575637,1.890635760900211,1.0,0.76,25,19
8181,13,HMGA1,8181,-1.0,2.3204086712069114,0.3500203356160919,2.92823057821902e-16,-6.405489386965433,3.2103023296362894,1.0,0.76,25,19
8164,13,HMGA1,8164,-1.0,2.3204086712069114,0.3683880914808902,5.759960559338451e-18,-5.278816040734839,2.635960196075103,1.0,0.76,25,19
8180,13,HMGA1,8180,-1.0,2.3204086712069114,0.24405306391790113,2.0878346040322022e-08,-2.9401359616564475,1.5031607750031626,1.0,0.76,25,19
8186,13,HMGA1,8186,-1.0,2.3204086712069114,0.37443783233157507,1.4926052753517866e-18,-4.1766027191636335,2.191074645992645,1.0,0.76,25,19
8185,13,HMGA1,8185,-1.0,2.3204086712069114,0.44070733038759624,7.771731488900337e-26,-7.793564850317622,3.4756593075911835,1.0,0.76,25,19
8177,13,HMGA1,8177,-1.0,2.3204086712069114,0.341812037049924,1.56239825349453e-15,-7.564263190901952,3.5412104316079565,1.0,0.76,25,19
8183,13,HMGA1,8183,-1.0,2.3204086712069114,0.29448813122426154,9.632848590906824e-12,-5.687563682846919,2.7185394166966326,1.0,0.76,25,19
8163,13,HMGA1,8163,-1.0,2.3204086712069114,0.25896785205303563,2.5399715737128283e-09,-4.908088612837362,2.6789460449307416,1.0,0.76,25,19
8166,13,HMGA1,8166,-1.0,2.3204086712069114,0.17202093165620286,8.86424108334758e-05,-4.283577705378317,2.1934103415935553,1.0,0.76,25,19
8165,13,HMGA1,8165,-1.0,2.3204086712069114,0.3629625800362794,1.8877406878060795e-17,-5.242776606230465,2.8457043477714565,1.0,0.76,25,19
11188,13,PAX6,11188,1.0,2.0867479310247643,-0.33837709633028845,3.1029647537481947e-15,-3.7548853061956686,1.9100797042757358,0.5625,0.36,25,16
11196,13,PAX6,11196,1.0,2.0867479310247643,0.5837505061812099,2.841910429647352e-48,8.61374352393113,3.656726659381995,0.5625,0.36,25,16
11190,13,PAX6,11190,1.0,2.0867479310247643,0.4307648157831775,1.2285046415235113e-24,4.447376800222768,2.278847181349979,0.5625,0.36,25,16
11198,13,PAX6,11198,1.0,2.0867479310247643,0.1553258879130886,0.0004087312216721446,3.191482141090381,1.650711928565126,0.5625,0.36,25,16
11180,13,PAX6,11180,1.0,2.0867479310247643,-0.24329849215990754,2.3143560533792455e-08,-4.983240050345731,2.560166374757055,0.5625,0.36,25,16
11184,13,PAX6,11184,1.0,2.0867479310247643,0.7074794197158494,3.277838462170148e-79,8.683752377947771,4.329950401112955,0.5625,0.36,25,16
11186,13,PAX6,11186,1.0,2.0867479310247643,-0.17831156284677416,4.795314776753479e-05,-6.514487073845767,3.075587812835991,0.5625,0.36,25,16
11189,13,PAX6,11189,1.0,2.0867479310247643,-0.2786993865735448,1.2674840978550222e-10,-2.9910948173375314,1.5792803108602744,0.5625,0.36,25,16
11202,13,PAX6,11202,1.0,2.0867479310247643,0.479436240608447,6.691795250573108e-31,4.4606501512416035,2.226343406522319,0.5625,0.36,25,16
8857,13,HOXA7,8857,-1.0,19.213265792997845,0.45354514512303384,1.9180903360216657e-27,-5.746130062638775,2.8414208604962634,0.7857142857142857,0.5,22,14
8876,13,HOXA7,8876,-1.0,19.213265792997845,-0.1058903749068595,0.016323035888057547,7.823277552777954,3.3921548991551767,0.7857142857142857,0.5,22,14
8860,13,HOXA7,8860,-1.0,19.213265792997845,0.5903207929231401,1.3809441950868253e-49,-4.990053139273184,2.447777250861151,0.7857142857142857,0.5,22,14
8863,13,HOXA7,8863,-1.0,19.213265792997845,0.434253928693299,4.711625190106934e-25,-2.620060949665832,1.358796465982274,0.7857142857142857,0.5,22,14
8859,13,HOXA7,8859,-1.0,19.213265792997845,0.5588281377644747,1.4925203585143662e-43,-3.7467786508653464,2.0411112931596045,0.7857142857142857,0.5,22,14
8856,13,HOXA7,8856,-1.0,19.213265792997845,0.4680507427570723,2.411707118025675e-29,-5.025168073457199,2.767641423898193,0.7857142857142857,0.5,22,14
8873,13,HOXA7,8873,-1.0,19.213265792997845,0.49676520943739233,2.1929586289551567e-33,-3.2688318603851805,1.7560746683493313,0.7857142857142857,0.5,22,14
8865,13,HOXA7,8865,-1.0,19.213265792997845,0.4400195811253481,9.434685235037635e-26,-5.643143272087132,2.988084238212319,0.7857142857142857,0.5,22,14
8877,13,HOXA7,8877,-1.0,19.213265792997845,0.1834701550880695,2.8515953354054555e-05,-3.6680074066695707,1.878015482189202,0.7857142857142857,0.5,22,14
8858,13,HOXA7,8858,-1.0,19.213265792997845,0.5234290070657831,1.6950386023677853e-37,-4.595477492719883,2.4146495010869087,0.7857142857142857,0.5,22,14
8868,13,HOXA7,8868,-1.0,19.213265792997845,0.5094542480501049,2.6882822224458674e-35,-4.725893042181549,2.3443818275368584,0.7857142857142857,0.5,22,14
9060,13,ATF5,9060,-1.0,2.931550104501561,0.2919290911095249,1.4788538366374915e-11,-2.615540279970952,1.3518038485172326,1.0,0.68,25,17
9057,13,ATF5,9057,-1.0,2.931550104501561,0.294246799045894,1.003208774894446e-11,-3.573567203263208,1.8205173795604803,1.0,0.68,25,17
9048,13,ATF5,9048,-1.0,2.931550104501561,0.5278265677920515,3.276389640451271e-38,-5.4216128953201705,2.786695817133539,1.0,0.68,25,17
9054,13,ATF5,9054,-1.0,2.931550104501561,0.2839336703235429,5.4910779779349525e-11,-4.437316134280413,2.2561767614566803,1.0,0.68,25,17
9059,13,ATF5,9059,-1.0,2.931550104501561,0.40550340756882575,9.164559670116921e-22,-5.285130138472346,2.746220920983994,1.0,0.68,25,17
9043,13,ATF5,9043,-1.0,2.931550104501561,0.31813788939501486,1.4913088387479728e-13,-3.710933993133811,2.109933872062558,1.0,0.68,25,17
9039,13,ATF5,9039,-1.0,2.931550104501561,0.39122477847875453,3.025546536817492e-20,-5.3365106693196465,2.9468850084320013,1.0,0.68,25,17
9046,13,ATF5,9046,-1.0,2.931550104501561,0.42103137914800737,1.6794508236360965e-23,-6.059125915139101,2.8676458074922864,1.0,0.68,25,17
9041,13,ATF5,9041,-1.0,2.931550104501561,0.5371683587975896,9.202587994636049e-40,-4.716599913275869,2.710533555426666,1.0,0.68,25,17
9045,13,ATF5,9045,-1.0,2.931550104501561,0.3554979840014704,9.318087598355021e-17,-5.370202100652517,2.5971889718770464,1.0,0.68,25,17
9044,13,ATF5,9044,-1.0,2.931550104501561,0.567359889151562,4.009800193614714e-45,-6.835359289896102,3.6420698568185284,1.0,0.68,25,17
9049,13,ATF5,9049,-1.0,2.931550104501561,0.4526610937579048,2.4876006111782664e-27,-3.2509627566719166,1.676485567414939,1.0,0.68,25,17
9055,13,ATF5,9055,-1.0,2.931550104501561,0.5321420926044855,6.378004339822228e-39,-2.8216149814330356,1.452798193486647,1.0,0.68,25,17
9050,13,ATF5,9050,-1.0,2.931550104501561,-0.2778294066042924,1.4540735686797472e-10,5.696264947390509,2.8016137299929023,1.0,0.68,25,17
9042,13,ATF5,9042,-1.0,2.931550104501561,0.45238741900272195,2.6956760751965715e-27,-5.202943071248707,2.738151363881197,1.0,0.68,25,17
9040,13,ATF5,9040,-1.0,2.931550104501561,0.512206428705716,1.0096593826050367e-35,-5.472506153441384,2.762083809300768,1.0,0.68,25,17
9052,13,ATF5,9052,-1.0,2.931550104501561,0.2879135746257463,2.8728376836770586e-11,-3.6149019700475127,1.9303023490191304,1.0,0.68,25,17
755,13,ARID5A,755,-1.0,2.860154670655591,0.3331105583711713,8.739809832767878e-15,-5.157376673114783,2.603807283622962,0.8,0.32,25,10
757,13,ARID5A,757,-1.0,2.860154670655591,0.45753801854440296,5.871723503804274e-28,-5.246575356765748,2.5671554618656716,0.8,0.32,25,10
760,13,ARID5A,760,-1.0,2.860154670655591,0.7139457258864993,2.7968459500663932e-81,-6.3977469068083765,3.4797380550331907,0.8,0.32,25,10
762,13,ARID5A,762,-1.0,2.860154670655591,0.5672687820567626,4.170028218846148e-45,-5.351761359699497,2.9568463915757475,0.8,0.32,25,10
753,13,ARID5A,753,-1.0,2.860154670655591,0.6714578306039866,1.1989652452957184e-68,-5.064759572393218,2.823676851835438,0.8,0.32,25,10
761,13,ARID5A,761,-1.0,2.860154670655591,0.5336306464472541,3.607078098456614e-39,-5.361650095905948,2.6495901633571006,0.8,0.32,25,10
765,13,ARID5A,765,-1.0,2.860154670655591,0.3466389457203635,5.871703637242432e-16,-4.739724287431565,2.346693550411896,0.8,0.32,25,10
754,13,ARID5A,754,-1.0,2.860154670655591,0.4851607883370548,1.0482088036041866e-31,-5.848495060273186,2.9736601941679113,0.8,0.32,25,10
7546,13,CTF1,7546,-1.0,2.6921067911298544,0.35720595483394496,6.490573910258946e-17,-4.923171866618463,2.416986792181153,0.6363636363636364,0.3333333333333333,21,11
7536,13,CTF1,7536,-1.0,2.6921067911298544,0.4901798967467654,2.0042589420097634e-32,-5.690938915517543,3.03638291283826,0.6363636363636364,0.3333333333333333,21,11
7541,13,CTF1,7541,-1.0,2.6921067911298544,0.29050955243750143,1.8723830340676583e-11,-5.571949288053011,2.8963016851595387,0.6363636363636364,0.3333333333333333,21,11
7537,13,CTF1,7537,-1.0,2.6921067911298544,0.6541177026784912,4.4562455262601605e-64,-4.190159276848734,2.3451175829778763,0.6363636363636364,0.3333333333333333,21,11
7538,13,CTF1,7538,-1.0,2.6921067911298544,0.4643631859293885,7.484013527809918e-29,-4.958592081522185,2.5933281841017064,0.6363636363636364,0.3333333333333333,21,11
7550,13,CTF1,7550,-1.0,2.6921067911298544,0.25278308536253186,6.1847426471949126e-09,-2.926180099429972,1.524157719585416,0.6363636363636364,0.3333333333333333,21,11
7549,13,CTF1,7549,-1.0,2.6921067911298544,0.5404658877496084,2.5385162229708672e-40,-2.525685391699991,1.3068879920295844,0.6363636363636364,0.3333333333333333,21,11
7325,13,ZNF75A,7325,-1.0,2.276163558550187,0.6080947460765296,2.702896605283052e-53,-3.0174147745912254,1.5447738965006292,1.0,0.7727272727272727,22,17
7327,13,ZNF75A,7327,-1.0,2.276163558550187,0.2878253836649221,2.9146987653098756e-11,-3.745552517776803,1.924404674965557,1.0,0.7727272727272727,22,17
7322,13,ZNF75A,7322,-1.0,2.276163558550187,0.26564403150220006,9.465826292845911e-10,-6.353959313836603,3.209446744234677,1.0,0.7727272727272727,22,17
7321,13,ZNF75A,7321,-1.0,2.276163558550187,0.49701301722441044,2.0158639819492082e-33,-5.468184890495299,2.6967436636613558,1.0,0.7727272727272727,22,17
7334,13,ZNF75A,7334,-1.0,2.276163558550187,0.6017656749381041,6.0122093074613515e-52,-3.6979058668838753,1.8934213383343779,1.0,0.7727272727272727,22,17
7320,13,ZNF75A,7320,-1.0,2.276163558550187,0.48274172265312526,2.304185792332687e-31,-4.859332408753334,2.437876308511298,1.0,0.7727272727272727,22,17
7338,13,ZNF75A,7338,-1.0,2.276163558550187,0.30149286176795925,2.914579786038366e-12,-2.7439867576288965,1.4391606874310519,1.0,0.7727272727272727,22,17
7328,13,ZNF75A,7328,-1.0,2.276163558550187,0.3777555091183312,7.03152195967214e-19,-2.6628693127551237,1.362559210657395,1.0,0.7727272727272727,22,17
7336,13,ZNF75A,7336,-1.0,2.276163558550187,-0.37510509680570664,1.2838081640533957e-18,7.716191297193308,3.354219990707418,1.0,0.7727272727272727,22,17
7339,13,ZNF75A,7339,-1.0,2.276163558550187,0.02890608966095745,0.5131842884561457,-3.4095878601835237,2.0996171167969493,1.0,0.7727272727272727,22,17
7331,13,ZNF75A,7331,-1.0,2.276163558550187,0.3926068492475822,2.1727536244293684e-20,-5.5409412698242,2.716970641028059,1.0,0.7727272727272727,22,17
7330,13,ZNF75A,7330,-1.0,2.276163558550187,0.20599769227761333,2.4829652729221402e-06,-2.763760155270682,1.4382949468757522,1.0,0.7727272727272727,22,17
7326,13,ZNF75A,7326,-1.0,2.276163558550187,0.3367703948776782,4.26473689532332e-15,-4.187921757209296,2.2187124289513562,1.0,0.7727272727272727,22,17
7323,13,ZNF75A,7323,-1.0,2.276163558550187,0.24166368977990038,2.889618675551499e-08,-6.027278002549634,3.0802367201855065,1.0,0.7727272727272727,22,17
7335,13,ZNF75A,7335,-1.0,2.276163558550187,0.44851037469891475,8.346807038634707e-27,-4.395751341146742,2.214033039569296,1.0,0.7727272727272727,22,17
7324,13,ZNF75A,7324,-1.0,2.276163558550187,0.21742169130910338,6.459421407021943e-07,-3.383215304882649,1.8892103805210414,1.0,0.7727272727272727,22,17
7332,13,ZNF75A,7332,-1.0,2.276163558550187,0.3506270682183151,2.582263641196333e-16,-3.1805510105028865,1.6287216452766455,1.0,0.7727272727272727,22,17
4084,13,FOXD1,4084,-1.0,2.793235014823652,0.4889596272297103,3.0042305417063675e-32,-3.1859360544374087,1.646851887426135,1.0,0.68,25,17
4066,13,FOXD1,4066,-1.0,2.793235014823652,0.45849389191437795,4.412475305664758e-28,-4.866748919877025,2.77962721533112,1.0,0.68,25,17
4079,13,FOXD1,4079,-1.0,2.793235014823652,0.25415145913844595,5.089614094335847e-09,-3.292956952901109,1.682396013767354,1.0,0.68,25,17
4072,13,FOXD1,4072,-1.0,2.793235014823652,0.664955382045584,6.738820178448596e-67,-5.369868682047872,2.6079676588424654,1.0,0.68,25,17
4073,13,FOXD1,4073,-1.0,2.793235014823652,0.37874858528841343,5.603604950432786e-19,-6.3294127789195285,3.281635324760994,1.0,0.68,25,17
4068,13,FOXD1,4068,-1.0,2.793235014823652,0.5198287610782716,6.394775228702847e-37,-6.7869282018749955,3.670294448909353,1.0,0.68,25,17
4070,13,FOXD1,4070,-1.0,2.793235014823652,0.42526516384144103,5.440813070549007e-24,-2.6576794932334953,1.3976238837428725,1.0,0.68,25,17
4088,13,FOXD1,4088,-1.0,2.793235014823652,0.39182886005009127,2.6184092076316466e-20,-4.107630720673057,2.0887146131573195,1.0,0.68,25,17
4083,13,FOXD1,4083,-1.0,2.793235014823652,0.5336185400728725,3.62387879412395e-39,-2.9043185150068167,1.578956319309311,1.0,0.68,25,17
4071,13,FOXD1,4071,-1.0,2.793235014823652,0.35097240917512956,2.403630912971604e-16,-4.609515451917568,2.35132239134131,1.0,0.68,25,17
4074,13,FOXD1,4074,-1.0,2.793235014823652,0.522210270491309,2.6616796393362085e-37,-4.258407585885915,2.1428345342304156,1.0,0.68,25,17
4075,13,FOXD1,4075,-1.0,2.793235014823652,0.4560022763518546,9.274783498140763e-28,-5.312356623477945,2.6056574993680095,1.0,0.68,25,17
4077,13,FOXD1,4077,-1.0,2.793235014823652,0.4048443612904423,1.0810360753828705e-21,-4.649879766575192,2.6679610689935793,1.0,0.68,25,17
4067,13,FOXD1,4067,-1.0,2.793235014823652,0.3612839472789488,2.7130945085570866e-17,-4.943162756948236,2.49648159887155,1.0,0.68,25,17
4081,13,FOXD1,4081,-1.0,2.793235014823652,0.16658684854505904,0.00014815993491238265,-3.521893451901643,1.8071462719381588,1.0,0.68,25,17
4069,13,FOXD1,4069,-1.0,2.793235014823652,0.3187152839220942,1.3406412683126642e-13,-4.785839829869546,2.544753478545753,1.0,0.68,25,17
4065,13,FOXD1,4065,-1.0,2.793235014823652,0.45272745789776353,2.439585484365953e-27,-4.236258492241793,2.2865814683533308,1.0,0.68,25,17
6588,13,GMEB2,6588,-1.0,1.4991330367938691,0.33802238839767496,3.329182366836205e-15,-3.9790091408948856,2.1263871134964676,1.0,0.4,5,2
6585,13,GMEB2,6585,-1.0,1.4991330367938691,0.3357190843957892,5.2460169394595496e-15,-3.505854906145957,1.9246484527622671,1.0,0.4,5,2
343,13,POU3F2,343,-1.0,2.731195953924265,0.4301278614288483,1.4616266244129534e-24,-5.211407509474028,2.617363205010543,0.8571428571428571,0.48,25,14
350,13,POU3F2,350,-1.0,2.731195953924265,0.4373444977080734,1.997321924320562e-25,-5.046216739853167,2.4739992954227046,0.8571428571428571,0.48,25,14
346,13,POU3F2,346,-1.0,2.731195953924265,0.25859706119971076,2.6809377527304543e-09,-5.816031081468899,3.0284004072689963,0.8571428571428571,0.48,25,14
347,13,POU3F2,347,-1.0,2.731195953924265,0.5838581380352017,2.7060433938801508e-48,-4.730890209821555,2.3732746064632972,0.8571428571428571,0.48,25,14
360,13,POU3F2,360,-1.0,2.731195953924265,0.4959334290797323,2.9077596339316812e-33,-3.6835816512240673,1.8707921811406076,0.8571428571428571,0.48,25,14
359,13,POU3F2,359,-1.0,2.731195953924265,0.3960750162209952,9.401029141934805e-21,-3.711971864276275,1.9628573988916878,0.8571428571428571,0.48,25,14
348,13,POU3F2,348,-1.0,2.731195953924265,0.5241582479867077,1.2928116095052188e-37,-4.243853340355834,2.1702779087276527,0.8571428571428571,0.48,25,14
355,13,POU3F2,355,-1.0,2.731195953924265,0.4606841736328026,2.2849517325530483e-28,-2.8392909376579873,1.4558896855689594,0.8571428571428571,0.48,25,14
356,13,POU3F2,356,-1.0,2.731195953924265,0.42930533491246414,1.8282853361834028e-24,-3.9513276551808207,2.0075813363611177,0.8571428571428571,0.48,25,14
345,13,POU3F2,345,-1.0,2.731195953924265,0.12452868536924774,0.004692764660652011,-4.4904665436350015,2.6405937629641714,0.8571428571428571,0.48,25,14
361,13,POU3F2,361,-1.0,2.731195953924265,0.2476331043947244,1.2747770911699994e-08,-2.7240033611172256,1.430647230865447,0.8571428571428571,0.48,25,14
354,13,POU3F2,354,-1.0,2.731195953924265,0.18492818246868858,2.455555448130054e-05,-6.2842363272587365,3.2022497375820436,0.8571428571428571,0.48,25,14
6477,13,CREB5,6477,-1.0,2.6732364702197264,0.29947286460014394,4.12802513699885e-12,-5.869416571304287,3.20464414485859,1.0,0.5833333333333334,12,7
6476,13,CREB5,6476,-1.0,2.6732364702197264,0.5238411846926826,1.4545222012880224e-37,-4.421052749658814,2.2406039605531287,1.0,0.5833333333333334,12,7
6482,13,CREB5,6482,-1.0,2.6732364702197264,0.4439316908871477,3.1127690831494354e-26,-2.8020302872989142,1.4310614555444487,1.0,0.5833333333333334,12,7
6483,13,CREB5,6483,-1.0,2.6732364702197264,0.2792717441419398,1.1576805672226552e-10,-2.8204837836264964,1.4461961484291166,1.0,0.5833333333333334,12,7
6481,13,CREB5,6481,-1.0,2.6732364702197264,0.273858073968622,2.7052063294694987e-10,-3.9133928225939845,2.04428667909872,1.0,0.5833333333333334,12,7
6486,13,CREB5,6486,-1.0,2.6732364702197264,0.44896149178810046,7.323691095591697e-27,-3.777062899063854,1.9490284089613117,1.0,0.5833333333333334,12,7
6478,13,CREB5,6478,-1.0,2.6732364702197264,0.49064877574289073,1.7148399358308064e-32,-3.4793325791446588,1.8387765216752987,1.0,0.5833333333333334,12,7
6814,13,TCF7L2,6814,-1.0,1.5373587129250363,0.32884416599783367,1.9931199154886732e-14,-2.6782614342388205,1.3679114992045687,0.6666666666666666,0.4,25,15
6819,13,TCF7L2,6819,-1.0,1.5373587129250363,0.4321712760361609,8.359606792755879e-25,-2.8965700033831743,1.486465484645548,0.6666666666666666,0.4,25,15
6810,13,TCF7L2,6810,-1.0,1.5373587129250363,0.5014301648874936,4.44194392493375e-34,-3.582034936369238,1.8687450268816659,0.6666666666666666,0.4,25,15
6804,13,TCF7L2,6804,-1.0,1.5373587129250363,0.48134621999447263,3.6191972002363046e-31,-2.575828200782201,1.3392316438239837,0.6666666666666666,0.4,25,15
6805,13,TCF7L2,6805,-1.0,1.5373587129250363,0.45596268762394954,9.384441599606028e-28,-3.6490723959187448,2.0569440779999795,0.6666666666666666,0.4,25,15
6815,13,TCF7L2,6815,-1.0,1.5373587129250363,0.5397159111118182,3.406710148005625e-40,-3.6431736826736594,1.9157675093711573,0.6666666666666666,0.4,25,15
6800,13,TCF7L2,6800,-1.0,1.5373587129250363,0.44363468706016357,3.387877343303429e-26,-4.967709935551845,2.849373369377321,0.6666666666666666,0.4,25,15
6817,13,TCF7L2,6817,-1.0,1.5373587129250363,0.1888692933522529,1.6296557209815866e-05,-2.905936533961759,1.543877018763501,0.6666666666666666,0.4,25,15
6816,13,TCF7L2,6816,-1.0,1.5373587129250363,0.27341473323670323,2.8975422701301806e-10,-4.806408556591909,2.3966574080599856,0.6666666666666666,0.4,25,15
6808,13,TCF7L2,6808,-1.0,1.5373587129250363,0.3504072977578244,2.7026706659004706e-16,-2.9656527961838246,1.5303514224016144,0.6666666666666666,0.4,25,15
1632,13,IRF7,1632,-1.0,3.0034102947812262,0.6531257752884598,7.967407822845988e-64,-7.267755459150296,3.4367171829314174,1.0,0.48,25,12
1622,13,IRF7,1622,-1.0,3.0034102947812262,0.44091631998914854,7.326397933212503e-26,-5.465065824716775,2.88810283396877,1.0,0.48,25,12
1616,13,IRF7,1616,-1.0,3.0034102947812262,0.6416735869618767,5.589616387384439e-61,-4.9312257907619115,2.7003695451818555,1.0,0.48,25,12
1621,13,IRF7,1621,-1.0,3.0034102947812262,0.7844352232753443,2.7047512284113334e-108,-6.494014484768303,3.47544893058571,1.0,0.48,25,12
1617,13,IRF7,1617,-1.0,3.0034102947812262,0.380631612527093,3.635879468071242e-19,-5.050241531263803,2.5427094075299843,1.0,0.48,25,12
1618,13,IRF7,1618,-1.0,3.0034102947812262,0.5235988804696566,1.5914769716702922e-37,-2.784741325791627,1.539470873019703,1.0,0.48,25,12
1628,13,IRF7,1628,-1.0,3.0034102947812262,0.44322448421432614,3.807741208126421e-26,-6.418613154567479,3.1997459413220506,1.0,0.48,25,12
1619,13,IRF7,1619,-1.0,3.0034102947812262,0.6363431591583949,1.0742423703273397e-59,-4.796692744946403,2.80906268836493,1.0,0.48,25,12
1625,13,IRF7,1625,-1.0,3.0034102947812262,0.371232382519014,3.0635621925876674e-18,-4.895331369608961,2.411872163766106,1.0,0.48,25,12
1620,13,IRF7,1620,-1.0,3.0034102947812262,0.2648606518752398,1.0643378747644068e-09,-5.718158035371802,2.7791523647504524,1.0,0.48,25,12
1629,13,IRF7,1629,-1.0,3.0034102947812262,0.7655126950136981,4.092906414947602e-100,-2.889103992697916,1.590600898245682,1.0,0.48,25,12
1635,13,IRF7,1635,-1.0,3.0034102947812262,0.4746669476759407,3.053415146485224e-30,-4.294582510183009,2.2536033626624485,1.0,0.48,25,12
230,13,STAT6,230,-1.0,2.759984922185918,0.6071604344244315,4.29155438721904e-53,-4.260652447038037,2.382152340196545,0.8461538461538461,0.44,25,13
235,13,STAT6,235,-1.0,2.759984922185918,0.5833895241421652,3.3489444608930067e-48,-3.7819778536778528,2.452112463047618,0.8461538461538461,0.44,25,13
241,13,STAT6,241,-1.0,2.759984922185918,0.49981215236976756,7.75007392241284e-34,-7.010412353439939,3.768540236284777,0.8461538461538461,0.44,25,13
228,13,STAT6,228,-1.0,2.759984922185918,0.5901416998100758,1.5009882731116523e-49,-5.0584656789694735,2.758807113773046,0.8461538461538461,0.44,25,13
232,13,STAT6,232,-1.0,2.759984922185918,0.20740680356148328,2.1114376249317302e-06,-4.30207805361419,2.2008986381438573,0.8461538461538461,0.44,25,13
248,13,STAT6,248,-1.0,2.759984922185918,0.3129857876024983,3.8185543457775895e-13,-2.5494145915543704,1.3611698045265967,0.8461538461538461,0.44,25,13
234,13,STAT6,234,-1.0,2.759984922185918,0.553440386378915,1.3889355825066608e-42,-4.8890440394339345,3.14153946186819,0.8461538461538461,0.44,25,13
231,13,STAT6,231,-1.0,2.759984922185918,0.3862617835561415,9.808312825037064e-20,-5.070748564518105,2.660946343623329,0.8461538461538461,0.44,25,13
242,13,STAT6,242,-1.0,2.759984922185918,0.5623678212568936,3.3709563361400977e-44,-3.2346646712000435,1.6929968484534237,0.8461538461538461,0.44,25,13
238,13,STAT6,238,-1.0,2.759984922185918,0.31375997698905195,3.319282095714598e-13,-2.670468320098226,1.3948238307438474,0.8461538461538461,0.44,25,13
236,13,STAT6,236,-1.0,2.759984922185918,0.37418501235269935,1.5801627209726985e-18,-7.912116997711681,4.063842718736797,0.8461538461538461,0.44,25,13
3832,13,POU2F2,3832,-1.0,2.9073691246388473,0.44056576533825725,8.08848268732686e-26,-7.468962753264106,4.453133732008205,1.0,0.64,25,16
3830,13,POU2F2,3830,-1.0,2.9073691246388473,0.22827775115700932,1.6763760994897648e-07,-5.545159134692389,2.82764796578005,1.0,0.64,25,16
3836,13,POU2F2,3836,-1.0,2.9073691246388473,0.40921511591301174,3.5904114425983597e-22,-2.8944213829453846,1.5555022915658763,1.0,0.64,25,16
3842,13,POU2F2,3842,-1.0,2.9073691246388473,0.29098771004172946,1.7295880074460712e-11,-3.2086682408465563,1.7615924765740307,1.0,0.64,25,16
3826,13,POU2F2,3826,-1.0,2.9073691246388473,0.2320318759953793,1.0348168098972934e-07,-4.444216987837284,2.2770050247669684,1.0,0.64,25,16
3825,13,POU2F2,3825,-1.0,2.9073691246388473,0.36520464522468704,1.159025112534399e-17,-5.742906885209369,3.5732222930006166,1.0,0.64,25,16
3827,13,POU2F2,3827,-1.0,2.9073691246388473,0.39203731944546627,2.4908508887113772e-20,-5.244686081771202,2.559472890237302,1.0,0.64,25,16
3844,13,POU2F2,3844,-1.0,2.9073691246388473,0.3932253347534023,1.8725865524833406e-20,-7.589564361504669,3.8622588168489913,1.0,0.64,25,16
3843,13,POU2F2,3843,-1.0,2.9073691246388473,0.33509273416500596,5.932658237870647e-15,-3.1233161570815025,1.8532510134973605,1.0,0.64,25,16
3824,13,POU2F2,3824,-1.0,2.9073691246388473,0.48975573180492565,2.3074637432369644e-32,-9.996115806652577,4.799457593154891,1.0,0.64,25,16
3823,13,POU2F2,3823,-1.0,2.9073691246388473,0.6126199674320857,2.8173336622861257e-54,-5.585083439565856,3.0572432452647904,1.0,0.64,25,16
3835,13,POU2F2,3835,-1.0,2.9073691246388473,0.3773759698630809,7.667195067427996e-19,-2.571711131503729,1.3594677158538537,1.0,0.64,25,16
3831,13,POU2F2,3831,-1.0,2.9073691246388473,0.32960757452544887,1.7213919790786188e-14,-5.975583318151956,3.0982287749348307,1.0,0.64,25,16
3834,13,POU2F2,3834,-1.0,2.9073691246388473,0.31552450314710506,2.408128770747062e-13,-4.732376202130242,2.384358374229973,1.0,0.64,25,16
3829,13,POU2F2,3829,-1.0,2.9073691246388473,0.26070701668227464,1.969296917054984e-09,-3.308055243517014,1.9747149803923296,1.0,0.64,25,16
3828,13,POU2F2,3828,-1.0,2.9073691246388473,0.38264719131009756,2.281237479580319e-19,-5.762327956438642,3.2209944390181398,1.0,0.64,25,16
2696,13,SP3,2696,-1.0,2.408409696981715,0.27611330594376593,1.90381811887315e-10,-3.911059127511046,2.023461896295177,0.8571428571428571,0.48,25,14
2690,13,SP3,2690,-1.0,2.408409696981715,0.23595116005797806,6.198728595235812e-08,-5.224371546567921,2.6252943503176804,0.8571428571428571,0.48,25,14
2689,13,SP3,2689,-1.0,2.408409696981715,0.4741773022712044,3.563551249768546e-30,-5.184549444828941,2.5716427410458915,0.8571428571428571,0.48,25,14
2694,13,SP3,2694,-1.0,2.408409696981715,0.3435672845998744,1.0967027142657195e-15,-5.187550787868065,2.53001778058703,0.8571428571428571,0.48,25,14
2703,13,SP3,2703,-1.0,2.408409696981715,0.6094030298190164,1.4110845031335897e-53,-3.9057547490154816,1.9710063910773494,0.8571428571428571,0.48,25,14
2705,13,SP3,2705,-1.0,2.408409696981715,0.4844617114922852,1.3169876515614192e-31,-2.9115733601633393,1.494916427492698,0.8571428571428571,0.48,25,14
2708,13,SP3,2708,-1.0,2.408409696981715,0.1942689130618722,9.16505267008603e-06,-4.157052900553959,2.097553324966514,0.8571428571428571,0.48,25,14
2707,13,SP3,2707,-1.0,2.408409696981715,0.22616629342360978,2.1909642088674331e-07,-5.103877582117147,2.5561210754378005,0.8571428571428571,0.48,25,14
2701,13,SP3,2701,-1.0,2.408409696981715,0.25005163987247664,9.094717775567693e-09,-3.3427149954788224,1.7138332002791814,0.8571428571428571,0.48,25,14
2710,13,SP3,2710,-1.0,2.408409696981715,0.4137461695365181,1.1256060127584167e-22,-4.178653328939285,2.1329800118364832,0.8571428571428571,0.48,25,14
2695,13,SP3,2695,-1.0,2.408409696981715,0.312214602717616,4.388753565188589e-13,-5.441530686057486,2.6176040090690154,0.8571428571428571,0.48,25,14
2691,13,SP3,2691,-1.0,2.408409696981715,0.745171246653902,3.839735894587584e-92,-4.375184039484112,2.241380562864599,0.8571428571428571,0.48,25,14
9141,13,HOXA4,9141,-1.0,2.37570257017399,0.13983894810533282,0.0014815190090699706,-2.4180952814211296,1.3027899029356282,0.8571428571428571,0.5,24,14
9140,13,HOXA4,9140,-1.0,2.37570257017399,0.3752306240691455,1.247876375225711e-18,-4.700194676877148,2.3375655004444797,0.8571428571428571,0.5,24,14
9147,13,HOXA4,9147,-1.0,2.37570257017399,0.10008291327162205,0.02325541411235075,-3.59343504559325,1.823078933506652,0.8571428571428571,0.5,24,14
9124,13,HOXA4,9124,-1.0,2.37570257017399,0.5605332090891116,7.305170997005177e-44,-5.508313298628586,3.0041040845190152,0.8571428571428571,0.5,24,14
9128,13,HOXA4,9128,-1.0,2.37570257017399,0.550701059937409,4.2511598444623435e-42,-4.742138013873857,2.356104735321996,0.8571428571428571,0.5,24,14
9134,13,HOXA4,9134,-1.0,2.37570257017399,0.4309275012626638,1.1751081649452438e-24,-4.984971142890869,2.472995451424874,0.8571428571428571,0.5,24,14
9132,13,HOXA4,9132,-1.0,2.37570257017399,0.5801635816008319,1.4392125682646032e-47,-3.4955705122782645,1.886903450878652,0.8571428571428571,0.5,24,14
9143,13,HOXA4,9143,-1.0,2.37570257017399,0.31422629973052646,3.0500244224155336e-13,-5.508664045195735,2.698270649909673,0.8571428571428571,0.5,24,14
9129,13,HOXA4,9129,-1.0,2.37570257017399,0.6012776836773952,7.614829845871363e-52,-4.11913039324672,2.180553861657002,0.8571428571428571,0.5,24,14
9125,13,HOXA4,9125,-1.0,2.37570257017399,0.5312438828273898,8.983645653266179e-39,-5.705783958568386,2.8803008112071855,0.8571428571428571,0.5,24,14
9126,13,HOXA4,9126,-1.0,2.37570257017399,0.39347360556507727,1.7639431774802942e-20,-6.429729458087375,3.1542725837575287,0.8571428571428571,0.5,24,14
9136,13,HOXA4,9136,-1.0,2.37570257017399,0.4137425051652312,1.1266704850627145e-22,-2.639365908026397,1.3668478015372842,0.8571428571428571,0.5,24,14
3310,13,SF1,3310,-1.0,1.4926565215257899,-0.4018805087593375,2.261760216927568e-21,3.7021035619465494,1.889264982745029,0.5833333333333334,0.3333333333333333,21,12
3308,13,SF1,3308,-1.0,1.4926565215257899,0.35125686478925083,2.265661589344663e-16,-11.736522388505723,5.04447291093305,0.5833333333333334,0.3333333333333333,21,12
3299,13,SF1,3299,-1.0,1.4926565215257899,0.24353567105655294,2.240707669979057e-08,-4.751662363501779,2.6189954709400642,0.5833333333333334,0.3333333333333333,21,12
3305,13,SF1,3305,-1.0,1.4926565215257899,0.2541976754435672,5.056122992667191e-09,-4.125475112191099,2.0820931892367964,0.5833333333333334,0.3333333333333333,21,12
3303,13,SF1,3303,-1.0,1.4926565215257899,0.7010268105381129,3.345026832827312e-77,-3.258492593054516,1.672784715649189,0.5833333333333334,0.3333333333333333,21,12
3316,13,SF1,3316,-1.0,1.4926565215257899,0.6056651646367502,8.965348320831981e-53,-3.950071911110792,1.9956627353022884,0.5833333333333334,0.3333333333333333,21,12
3307,13,SF1,3307,-1.0,1.4926565215257899,0.25741258059962346,3.1840253893462983e-09,-2.85762652325401,1.4768716845293663,0.5833333333333334,0.3333333333333333,21,12
4176,13,TCF3,4176,-1.0,2.9582880484149388,0.5031938957362808,2.4132012143684155e-34,-4.7212557326300635,2.3260776027608294,0.9375,0.6,25,16
4178,13,TCF3,4178,-1.0,2.9582880484149388,0.24801449937159525,1.208956572686445e-08,-4.26444449165043,2.3950846436145934,0.9375,0.6,25,16
4169,13,TCF3,4169,-1.0,2.9582880484149388,0.474068168166377,3.688273617104503e-30,-5.193953546506204,2.5916346217510164,0.9375,0.6,25,16
4182,13,TCF3,4182,-1.0,2.9582880484149388,0.5584101856141368,1.7770752608678548e-43,-7.801892140078916,3.6128324922026023,0.9375,0.6,25,16
4185,13,TCF3,4185,-1.0,2.9582880484149388,0.5311554672762271,9.291215212605967e-39,-2.8672463710121474,1.465383387182074,0.9375,0.6,25,16
4173,13,TCF3,4173,-1.0,2.9582880484149388,0.45841330057542834,4.520215055049174e-28,-5.291771168448405,2.5727721381475392,0.9375,0.6,25,16
4184,13,TCF3,4184,-1.0,2.9582880484149388,0.6554691098567317,2.0120262636058375e-64,-4.098376194913643,2.0611692992679833,0.9375,0.6,25,16
4191,13,TCF3,4191,-1.0,2.9582880484149388,0.5821642176664257,5.837872858570157e-48,-3.0975048262501454,1.5835156064406983,0.9375,0.6,25,16
4186,13,TCF3,4186,-1.0,2.9582880484149388,0.5197862562163913,6.495193625156348e-37,-2.883444132919121,1.4831078175974162,0.9375,0.6,25,16
4172,13,TCF3,4172,-1.0,2.9582880484149388,0.29326300148391454,1.1833565603179645e-11,-4.737804169642763,2.3937363026991685,0.9375,0.6,25,16
4180,13,TCF3,4180,-1.0,2.9582880484149388,0.5211150412644004,3.986534643342723e-37,-3.361170816835724,1.7474316036089157,0.9375,0.6,25,16
4171,13,TCF3,4171,-1.0,2.9582880484149388,0.2173633686296004,6.505207093858228e-07,-5.9704775789010816,3.100739718485921,0.9375,0.6,25,16
4190,13,TCF3,4190,-1.0,2.9582880484149388,0.3688012104607028,5.2573042899701565e-18,-2.847429895940369,1.4665422445173366,0.9375,0.6,25,16
4175,13,TCF3,4175,-1.0,2.9582880484149388,0.5454309151292346,3.553450562209396e-41,-2.5798121752841388,1.3144679811281086,0.9375,0.6,25,16
4170,13,TCF3,4170,-1.0,2.9582880484149388,0.44631602806646403,1.5723749664487803e-26,-5.128230184345723,2.802081656950719,0.9375,0.6,25,16
5979,13,TNFRSF4,5979,-1.0,2.5444450367310214,-0.23261713524742186,9.591319305073801e-08,24.059502608840607,12.168160258157352,0.875,0.3181818181818182,22,8
5966,13,TNFRSF4,5966,-1.0,2.5444450367310214,0.2211231490005282,4.1093875444743645e-07,-5.001713360988092,2.527696486980552,0.875,0.3181818181818182,22,8
5974,13,TNFRSF4,5974,-1.0,2.5444450367310214,0.46914520381014996,1.7187039410408841e-29,-3.3371119499460913,1.7346095406331463,0.875,0.3181818181818182,22,8
5965,13,TNFRSF4,5965,-1.0,2.5444450367310214,0.24350703992297876,2.2494762942234912e-08,-4.06674924672203,2.265641352169779,0.875,0.3181818181818182,22,8
5969,13,TNFRSF4,5969,-1.0,2.5444450367310214,0.27212005811943385,3.5385997363046156e-10,-2.5570189025804115,1.3853429028670334,0.875,0.3181818181818182,22,8
5967,13,TNFRSF4,5967,-1.0,2.5444450367310214,0.3208223232706829,9.071302379108066e-14,-3.3742877996275245,1.9112475690754254,0.875,0.3181818181818182,22,8
5970,13,TNFRSF4,5970,-1.0,2.5444450367310214,0.4042126206301898,1.266038675479426e-21,-5.572822467351407,2.957401638699178,0.875,0.3181818181818182,22,8
1909,13,RUNX2,1909,-1.0,2.8230616584856216,0.8479079721138061,3.2198286268789425e-143,-4.5841053422619975,2.499722209808329,0.7692307692307693,0.4,25,13
1910,13,RUNX2,1910,-1.0,2.8230616584856216,0.6952313035494432,1.9190721481728522e-75,-3.973158956399259,2.277518974848564,0.7692307692307693,0.4,25,13
1912,13,RUNX2,1912,-1.0,2.8230616584856216,0.43149075640759693,1.0073478687000895e-24,-4.9003273132510285,2.4802034326969626,0.7692307692307693,0.4,25,13
1932,13,RUNX2,1932,-1.0,2.8230616584856216,0.3068721569074488,1.138274866275666e-12,-2.657727021425732,1.3595346519330114,0.7692307692307693,0.4,25,13
1920,13,RUNX2,1920,-1.0,2.8230616584856216,0.42060359113062273,1.880367694799597e-23,-3.841913957790926,1.9994886158925593,0.7692307692307693,0.4,25,13
1913,13,RUNX2,1913,-1.0,2.8230616584856216,0.5958062458729526,1.0479106040172805e-50,-5.0688172731957755,2.679081751517838,0.7692307692307693,0.4,25,13
1922,13,RUNX2,1922,-1.0,2.8230616584856216,0.5049291721868862,1.319401757514296e-34,-5.090595976355444,3.405620187877108,0.7692307692307693,0.4,25,13
1917,13,RUNX2,1917,-1.0,2.8230616584856216,0.4374525714005463,1.9379606317524205e-25,-4.292837827217256,2.1551701806994013,0.7692307692307693,0.4,25,13
1914,13,RUNX2,1914,-1.0,2.8230616584856216,0.49625703158327744,2.605728603360926e-33,-5.408261865579159,2.629690823574928,0.7692307692307693,0.4,25,13
1911,13,RUNX2,1911,-1.0,2.8230616584856216,0.6232959339151022,1.1721117526150076e-56,-3.1135863817910154,1.7868907264388536,0.7692307692307693,0.4,25,13
9479,13,HOXA9,9479,-1.0,2.1785152110147576,0.12422296001391352,0.004796316433060943,-2.7469012482724415,1.4021934525483264,1.0,0.72,25,18
9485,13,HOXA9,9485,-1.0,2.1785152110147576,0.4026407102894322,1.8729255450867772e-21,-4.234807681491162,2.488863899141653,1.0,0.72,25,18
9480,13,HOXA9,9480,-1.0,2.1785152110147576,0.3918747716654093,2.589773797920205e-20,-6.456152567872501,3.208146429923678,1.0,0.72,25,18
9470,13,HOXA9,9470,-1.0,2.1785152110147576,0.4551738733702722,1.1857161147386305e-27,-3.0492115085225997,1.7696657387731298,1.0,0.72,25,18
9492,13,HOXA9,9492,-1.0,2.1785152110147576,0.4977072085399756,1.5916932072361983e-33,-5.1253700778052735,2.575648906074113,1.0,0.72,25,18
9471,13,HOXA9,9471,-1.0,2.1785152110147576,0.5936214134793564,2.9439681334134797e-50,-8.752468910195153,4.304938749168184,1.0,0.72,25,18
9477,13,HOXA9,9477,-1.0,2.1785152110147576,0.4910927494593754,1.479089057395048e-32,-5.4741192498647555,2.6666454292622146,1.0,0.72,25,18
9489,13,HOXA9,9489,-1.0,2.1785152110147576,0.4692602315195594,1.6584697292899994e-29,-3.46416131853646,1.8014395283099152,1.0,0.72,25,18
9487,13,HOXA9,9487,-1.0,2.1785152110147576,0.3564008983793742,7.698824385938913e-17,-5.0968768644386975,2.522303042205663,1.0,0.72,25,18
9488,13,HOXA9,9488,-1.0,2.1785152110147576,0.38389228373048745,1.70770479339974e-19,-5.299981370430029,2.5798077720328454,1.0,0.72,25,18
9468,13,HOXA9,9468,-1.0,2.1785152110147576,0.5152870933965056,3.33803662510428e-36,-5.653823056324177,3.0865668419657024,1.0,0.72,25,18
9472,13,HOXA9,9472,-1.0,2.1785152110147576,0.44756179659931056,1.0981429631438464e-26,-2.7202440795778684,1.4261459618114638,1.0,0.72,25,18
9476,13,HOXA9,9476,-1.0,2.1785152110147576,0.5024599694669388,3.1120377714689618e-34,-3.894253939727007,2.1304493146393013,1.0,0.72,25,18
9469,13,HOXA9,9469,-1.0,2.1785152110147576,0.4466750657480619,1.4180502015293634e-26,-5.817509821780539,2.878456357175278,1.0,0.72,25,18
9483,13,HOXA9,9483,-1.0,2.1785152110147576,0.4381642506912635,1.5883331168752171e-25,-7.4080779816885105,3.3556620174891396,1.0,0.72,25,18
9473,13,HOXA9,9473,-1.0,2.1785152110147576,0.3218715189821896,7.459305186526894e-14,-3.4676324401987304,1.7977040817306216,1.0,0.72,25,18
9475,13,HOXA9,9475,-1.0,2.1785152110147576,0.43456811499754056,4.319709763195263e-25,-5.559073179402636,2.870949048620444,1.0,0.72,25,18
9491,13,HOXA9,9491,-1.0,2.1785152110147576,0.4629630598014084,1.1463249811506794e-28,-4.591748109887875,2.492224186592643,1.0,0.72,25,18
1192,13,FLI1,1192,-1.0,2.9042739929719077,0.700103633215738,6.417793269904821e-77,-5.52508513442978,2.9532444662781994,0.9,0.72,25,20
1203,13,FLI1,1203,-1.0,2.9042739929719077,0.4720775090737056,6.892820922647323e-30,-3.495709816981491,1.817561542002189,0.9,0.72,25,20
1210,13,FLI1,1210,-1.0,2.9042739929719077,0.49098492645929864,1.5332099415785429e-32,-4.685086724831363,2.3329055323076133,0.9,0.72,25,20
1206,13,FLI1,1206,-1.0,2.9042739929719077,0.357721226870584,5.817258695357225e-17,-4.597323797399265,2.3488282813594776,0.9,0.72,25,20
1195,13,FLI1,1195,-1.0,2.9042739929719077,0.2837441216151582,5.6616943120204594e-11,-5.109094200601891,2.4843581051923387,0.9,0.72,25,20
1207,13,FLI1,1207,-1.0,2.9042739929719077,0.32505381040401493,4.1014756645860986e-14,-2.978282464658056,1.5321653193323432,0.9,0.72,25,20
1198,13,FLI1,1198,-1.0,2.9042739929719077,0.5518570139981058,2.6548774118209878e-42,-5.332571403761385,2.681879096855859,0.9,0.72,25,20
1213,13,FLI1,1213,-1.0,2.9042739929719077,0.3014939221803139,2.914045194845977e-12,-3.1821596871542512,1.6235913009485985,0.9,0.72,25,20
1212,13,FLI1,1212,-1.0,2.9042739929719077,0.32919763678270014,1.862442749448089e-14,-3.2408683091947923,1.6597433403177686,0.9,0.72,25,20
1215,13,FLI1,1215,-1.0,2.9042739929719077,0.4910512022314611,1.4997156143298052e-32,-5.376772782336579,2.741385918527061,0.9,0.72,25,20
1193,13,FLI1,1193,-1.0,2.9042739929719077,0.5445156908995191,5.118364111256693e-41,-7.017840353455919,3.3548100233958986,0.9,0.72,25,20
1197,13,FLI1,1197,-1.0,2.9042739929719077,0.5201487405062719,5.686611372113024e-37,-6.7314965911159685,3.2721292808268334,0.9,0.72,25,20
1214,13,FLI1,1214,-1.0,2.9042739929719077,0.49665070966992236,2.2799071886484432e-33,-3.336293989663483,1.7896410975572112,0.9,0.72,25,20
1208,13,FLI1,1208,-1.0,2.9042739929719077,0.4835386225376065,1.7788220323530786e-31,-3.73161259129698,2.100911424463143,0.9,0.72,25,20
1211,13,FLI1,1211,-1.0,2.9042739929719077,0.2807096632947763,9.211292109575194e-11,-4.616011549422692,2.300670502504998,0.9,0.72,25,20
1199,13,FLI1,1199,-1.0,2.9042739929719077,0.5585373467289925,1.6852315704690705e-43,-4.7469832034113155,2.70622276662147,0.9,0.72,25,20
1194,13,FLI1,1194,-1.0,2.9042739929719077,0.5331717530008012,4.301257774162624e-39,-4.434434074741016,2.683687828381353,0.9,0.72,25,20
1196,13,FLI1,1196,-1.0,2.9042739929719077,0.3956292011935825,1.047576539600703e-20,-5.785653986474551,2.7706068388472054,0.9,0.72,25,20
5098,13,ETV1,5098,-1.0,1.332742091987627,0.15481043914105716,0.0004274831488486383,-3.760344397226971,1.9049476584697744,0.75,0.5,24,16
5115,13,ETV1,5115,-1.0,1.332742091987627,0.22844388242589656,1.6412540751756793e-07,-2.795121417090123,1.4430485683381953,0.75,0.5,24,16
5117,13,ETV1,5117,-1.0,1.332742091987627,0.14743898265806057,0.0007997651359789379,-3.255274830079479,1.6648413679058232,0.75,0.5,24,16
5106,13,ETV1,5106,-1.0,1.332742091987627,0.22258103925270978,3.431416508411938e-07,-3.317530071373955,1.719611347689115,0.75,0.5,24,16
5100,13,ETV1,5100,-1.0,1.332742091987627,0.48120147370806987,3.7922789063112e-31,-3.6709343641301797,1.8842901850304552,0.75,0.5,24,16
5116,13,ETV1,5116,-1.0,1.332742091987627,0.21135524896383356,1.3327117976329721e-06,-3.8297415258839025,1.9912192440003074,0.75,0.5,24,16
5112,13,ETV1,5112,-1.0,1.332742091987627,0.2913235956550488,1.6356968899150114e-11,-4.156926859734569,2.1082229321919517,0.75,0.5,24,16
5110,13,ETV1,5110,-1.0,1.332742091987627,0.3726240853667293,2.2442515440149062e-18,-2.5309090399117338,1.3341615782703256,0.75,0.5,24,16
5103,13,ETV1,5103,-1.0,1.332742091987627,0.17193486152008788,8.937753554782207e-05,-4.532112226024556,2.2498215373143315,0.75,0.5,24,16
5109,13,ETV1,5109,-1.0,1.332742091987627,0.2614028239222842,1.777740484892174e-09,-3.104078566708953,1.5876962317221461,0.75,0.5,24,16
5104,13,ETV1,5104,-1.0,1.332742091987627,0.44714862850021697,1.2371849782542037e-26,-3.412668854382148,1.7353193632561863,0.75,0.5,24,16
5105,13,ETV1,5105,-1.0,1.332742091987627,0.5300022688406004,1.4400069018841653e-38,-3.9143874372862606,1.9892043178400394,0.75,0.5,24,16
6208,13,SCRT2,6208,-1.0,1.552134727178804,0.3686078991901189,5.48689568298661e-18,-4.53592844483686,2.2796974628503324,0.2,0.08333333333333333,12,5
10016,13,HOXC11,10016,-1.0,19.213265792997845,0.33498464827378405,6.059758947743385e-15,-3.5872098478233236,1.8802292187680172,1.0,0.64,25,16
10022,13,HOXC11,10022,-1.0,19.213265792997845,0.39232041184812505,2.3273826030987848e-20,-2.534393704483853,1.3440389627512377,1.0,0.64,25,16
10015,13,HOXC11,10015,-1.0,19.213265792997845,0.4379006898934042,1.7098725142725698e-25,-4.06005354552784,2.3807234361035587,1.0,0.64,25,16
10017,13,HOXC11,10017,-1.0,19.213265792997845,0.44957031252089086,6.136942162768668e-27,-7.692594066014935,4.106815862732053,1.0,0.64,25,16
10030,13,HOXC11,10030,-1.0,19.213265792997845,0.1812966509744771,3.5559839329619786e-05,-2.6598399009858142,1.3556758718313344,1.0,0.64,25,16
10027,13,HOXC11,10027,-1.0,19.213265792997845,0.4267522464273044,3.64820321328894e-24,-4.786219590678449,2.5911835505322744,1.0,0.64,25,16
10026,13,HOXC11,10026,-1.0,19.213265792997845,0.4115914425473607,1.9584177507176726e-22,-4.216703324125048,2.1942416795414,1.0,0.64,25,16
10020,13,HOXC11,10020,-1.0,19.213265792997845,0.3827299366729481,2.2378434625225765e-19,-4.361585987214672,2.255299134435779,1.0,0.64,25,16
10014,13,HOXC11,10014,-1.0,19.213265792997845,0.3646733685884974,1.3014970923010327e-17,-6.000478120908021,3.004021196417497,1.0,0.64,25,16
10031,13,HOXC11,10031,-1.0,19.213265792997845,-0.22758821772896326,1.830052401769641e-07,5.7548803976413705,2.861321383601008,1.0,0.64,25,16
10028,13,HOXC11,10028,-1.0,19.213265792997845,0.2613113048812872,1.80186110815807e-09,-7.298244981286417,3.566273181309859,1.0,0.64,25,16
10036,13,HOXC11,10036,-1.0,19.213265792997845,0.34896526981576814,3.641478842822724e-16,-9.431483945653445,4.163150716690247,1.0,0.64,25,16
10024,13,HOXC11,10024,-1.0,19.213265792997845,0.2581848787510124,2.8465587827438777e-09,-4.848643005955594,2.377121582498916,1.0,0.64,25,16
10038,13,HOXC11,10038,-1.0,19.213265792997845,0.12067041338360268,0.006159965405267552,-3.6292392352008442,1.8497749814290974,1.0,0.64,25,16
10023,13,HOXC11,10023,-1.0,19.213265792997845,0.33022028456327324,1.52989711506027e-14,-5.526423110857552,2.6834797123431047,1.0,0.64,25,16
10033,13,HOXC11,10033,-1.0,19.213265792997845,0.30879002898274,8.102610791028598e-13,-4.484724477566773,2.467328161113024,1.0,0.64,25,16
9686,13,FOXO4,9686,1.0,3.2214614239893398,-0.33158259253589006,1.1759019520456418e-14,-2.9963810959512127,1.5310403419892689,0.9375,0.6,25,16
9692,13,FOXO4,9692,1.0,3.2214614239893398,-0.39907324378592846,4.520210872271528e-21,-6.295187539251562,2.985821392052953,0.9375,0.6,25,16
9688,13,FOXO4,9688,1.0,3.2214614239893398,-0.23068957068984908,1.2307951400938867e-07,-3.8281020060317195,1.9370238212707755,0.9375,0.6,25,16
9685,13,FOXO4,9685,1.0,3.2214614239893398,0.4663050660537484,4.129444213719364e-29,9.338663756230797,4.618809422235718,0.9375,0.6,25,16
9683,13,FOXO4,9683,1.0,3.2214614239893398,-0.4512249419589926,3.788824714494597e-27,-5.07720837143631,2.6145601335032436,0.9375,0.6,25,16
9677,13,FOXO4,9677,1.0,3.2214614239893398,-0.1620217733585093,0.00022536303843776002,-3.6143912234344655,2.0595132820109274,0.9375,0.6,25,16
9697,13,FOXO4,9697,1.0,3.2214614239893398,-0.42115014533172235,1.6275339595411226e-23,-3.4465968973786434,1.8707420156572268,0.9375,0.6,25,16
9680,13,FOXO4,9680,1.0,3.2214614239893398,-0.2159167010748384,7.746015141383837e-07,-5.262636596939955,2.5644703690374984,0.9375,0.6,25,16
9696,13,FOXO4,9696,1.0,3.2214614239893398,-0.14424784841228655,0.0010398014234695582,-5.282995603150888,2.8449193882305646,0.9375,0.6,25,16
9695,13,FOXO4,9695,1.0,3.2214614239893398,0.40537430236465327,9.466198620622311e-22,6.549349810102541,3.034266558609832,0.9375,0.6,25,16
9679,13,FOXO4,9679,1.0,3.2214614239893398,-0.1924283023173766,1.1171850949707478e-05,-3.956975164989137,2.177611920713498,0.9375,0.6,25,16
9676,13,FOXO4,9676,1.0,3.2214614239893398,-0.2718425835533137,3.692964025289486e-10,-6.625282195450227,3.2621198688427904,0.9375,0.6,25,16
9675,13,FOXO4,9675,1.0,3.2214614239893398,-0.4469069428510644,1.326442439546907e-26,-5.568929594757514,2.789988695746463,0.9375,0.6,25,16
9684,13,FOXO4,9684,1.0,3.2214614239893398,-0.1269730242142952,0.003934731040627158,-3.901329237842818,2.1077820670241483,0.9375,0.6,25,16
9689,13,FOXO4,9689,1.0,3.2214614239893398,-0.33759751651426556,3.621527204279671e-15,-8.235174881467849,4.207206693266471,0.9375,0.6,25,16
1578,13,ASCL2,1578,-1.0,2.919365951750023,0.26874838867028933,5.9256635556399e-10,-7.725573313155726,3.5053924010470903,0.7692307692307693,0.4,25,13
1576,13,ASCL2,1576,-1.0,2.919365951750023,0.45351967429434537,1.9325325957212455e-27,-3.1097457358749545,1.6200352793647652,0.7692307692307693,0.4,25,13
1574,13,ASCL2,1574,-1.0,2.919365951750023,0.4060615379381299,7.966017918261258e-22,-5.451161982107808,2.6242197308660002,0.7692307692307693,0.4,25,13
1577,13,ASCL2,1577,-1.0,2.919365951750023,0.7288670532311539,2.788295148074626e-86,-5.74728068906245,2.841216593620755,0.7692307692307693,0.4,25,13
1575,13,ASCL2,1575,-1.0,2.919365951750023,0.5423148934252446,1.225275558030986e-40,-5.047713268681207,2.9594859488424867,0.7692307692307693,0.4,25,13
1568,13,ASCL2,1568,-1.0,2.919365951750023,0.7177279516522661,1.6204640349321334e-82,-5.2028899043426025,2.960271306109358,0.7692307692307693,0.4,25,13
1565,13,ASCL2,1565,-1.0,2.919365951750023,0.7660658767920141,2.4207819293103304e-100,-5.150672843421325,2.7621563751769838,0.7692307692307693,0.4,25,13
1572,13,ASCL2,1572,-1.0,2.919365951750023,0.4526180586898473,2.5192351043485278e-27,-6.741755455192044,3.431583656057184,0.7692307692307693,0.4,25,13
1566,13,ASCL2,1566,-1.0,2.919365951750023,0.34848459342354354,4.0206043110516685e-16,-5.848876620976998,2.8761607706998165,0.7692307692307693,0.4,25,13
1569,13,ASCL2,1569,-1.0,2.919365951750023,0.72490491083589,6.390566784074773e-85,-4.763537229950651,2.483355231224751,0.7692307692307693,0.4,25,13
7342,13,HOXA6,7342,-1.0,19.213265792997845,0.4937906105629911,5.993328094668424e-33,-4.640464444903079,2.3925280051796745,0.8461538461538461,0.4782608695652174,23,13
7351,13,HOXA6,7351,-1.0,19.213265792997845,0.4598098103390503,2.973163750021106e-28,-4.651917734402271,2.3265609263232925,0.8461538461538461,0.4782608695652174,23,13
7348,13,HOXA6,7348,-1.0,19.213265792997845,0.4527280501225222,2.4391611557685833e-27,-2.7502960590400254,1.4457686357696686,0.8461538461538461,0.4782608695652174,23,13
7354,13,HOXA6,7354,-1.0,19.213265792997845,0.4777749479294377,1.1385572473594925e-30,-4.029896808456326,2.1503346513006654,0.8461538461538461,0.4782608695652174,23,13
7344,13,HOXA6,7344,-1.0,19.213265792997845,0.46397042103923314,8.436570175868403e-29,-3.9360079365533087,2.250168237711827,0.8461538461538461,0.4782608695652174,23,13
7352,13,HOXA6,7352,-1.0,19.213265792997845,0.15861549194836666,0.00030597689110869303,-3.2164909792601617,1.6653044127589018,0.8461538461538461,0.4782608695652174,23,13
7343,13,HOXA6,7343,-1.0,19.213265792997845,0.4899270543789003,2.1798861970111422e-32,-5.976818150684307,2.9581689504327904,0.8461538461538461,0.4782608695652174,23,13
7350,13,HOXA6,7350,-1.0,19.213265792997845,0.33762589129902376,3.601241633652328e-15,-4.518888156995352,2.629407793971753,0.8461538461538461,0.4782608695652174,23,13
7346,13,HOXA6,7346,-1.0,19.213265792997845,0.39487495718311943,1.2576419597724146e-20,-3.0796007636019733,1.6278196951555592,0.8461538461538461,0.4782608695652174,23,13
7363,13,HOXA6,7363,-1.0,19.213265792997845,0.36935850904618495,4.647033626737348e-18,-3.7209236521037936,1.8893294034584716,0.8461538461538461,0.4782608695652174,23,13
7341,13,HOXA6,7341,-1.0,19.213265792997845,0.36098264128312085,2.894949819820456e-17,-4.233356030756533,2.269042145507982,0.8461538461538461,0.4782608695652174,23,13
5068,13,MESP1,5068,-1.0,1.8542216843536665,0.509871665803977,2.3185664095805435e-35,-5.2571138974972325,2.781618331587179,0.5,0.2,5,2
9969,13,GATA4,9969,-1.0,2.1785152110147576,0.3639911964719012,1.5099300670578443e-17,-5.443926865161967,2.698902896363122,1.0,0.64,25,16
9991,13,GATA4,9991,-1.0,2.1785152110147576,0.35423387692216307,1.2160391345189573e-16,-4.112959931313773,2.12178129242844,1.0,0.64,25,16
9970,13,GATA4,9970,-1.0,2.1785152110147576,0.35778470214827734,5.739221424407494e-17,-3.7045125697004004,2.078533104476691,1.0,0.64,25,16
9988,13,GATA4,9988,-1.0,2.1785152110147576,0.32590082229289374,3.4936909327984315e-14,-3.687833870204178,1.8893052045589918,1.0,0.64,25,16
9974,13,GATA4,9974,-1.0,2.1785152110147576,0.3435538663391259,1.0996832602433332e-15,-5.3133585961567285,2.722853881368314,1.0,0.64,25,16
9992,13,GATA4,9992,-1.0,2.1785152110147576,0.3137125510750772,3.347936128080835e-13,-4.222574373826307,2.31327269188002,1.0,0.64,25,16
9973,13,GATA4,9973,-1.0,2.1785152110147576,0.3399340227005866,2.2759901440470045e-15,-6.165968840579773,3.2373301927751226,1.0,0.64,25,16
9971,13,GATA4,9971,-1.0,2.1785152110147576,0.25644438750237936,3.6622694993321094e-09,-3.975125833837108,2.060055987121657,1.0,0.64,25,16
9977,13,GATA4,9977,-1.0,2.1785152110147576,0.3638189221668717,1.5675613768948403e-17,-2.612865794549394,1.386750054863385,1.0,0.64,25,16
9993,13,GATA4,9993,-1.0,2.1785152110147576,0.14987796606053297,0.0006520863208415338,-3.613282172986438,1.9016620718438837,1.0,0.64,25,16
9987,13,GATA4,9987,-1.0,2.1785152110147576,0.27583765564037316,1.9876928687551385e-10,-6.1679256717112265,2.9569027124616807,1.0,0.64,25,16
9982,13,GATA4,9982,-1.0,2.1785152110147576,0.27714357095578557,1.6197883283602857e-10,-6.296491976603871,3.2725708132780396,1.0,0.64,25,16
9978,13,GATA4,9978,-1.0,2.1785152110147576,0.4338326670514167,5.2927186753293e-25,-4.585487621164452,2.3756515010110184,1.0,0.64,25,16
9984,13,GATA4,9984,-1.0,2.1785152110147576,0.19857299213604526,5.726308445470328e-06,-4.9663991899981825,2.4544298162140015,1.0,0.64,25,16
9989,13,GATA4,9989,-1.0,2.1785152110147576,0.23435025317002542,7.650447488948839e-08,-4.1208620134524185,2.1483157026766655,1.0,0.64,25,16
9981,13,GATA4,9981,-1.0,2.1785152110147576,0.3012134252753148,3.0588473185092063e-12,-4.80995695303586,2.446334576643381,1.0,0.64,25,16
8003,13,TFEC,8003,-1.0,2.7483300112359172,0.5555082788380797,5.9285207600262146e-43,-3.7335319319286495,1.89813582216814,0.8571428571428571,0.5454545454545454,11,7
8004,13,TFEC,8004,-1.0,2.7483300112359172,0.4231322327578608,9.619142917425916e-24,-5.193002904141512,2.503187312234652,0.8571428571428571,0.5454545454545454,11,7
8002,13,TFEC,8002,-1.0,2.7483300112359172,0.7118280824143646,1.3505813776133487e-80,-3.5761054974884017,1.9322516675093468,0.8571428571428571,0.5454545454545454,11,7
7999,13,TFEC,7999,-1.0,2.7483300112359172,0.9193106612753537,1.6353195352557694e-209,-5.445993407781068,2.9241141717207717,0.8571428571428571,0.5454545454545454,11,7
8000,13,TFEC,8000,-1.0,2.7483300112359172,0.3240242383753953,4.9809899627546805e-14,-5.928703928277546,2.8855784859727214,0.8571428571428571,0.5454545454545454,11,7
8001,13,TFEC,8001,-1.0,2.7483300112359172,0.6634256488563784,1.7133327697179732e-66,-5.831548332881976,2.9484554153822375,0.8571428571428571,0.5454545454545454,11,7
5768,13,ZNF8,5768,-1.0,2.3762090860439335,0.3746922429289827,1.4093226472446827e-18,-5.006147325405773,2.522925609299695,1.0,0.5833333333333334,24,14
5772,13,ZNF8,5772,-1.0,2.3762090860439335,0.4913750698380949,1.3461775501299837e-32,-4.7276278367985745,2.354887279082375,1.0,0.5833333333333334,24,14
5781,13,ZNF8,5781,-1.0,2.3762090860439335,0.39959081338266905,3.9804505650734795e-21,-3.9147647424304903,1.988019239846141,1.0,0.5833333333333334,24,14
5771,13,ZNF8,5771,-1.0,2.3762090860439335,0.47096257385054063,9.766164537774039e-30,-3.6023824144122094,2.0737473385452394,1.0,0.5833333333333334,24,14
5780,13,ZNF8,5780,-1.0,2.3762090860439335,0.3673386367206218,7.259428365875671e-18,-2.5857423510540025,1.323892855064331,1.0,0.5833333333333334,24,14
5770,13,ZNF8,5770,-1.0,2.3762090860439335,0.7471680914853085,6.849379746501124e-93,-5.015485142465754,2.4584834863818057,1.0,0.5833333333333334,24,14
5787,13,ZNF8,5787,-1.0,2.3762090860439335,0.5699152178230574,1.3295178051115506e-45,-3.012536529103247,1.5348996617015924,1.0,0.5833333333333334,24,14
5777,13,ZNF8,5777,-1.0,2.3762090860439335,0.17391403281225112,7.384386482349854e-05,-3.736135591145581,1.967881286005959,1.0,0.5833333333333334,24,14
5783,13,ZNF8,5783,-1.0,2.3762090860439335,0.33144951078538787,1.206594094473208e-14,-2.9018003619335744,1.4951896391846409,1.0,0.5833333333333334,24,14
5769,13,ZNF8,5769,-1.0,2.3762090860439335,0.4343790545584366,4.551503231215289e-25,-3.662287206086171,1.8951348711759546,1.0,0.5833333333333334,24,14
5774,13,ZNF8,5774,-1.0,2.3762090860439335,0.5086802041558887,3.535027644552991e-35,-4.050699131154254,2.038411170711727,1.0,0.5833333333333334,24,14
5788,13,ZNF8,5788,-1.0,2.3762090860439335,-0.136440297348461,0.0019332822490015032,3.2791923736284585,1.7185431761979975,1.0,0.5833333333333334,24,14
5784,13,ZNF8,5784,-1.0,2.3762090860439335,0.6575216263367548,5.966555325572013e-65,-3.883015927980554,1.9794049834584584,1.0,0.5833333333333334,24,14
5773,13,ZNF8,5773,-1.0,2.3762090860439335,0.6629824848598522,2.242837922826849e-66,-5.995999615500729,2.9277914938137846,1.0,0.5833333333333334,24,14
1707,13,REST,1707,-1.0,2.4830234310456647,0.6642325342905323,1.0480454311077664e-66,-7.302005883318496,3.49273285469236,0.8,0.48,25,15
1710,13,REST,1710,-1.0,2.4830234310456647,0.4750320829967076,2.7206960933405764e-30,-5.018079000039537,2.576743047626513,0.8,0.48,25,15
1698,13,REST,1698,-1.0,2.4830234310456647,0.589327479857136,2.191168735337038e-49,-4.9218787115409475,2.8346525013204165,0.8,0.48,25,15
1697,13,REST,1697,-1.0,2.4830234310456647,0.6808280760077067,3.001682659400734e-71,-4.978504966028726,2.6633989986017697,0.8,0.48,25,15
1709,13,REST,1709,-1.0,2.4830234310456647,0.7149251934313642,1.3435590818272852e-81,-4.975824079296157,2.43733927869165,0.8,0.48,25,15
1719,13,REST,1719,-1.0,2.4830234310456647,0.662023253517421,4.01112465677482e-66,-2.5522058081348264,1.3062630250502347,0.8,0.48,25,15
1712,13,REST,1712,-1.0,2.4830234310456647,0.7677353193089381,4.9181373087638764e-101,-6.192383665534315,3.739347986733739,0.8,0.48,25,15
1700,13,REST,1700,-1.0,2.4830234310456647,0.631764121875843,1.2997092176591204e-58,-5.327954143933459,2.751493403140844,0.8,0.48,25,15
1699,13,REST,1699,-1.0,2.4830234310456647,0.4409960276511359,7.163276137745051e-26,-5.37242124638606,2.6601151891732715,0.8,0.48,25,15
1702,13,REST,1702,-1.0,2.4830234310456647,0.7245855499817633,8.206111336948595e-85,-4.466731151514744,2.2787581683194005,0.8,0.48,25,15
1717,13,REST,1717,-1.0,2.4830234310456647,0.3688690768513972,5.178964865479466e-18,-5.777428050048029,2.834108053815642,0.8,0.48,25,15
1711,13,REST,1711,-1.0,2.4830234310456647,0.7624690464529096,7.173686256730462e-99,-6.37342456540021,3.808144566522126,0.8,0.48,25,15
9268,13,DMRTA2,9268,-1.0,1.513219613034807,0.39613659442512966,9.261396567613148e-21,-4.449261204954494,2.4797035502842784,0.8333333333333334,0.6,25,18
9250,13,DMRTA2,9250,-1.0,1.513219613034807,0.11731287437050832,0.007758787628093014,-4.235737884885107,2.1504377614987353,0.8333333333333334,0.6,25,18
9257,13,DMRTA2,9257,-1.0,1.513219613034807,0.28697999977877736,3.347390982882552e-11,-5.504827453974324,2.927389220725336,0.8333333333333334,0.6,25,18
9260,13,DMRTA2,9260,-1.0,1.513219613034807,0.2488422629784691,1.077234371044585e-08,-4.360452137312184,2.286623056835008,0.8333333333333334,0.6,25,18
9251,13,DMRTA2,9251,-1.0,1.513219613034807,0.3753697566447035,1.2092065259308893e-18,-6.714886946833044,3.5561221072289873,0.8333333333333334,0.6,25,18
9248,13,DMRTA2,9248,-1.0,1.513219613034807,0.4555488432711896,1.0610368055949098e-27,-4.472220729365344,2.633785611658705,0.8333333333333334,0.6,25,18
9267,13,DMRTA2,9267,-1.0,1.513219613034807,0.12776760625151645,0.003713333518212207,-5.307829866277596,2.5967352784349056,0.8333333333333334,0.6,25,18
9265,13,DMRTA2,9265,-1.0,1.513219613034807,0.10578111308205251,0.016434556145110545,-2.9464627221144983,1.5064851442474751,0.8333333333333334,0.6,25,18
9262,13,DMRTA2,9262,-1.0,1.513219613034807,0.03732033263072416,0.3984768343733719,-2.7848346707732405,1.434341416580678,0.8333333333333334,0.6,25,18
9271,13,DMRTA2,9271,-1.0,1.513219613034807,0.09455638647329613,0.032086891174041704,-2.8974704308739057,1.5251399842388278,0.8333333333333334,0.6,25,18
9264,13,DMRTA2,9264,-1.0,1.513219613034807,0.11376922846731999,0.0098390981460691,-8.624980848906256,3.862042319047111,0.8333333333333334,0.6,25,18
9249,13,DMRTA2,9249,-1.0,1.513219613034807,0.28762897450541797,3.0100776016412666e-11,-4.511373033964803,2.2926667633241036,0.8333333333333334,0.6,25,18
9253,13,DMRTA2,9253,-1.0,1.513219613034807,0.15956281690396207,0.0002812027553875121,-5.94360185460857,3.03272759558768,0.8333333333333334,0.6,25,18
9247,13,DMRTA2,9247,-1.0,1.513219613034807,0.29771017477293077,5.5807492313270984e-12,-5.131217403914938,2.836228427668097,0.8333333333333334,0.6,25,18
9255,13,DMRTA2,9255,-1.0,1.513219613034807,0.25681040719159326,3.473797151818807e-09,-4.799348731778975,2.37659696423311,0.8333333333333334,0.6,25,18
8406,13,NKX3-2,8406,-1.0,2.0207303452430487,0.38185051420511973,2.7438136663741795e-19,-4.152883448273149,2.1090236938281874,1.0,0.8,25,20
8393,13,NKX3-2,8393,-1.0,2.0207303452430487,-0.307918835914145,9.458361382267764e-13,8.923859786323074,4.0621773990215075,1.0,0.8,25,20
8396,13,NKX3-2,8396,-1.0,2.0207303452430487,0.33970258648715973,2.3835683010723492e-15,-6.738434189871398,3.1149489962406967,1.0,0.8,25,20
8401,13,NKX3-2,8401,-1.0,2.0207303452430487,0.2645547231260044,1.1140903602257037e-09,-4.383497830165566,2.2147583827007415,1.0,0.8,25,20
8402,13,NKX3-2,8402,-1.0,2.0207303452430487,0.3924848859546828,2.237314869911917e-20,-6.344310247690437,2.9857125590699556,1.0,0.8,25,20
8385,13,NKX3-2,8385,-1.0,2.0207303452430487,0.39455827821259204,1.3577546375327655e-20,-5.260519351432745,2.8135781840479654,1.0,0.8,25,20
8404,13,NKX3-2,8404,-1.0,2.0207303452430487,0.27119477542123605,4.0793054452590506e-10,-3.2636824635504738,1.7144941754651204,1.0,0.8,25,20
8389,13,NKX3-2,8389,-1.0,2.0207303452430487,0.2592962252517026,2.421162035453093e-09,-4.341421962463948,2.172471788349441,1.0,0.8,25,20
8390,13,NKX3-2,8390,-1.0,2.0207303452430487,0.3016469977905974,2.8378718559403614e-12,-4.107094742740876,2.1596394152535465,1.0,0.8,25,20
8403,13,NKX3-2,8403,-1.0,2.0207303452430487,0.2546067093097617,4.768884628329879e-09,-3.8672039437935615,1.9766911719978637,1.0,0.8,25,20
8397,13,NKX3-2,8397,-1.0,2.0207303452430487,0.3827697680439579,2.2172457189170545e-19,-4.276382429130204,2.2237404291342413,1.0,0.8,25,20
8388,13,NKX3-2,8388,-1.0,2.0207303452430487,0.3729628175541692,2.0800626808483054e-18,-5.49612331528081,2.7784986810315058,1.0,0.8,25,20
8395,13,NKX3-2,8395,-1.0,2.0207303452430487,0.31747313632957963,1.6853780664270377e-13,-3.0741858814752487,1.5759167202946123,1.0,0.8,25,20
8383,13,NKX3-2,8383,-1.0,2.0207303452430487,0.42820378186106345,2.4649627013839803e-24,-4.4639905241694375,2.274131916243902,1.0,0.8,25,20
8398,13,NKX3-2,8398,-1.0,2.0207303452430487,0.38045172460332627,3.789732909054659e-19,-2.840946075938747,1.4671100476394772,1.0,0.8,25,20
8382,13,NKX3-2,8382,-1.0,2.0207303452430487,0.264160479411939,1.1815489697430135e-09,-4.220689393997601,2.3067043225557504,1.0,0.8,25,20
8405,13,NKX3-2,8405,-1.0,2.0207303452430487,0.458626350880785,4.240886682484197e-28,-6.395863495597681,3.017033714714326,1.0,0.8,25,20
8384,13,NKX3-2,8384,-1.0,2.0207303452430487,0.2924663030649632,1.3520647111338981e-11,-3.803798931892617,2.220572220550567,1.0,0.8,25,20
8400,13,NKX3-2,8400,-1.0,2.0207303452430487,0.4111274740106591,2.2052987206731555e-22,-5.405360819058935,2.7750883358040532,1.0,0.8,25,20
8387,13,NKX3-2,8387,-1.0,2.0207303452430487,0.2960377418893325,7.41502764954499e-12,-3.8678090145643353,2.002817559669811,1.0,0.8,25,20
10565,13,ZNF628,10565,-1.0,2.545042764440178,0.22561143265906572,2.349636705348744e-07,-6.92874910920662,3.25530453858866,1.0,1.0,4,4
10563,13,ZNF628,10563,-1.0,2.545042764440178,0.24945480445222967,9.888270118538212e-09,-6.452682400570167,3.1379775955029885,1.0,1.0,4,4
10564,13,ZNF628,10564,-1.0,2.545042764440178,0.1366212743903126,0.0019063579137138969,-4.02393231292991,2.105649948076941,1.0,1.0,4,4
10566,13,ZNF628,10566,-1.0,2.545042764440178,0.20859305151549495,1.8405247232261925e-06,-3.0887181031700095,1.6231876427369358,1.0,1.0,4,4
4140,13,ID4,4140,-1.0,1.858337019122656,0.3782907522543152,6.222404983334943e-19,-4.8393997443380075,2.571242861416655,1.0,0.3333333333333333,3,1
3814,13,TGIF1,3814,-1.0,2.660467590400252,0.49519175900538626,3.737052777940464e-33,-4.0312263432273285,2.0873596233794887,1.0,0.6,25,15
3819,13,TGIF1,3819,-1.0,2.660467590400252,0.23099541128645473,1.1832163613931283e-07,-2.9496251886103835,1.5139321102071468,1.0,0.6,25,15
3811,13,TGIF1,3811,-1.0,2.660467590400252,0.5346384800226045,2.4482979309870612e-39,-3.8990488823046294,1.9647384709608156,1.0,0.6,25,15
3815,13,TGIF1,3815,-1.0,2.660467590400252,0.7948701226830818,3.615469648986517e-113,-3.7972008158289476,2.017793377095695,1.0,0.6,25,15
3803,13,TGIF1,3803,-1.0,2.660467590400252,0.46802991511620023,2.4272761301913333e-29,-4.2140615789132925,2.168415732785667,1.0,0.6,25,15
3804,13,TGIF1,3804,-1.0,2.660467590400252,0.8196103382251481,5.99409927063459e-126,-6.727731676713982,3.4772972021194337,1.0,0.6,25,15
3817,13,TGIF1,3817,-1.0,2.660467590400252,0.49029079820551724,1.9317166023070499e-32,-2.8944167653017483,1.5104977121151297,1.0,0.6,25,15
3808,13,TGIF1,3808,-1.0,2.660467590400252,0.6974641784974444,4.0785313142895036e-76,-6.293164844712516,2.9854545039920666,1.0,0.6,25,15
3798,13,TGIF1,3798,-1.0,2.660467590400252,0.7107753580493361,2.9388419354789945e-80,-6.123562893615852,3.335658777143681,1.0,0.6,25,15
3799,13,TGIF1,3799,-1.0,2.660467590400252,0.7388191115467638,8.317244772302376e-90,-4.646182345230922,2.592155576715164,1.0,0.6,25,15
3821,13,TGIF1,3821,-1.0,2.660467590400252,0.7334293006514245,7.062514959761217e-88,-2.6145729503976387,1.3905909822393678,1.0,0.6,25,15
3801,13,TGIF1,3801,-1.0,2.660467590400252,0.2648271605183738,1.0696773942351583e-09,-2.690839006955703,1.44507065470612,1.0,0.6,25,15
3816,13,TGIF1,3816,-1.0,2.660467590400252,0.39430359738263726,1.4439334751407147e-20,-2.774982994415445,1.4258900247234771,1.0,0.6,25,15
3813,13,TGIF1,3813,-1.0,2.660467590400252,0.6645609086496732,8.57665020008519e-67,-5.540694689094312,2.7979877926779624,1.0,0.6,25,15
3800,13,TGIF1,3800,-1.0,2.660467590400252,0.48952977560569993,2.487090667305407e-32,-5.4870780344210095,2.71000773007402,1.0,0.6,25,15
2536,13,NFATC2,2536,-1.0,2.7541639269778653,0.48057132366634925,4.646340598569718e-31,-4.612194298683436,2.342637059446049,0.9285714285714286,0.52,25,14
2540,13,NFATC2,2540,-1.0,2.7541639269778653,0.43190440559358684,8.994353203452564e-25,-6.530957143216195,3.3014059498526076,0.9285714285714286,0.52,25,14
2542,13,NFATC2,2542,-1.0,2.7541639269778653,0.4652317520155015,5.738942898576836e-29,-3.8206096425323146,1.9338658095329282,0.9285714285714286,0.52,25,14
2544,13,NFATC2,2544,-1.0,2.7541639269778653,0.4941385928018768,5.331007551891049e-33,-2.540240889243893,1.391608299817585,0.9285714285714286,0.52,25,14
2554,13,NFATC2,2554,-1.0,2.7541639269778653,0.6303885019488391,2.726317448076028e-58,-3.6165426971639687,1.8667703432761091,0.9285714285714286,0.52,25,14
2533,13,NFATC2,2533,-1.0,2.7541639269778653,0.884818982088089,6.061048645798611e-172,-4.981355343042566,2.707787562803774,0.9285714285714286,0.52,25,14
2547,13,NFATC2,2547,-1.0,2.7541639269778653,0.4843269507555548,1.3761489609579307e-31,-5.67706509712418,3.0285206339507775,0.9285714285714286,0.52,25,14
2534,13,NFATC2,2534,-1.0,2.7541639269778653,0.24697927181041773,1.3957748012791274e-08,-5.181342380837377,2.5972419786063528,0.9285714285714286,0.52,25,14
2555,13,NFATC2,2555,-1.0,2.7541639269778653,0.23861447405425026,4.353259930598099e-08,-3.1077689800250146,1.6055744266168988,0.9285714285714286,0.52,25,14
2535,13,NFATC2,2535,-1.0,2.7541639269778653,0.7319859027014226,2.2780907397483784e-87,-4.689758371242324,2.905765855003156,0.9285714285714286,0.52,25,14
2538,13,NFATC2,2538,-1.0,2.7541639269778653,0.675377379769674,1.0054256808911154e-69,-3.282348181192737,1.875243375075201,0.9285714285714286,0.52,25,14
2543,13,NFATC2,2543,-1.0,2.7541639269778653,0.5173760273020835,1.565830676470349e-36,-5.544248060726906,2.672463399991693,0.9285714285714286,0.52,25,14
2537,13,NFATC2,2537,-1.0,2.7541639269778653,0.713970115370655,2.7463516487665203e-81,-6.697386985336088,3.6170947679543235,0.9285714285714286,0.52,25,14
3129,13,KLF13,3129,-1.0,1.3143194951206885,0.3677431840339014,6.6406652941437804e-18,-3.517253909775155,1.801383060712037,0.4166666666666667,0.23809523809523808,21,12
3124,13,KLF13,3124,-1.0,1.3143194951206885,-0.4102345256565665,2.769980392473639e-22,5.430634410644113,2.875991186083997,0.4166666666666667,0.23809523809523808,21,12
3121,13,KLF13,3121,-1.0,1.3143194951206885,0.22164487187899107,3.8531550578633876e-07,-2.826587675845649,1.4434351215757537,0.4166666666666667,0.23809523809523808,21,12
3118,13,KLF13,3118,-1.0,1.3143194951206885,0.1726524072133667,8.342060197744399e-05,-5.767342405096915,2.7255384709982686,0.4166666666666667,0.23809523809523808,21,12
3128,13,KLF13,3128,-1.0,1.3143194951206885,0.33333492395186526,8.36600717751309e-15,-4.418504764007358,2.2269936434806445,0.4166666666666667,0.23809523809523808,21,12
5092,13,ETV3,5092,-1.0,1.6781810261926928,0.5492608594509584,7.623147255265878e-42,-4.382299466266827,2.1930271174986915,0.7894736842105263,0.625,24,19
5088,13,ETV3,5088,-1.0,1.6781810261926928,0.3607757446580071,3.0267135191070796e-17,-4.320335446898949,2.1834265770363435,0.7894736842105263,0.625,24,19
5073,13,ETV3,5073,-1.0,1.6781810261926928,0.39040074971153477,3.6831106193597326e-20,-5.577225634668956,2.7451010991768108,0.7894736842105263,0.625,24,19
5090,13,ETV3,5090,-1.0,1.6781810261926928,-0.3379158169560378,3.400257710395513e-15,2.811781870371888,1.4817481414624418,0.7894736842105263,0.625,24,19
5074,13,ETV3,5074,-1.0,1.6781810261926928,0.39452336784312797,1.3692606205185933e-20,-3.8493893947408044,1.9431093830194361,0.7894736842105263,0.625,24,19
5077,13,ETV3,5077,-1.0,1.6781810261926928,0.3626353544571893,2.0263858575956047e-17,-5.640417983874533,2.7114327254342507,0.7894736842105263,0.625,24,19
5079,13,ETV3,5079,-1.0,1.6781810261926928,0.6030150174272144,3.277071015856326e-52,-4.463262530839195,2.219661811128066,0.7894736842105263,0.625,24,19
5086,13,ETV3,5086,-1.0,1.6781810261926928,0.4156319361737804,6.90963272490883e-23,-5.701185129430416,2.7386734715507086,0.7894736842105263,0.625,24,19
5087,13,ETV3,5087,-1.0,1.6781810261926928,0.4186708128789732,3.1267619154048943e-23,-2.9657160025196183,1.5230443131311282,0.7894736842105263,0.625,24,19
5075,13,ETV3,5075,-1.0,1.6781810261926928,0.34362728626560546,1.0834715584314918e-15,-3.6352409291263466,1.8641594605540555,0.7894736842105263,0.625,24,19
5076,13,ETV3,5076,-1.0,1.6781810261926928,0.6886582492017637,1.6889416171967165e-73,-3.4956459471679495,1.7972373502872014,0.7894736842105263,0.625,24,19
5091,13,ETV3,5091,-1.0,1.6781810261926928,0.5187185977107024,9.59956391041869e-37,-2.6962722497365026,1.3886043838738473,0.7894736842105263,0.625,24,19
5089,13,ETV3,5089,-1.0,1.6781810261926928,0.5706915280343203,9.488807665089702e-46,-3.1891497207358297,1.6361458923479568,0.7894736842105263,0.625,24,19
5080,13,ETV3,5080,-1.0,1.6781810261926928,0.608768461392485,1.934782907452507e-53,-3.326149367280234,1.8425885270895068,0.7894736842105263,0.625,24,19
5085,13,ETV3,5085,-1.0,1.6781810261926928,0.7139545626561209,2.778445163886834e-81,-3.3643015695444025,1.732381265555883,0.7894736842105263,0.625,24,19
370,13,MYC,370,-1.0,1.6394006082599992,0.30506521425521166,1.5643963791628474e-12,-3.052124615672965,1.5628632488069831,0.75,0.5454545454545454,11,8
376,13,MYC,376,-1.0,1.6394006082599992,0.3898422658714458,4.2069285360020373e-20,-5.351433195844565,2.6058431058288027,0.75,0.5454545454545454,11,8
371,13,MYC,371,-1.0,1.6394006082599992,0.2823230806922991,7.116273941094458e-11,-3.0472486498727864,1.5745359065278124,0.75,0.5454545454545454,11,8
375,13,MYC,375,-1.0,1.6394006082599992,0.5860798786534797,9.803566910618945e-49,-3.0204880022729945,1.552514827996603,0.75,0.5454545454545454,11,8
373,13,MYC,373,-1.0,1.6394006082599992,0.25092904272821126,8.039130981821777e-09,-3.0299574143159895,1.5652276159631364,0.75,0.5454545454545454,11,8
374,13,MYC,374,-1.0,1.6394006082599992,0.550882406676533,3.9489705613765033e-42,-3.450101430735277,1.7871243184134802,0.75,0.5454545454545454,11,8
7054,13,MTF1,7054,-1.0,2.403993506812758,0.32973173113863324,1.6807789585265375e-14,-6.290348315990069,3.063098549628151,0.7058823529411765,0.48,25,17
7043,13,MTF1,7043,-1.0,2.403993506812758,0.6963163704912869,9.05777104918365e-76,-5.082125052578674,2.5393724431101288,0.7058823529411765,0.48,25,17
7049,13,MTF1,7049,-1.0,2.403993506812758,0.6847972878186678,2.2172010237292942e-72,-4.642955991994512,2.2913367561054496,0.7058823529411765,0.48,25,17
7058,13,MTF1,7058,-1.0,2.403993506812758,0.22032845830845232,4.531435355034288e-07,-2.959038537220775,1.5122458169345183,0.7058823529411765,0.48,25,17
7050,13,MTF1,7050,-1.0,2.403993506812758,0.7888174656984218,2.623947626238373e-110,-4.433456693052736,2.7131328153899514,0.7058823529411765,0.48,25,17
7038,13,MTF1,7038,-1.0,2.403993506812758,0.5749752404761163,1.451668789398678e-46,-5.20901042688346,2.8314410497645097,0.7058823529411765,0.48,25,17
7046,13,MTF1,7046,-1.0,2.403993506812758,0.7015691230897942,2.2785212087806624e-77,-5.361049580482722,2.6059671875432926,0.7058823529411765,0.48,25,17
7042,13,MTF1,7042,-1.0,2.403993506812758,0.4880907076728125,4.003781013367329e-32,-4.880471205825831,2.8890413430026562,0.7058823529411765,0.48,25,17
7039,13,MTF1,7039,-1.0,2.403993506812758,0.29835881305394124,4.995846463241531e-12,-5.3788411892778365,2.6739037349735457,0.7058823529411765,0.48,25,17
7040,13,MTF1,7040,-1.0,2.403993506812758,0.4937792013813639,6.0163702370475754e-33,-2.801671490479775,1.574815486926967,0.7058823529411765,0.48,25,17
7044,13,MTF1,7044,-1.0,2.403993506812758,0.48844842010709727,3.557643885045114e-32,-5.91148619185959,3.118962098151259,0.7058823529411765,0.48,25,17
7048,13,MTF1,7048,-1.0,2.403993506812758,0.2304672375661681,1.2665359155715875e-07,-6.014215693735211,3.0436921647926694,0.7058823529411765,0.48,25,17
4468,13,E2F2,4468,-1.0,2.6454259433789358,0.5477625851616057,1.395355360813781e-41,-3.609727425640921,1.8437795717784524,1.0,0.7727272727272727,22,17
4461,13,E2F2,4461,-1.0,2.6454259433789358,0.24985334276216659,9.351268544771736e-09,-4.117145976360083,2.102046350816238,1.0,0.7727272727272727,22,17
4466,13,E2F2,4466,-1.0,2.6454259433789358,0.24568919181335155,1.6679788968322983e-08,-3.306189239190631,1.7151320783227033,1.0,0.7727272727272727,22,17
4458,13,E2F2,4458,-1.0,2.6454259433789358,0.7224739155129712,4.249665848333889e-84,-5.573511113350794,2.6915298498853724,1.0,0.7727272727272727,22,17
4454,13,E2F2,4454,-1.0,2.6454259433789358,0.8390022756890968,2.0039563200574095e-137,-4.7023164818558545,2.363578228600145,1.0,0.7727272727272727,22,17
4471,13,E2F2,4471,-1.0,2.6454259433789358,0.48582416463255285,8.436551394671551e-32,-3.2229938558943925,1.6651578880767945,1.0,0.7727272727272727,22,17
4452,13,E2F2,4452,-1.0,2.6454259433789358,0.321590150183109,7.861730574598884e-14,-2.6765340836889577,1.3696461900788146,1.0,0.7727272727272727,22,17
4462,13,E2F2,4462,-1.0,2.6454259433789358,0.30929484566692317,7.406089795128304e-13,-3.1236144021805092,1.702593690853838,1.0,0.7727272727272727,22,17
4465,13,E2F2,4465,-1.0,2.6454259433789358,0.28156320687253245,8.037550260283064e-11,-3.9062329368504067,2.1401321446690025,1.0,0.7727272727272727,22,17
4455,13,E2F2,4455,-1.0,2.6454259433789358,0.3137762366451558,3.3095136421461757e-13,-6.695216033725278,3.7613035090561007,1.0,0.7727272727272727,22,17
4469,13,E2F2,4469,-1.0,2.6454259433789358,0.329396287363795,1.7927302736649258e-14,-3.199178610506499,1.632531237962109,1.0,0.7727272727272727,22,17
4467,13,E2F2,4467,-1.0,2.6454259433789358,0.34319879130665115,1.1815107252418052e-15,-3.606750079902929,1.9267323956436568,1.0,0.7727272727272727,22,17
4472,13,E2F2,4472,-1.0,2.6454259433789358,0.48129655734919896,3.6776821024685284e-31,-4.02094977436902,2.041335393334452,1.0,0.7727272727272727,22,17
4457,13,E2F2,4457,-1.0,2.6454259433789358,0.2513220138732865,7.605818040383671e-09,-5.570081079743815,3.3773966207943555,1.0,0.7727272727272727,22,17
4456,13,E2F2,4456,-1.0,2.6454259433789358,0.45471970760896685,1.356256123938932e-27,-3.4066295040666037,1.7640214727593095,1.0,0.7727272727272727,22,17
4460,13,E2F2,4460,-1.0,2.6454259433789358,0.380833532712948,3.4705039829973077e-19,-3.1082523717745074,1.6768091348704333,1.0,0.7727272727272727,22,17
4463,13,E2F2,4463,-1.0,2.6454259433789358,0.5400636379964304,2.9726334965078253e-40,-5.237604633959801,2.54408073943522,1.0,0.7727272727272727,22,17
2768,13,MEF2A,2768,-1.0,2.5138996193644743,0.2945852473224036,9.476605211022648e-12,-5.679022384676848,2.729581956862658,0.7333333333333333,0.44,25,15
2781,13,MEF2A,2781,-1.0,2.5138996193644743,0.30104413060657137,3.1496226711015163e-12,-3.4082311574752957,1.7660430880263116,0.7333333333333333,0.44,25,15
2765,13,MEF2A,2765,-1.0,2.5138996193644743,0.42823564394976216,2.4437883603972066e-24,-5.345930170266337,2.6630162640211745,0.7333333333333333,0.44,25,15
2785,13,MEF2A,2785,-1.0,2.5138996193644743,0.44216760656757553,5.141378076330881e-26,-2.6705110020014518,1.4810417765286776,0.7333333333333333,0.44,25,15
2771,13,MEF2A,2771,-1.0,2.5138996193644743,0.45127902298907707,3.729403868681257e-27,-4.490086144412568,2.548814726107798,0.7333333333333333,0.44,25,15
2770,13,MEF2A,2770,-1.0,2.5138996193644743,0.43600236913793555,2.9025481722876354e-25,-4.51981428951052,2.5563219335975704,0.7333333333333333,0.44,25,15
2769,13,MEF2A,2769,-1.0,2.5138996193644743,0.3202845174715086,1.0025279132579968e-13,-2.427676005474363,1.3215685299461317,0.7333333333333333,0.44,25,15
2773,13,MEF2A,2773,-1.0,2.5138996193644743,0.27665685564319425,1.7484086834208406e-10,-4.708647643009821,2.3209755842500424,0.7333333333333333,0.44,25,15
2764,13,MEF2A,2764,-1.0,2.5138996193644743,0.3800856768998669,4.1228725700054e-19,-4.901179073131299,2.878510607102673,0.7333333333333333,0.44,25,15
2763,13,MEF2A,2763,-1.0,2.5138996193644743,0.36034937052376204,3.317132952841724e-17,-5.348938923123181,2.930589629664119,0.7333333333333333,0.44,25,15
2778,13,MEF2A,2778,-1.0,2.5138996193644743,0.32919083247009145,1.8648770954658946e-14,-4.720387457481809,2.447885900204587,0.7333333333333333,0.44,25,15
5284,13,BHLHE41,5284,-1.0,2.6437168181848083,0.6357275014188539,1.5057197950158786e-59,-5.051720383395696,2.7655579789235305,0.6666666666666666,0.4,10,6
5286,13,BHLHE41,5286,-1.0,2.6437168181848083,0.3104163200996081,6.061785268671681e-13,-5.6997173901591855,2.8726923824342263,0.6666666666666666,0.4,10,6
5289,13,BHLHE41,5289,-1.0,2.6437168181848083,0.15408220095653613,0.0004553443744649347,-3.7397753103444358,1.9144843614000175,0.6666666666666666,0.4,10,6
5290,13,BHLHE41,5290,-1.0,2.6437168181848083,0.23341023532096586,8.650471542469708e-08,-2.9807155149983866,1.533778248990247,0.6666666666666666,0.4,10,6
7651,13,HOXA1,7651,-1.0,1.928668121530837,0.663340097074491,1.804826405387886e-66,-4.282626553593887,2.381485871574372,0.9,0.42857142857142855,21,10
7648,13,HOXA1,7648,-1.0,1.928668121530837,0.6549828100880788,2.6798236699957325e-64,-4.73392517682939,2.5423308419354322,0.9,0.42857142857142855,21,10
7661,13,HOXA1,7661,-1.0,1.928668121530837,0.4974000439851724,1.767207155195626e-33,-3.2174516952189496,1.655065559451818,0.9,0.42857142857142855,21,10
7650,13,HOXA1,7650,-1.0,1.928668121530837,0.4092579118601784,3.551584039477454e-22,-6.724472373762297,3.216450520611196,0.9,0.42857142857142855,21,10
7655,13,HOXA1,7655,-1.0,1.928668121530837,0.46037431121494804,2.508626321085185e-28,-5.1375606919135475,2.507163326408872,0.9,0.42857142857142855,21,10
7657,13,HOXA1,7657,-1.0,1.928668121530837,0.40648948481462177,7.153046972888592e-22,-5.253266943165446,2.9276731203490476,0.9,0.42857142857142855,21,10
7654,13,HOXA1,7654,-1.0,1.928668121530837,0.673965873919948,2.4655781128759704e-69,-4.612173363024185,2.439086573472693,0.9,0.42857142857142855,21,10
7652,13,HOXA1,7652,-1.0,1.928668121530837,0.47407068855093604,3.6853450815158804e-30,-4.569486251356331,2.3285610336035343,0.9,0.42857142857142855,21,10
7649,13,HOXA1,7649,-1.0,1.928668121530837,0.5149993807435382,3.7033241136138244e-36,-4.852016429699622,2.5614748011674546,0.9,0.42857142857142855,21,10
3141,13,VENTX,3141,-1.0,2.84731481532514,0.48777965338213003,4.4364608990475457e-32,-2.9971465502111365,1.7268520576781767,0.8,0.4444444444444444,18,10
3137,13,VENTX,3137,-1.0,2.84731481532514,0.5510707182371706,3.657713730680205e-42,-2.7302556677651344,1.4913306422469634,0.8,0.4444444444444444,18,10
3140,13,VENTX,3140,-1.0,2.84731481532514,0.17815921693849676,4.8684234774638624e-05,-3.9633738643752574,2.0585074253011837,0.8,0.4444444444444444,18,10
3136,13,VENTX,3136,-1.0,2.84731481532514,0.665290295614245,5.48956088380306e-67,-4.872333861264069,2.580461254015777,0.8,0.4444444444444444,18,10
3138,13,VENTX,3138,-1.0,2.84731481532514,0.6147928407143557,9.389510686850247e-55,-8.668641847422073,4.532551253535707,0.8,0.4444444444444444,18,10
3148,13,VENTX,3148,-1.0,2.84731481532514,0.34426574287077044,9.52041366674042e-16,-3.1238296831940073,1.6096178342597949,0.8,0.4444444444444444,18,10
3146,13,VENTX,3146,-1.0,2.84731481532514,0.24910539858138922,1.0383559092568407e-08,-5.633219362244764,2.8701876878935555,0.8,0.4444444444444444,18,10
3151,13,VENTX,3151,-1.0,2.84731481532514,0.31136203118451816,5.11631831576832e-13,-6.063219897500331,3.0582036646229844,0.8,0.4444444444444444,18,10
8748,13,ZNF217,8748,-1.0,2.7939853598045485,0.4371518561303212,2.1076220682958178e-25,-3.761152922502015,1.9481359255873136,1.0,0.5555555555555556,9,5
8747,13,ZNF217,8747,-1.0,2.7939853598045485,0.5613159805688273,5.255066932648363e-44,-4.241768545305585,2.1808710292073994,1.0,0.5555555555555556,9,5
8742,13,ZNF217,8742,-1.0,2.7939853598045485,0.40063434750729093,3.078137621808627e-21,-5.019579127726082,2.5283321203417692,1.0,0.5555555555555556,9,5
8740,13,ZNF217,8740,-1.0,2.7939853598045485,0.6205736786654534,4.839464538525111e-56,-4.441280446660101,2.3541884348856814,1.0,0.5555555555555556,9,5
8741,13,ZNF217,8741,-1.0,2.7939853598045485,0.6027787222075311,3.676389297119464e-52,-5.10310734952308,3.1251827608966027,1.0,0.5555555555555556,9,5
8645,13,EN1,8645,-1.0,1.511694648692958,0.38416150673753646,1.603797835541468e-19,-5.1715423694171445,2.599250828149666,0.9333333333333333,0.56,25,15
8667,13,EN1,8667,-1.0,1.511694648692958,0.1154622462988719,0.008790265929268121,-5.385188024913754,2.61160683296639,0.9333333333333333,0.56,25,15
8647,13,EN1,8647,-1.0,1.511694648692958,0.5004071440426546,6.317767388619515e-34,-5.712025966868231,2.9679216301376568,0.9333333333333333,0.56,25,15
8646,13,EN1,8646,-1.0,1.511694648692958,0.4481502097913707,9.26403229023212e-27,-3.8876126328472784,2.1855848993408182,0.9333333333333333,0.56,25,15
8661,13,EN1,8661,-1.0,1.511694648692958,0.15550632699302025,0.0004023499642510276,-4.361684782853702,2.184631021990522,0.9333333333333333,0.56,25,15
8648,13,EN1,8648,-1.0,1.511694648692958,0.33148720111139596,1.1978228256946367e-14,-3.7360465969368404,1.922844634889661,0.9333333333333333,0.56,25,15
8662,13,EN1,8662,-1.0,1.511694648692958,-0.30868233047642457,8.259301224675525e-13,2.954528057346982,1.5763451939808253,0.9333333333333333,0.56,25,15
8650,13,EN1,8650,-1.0,1.511694648692958,0.4663124220247527,4.1201232980232495e-29,-6.225741375322379,3.282771565928274,0.9333333333333333,0.56,25,15
8658,13,EN1,8658,-1.0,1.511694648692958,0.35209781484950997,1.9017135803018941e-16,-2.6074752443999496,1.362416513879232,0.9333333333333333,0.56,25,15
8651,13,EN1,8651,-1.0,1.511694648692958,0.39985777191794425,3.727424646503396e-21,-2.830527636476992,1.504524658644119,0.9333333333333333,0.56,25,15
8655,13,EN1,8655,-1.0,1.511694648692958,-0.2785148870067751,1.3049951121762354e-10,7.581838583466646,3.60426631331565,0.9333333333333333,0.56,25,15
8660,13,EN1,8660,-1.0,1.511694648692958,0.5333592786916815,4.002880634032597e-39,-4.698231726380841,2.4755725874282772,0.9333333333333333,0.56,25,15
8652,13,EN1,8652,-1.0,1.511694648692958,0.293415222316915,1.1535486243373983e-11,-5.146393710543626,2.52486170933625,0.9333333333333333,0.56,25,15
8644,13,EN1,8644,-1.0,1.511694648692958,0.28094671771594476,8.86952058012845e-11,-5.470870984546429,2.974226533339868,0.9333333333333333,0.56,25,15
864,13,ZNF524,864,-1.0,2.320428101652016,0.47263245820594585,5.7925217497733645e-30,-5.773345705412879,2.9680740490181314,1.0,0.8,10,8
871,13,ZNF524,871,-1.0,2.320428101652016,0.4755639681602354,2.2992378125714183e-30,-6.46889706855638,3.0802223848371706,1.0,0.8,10,8
868,13,ZNF524,868,-1.0,2.320428101652016,0.5425809685585529,1.102933284933644e-40,-5.247833941581981,2.786267865657907,1.0,0.8,10,8
866,13,ZNF524,866,-1.0,2.320428101652016,0.5069525273271578,6.497154295777452e-35,-6.880567927384421,5.59465578356602,1.0,0.8,10,8
870,13,ZNF524,870,-1.0,2.320428101652016,0.31483753267671716,2.7292760089122345e-13,-3.650403091886314,1.8716131999536445,1.0,0.8,10,8
865,13,ZNF524,865,-1.0,2.320428101652016,0.597716578729763,4.219403891736255e-51,-3.4874270137380368,1.9697321058667723,1.0,0.8,10,8
869,13,ZNF524,869,-1.0,2.320428101652016,0.4434199535583572,3.6016175404614964e-26,-4.592533894037326,2.6050884981524325,1.0,0.8,10,8
867,13,ZNF524,867,-1.0,2.320428101652016,0.37429043501428577,1.5430541658095143e-18,-5.043422133195858,2.473811422907605,1.0,0.8,10,8
1169,13,KLF16,1169,-1.0,2.74635387006037,0.2265210897239195,2.0949702460929475e-07,-6.715493313197946,3.3438292757595187,0.7647058823529411,0.52,25,17
1170,13,KLF16,1170,-1.0,2.74635387006037,0.2551160809103464,4.433258775679143e-09,-4.950941077401623,2.8647805201686225,0.7647058823529411,0.52,25,17
1172,13,KLF16,1172,-1.0,2.74635387006037,0.4026918125783021,1.8492929091632513e-21,-6.984610997714978,3.2702950835847853,0.7647058823529411,0.52,25,17
1168,13,KLF16,1168,-1.0,2.74635387006037,0.29312673849634857,1.2106768005779494e-11,-5.859938634956698,3.279483271541201,0.7647058823529411,0.52,25,17
1174,13,KLF16,1174,-1.0,2.74635387006037,0.10873525723063152,0.013643537681041498,-5.350403373827523,2.6828383520328267,0.7647058823529411,0.52,25,17
1176,13,KLF16,1176,-1.0,2.74635387006037,0.436678116910904,2.4051258662176097e-25,-5.731659448011109,2.9769619279260273,0.7647058823529411,0.52,25,17
1175,13,KLF16,1175,-1.0,2.74635387006037,-0.3062896370539889,1.2614546575988708e-12,8.694826597344386,4.133286750347244,0.7647058823529411,0.52,25,17
1173,13,KLF16,1173,-1.0,2.74635387006037,0.22270926077992007,3.3772336146065013e-07,-3.6084847853160866,1.8643119774587695,0.7647058823529411,0.52,25,17
1189,13,KLF16,1189,-1.0,2.74635387006037,0.6454741048407604,6.552797454072825e-62,-5.603753987268375,2.8007892683160054,0.7647058823529411,0.52,25,17
1181,13,KLF16,1181,-1.0,2.74635387006037,0.3500962434671419,2.882572169683004e-16,-4.687389804595958,2.3207060498044756,0.7647058823529411,0.52,25,17
1178,13,KLF16,1178,-1.0,2.74635387006037,0.40550137511181283,9.169233986276647e-22,-2.9055815528833344,1.4929683734500379,0.7647058823529411,0.52,25,17
1182,13,KLF16,1182,-1.0,2.74635387006037,0.35132738221083165,2.232680933530858e-16,-4.917289342122476,2.468187369119777,0.7647058823529411,0.52,25,17
1171,13,KLF16,1171,-1.0,2.74635387006037,0.498632885463757,1.1605862244572063e-33,-2.6352277406422915,1.4182637238143563,0.7647058823529411,0.52,25,17
1146,13,CEBPZ,1146,-1.0,1.455522033808796,0.38743627860655633,7.4387328182747e-20,-5.070124429399694,2.5321604488789125,0.6153846153846154,0.32,25,13
1159,13,CEBPZ,1159,-1.0,1.455522033808796,0.7184348048543027,9.466661236350968e-83,-2.965859266200181,1.5241399967671772,0.6153846153846154,0.32,25,13
1164,13,CEBPZ,1164,-1.0,1.455522033808796,0.7204654945133602,2.002334600705192e-83,-2.6636936292183777,1.358375266618886,0.6153846153846154,0.32,25,13
1161,13,CEBPZ,1161,-1.0,1.455522033808796,0.2838125182120299,5.5995413166864394e-11,-2.7892268208358626,1.4315979482179877,0.6153846153846154,0.32,25,13
1144,13,CEBPZ,1144,-1.0,1.455522033808796,0.30307482026562893,2.214962102606733e-12,-4.6883224908116095,2.38049088849819,0.6153846153846154,0.32,25,13
1149,13,CEBPZ,1149,-1.0,1.455522033808796,0.19583699783123584,7.730983252506623e-06,-3.1475335361053602,1.811793702730148,0.6153846153846154,0.32,25,13
1153,13,CEBPZ,1153,-1.0,1.455522033808796,0.691266156652508,2.8997191452177088e-74,-3.382114503252032,1.7454942544410605,0.6153846153846154,0.32,25,13
1162,13,CEBPZ,1162,-1.0,1.455522033808796,-0.24395683149672123,2.115482223888672e-08,7.302484049379889,3.3141936487910604,0.6153846153846154,0.32,25,13
986,13,PITX1,986,-1.0,1.32400912703516,0.4248090216167006,6.14802983455643e-24,-5.6072113446849645,2.90372813989674,0.8,0.48,25,15
989,13,PITX1,989,-1.0,1.32400912703516,0.34763316784705817,4.789610881138325e-16,-4.107140517535584,2.277343380922913,0.8,0.48,25,15
988,13,PITX1,988,-1.0,1.32400912703516,0.22007087090778923,4.6769661637085124e-07,-4.481489759366144,2.430006565128191,0.8,0.48,25,15
1003,13,PITX1,1003,-1.0,1.32400912703516,0.19098023331431363,1.3037845818545876e-05,-3.304429383960187,1.7099270697832503,0.8,0.48,25,15
993,13,PITX1,993,-1.0,1.32400912703516,0.34460100965302587,8.894314037342858e-16,-4.360918939597901,2.3106702257432845,0.8,0.48,25,15
1001,13,PITX1,1001,-1.0,1.32400912703516,0.11739266759545633,0.007716851836134359,-3.575693752144934,1.9289012079662917,0.8,0.48,25,15
985,13,PITX1,985,-1.0,1.32400912703516,0.20680435031415664,2.263254658649652e-06,-4.240934735533627,2.1569390382878963,0.8,0.48,25,15
984,13,PITX1,984,-1.0,1.32400912703516,0.33040781216794096,1.4755822375581148e-14,-3.2172250669365687,1.8029168020570079,0.8,0.48,25,15
1002,13,PITX1,1002,-1.0,1.32400912703516,0.39041045019418585,3.674605350216364e-20,-3.180889608354219,1.6594331010263867,0.8,0.48,25,15
983,13,PITX1,983,-1.0,1.32400912703516,0.24390642159012468,2.1301061150364144e-08,-4.977375762891459,2.5078657963781024,0.8,0.48,25,15
991,13,PITX1,991,-1.0,1.32400912703516,0.3209747256957486,8.81754336046614e-14,-8.309771483268218,3.822253181653327,0.8,0.48,25,15
982,13,PITX1,982,-1.0,1.32400912703516,0.29713130983666897,6.158878649154989e-12,-4.041912228222405,2.1842778314604456,0.8,0.48,25,15
2008,13,PHOX2A,2008,-1.0,1.8339564079497566,0.31206022435232555,4.5125247066177523e-13,-5.324132437400469,3.0648089049026384,0.75,0.375,24,12
2007,13,PHOX2A,2007,-1.0,1.8339564079497566,0.30467074085930074,1.6763654520401887e-12,-5.708824163068924,3.1167694335599445,0.75,0.375,24,12
2026,13,PHOX2A,2026,-1.0,1.8339564079497566,-0.2856636447123753,4.1486677211839505e-11,2.7104105475788307,1.513986094492727,0.75,0.375,24,12
2009,13,PHOX2A,2009,-1.0,1.8339564079497566,0.21233215384550813,1.1876807268680284e-06,-5.48758832464944,2.8063318840763625,0.75,0.375,24,12
2010,13,PHOX2A,2010,-1.0,1.8339564079497566,0.35913917492407554,4.2991203038873494e-17,-3.6545887764688816,1.986759288921208,0.75,0.375,24,12
2028,13,PHOX2A,2028,-1.0,1.8339564079497566,0.2980510283680188,5.2655066885449565e-12,-2.9291310234060326,1.5180734098519124,0.75,0.375,24,12
2019,13,PHOX2A,2019,-1.0,1.8339564079497566,0.4023819070676704,1.9972624524649114e-21,-7.902160438491944,4.5836696128675145,0.75,0.375,24,12
2011,13,PHOX2A,2011,-1.0,1.8339564079497566,0.3336851251319717,7.813692703417045e-15,-5.070318033714834,2.4773750386744,0.75,0.375,24,12
2018,13,PHOX2A,2018,-1.0,1.8339564079497566,0.20885974522267667,1.7843765769481462e-06,-4.521682437357316,2.383856790083134,0.75,0.375,24,12
6313,13,FOXK1,6313,-1.0,1.6818467594506257,0.31145278480853267,5.033576306629119e-13,-2.741111364095635,1.406028311085968,1.0,0.8,25,20
6306,13,FOXK1,6306,-1.0,1.6818467594506257,0.33731535846024596,3.829449070425392e-15,-5.282200275174602,2.5802317108691826,1.0,0.8,25,20
6291,13,FOXK1,6291,-1.0,1.6818467594506257,0.29991231715342914,3.827860816502149e-12,-4.499603151999158,2.293943793522523,1.0,0.8,25,20
6297,13,FOXK1,6297,-1.0,1.6818467594506257,0.27815292074014136,1.38175622083844e-10,-2.609033765763532,1.3387126498413369,1.0,0.8,25,20
6299,13,FOXK1,6299,-1.0,1.6818467594506257,0.4818777516872155,3.0480932697718463e-31,-3.6696537660287825,1.8632592005263964,1.0,0.8,25,20
6300,13,FOXK1,6300,-1.0,1.6818467594506257,0.4396243842704618,1.05445810140453e-25,-2.994053964733383,1.5402319723250617,1.0,0.8,25,20
6292,13,FOXK1,6292,-1.0,1.6818467594506257,0.31907962393359524,1.2533545858709919e-13,-5.469962583486529,2.6438584030108596,1.0,0.8,25,20
6312,13,FOXK1,6312,-1.0,1.6818467594506257,0.20544283151306925,2.645790478503569e-06,-3.4168771704224943,2.3603492027941275,1.0,0.8,25,20
6308,13,FOXK1,6308,-1.0,1.6818467594506257,0.35617549912836316,8.075038751647532e-17,-3.364373723585744,1.7331060088973185,1.0,0.8,25,20
6305,13,FOXK1,6305,-1.0,1.6818467594506257,0.28782485345874476,2.914952226442516e-11,-2.9704311250118516,1.532328140897405,1.0,0.8,25,20
6290,13,FOXK1,6290,-1.0,1.6818467594506257,0.2739395489845337,2.6712382872970634e-10,-5.148490962471345,2.583038733520103,1.0,0.8,25,20
6310,13,FOXK1,6310,-1.0,1.6818467594506257,0.3702482314862497,3.814238637912426e-18,-3.7468719380535336,1.9167985648308492,1.0,0.8,25,20
6294,13,FOXK1,6294,-1.0,1.6818467594506257,0.4259835048439857,4.4866340634872874e-24,-4.3094846640748505,2.1533805446338037,1.0,0.8,25,20
6298,13,FOXK1,6298,-1.0,1.6818467594506257,0.33107085520709967,1.2982859456951526e-14,-3.358807068794206,1.7224377586638313,1.0,0.8,25,20
6309,13,FOXK1,6309,-1.0,1.6818467594506257,0.35265722767119534,1.692112575970222e-16,-2.8439971684922867,1.4660444633592926,1.0,0.8,25,20
6302,13,FOXK1,6302,-1.0,1.6818467594506257,0.3825094260716958,2.3553316288266e-19,-10.327991478609515,4.299694993906685,1.0,0.8,25,20
6296,13,FOXK1,6296,-1.0,1.6818467594506257,0.2897845838577404,2.111088418946199e-11,-3.019811638282287,1.5438694819260306,1.0,0.8,25,20
6293,13,FOXK1,6293,-1.0,1.6818467594506257,0.29436697911274856,9.831292628985185e-12,-4.349508490922591,2.441160116191567,1.0,0.8,25,20
6307,13,FOXK1,6307,-1.0,1.6818467594506257,0.2274876555851367,1.8535693624113947e-07,-6.71943130734809,3.2963935432136773,1.0,0.8,25,20
6301,13,FOXK1,6301,-1.0,1.6818467594506257,0.3804281900904024,3.8103299091997535e-19,-2.6445988911899327,1.3574074991381522,1.0,0.8,25,20
2292,13,TRIM28,2292,-1.0,2.50960486580605,0.3797666695165249,4.436609763797383e-19,-3.2113023567893073,1.659541773044394,0.7692307692307693,0.47619047619047616,21,13
2289,13,TRIM28,2289,-1.0,2.50960486580605,0.42256500051584645,1.1185430695522386e-23,-10.662889119825454,5.862380868018206,0.7692307692307693,0.47619047619047616,21,13
2295,13,TRIM28,2295,-1.0,2.50960486580605,0.5654191578072529,9.21415363739364e-45,-7.605271397277729,3.545574355044234,0.7692307692307693,0.47619047619047616,21,13
2294,13,TRIM28,2294,-1.0,2.50960486580605,0.192319963521815,1.1302153968177134e-05,-2.9505292588960486,1.5409015673004074,0.7692307692307693,0.47619047619047616,21,13
2287,13,TRIM28,2287,-1.0,2.50960486580605,0.5554918424465835,5.968914454429691e-43,-4.637392793580959,2.591499826317168,0.7692307692307693,0.47619047619047616,21,13
2290,13,TRIM28,2290,-1.0,2.50960486580605,0.620006446423439,6.491646357163792e-56,-2.8515363821863913,1.4603943506504233,0.7692307692307693,0.47619047619047616,21,13
2297,13,TRIM28,2297,-1.0,2.50960486580605,0.24617945579196127,1.5589679252277523e-08,-3.920148840932836,1.9939257198585778,0.7692307692307693,0.47619047619047616,21,13
2302,13,TRIM28,2302,-1.0,2.50960486580605,0.3677054510276169,6.696111612798241e-18,-3.361956396724894,1.705410861010927,0.7692307692307693,0.47619047619047616,21,13
2288,13,TRIM28,2288,-1.0,2.50960486580605,0.399821276334402,3.7610559412980416e-21,-4.755263157622208,2.374952726446454,0.7692307692307693,0.47619047619047616,21,13
2301,13,TRIM28,2301,-1.0,2.50960486580605,0.869978246082384,2.4298120217448275e-159,-4.439287613658477,2.210969712303222,0.7692307692307693,0.47619047619047616,21,13
10956,13,OTX2,10956,-1.0,3.548488352986979,0.29628048778326355,7.116207621425566e-12,-2.9756404484674404,1.6536896278304543,1.0,0.125,8,1
1502,13,IKZF1,1502,-1.0,2.8125181275961335,0.7206908321387125,1.68384772113729e-83,-3.5202175314786666,1.9497485651802802,0.6875,0.44,25,16
1507,13,IKZF1,1507,-1.0,2.8125181275961335,0.4301745195724506,1.4431594453189365e-24,-4.743933031698977,2.329835460699673,0.6875,0.44,25,16
1495,13,IKZF1,1495,-1.0,2.8125181275961335,0.8975179502405922,3.429828184205787e-184,-5.754838259612035,3.119603229291893,0.6875,0.44,25,16
1496,13,IKZF1,1496,-1.0,2.8125181275961335,0.6628103445876222,2.4898534138513775e-66,-4.278354585892715,2.4802128868627995,0.6875,0.44,25,16
1513,13,IKZF1,1513,-1.0,2.8125181275961335,0.6341320226636632,3.599318311619971e-59,-3.654809953906628,1.8993403127617883,0.6875,0.44,25,16
1497,13,IKZF1,1497,-1.0,2.8125181275961335,0.635480336972536,1.7239389549634017e-59,-7.942516181952803,4.257006069724272,0.6875,0.44,25,16
1500,13,IKZF1,1500,-1.0,2.8125181275961335,0.5124676436157323,9.196170597966645e-36,-5.689574206419509,2.7336596356789697,0.6875,0.44,25,16
1498,13,IKZF1,1498,-1.0,2.8125181275961335,0.41806726151381374,3.662418034692251e-23,-5.286188483787696,2.637034578896795,0.6875,0.44,25,16
1504,13,IKZF1,1504,-1.0,2.8125181275961335,0.5384068320600653,5.682809604696824e-40,-4.940449021700093,2.7609602919609686,0.6875,0.44,25,16
1503,13,IKZF1,1503,-1.0,2.8125181275961335,0.27909827835426654,1.189940837872228e-10,-8.534778724002729,4.2103266290245465,0.6875,0.44,25,16
1511,13,IKZF1,1511,-1.0,2.8125181275961335,0.1904531959392393,1.3787831630952381e-05,-4.986352200862521,2.554106902657396,0.6875,0.44,25,16
4005,13,IRF8,4005,-1.0,2.8120318580095796,0.532023591523859,6.673249190380336e-39,-3.1396315318538455,1.6960341723737844,0.8666666666666667,0.52,25,15
4004,13,IRF8,4004,-1.0,2.8120318580095796,0.5712311011874189,7.50187101797799e-46,-6.779942212568154,3.7041582317381394,0.8666666666666667,0.52,25,15
4003,13,IRF8,4003,-1.0,2.8120318580095796,0.4445384234893709,2.617561202073615e-26,-6.3834510270675136,3.0586627887804436,0.8666666666666667,0.52,25,15
4001,13,IRF8,4001,-1.0,2.8120318580095796,0.8092074279234409,2.3952125976412966e-120,-5.0054623965965455,2.754445398201726,0.8666666666666667,0.52,25,15
4009,13,IRF8,4009,-1.0,2.8120318580095796,0.44591457362255205,1.7646467442271895e-26,-4.704922128857185,2.321848354678988,0.8666666666666667,0.52,25,15
4024,13,IRF8,4024,-1.0,2.8120318580095796,0.05124827103079371,0.24612529393319071,-2.675665836717639,1.3894334241390351,0.8666666666666667,0.52,25,15
4008,13,IRF8,4008,-1.0,2.8120318580095796,0.4318007502859248,9.253533439802511e-25,-2.875184777399962,1.586802991958383,0.8666666666666667,0.52,25,15
4014,13,IRF8,4014,-1.0,2.8120318580095796,0.5095494771835714,2.5991033741703845e-35,-3.1386973982499784,1.6323956519284135,0.8666666666666667,0.52,25,15
4017,13,IRF8,4017,-1.0,2.8120318580095796,0.48017101800248796,5.285088082851969e-31,-2.633103643995956,1.3553946348945958,0.8666666666666667,0.52,25,15
4002,13,IRF8,4002,-1.0,2.8120318580095796,0.5866578917544324,7.518079481709419e-49,-6.703067213147382,4.630931572637506,0.8666666666666667,0.52,25,15
4012,13,IRF8,4012,-1.0,2.8120318580095796,0.6014694664203859,6.939828978381543e-52,-7.864386024043241,4.233529910577748,0.8666666666666667,0.52,25,15
4006,13,IRF8,4006,-1.0,2.8120318580095796,0.3386784301743871,2.9226969016489312e-15,-2.799416956012215,1.5520051980147553,0.8666666666666667,0.52,25,15
4018,13,IRF8,4018,-1.0,2.8120318580095796,0.26523594948107176,1.0062484513918857e-09,-2.6782309318500577,1.3733282416754502,0.8666666666666667,0.52,25,15
8321,13,TBX21,8321,-1.0,2.998439896374949,0.24028905969883527,3.4783347201073984e-08,-2.88095051205631,1.5144618767006175,1.0,0.7916666666666666,24,19
8310,13,TBX21,8310,-1.0,2.998439896374949,0.340824325163254,1.9048305723532152e-15,-3.9446122092398963,2.1771457462250154,1.0,0.7916666666666666,24,19
8305,13,TBX21,8305,-1.0,2.998439896374949,0.30715595292565373,1.082606775257389e-12,-3.830302730910911,2.0498057954901854,1.0,0.7916666666666666,24,19
8303,13,TBX21,8303,-1.0,2.998439896374949,0.37979264069086066,4.410211814129518e-19,-3.9417911592090187,2.3279194291536194,1.0,0.7916666666666666,24,19
8302,13,TBX21,8302,-1.0,2.998439896374949,0.37278649316843726,2.163996820558479e-18,-4.784086941656964,2.6189094250439737,1.0,0.7916666666666666,24,19
8317,13,TBX21,8317,-1.0,2.998439896374949,0.32997868791148066,1.6027710420188286e-14,-4.471546280537314,2.2600383835305227,1.0,0.7916666666666666,24,19
8316,13,TBX21,8316,-1.0,2.998439896374949,0.3654327069754975,1.1026815305642074e-17,-5.069698654157582,2.976586331413369,1.0,0.7916666666666666,24,19
8312,13,TBX21,8312,-1.0,2.998439896374949,0.3737884949185603,1.7277709087698711e-18,-2.931169766882193,1.5567574249694587,1.0,0.7916666666666666,24,19
8324,13,TBX21,8324,-1.0,2.998439896374949,0.4727717578485922,5.544815434961521e-30,-6.25044026124208,3.8552984534403953,1.0,0.7916666666666666,24,19
8306,13,TBX21,8306,-1.0,2.998439896374949,0.3851178571531518,1.2826240696344272e-19,-4.590616961715001,2.338633937339939,1.0,0.7916666666666666,24,19
8313,13,TBX21,8313,-1.0,2.998439896374949,-0.27921018685581267,1.1690298820502253e-10,6.192894878748331,3.261386880206948,1.0,0.7916666666666666,24,19
8311,13,TBX21,8311,-1.0,2.998439896374949,0.28403382805276295,5.402959811019975e-11,-5.231087197572143,2.553162255008335,1.0,0.7916666666666666,24,19
8315,13,TBX21,8315,-1.0,2.998439896374949,-0.26984011404742547,5.01853474127243e-10,2.963013958700701,1.571244213544953,1.0,0.7916666666666666,24,19
8322,13,TBX21,8322,-1.0,2.998439896374949,0.2869746179145097,3.350336944859605e-11,-5.3034527050803435,2.629500230620151,1.0,0.7916666666666666,24,19
8308,13,TBX21,8308,-1.0,2.998439896374949,0.18199516230835092,3.313373737403481e-05,-4.641606679745087,2.3009285620784423,1.0,0.7916666666666666,24,19
8307,13,TBX21,8307,-1.0,2.998439896374949,0.275006975528129,2.2628073831702094e-10,-5.920275751597548,2.9078762397695526,1.0,0.7916666666666666,24,19
8320,13,TBX21,8320,-1.0,2.998439896374949,0.23074613960027782,1.2218579520813477e-07,-4.6857214953741755,2.3805317545754017,1.0,0.7916666666666666,24,19
8323,13,TBX21,8323,-1.0,2.998439896374949,0.3263681589841917,3.1971185686872054e-14,-2.584114812146306,1.3263718392453987,1.0,0.7916666666666666,24,19
8304,13,TBX21,8304,-1.0,2.998439896374949,0.4547719571178335,1.3354635232308647e-27,-5.918784479934225,3.1984040691894973,1.0,0.7916666666666666,24,19
10162,13,PITX2,10162,-1.0,3.548488352986979,0.23595515479083842,6.195463018604188e-08,-4.394851368093475,2.361991949961467,1.0,0.68,25,17
10168,13,PITX2,10168,-1.0,3.548488352986979,0.20727484674641103,2.1438323732427327e-06,-3.625551957186553,1.9075430867174732,1.0,0.68,25,17
10153,13,PITX2,10153,-1.0,3.548488352986979,0.25759533826771447,3.100821524460304e-09,-5.422628733503229,3.0499466786694645,1.0,0.68,25,17
10159,13,PITX2,10159,-1.0,3.548488352986979,0.2743137054688995,2.520506745558963e-10,-4.632932252222948,2.2864262747591186,1.0,0.68,25,17
10165,13,PITX2,10165,-1.0,3.548488352986979,0.2692495076928228,5.491040576954991e-10,-5.782273804980344,2.9480080310655175,1.0,0.68,25,17
10158,13,PITX2,10158,-1.0,3.548488352986979,0.3232951973287808,5.713046883161249e-14,-5.46231973205315,2.642136841340755,1.0,0.68,25,17
10174,13,PITX2,10174,-1.0,3.548488352986979,0.0798424113812238,0.07050790094857565,-4.959928812753751,2.522363564012608,1.0,0.68,25,17
10156,13,PITX2,10156,-1.0,3.548488352986979,0.27058571025252626,4.478252579233457e-10,-5.413560893590088,2.6796459008754843,1.0,0.68,25,17
10171,13,PITX2,10171,-1.0,3.548488352986979,0.18511467303713772,2.4088372711315055e-05,-5.233565325192661,2.5757587687821863,1.0,0.68,25,17
10167,13,PITX2,10167,-1.0,3.548488352986979,0.2348964066758029,7.121717006431416e-08,-3.692734061912277,1.8733834150250899,1.0,0.68,25,17
10154,13,PITX2,10154,-1.0,3.548488352986979,0.3471560991120532,5.281875769798789e-16,-5.569305411913324,2.7817989173988904,1.0,0.68,25,17
10161,13,PITX2,10161,-1.0,3.548488352986979,0.3048077084051225,1.6366271368802814e-12,-8.010276906048645,3.8494501119566817,1.0,0.68,25,17
10164,13,PITX2,10164,-1.0,3.548488352986979,0.23418359688299734,7.819199634704065e-08,-6.93092756148062,3.7954888130089954,1.0,0.68,25,17
10155,13,PITX2,10155,-1.0,3.548488352986979,0.2964942709519923,6.8628088388841e-12,-5.688371454511041,2.9776978697275913,1.0,0.68,25,17
10173,13,PITX2,10173,-1.0,3.548488352986979,0.2365287411013277,5.7434291830721826e-08,-3.802301200858907,1.9691603299361022,1.0,0.68,25,17
10176,13,PITX2,10176,-1.0,3.548488352986979,0.09476621225720497,0.031705482958495804,-3.165194790744252,1.6428896665846766,1.0,0.68,25,17
10166,13,PITX2,10166,-1.0,3.548488352986979,0.24561228381795097,1.6857359127455422e-08,-2.9190510966393717,1.4922846528889542,1.0,0.68,25,17
9877,13,TP73,9877,-1.0,2.2798795955059337,0.2144879721624084,9.19274027262708e-07,-2.7434013220971885,1.4136919425468384,1.0,0.5714285714285714,7,4
9876,13,TP73,9876,-1.0,2.2798795955059337,-0.21083856304405504,1.4161374068050216e-06,6.344691589489178,3.1560279524974018,1.0,0.5714285714285714,7,4
9875,13,TP73,9875,-1.0,2.2798795955059337,0.27659588193280477,1.765206800087355e-10,-5.303286076759072,2.797402306058156,1.0,0.5714285714285714,7,4
9881,13,TP73,9881,-1.0,2.2798795955059337,0.24115681267440192,3.0945120920625435e-08,-5.7857836001757805,3.2143247524466028,1.0,0.5714285714285714,7,4
1380,13,RUNX3,1380,-1.0,2.234913975973161,0.21825420337516,5.838682427278512e-07,-3.477282035041171,1.7776051332943823,0.8571428571428571,0.48,25,14
1369,13,RUNX3,1369,-1.0,2.234913975973161,0.46610570853108374,4.390152937061525e-29,-5.184574568508828,2.614560286307488,0.8571428571428571,0.48,25,14
1365,13,RUNX3,1365,-1.0,2.234913975973161,0.6794609393795396,7.294085301422018e-71,-4.981942980445091,2.692170485215991,0.8571428571428571,0.48,25,14
1376,13,RUNX3,1376,-1.0,2.234913975973161,0.2663954220231298,8.455923807708348e-10,-4.114956740322606,2.076456692238873,0.8571428571428571,0.48,25,14
1370,13,RUNX3,1370,-1.0,2.234913975973161,0.7010582694379661,3.2714263631878415e-77,-5.688507154039228,2.9542950287208534,0.8571428571428571,0.48,25,14
1367,13,RUNX3,1367,-1.0,2.234913975973161,0.6151721148665173,7.744031117521257e-55,-3.738248161767433,2.05431234255475,0.8571428571428571,0.48,25,14
1366,13,RUNX3,1366,-1.0,2.234913975973161,0.39830011481172933,5.463533127160053e-21,-4.501613954943783,2.2981260464588353,0.8571428571428571,0.48,25,14
1383,13,RUNX3,1383,-1.0,2.234913975973161,0.5729555084113896,3.530109217067958e-46,-2.604363476933692,1.3357620306958555,0.8571428571428571,0.48,25,14
1372,13,RUNX3,1372,-1.0,2.234913975973161,0.40281915042855027,1.7916766099343293e-21,-5.267455053129298,2.5708778550961866,0.8571428571428571,0.48,25,14
1384,13,RUNX3,1384,-1.0,2.234913975973161,0.6231731911850572,1.2498756262469954e-56,-11.246025508920996,4.608958571066292,0.8571428571428571,0.48,25,14
1374,13,RUNX3,1374,-1.0,2.234913975973161,0.36520879850640925,1.1579741375079958e-17,-2.599214820114219,1.3900730089936215,0.8571428571428571,0.48,25,14
1368,13,RUNX3,1368,-1.0,2.234913975973161,0.6240429944189173,7.923261554000548e-57,-4.773930725947059,2.772968440288635,0.8571428571428571,0.48,25,14
4740,13,ZNF691,4740,-1.0,1.7961673602293022,0.1909931225631227,1.3019999538192478e-05,-3.577498350639031,1.8360698693440511,0.9166666666666666,0.5,22,12
4737,13,ZNF691,4737,-1.0,1.7961673602293022,0.5453143581379248,3.722720921065635e-41,-5.314500902882164,2.767403214997216,0.9166666666666666,0.5,22,12
4747,13,ZNF691,4747,-1.0,1.7961673602293022,0.527570213105327,3.608219214285612e-38,-2.919996206343828,1.5514925991307513,0.9166666666666666,0.5,22,12
4736,13,ZNF691,4736,-1.0,1.7961673602293022,0.45853904780714466,4.353222234693302e-28,-6.599441644497684,3.4438451135513524,0.9166666666666666,0.5,22,12
4735,13,ZNF691,4735,-1.0,1.7961673602293022,0.6441576029025254,1.3816830814505285e-61,-4.5407773330669485,2.4920923864080993,0.9166666666666666,0.5,22,12
4743,13,ZNF691,4743,-1.0,1.7961673602293022,0.5809246839915954,1.0217975939094451e-47,-4.5903871404610905,2.417074184709046,0.9166666666666666,0.5,22,12
4745,13,ZNF691,4745,-1.0,1.7961673602293022,0.3509257510315272,2.427036429329243e-16,-2.909093628647088,1.5133127826019463,0.9166666666666666,0.5,22,12
4751,13,ZNF691,4751,-1.0,1.7961673602293022,0.39881989360087544,4.8101283063142106e-21,-2.945479325356478,1.53201082349925,0.9166666666666666,0.5,22,12
4748,13,ZNF691,4748,-1.0,1.7961673602293022,0.5755207342648614,1.1407149383217332e-46,-2.709255527792975,1.3899569828887213,0.9166666666666666,0.5,22,12
4750,13,ZNF691,4750,-1.0,1.7961673602293022,0.6123583106835884,3.21404533039271e-54,-6.322696763875715,3.0640407259962332,0.9166666666666666,0.5,22,12
4738,13,ZNF691,4738,-1.0,1.7961673602293022,0.4671333364703865,3.200654843999548e-29,-3.801706767618743,2.0822329286109533,0.9166666666666666,0.5,22,12
9204,13,IKZF3,9204,-1.0,2.8284294835992685,0.2983366835368704,5.014775913943836e-12,-3.589352158128182,1.991283048902533,1.0,0.8181818181818182,11,9
9200,13,IKZF3,9200,-1.0,2.8284294835992685,0.5723618668727816,4.578365692751002e-46,-5.091541401483684,2.7572153851817807,1.0,0.8181818181818182,11,9
9206,13,IKZF3,9206,-1.0,2.8284294835992685,0.28023000963053274,9.942548172924859e-11,-4.650385417687606,2.358093894882502,1.0,0.8181818181818182,11,9
9208,13,IKZF3,9208,-1.0,2.8284294835992685,0.4332772073262391,6.168345664066515e-25,-4.113348710177727,2.11972303155221,1.0,0.8181818181818182,11,9
9210,13,IKZF3,9210,-1.0,2.8284294835992685,0.2758958833222959,1.9696807886539132e-10,-4.067959881485394,2.2122540556514463,1.0,0.8181818181818182,11,9
9207,13,IKZF3,9207,-1.0,2.8284294835992685,0.5002103482595287,6.759814297440296e-34,-3.5519067455072877,2.066405986840597,1.0,0.8181818181818182,11,9
9201,13,IKZF3,9201,-1.0,2.8284294835992685,0.25380506337631903,5.347576200450625e-09,-4.698980601651841,2.3662238088650223,1.0,0.8181818181818182,11,9
9202,13,IKZF3,9202,-1.0,2.8284294835992685,0.42728596575809147,3.1591359017145635e-24,-6.075103517826186,3.2357708043887703,1.0,0.8181818181818182,11,9
9203,13,IKZF3,9203,-1.0,2.8284294835992685,0.40781533643051815,5.1194260987022715e-22,-5.296663802450547,2.742296874383689,1.0,0.8181818181818182,11,9
5870,13,ARID5B,5870,-1.0,1.3888569130504087,0.24901897497448935,1.0509726333872391e-08,-5.248113585966867,2.599024336542055,1.0,0.5,8,4
5871,13,ARID5B,5871,-1.0,1.3888569130504087,0.3557608778977148,8.814875390421514e-17,-3.8556262612271395,2.0335537176602747,1.0,0.5,8,4
5875,13,ARID5B,5875,-1.0,1.3888569130504087,0.276934153473922,1.6739579670299567e-10,-3.1615499994143184,1.6475722289001502,1.0,0.5,8,4
5872,13,ARID5B,5872,-1.0,1.3888569130504087,0.24266197964405936,2.523772183103841e-08,-3.7344368804484622,1.966996771134822,1.0,0.5,8,4
8971,13,FOS,8971,-1.0,2.586037868954835,0.46025311601065805,2.6018864553015462e-28,-4.780853556921161,2.613875282188595,1.0,0.75,12,9
8979,13,FOS,8979,-1.0,2.586037868954835,0.31495541518347014,2.671333158444828e-13,-5.861583604850652,3.0604949185942862,1.0,0.75,12,9
8973,13,FOS,8973,-1.0,2.586037868954835,0.4270795293801603,3.340103533751088e-24,-5.116740845543854,2.7140821165287043,1.0,0.75,12,9
8974,13,FOS,8974,-1.0,2.586037868954835,0.23307797278319145,9.033251012177839e-08,-5.424070521001326,2.7275299117814025,1.0,0.75,12,9
8976,13,FOS,8976,-1.0,2.586037868954835,0.45860408643156003,4.269259704723731e-28,-6.729039815416888,3.349811476253153,1.0,0.75,12,9
8975,13,FOS,8975,-1.0,2.586037868954835,0.22267462064300314,3.3917898485371145e-07,-5.744883534111417,2.755609255281607,1.0,0.75,12,9
8981,13,FOS,8981,-1.0,2.586037868954835,0.23907566506080477,4.093081419220091e-08,-2.871245872638469,1.482673378301197,1.0,0.75,12,9
8977,13,FOS,8977,-1.0,2.586037868954835,0.3923776234435964,2.2956547150858725e-20,-7.995531335734439,4.939676378392619,1.0,0.75,12,9
8972,13,FOS,8972,-1.0,2.586037868954835,0.4232882017416832,9.227836275447668e-24,-3.9961399029051847,2.2684959563667895,1.0,0.75,12,9
8415,13,HOXA2,8415,-1.0,1.6518347294059632,0.34304953187084913,1.2176666895139145e-15,-5.235323595383003,2.618787942043125,0.9166666666666666,0.4782608695652174,23,12
8426,13,HOXA2,8426,-1.0,1.6518347294059632,0.19688291708550062,6.896263144684682e-06,-2.6169878279204397,1.5602998022309558,0.9166666666666666,0.4782608695652174,23,12
8435,13,HOXA2,8435,-1.0,1.6518347294059632,0.3257260141261646,3.6114202602576026e-14,-4.055385556605884,2.1717947479251523,0.9166666666666666,0.4782608695652174,23,12
8424,13,HOXA2,8424,-1.0,1.6518347294059632,0.4250652578797183,5.74027670579415e-24,-5.464930399523803,2.7775719590463304,0.9166666666666666,0.4782608695652174,23,12
8420,13,HOXA2,8420,-1.0,1.6518347294059632,0.39319220744952676,1.8875730882701915e-20,-5.026423311276993,2.4678976692510766,0.9166666666666666,0.4782608695652174,23,12
8414,13,HOXA2,8414,-1.0,1.6518347294059632,0.3833324464322632,1.9454701398062165e-19,-4.589557020481121,2.4578241873959716,0.9166666666666666,0.4782608695652174,23,12
8416,13,HOXA2,8416,-1.0,1.6518347294059632,0.41819375421884897,3.5431282298016475e-23,-5.283380406969911,2.631224790847157,0.9166666666666666,0.4782608695652174,23,12
8432,13,HOXA2,8432,-1.0,1.6518347294059632,0.27211948543217146,3.538911769961095e-10,-2.773999076463863,1.426264985275375,0.9166666666666666,0.4782608695652174,23,12
8417,13,HOXA2,8417,-1.0,1.6518347294059632,0.490432174296355,1.8429985594003716e-32,-3.4888214257425267,1.9444428004200434,0.9166666666666666,0.4782608695652174,23,12
8418,13,HOXA2,8418,-1.0,1.6518347294059632,0.4930394004149895,7.713668907771618e-33,-4.2652356107493645,2.2430289912601387,0.9166666666666666,0.4782608695652174,23,12
8434,13,HOXA2,8434,-1.0,1.6518347294059632,0.24101284208404336,3.155226518698261e-08,-3.5811985613769846,1.8349172631654742,0.9166666666666666,0.4782608695652174,23,12
4547,13,SIX4,4547,-1.0,1.9904889976001452,0.3751920506187838,1.2588111990686916e-18,-2.8151225632194268,1.4910730349277952,1.0,0.5,8,4
4543,13,SIX4,4543,-1.0,1.9904889976001452,0.24408558323010884,2.0785711020753957e-08,-2.9518498986891157,1.637620188244529,1.0,0.5,8,4
4544,13,SIX4,4544,-1.0,1.9904889976001452,-0.2689046227572003,5.786690045889572e-10,4.169027303610197,2.1673858164885393,1.0,0.5,8,4
4542,13,SIX4,4542,-1.0,1.9904889976001452,0.3130944798688447,3.7442598695202173e-13,-3.379722100283002,1.766086960700025,1.0,0.5,8,4
6265,13,E2F8,6265,-1.0,2.639524712149227,0.12368288256688219,0.004984294570327837,-3.5560942525911514,1.9269117430785385,1.0,0.8571428571428571,14,12
6256,13,E2F8,6256,-1.0,2.639524712149227,0.26729704763466927,7.381850005439495e-10,-4.267340293290138,2.323823116141156,1.0,0.8571428571428571,14,12
6261,13,E2F8,6261,-1.0,2.639524712149227,0.4107683218725082,2.417272930774274e-22,-4.043420494925826,2.107188123198233,1.0,0.8571428571428571,14,12
6262,13,E2F8,6262,-1.0,2.639524712149227,0.7111116796122362,2.293337989883988e-80,-4.103856246641764,2.0681137353833488,1.0,0.8571428571428571,14,12
6260,13,E2F8,6260,-1.0,2.639524712149227,0.5205326036984815,4.938940601428139e-37,-5.0081105814149325,2.5017774755141757,1.0,0.8571428571428571,14,12
6263,13,E2F8,6263,-1.0,2.639524712149227,0.3691984014437182,4.81483832767468e-18,-5.354621764500007,2.714837339456294,1.0,0.8571428571428571,14,12
6259,13,E2F8,6259,-1.0,2.639524712149227,0.45444051369552535,1.4729062018581956e-27,-4.915790450955654,2.4259459600399764,1.0,0.8571428571428571,14,12
6254,13,E2F8,6254,-1.0,2.639524712149227,0.8356078115965657,2.6179485095453876e-135,-4.293072519858016,2.1864388977968976,1.0,0.8571428571428571,14,12
6257,13,E2F8,6257,-1.0,2.639524712149227,0.29518271888780845,8.568433276089077e-12,-3.8982644881208817,2.180234289331555,1.0,0.8571428571428571,14,12
6255,13,E2F8,6255,-1.0,2.639524712149227,0.34900824529634894,3.6093459435916203e-16,-3.270623420275918,1.6829740084335478,1.0,0.8571428571428571,14,12
6258,13,E2F8,6258,-1.0,2.639524712149227,0.39945962169876204,4.1109294651567305e-21,-6.871392018648102,3.447185179682236,1.0,0.8571428571428571,14,12
6267,13,E2F8,6267,-1.0,2.639524712149227,0.11938599536451598,0.006732873713153777,-3.350717987918424,1.7743381292234228,1.0,0.8571428571428571,14,12
2861,13,HMX1,2861,-1.0,1.6446632097613916,0.47494454372318673,2.7970365284573895e-30,-5.288988372193503,2.5840870024913065,0.3333333333333333,0.16,25,12
2866,13,HMX1,2866,-1.0,1.6446632097613916,0.2438282758637687,2.1529697550432523e-08,-5.413823169413261,2.72570996946602,0.3333333333333333,0.16,25,12
2854,13,HMX1,2854,-1.0,1.6446632097613916,-0.45862602752350146,4.241297419931694e-28,2.9582478027738177,1.597061960176266,0.3333333333333333,0.16,25,12
2857,13,HMX1,2857,-1.0,1.6446632097613916,0.4312650791256168,1.0715155088958837e-24,-2.5969016379730343,1.3377699450532845,0.3333333333333333,0.16,25,12
7988,13,CREB3L2,7988,-1.0,2.7383274983788524,0.4122700755389159,1.6456662884833052e-22,-5.109535734507255,2.5854910805700126,1.0,0.5,12,6
7987,13,CREB3L2,7987,-1.0,2.7383274983788524,0.5396149068350425,3.544184269700845e-40,-6.260613812653607,3.3825868206014436,1.0,0.5,12,6
7990,13,CREB3L2,7990,-1.0,2.7383274983788524,0.47078636866428475,1.0317845077706118e-29,-5.918657450462428,3.471537510403181,1.0,0.5,12,6
7992,13,CREB3L2,7992,-1.0,2.7383274983788524,0.3686887183834191,5.389732355443406e-18,-2.7053016788589557,1.4076438224480106,1.0,0.5,12,6
7989,13,CREB3L2,7989,-1.0,2.7383274983788524,0.6965213835465094,7.856867274589726e-76,-3.4898118107664478,1.811470157269839,1.0,0.5,12,6
7991,13,CREB3L2,7991,-1.0,2.7383274983788524,0.5938170890311167,2.6846959341478735e-50,-11.600754686546798,5.345327299058444,1.0,0.5,12,6
2593,13,SIRT6,2593,-1.0,2.560985533833568,0.3736145988736212,1.7967121863747095e-18,-6.860468258600289,3.2010917214810903,0.8181818181818182,0.5625,16,11
2589,13,SIRT6,2589,-1.0,2.560985533833568,-0.3458970989106252,6.832302164149772e-16,9.428565418305162,4.051299437996038,0.8181818181818182,0.5625,16,11
2588,13,SIRT6,2588,-1.0,2.560985533833568,-0.3374482634753557,3.730091406294817e-15,3.231217423121131,1.7931366654412129,0.8181818181818182,0.5625,16,11
2592,13,SIRT6,2592,-1.0,2.560985533833568,0.49302171348939516,7.759576900676574e-33,-3.1294113197597975,1.6318955062835698,0.8181818181818182,0.5625,16,11
2587,13,SIRT6,2587,-1.0,2.560985533833568,0.17682477635792984,5.555397314173141e-05,-3.82895799387242,1.9439435777204772,0.8181818181818182,0.5625,16,11
2582,13,SIRT6,2582,-1.0,2.560985533833568,0.19097368166995504,1.3046926054687774e-05,-4.376669358803835,2.2371265066829675,0.8181818181818182,0.5625,16,11
2584,13,SIRT6,2584,-1.0,2.560985533833568,0.7703049635472208,4.120745374946083e-102,-5.945793898914549,2.8482978423094734,0.8181818181818182,0.5625,16,11
2596,13,SIRT6,2596,-1.0,2.560985533833568,0.599507968667466,1.7879626556287866e-51,-3.041333528151274,1.5646500285549694,0.8181818181818182,0.5625,16,11
2586,13,SIRT6,2586,-1.0,2.560985533833568,0.6109738539869627,6.440025129462417e-54,-3.0302863566681113,1.5654200712607678,0.8181818181818182,0.5625,16,11
7630,13,HOXA3,7630,-1.0,19.26093642804094,0.45813640577474934,4.9105931544123195e-28,-3.36648769606214,1.8607136357626861,0.9090909090909091,0.4,25,11
7643,13,HOXA3,7643,-1.0,19.26093642804094,0.46388500226027946,8.65910116423944e-29,-3.6151287301686117,1.8597090789797177,0.9090909090909091,0.4,25,11
7625,13,HOXA3,7625,-1.0,19.26093642804094,0.41074572479612464,2.431262616164582e-22,-6.9935766150933665,3.2812130568141797,0.9090909090909091,0.4,25,11
7629,13,HOXA3,7629,-1.0,19.26093642804094,0.548833144501024,9.061921299204034e-42,-5.5648622572914705,2.851528375616631,0.9090909090909091,0.4,25,11
7624,13,HOXA3,7624,-1.0,19.26093642804094,0.437780102564467,1.7685018434558086e-25,-3.379414485903413,1.860667937131903,0.9090909090909091,0.4,25,11
7623,13,HOXA3,7623,-1.0,19.26093642804094,0.400618286630853,3.090361819777795e-21,-5.109475099194665,2.779789887586496,0.9090909090909091,0.4,25,11
7626,13,HOXA3,7626,-1.0,19.26093642804094,0.3900281218674066,4.024934605053746e-20,-5.3912259043507245,2.6762219210963636,0.9090909090909091,0.4,25,11
7633,13,HOXA3,7633,-1.0,19.26093642804094,-0.09109806360227943,0.03896065572167028,7.145937272616671,3.4743420667334557,0.9090909090909091,0.4,25,11
7646,13,HOXA3,7646,-1.0,19.26093642804094,0.36583365201091267,1.0100875218121055e-17,-3.4224505142403467,1.7611032194030805,0.9090909090909091,0.4,25,11
7627,13,HOXA3,7627,-1.0,19.26093642804094,0.5163644236351262,2.260635628903407e-36,-4.733872122380129,2.8218202906484917,0.9090909090909091,0.4,25,11
2063,13,ARID3A,2063,-1.0,1.5260602052718408,0.25398356051563437,5.21310411232903e-09,-5.224586553430472,2.541919001862666,1.0,0.52,25,13
2066,13,ARID3A,2066,-1.0,1.5260602052718408,0.10175261861098794,0.021039983188741295,-5.6159249099465764,2.8559692192454325,1.0,0.52,25,13
2064,13,ARID3A,2064,-1.0,1.5260602052718408,0.34910069300156565,3.541163949753272e-16,-3.0138644050897883,1.5409862800174625,1.0,0.52,25,13
2069,13,ARID3A,2069,-1.0,1.5260602052718408,0.3475937586779839,4.828506063252524e-16,-4.3252668883856575,2.184543861911744,1.0,0.52,25,13
2056,13,ARID3A,2056,-1.0,1.5260602052718408,0.22282997105295194,3.326977949340146e-07,-5.333108374120847,2.909604198559565,1.0,0.52,25,13
2059,13,ARID3A,2059,-1.0,1.5260602052718408,0.2809357078616984,8.885116527722674e-11,-6.154907014285929,3.105315836372441,1.0,0.52,25,13
2077,13,ARID3A,2077,-1.0,1.5260602052718408,0.2436010631517532,2.2208044481749314e-08,-4.10749999476381,2.108727930983882,1.0,0.52,25,13
2058,13,ARID3A,2058,-1.0,1.5260602052718408,0.23896582401440752,4.153648556299016e-08,-6.876916584137969,3.648986147785394,1.0,0.52,25,13
2067,13,ARID3A,2067,-1.0,1.5260602052718408,0.23639962611627732,5.8423158735352736e-08,-4.502518875499744,2.259133907816298,1.0,0.52,25,13
2065,13,ARID3A,2065,-1.0,1.5260602052718408,-0.3490277012844908,3.594890423448713e-16,8.612674461631258,3.7275895743056884,1.0,0.52,25,13
2057,13,ARID3A,2057,-1.0,1.5260602052718408,0.26740776235098723,7.259482531206495e-10,-4.308623249962589,2.198649637721242,1.0,0.52,25,13
2076,13,ARID3A,2076,-1.0,1.5260602052718408,0.40508754919043044,1.0171639715126607e-21,-2.8912448720040693,1.4767519578487611,1.0,0.52,25,13
2075,13,ARID3A,2075,-1.0,1.5260602052718408,0.22008350305453986,4.669725681752419e-07,-2.640692632864211,1.374417953047463,1.0,0.52,25,13
5180,13,E4F1,5180,-1.0,2.5945438288014553,0.2792968405676653,1.1530844181300952e-10,-4.398648651766672,2.241845797838029,1.0,0.4,5,2
5181,13,E4F1,5181,-1.0,2.5945438288014553,0.23931028129425977,3.9665586469321553e-08,-3.080659022130226,1.6473765332698507,1.0,0.4,5,2
4197,13,HLX,4197,-1.0,1.6559281702862492,0.6152407765664777,7.478365622500685e-55,-6.214588350862002,3.3636387475789276,0.9285714285714286,0.52,25,14
4206,13,HLX,4206,-1.0,1.6559281702862492,-0.13955110535837412,0.001515638494547232,6.191670194262478,2.9055095427237574,0.9285714285714286,0.52,25,14
4201,13,HLX,4201,-1.0,1.6559281702862492,0.45550883113618107,1.0736975696962298e-27,-5.429388894552327,2.874405394359109,0.9285714285714286,0.52,25,14
4194,13,HLX,4194,-1.0,1.6559281702862492,0.27215575866870534,3.5192007638612727e-10,-4.8368645674181945,2.4453772254381483,0.9285714285714286,0.52,25,14
4215,13,HLX,4215,-1.0,1.6559281702862492,0.33711661951145483,3.982888233614929e-15,-6.798246789029003,3.165334325921795,0.9285714285714286,0.52,25,14
4205,13,HLX,4205,-1.0,1.6559281702862492,0.5777428283539242,4.252847594438056e-47,-3.2514562954419115,1.6930439648944657,0.9285714285714286,0.52,25,14
4199,13,HLX,4199,-1.0,1.6559281702862492,0.4603787748746781,2.5052553926280084e-28,-7.816671296550351,3.8604008399107124,0.9285714285714286,0.52,25,14
4207,13,HLX,4207,-1.0,1.6559281702862492,0.4018477243440411,2.280210568047052e-21,-2.6390967838131734,1.3529912122911039,0.9285714285714286,0.52,25,14
4195,13,HLX,4195,-1.0,1.6559281702862492,0.4684178493025911,2.1529565337819086e-29,-4.169135816260819,2.387508771178274,0.9285714285714286,0.52,25,14
4196,13,HLX,4196,-1.0,1.6559281702862492,0.40211945500990715,2.1316619739412204e-21,-5.048371337092222,2.478969223760402,0.9285714285714286,0.52,25,14
4193,13,HLX,4193,-1.0,1.6559281702862492,0.5545679581826388,8.737652697679028e-43,-4.359697548906161,2.3861477220500835,0.9285714285714286,0.52,25,14
4200,13,HLX,4200,-1.0,1.6559281702862492,0.4324772050004628,7.686261362554827e-25,-2.5694678152563935,1.3405475116332173,0.9285714285714286,0.52,25,14
4213,13,HLX,4213,-1.0,1.6559281702862492,0.33466971800321704,6.445524953748011e-15,-3.15042929197566,1.6139404214278412,0.9285714285714286,0.52,25,14
9001,13,HOXD11,9001,-1.0,19.179025178271534,0.42802469045837177,2.5873956657080228e-24,-2.5413172730145415,1.3074586981907905,1.0,0.68,25,17
8994,13,HOXD11,8994,-1.0,19.179025178271534,0.2796297048351985,1.0937805332770163e-10,-3.772950956367309,1.9090810993796146,1.0,0.68,25,17
8998,13,HOXD11,8998,-1.0,19.179025178271534,0.26230288080643743,1.5566356492538423e-09,-2.728976536834744,1.3920981656307703,1.0,0.68,25,17
8999,13,HOXD11,8999,-1.0,19.179025178271534,0.4212934397274764,1.5670006389910315e-23,-6.179425964147611,3.2698857884705954,1.0,0.68,25,17
8985,13,HOXD11,8985,-1.0,19.179025178271534,0.36604788082093803,9.637948973665645e-18,-4.045481296464569,2.3553704608086283,1.0,0.68,25,17
8992,13,HOXD11,8992,-1.0,19.179025178271534,0.3780956878737134,6.50606207928317e-19,-4.314806295168874,2.2640670551478803,1.0,0.68,25,17
8989,13,HOXD11,8989,-1.0,19.179025178271534,0.22874279849602205,1.5798384848990546e-07,-5.300202160420044,2.7885861654868016,1.0,0.68,25,17
8996,13,HOXD11,8996,-1.0,19.179025178271534,-0.167356118526349,0.0001378999528625949,7.569659233805825,3.6358034292561974,1.0,0.68,25,17
8997,13,HOXD11,8997,-1.0,19.179025178271534,0.18804921835476876,1.776028450848776e-05,-4.0455386409847,2.033568853666657,1.0,0.68,25,17
8983,13,HOXD11,8983,-1.0,19.179025178271534,0.2384175427893991,4.4691647398642455e-08,-5.4631056485939675,2.9758100699225816,1.0,0.68,25,17
8993,13,HOXD11,8993,-1.0,19.179025178271534,0.3244122861037506,4.629692178913872e-14,-2.864960136417358,1.5281798287355555,1.0,0.68,25,17
8990,13,HOXD11,8990,-1.0,19.179025178271534,0.36664906787028634,8.447468825915022e-18,-5.7196682455746535,2.7575765787190387,1.0,0.68,25,17
8988,13,HOXD11,8988,-1.0,19.179025178271534,0.3991815570464292,4.4015873801655586e-21,-6.164626066486944,3.1899282475971296,1.0,0.68,25,17
8986,13,HOXD11,8986,-1.0,19.179025178271534,0.35312477515844687,1.5344908959253392e-16,-3.884200225936917,2.018699468304693,1.0,0.68,25,17
8984,13,HOXD11,8984,-1.0,19.179025178271534,0.4040829505033188,1.307708558937937e-21,-5.301701689259298,2.646635512285217,1.0,0.68,25,17
9002,13,HOXD11,9002,-1.0,19.179025178271534,0.16252655159019297,0.00021526655130053296,-7.735734733422971,3.519422929418768,1.0,0.68,25,17
9004,13,HOXD11,9004,-1.0,19.179025178271534,0.28960699395588285,2.1739480575992777e-11,-5.833847741619554,2.757875408854161,1.0,0.68,25,17
10489,13,BCL6B,10489,-1.0,1.4175660677109612,0.5897190371190718,1.8269349508715e-49,-5.824493605368229,2.9609647991882744,1.0,0.72,25,18
10503,13,BCL6B,10503,-1.0,1.4175660677109612,0.4477398967556022,1.043082297226647e-26,-3.8299261604377337,1.9792672638728588,1.0,0.72,25,18
10498,13,BCL6B,10498,-1.0,1.4175660677109612,0.27397251013522245,2.6576146514318743e-10,-2.790501501127812,1.4267030569929207,1.0,0.72,25,18
10492,13,BCL6B,10492,-1.0,1.4175660677109612,-0.29212394187968255,1.4315790420333261e-11,10.059921248219311,4.930103946298588,1.0,0.72,25,18
10500,13,BCL6B,10500,-1.0,1.4175660677109612,0.2837862730062536,5.6233116369227994e-11,-6.803264022735706,3.1986259816738474,1.0,0.72,25,18
10497,13,BCL6B,10497,-1.0,1.4175660677109612,0.3314504828300462,1.206367091247929e-14,-7.8573708909939715,3.9115602470797075,1.0,0.72,25,18
10494,13,BCL6B,10494,-1.0,1.4175660677109612,0.28165404886424317,7.921574190573474e-11,-2.7409104159538913,1.4086540881778766,1.0,0.72,25,18
10490,13,BCL6B,10490,-1.0,1.4175660677109612,0.22404308278661347,2.8602934090136155e-07,-5.558691328086895,3.033779620659726,1.0,0.72,25,18
10495,13,BCL6B,10495,-1.0,1.4175660677109612,0.19959801534991067,5.1117594471247365e-06,-3.7360557563226457,1.9398884158154148,1.0,0.72,25,18
10499,13,BCL6B,10499,-1.0,1.4175660677109612,0.7445156467156709,6.738630842014756e-92,-3.0760503038532674,1.6721614479955649,1.0,0.72,25,18
10488,13,BCL6B,10488,-1.0,1.4175660677109612,0.20445929905417848,2.9598295979941174e-06,-5.562229676941412,3.266002292107765,1.0,0.72,25,18
10510,13,BCL6B,10510,-1.0,1.4175660677109612,0.22350651413518627,3.0583629295203405e-07,-4.795820811146533,2.3722672404858396,1.0,0.72,25,18
10502,13,BCL6B,10502,-1.0,1.4175660677109612,0.17387400224586502,7.413110314097406e-05,-3.5461021627998197,1.8113510898590284,1.0,0.72,25,18
10506,13,BCL6B,10506,-1.0,1.4175660677109612,0.3384345353328292,3.0677809283391462e-15,-3.2149457277041993,1.6394827260812825,1.0,0.72,25,18
10486,13,BCL6B,10486,-1.0,1.4175660677109612,0.2355144469032756,6.56593547280526e-08,-7.837387507813652,3.9444522483531164,1.0,0.72,25,18
10508,13,BCL6B,10508,-1.0,1.4175660677109612,0.19616784648587082,7.457048887715041e-06,-5.2815133443415725,2.711444286489485,1.0,0.72,25,18
10487,13,BCL6B,10487,-1.0,1.4175660677109612,0.3180980355640212,1.502299751409835e-13,-5.050736483352476,2.5345715257864128,1.0,0.72,25,18
10501,13,BCL6B,10501,-1.0,1.4175660677109612,0.24521138767990838,1.7813020372641784e-08,-3.2874465078841464,1.6789785769110745,1.0,0.72,25,18
2672,13,SOX3,2672,-1.0,1.7702447850473844,0.34512361646564127,7.998155136592797e-16,-4.523363989338007,2.354790517154249,0.4,0.16,25,10
2678,13,SOX3,2678,-1.0,1.7702447850473844,0.35696515286175473,6.830960909320893e-17,-2.6964888849835864,1.4143565867724621,0.4,0.16,25,10
2669,13,SOX3,2669,-1.0,1.7702447850473844,0.2480420700928148,1.2043282420864438e-08,-3.691626032248746,1.9459969831142219,0.4,0.16,25,10
2681,13,SOX3,2681,-1.0,1.7702447850473844,0.21192362998589873,1.2463865195882446e-06,-2.594450434944831,1.3352307377454773,0.4,0.16,25,10
8489,13,HOXD10,8489,-1.0,19.07025388786857,0.3347312200822216,6.368342603126145e-15,-3.0194786410813044,1.5842582144795987,0.9444444444444444,0.68,25,18
8480,13,HOXD10,8480,-1.0,19.07025388786857,0.28645883421976,3.644725696041459e-11,-5.1158029011074175,2.4816495557627136,0.9444444444444444,0.68,25,18
8471,13,HOXD10,8471,-1.0,19.07025388786857,0.3736064550739875,1.8000063537234505e-18,-4.563306469614995,2.3182661432268663,0.9444444444444444,0.68,25,18
8490,13,HOXD10,8490,-1.0,19.07025388786857,0.3999806839533627,3.6163258919309124e-21,-2.593648001129298,1.3319329849272763,0.9444444444444444,0.68,25,18
8488,13,HOXD10,8488,-1.0,19.07025388786857,0.25481204302436133,4.630724811133032e-09,-5.486239476839423,2.6426431209095753,0.9444444444444444,0.68,25,18
8476,13,HOXD10,8476,-1.0,19.07025388786857,0.35324267607402154,1.4970793816837815e-16,-6.320210211679565,2.975192301556669,0.9444444444444444,0.68,25,18
8478,13,HOXD10,8478,-1.0,19.07025388786857,0.3690416315154963,4.9849189862240884e-18,-4.624560723841795,2.4027262099146665,0.9444444444444444,0.68,25,18
8473,13,HOXD10,8473,-1.0,19.07025388786857,0.3664846024699135,8.757951284345976e-18,-6.759256341550181,3.6020828063517816,0.9444444444444444,0.68,25,18
8487,13,HOXD10,8487,-1.0,19.07025388786857,0.3197868227309274,1.0995296503114676e-13,-4.648200605078404,2.3142026321761593,0.9444444444444444,0.68,25,18
8469,13,HOXD10,8469,-1.0,19.07025388786857,0.3911374058931649,3.089380857654182e-20,-5.595016698462366,2.764572316896125,0.9444444444444444,0.68,25,18
8470,13,HOXD10,8470,-1.0,19.07025388786857,0.3037055567257637,1.9844233721921254e-12,-4.949074966746101,2.937522301796428,0.9444444444444444,0.68,25,18
8474,13,HOXD10,8474,-1.0,19.07025388786857,0.20797819226960665,1.976495221407986e-06,-4.107809109335817,2.230406176025048,0.9444444444444444,0.68,25,18
8482,13,HOXD10,8482,-1.0,19.07025388786857,0.42543617703305525,5.1969143290642255e-24,-6.629582436897804,3.237714173344231,0.9444444444444444,0.68,25,18
8477,13,HOXD10,8477,-1.0,19.07025388786857,0.33737147053567856,3.787187641071747e-15,-3.001396236839593,1.6307308012253419,0.9444444444444444,0.68,25,18
8483,13,HOXD10,8483,-1.0,19.07025388786857,0.2971774036831158,6.110776000591856e-12,-3.1577417249340796,1.6143587948201206,0.9444444444444444,0.68,25,18
8468,13,HOXD10,8468,-1.0,19.07025388786857,0.22751234392269407,1.8477690395253432e-07,-5.610722742772233,3.0857075481034144,0.9444444444444444,0.68,25,18
8485,13,HOXD10,8485,-1.0,19.07025388786857,-0.12383666603217573,0.004930103880548311,6.0318105227486765,3.2614074113256013,0.9444444444444444,0.68,25,18
5527,13,ZBTB16,5527,-1.0,1.9697798728519107,0.19867501476292826,5.662116120710909e-06,-3.7335108484844097,2.1603407542028177,0.38461538461538464,0.2,25,13
5536,13,ZBTB16,5536,-1.0,1.9697798728519107,0.21838012734226864,5.749933232635557e-07,-3.016401118148173,1.5620971184392238,0.38461538461538464,0.2,25,13
5543,13,ZBTB16,5543,-1.0,1.9697798728519107,0.2774536671599793,1.5427001838218722e-10,-5.777806461238716,2.8195489347664324,0.38461538461538464,0.2,25,13
5544,13,ZBTB16,5544,-1.0,1.9697798728519107,0.3762537884888263,9.896503983062924e-19,-7.042629869103075,3.6948508372576083,0.38461538461538464,0.2,25,13
5531,13,ZBTB16,5531,-1.0,1.9697798728519107,0.2175894131965225,6.329472038506824e-07,-2.572503700926135,1.3194947170680855,0.38461538461538464,0.2,25,13
6383,13,IKZF2,6383,-1.0,1.817199561602519,0.35972213661601654,3.794819860057279e-17,-3.4760209191995015,1.8088657963228305,0.7647058823529411,0.52,25,17
6371,13,IKZF2,6371,-1.0,1.817199561602519,0.38789163734516047,6.680469291584841e-20,-5.6702493047231055,2.714132075635318,0.7647058823529411,0.52,25,17
6372,13,IKZF2,6372,-1.0,1.817199561602519,0.4804669614171174,4.805099478964747e-31,-4.72402128761488,2.332307245029875,0.7647058823529411,0.52,25,17
6365,13,IKZF2,6365,-1.0,1.817199561602519,0.2816474212870269,7.92998001222557e-11,-4.282780664525136,2.482110897859522,0.7647058823529411,0.52,25,17
6379,13,IKZF2,6379,-1.0,1.817199561602519,0.23254971069520858,9.675709986277347e-08,-4.27941931827932,2.139717571033828,0.7647058823529411,0.52,25,17
6368,13,IKZF2,6368,-1.0,1.817199561602519,0.5897964472209576,1.7623879863351476e-49,-4.414647321158069,2.2586538650931587,0.7647058823529411,0.52,25,17
6378,13,IKZF2,6378,-1.0,1.817199561602519,0.126368324069085,0.004111156688877584,-7.255325883190571,3.52901163369065,0.7647058823529411,0.52,25,17
6363,13,IKZF2,6363,-1.0,1.817199561602519,0.3389042980059167,2.7943563733185254e-15,-5.364814565681251,2.9485639941481523,0.7647058823529411,0.52,25,17
6370,13,IKZF2,6370,-1.0,1.817199561602519,0.2993884734502571,4.188245458501353e-12,-5.839819265387445,3.1200057718577505,0.7647058823529411,0.52,25,17
6369,13,IKZF2,6369,-1.0,1.817199561602519,0.6254201165967569,3.838807802150569e-57,-3.027455925419455,1.6433475750438904,0.7647058823529411,0.52,25,17
6375,13,IKZF2,6375,-1.0,1.817199561602519,0.3646663092193355,1.303501706579263e-17,-2.5895330689748595,1.318191625635814,0.7647058823529411,0.52,25,17
6381,13,IKZF2,6381,-1.0,1.817199561602519,0.3952458621273949,1.1496115488931398e-20,-3.541087792953034,1.8301846625894471,0.7647058823529411,0.52,25,17
6364,13,IKZF2,6364,-1.0,1.817199561602519,0.2792899478873604,1.1543449663189717e-10,-5.292344001455452,2.631634280939186,0.7647058823529411,0.52,25,17
1563,13,BRCA1,1563,-1.0,2.630725133944319,0.20165768961332728,4.061895370911864e-06,-2.97172074205255,1.5413490437759136,1.0,0.55,20,11
1556,13,BRCA1,1556,-1.0,2.630725133944319,0.5992459584481838,2.0278924927902373e-51,-5.785726217755479,2.7618735511951678,1.0,0.55,20,11
1548,13,BRCA1,1548,-1.0,2.630725133944319,0.40530475698773083,9.63272049225465e-22,-4.024494546120134,2.5210802911095382,1.0,0.55,20,11
1553,13,BRCA1,1553,-1.0,2.630725133944319,0.5220283214047989,2.8467257421520735e-37,-5.075119687966172,2.6668414914575513,1.0,0.55,20,11
1546,13,BRCA1,1546,-1.0,2.630725133944319,0.3836267472226586,1.8166778937428137e-19,-2.818257131009192,1.448297154865395,1.0,0.55,20,11
1545,13,BRCA1,1545,-1.0,2.630725133944319,0.39245954029798913,2.2509670359712466e-20,-4.379353020203307,2.395805259365705,1.0,0.55,20,11
1557,13,BRCA1,1557,-1.0,2.630725133944319,0.7055661707250637,1.308925448727659e-78,-6.601149582774085,3.26664516305068,1.0,0.55,20,11
1549,13,BRCA1,1549,-1.0,2.630725133944319,0.4930005936099994,7.814749939437208e-33,-5.49955028528626,2.9944416973838965,1.0,0.55,20,11
1555,13,BRCA1,1555,-1.0,2.630725133944319,0.499793153315081,7.800755323444029e-34,-4.671013091229714,2.2914165793121546,1.0,0.55,20,11
1559,13,BRCA1,1559,-1.0,2.630725133944319,0.18818356002961206,1.7512239263382925e-05,-4.429928873549194,2.6119364964259604,1.0,0.55,20,11
1547,13,BRCA1,1547,-1.0,2.630725133944319,0.7128501431888059,6.327639024382391e-81,-5.6863020529357025,2.8777094886472088,1.0,0.55,20,11
3032,13,ZNF282,3032,-1.0,2.6939217010188514,0.6730383752185168,4.4332911541946873e-69,-3.5763415262580565,1.8338523518679704,1.0,0.631578947368421,19,12
3030,13,ZNF282,3030,-1.0,2.6939217010188514,0.5825850246358092,4.8248556729793044e-48,-7.513291075741987,3.341507101829932,1.0,0.631578947368421,19,12
3022,13,ZNF282,3022,-1.0,2.6939217010188514,0.23740745969162766,5.11212594138212e-08,-5.861245171691949,3.1092702432087362,1.0,0.631578947368421,19,12
3021,13,ZNF282,3021,-1.0,2.6939217010188514,0.47782459056484855,1.1206656575373774e-30,-5.713661905094443,2.825613648502804,1.0,0.631578947368421,19,12
3023,13,ZNF282,3023,-1.0,2.6939217010188514,0.3513729799420794,2.2116067805423285e-16,-4.676089113660182,2.3288045789952068,1.0,0.631578947368421,19,12
3020,13,ZNF282,3020,-1.0,2.6939217010188514,0.49824344902653045,1.3256887585271856e-33,-3.245960135226336,1.7638872204221723,1.0,0.631578947368421,19,12
3036,13,ZNF282,3036,-1.0,2.6939217010188514,0.5349967226630666,2.1325884811586978e-39,-5.284581038446193,2.577489903839662,1.0,0.631578947368421,19,12
3035,13,ZNF282,3035,-1.0,2.6939217010188514,0.3450997571876627,8.037063699647059e-16,-3.1236882898065708,1.6088131836278976,1.0,0.631578947368421,19,12
3027,13,ZNF282,3027,-1.0,2.6939217010188514,0.46624603643267576,4.2050012340039917e-29,-3.1356897609945507,1.6113933790523407,1.0,0.631578947368421,19,12
3031,13,ZNF282,3031,-1.0,2.6939217010188514,0.30648669701655196,1.2183912542979514e-12,-5.018847078847982,2.4302247111994237,1.0,0.631578947368421,19,12
3025,13,ZNF282,3025,-1.0,2.6939217010188514,0.19502436849682794,8.445121860443924e-06,-4.896532130932685,2.530121679496968,1.0,0.631578947368421,19,12
3024,13,ZNF282,3024,-1.0,2.6939217010188514,0.4163254458536883,5.770011974473028e-23,-4.629897987137348,2.3015258357104704,1.0,0.631578947368421,19,12
5017,13,E2F1,5017,-1.0,2.6726208396402886,0.38662400274293335,9.007577402537323e-20,-5.1068565773014845,2.76573846447635,1.0,0.84,25,21
5025,13,E2F1,5025,-1.0,2.6726208396402886,0.4719872856558684,7.090281330765057e-30,-3.1771636955453206,1.6372658570086769,1.0,0.84,25,21
5033,13,E2F1,5033,-1.0,2.6726208396402886,0.5434347772393976,7.864592467152661e-41,-2.7679330291978452,1.4116501932635117,1.0,0.84,25,21
5037,13,E2F1,5037,-1.0,2.6726208396402886,0.1689285041271028,0.00011896924061857675,-3.8221385905995064,2.027916966988725,1.0,0.84,25,21
5027,13,E2F1,5027,-1.0,2.6726208396402886,0.2963640890472438,7.0160442335016756e-12,-3.3027661737489646,1.698726116681776,1.0,0.84,25,21
5028,13,E2F1,5028,-1.0,2.6726208396402886,-0.48333670235175163,1.8994890039068525e-31,6.838362572262219,3.1230714944340545,1.0,0.84,25,21
5022,13,E2F1,5022,-1.0,2.6726208396402886,0.3010151460022123,3.165425989618574e-12,-5.348197454131668,2.598887483147578,1.0,0.84,25,21
5032,13,E2F1,5032,-1.0,2.6726208396402886,0.3476293708595592,4.793344905658285e-16,-3.795442269092282,1.9188143949089944,1.0,0.84,25,21
5023,13,E2F1,5023,-1.0,2.6726208396402886,0.2694715015284298,5.308569075282729e-10,-3.848500757908177,1.9942488606516968,1.0,0.84,25,21
5034,13,E2F1,5034,-1.0,2.6726208396402886,0.3518734945734503,1.9927527913750706e-16,-4.150436030179816,2.089329375146868,1.0,0.84,25,21
5019,13,E2F1,5019,-1.0,2.6726208396402886,0.20405051009148048,3.1005822763535546e-06,-5.957173292486909,3.025204938418679,1.0,0.84,25,21
5020,13,E2F1,5020,-1.0,2.6726208396402886,0.1939315251977172,9.505128737417912e-06,-4.608865030181793,2.3300460180502722,1.0,0.84,25,21
5026,13,E2F1,5026,-1.0,2.6726208396402886,0.521527364934947,3.424697704966816e-37,-3.0075005589653174,1.5418334765185295,1.0,0.84,25,21
5030,13,E2F1,5030,-1.0,2.6726208396402886,-0.27259494611890184,3.288863129523932e-10,6.506670815169042,3.065147336252243,1.0,0.84,25,21
5035,13,E2F1,5035,-1.0,2.6726208396402886,0.14501090346911694,0.0009770138479957469,-3.134230328296252,1.6190371501857268,1.0,0.84,25,21
5021,13,E2F1,5021,-1.0,2.6726208396402886,0.18819177822536015,1.749717270465227e-05,-2.673738951703042,1.3632936913954639,1.0,0.84,25,21
5039,13,E2F1,5039,-1.0,2.6726208396402886,0.4650308038743049,6.102914401384397e-29,-5.225851710764652,2.514946286714389,1.0,0.84,25,21
5031,13,E2F1,5031,-1.0,2.6726208396402886,0.330816002771211,1.3638120797252016e-14,-4.66103295715407,2.3000017491972944,1.0,0.84,25,21
5036,13,E2F1,5036,-1.0,2.6726208396402886,0.2635122491986707,1.3011884479094117e-09,-3.3484520023764115,1.7180211105229717,1.0,0.84,25,21
5018,13,E2F1,5018,-1.0,2.6726208396402886,0.10303668960471142,0.01946322788085506,-2.4817784122644513,1.3761987376489357,1.0,0.84,25,21
5016,13,E2F1,5016,-1.0,2.6726208396402886,0.7503774294765032,4.1451696140035396e-94,-4.469536620668033,2.267090102860542,1.0,0.84,25,21
2368,13,BBX,2368,-1.0,1.7743064321766913,0.37058659139506306,3.537696296086702e-18,-3.1943383055591625,1.631567016012384,0.7142857142857143,0.4,25,14
2375,13,BBX,2375,-1.0,1.7743064321766913,0.28729685647385056,3.178331952224411e-11,-7.4222093001941865,3.6010862890207744,0.7142857142857143,0.4,25,14
2364,13,BBX,2364,-1.0,1.7743064321766913,0.22018857224534147,4.609918519575397e-07,-4.3726601606215185,2.178130626471903,0.7142857142857143,0.4,25,14
2363,13,BBX,2363,-1.0,1.7743064321766913,0.7037829989831088,4.70986396289676e-78,-2.9078078146503623,1.6851237502065854,0.7142857142857143,0.4,25,14
2362,13,BBX,2362,-1.0,1.7743064321766913,0.34899253094139654,3.621063169729066e-16,-4.320231816580693,2.420934657834151,0.7142857142857143,0.4,25,14
2372,13,BBX,2372,-1.0,1.7743064321766913,0.6068887921262616,4.907564574135579e-53,-2.611185306648864,1.3508267006973596,0.7142857142857143,0.4,25,14
2374,13,BBX,2374,-1.0,1.7743064321766913,0.6014550624859026,6.988393087799298e-52,-2.575144761961999,1.3189142583111617,0.7142857142857143,0.4,25,14
2370,13,BBX,2370,-1.0,1.7743064321766913,0.31425510119095357,3.034114588337538e-13,-3.4857434646603513,1.7810936633148526,0.7142857142857143,0.4,25,14
2360,13,BBX,2360,-1.0,1.7743064321766913,0.5135867321206193,6.15757176814561e-36,-4.4342590349997355,2.2781525569918757,0.7142857142857143,0.4,25,14
2371,13,BBX,2371,-1.0,1.7743064321766913,0.3892240454687144,4.8726365493384685e-20,-3.992992966983464,2.0721552979117215,0.7142857142857143,0.4,25,14
4819,13,RARA,4819,-1.0,1.7329589005861323,-0.2251801983015287,2.480543678613829e-07,2.733653265558947,1.4883119800370044,1.0,0.56,25,14
4817,13,RARA,4817,-1.0,1.7329589005861323,-0.47683213296863997,1.5373898077378754e-30,6.030706135660821,2.8510584513710815,1.0,0.56,25,14
4810,13,RARA,4810,-1.0,1.7329589005861323,0.4791061872630779,7.438740156404671e-31,-4.2956775048451465,2.2242192982414095,1.0,0.56,25,14
4814,13,RARA,4814,-1.0,1.7329589005861323,0.3459260835149842,6.792026521425308e-16,-3.8192576287111035,1.9897061496946986,1.0,0.56,25,14
4799,13,RARA,4799,-1.0,1.7329589005861323,0.3013790441752323,2.9725202068757862e-12,-4.607195438164347,2.5477036521089746,1.0,0.56,25,14
4809,13,RARA,4809,-1.0,1.7329589005861323,-0.34856933804421525,3.951056961897382e-16,9.080230364978945,4.1214568283154565,1.0,0.56,25,14
4812,13,RARA,4812,-1.0,1.7329589005861323,0.26988373683128025,4.985248933399295e-10,-2.8153539697263037,1.4495376316004798,1.0,0.56,25,14
4802,13,RARA,4802,-1.0,1.7329589005861323,0.20000998554967253,4.882954504363883e-06,-6.395028264822014,3.220531408863514,1.0,0.56,25,14
4798,13,RARA,4798,-1.0,1.7329589005861323,0.2834032874108508,5.98158435077283e-11,-5.3748391819344326,2.6825517884284547,1.0,0.56,25,14
4813,13,RARA,4813,-1.0,1.7329589005861323,0.24487576716967774,1.865322979797175e-08,-7.4469192281065375,3.4051395211012667,1.0,0.56,25,14
4816,13,RARA,4816,-1.0,1.7329589005861323,0.3275056605032408,2.5745935493225938e-14,-4.783144484591758,2.383651717631546,1.0,0.56,25,14
4804,13,RARA,4804,-1.0,1.7329589005861323,0.4008466950812994,2.9209305380040542e-21,-7.410173068801187,3.411694526477151,1.0,0.56,25,14
4807,13,RARA,4807,-1.0,1.7329589005861323,0.5069560620350065,6.489091827290165e-35,-3.7576716053821344,1.978592869530823,1.0,0.56,25,14
4806,13,RARA,4806,-1.0,1.7329589005861323,0.41764106411496105,4.0942815203960215e-23,-2.663596941533775,1.3705241470100349,1.0,0.56,25,14
606,13,FOXD3,606,-1.0,2.7231083695307916,0.44273697073721385,4.374015884216089e-26,-4.987148789994612,2.730538240265417,1.0,0.72,25,18
619,13,FOXD3,619,-1.0,2.7231083695307916,0.19671749704029468,7.022298771703214e-06,-7.894879620977224,3.699310397374826,1.0,0.72,25,18
625,13,FOXD3,625,-1.0,2.7231083695307916,0.22374075935818685,2.9703211348740615e-07,-3.4902201982162757,1.7886674579554234,1.0,0.72,25,18
624,13,FOXD3,624,-1.0,2.7231083695307916,0.4266291367954927,3.771222583796017e-24,-7.456224038739445,3.384125220500284,1.0,0.72,25,18
609,13,FOXD3,609,-1.0,2.7231083695307916,0.5933863546409829,3.288465194094039e-50,-6.817636783687567,3.1549353951118393,1.0,0.72,25,18
621,13,FOXD3,621,-1.0,2.7231083695307916,0.2701301356700165,4.801232789527056e-10,-3.216219490473768,1.6446565967145355,1.0,0.72,25,18
629,13,FOXD3,629,-1.0,2.7231083695307916,0.19546199188156824,8.053074628176733e-06,-4.209539266886973,2.142079310211764,1.0,0.72,25,18
610,13,FOXD3,610,-1.0,2.7231083695307916,0.22443211877302952,2.724470503762755e-07,-4.741449189028461,2.561921244983597,1.0,0.72,25,18
614,13,FOXD3,614,-1.0,2.7231083695307916,0.25664530961698173,3.5576143227989156e-09,-5.7901887324580565,2.9310447708479197,1.0,0.72,25,18
620,13,FOXD3,620,-1.0,2.7231083695307916,0.21590119476892108,7.760472774871807e-07,-4.207334728309494,2.118403134210713,1.0,0.72,25,18
615,13,FOXD3,615,-1.0,2.7231083695307916,0.4208479035568532,1.7628853630201292e-23,-3.771763889816955,2.066990546325145,1.0,0.72,25,18
611,13,FOXD3,611,-1.0,2.7231083695307916,0.33011173538991845,1.5622281052500647e-14,-4.609176238105414,2.336566409651867,1.0,0.72,25,18
618,13,FOXD3,618,-1.0,2.7231083695307916,0.5723804405045602,4.541307298261705e-46,-2.6114702628636044,1.3401271399366395,1.0,0.72,25,18
628,13,FOXD3,628,-1.0,2.7231083695307916,0.4041180673060138,1.2962919226659922e-21,-4.414277207824607,2.398046814538049,1.0,0.72,25,18
612,13,FOXD3,612,-1.0,2.7231083695307916,0.6204856974575015,5.065232713148141e-56,-5.648826838136471,2.716217513464693,1.0,0.72,25,18
608,13,FOXD3,608,-1.0,2.7231083695307916,0.42685932453668535,3.544432102650432e-24,-4.7267058193222695,2.73624927930573,1.0,0.72,25,18
626,13,FOXD3,626,-1.0,2.7231083695307916,0.4165261773720939,5.476279244203697e-23,-3.689558227918574,1.9057716055873317,1.0,0.72,25,18
607,13,FOXD3,607,-1.0,2.7231083695307916,0.4143080769743524,9.735920240156243e-23,-4.884752603633114,2.4618626326621444,1.0,0.72,25,18
9372,13,FOSL1,9372,-1.0,1.6459062136217864,0.4185800592549587,3.202062437132327e-23,-3.3938961005938935,1.799777952737535,0.8888888888888888,0.64,25,18
9371,13,FOSL1,9371,-1.0,1.6459062136217864,0.5654757131328315,8.994138516634607e-45,-2.947267184937314,1.5228674957079353,0.8888888888888888,0.64,25,18
9383,13,FOSL1,9383,-1.0,1.6459062136217864,0.28555486407833264,4.2226872573059913e-11,-2.994962830056998,1.5342448888596874,0.8888888888888888,0.64,25,18
9377,13,FOSL1,9377,-1.0,1.6459062136217864,0.5079429524663535,4.5853806278984863e-35,-6.645680132723812,3.4667673391010467,0.8888888888888888,0.64,25,18
9370,13,FOSL1,9370,-1.0,1.6459062136217864,0.3366303320791748,4.3842386643714095e-15,-4.996927985528233,2.4580965222407065,0.8888888888888888,0.64,25,18
9385,13,FOSL1,9385,-1.0,1.6459062136217864,0.1127588151747659,0.010516745780193869,-3.067361262340329,1.6070384526077102,0.8888888888888888,0.64,25,18
9364,13,FOSL1,9364,-1.0,1.6459062136217864,0.3483369310031656,4.144671670534335e-16,-7.042117656509727,3.3687361423190794,0.8888888888888888,0.64,25,18
9362,13,FOSL1,9362,-1.0,1.6459062136217864,0.5320002624520578,6.732949876687535e-39,-5.166152493057025,2.8364863666831277,0.8888888888888888,0.64,25,18
9380,13,FOSL1,9380,-1.0,1.6459062136217864,0.6051675661393546,1.1446313252252193e-52,-4.767324914395256,2.409728898310285,0.8888888888888888,0.64,25,18
9378,13,FOSL1,9378,-1.0,1.6459062136217864,0.3575255807911604,6.064411483975694e-17,-5.885672375560381,2.944650899736831,0.8888888888888888,0.64,25,18
9369,13,FOSL1,9369,-1.0,1.6459062136217864,0.6267181496864825,1.9324838054007567e-57,-5.1174015188377435,2.675269189573849,0.8888888888888888,0.64,25,18
9382,13,FOSL1,9382,-1.0,1.6459062136217864,0.19269658664309017,1.0855302649861888e-05,-4.067477865224131,2.11034170901525,0.8888888888888888,0.64,25,18
9368,13,FOSL1,9368,-1.0,1.6459062136217864,0.30700400151020396,1.1120730017879659e-12,-4.136648688924898,2.1214893894449007,0.8888888888888888,0.64,25,18
9367,13,FOSL1,9367,-1.0,1.6459062136217864,0.4970588800587469,1.984677403147983e-33,-5.673994080851743,3.49982141950387,0.8888888888888888,0.64,25,18
9365,13,FOSL1,9365,-1.0,1.6459062136217864,0.6432239981919969,2.3398975265923697e-61,-5.027730433316898,2.6470314733868765,0.8888888888888888,0.64,25,18
9363,13,FOSL1,9363,-1.0,1.6459062136217864,0.5811417150535034,9.265602939224585e-48,-4.040556631972471,2.2201312682464565,0.8888888888888888,0.64,25,18
3983,13,SPI1,3983,-1.0,2.924852810107773,0.5253264689306912,8.365209218255895e-38,-5.380311259244108,2.612688495808614,0.7647058823529411,0.52,25,17
3981,13,SPI1,3981,-1.0,2.924852810107773,0.5413784609484372,1.7729363579322338e-40,-2.6358498236315815,1.419686002222113,0.7647058823529411,0.52,25,17
3978,13,SPI1,3978,-1.0,2.924852810107773,0.3485898393497375,3.934410548414223e-16,-5.650052300076515,2.798225656940798,0.7647058823529411,0.52,25,17
3992,13,SPI1,3992,-1.0,2.924852810107773,0.7473672722725809,5.7622047829764496e-93,-2.768160472093114,1.4302572117971972,0.7647058823529411,0.52,25,17
3994,13,SPI1,3994,-1.0,2.924852810107773,0.6226216883929694,1.6674886631656215e-56,-6.823674209128823,3.341588995581567,0.7647058823529411,0.52,25,17
3985,13,SPI1,3985,-1.0,2.924852810107773,0.39191227915531973,2.5666093946866007e-20,-5.610199132838994,2.8571586387813435,0.7647058823529411,0.52,25,17
3986,13,SPI1,3986,-1.0,2.924852810107773,0.42933016623510095,1.8159892388187547e-24,-2.47087296325392,1.3326293744819062,0.7647058823529411,0.52,25,17
3979,13,SPI1,3979,-1.0,2.924852810107773,0.5114667027206867,1.3148233794636731e-35,-5.649864167024645,2.8099818447261398,0.7647058823529411,0.52,25,17
3998,13,SPI1,3998,-1.0,2.924852810107773,0.5410055492704032,2.0532980832684186e-40,-5.382803040884338,2.7524399430103834,0.7647058823529411,0.52,25,17
3982,13,SPI1,3982,-1.0,2.924852810107773,0.2654783420717939,9.70381352958479e-10,-5.086552333636217,2.8164971209084024,0.7647058823529411,0.52,25,17
3976,13,SPI1,3976,-1.0,2.924852810107773,0.9575138720714118,1.1846322694755375e-278,-5.260010031143587,2.852876572213183,0.7647058823529411,0.52,25,17
3980,13,SPI1,3980,-1.0,2.924852810107773,0.7388883918205977,7.850071241264637e-90,-4.69188166548995,2.7529357595796173,0.7647058823529411,0.52,25,17
3989,13,SPI1,3989,-1.0,2.924852810107773,0.4321539559677025,8.399424214004116e-25,-4.930614687039983,2.4117381064148247,0.7647058823529411,0.52,25,17
4769,13,MTERF1,4769,-1.0,1.5457262136227017,0.44217697354337454,5.1277367584025546e-26,-4.098814362051471,2.1361910171731067,1.0,0.4444444444444444,9,4
4765,13,MTERF1,4765,-1.0,1.5457262136227017,0.2098571514098735,1.5885860036512515e-06,-4.579540049389351,2.457766510650116,1.0,0.4444444444444444,9,4
4766,13,MTERF1,4766,-1.0,1.5457262136227017,0.39980545851677923,3.7757251212748535e-21,-5.889265549177907,2.9096134202302735,1.0,0.4444444444444444,9,4
4764,13,MTERF1,4764,-1.0,1.5457262136227017,0.10100838587345173,0.022003735152092,-3.721374765324669,2.286980298798284,1.0,0.4444444444444444,9,4
8097,13,TEAD3,8097,-1.0,1.9057607297535633,0.1210136835168399,0.006014455109053701,-2.799621635568951,1.4702573711886433,0.8571428571428571,0.48,25,14
8095,13,TEAD3,8095,-1.0,1.9057607297535633,0.4605038151648245,2.4126249247719666e-28,-5.012735729124305,2.5644169969754658,0.8571428571428571,0.48,25,14
8092,13,TEAD3,8092,-1.0,1.9057607297535633,0.43617044449613956,2.770066897502616e-25,-3.181557234239095,1.7760680423575406,0.8571428571428571,0.48,25,14
8086,13,TEAD3,8086,-1.0,1.9057607297535633,0.24751672413880713,1.2955439624819957e-08,-6.0185381122199395,2.962877886087622,0.8571428571428571,0.48,25,14
8098,13,TEAD3,8098,-1.0,1.9057607297535633,-0.21008540516920096,1.5467676073222396e-06,10.222165745106771,6.023606224019658,0.8571428571428571,0.48,25,14
8104,13,TEAD3,8104,-1.0,1.9057607297535633,0.2138201774820995,9.954757528498984e-07,-4.608404937426383,2.2951015948830644,0.8571428571428571,0.48,25,14
8091,13,TEAD3,8091,-1.0,1.9057607297535633,0.48810519997499197,3.9846741696569836e-32,-5.497500082102903,2.7614940073361285,0.8571428571428571,0.48,25,14
8089,13,TEAD3,8089,-1.0,1.9057607297535633,0.23706812773815594,5.347532459263483e-08,-4.7680355428211385,2.413049693813364,0.8571428571428571,0.48,25,14
8096,13,TEAD3,8096,-1.0,1.9057607297535633,0.16018469732186236,0.00026597241224006284,-4.010215619039912,2.067466644608262,0.8571428571428571,0.48,25,14
8087,13,TEAD3,8087,-1.0,1.9057607297535633,0.540701122556937,2.314421712692333e-40,-4.13745897036545,2.448229014106018,0.8571428571428571,0.48,25,14
8088,13,TEAD3,8088,-1.0,1.9057607297535633,0.4228893983286576,1.0261229625114463e-23,-4.288328882439322,2.3032502609907612,0.8571428571428571,0.48,25,14
8085,13,TEAD3,8085,-1.0,1.9057607297535633,0.2465165785530276,1.4880459607705671e-08,-4.693221231335207,2.5705856890765015,0.8571428571428571,0.48,25,14
8673,13,HOXB2,8673,-1.0,2.9331941903431438,0.6085082222864464,2.2017068590110667e-53,-3.6920832938218364,2.064994493279864,0.8181818181818182,0.47368421052631576,19,11
8675,13,HOXB2,8675,-1.0,2.9331941903431438,0.5893664453129114,2.1519081982365206e-49,-4.972759722692966,2.605477461757836,0.8181818181818182,0.47368421052631576,19,11
8676,13,HOXB2,8676,-1.0,2.9331941903431438,0.3148275978623269,2.734215132894277e-13,-5.448783416199741,2.8025773664002043,0.8181818181818182,0.47368421052631576,19,11
8674,13,HOXB2,8674,-1.0,2.9331941903431438,0.4281502048254062,2.5009772499235046e-24,-3.697899936425369,2.001046952047742,0.8181818181818182,0.47368421052631576,19,11
8672,13,HOXB2,8672,-1.0,2.9331941903431438,0.43375183556359326,5.412054760354858e-25,-3.9844795936125688,2.0171246904585676,0.8181818181818182,0.47368421052631576,19,11
8669,13,HOXB2,8669,-1.0,2.9331941903431438,0.6243156195053828,6.866369080128821e-57,-4.871215110182726,2.6405151476364823,0.8181818181818182,0.47368421052631576,19,11
8670,13,HOXB2,8670,-1.0,2.9331941903431438,0.4977577349936055,1.564524397761751e-33,-3.5003970398818476,1.851651158504915,0.8181818181818182,0.47368421052631576,19,11
8671,13,HOXB2,8671,-1.0,2.9331941903431438,0.31362349910166215,3.402395878698905e-13,-5.712024317980974,2.8448363416671976,0.8181818181818182,0.47368421052631576,19,11
8681,13,HOXB2,8681,-1.0,2.9331941903431438,0.32250825630799657,6.621693142393067e-14,-4.137345995981122,2.098139839658985,0.8181818181818182,0.47368421052631576,19,11
8067,13,ETV6,8067,-1.0,3.20329021224589,0.30219803598376777,2.5794468437623902e-12,-3.2740559606990587,1.6808177456179403,1.0,0.76,25,19
8068,13,ETV6,8068,-1.0,3.20329021224589,0.2488423279497524,1.0772245995881408e-08,-4.244843447439243,2.1532115734994943,1.0,0.76,25,19
8050,13,ETV6,8050,-1.0,3.20329021224589,0.7014713884177788,2.4419218306967355e-77,-5.557203127685674,2.9729459668548976,1.0,0.76,25,19
8060,13,ETV6,8060,-1.0,3.20329021224589,0.4976118851016704,1.644228426236109e-33,-4.830404738992359,2.6680837505836403,1.0,0.76,25,19
8070,13,ETV6,8070,-1.0,3.20329021224589,0.30748383810066016,1.0216024360848525e-12,-5.524386723670487,2.6413318005618063,1.0,0.76,25,19
8051,13,ETV6,8051,-1.0,3.20329021224589,0.5362372283825553,1.3204872914203724e-39,-5.1910269874126405,2.567651558260989,1.0,0.76,25,19
8064,13,ETV6,8064,-1.0,3.20329021224589,0.5610582119989634,5.857707720164528e-44,-3.387602274942985,1.7448487380875723,1.0,0.76,25,19
8059,13,ETV6,8059,-1.0,3.20329021224589,0.2975129574657559,5.771493812605935e-12,-3.8126305503062157,1.9542494181750902,1.0,0.76,25,19
8052,13,ETV6,8052,-1.0,3.20329021224589,0.6739888581590227,2.429923404275783e-69,-6.839473371061367,3.181700046510248,1.0,0.76,25,19
8054,13,ETV6,8054,-1.0,3.20329021224589,0.6745108461405741,1.7448823952167508e-69,-6.1713239470323025,3.4918046182490965,1.0,0.76,25,19
8063,13,ETV6,8063,-1.0,3.20329021224589,0.22886248020287459,1.5558749764097435e-07,-5.257063721912932,2.5485101475831042,1.0,0.76,25,19
8061,13,ETV6,8061,-1.0,3.20329021224589,0.3589856802357474,4.442515588868826e-17,-4.99377131677439,2.5536903614106476,1.0,0.76,25,19
8055,13,ETV6,8055,-1.0,3.20329021224589,0.6097274276318275,1.200485573923298e-53,-4.990652260926737,2.4601733130532426,1.0,0.76,25,19
8057,13,ETV6,8057,-1.0,3.20329021224589,0.7162973670182156,4.785337246560156e-82,-5.868647469975276,2.8591715599252443,1.0,0.76,25,19
8053,13,ETV6,8053,-1.0,3.20329021224589,0.5858243192760212,1.1022456258985929e-48,-4.049646228072815,2.0588835014699804,1.0,0.76,25,19
8058,13,ETV6,8058,-1.0,3.20329021224589,0.5392277679579176,4.1239734191299946e-40,-4.240804355472108,2.2889773356475662,1.0,0.76,25,19
8074,13,ETV6,8074,-1.0,3.20329021224589,0.5910429619437889,9.862115321803852e-50,-2.486894044645947,1.3284099882071008,1.0,0.76,25,19
8071,13,ETV6,8071,-1.0,3.20329021224589,0.23460505494151057,7.399221009834422e-08,-2.7447498382537114,1.402420878365687,1.0,0.76,25,19
8072,13,ETV6,8072,-1.0,3.20329021224589,0.2904780935376483,1.8821710632915104e-11,-3.788781732922731,1.9248031913093353,1.0,0.76,25,19
3229,13,PATZ1,3229,-1.0,2.0714776493162317,0.7366853851539179,4.889980330855197e-89,-7.253820845662842,3.276353212292752,0.42857142857142855,0.23076923076923078,13,7
3232,13,PATZ1,3232,-1.0,2.0714776493162317,0.40975698662621196,3.128265643172962e-22,-9.720025050582693,3.9875810925466753,0.42857142857142855,0.23076923076923078,13,7
3233,13,PATZ1,3233,-1.0,2.0714776493162317,0.4079374957611121,4.963681161171909e-22,-3.9597684304706324,2.048710336903361,0.42857142857142855,0.23076923076923078,13,7
7029,13,BACH2,7029,-1.0,1.781495124130372,0.46249341384514137,1.3219931700671313e-28,-3.2061626142922677,1.6389019103406948,0.7777777777777778,0.4375,16,9
7025,13,BACH2,7025,-1.0,1.781495124130372,0.1658882135387706,0.00015809478196131184,-4.412888770155323,2.1998578225700918,0.7777777777777778,0.4375,16,9
7036,13,BACH2,7036,-1.0,1.781495124130372,0.40811272890270966,4.748401549384113e-22,-4.13262413573771,2.095717060926245,0.7777777777777778,0.4375,16,9
7022,13,BACH2,7022,-1.0,1.781495124130372,0.1969385011645758,6.854399332702861e-06,-6.886387563028631,3.313840603395145,0.7777777777777778,0.4375,16,9
7033,13,BACH2,7033,-1.0,1.781495124130372,0.3266439870974327,3.0338153886203846e-14,-3.6019057443464955,1.8789518740800202,0.7777777777777778,0.4375,16,9
7026,13,BACH2,7026,-1.0,1.781495124130372,0.4848502642525497,1.1601401553647576e-31,-3.2866153280614876,1.6975165625400022,0.7777777777777778,0.4375,16,9
7024,13,BACH2,7024,-1.0,1.781495124130372,0.36815789363224594,6.060270358633582e-18,-3.6834385319019485,1.9177798840719769,0.7777777777777778,0.4375,16,9
9352,13,SHOX2,9352,-1.0,2.6452727771331994,0.456960244453646,6.9755347381198405e-28,-2.610745649110661,1.3579399292782985,1.0,0.625,16,10
9347,13,SHOX2,9347,-1.0,2.6452727771331994,0.514821830476556,3.948228645973027e-36,-7.018085025998171,3.709244702291465,1.0,0.625,16,10
9350,13,SHOX2,9350,-1.0,2.6452727771331994,0.3897195747583461,4.331489914299196e-20,-5.813695112366247,3.0066332706228116,1.0,0.625,16,10
9353,13,SHOX2,9353,-1.0,2.6452727771331994,0.20692859775607814,2.231113310483684e-06,-5.028949742398545,2.693779114252543,1.0,0.625,16,10
9351,13,SHOX2,9351,-1.0,2.6452727771331994,0.44362932253393245,3.393061139041209e-26,-4.675345622913204,2.3123177875517373,1.0,0.625,16,10
9346,13,SHOX2,9346,-1.0,2.6452727771331994,0.394013959296367,1.5485072931434172e-20,-5.7630990273252936,3.1512501300772904,1.0,0.625,16,10
9360,13,SHOX2,9360,-1.0,2.6452727771331994,0.28130261269033247,8.379507521324876e-11,-3.593249345042438,1.888622763029087,1.0,0.625,16,10
9348,13,SHOX2,9348,-1.0,2.6452727771331994,0.46500619172313384,6.149034630988622e-29,-6.613420047068114,3.187111161458448,1.0,0.625,16,10
9354,13,SHOX2,9354,-1.0,2.6452727771331994,0.3706454761031221,3.491628586942715e-18,-4.306566108736061,2.158652349305449,1.0,0.625,16,10
9359,13,SHOX2,9359,-1.0,2.6452727771331994,0.12424460787447794,0.004788916854238417,-4.023657739656733,2.0741836732747925,1.0,0.625,16,10
6083,13,BATF3,6083,-1.0,2.462627867908651,0.049592437139087,0.261738469367002,-4.0426042318726205,2.066085437143738,1.0,0.7,10,7
6085,13,BATF3,6085,-1.0,2.462627867908651,0.5208730021444632,4.3579335657842505e-37,-3.2598386776877044,1.7026704988947927,1.0,0.7,10,7
6077,13,BATF3,6077,-1.0,2.462627867908651,0.6244268636912822,6.47646911986684e-57,-5.998631998112356,3.1902321385089554,1.0,0.7,10,7
6078,13,BATF3,6078,-1.0,2.462627867908651,0.26338013949282685,1.3269764435159779e-09,-4.914639327480376,2.6276963460852754,1.0,0.7,10,7
6082,13,BATF3,6082,-1.0,2.462627867908651,0.1069595967428551,0.01526623047685681,-3.2841178339713037,1.6904377060527567,1.0,0.7,10,7
6079,13,BATF3,6079,-1.0,2.462627867908651,0.27776065653663584,1.4699102127177483e-10,-5.149380654423234,2.588245354796218,1.0,0.7,10,7
6084,13,BATF3,6084,-1.0,2.462627867908651,0.37648115857119163,9.398482671478812e-19,-3.282897504672952,1.701021640799206,1.0,0.7,10,7
8840,13,NFE2L1,8840,-1.0,3.0926446256095637,0.3635382072094343,1.6661387494593134e-17,-5.6478165111033185,2.7092430629956374,0.7692307692307693,0.47619047619047616,21,13
8836,13,NFE2L1,8836,-1.0,3.0926446256095637,0.5101321737724236,2.1138450408734383e-35,-2.54398375572813,1.3657837441135428,0.7692307692307693,0.47619047619047616,21,13
8838,13,NFE2L1,8838,-1.0,3.0926446256095637,0.4468386346218891,1.352803504187088e-26,-4.634550049855336,2.741460593979606,0.7692307692307693,0.47619047619047616,21,13
8854,13,NFE2L1,8854,-1.0,3.0926446256095637,0.3234904091225508,5.507285336694768e-14,-2.798407272714134,1.4335957257024037,0.7692307692307693,0.47619047619047616,21,13
8848,13,NFE2L1,8848,-1.0,3.0926446256095637,0.5208555053406123,4.386073552609537e-37,-3.299759578767104,1.730695302928848,0.7692307692307693,0.47619047619047616,21,13
8849,13,NFE2L1,8849,-1.0,3.0926446256095637,0.2683852858065353,6.261311037512729e-10,-3.86362998079917,2.0111447425206013,0.7692307692307693,0.47619047619047616,21,13
8835,13,NFE2L1,8835,-1.0,3.0926446256095637,0.43052516259103807,1.3115570540069777e-24,-4.832976274782885,2.6959660310743025,0.7692307692307693,0.47619047619047616,21,13
8839,13,NFE2L1,8839,-1.0,3.0926446256095637,0.16477000871084566,0.00017530660015805378,-2.997923706506473,1.6151810455802715,0.7692307692307693,0.47619047619047616,21,13
8837,13,NFE2L1,8837,-1.0,3.0926446256095637,0.14812339046525816,0.0007554727008896204,-3.5502618432264903,1.86594524686331,0.7692307692307693,0.47619047619047616,21,13
8841,13,NFE2L1,8841,-1.0,3.0926446256095637,0.14671410244599575,0.0008492880925590893,-5.451552063266228,2.903825887426427,0.7692307692307693,0.47619047619047616,21,13
6944,13,ELK4,6944,-1.0,1.9123128959738442,0.8006856891387929,5.213344757380894e-116,-3.2014580015983545,1.6443387977972754,0.7647058823529411,0.6190476190476191,21,17
6941,13,ELK4,6941,-1.0,1.9123128959738442,0.4116150941745585,1.9465909871958423e-22,-5.681711117377257,2.721801851313267,0.7647058823529411,0.6190476190476191,21,17
6940,13,ELK4,6940,-1.0,1.9123128959738442,0.4407420588922094,7.69591827235133e-26,-3.690631557030097,1.8718502188638209,0.7647058823529411,0.6190476190476191,21,17
6951,13,ELK4,6951,-1.0,1.9123128959738442,0.2894232483479107,2.240908980031148e-11,-3.738977233339402,1.9095854525603766,0.7647058823529411,0.6190476190476191,21,17
6938,13,ELK4,6938,-1.0,1.9123128959738442,0.4163920750966356,5.670828259079213e-23,-5.6086298396097085,2.7562036312032263,0.7647058823529411,0.6190476190476191,21,17
6956,13,ELK4,6956,-1.0,1.9123128959738442,0.7701594219515521,4.7461430577220696e-102,-2.6809503741973693,1.375653860217664,0.7647058823529411,0.6190476190476191,21,17
6952,13,ELK4,6952,-1.0,1.9123128959738442,0.6697283864213315,3.5361751388162e-68,-3.1704565222144074,1.6293889001380812,0.7647058823529411,0.6190476190476191,21,17
6943,13,ELK4,6943,-1.0,1.9123128959738442,0.20667732822921522,2.2965718068753583e-06,-5.052486167980941,2.5494377475549053,0.7647058823529411,0.6190476190476191,21,17
6939,13,ELK4,6939,-1.0,1.9123128959738442,0.2780272618761213,1.4094194398443124e-10,-5.624123002498928,2.9346670862119937,0.7647058823529411,0.6190476190476191,21,17
6946,13,ELK4,6946,-1.0,1.9123128959738442,0.4006459236754953,3.069356395255888e-21,-4.874079157705877,2.385684593979708,0.7647058823529411,0.6190476190476191,21,17
6953,13,ELK4,6953,-1.0,1.9123128959738442,0.226475226889583,2.1071469235689944e-07,-2.7817778431709415,1.4315102612883035,0.7647058823529411,0.6190476190476191,21,17
6955,13,ELK4,6955,-1.0,1.9123128959738442,0.6456240648212399,6.017570849402901e-62,-2.5821536233654707,1.3557976322418201,0.7647058823529411,0.6190476190476191,21,17
6948,13,ELK4,6948,-1.0,1.9123128959738442,0.7311739803085845,4.387492755121246e-87,-2.4595975096592815,1.3421304479583547,0.7647058823529411,0.6190476190476191,21,17
8817,13,NKX2-5,8817,-1.0,2.728815639779535,0.2073611557865184,2.122590532057345e-06,-3.279736071599263,1.8224144208149724,1.0,0.56,25,14
8816,13,NKX2-5,8816,-1.0,2.728815639779535,0.41133840097124774,2.089471853235368e-22,-4.839904778568667,2.379405390365677,1.0,0.56,25,14
8821,13,NKX2-5,8821,-1.0,2.728815639779535,0.39480590687024486,1.2788311130308606e-20,-5.209273438594092,2.5376761399377594,1.0,0.56,25,14
8814,13,NKX2-5,8814,-1.0,2.728815639779535,0.29043250197410486,1.8964449987604093e-11,-5.022336017161059,2.536459059726023,1.0,0.56,25,14
8827,13,NKX2-5,8827,-1.0,2.728815639779535,0.41553735250385887,7.081361205178086e-23,-7.46317866682864,3.5049442301646168,1.0,0.56,25,14
8810,13,NKX2-5,8810,-1.0,2.728815639779535,0.3685324672804779,5.579136600544735e-18,-5.360782838217213,2.911005615060366,1.0,0.56,25,14
8811,13,NKX2-5,8811,-1.0,2.728815639779535,0.3435904285766703,1.0915804674588508e-15,-4.458989014313383,2.3729028366502734,1.0,0.56,25,14
8815,13,NKX2-5,8815,-1.0,2.728815639779535,0.4601757175301301,2.663230547906459e-28,-6.151939413907202,3.2493223045414945,1.0,0.56,25,14
8822,13,NKX2-5,8822,-1.0,2.728815639779535,0.3532062497530976,1.508541180349515e-16,-5.352250020596538,2.6430889770662342,1.0,0.56,25,14
8824,13,NKX2-5,8824,-1.0,2.728815639779535,0.3768924242651834,8.55957774823471e-19,-7.011622731069106,3.470598032553316,1.0,0.56,25,14
8813,13,NKX2-5,8813,-1.0,2.728815639779535,0.387851732198648,6.74375395763744e-20,-4.697992344485808,2.713909081966435,1.0,0.56,25,14
8833,13,NKX2-5,8833,-1.0,2.728815639779535,0.22729546712917953,1.899326397744067e-07,-3.672112899809197,1.8701480069178014,1.0,0.56,25,14
8818,13,NKX2-5,8818,-1.0,2.728815639779535,0.4182347234217287,3.5053205974341016e-23,-2.593231163574162,1.432772764583195,1.0,0.56,25,14
8812,13,NKX2-5,8812,-1.0,2.728815639779535,0.34057598127640143,2.001924125839277e-15,-5.441843528225222,2.7344313892823817,1.0,0.56,25,14
8286,13,JUN,8286,-1.0,2.6439846778787235,0.4210486992164658,1.6717790032392417e-23,-4.72984826654825,2.330571630911861,0.8235294117647058,0.56,25,17
8283,13,JUN,8283,-1.0,2.6439846778787235,0.48907017521767737,2.8962629008600894e-32,-5.486436190702092,2.657893694603617,0.8235294117647058,0.56,25,17
8282,13,JUN,8282,-1.0,2.6439846778787235,0.5768497844159591,6.328253817884763e-47,-5.144067949019765,3.018505474813751,0.8235294117647058,0.56,25,17
8284,13,JUN,8284,-1.0,2.6439846778787235,0.4803175316428152,5.041805328935157e-31,-5.609842444502223,2.877612740942192,0.8235294117647058,0.56,25,17
8289,13,JUN,8289,-1.0,2.6439846778787235,0.29997779761632565,3.785001690756969e-12,-2.7867086346689005,1.5189745448594496,0.8235294117647058,0.56,25,17
8277,13,JUN,8277,-1.0,2.6439846778787235,0.5613071437992057,5.274670115548812e-44,-5.3606727659729465,2.918427772743621,0.8235294117647058,0.56,25,17
8301,13,JUN,8301,-1.0,2.6439846778787235,0.2726431948810361,3.2644717626093244e-10,-5.09061043803782,2.6321494703877724,0.8235294117647058,0.56,25,17
8279,13,JUN,8279,-1.0,2.6439846778787235,0.599123215718139,2.1510291999907672e-51,-5.43427142466555,2.84750028688936,0.8235294117647058,0.56,25,17
8296,13,JUN,8296,-1.0,2.6439846778787235,0.5009184275587033,5.29867055407646e-34,-3.3417378444786605,1.7528949965415166,0.8235294117647058,0.56,25,17
8281,13,JUN,8281,-1.0,2.6439846778787235,0.3436640472272316,1.0754428714276663e-15,-4.294110889911475,2.197418572863581,0.8235294117647058,0.56,25,17
8290,13,JUN,8290,-1.0,2.6439846778787235,0.44023102850498874,8.889099534983004e-26,-6.769866686261988,3.485683439152802,0.8235294117647058,0.56,25,17
8278,13,JUN,8278,-1.0,2.6439846778787235,0.4909647786245613,1.543538249212315e-32,-6.0429163258075995,3.063307991411273,0.8235294117647058,0.56,25,17
8297,13,JUN,8297,-1.0,2.6439846778787235,0.4874987324758574,4.866832154271716e-32,-5.09896854775451,2.54292174584917,0.8235294117647058,0.56,25,17
8299,13,JUN,8299,-1.0,2.6439846778787235,0.6311832810086113,1.777834573176391e-58,-3.3301580776594384,1.7200154824417606,0.8235294117647058,0.56,25,17
9072,13,ATF3,9072,-1.0,1.734844089895347,0.43021923362673625,1.4256780711378285e-24,-3.546183753075573,1.853947412621542,0.9,0.5625,16,10
9065,13,ATF3,9065,-1.0,1.734844089895347,0.22485977703504728,2.5823319779619277e-07,-5.099778575386717,2.5399723760647506,0.9,0.5625,16,10
9078,13,ATF3,9078,-1.0,1.734844089895347,0.2375267560815201,5.0317701653783997e-08,-4.110438235019649,2.1460451728603815,0.9,0.5625,16,10
9074,13,ATF3,9074,-1.0,1.734844089895347,0.3439407264840858,1.0168618103612348e-15,-3.875569667189729,1.9890470294969265,0.9,0.5625,16,10
9068,13,ATF3,9068,-1.0,1.734844089895347,0.46834211818693355,2.2039824595941958e-29,-3.4510156902453706,1.8020933589768964,0.9,0.5625,16,10
9064,13,ATF3,9064,-1.0,1.734844089895347,0.4464813640260853,1.4993490613697023e-26,-4.759585415201804,2.5736728625113643,0.9,0.5625,16,10
9067,13,ATF3,9067,-1.0,1.734844089895347,0.5173879569410728,1.559052779833811e-36,-2.983766497986277,1.5869674071766424,0.9,0.5625,16,10
9069,13,ATF3,9069,-1.0,1.734844089895347,0.49970151601410445,8.049851861112604e-34,-5.2634990603076774,2.755912211195152,0.9,0.5625,16,10
9073,13,ATF3,9073,-1.0,1.734844089895347,0.4718992714304366,7.288297125964806e-30,-3.5160172309583544,1.821494877383137,0.9,0.5625,16,10
2431,13,STAT3,2431,-1.0,2.7995000804155046,0.6464000215617179,3.869065255861052e-62,-2.9988123826670856,1.582917776008511,0.8571428571428571,0.48,25,14
2418,13,STAT3,2418,-1.0,2.7995000804155046,0.5325501746256137,5.4569237454477274e-39,-4.583265564119675,2.2797486628710355,0.8571428571428571,0.48,25,14
2425,13,STAT3,2425,-1.0,2.7995000804155046,0.32845799916536716,2.1461712686939674e-14,-2.8384683599951788,1.4743154993520347,0.8571428571428571,0.48,25,14
2412,13,STAT3,2412,-1.0,2.7995000804155046,0.5934539861673627,3.1854394455102664e-50,-4.407928346362006,2.570021286226846,0.8571428571428571,0.48,25,14
2415,13,STAT3,2415,-1.0,2.7995000804155046,0.7331241669963887,9.052248380486753e-88,-4.917083562501114,2.4717225428141427,0.8571428571428571,0.48,25,14
2429,13,STAT3,2429,-1.0,2.7995000804155046,0.4979338086189875,1.4733868985042502e-33,-2.7854233869542324,1.4352650541577336,0.8571428571428571,0.48,25,14
2413,13,STAT3,2413,-1.0,2.7995000804155046,0.46632388837304245,4.105635522392172e-29,-5.218212231572734,2.5905098846486245,0.8571428571428571,0.48,25,14
2419,13,STAT3,2419,-1.0,2.7995000804155046,0.5405182014257687,2.486889830337185e-40,-5.600939009674521,2.8454844633286593,0.8571428571428571,0.48,25,14
2409,13,STAT3,2409,-1.0,2.7995000804155046,0.6365529440692131,9.573217493012111e-60,-5.417583405365965,2.9042950491125787,0.8571428571428571,0.48,25,14
2420,13,STAT3,2420,-1.0,2.7995000804155046,0.8098085933608026,1.1616989847566278e-120,-5.121646140378328,2.8800220023114695,0.8571428571428571,0.48,25,14
2411,13,STAT3,2411,-1.0,2.7995000804155046,0.744628668999132,6.11665609960828e-92,-6.027194544186105,3.148527367536718,0.8571428571428571,0.48,25,14
2416,13,STAT3,2416,-1.0,2.7995000804155046,0.4724972556307344,6.043404468375416e-30,-4.789048981362176,2.3598462985090047,0.8571428571428571,0.48,25,14
2804,13,NFE2L2,2804,-1.0,2.003399992376453,0.4204985219398211,1.9332387007132604e-23,-4.143299941653032,2.133075402414882,0.8235294117647058,0.56,25,17
2791,13,NFE2L2,2791,-1.0,2.003399992376453,0.3486142288338933,3.914696800871697e-16,-4.150612743117923,2.471753802989422,0.8235294117647058,0.56,25,17
2810,13,NFE2L2,2810,-1.0,2.003399992376453,0.1263992527627608,0.00410196217112,-3.405018744561494,1.7696792695840886,0.8235294117647058,0.56,25,17
2790,13,NFE2L2,2790,-1.0,2.003399992376453,0.4198477822248821,2.2949692157504503e-23,-5.766308854568494,2.9135540024271527,0.8235294117647058,0.56,25,17
2788,13,NFE2L2,2788,-1.0,2.003399992376453,0.43683726713179005,2.3008224308192656e-25,-4.733719680675167,2.551844129040633,0.8235294117647058,0.56,25,17
2789,13,NFE2L2,2789,-1.0,2.003399992376453,0.26983257193517085,5.024311538511077e-10,-5.880727315297043,2.921491949647178,0.8235294117647058,0.56,25,17
2797,13,NFE2L2,2797,-1.0,2.003399992376453,0.6913098986621352,2.8148217437255318e-74,-3.7981538301041655,2.2632699828364697,0.8235294117647058,0.56,25,17
2796,13,NFE2L2,2796,-1.0,2.003399992376453,0.34996051068575323,2.9647152771375684e-16,-5.41096927127312,2.743053749181974,0.8235294117647058,0.56,25,17
2806,13,NFE2L2,2806,-1.0,2.003399992376453,0.2273793167895751,1.87923080876247e-07,-7.099803748888539,3.2136972915225424,0.8235294117647058,0.56,25,17
2809,13,NFE2L2,2809,-1.0,2.003399992376453,0.5317264993291788,7.474355155758756e-39,-4.7695479996109675,2.4028296235150486,0.8235294117647058,0.56,25,17
2792,13,NFE2L2,2792,-1.0,2.003399992376453,0.6057269336564057,8.69728388374837e-53,-5.64632408781015,2.8011585161077233,0.8235294117647058,0.56,25,17
2798,13,NFE2L2,2798,-1.0,2.003399992376453,0.6059966318652588,7.617060494472742e-53,-4.1681989692712555,2.423515369154131,0.8235294117647058,0.56,25,17
2795,13,NFE2L2,2795,-1.0,2.003399992376453,0.3637757395768646,1.582343286491781e-17,-5.528949546561176,2.664739841077472,0.8235294117647058,0.56,25,17
2799,13,NFE2L2,2799,-1.0,2.003399992376453,0.29349682240810365,1.1378728984438264e-11,-4.0744654853790125,2.0511390915470593,0.8235294117647058,0.56,25,17
4560,13,TRAF4,4560,-1.0,2.383477926088026,0.24257608624333682,2.5533989365914586e-08,-4.714556338451124,2.371712224062736,1.0,0.56,25,14
4556,13,TRAF4,4556,-1.0,2.383477926088026,-0.38176713742347634,2.797265059708586e-19,8.97018091400416,4.344644315350884,1.0,0.56,25,14
4552,13,TRAF4,4552,-1.0,2.383477926088026,0.22194443836916536,3.713051892641976e-07,-6.068763371729371,3.1196020346424556,1.0,0.56,25,14
4557,13,TRAF4,4557,-1.0,2.383477926088026,0.5101585957135923,2.0941094538614216e-35,-3.378772044405564,1.774260888298352,1.0,0.56,25,14
4554,13,TRAF4,4554,-1.0,2.383477926088026,0.35540820242211446,9.496328301364997e-17,-2.981522806929824,1.526481984651904,1.0,0.56,25,14
4563,13,TRAF4,4563,-1.0,2.383477926088026,0.4641823856229294,7.908504819409826e-29,-3.7087717078981823,1.8776816487387424,1.0,0.56,25,14
4559,13,TRAF4,4559,-1.0,2.383477926088026,0.5006672865660556,5.7770867442253335e-34,-3.8773379596135253,1.9802266452070243,1.0,0.56,25,14
4569,13,TRAF4,4569,-1.0,2.383477926088026,0.4671171651819789,3.216637648032619e-29,-2.7653961815115022,1.4094994074036813,1.0,0.56,25,14
4562,13,TRAF4,4562,-1.0,2.383477926088026,0.46361603705787713,9.398422078182353e-29,-5.104084149220644,2.5485942426516766,1.0,0.56,25,14
4571,13,TRAF4,4571,-1.0,2.383477926088026,-0.2640970666122322,1.1927637746871507e-09,3.1497534733391106,1.6557898702138891,1.0,0.56,25,14
4549,13,TRAF4,4549,-1.0,2.383477926088026,0.32684979546192117,2.9173234421375305e-14,-5.217207656425161,2.6048916616028475,1.0,0.56,25,14
4566,13,TRAF4,4566,-1.0,2.383477926088026,0.19995802534429713,4.91126430486757e-06,-5.158616757066401,2.5354822049371406,1.0,0.56,25,14
4567,13,TRAF4,4567,-1.0,2.383477926088026,-0.41192570662675987,1.7976606000912473e-22,8.060749864314422,3.5396509896087807,1.0,0.56,25,14
4550,13,TRAF4,4550,-1.0,2.383477926088026,0.1433730965874384,0.001116349253393201,-5.390565797398731,2.6097338764535,1.0,0.56,25,14
