,Mutation,Regulator,Regulon,MutationRegulatorEdge,-log10(p)_MutationRegulatorEdge,RegulatorRegulon_Spearman_R,RegulatorRegulon_Spearman_p-value,Regulon_stratification_t-statistic,-log10(p)_Regulon_stratification,Fraction_of_edges_correctly_aligned,Fraction_of_aligned_and_diff_exp_edges,number_downstream_regulons,number_differentially_expressed_regulons
2171,10,AHR,2171,-1.0,6.75091668506711,0.3106148231528634,9.681501770775792e-10,-11.928934027176773,9.149483783333672,1.0,1.0,3,3
2172,10,AHR,2172,-1.0,6.75091668506711,-0.4071152449728226,3.0377409582342525e-16,6.789683970728668,5.4225112143951755,1.0,1.0,3,3
2173,10,AHR,2173,-1.0,6.75091668506711,0.45475340569680195,2.4661478782183514e-20,-7.060892398765944,5.659023937870626,1.0,1.0,3,3
1467,10,NR2F1,1467,-1.0,6.099844475758899,0.1534731409959651,0.003039612623328599,-3.7824527563561325,2.879763163532311,1.0,0.88,25,22
1475,10,NR2F1,1475,-1.0,6.099844475758899,0.30616820628993485,1.7168937466228869e-09,-5.227946295541044,3.9880210732372543,1.0,0.88,25,22
1479,10,NR2F1,1479,-1.0,6.099844475758899,0.19908257096327703,0.00011321446575793589,-5.076746735148631,4.2332841099579595,1.0,0.88,25,22
1481,10,NR2F1,1481,-1.0,6.099844475758899,-0.19244296030662436,0.000192149948445532,6.342958488884023,4.9832734980529105,1.0,0.88,25,22
1487,10,NR2F1,1487,-1.0,6.099844475758899,0.2679332231979828,1.6105940669470673e-07,-8.54329013601585,7.111678301995649,1.0,0.88,25,22
1476,10,NR2F1,1476,-1.0,6.099844475758899,0.11072832679649479,0.03299521211529847,-4.161200928827933,3.183982717347387,1.0,0.88,25,22
1477,10,NR2F1,1477,-1.0,6.099844475758899,-0.3520091084911536,2.909801934242807e-12,4.124384498163894,3.0886810404338876,1.0,0.88,25,22
1488,10,NR2F1,1488,-1.0,6.099844475758899,0.17358232069126775,0.0007860147135448873,-3.720185992723185,2.8032897392822806,1.0,0.88,25,22
1465,10,NR2F1,1465,-1.0,6.099844475758899,0.3305362400919309,6.598033416354214e-11,-11.499250274100977,8.805465080513155,1.0,0.88,25,22
1466,10,NR2F1,1466,-1.0,6.099844475758899,0.17375715860195473,0.0007763058844531002,-4.058928738588968,3.1091376815334626,1.0,0.88,25,22
1486,10,NR2F1,1486,-1.0,6.099844475758899,0.1948822311573377,0.00015853236353265045,-9.060271373812043,7.1367104351154405,1.0,0.88,25,22
1478,10,NR2F1,1478,-1.0,6.099844475758899,0.25410293346994506,7.067883584930764e-07,-6.7429664729455485,6.302476755076324,1.0,0.88,25,22
1489,10,NR2F1,1489,-1.0,6.099844475758899,0.21870671645473835,2.1383328787898605e-05,-2.9576171681084324,2.0140328768386286,1.0,0.88,25,22
1470,10,NR2F1,1470,-1.0,6.099844475758899,0.28715364351396,1.7881402702824462e-08,-6.442420850259241,5.0541666625041355,1.0,0.88,25,22
1472,10,NR2F1,1472,-1.0,6.099844475758899,0.4355741098893869,1.308913793342868e-18,-11.604898886789444,9.891437391607564,1.0,0.88,25,22
1469,10,NR2F1,1469,-1.0,6.099844475758899,0.3116363559455465,8.476101588519932e-10,-3.8804634755988867,2.9496683910701758,1.0,0.88,25,22
1483,10,NR2F1,1483,-1.0,6.099844475758899,0.5124010368076102,3.172717485664541e-26,-10.772713948310882,9.15374083786187,1.0,0.88,25,22
1468,10,NR2F1,1468,-1.0,6.099844475758899,0.30601263814897417,1.7513489981063431e-09,-11.13875185033522,15.212435086483985,1.0,0.88,25,22
1484,10,NR2F1,1484,-1.0,6.099844475758899,0.23231093888428037,6.139338246279138e-06,-7.739960345211608,6.2998057213063925,1.0,0.88,25,22
1482,10,NR2F1,1482,-1.0,6.099844475758899,0.1790253256473585,0.0005308900687026865,-7.0225208578433085,5.631779568648444,1.0,0.88,25,22
1474,10,NR2F1,1474,-1.0,6.099844475758899,0.3258788307479726,1.258457539909734e-10,-12.295656038310106,9.60018711411291,1.0,0.88,25,22
1473,10,NR2F1,1473,-1.0,6.099844475758899,0.4700033134604042,8.722124221878203e-22,-8.818130183913174,7.135730071427092,1.0,0.88,25,22
6662,10,ELK4,6662,-1.0,6.958932469552503,0.31492443665298203,5.505794024833892e-10,-4.674965770040327,3.656232137485679,1.0,0.8666666666666667,15,13
6659,10,ELK4,6659,-1.0,6.958932469552503,0.5426691451037161,8.505402960977821e-30,-11.370574802125391,11.607637690537862,1.0,0.8666666666666667,15,13
6657,10,ELK4,6657,-1.0,6.958932469552503,0.2268221094757918,1.0251808251154506e-05,-6.250629990564252,5.0485165177807065,1.0,0.8666666666666667,15,13
6669,10,ELK4,6669,-1.0,6.958932469552503,0.13159043749427193,0.011177521988588282,-2.412663727028552,1.5553071245826273,1.0,0.8666666666666667,15,13
6661,10,ELK4,6661,-1.0,6.958932469552503,0.22774259347600798,9.415389832905218e-06,-5.46802991531192,4.4189636695028245,1.0,0.8666666666666667,15,13
6658,10,ELK4,6658,-1.0,6.958932469552503,0.49242486552285697,4.6793281502186414e-24,-9.418502849319248,7.593050595190424,1.0,0.8666666666666667,15,13
6656,10,ELK4,6656,-1.0,6.958932469552503,-0.33480637406382996,3.614975468212864e-11,5.617400158206896,4.442799128874012,1.0,0.8666666666666667,15,13
6664,10,ELK4,6664,-1.0,6.958932469552503,0.6403546577618398,3.3488373140013543e-44,-9.628075325817607,7.876484906220716,1.0,0.8666666666666667,15,13
6655,10,ELK4,6655,-1.0,6.958932469552503,0.6232950366243125,2.5834176508842063e-41,-11.568075566550366,8.92002832612661,1.0,0.8666666666666667,15,13
6667,10,ELK4,6667,-1.0,6.958932469552503,0.569229467707861,3.040688004397112e-33,-9.704015153443779,7.701445102927391,1.0,0.8666666666666667,15,13
6660,10,ELK4,6660,-1.0,6.958932469552503,0.33906734314524944,1.964762753171819e-11,-4.5346860983107575,3.421768653904751,1.0,0.8666666666666667,15,13
6666,10,ELK4,6666,-1.0,6.958932469552503,0.5398129892347787,1.9156600425290183e-29,-7.2490226080201845,5.639857435365208,1.0,0.8666666666666667,15,13
6663,10,ELK4,6663,-1.0,6.958932469552503,0.747000143348287,2.1019767377585462e-67,-9.13943249777709,7.056706770202426,1.0,0.8666666666666667,15,13
9533,10,ATF5,9533,-1.0,5.608167234890644,0.23412394221889046,5.168493449324564e-06,-2.506506555715372,1.6147989937806224,0.75,0.42857142857142855,7,4
9538,10,ATF5,9538,-1.0,5.608167234890644,0.24139851528774234,2.5546745755016054e-06,-3.111139552347918,2.168953385329953,0.75,0.42857142857142855,7,4
9535,10,ATF5,9535,-1.0,5.608167234890644,0.6577479749116998,2.435328015740409e-47,-5.121296416918134,4.057044154472355,0.75,0.42857142857142855,7,4
7706,10,KLF15,7706,1.0,2.433236160231004,-0.20664360560891298,6.067471872038429e-05,-11.705070540484106,9.947570495170698,0.6666666666666666,0.38095238095238093,21,12
7700,10,KLF15,7700,1.0,2.433236160231004,-0.29575595071638894,6.327062413624044e-09,-3.9397718881193433,3.017772633332804,0.6666666666666666,0.38095238095238093,21,12
7713,10,KLF15,7713,1.0,2.433236160231004,-0.5042597940954606,2.52676573567861e-25,-7.927953739672084,7.547341633299594,0.6666666666666666,0.38095238095238093,21,12
7702,10,KLF15,7702,1.0,2.433236160231004,-0.37215729772029227,1.2442486497395796e-13,-8.426274994717568,7.193067046945589,0.6666666666666666,0.38095238095238093,21,12
7699,10,KLF15,7699,1.0,2.433236160231004,-0.43093268035446985,3.2973748249877894e-18,-8.851734468734898,8.892966575618855,0.6666666666666666,0.38095238095238093,21,12
7705,10,KLF15,7705,1.0,2.433236160231004,-0.2526786154905449,8.191488806477002e-07,-6.206289726956089,4.873253925142878,0.6666666666666666,0.38095238095238093,21,12
7708,10,KLF15,7708,1.0,2.433236160231004,-0.22037284654448383,1.8428490129233278e-05,-14.894858995384213,12.655396844427399,0.6666666666666666,0.38095238095238093,21,12
7701,10,KLF15,7701,1.0,2.433236160231004,-0.3751490469688888,7.644310221902689e-14,-11.17123550901206,12.824798133179124,0.6666666666666666,0.38095238095238093,21,12
5025,10,SOX7,5025,-1.0,5.467022863371276,0.29765167306250695,5.008850987612704e-09,-8.574968201969948,6.786769922131451,0.8636363636363636,0.76,25,22
5021,10,SOX7,5021,-1.0,5.467022863371276,0.2853258353562675,2.219941789840859e-08,-4.153746294645149,3.209606957776904,0.8636363636363636,0.76,25,22
5041,10,SOX7,5041,-1.0,5.467022863371276,0.39049906353619074,5.794281106566606e-15,-7.0554239151679425,5.85569005300133,0.8636363636363636,0.76,25,22
5037,10,SOX7,5037,-1.0,5.467022863371276,0.33568432357233335,3.190638941258048e-11,-6.191749070557239,5.0793549066715205,0.8636363636363636,0.76,25,22
5029,10,SOX7,5029,-1.0,5.467022863371276,0.4062236656271958,3.573486008551735e-16,-6.600145710201796,5.644759972043687,0.8636363636363636,0.76,25,22
5026,10,SOX7,5026,-1.0,5.467022863371276,0.7833553839031624,3.329044445421924e-78,-5.810649736851854,4.887177938546738,0.8636363636363636,0.76,25,22
5042,10,SOX7,5042,-1.0,5.467022863371276,0.3980253185974428,1.555669997102972e-15,-6.038848593705563,5.373959576931694,0.8636363636363636,0.76,25,22
5035,10,SOX7,5035,-1.0,5.467022863371276,0.5105504339223147,5.1097637911393064e-26,-10.606587916035108,8.48342107467924,0.8636363636363636,0.76,25,22
5032,10,SOX7,5032,-1.0,5.467022863371276,-0.49134223346031014,6.0771162722684435e-24,2.2200559740024413,1.410608975460013,0.8636363636363636,0.76,25,22
5023,10,SOX7,5023,-1.0,5.467022863371276,0.6101605735811457,3.2849174944265734e-39,-3.8534935322840242,2.9379405550123456,0.8636363636363636,0.76,25,22
5020,10,SOX7,5020,-1.0,5.467022863371276,0.24459823705106723,1.8605052779302508e-06,-11.542246441547249,8.877912268994876,0.8636363636363636,0.76,25,22
5024,10,SOX7,5024,-1.0,5.467022863371276,0.31283037667699876,7.251347834890917e-10,-3.6570613758499846,2.735759778082829,0.8636363636363636,0.76,25,22
5031,10,SOX7,5031,-1.0,5.467022863371276,-0.47390638181873734,3.608394392260595e-22,2.886176963970859,2.0150996742472285,0.8636363636363636,0.76,25,22
5040,10,SOX7,5040,-1.0,5.467022863371276,0.4943598324000028,2.9261257797086868e-24,-5.611144899195446,5.39135158202494,0.8636363636363636,0.76,25,22
5039,10,SOX7,5039,-1.0,5.467022863371276,0.43551418560548205,1.3247409603176115e-18,-6.877602405551985,5.577030454019692,0.8636363636363636,0.76,25,22
5044,10,SOX7,5044,-1.0,5.467022863371276,-0.4440121540547591,2.352140176905906e-19,5.640498831054738,4.504522678501014,0.8636363636363636,0.76,25,22
5034,10,SOX7,5034,-1.0,5.467022863371276,0.3173129481102701,4.0110867103042255e-10,-2.362170159890953,1.502259112775133,0.8636363636363636,0.76,25,22
5028,10,SOX7,5028,-1.0,5.467022863371276,0.578072647031868,1.8392057673177506e-34,-7.687213343348387,7.489396096302759,0.8636363636363636,0.76,25,22
5030,10,SOX7,5030,-1.0,5.467022863371276,0.6328676472316156,6.521113647326194e-43,-6.944087202280622,7.227764182628201,0.8636363636363636,0.76,25,22
1494,10,CREB3L2,1494,-1.0,9.083018328616177,0.5013864834315229,5.186498854527366e-25,-13.377242113794544,16.597080878194863,1.0,0.9,10,9
1490,10,CREB3L2,1490,-1.0,9.083018328616177,0.7159579543024461,1.5056017416020268e-59,-10.635690855690125,8.117354036043967,1.0,0.9,10,9
1491,10,CREB3L2,1491,-1.0,9.083018328616177,0.3457774529594372,7.379465973903823e-12,-6.820829464216468,5.979410713353535,1.0,0.9,10,9
1493,10,CREB3L2,1493,-1.0,9.083018328616177,-0.27514035207279275,7.204408652166476e-08,5.33938448431,4.254099635622806,1.0,0.9,10,9
1495,10,CREB3L2,1495,-1.0,9.083018328616177,0.39620785031618877,2.1436821370400233e-15,-5.817449387019694,4.686057562895985,1.0,0.9,10,9
1498,10,CREB3L2,1498,-1.0,9.083018328616177,0.22331548137999754,1.4132167866721816e-05,-6.498417764755294,5.737378858510706,1.0,0.9,10,9
1497,10,CREB3L2,1497,-1.0,9.083018328616177,0.4430246958548846,2.8825452266722435e-19,-5.6726529111398865,4.496719744198936,1.0,0.9,10,9
1492,10,CREB3L2,1492,-1.0,9.083018328616177,0.20210157988612037,8.849696982079355e-05,-4.604327011117323,3.6499231420377125,1.0,0.9,10,9
1499,10,CREB3L2,1499,-1.0,9.083018328616177,0.3625990219416878,5.706187372173784e-13,-5.131387580026963,4.186008947195609,1.0,0.9,10,9
5144,10,PBX1,5144,-1.0,11.235005664388302,0.4938332036932159,3.325930973769662e-24,-3.6958971805405976,2.783307400197325,1.0,0.76,25,19
5143,10,PBX1,5143,-1.0,11.235005664388302,0.17538545414382298,0.0006910646821669716,-8.633930859933738,8.30422936246244,1.0,0.76,25,19
5156,10,PBX1,5156,-1.0,11.235005664388302,0.32874885145122523,8.464412391488436e-11,-7.768563407648676,6.095484692901119,1.0,0.76,25,19
5151,10,PBX1,5151,-1.0,11.235005664388302,0.28073187525409077,3.797428703054943e-08,-5.480982613717996,4.290872811687093,1.0,0.76,25,19
5146,10,PBX1,5146,-1.0,11.235005664388302,0.30500661517094874,1.9909207793587784e-09,-7.577883579228808,6.268408534430289,1.0,0.76,25,19
5161,10,PBX1,5161,-1.0,11.235005664388302,0.1924283904807338,0.00019236944673915876,-9.452340696192001,7.274587278721099,1.0,0.76,25,19
5153,10,PBX1,5153,-1.0,11.235005664388302,0.5052251625593075,1.9813935589933768e-25,-5.684339124964918,4.7333001993799515,1.0,0.76,25,19
5160,10,PBX1,5160,-1.0,11.235005664388302,0.27320397521249623,8.963338028498248e-08,-14.1932824873556,11.011566208648517,1.0,0.76,25,19
5145,10,PBX1,5145,-1.0,11.235005664388302,0.5087357856073621,8.130648393188961e-26,-10.76900595453543,12.794379347240731,1.0,0.76,25,19
5152,10,PBX1,5152,-1.0,11.235005664388302,0.4264992233342812,7.865448080777447e-18,-6.054531980385879,5.487350608980026,1.0,0.76,25,19
5164,10,PBX1,5164,-1.0,11.235005664388302,0.4037237655010023,5.620301965988988e-16,-10.497542235398475,9.15660305936573,1.0,0.76,25,19
5147,10,PBX1,5147,-1.0,11.235005664388302,0.39283658060286175,3.8653509016124745e-15,-14.272302630390419,11.754513447769552,1.0,0.76,25,19
5141,10,PBX1,5141,-1.0,11.235005664388302,0.39328589523355195,3.574660023930777e-15,-11.983906045563007,9.210293836673328,1.0,0.76,25,19
5163,10,PBX1,5163,-1.0,11.235005664388302,0.3467785409964351,6.363544104598521e-12,-8.3405374230181,7.0131594257401595,1.0,0.76,25,19
5142,10,PBX1,5142,-1.0,11.235005664388302,0.3086253369272237,1.2524904023402218e-09,-4.325959746845069,3.382796387121135,1.0,0.76,25,19
5165,10,PBX1,5165,-1.0,11.235005664388302,0.24224333019220423,2.3505122407691484e-06,-8.241213429811884,6.433463964881042,1.0,0.76,25,19
5148,10,PBX1,5148,-1.0,11.235005664388302,0.35147143491635274,3.1556402919147343e-12,-6.827389454737087,5.393771497887152,1.0,0.76,25,19
5150,10,PBX1,5150,-1.0,11.235005664388302,0.23566481880541532,4.460201764927876e-06,-7.598824478326264,6.298935427019794,1.0,0.76,25,19
5154,10,PBX1,5154,-1.0,11.235005664388302,0.3983733494384742,1.462701980067332e-15,-9.645769137961995,7.9108806858343526,1.0,0.76,25,19
3946,10,PAX6,3946,-1.0,5.480036922451904,0.1501733104289404,0.0037406866545715805,-6.711211158381621,6.521835541385421,0.9565217391304348,0.88,25,23
3934,10,PAX6,3934,-1.0,5.480036922451904,0.30549000439444757,1.8720860614396815e-09,-11.624764116647949,8.958414071251,0.9565217391304348,0.88,25,23
3952,10,PAX6,3952,-1.0,5.480036922451904,0.11270324319624381,0.02997566705764367,-3.791067823817179,3.071072901093314,0.9565217391304348,0.88,25,23
3937,10,PAX6,3937,-1.0,5.480036922451904,0.26751774816290946,1.6858481077413845e-07,-7.8084933797201765,6.461701001230141,0.9565217391304348,0.88,25,23
3953,10,PAX6,3953,-1.0,5.480036922451904,0.1629966371901856,0.001632513228583956,-6.6413611973817295,5.268274867579965,0.9565217391304348,0.88,25,23
3943,10,PAX6,3943,-1.0,5.480036922451904,0.29931333820560846,4.075615079382662e-09,-12.152883436349676,9.934803552533229,0.9565217391304348,0.88,25,23
3944,10,PAX6,3944,-1.0,5.480036922451904,0.19576511560686852,0.00014778694835257237,-10.190187446922634,8.092345281890214,0.9565217391304348,0.88,25,23
3941,10,PAX6,3941,-1.0,5.480036922451904,0.23688233925604593,3.96706680913013e-06,-8.76148415121372,7.043225420658289,0.9565217391304348,0.88,25,23
3954,10,PAX6,3954,-1.0,5.480036922451904,0.11634687465484789,0.025022659037603905,-5.264034781594576,4.239844121234363,0.9565217391304348,0.88,25,23
3951,10,PAX6,3951,-1.0,5.480036922451904,0.2869412060525877,1.833809977041026e-08,-10.326451316051232,8.116304356311137,0.9565217391304348,0.88,25,23
3948,10,PAX6,3948,-1.0,5.480036922451904,0.2949574302587084,6.9778281226438446e-09,-13.295163890071928,10.78222004472878,0.9565217391304348,0.88,25,23
3955,10,PAX6,3955,-1.0,5.480036922451904,0.13878816648141054,0.007424113857392892,-3.78809043032658,2.8724218562666355,0.9565217391304348,0.88,25,23
3945,10,PAX6,3945,-1.0,5.480036922451904,0.1729398383689315,0.000822664252146869,-4.827922507877233,3.6855342307837984,0.9565217391304348,0.88,25,23
3950,10,PAX6,3950,-1.0,5.480036922451904,-0.22628514089256635,1.0771886991061367e-05,4.3408598885661345,3.2975489190779017,0.9565217391304348,0.88,25,23
3938,10,PAX6,3938,-1.0,5.480036922451904,0.11825528684932217,0.02272239412741502,-7.696799543808194,6.328420448924686,0.9565217391304348,0.88,25,23
3956,10,PAX6,3956,-1.0,5.480036922451904,-0.2816344994677314,3.41990031461491e-08,8.019320952166845,6.469894812526128,0.9565217391304348,0.88,25,23
3957,10,PAX6,3957,-1.0,5.480036922451904,0.34778597395761124,5.47941297995666e-12,-11.675841832108112,8.95403880956945,0.9565217391304348,0.88,25,23
3940,10,PAX6,3940,-1.0,5.480036922451904,0.2776813767075484,5.394876031114553e-08,-3.390919709143646,2.493985835475862,0.9565217391304348,0.88,25,23
3947,10,PAX6,3947,-1.0,5.480036922451904,0.10741604137830553,0.03864152347684841,-5.485824635207331,4.5418191746310805,0.9565217391304348,0.88,25,23
3936,10,PAX6,3936,-1.0,5.480036922451904,0.21797987014055184,2.2808436503594008e-05,-11.60267743274447,17.10047598434408,0.9565217391304348,0.88,25,23
3935,10,PAX6,3935,-1.0,5.480036922451904,0.2723478804428287,9.866855186606455e-08,-8.021149410814994,7.9790376603869,0.9565217391304348,0.88,25,23
3942,10,PAX6,3942,-1.0,5.480036922451904,0.1393307749972388,0.007193175634975062,-5.718501052153332,4.752225086607522,0.9565217391304348,0.88,25,23
3998,10,STAT3,3998,-1.0,9.069863457682368,0.49597543809351485,1.9726835395527393e-24,-6.2329796157187465,4.986725757923953,0.9583333333333334,0.92,25,24
3984,10,STAT3,3984,-1.0,9.069863457682368,0.26856090069723665,1.5030063047383518e-07,-6.189715597019501,5.089808574586214,0.9583333333333334,0.92,25,24
3977,10,STAT3,3977,-1.0,9.069863457682368,0.3838582778935791,1.7984956268419696e-14,-11.956174077909898,9.23294552293271,0.9583333333333334,0.92,25,24
3994,10,STAT3,3994,-1.0,9.069863457682368,0.5316987711996842,1.844797485025409e-28,-5.830374961193309,4.769633759450447,0.9583333333333334,0.92,25,24
4000,10,STAT3,4000,-1.0,9.069863457682368,0.26653780987317205,1.8769911432098616e-07,-6.465556687752296,5.321517833186049,0.9583333333333334,0.92,25,24
3997,10,STAT3,3997,-1.0,9.069863457682368,0.3966529349974268,1.9821653878548624e-15,-4.313551728933653,3.411148386317655,0.9583333333333334,0.92,25,24
3981,10,STAT3,3981,-1.0,9.069863457682368,0.4123039829674036,1.1689804676776054e-16,-12.168781167517297,15.371724943062352,0.9583333333333334,0.92,25,24
3985,10,STAT3,3985,-1.0,9.069863457682368,0.5637794128360166,1.6432760979624854e-32,-5.56411764608476,5.032281746614389,0.9583333333333334,0.92,25,24
3979,10,STAT3,3979,-1.0,9.069863457682368,0.37640651694212257,6.219566256284501e-14,-3.9875501263384785,3.081566227200419,0.9583333333333334,0.92,25,24
3992,10,STAT3,3992,-1.0,9.069863457682368,0.24874946244392382,1.2249884169366654e-06,-6.836901866973807,5.958996055347326,0.9583333333333334,0.92,25,24
3987,10,STAT3,3987,-1.0,9.069863457682368,0.3247346294211784,1.4723286208643265e-10,-3.076902186967661,2.2360456774941095,0.9583333333333334,0.92,25,24
3982,10,STAT3,3982,-1.0,9.069863457682368,-0.39245400517463813,4.131035699722439e-15,5.186441438899576,4.057576497942642,0.9583333333333334,0.92,25,24
3986,10,STAT3,3986,-1.0,9.069863457682368,0.3542568566305633,2.069584433650903e-12,-6.663256893924934,5.347094124522519,0.9583333333333334,0.92,25,24
3980,10,STAT3,3980,-1.0,9.069863457682368,0.40132491416727567,8.648259282186117e-16,-7.634669755195497,6.435974595850775,0.9583333333333334,0.92,25,24
3988,10,STAT3,3988,-1.0,9.069863457682368,0.40020256757931744,1.0567713905847173e-15,-6.416835492921341,4.975951599551984,0.9583333333333334,0.92,25,24
3999,10,STAT3,3999,-1.0,9.069863457682368,0.47003644806444567,8.657427373366689e-22,-8.256968636473129,7.231741333852382,0.9583333333333334,0.92,25,24
3978,10,STAT3,3978,-1.0,9.069863457682368,0.3221769199858062,2.0861769163576594e-10,-4.080519055992535,3.137951417332635,0.9583333333333334,0.92,25,24
3990,10,STAT3,3990,-1.0,9.069863457682368,0.17702244458178726,0.0006141727547103112,-8.836045666417679,6.873869278988525,0.9583333333333334,0.92,25,24
4001,10,STAT3,4001,-1.0,9.069863457682368,0.3289899585699951,8.185491083351709e-11,-3.837466103825787,2.8391741266012884,0.9583333333333334,0.92,25,24
3991,10,STAT3,3991,-1.0,9.069863457682368,0.3757793094372523,6.894278979468121e-14,-10.019341176221962,8.994956392756235,0.9583333333333334,0.92,25,24
3993,10,STAT3,3993,-1.0,9.069863457682368,0.38793101422438003,9.006292221495486e-15,-7.908650291767281,6.163011232721579,0.9583333333333334,0.92,25,24
3989,10,STAT3,3989,-1.0,9.069863457682368,0.32900452839588573,8.168926062676327e-11,-10.214361113572128,8.11505947220507,0.9583333333333334,0.92,25,24
3995,10,STAT3,3995,-1.0,9.069863457682368,-0.29366236073478924,8.173353509956591e-09,2.7178143247000963,1.8608438933780707,0.9583333333333334,0.92,25,24
6612,10,ID4,6612,-1.0,2.9385372688961997,0.3372779187891908,2.541017199226105e-11,-11.551214020969802,8.895819645494631,1.0,1.0,3,3
6614,10,ID4,6614,-1.0,2.9385372688961997,0.3984056376779656,1.4543584850990059e-15,-7.8017679215819875,6.376820084532273,1.0,1.0,3,3
6613,10,ID4,6613,-1.0,2.9385372688961997,0.5098079625997323,6.181349017865194e-26,-3.050290969398559,2.141866891620168,1.0,1.0,3,3
3719,10,GABPA,3719,-1.0,5.455810447420032,0.4134331444739236,9.475296333480047e-17,-7.197355481006232,5.7032362462630255,1.0,0.96,25,24
3716,10,GABPA,3716,-1.0,5.455810447420032,-0.2254325710807756,1.1649508424911679e-05,4.314586950164021,3.443911525483578,1.0,0.96,25,24
3723,10,GABPA,3723,-1.0,5.455810447420032,0.5137447507502286,2.2405634778448794e-26,-8.28940530658866,6.862717282533462,1.0,0.96,25,24
3724,10,GABPA,3724,-1.0,5.455810447420032,-0.25873026317335507,4.3497932401667996e-07,2.1533501082320226,1.3251957163959724,1.0,0.96,25,24
3706,10,GABPA,3706,-1.0,5.455810447420032,0.3750479981764218,7.771768956035427e-14,-11.168710825487992,11.706762075842626,1.0,0.96,25,24
3721,10,GABPA,3721,-1.0,5.455810447420032,0.3697920509849908,1.82234675868641e-13,-9.296490319520283,7.380816137050339,1.0,0.96,25,24
3727,10,GABPA,3727,-1.0,5.455810447420032,0.5281216439463549,4.9114092054740265e-28,-8.418763046937967,6.831205651747987,1.0,0.96,25,24
3712,10,GABPA,3712,-1.0,5.455810447420032,0.2695812585039609,1.3427271874184438e-07,-6.277825792071891,5.2251336480050705,1.0,0.96,25,24
3707,10,GABPA,3707,-1.0,5.455810447420032,-0.22916949642451773,8.245890592053133e-06,5.83509337263242,4.671438031395271,1.0,0.96,25,24
3709,10,GABPA,3709,-1.0,5.455810447420032,0.39589083910447276,2.266523618265226e-15,-6.861085190375855,5.625904359412855,1.0,0.96,25,24
3718,10,GABPA,3718,-1.0,5.455810447420032,0.2256755581770798,1.1392689685461607e-05,-3.0880141922251334,2.1443413993439973,1.0,0.96,25,24
3720,10,GABPA,3720,-1.0,5.455810447420032,0.5546775016038559,2.5680582959212394e-31,-8.636922602104942,6.720987315429004,1.0,0.96,25,24
3711,10,GABPA,3711,-1.0,5.455810447420032,0.5382173583025683,3.0050741051853263e-29,-10.06317508554733,8.249117681746709,1.0,0.96,25,24
3715,10,GABPA,3715,-1.0,5.455810447420032,0.4077734721070084,2.6936207301413534e-16,-8.990059700834014,7.003229685999179,1.0,0.96,25,24
3708,10,GABPA,3708,-1.0,5.455810447420032,0.22339373544486144,1.403207493798397e-05,-7.471157806164521,6.248844292743115,1.0,0.96,25,24
3722,10,GABPA,3722,-1.0,5.455810447420032,0.25657886388257667,5.457492083716989e-07,-6.9469321425838935,5.692963852119951,1.0,0.96,25,24
3705,10,GABPA,3705,-1.0,5.455810447420032,0.20119002577919198,9.536611351826564e-05,-3.963992033352808,3.04417959859323,1.0,0.96,25,24
3725,10,GABPA,3725,-1.0,5.455810447420032,0.4172426839499269,4.637703825930539e-17,-5.890642433084517,4.585099083559733,1.0,0.96,25,24
3710,10,GABPA,3710,-1.0,5.455810447420032,0.2800339335944936,4.116633678778895e-08,-5.4323278150635925,4.20766067798378,1.0,0.96,25,24
3704,10,GABPA,3704,-1.0,5.455810447420032,0.5675224481067452,5.175335836261758e-33,-11.475762935640672,8.828966148361065,1.0,0.96,25,24
3714,10,GABPA,3714,-1.0,5.455810447420032,0.407006206275835,3.098768752936889e-16,-8.331697393592231,6.889785296671974,1.0,0.96,25,24
3717,10,GABPA,3717,-1.0,5.455810447420032,0.312601019417818,7.472422953667979e-10,-4.5127738079386335,3.3782242032762735,1.0,0.96,25,24
3713,10,GABPA,3713,-1.0,5.455810447420032,0.1678443942594886,0.0011742899635993106,-4.738516287571349,3.6511821845150854,1.0,0.96,25,24
3728,10,GABPA,3728,-1.0,5.455810447420032,0.3113698691300639,8.775700002133809e-10,-6.155885854444567,4.844578445191752,1.0,0.96,25,24
8441,10,NKX2-5,8441,-1.0,5.656088545496647,0.2652356099136138,2.1635016563997375e-07,-11.22664982175071,13.351357389509245,0.875,0.4666666666666667,15,8
8453,10,NKX2-5,8453,-1.0,5.656088545496647,0.3078258401083388,1.388290377832937e-09,-3.9327762974954084,3.3307529371312734,0.875,0.4666666666666667,15,8
8446,10,NKX2-5,8446,-1.0,5.656088545496647,0.19765786486383843,0.000127009735517301,-5.116360205231149,4.329297750649667,0.875,0.4666666666666667,15,8
8444,10,NKX2-5,8444,-1.0,5.656088545496647,0.20077619610249822,9.864734861868845e-05,-6.11921910336883,5.592093867700164,0.875,0.4666666666666667,15,8
8440,10,NKX2-5,8440,-1.0,5.656088545496647,0.23423507019543366,5.114016921688839e-06,-7.0025986161204345,5.810153135086698,0.875,0.4666666666666667,15,8
8439,10,NKX2-5,8439,-1.0,5.656088545496647,0.25082679797258794,9.910469581642348e-07,-8.690882729360311,7.858202830961798,0.875,0.4666666666666667,15,8
8450,10,NKX2-5,8450,-1.0,5.656088545496647,0.2577100222631474,4.845082384667142e-07,-6.158404233671728,4.880992787566777,0.875,0.4666666666666667,15,8
5879,10,PAX5,5879,-1.0,4.131463697251322,0.28958846398570653,1.337265389009353e-08,-9.289541681564854,11.07921154030094,1.0,1.0,10,10
5881,10,PAX5,5881,-1.0,4.131463697251322,0.33987459686759686,1.748578693461918e-11,-7.624134308488836,7.727954699369683,1.0,1.0,10,10
5874,10,PAX5,5874,-1.0,4.131463697251322,0.2380743120863212,3.5349903062211906e-06,-12.16156343862464,9.313919832707448,1.0,1.0,10,10
5880,10,PAX5,5880,-1.0,4.131463697251322,0.2676842859497769,1.6552855746605088e-07,-7.531839889743558,5.937434774323085,1.0,1.0,10,10
5876,10,PAX5,5876,-1.0,4.131463697251322,0.25513435002012214,6.348202667195336e-07,-3.035675005524845,2.1461328902436017,1.0,1.0,10,10
5883,10,PAX5,5883,-1.0,4.131463697251322,0.31247465761229193,7.597004937781979e-10,-3.384428646767958,2.524872345901749,1.0,1.0,10,10
5878,10,PAX5,5878,-1.0,4.131463697251322,0.2005716597156096,0.00010030802905931209,-4.2580875813315355,3.2530192918670515,1.0,1.0,10,10
5875,10,PAX5,5875,-1.0,4.131463697251322,0.36783600691602714,2.492654785458495e-13,-4.582730658888247,3.6574577052794845,1.0,1.0,10,10
5877,10,PAX5,5877,-1.0,4.131463697251322,0.25209086567488703,8.703444108725583e-07,-8.172910334480743,6.647900467618585,1.0,1.0,10,10
5882,10,PAX5,5882,-1.0,4.131463697251322,0.2954066272116849,6.604171319373262e-09,-7.4673561919909375,6.4730331079710455,1.0,1.0,10,10
7817,10,HOXA3,7817,-1.0,5.73569584382081,0.3800912729092888,3.380873669357257e-14,-3.221785502593004,2.245666353138831,0.9230769230769231,0.7058823529411765,17,13
7812,10,HOXA3,7812,-1.0,5.73569584382081,0.18155648040005923,0.0004406227939757484,-9.398488949913565,9.121187941479894,0.9230769230769231,0.7058823529411765,17,13
7822,10,HOXA3,7822,-1.0,5.73569584382081,0.1649802484860306,0.0014281542255851671,-6.8688799471185265,5.599648904510078,0.9230769230769231,0.7058823529411765,17,13
7826,10,HOXA3,7826,-1.0,5.73569584382081,0.21310062344754982,3.4975378036959954e-05,-8.090500760711626,6.355097660092734,0.9230769230769231,0.7058823529411765,17,13
7816,10,HOXA3,7816,-1.0,5.73569584382081,0.35515454590317647,1.8049101117231913e-12,-7.618007113699435,6.068661338317561,0.9230769230769231,0.7058823529411765,17,13
7818,10,HOXA3,7818,-1.0,5.73569584382081,0.367309775648181,2.710822806391432e-13,-5.86397244584524,4.720535558954357,0.9230769230769231,0.7058823529411765,17,13
7825,10,HOXA3,7825,-1.0,5.73569584382081,0.37841879789536514,4.462755360842507e-14,-3.5151988976615827,2.596858319406336,0.9230769230769231,0.7058823529411765,17,13
7824,10,HOXA3,7824,-1.0,5.73569584382081,0.1435285298340685,0.0056128747489330635,-3.8255591585775783,2.817074007210727,0.9230769230769231,0.7058823529411765,17,13
7819,10,HOXA3,7819,-1.0,5.73569584382081,-0.38649706136011674,1.1502066851882118e-14,3.171726704382422,2.2126547273109227,0.9230769230769231,0.7058823529411765,17,13
7813,10,HOXA3,7813,-1.0,5.73569584382081,0.44389489045605907,2.4097150404916877e-19,-4.594792711370172,3.6081438473796523,0.9230769230769231,0.7058823529411765,17,13
7815,10,HOXA3,7815,-1.0,5.73569584382081,0.2756740306953332,6.781431680858847e-08,-14.325127264270403,12.55380087829614,0.9230769230769231,0.7058823529411765,17,13
7820,10,HOXA3,7820,-1.0,5.73569584382081,0.25076973330168706,9.968581608511967e-07,-7.012930113793247,5.428963513037729,0.9230769230769231,0.7058823529411765,17,13
5258,10,BHLHA15,5258,-1.0,4.249531440503049,0.4199611824297851,2.7698387211889912e-17,-10.98052344087892,8.461215875303933,1.0,1.0,2,2
5259,10,BHLHA15,5259,-1.0,4.249531440503049,0.31060783565595346,9.69029431616923e-10,-4.791972858509346,3.8000641419727863,1.0,1.0,2,2
2908,10,REST,2908,-1.0,9.097993808641005,0.44019015972759123,5.148588827026021e-19,-6.745887210753532,5.369643169854154,1.0,0.96,25,24
2914,10,REST,2914,-1.0,9.097993808641005,0.4020308457313935,7.620890438994091e-16,-7.533547326880709,7.24439717529394,1.0,0.96,25,24
2902,10,REST,2902,-1.0,9.097993808641005,0.49898175716800186,9.418674701908318e-25,-8.919366601876431,7.708580777071327,1.0,0.96,25,24
2905,10,REST,2905,-1.0,9.097993808641005,0.46937939591621886,1.003323652617069e-21,-7.3274138798815525,6.051865304841367,1.0,0.96,25,24
2920,10,REST,2920,-1.0,9.097993808641005,0.5161104674799136,1.2098831692512979e-26,-9.721841043763819,8.858285354231477,1.0,0.96,25,24
2917,10,REST,2917,-1.0,9.097993808641005,0.565494422341653,9.696125943892874e-33,-8.335165890637821,6.8409139387389954,1.0,0.96,25,24
2904,10,REST,2904,-1.0,9.097993808641005,0.49066074160413786,7.160529094916396e-24,-8.204798251079138,6.78608717644786,1.0,0.96,25,24
2919,10,REST,2919,-1.0,9.097993808641005,0.20543407506280303,6.714452287540486e-05,-3.16910634674457,2.2198910669135326,1.0,0.96,25,24
2918,10,REST,2918,-1.0,9.097993808641005,0.5953769002460421,5.893349262921916e-37,-6.540957328115852,5.398340275195783,1.0,0.96,25,24
2900,10,REST,2900,-1.0,9.097993808641005,0.3819771253733518,2.467402076521519e-14,-3.330204294599666,2.421427260536243,1.0,0.96,25,24
2921,10,REST,2921,-1.0,9.097993808641005,-0.20513539363204614,6.883944146652831e-05,2.6623616099158416,1.8173099180094625,1.0,0.96,25,24
2907,10,REST,2907,-1.0,9.097993808641005,0.7275910202873075,2.2983479348263897e-62,-8.066001596591503,6.466813431838179,1.0,0.96,25,24
2915,10,REST,2915,-1.0,9.097993808641005,0.4741486639234661,3.4147418025270046e-22,-7.057704751779492,6.808990058276168,1.0,0.96,25,24
2898,10,REST,2898,-1.0,9.097993808641005,0.24379807161304423,2.0148637044760927e-06,-8.15363549755583,8.676240253353722,1.0,0.96,25,24
2897,10,REST,2897,-1.0,9.097993808641005,0.8085940823007165,5.128407111569679e-87,-12.936948222891386,10.08369243148584,1.0,0.96,25,24
2913,10,REST,2913,-1.0,9.097993808641005,0.21632337493566953,2.6399925212187502e-05,-4.373692296277076,4.661596005264714,1.0,0.96,25,24
2906,10,REST,2906,-1.0,9.097993808641005,0.5685895703546343,3.712873453927115e-33,-6.721457535363686,5.364020542367611,1.0,0.96,25,24
2899,10,REST,2899,-1.0,9.097993808641005,0.2628499989425127,2.801118014589843e-07,-4.06210652739523,3.1088766719734537,1.0,0.96,25,24
2912,10,REST,2912,-1.0,9.097993808641005,0.259969168368438,3.813564889087229e-07,-5.293229866064735,4.310036881126004,1.0,0.96,25,24
2910,10,REST,2910,-1.0,9.097993808641005,0.23682029999741508,3.990882722355424e-06,-3.32712821268512,2.40322793918994,1.0,0.96,25,24
2903,10,REST,2903,-1.0,9.097993808641005,-0.47488632010847476,2.8860454732948557e-22,5.907634046114755,4.703670650589898,1.0,0.96,25,24
2909,10,REST,2909,-1.0,9.097993808641005,0.32251014600375527,1.9939475083988754e-10,-5.317559877288241,4.309710094576081,1.0,0.96,25,24
2916,10,REST,2916,-1.0,9.097993808641005,0.478905477079549,1.1458745127370883e-22,-5.798905343155442,4.652609485392324,1.0,0.96,25,24
2901,10,REST,2901,-1.0,9.097993808641005,0.5188665145451512,5.8657434070774035e-27,-11.241511240267986,15.45472818664694,1.0,0.96,25,24
887,10,PRDM1,887,-1.0,3.3998370649849425,0.2281124790558753,9.097924154257116e-06,-2.147456607860138,1.3177228949742306,1.0,0.96,25,24
881,10,PRDM1,881,-1.0,3.3998370649849425,0.6303980617431623,1.7057138929096658e-42,-6.738745008815919,5.7015638871266265,1.0,0.96,25,24
885,10,PRDM1,885,-1.0,3.3998370649849425,0.3777394210139189,4.9932602763187945e-14,-3.4115357225238947,2.4772230082064044,1.0,0.96,25,24
868,10,PRDM1,868,-1.0,3.3998370649849425,0.5467056918669823,2.6641068930356882e-30,-11.119519008509466,14.361148649395227,1.0,0.96,25,24
884,10,PRDM1,884,-1.0,3.3998370649849425,0.24433151523839292,1.9106555975173994e-06,-5.509068398349262,4.235742741683026,1.0,0.96,25,24
873,10,PRDM1,873,-1.0,3.3998370649849425,0.37300822255174054,1.0838120962675482e-13,-5.030742832800658,3.8137278854530776,1.0,0.96,25,24
863,10,PRDM1,863,-1.0,3.3998370649849425,0.4568086911361409,1.5871799483385576e-20,-11.850095640859097,9.098916256398857,1.0,0.96,25,24
876,10,PRDM1,876,-1.0,3.3998370649849425,0.23711921642536374,3.877375191091378e-06,-6.036068256722459,4.954701882699268,1.0,0.96,25,24
880,10,PRDM1,880,-1.0,3.3998370649849425,0.2688351424200481,1.4582038509283522e-07,-4.02322817588198,3.025968043355741,1.0,0.96,25,24
864,10,PRDM1,864,-1.0,3.3998370649849425,0.8440857081757873,6.536446720907587e-102,-4.170882757212041,3.22344910216974,1.0,0.96,25,24
869,10,PRDM1,869,-1.0,3.3998370649849425,0.18193318089848828,0.0004284789991962314,-7.898983205672808,6.60639976698939,1.0,0.96,25,24
871,10,PRDM1,871,-1.0,3.3998370649849425,0.34415855730524025,9.366230109426562e-12,-12.426446133304081,10.82449662789058,1.0,0.96,25,24
875,10,PRDM1,875,-1.0,3.3998370649849425,0.550501601505862,8.81434542053904e-31,-2.709138887990632,1.8042391962987494,1.0,0.96,25,24
886,10,PRDM1,886,-1.0,3.3998370649849425,0.27616399984020196,6.414268411787917e-08,-5.152026884090959,4.061905375195458,1.0,0.96,25,24
872,10,PRDM1,872,-1.0,3.3998370649849425,0.32059045394407537,2.5853180438983416e-10,-8.85068835298791,7.034164641298557,1.0,0.96,25,24
879,10,PRDM1,879,-1.0,3.3998370649849425,0.7365305484599459,1.2476775072175963e-64,-5.442706317426988,4.764125975828644,1.0,0.96,25,24
874,10,PRDM1,874,-1.0,3.3998370649849425,0.6530360462192477,1.80795618198941e-46,-5.381752097458496,4.43787638350089,1.0,0.96,25,24
866,10,PRDM1,866,-1.0,3.3998370649849425,0.6594488845858293,1.170616709926323e-47,-3.5595145271402377,2.639990289679144,1.0,0.96,25,24
865,10,PRDM1,865,-1.0,3.3998370649849425,0.2662811929397444,1.9303945436303408e-07,-8.04870359234135,7.80272715443256,1.0,0.96,25,24
882,10,PRDM1,882,-1.0,3.3998370649849425,0.6825204388807554,3.458827786602824e-52,-3.1762104403448457,2.2693013399257818,1.0,0.96,25,24
878,10,PRDM1,878,-1.0,3.3998370649849425,0.670911342609456,7.399207507891664e-50,-7.600604603759739,7.370937391255042,1.0,0.96,25,24
867,10,PRDM1,867,-1.0,3.3998370649849425,0.49727755753318753,1.4334547614695857e-24,-7.849540010818812,6.540011801052333,1.0,0.96,25,24
883,10,PRDM1,883,-1.0,3.3998370649849425,0.5839057473263194,2.7573361600143187e-35,-8.504656517205936,6.907365722357213,1.0,0.96,25,24
877,10,PRDM1,877,-1.0,3.3998370649849425,0.3696456477345096,1.8657112739399241e-13,-7.989125627800438,6.50902776627841,1.0,0.96,25,24
965,10,NHLH1,965,-1.0,9.157363603198894,0.33492567442958626,3.554239554215792e-11,-6.0536840336287385,4.9010199352740305,0.9,0.8181818181818182,11,10
961,10,NHLH1,961,-1.0,9.157363603198894,0.247237931718917,1.4275523242320775e-06,-12.056755490918267,9.274548942296947,0.9,0.8181818181818182,11,10
962,10,NHLH1,962,-1.0,9.157363603198894,0.34826523102693285,5.102078659345381e-12,-7.85814529570412,7.328787842162341,0.9,0.8181818181818182,11,10
971,10,NHLH1,971,-1.0,9.157363603198894,0.2024132002327672,8.625747756553653e-05,-2.7320370944531613,1.8152552037470275,0.9,0.8181818181818182,11,10
964,10,NHLH1,964,-1.0,9.157363603198894,0.2696957109213291,1.325811795761747e-07,-5.17912628855915,4.094976363632851,0.9,0.8181818181818182,11,10
963,10,NHLH1,963,-1.0,9.157363603198894,0.2806989450432376,3.8119364853386855e-08,-11.453045938602367,15.375777045023945,0.9,0.8181818181818182,11,10
966,10,NHLH1,966,-1.0,9.157363603198894,-0.3185017674436769,3.422478670219958e-10,3.1359831087118084,2.291511833404602,0.9,0.8181818181818182,11,10
969,10,NHLH1,969,-1.0,9.157363603198894,0.19676263643730268,0.0001364694079575673,-4.220036564261035,3.128736832372445,0.9,0.8181818181818182,11,10
968,10,NHLH1,968,-1.0,9.157363603198894,0.2108130430898711,4.2595154265459254e-05,-7.292612487666276,5.953596979726409,0.9,0.8181818181818182,11,10
785,10,CREB1,785,-1.0,9.090593821196677,0.49959204487506376,8.098858394724024e-25,-6.040810267858971,4.750787040650225,1.0,0.95,20,19
787,10,CREB1,787,-1.0,9.090593821196677,0.5761548349497224,3.4040522248570567e-34,-6.295313982588045,5.024209220029952,1.0,0.95,20,19
777,10,CREB1,777,-1.0,9.090593821196677,0.6134115247322796,1.0112650812168591e-39,-4.820591231273819,3.689588125553868,1.0,0.95,20,19
780,10,CREB1,780,-1.0,9.090593821196677,0.5379811861248259,3.211504052366979e-29,-6.08253324800769,5.316160016104748,1.0,0.95,20,19
774,10,CREB1,774,-1.0,9.090593821196677,0.45161854315840927,4.802448891529753e-20,-4.393755889748341,3.5129242651453696,1.0,0.95,20,19
788,10,CREB1,788,-1.0,9.090593821196677,0.3732676594514695,1.0390583081879559e-13,-3.4563285927837617,2.661457869123059,1.0,0.95,20,19
786,10,CREB1,786,-1.0,9.090593821196677,-0.0315281632384493,0.544928813369481,4.733746931462791,3.822170520106178,1.0,0.95,20,19
775,10,CREB1,775,-1.0,9.090593821196677,0.698471343267448,1.4276817796025224e-55,-7.979826210907497,6.289619239430789,1.0,0.95,20,19
773,10,CREB1,773,-1.0,9.090593821196677,-0.33020724402343393,6.908439233222308e-11,5.842974372857323,4.649565262470072,1.0,0.95,20,19
771,10,CREB1,771,-1.0,9.090593821196677,0.6161022425782012,3.774507681243896e-40,-7.232924618320092,5.938822897703721,1.0,0.95,20,19
779,10,CREB1,779,-1.0,9.090593821196677,0.21823695706836302,2.2294383927198983e-05,-2.865396090947763,1.9776522395290612,1.0,0.95,20,19
783,10,CREB1,783,-1.0,9.090593821196677,0.6930440831232068,2.1425604849790012e-54,-4.571085754113023,3.430955876174494,1.0,0.95,20,19
782,10,CREB1,782,-1.0,9.090593821196677,0.4471061270817814,1.2384675191048275e-19,-6.837257591166614,5.480310260829649,1.0,0.95,20,19
769,10,CREB1,769,-1.0,9.090593821196677,0.8901761773946802,4.91514988794241e-128,-12.001986883371105,9.262810002386768,1.0,0.95,20,19
778,10,CREB1,778,-1.0,9.090593821196677,0.7540011796859027,2.4577218031144433e-69,-10.899589521150999,9.2242198877426,1.0,0.95,20,19
776,10,CREB1,776,-1.0,9.090593821196677,0.5919405363105912,1.8953535976191144e-36,-8.05682735273799,6.911417829083634,1.0,0.95,20,19
784,10,CREB1,784,-1.0,9.090593821196677,0.727112801002028,3.020347198384456e-62,-8.333126667939482,6.505300861003269,1.0,0.95,20,19
770,10,CREB1,770,-1.0,9.090593821196677,0.46137680154722155,5.896179419522439e-21,-7.186133237324354,6.679146345051794,1.0,0.95,20,19
772,10,CREB1,772,-1.0,9.090593821196677,0.7219238280102553,5.6410533085303405e-61,-12.157366623501668,15.088677325474196,1.0,0.95,20,19
3530,10,EPAS1,3530,-1.0,9.154553583212595,-0.5017229994101571,4.769248048488975e-25,7.007059169142059,5.625394013413471,1.0,1.0,2,2
3529,10,EPAS1,3529,-1.0,9.154553583212595,0.4438246262957158,2.4448758775166964e-19,-11.203557338137143,8.568874418479862,1.0,1.0,2,2
5447,10,ZNF219,5447,-1.0,4.421368096453173,0.1678328793970912,0.0011752216158222137,-9.768014031965583,8.085923518060294,1.0,0.8,25,20
5436,10,ZNF219,5436,-1.0,4.421368096453173,0.3909232334673601,5.3851796820358714e-15,-11.170580058354997,9.578675928266609,1.0,0.8,25,20
5439,10,ZNF219,5439,-1.0,4.421368096453173,0.4568484056615524,1.573675192014853e-20,-7.115320647579777,6.110053015902439,1.0,0.8,25,20
5452,10,ZNF219,5452,-1.0,4.421368096453173,0.28878029407548583,1.473104934494543e-08,-3.6620493033426427,2.696078577677068,1.0,0.8,25,20
5445,10,ZNF219,5445,-1.0,4.421368096453173,0.26271417056566176,2.842400002914325e-07,-4.860950788264438,3.9530168441023963,1.0,0.8,25,20
5443,10,ZNF219,5443,-1.0,4.421368096453173,0.38608722625764624,1.2332239494853112e-14,-3.9578573491012663,3.312847553162153,1.0,0.8,25,20
5431,10,ZNF219,5431,-1.0,4.421368096453173,0.3597579058930246,8.886857729515795e-13,-12.5282845331336,9.637573009761699,1.0,0.8,25,20
5441,10,ZNF219,5441,-1.0,4.421368096453173,0.47619219950321595,2.140617263369771e-22,-8.024805274496615,7.159981189976992,1.0,0.8,25,20
5434,10,ZNF219,5434,-1.0,4.421368096453173,0.3227644129652651,1.9262527489765613e-10,-8.175952013350487,6.9225584216482785,1.0,0.8,25,20
5448,10,ZNF219,5448,-1.0,4.421368096453173,0.36404237469362244,4.548497344834332e-13,-11.116680331975425,8.772413477119429,1.0,0.8,25,20
5444,10,ZNF219,5444,-1.0,4.421368096453173,0.7765632600690422,4.941338342084526e-76,-7.021506519875928,5.972217648902669,1.0,0.8,25,20
5440,10,ZNF219,5440,-1.0,4.421368096453173,0.33257719070257113,4.954769202461473e-11,-4.457103229951515,3.6561398685040265,1.0,0.8,25,20
5442,10,ZNF219,5442,-1.0,4.421368096453173,0.40344200386805384,5.913197413782655e-16,-2.394131131843938,1.5452292058039154,1.0,0.8,25,20
5446,10,ZNF219,5446,-1.0,4.421368096453173,0.27760758758932835,5.4406058344638e-08,-10.602657632377587,8.185013693845734,1.0,0.8,25,20
5453,10,ZNF219,5453,-1.0,4.421368096453173,0.37637455732403996,6.252325874948565e-14,-10.343171448684279,8.065778018603059,1.0,0.8,25,20
5450,10,ZNF219,5450,-1.0,4.421368096453173,0.4931040074071115,3.969802911477545e-24,-6.777910484493198,5.597838496068464,1.0,0.8,25,20
5454,10,ZNF219,5454,-1.0,4.421368096453173,0.2684906365368934,1.5146968963526929e-07,-4.234623127588724,3.138828476379855,1.0,0.8,25,20
5432,10,ZNF219,5432,-1.0,4.421368096453173,0.4144269475979762,7.870950775321754e-17,-8.698122932269825,8.711811300343651,1.0,0.8,25,20
5433,10,ZNF219,5433,-1.0,4.421368096453173,0.3284447650850573,8.829412448605614e-11,-11.999377584772617,16.148648627440036,1.0,0.8,25,20
5449,10,ZNF219,5449,-1.0,4.421368096453173,0.20243010596023378,8.613752094825557e-05,-4.302792454206629,3.354770692478415,1.0,0.8,25,20
9206,10,DDIT3,9206,-1.0,9.089707940709866,0.29652321654756225,5.757381151804666e-09,-5.987515831960874,4.703499169993683,0.75,0.75,4,4
9203,10,DDIT3,9203,-1.0,9.089707940709866,0.29304196814848066,8.814130973339525e-09,-11.964711722830183,14.649216927882156,0.75,0.75,4,4
9204,10,DDIT3,9204,-1.0,9.089707940709866,0.3576624359338906,1.2286674422972927e-12,-7.441996790044593,6.403724606057449,0.75,0.75,4,4
5994,10,EP300,5994,-1.0,9.097136501895378,0.5876055431137598,8.111115964617466e-36,-10.188487143298165,8.243121647539624,1.0,1.0,8,8
5993,10,EP300,5993,-1.0,9.097136501895378,0.5667998317420108,6.476007269810928e-33,-8.356607333120408,6.657172880524668,1.0,1.0,8,8
5991,10,EP300,5991,-1.0,9.097136501895378,0.44027828367451016,5.056987606908609e-19,-7.438987685572115,6.092509288847106,1.0,1.0,8,8
5989,10,EP300,5989,-1.0,9.097136501895378,0.3076550335223494,1.4191031955148063e-09,-3.492575441919163,2.5857418014905087,1.0,1.0,8,8
5992,10,EP300,5992,-1.0,9.097136501895378,0.4165111376919046,5.323468272057409e-17,-6.9983468598967535,5.773080869608633,1.0,1.0,8,8
5995,10,EP300,5995,-1.0,9.097136501895378,0.5388433908214797,2.5191975069539114e-29,-5.555612780152138,4.275422013993115,1.0,1.0,8,8
5988,10,EP300,5988,-1.0,9.097136501895378,0.7812845886491657,1.5581952411154572e-77,-12.006619961449767,9.231355596487399,1.0,1.0,8,8
5990,10,EP300,5990,-1.0,9.097136501895378,0.4519444842634131,4.48236679799045e-20,-12.41945904861622,18.44177093322712,1.0,1.0,8,8
1774,10,MYBL2,1774,-1.0,7.224083861326489,0.5231307735872557,1.8886490058209808e-27,-11.22156455740648,8.656887009241826,1.0,0.8571428571428571,7,6
1775,10,MYBL2,1775,-1.0,7.224083861326489,0.8222821987277253,2.29876172538231e-92,-7.100568525947699,6.231083989052278,1.0,0.8571428571428571,7,6
1776,10,MYBL2,1776,-1.0,7.224083861326489,0.24824445347878094,1.2893897891289042e-06,-4.233224575941229,3.2722921916779746,1.0,0.8571428571428571,7,6
1777,10,MYBL2,1777,-1.0,7.224083861326489,0.8582654387280074,6.049948557983711e-109,-7.803673603125713,6.345262491417471,1.0,0.8571428571428571,7,6
1779,10,MYBL2,1779,-1.0,7.224083861326489,0.6179295807415102,1.922329109878437e-40,-6.796531979061027,5.633946412703038,1.0,0.8571428571428571,7,6
1778,10,MYBL2,1778,-1.0,7.224083861326489,0.4605402115444721,7.076421884630533e-21,-11.588922979774926,17.197041441768114,1.0,0.8571428571428571,7,6
324,10,PKNOX2,324,-1.0,7.299071413135137,0.28213319595023245,3.227144035736631e-08,-5.34070001022033,4.462927364097464,0.8571428571428571,0.8,15,14
316,10,PKNOX2,316,-1.0,7.299071413135137,0.45561003955125484,2.0530743004443067e-20,-9.510717116382168,10.951355311398196,0.8571428571428571,0.8,15,14
311,10,PKNOX2,311,-1.0,7.299071413135137,0.20162590259103053,9.202121784253799e-05,-7.3532558468078735,6.857803479854428,0.8571428571428571,0.8,15,14
310,10,PKNOX2,310,-1.0,7.299071413135137,0.3427963115819281,1.1434792756880466e-11,-12.392360265288167,9.58993975906708,0.8571428571428571,0.8,15,14
321,10,PKNOX2,321,-1.0,7.299071413135137,0.5013865262702075,5.186443510648309e-25,-8.011082928906838,7.922595575016908,0.8571428571428571,0.8,15,14
314,10,PKNOX2,314,-1.0,7.299071413135137,0.44560246963036426,1.6928859336308946e-19,-9.543325443475709,8.222505533934072,0.8571428571428571,0.8,15,14
323,10,PKNOX2,323,-1.0,7.299071413135137,0.27632330405852806,6.299079920611959e-08,-7.433669098922747,5.80303184627187,0.8571428571428571,0.8,15,14
313,10,PKNOX2,313,-1.0,7.299071413135137,0.829814500270022,1.6517280336170785e-95,-3.2614680215978225,2.3560255127880176,0.8571428571428571,0.8,15,14
318,10,PKNOX2,318,-1.0,7.299071413135137,0.2854913383735814,2.1770241530552708e-08,-6.133497751618274,4.750330720675859,0.8571428571428571,0.8,15,14
319,10,PKNOX2,319,-1.0,7.299071413135137,0.44214879992254424,3.450412321415615e-19,-5.391401795219755,4.540399869291618,0.8571428571428571,0.8,15,14
312,10,PKNOX2,312,-1.0,7.299071413135137,0.42584994169607737,8.923835496735406e-18,-4.163760207470049,3.2588937576530714,0.8571428571428571,0.8,15,14
322,10,PKNOX2,322,-1.0,7.299071413135137,0.1703737931021342,0.0009853485733985034,-4.080893885605754,3.09604274148626,0.8571428571428571,0.8,15,14
1673,10,ZBTB6,1673,-1.0,9.099573103455793,0.44798125662398336,1.0317434044628513e-19,-9.958814282369449,8.741021852573564,1.0,1.0,8,8
1670,10,ZBTB6,1670,-1.0,9.099573103455793,-0.33625489675398385,2.9413269082260325e-11,5.105336086039468,3.9758814170470376,1.0,1.0,8,8
1672,10,ZBTB6,1672,-1.0,9.099573103455793,0.1837240944970708,0.0003748861845803569,-2.3523163246357255,1.514647354827253,1.0,1.0,8,8
1668,10,ZBTB6,1668,-1.0,9.099573103455793,0.3883265144981518,8.416959740070736e-15,-7.587191406466105,7.4917764267191735,1.0,1.0,8,8
1666,10,ZBTB6,1666,-1.0,9.099573103455793,0.7661747392118664,7.433021715490318e-73,-11.329702213061584,8.724694275666817,1.0,1.0,8,8
1669,10,ZBTB6,1669,-1.0,9.099573103455793,0.21355134806139067,3.363474112767725e-05,-2.204511659848828,1.3856259933392243,1.0,1.0,8,8
1671,10,ZBTB6,1671,-1.0,9.099573103455793,0.3473190345375373,5.873187334756877e-12,-5.215024505559413,4.147332981388799,1.0,1.0,8,8
1667,10,ZBTB6,1667,-1.0,9.099573103455793,0.3741775685780555,8.959385834727926e-14,-7.560709159745302,6.876531154409601,1.0,1.0,8,8
5798,10,TP73,5798,-1.0,4.224360108713417,0.17812058645899181,0.0005671200214234427,-7.197305164426166,6.348949440338407,1.0,1.0,2,2
5797,10,TP73,5797,-1.0,4.224360108713417,0.2210672632462042,1.7315102163603023e-05,-11.015180729446508,8.559257599157656,1.0,1.0,2,2
5986,10,TERF1,5986,-1.0,1.3819930115162473,0.32246667152327535,2.0057513350795096e-10,-6.619325168310149,5.364691955487887,1.0,1.0,4,4
5984,10,TERF1,5984,-1.0,1.3819930115162473,0.39109149145667715,5.2308643733615935e-15,-11.887472146118142,9.179314240917313,1.0,1.0,4,4
5985,10,TERF1,5985,-1.0,1.3819930115162473,0.3203199721763325,2.6812873069356097e-10,-9.04512391070329,8.679754033568232,1.0,1.0,4,4
5987,10,TERF1,5987,-1.0,1.3819930115162473,0.24534646810970612,1.7264533541223913e-06,-14.644275582473536,12.841479387148347,1.0,1.0,4,4
8948,10,HOXD8,8948,-1.0,5.178785289812662,0.1771575797475699,0.0006081933598744796,-4.4254606393122335,3.365856862451155,1.0,0.9166666666666666,12,11
8946,10,HOXD8,8946,-1.0,5.178785289812662,0.1952952877976592,0.0001534170683929187,-3.3374357946575253,2.3598558741023123,1.0,0.9166666666666666,12,11
8951,10,HOXD8,8951,-1.0,5.178785289812662,0.19197124568489385,0.00019937684224243316,-6.104522432454388,4.959785948583257,1.0,0.9166666666666666,12,11
8947,10,HOXD8,8947,-1.0,5.178785289812662,0.16373369006015012,0.0015536394120168947,-3.8322464028203647,2.817381129176618,1.0,0.9166666666666666,12,11
8949,10,HOXD8,8949,-1.0,5.178785289812662,0.19372103837288615,0.0001737820785972534,-6.852810943165225,5.689554320795211,1.0,0.9166666666666666,12,11
8953,10,HOXD8,8953,-1.0,5.178785289812662,0.30633298171870976,1.6811168015705375e-09,-7.96239413194269,6.734641947924688,1.0,0.9166666666666666,12,11
8943,10,HOXD8,8943,-1.0,5.178785289812662,0.13031843066230214,0.011992586452745153,-13.665952421226196,11.747430793268839,1.0,0.9166666666666666,12,11
8952,10,HOXD8,8952,-1.0,5.178785289812662,0.17712820503819587,0.0006094885096418057,-4.5121210277020785,3.446419709243045,1.0,0.9166666666666666,12,11
8950,10,HOXD8,8950,-1.0,5.178785289812662,0.12215425893655889,0.018585686107393674,-6.372675444798862,5.589023740627366,1.0,0.9166666666666666,12,11
8942,10,HOXD8,8942,-1.0,5.178785289812662,0.10365665194721893,0.046020169411011135,-4.26725379082899,3.325325493971042,1.0,0.9166666666666666,12,11
8945,10,HOXD8,8945,-1.0,5.178785289812662,0.1322449416018886,0.010777542272489758,-9.49788421701947,8.117809262423286,1.0,0.9166666666666666,12,11
7137,10,E2F2,7137,-1.0,5.428295371155684,0.5711858193294591,1.6466814056680734e-33,-11.435633461154875,8.788296019085259,1.0,0.875,8,7
7138,10,E2F2,7138,-1.0,5.428295371155684,0.8749269746226533,2.9384022724808683e-118,-6.475808792799171,5.231361263914054,1.0,0.875,8,7
7139,10,E2F2,7139,-1.0,5.428295371155684,0.6423737536336441,1.4825143315296007e-44,-7.314365660633384,5.909132926513674,1.0,0.875,8,7
7141,10,E2F2,7141,-1.0,5.428295371155684,0.7488049217811847,6.771525140420866e-68,-4.741122624314257,3.7601963326929604,1.0,0.875,8,7
7142,10,E2F2,7142,-1.0,5.428295371155684,0.343381421592012,1.0496785703526562e-11,-5.615999237410231,4.805455153231224,1.0,0.875,8,7
7143,10,E2F2,7143,-1.0,5.428295371155684,0.3040492366116225,2.248259902749921e-09,-3.191559803366574,2.2618807158733407,1.0,0.875,8,7
7144,10,E2F2,7144,-1.0,5.428295371155684,0.39911476557855136,1.2824490070123855e-15,-2.462734015978916,1.577399550523035,1.0,0.875,8,7
2014,10,CEBPZ,2014,-1.0,9.098364238616526,0.6172184792391733,2.5008568588554034e-40,-7.887718319558806,6.203239934569669,1.0,1.0,25,25
2002,10,CEBPZ,2002,-1.0,9.098364238616526,0.49803965342614165,1.1883547264441046e-24,-7.277896111622695,6.095746994266039,1.0,1.0,25,25
2000,10,CEBPZ,2000,-1.0,9.098364238616526,0.436479554069329,1.0912216499318534e-18,-12.394376419619823,16.782648680017395,1.0,1.0,25,25
2015,10,CEBPZ,2015,-1.0,9.098364238616526,0.2217090405769651,1.6343129492564386e-05,-6.646468669652441,5.405047306529626,1.0,1.0,25,25
2008,10,CEBPZ,2008,-1.0,9.098364238616526,0.43372045204059817,1.8962788729675447e-18,-9.34230639819332,7.340606555934898,1.0,1.0,25,25
1998,10,CEBPZ,1998,-1.0,9.098364238616526,0.6772118523183649,4.1476507238597266e-51,-12.040509881157435,9.24799889509703,1.0,1.0,25,25
1999,10,CEBPZ,1999,-1.0,9.098364238616526,0.39742114081736724,1.7310145034993847e-15,-7.306282056801903,6.611947966739311,1.0,1.0,25,25
2018,10,CEBPZ,2018,-1.0,9.098364238616526,0.29588167421399314,6.230112890021175e-09,-4.361642907915367,3.320253351517116,1.0,1.0,25,25
2007,10,CEBPZ,2007,-1.0,9.098364238616526,0.4569003400409365,1.556185733596611e-20,-6.38163171171531,5.235441898540804,1.0,1.0,25,25
2016,10,CEBPZ,2016,-1.0,9.098364238616526,0.3833889885015874,1.94648852346499e-14,-8.761701006614683,7.3862104260867545,1.0,1.0,25,25
2017,10,CEBPZ,2017,-1.0,9.098364238616526,0.5412168624584937,1.2865185721038172e-29,-9.240107538897607,7.208538007966643,1.0,1.0,25,25
2001,10,CEBPZ,2001,-1.0,9.098364238616526,0.3427678439242651,1.1482457959504736e-11,-7.466528417296567,6.190426184066999,1.0,1.0,25,25
2022,10,CEBPZ,2022,-1.0,9.098364238616526,0.4284642698519754,5.358761734163669e-18,-7.2940512326853915,5.871713863236999,1.0,1.0,25,25
2021,10,CEBPZ,2021,-1.0,9.098364238616526,0.4985474823575859,1.0484936093484283e-24,-8.501614641359456,6.918603738693679,1.0,1.0,25,25
2005,10,CEBPZ,2005,-1.0,9.098364238616526,0.45442816958337345,2.6435492504753238e-20,-3.3377228774983028,2.338531476246325,1.0,1.0,25,25
2010,10,CEBPZ,2010,-1.0,9.098364238616526,0.20846083889297526,5.204941341167186e-05,-6.836031681703728,6.196364385352225,1.0,1.0,25,25
2011,10,CEBPZ,2011,-1.0,9.098364238616526,-0.25815828000855395,4.6211394762869535e-07,2.7610758443478285,1.8347278860088234,1.0,1.0,25,25
2020,10,CEBPZ,2020,-1.0,9.098364238616526,-0.2461713082528664,1.589397789327717e-06,3.6856440776562316,2.6842145065595995,1.0,1.0,25,25
2006,10,CEBPZ,2006,-1.0,9.098364238616526,0.19137795303346125,0.00020882759851034282,-4.520833173620464,3.5361349838560896,1.0,1.0,25,25
2004,10,CEBPZ,2004,-1.0,9.098364238616526,0.5982896904381994,2.165358713295163e-37,-6.2876607147849475,4.959899910246084,1.0,1.0,25,25
2019,10,CEBPZ,2019,-1.0,9.098364238616526,0.29262179316957165,9.275458260492219e-09,-4.302493681632643,3.3225744039729075,1.0,1.0,25,25
2003,10,CEBPZ,2003,-1.0,9.098364238616526,0.4385430644103803,7.194318464808857e-19,-5.918242840001594,4.944210551701844,1.0,1.0,25,25
2009,10,CEBPZ,2009,-1.0,9.098364238616526,0.6413583307679475,2.2351583150462917e-44,-9.458217253033116,7.583615706050899,1.0,1.0,25,25
2013,10,CEBPZ,2013,-1.0,9.098364238616526,0.2899590399894722,1.2791086503180403e-08,-6.763804019843996,5.543740789568974,1.0,1.0,25,25
2012,10,CEBPZ,2012,-1.0,9.098364238616526,0.5800468584400417,9.717475847835147e-35,-3.683769001293702,2.6640313370518376,1.0,1.0,25,25
3650,10,FOXO3,3650,-1.0,9.101181453836045,0.45531504898516467,2.1869862343636205e-20,-8.35040855763395,6.575501229804318,1.0,1.0,25,25
3648,10,FOXO3,3648,-1.0,9.101181453836045,0.367705040924761,2.5452891371496793e-13,-5.005254736176536,3.9312956922238107,1.0,1.0,25,25
3633,10,FOXO3,3633,-1.0,9.101181453836045,0.45881180719890396,1.0300112538389254e-20,-11.83352650037541,15.398000586515067,1.0,1.0,25,25
3629,10,FOXO3,3629,-1.0,9.101181453836045,0.6124198365829528,1.4506879120776996e-39,-11.769506269642518,9.058742671602985,1.0,1.0,25,25
3640,10,FOXO3,3640,-1.0,9.101181453836045,0.5376709898316715,3.5040538713992067e-29,-12.455326084196969,9.649985517136667,1.0,1.0,25,25
3631,10,FOXO3,3631,-1.0,9.101181453836045,0.3256562884073535,1.2975346748209483e-10,-3.791287157158163,2.8748248955810216,1.0,1.0,25,25
3636,10,FOXO3,3636,-1.0,9.101181453836045,0.4360556191353514,1.188310281634552e-18,-6.1387868414063185,4.82999870847723,1.0,1.0,25,25
3647,10,FOXO3,3647,-1.0,9.101181453836045,0.5137078561911186,2.2621129122228517e-26,-8.500614510588028,6.613445399663137,1.0,1.0,25,25
3642,10,FOXO3,3642,-1.0,9.101181453836045,0.2759550873367064,6.568410956612321e-08,-3.9153110849467385,3.12267932714482,1.0,1.0,25,25
3630,10,FOXO3,3630,-1.0,9.101181453836045,0.27405983498497194,8.140075683735608e-08,-9.381326835030384,9.588027045643848,1.0,1.0,25,25
3641,10,FOXO3,3641,-1.0,9.101181453836045,0.4158329357964173,6.047676058443822e-17,-8.688317488357033,7.163483065700399,1.0,1.0,25,25
3649,10,FOXO3,3649,-1.0,9.101181453836045,0.44119853267753456,4.1912326753835866e-19,-11.259273693405163,9.214813286603496,1.0,1.0,25,25
3645,10,FOXO3,3645,-1.0,9.101181453836045,0.3901606675800225,6.142366631224608e-15,-7.038238382062646,6.885159391399991,1.0,1.0,25,25
3644,10,FOXO3,3644,-1.0,9.101181453836045,0.37025922540225653,1.6904613772364988e-13,-6.049856813820469,5.141377999481012,1.0,1.0,25,25
3635,10,FOXO3,3635,-1.0,9.101181453836045,-0.3108881248869076,9.343611949106386e-10,5.46436852409741,4.353846915737074,1.0,1.0,25,25
3646,10,FOXO3,3646,-1.0,9.101181453836045,0.37094612219383977,1.513348611617234e-13,-10.385022449993889,9.541320027327746,1.0,1.0,25,25
3634,10,FOXO3,3634,-1.0,9.101181453836045,0.37031374475075024,1.6756927109186077e-13,-7.44208459038004,6.166994578284062,1.0,1.0,25,25
3638,10,FOXO3,3638,-1.0,9.101181453836045,0.4141482409285209,8.291791940492961e-17,-9.131298508562098,7.267575641489541,1.0,1.0,25,25
3651,10,FOXO3,3651,-1.0,9.101181453836045,0.44146078954356494,3.9724259980757415e-19,-5.203938428456984,4.032889857736532,1.0,1.0,25,25
3637,10,FOXO3,3637,-1.0,9.101181453836045,0.5731666106590027,8.812495754532947e-34,-13.09470856796392,11.100387542724148,1.0,1.0,25,25
3639,10,FOXO3,3639,-1.0,9.101181453836045,0.24733665932692106,1.413397046278052e-06,-6.372301250605567,5.404399868524472,1.0,1.0,25,25
3643,10,FOXO3,3643,-1.0,9.101181453836045,0.478347358749063,1.3036526231062164e-22,-5.607726746847192,4.304524987234573,1.0,1.0,25,25
3653,10,FOXO3,3653,-1.0,9.101181453836045,0.4085766925085246,2.3252198944732047e-16,-7.442237095717175,6.0775257108333856,1.0,1.0,25,25
3632,10,FOXO3,3632,-1.0,9.101181453836045,0.38114500031724624,2.836001692262221e-14,-8.206574423091261,6.914236540276601,1.0,1.0,25,25
3652,10,FOXO3,3652,-1.0,9.101181453836045,0.1863438431910739,0.0003076375959521712,-5.167495264350103,3.9756470350179263,1.0,1.0,25,25
6571,10,HOXB3,6571,-1.0,2.9785580858765517,0.1997389181199285,0.00010734442393692163,-4.140304099478465,3.1510848696211813,0.9090909090909091,0.8,25,22
6572,10,HOXB3,6572,-1.0,2.9785580858765517,0.39349457273985583,3.4470503598997612e-15,-5.741734692334351,4.7954819976288885,0.9090909090909091,0.8,25,22
6564,10,HOXB3,6564,-1.0,2.9785580858765517,0.3757659145973206,6.909443057432102e-14,-9.042616720103759,7.143081114339422,0.9090909090909091,0.8,25,22
6567,10,HOXB3,6567,-1.0,2.9785580858765517,0.14406690840044462,0.005434592228683248,-7.952558336572315,6.193214342735019,0.9090909090909091,0.8,25,22
6565,10,HOXB3,6565,-1.0,2.9785580858765517,0.27438013615737294,7.851136276216515e-08,-7.824040707147869,6.211464195588713,0.9090909090909091,0.8,25,22
6562,10,HOXB3,6562,-1.0,2.9785580858765517,0.7317020611603693,2.1428287506509553e-63,-7.797142678914381,8.133496334369392,0.9090909090909091,0.8,25,22
6563,10,HOXB3,6563,-1.0,2.9785580858765517,0.6037524351583999,3.2205665505567783e-38,-6.420064053681086,5.447293930977005,0.9090909090909091,0.8,25,22
6555,10,HOXB3,6555,-1.0,2.9785580858765517,0.6218984483135427,4.3722212451317707e-41,-10.953103492127191,12.982399995513981,0.9090909090909091,0.8,25,22
6553,10,HOXB3,6553,-1.0,2.9785580858765517,0.8113040699163646,4.852181768614648e-88,-4.045906701318293,3.1422617079234882,0.9090909090909091,0.8,25,22
6574,10,HOXB3,6574,-1.0,2.9785580858765517,0.5260741134143447,8.557674969119547e-28,-6.822053320866771,5.697843326333957,0.9090909090909091,0.8,25,22
6569,10,HOXB3,6569,-1.0,2.9785580858765517,0.3207032525961315,2.5462908438348237e-10,-7.295065549983951,5.901788033020115,0.9090909090909091,0.8,25,22
6570,10,HOXB3,6570,-1.0,2.9785580858765517,0.08301957291610365,0.11039265481778744,-12.49620636831463,10.41017034449571,0.9090909090909091,0.8,25,22
6573,10,HOXB3,6573,-1.0,2.9785580858765517,0.13290007684408173,0.010389919943656198,-3.943319288860109,2.8883775332324495,0.9090909090909091,0.8,25,22
6551,10,HOXB3,6551,-1.0,2.9785580858765517,0.3886698453953476,7.936138196775141e-15,-11.72982102423747,9.028957797952668,0.9090909090909091,0.8,25,22
6566,10,HOXB3,6566,-1.0,2.9785580858765517,-0.1420475775314485,0.006130708098185788,3.743766313310301,2.7458214548810087,0.9090909090909091,0.8,25,22
6561,10,HOXB3,6561,-1.0,2.9785580858765517,0.3739000368945592,9.374122570512843e-14,-6.2446806740338365,5.037729692169109,0.9090909090909091,0.8,25,22
6556,10,HOXB3,6556,-1.0,2.9785580858765517,0.46552544197096846,2.367934490633662e-21,-7.8245284806792474,6.533605994236324,0.9090909090909091,0.8,25,22
6559,10,HOXB3,6559,-1.0,2.9785580858765517,0.600892519334394,8.77385390664657e-38,-6.338480057227112,5.594371220170065,0.9090909090909091,0.8,25,22
6552,10,HOXB3,6552,-1.0,2.9785580858765517,0.5029287700011985,3.5286270692783574e-25,-4.324094330929883,3.3698064776919505,0.9090909090909091,0.8,25,22
6554,10,HOXB3,6554,-1.0,2.9785580858765517,0.20083518001959877,9.81732675545183e-05,-7.160056957971581,6.414566313180538,0.9090909090909091,0.8,25,22
9619,10,EVX2,9619,-1.0,5.210489390868128,0.17784769005130477,0.0005784901779251477,-11.408649090137066,9.180831973987939,1.0,1.0,2,2
9618,10,EVX2,9618,-1.0,5.210489390868128,0.18164515510330714,0.0004377357074841075,-7.238600491962906,5.7188005569175475,1.0,1.0,2,2
2488,10,HOXB4,2488,-1.0,2.9609939306925916,0.40078841557843387,9.518798526493274e-16,-7.082942443312231,5.827959860893844,0.875,0.8235294117647058,17,16
2493,10,HOXB4,2493,-1.0,2.9609939306925916,0.2266804061691463,1.0386685547764034e-05,-2.8158013856432693,1.9023184549308025,0.875,0.8235294117647058,17,16
2489,10,HOXB4,2489,-1.0,2.9609939306925916,0.595495338830701,5.65936396514279e-37,-9.619699324915208,9.448732208298795,0.875,0.8235294117647058,17,16
2496,10,HOXB4,2496,-1.0,2.9609939306925916,0.3650295978963052,3.892469750501397e-13,-10.388949697396171,10.36437685427804,0.875,0.8235294117647058,17,16
2498,10,HOXB4,2498,-1.0,2.9609939306925916,0.6576986255014254,2.4874654529609254e-47,-3.288249108483678,2.3780732592857574,0.875,0.8235294117647058,17,16
2499,10,HOXB4,2499,-1.0,2.9609939306925916,0.4344331985232777,1.6448135307840481e-18,-6.146402715477822,5.238221880416484,0.875,0.8235294117647058,17,16
2494,10,HOXB4,2494,-1.0,2.9609939306925916,0.2948965659860365,7.030006062008359e-09,-2.754417987753582,2.036335665558349,0.875,0.8235294117647058,17,16
2500,10,HOXB4,2500,-1.0,2.9609939306925916,0.21300920953994604,3.525337453546726e-05,-6.697097691611973,5.342933138502253,0.875,0.8235294117647058,17,16
2485,10,HOXB4,2485,-1.0,2.9609939306925916,0.30206891527646246,2.886960462270973e-09,-11.733140766378297,9.047820317301843,0.875,0.8235294117647058,17,16
2497,10,HOXB4,2497,-1.0,2.9609939306925916,0.46723551653557743,1.619856556005496e-21,-5.846911000788599,5.3818057369135985,0.875,0.8235294117647058,17,16
2501,10,HOXB4,2501,-1.0,2.9609939306925916,0.08407541529878718,0.10592018722857573,-6.894899670138615,5.797714104770515,0.875,0.8235294117647058,17,16
2492,10,HOXB4,2492,-1.0,2.9609939306925916,0.7728011900257792,7.310918457298692e-75,-7.296248447726044,7.684784368681635,0.875,0.8235294117647058,17,16
2487,10,HOXB4,2487,-1.0,2.9609939306925916,0.8566721577677148,4.069418511026981e-108,-4.501257221836982,3.6074192158717135,0.875,0.8235294117647058,17,16
2486,10,HOXB4,2486,-1.0,2.9609939306925916,0.6637340583780025,1.8098270318403452e-48,-4.621061808902955,3.6505946752194833,0.875,0.8235294117647058,17,16
5740,10,SMAD4,5740,-1.0,9.02270200772638,0.5218434589706653,2.6635681163981398e-27,-10.331779270315824,8.266920844632956,1.0,0.95,20,19
5742,10,SMAD4,5742,-1.0,9.02270200772638,0.37792295382070185,4.844146461834213e-14,-4.25004205351404,3.223255535037563,1.0,0.95,20,19
5731,10,SMAD4,5731,-1.0,9.02270200772638,0.3150922246479155,5.385135167447322e-10,-7.799414719522819,6.641283546664308,1.0,0.95,20,19
5733,10,SMAD4,5733,-1.0,9.02270200772638,-0.2802336812075096,4.022723990088271e-08,5.8745363320416715,4.733689580581231,1.0,0.95,20,19
5729,10,SMAD4,5729,-1.0,9.02270200772638,0.21322305698446903,3.460629541945594e-05,-3.1434345941024997,2.2342306406085597,1.0,0.95,20,19
5746,10,SMAD4,5746,-1.0,9.02270200772638,0.5910414370548271,2.5670116443277082e-36,-10.515321508509446,8.248805429644746,1.0,0.95,20,19
5741,10,SMAD4,5741,-1.0,9.02270200772638,0.42849387949814005,5.327762762995551e-18,-5.518861024793409,4.406808683530496,1.0,0.95,20,19
5738,10,SMAD4,5738,-1.0,9.02270200772638,0.30948707162949407,1.120566497362037e-09,-4.619458920988118,3.5703750629225555,1.0,0.95,20,19
5745,10,SMAD4,5745,-1.0,9.02270200772638,0.5043366381771738,2.478402826575351e-25,-3.789145240186353,2.7608036782501624,1.0,0.95,20,19
5734,10,SMAD4,5734,-1.0,9.02270200772638,0.3837001247835089,1.8470945989874083e-14,-6.9256485660062905,5.6373247767246415,1.0,0.95,20,19
5744,10,SMAD4,5744,-1.0,9.02270200772638,0.32155840737703184,2.268491192460381e-10,-9.378625901921069,8.430127393532326,1.0,0.95,20,19
5743,10,SMAD4,5743,-1.0,9.02270200772638,0.2718306516237131,1.0454627178947946e-07,-6.146294686915794,5.239412239853208,1.0,0.95,20,19
5737,10,SMAD4,5737,-1.0,9.02270200772638,0.4918213927343569,5.413865881616834e-24,-6.259911482590446,5.120306278125415,1.0,0.95,20,19
5736,10,SMAD4,5736,-1.0,9.02270200772638,0.2485464248702228,1.250501430711081e-06,-3.15224532907038,2.2376394795803907,1.0,0.95,20,19
5732,10,SMAD4,5732,-1.0,9.02270200772638,0.3626603562087434,5.651599082134148e-13,-10.342829408921428,15.290544122872662,1.0,0.95,20,19
5728,10,SMAD4,5728,-1.0,9.02270200772638,0.28688833168443634,1.8453510169649424e-08,-8.243769475143575,7.660114841775995,1.0,0.95,20,19
5730,10,SMAD4,5730,-1.0,9.02270200772638,0.47323734481372953,4.201143034662777e-22,-6.363429342743318,5.143786700274012,1.0,0.95,20,19
5727,10,SMAD4,5727,-1.0,9.02270200772638,0.6609627364952989,6.074502279268133e-48,-12.05550608386067,9.348351063382273,1.0,0.95,20,19
5739,10,SMAD4,5739,-1.0,9.02270200772638,0.28925733837480644,1.3913889062258254e-08,-3.1578332063843284,2.217667669834129,1.0,0.95,20,19
5726,10,E2F7,5726,-1.0,9.035600225483941,0.41696585725800583,4.886343570593488e-17,-2.5760160926908418,1.6773403762915484,1.0,1.0,7,7
5724,10,E2F7,5724,-1.0,9.035600225483941,0.796133826200777,1.6449238337488124e-82,-8.362295763548032,6.58111034327746,1.0,1.0,7,7
5720,10,E2F7,5720,-1.0,9.035600225483941,0.7415848680608268,5.942451872771492e-66,-11.809202487365413,9.165093229641636,1.0,1.0,7,7
5721,10,E2F7,5721,-1.0,9.035600225483941,0.8348677083308856,1.04976195683256e-97,-5.976991738161107,4.802156352514058,1.0,1.0,7,7
5723,10,E2F7,5723,-1.0,9.035600225483941,0.4912519945386653,6.210704638936642e-24,-8.271769511494586,7.19772643741077,1.0,1.0,7,7
5725,10,E2F7,5725,-1.0,9.035600225483941,0.5161266822861467,1.2047639346045794e-26,-6.267165794709111,4.973243377114385,1.0,1.0,7,7
5722,10,E2F7,5722,-1.0,9.035600225483941,0.35296202210383587,2.519252291434256e-12,-8.95026341002809,8.700472321289663,1.0,1.0,7,7
7452,10,STAT5A,7452,-1.0,7.4499184300807935,-0.25183568056361727,8.935150442453977e-07,4.572154948469183,3.4843474498499494,1.0,0.88,25,22
7441,10,STAT5A,7441,-1.0,7.4499184300807935,0.48758580334965,1.494314891719202e-23,-8.122735353071974,6.810391716348176,1.0,0.88,25,22
7458,10,STAT5A,7458,-1.0,7.4499184300807935,0.27389369197038094,8.29396334473108e-08,-4.5887602333658535,3.576432221880337,1.0,0.88,25,22
7460,10,STAT5A,7460,-1.0,7.4499184300807935,0.24939076978030114,1.1476382305606473e-06,-2.3899375773231837,1.5499579265245538,1.0,0.88,25,22
7439,10,STAT5A,7439,-1.0,7.4499184300807935,0.4305797145724109,3.535337758768446e-18,-12.550279011625134,17.570074212968933,1.0,0.88,25,22
7455,10,STAT5A,7455,-1.0,7.4499184300807935,0.4259340550880417,8.779207866172135e-18,-2.7548776805340984,1.8979927545114976,1.0,0.88,25,22
7436,10,STAT5A,7436,-1.0,7.4499184300807935,0.3684459870704545,2.2612084570531545e-13,-11.78013813338978,9.060675300964146,1.0,0.88,25,22
7444,10,STAT5A,7444,-1.0,7.4499184300807935,0.41441825270188026,7.883757102496199e-17,-6.134337190485749,4.9646583784245,1.0,0.88,25,22
7448,10,STAT5A,7448,-1.0,7.4499184300807935,0.3708248636428795,1.5432364455731498e-13,-4.836629817940144,3.790586141357804,1.0,0.88,25,22
7459,10,STAT5A,7459,-1.0,7.4499184300807935,0.3138124299414622,6.37450673850331e-10,-8.733387233087647,7.307198114061381,1.0,0.88,25,22
7449,10,STAT5A,7449,-1.0,7.4499184300807935,0.4461588534017019,1.5082677226457774e-19,-5.549933091878514,4.422969421819167,1.0,0.88,25,22
7440,10,STAT5A,7440,-1.0,7.4499184300807935,0.2629134481842942,2.7820322279798077e-07,-8.17391506434809,6.774710782989197,1.0,0.88,25,22
7442,10,STAT5A,7442,-1.0,7.4499184300807935,0.26826315925524696,1.5531484862210021e-07,-9.955156219268833,8.184696741255776,1.0,0.88,25,22
7446,10,STAT5A,7446,-1.0,7.4499184300807935,0.2706208860804114,1.1964129945026906e-07,-8.749365599669106,6.931125355104198,1.0,0.88,25,22
7438,10,STAT5A,7438,-1.0,7.4499184300807935,0.35589596204325363,1.6115050157678703e-12,-3.6578576609679234,2.752574760849734,1.0,0.88,25,22
7451,10,STAT5A,7451,-1.0,7.4499184300807935,0.2099189964679922,4.597942978854866e-05,-4.644310014375267,3.660498687397644,1.0,0.88,25,22
7453,10,STAT5A,7453,-1.0,7.4499184300807935,0.3767399779572634,5.887627037451433e-14,-5.911676393169169,5.2010144840025925,1.0,0.88,25,22
7437,10,STAT5A,7437,-1.0,7.4499184300807935,0.610140833817036,3.3083632310185615e-39,-4.314685954985741,3.372302301378685,1.0,0.88,25,22
7456,10,STAT5A,7456,-1.0,7.4499184300807935,0.406380878748499,3.4727121783657544e-16,-8.989679343946642,7.77499529298927,1.0,0.88,25,22
7450,10,STAT5A,7450,-1.0,7.4499184300807935,0.34200316306220147,1.2837871936889763e-11,-9.964407206344703,7.652285471345597,1.0,0.88,25,22
7454,10,STAT5A,7454,-1.0,7.4499184300807935,0.33978126461388786,1.7723348728159214e-11,-8.89535459530585,7.132712534529814,1.0,0.88,25,22
7447,10,STAT5A,7447,-1.0,7.4499184300807935,0.3077990868009127,1.393073302219608e-09,-6.25423301495605,4.835926195488127,1.0,0.88,25,22
476,10,MEIS1,476,-1.0,9.108538508649945,0.4104942695934784,1.6341053977207504e-16,-4.368270168699851,3.3906576234411148,1.0,0.8636363636363636,22,19
471,10,MEIS1,471,-1.0,9.108538508649945,0.2453326032753909,1.7288510765381603e-06,-5.5244515393829685,4.625917800967736,1.0,0.8636363636363636,22,19
460,10,MEIS1,460,-1.0,9.108538508649945,0.5337937711644346,1.0340210554884317e-28,-10.016071704343252,11.381287449780896,1.0,0.8636363636363636,22,19
465,10,MEIS1,465,-1.0,9.108538508649945,0.24126527188000108,2.5883838901911472e-06,-5.965838698081049,4.6663479647567705,1.0,0.8636363636363636,22,19
469,10,MEIS1,469,-1.0,9.108538508649945,0.5161156374181329,1.2082486216276439e-26,-7.507015326293485,6.247503559297796,1.0,0.8636363636363636,22,19
455,10,MEIS1,455,-1.0,9.108538508649945,0.6118610132608916,1.776791581329039e-39,-12.06615201145368,9.285730415818879,1.0,0.8636363636363636,22,19
467,10,MEIS1,467,-1.0,9.108538508649945,0.4170443463200615,4.8145461639324804e-17,-6.708701119943911,5.302475698886904,1.0,0.8636363636363636,22,19
474,10,MEIS1,474,-1.0,9.108538508649945,0.3145540810787312,5.781495185553828e-10,-4.81147887702834,4.0606204505130155,1.0,0.8636363636363636,22,19
470,10,MEIS1,470,-1.0,9.108538508649945,0.5111047922977321,4.4313351209393594e-26,-11.865052385568179,9.257627995601423,1.0,0.8636363636363636,22,19
461,10,MEIS1,461,-1.0,9.108538508649945,0.4518356805636173,4.5868072019866285e-20,-7.734143760669575,6.481891390754629,1.0,0.8636363636363636,22,19
458,10,MEIS1,458,-1.0,9.108538508649945,0.32001494582139745,2.793672166535865e-10,-3.511303346655809,2.5996139852940328,1.0,0.8636363636363636,22,19
456,10,MEIS1,456,-1.0,9.108538508649945,0.24150520401281206,2.5279862994937636e-06,-4.343636671564075,3.4003651403185744,1.0,0.8636363636363636,22,19
457,10,MEIS1,457,-1.0,9.108538508649945,0.3933848290512928,3.5135932066826933e-15,-7.415144902730673,6.600122860765093,1.0,0.8636363636363636,22,19
472,10,MEIS1,472,-1.0,9.108538508649945,0.3327430987199703,4.840288255601591e-11,-8.521663568001225,15.232404045472752,1.0,0.8636363636363636,22,19
459,10,MEIS1,459,-1.0,9.108538508649945,0.4690294850976531,1.0851641865517273e-21,-7.8020050818145865,6.608570859244294,1.0,0.8636363636363636,22,19
462,10,MEIS1,462,-1.0,9.108538508649945,0.16960170325964605,0.001039816953996665,-6.755206306948732,5.48814706845246,1.0,0.8636363636363636,22,19
466,10,MEIS1,466,-1.0,9.108538508649945,0.4083391103476314,2.428704012429698e-16,-5.794325186638339,4.475836004080521,1.0,0.8636363636363636,22,19
464,10,MEIS1,464,-1.0,9.108538508649945,0.4634797914164926,3.718838634945131e-21,-9.540318880752974,7.757856113670564,1.0,0.8636363636363636,22,19
468,10,MEIS1,468,-1.0,9.108538508649945,0.15587645727633556,0.0026065954906020726,-2.427591558421345,1.5522549890459871,1.0,0.8636363636363636,22,19
612,10,ZIC2,612,-1.0,9.082158884366438,0.2761012850787584,6.460171016434704e-08,-6.548872873866936,5.767822604596908,0.8333333333333334,0.6818181818181818,22,18
610,10,ZIC2,610,-1.0,9.082158884366438,0.39808200599475246,1.5401416886893543e-15,-5.570309961148055,4.47694900108624,0.8333333333333334,0.6818181818181818,22,18
602,10,ZIC2,602,-1.0,9.082158884366438,0.43785636627493657,8.266748069773852e-19,-8.864638437013689,9.606468202111293,0.8333333333333334,0.6818181818181818,22,18
614,10,ZIC2,614,-1.0,9.082158884366438,0.22210341559651262,1.5771783252457615e-05,-5.756462897367622,5.129327753399642,0.8333333333333334,0.6818181818181818,22,18
603,10,ZIC2,603,-1.0,9.082158884366438,0.338851107137678,2.0269635582490058e-11,-11.694693963763362,15.588803578383708,0.8333333333333334,0.6818181818181818,22,18
606,10,ZIC2,606,-1.0,9.082158884366438,0.3096558416736725,1.0963584980042577e-09,-6.422108646076285,5.080141755681026,0.8333333333333334,0.6818181818181818,22,18
618,10,ZIC2,618,-1.0,9.082158884366438,0.3373642481088231,2.5097781398059197e-11,-8.627268232538905,6.896019840141897,0.8333333333333334,0.6818181818181818,22,18
601,10,ZIC2,601,-1.0,9.082158884366438,0.375122994371228,7.676974727588869e-14,-12.85606342223226,9.94996308970397,0.8333333333333334,0.6818181818181818,22,18
621,10,ZIC2,621,-1.0,9.082158884366438,0.3499608369605193,3.959973322857791e-12,-5.31845278805084,4.2011897369303695,0.8333333333333334,0.6818181818181818,22,18
611,10,ZIC2,611,-1.0,9.082158884366438,0.2413247169538861,2.5732926521399896e-06,-9.832133238131606,7.644614339775723,0.8333333333333334,0.6818181818181818,22,18
605,10,ZIC2,605,-1.0,9.082158884366438,0.36773405465489223,2.5335357664776233e-13,-6.829516430990258,5.641601886694547,0.8333333333333334,0.6818181818181818,22,18
617,10,ZIC2,617,-1.0,9.082158884366438,0.3044249273187995,2.1436441003518734e-09,-6.585829676310788,5.326501169560138,0.8333333333333334,0.6818181818181818,22,18
620,10,ZIC2,620,-1.0,9.082158884366438,0.23374237041271267,5.359788586061587e-06,-8.630749076056073,7.339198117913666,0.8333333333333334,0.6818181818181818,22,18
609,10,ZIC2,609,-1.0,9.082158884366438,0.5221253413719857,2.4707192440844627e-27,-12.210022950653466,10.656528536567077,0.8333333333333334,0.6818181818181818,22,18
615,10,ZIC2,615,-1.0,9.082158884366438,0.33703430499573434,2.6312292648686988e-11,-9.877709863204501,8.738691996800002,0.8333333333333334,0.6818181818181818,22,18
979,10,ERF,979,-1.0,6.669873739346719,0.355144206026738,1.8077615851392098e-12,-4.674131956413223,3.762002240138902,1.0,0.8888888888888888,18,16
981,10,ERF,981,-1.0,6.669873739346719,0.314535751297772,5.795483152744238e-10,-4.75648188424443,3.6905855890084585,1.0,0.8888888888888888,18,16
989,10,ERF,989,-1.0,6.669873739346719,0.47825312487515775,1.332327842723029e-22,-8.856320178861044,7.142509451982975,1.0,0.8888888888888888,18,16
982,10,ERF,982,-1.0,6.669873739346719,0.43547024113061855,1.336467027124302e-18,-6.106310523364986,4.78476892997041,1.0,0.8888888888888888,18,16
973,10,ERF,973,-1.0,6.669873739346719,0.3259913944028369,1.239130699354051e-10,-6.421013788328843,5.584445502869628,1.0,0.8888888888888888,18,16
978,10,ERF,978,-1.0,6.669873739346719,0.2695375490262892,1.3492418956834648e-07,-4.108591190285755,3.133574870664005,1.0,0.8888888888888888,18,16
980,10,ERF,980,-1.0,6.669873739346719,0.25946345441171975,4.0242949201369043e-07,-4.5735570657642155,3.560210187228185,1.0,0.8888888888888888,18,16
984,10,ERF,984,-1.0,6.669873739346719,0.4085719925646889,2.3272244574560605e-16,-7.901051094001229,6.549533736229354,1.0,0.8888888888888888,18,16
974,10,ERF,974,-1.0,6.669873739346719,0.5536397540049397,3.494678164964043e-31,-9.325603275382278,7.567769552950481,1.0,0.8888888888888888,18,16
987,10,ERF,987,-1.0,6.669873739346719,0.2581902396266365,4.605558479972972e-07,-4.541952562904854,3.4732223670169984,1.0,0.8888888888888888,18,16
983,10,ERF,983,-1.0,6.669873739346719,0.12656361256482984,0.014712571192612815,-5.559702707199813,4.564351568903999,1.0,0.8888888888888888,18,16
977,10,ERF,977,-1.0,6.669873739346719,0.5346529208975953,8.145449646448947e-29,-9.106656930950022,7.102187811636417,1.0,0.8888888888888888,18,16
986,10,ERF,986,-1.0,6.669873739346719,0.2716457088337795,1.0672873549720189e-07,-5.166450871634769,4.152113933411191,1.0,0.8888888888888888,18,16
972,10,ERF,972,-1.0,6.669873739346719,0.5168351988193741,1.000785290923156e-26,-11.57746724471939,8.93713311830234,1.0,0.8888888888888888,18,16
988,10,ERF,988,-1.0,6.669873739346719,0.3248549479833716,1.4482720931621483e-10,-3.5536405024257114,2.5710024199167534,1.0,0.8888888888888888,18,16
975,10,ERF,975,-1.0,6.669873739346719,0.4302401436302836,3.7801727787574435e-18,-5.157115321220092,3.96178912905507,1.0,0.8888888888888888,18,16
7670,10,EGR3,7670,-1.0,3.017437166150713,0.4217323052989517,1.9747880736854655e-17,-11.822638067201595,9.142203962594536,1.0,1.0,4,4
7673,10,EGR3,7673,-1.0,3.017437166150713,0.4807553749732691,7.459425219448962e-23,-9.549975871097363,9.882533440089665,1.0,1.0,4,4
7671,10,EGR3,7671,-1.0,3.017437166150713,0.40338419455887503,5.975117141007218e-16,-7.979636178330766,6.549469152406093,1.0,1.0,4,4
7672,10,EGR3,7672,-1.0,3.017437166150713,-0.3259758845881792,1.241776423247151e-10,4.825421179249527,3.740366826787903,1.0,1.0,4,4
174,10,NFAT5,174,-1.0,9.912476800691472,0.5016917447836499,4.806562584143493e-25,-5.215419938053522,4.073206960391451,1.0,0.9523809523809523,21,20
175,10,NFAT5,175,-1.0,9.912476800691472,0.5562609126820934,1.6015559764726765e-31,-11.369045787081738,9.622499349668338,1.0,0.9523809523809523,21,20
186,10,NFAT5,186,-1.0,9.912476800691472,0.31133649952883063,8.813932835849288e-10,-5.824906483212036,4.671757148531353,1.0,0.9523809523809523,21,20
176,10,NFAT5,176,-1.0,9.912476800691472,0.48389282248077137,3.580255936063271e-23,-4.9184707810900035,3.906491313294673,1.0,0.9523809523809523,21,20
177,10,NFAT5,177,-1.0,9.912476800691472,0.551871870131152,5.892159925372638e-31,-9.046681107299232,6.964379378841783,1.0,0.9523809523809523,21,20
184,10,NFAT5,184,-1.0,9.912476800691472,0.466763642174476,1.799158418309272e-21,-5.09479765293934,4.20129048098652,1.0,0.9523809523809523,21,20
187,10,NFAT5,187,-1.0,9.912476800691472,0.42392012915445665,1.2966311072051222e-17,-6.454079236827576,5.320820084205337,1.0,0.9523809523809523,21,20
170,10,NFAT5,170,-1.0,9.912476800691472,0.261564094309073,3.216186884391199e-07,-6.834218415396867,7.4672135174961545,1.0,0.9523809523809523,21,20
169,10,NFAT5,169,-1.0,9.912476800691472,0.4056119679369832,3.9936249638590766e-16,-3.69924808785406,2.801661335201415,1.0,0.9523809523809523,21,20
183,10,NFAT5,183,-1.0,9.912476800691472,0.5655353118530234,9.574572535796106e-33,-3.4705375536933825,2.504796011123657,1.0,0.9523809523809523,21,20
167,10,NFAT5,167,-1.0,9.912476800691472,0.7530581359552755,4.514005425669338e-69,-11.702703354148706,9.007194258388674,1.0,0.9523809523809523,21,20
182,10,NFAT5,182,-1.0,9.912476800691472,0.5174036570262985,8.621213481694772e-27,-9.889730055229895,7.557260810028045,1.0,0.9523809523809523,21,20
168,10,NFAT5,168,-1.0,9.912476800691472,0.3549070938602284,1.8743720605601025e-12,-5.051736938024165,4.0870564200894135,1.0,0.9523809523809523,21,20
178,10,NFAT5,178,-1.0,9.912476800691472,0.2329602361251783,5.7732103382737e-06,-5.066595229168345,4.876165962447128,1.0,0.9523809523809523,21,20
171,10,NFAT5,171,-1.0,9.912476800691472,0.626665601346064,7.17662812099618e-42,-10.334444835468355,11.196455547900634,1.0,0.9523809523809523,21,20
185,10,NFAT5,185,-1.0,9.912476800691472,0.29166582459339613,1.0413811451215216e-08,-4.805393236922366,3.7945760612473096,1.0,0.9523809523809523,21,20
179,10,NFAT5,179,-1.0,9.912476800691472,0.7164838780176579,1.130967398316543e-59,-8.408282358343678,6.6044744909129784,1.0,0.9523809523809523,21,20
181,10,NFAT5,181,-1.0,9.912476800691472,0.47914681919551066,1.0836247777476728e-22,-9.921173400830535,7.9641712598520344,1.0,0.9523809523809523,21,20
172,10,NFAT5,172,-1.0,9.912476800691472,0.45519990036119073,2.2415605730491615e-20,-8.67635908118834,7.150991730870436,1.0,0.9523809523809523,21,20
173,10,NFAT5,173,-1.0,9.912476800691472,0.3974223158033262,1.7306553685285747e-15,-7.7422359686158035,6.439705381887909,1.0,0.9523809523809523,21,20
3329,10,FOXF2,3329,-1.0,9.618899051267228,0.43268253945805907,2.3313896268533297e-18,-11.530235984851993,8.84718760130493,0.9545454545454546,0.84,25,22
3347,10,FOXF2,3347,-1.0,9.618899051267228,0.7117092558822561,1.4835280667995724e-58,-6.18078563057438,6.430793009776265,0.9545454545454546,0.84,25,22
3336,10,FOXF2,3336,-1.0,9.618899051267228,0.2969753079211946,5.445323379186743e-09,-11.244147752924382,9.36478240584252,0.9545454545454546,0.84,25,22
3337,10,FOXF2,3337,-1.0,9.618899051267228,0.4762740074340703,2.100831885693336e-22,-7.33273962924418,5.835637506921561,0.9545454545454546,0.84,25,22
3332,10,FOXF2,3332,-1.0,9.618899051267228,0.3387161281866237,2.0667595544781264e-11,-9.288867686677257,8.947220844077815,0.9545454545454546,0.84,25,22
3343,10,FOXF2,3343,-1.0,9.618899051267228,0.5157509662116642,1.3290636847292212e-26,-5.343641784051068,4.324338004999714,0.9545454545454546,0.84,25,22
3340,10,FOXF2,3340,-1.0,9.618899051267228,0.29851134434573945,4.502799771673477e-09,-9.551954579266985,7.4401297754654365,0.9545454545454546,0.84,25,22
3339,10,FOXF2,3339,-1.0,9.618899051267228,0.3585040851067699,1.0790749751608085e-12,-4.736462041549531,3.573177451067056,0.9545454545454546,0.84,25,22
3349,10,FOXF2,3349,-1.0,9.618899051267228,0.4139059925967984,8.675476641215386e-17,-3.8333596000877064,2.7987878692621067,0.9545454545454546,0.84,25,22
3352,10,FOXF2,3352,-1.0,9.618899051267228,0.39478028244423535,2.7538033420913492e-15,-5.490621087642914,4.306465594441353,0.9545454545454546,0.84,25,22
3351,10,FOXF2,3351,-1.0,9.618899051267228,0.5174183942752787,8.587911395784596e-27,-4.220892777762927,3.6320076993380317,0.9545454545454546,0.84,25,22
3330,10,FOXF2,3330,-1.0,9.618899051267228,0.4214406802211608,2.0882073807244227e-17,-4.9560189641303305,4.014288816159739,0.9545454545454546,0.84,25,22
3344,10,FOXF2,3344,-1.0,9.618899051267228,0.18270559774632095,0.00040454556994649676,-5.121952891752442,4.0028059697239735,0.9545454545454546,0.84,25,22
3341,10,FOXF2,3341,-1.0,9.618899051267228,0.2849210064652544,2.3283960436038624e-08,-6.434617661547056,5.239815189688273,0.9545454545454546,0.84,25,22
3350,10,FOXF2,3350,-1.0,9.618899051267228,0.1985997552159683,0.00011772360110189468,-2.366765886079569,1.5136216166171303,0.9545454545454546,0.84,25,22
3338,10,FOXF2,3338,-1.0,9.618899051267228,0.23328009650072573,5.600591775311951e-06,-8.66526253935897,6.926176518307064,0.9545454545454546,0.84,25,22
3334,10,FOXF2,3334,-1.0,9.618899051267228,0.6213686897347731,5.33431864060767e-41,-12.061484153578968,12.292849381488788,0.9545454545454546,0.84,25,22
3346,10,FOXF2,3346,-1.0,9.618899051267228,0.3306998279174422,6.448788689286146e-11,-8.986064031018163,7.313037804419542,0.9545454545454546,0.84,25,22
3331,10,FOXF2,3331,-1.0,9.618899051267228,0.7457597869758019,4.5530765507288685e-67,-4.109746479421325,3.2013390902044234,0.9545454545454546,0.84,25,22
3335,10,FOXF2,3335,-1.0,9.618899051267228,0.20115683865324804,9.56254190669204e-05,-6.859525202729048,5.617814943625944,0.9545454545454546,0.84,25,22
3333,10,FOXF2,3333,-1.0,9.618899051267228,0.566148944177265,7.921476585136507e-33,-7.991706568262125,6.629675290367404,0.9545454545454546,0.84,25,22
1086,10,JDP2,1086,-1.0,2.739908789731244,0.26324385423594193,2.684649112164837e-07,-11.857246833717582,9.139473270039296,1.0,0.76,25,19
1092,10,JDP2,1092,-1.0,2.739908789731244,0.3378834272930438,2.3296549900435144e-11,-8.112449825788667,6.458094494827952,1.0,0.76,25,19
1095,10,JDP2,1095,-1.0,2.739908789731244,0.24117597294712328,2.6112131864513464e-06,-8.23676131649283,6.7258627430325575,1.0,0.76,25,19
1096,10,JDP2,1096,-1.0,2.739908789731244,0.3021944037768749,2.8417355746575803e-09,-4.561531784791984,3.4830986136987354,1.0,0.76,25,19
1101,10,JDP2,1101,-1.0,2.739908789731244,0.2018611777589258,9.026190396336481e-05,-3.5187705853907483,2.5572142338058597,1.0,0.76,25,19
1091,10,JDP2,1091,-1.0,2.739908789731244,0.13003358109870586,0.012182144635571492,-5.615035204760449,4.394040471451364,1.0,0.76,25,19
1097,10,JDP2,1097,-1.0,2.739908789731244,0.2757917642884168,6.691399113034231e-08,-6.0531632777951785,4.859903712906671,1.0,0.76,25,19
1100,10,JDP2,1100,-1.0,2.739908789731244,0.3994385917088291,1.2107345610837123e-15,-5.827551322865523,5.057959054307538,1.0,0.76,25,19
1103,10,JDP2,1103,-1.0,2.739908789731244,0.4325788356829136,2.3799159890441093e-18,-3.236245536279314,2.5422371895422837,1.0,0.76,25,19
1088,10,JDP2,1088,-1.0,2.739908789731244,0.4591071986689759,9.66151805832572e-21,-12.28268611923045,17.77757114104431,1.0,0.76,25,19
1090,10,JDP2,1090,-1.0,2.739908789731244,0.1978977151223043,0.00012458188628639897,-8.055059093860807,6.8839570015909395,1.0,0.76,25,19
1104,10,JDP2,1104,-1.0,2.739908789731244,0.4778888792278933,1.4491323133191307e-22,-8.594389960683646,6.862180214961874,1.0,0.76,25,19
1108,10,JDP2,1108,-1.0,2.739908789731244,0.5017053746207734,4.790254788808766e-25,-2.6269217686311905,1.7511107940628228,1.0,0.76,25,19
1106,10,JDP2,1106,-1.0,2.739908789731244,0.18304236764370668,0.0003945051718229478,-10.040543651088436,7.751017509584206,1.0,0.76,25,19
1098,10,JDP2,1098,-1.0,2.739908789731244,0.2931942463287564,8.65248719281234e-09,-9.966994010552645,9.170431192978096,1.0,0.76,25,19
1089,10,JDP2,1089,-1.0,2.739908789731244,0.49436077238877,2.925456378238355e-24,-3.7595308863416923,2.832731831969608,1.0,0.76,25,19
1099,10,JDP2,1099,-1.0,2.739908789731244,0.15204459306711288,0.003326995509385471,-3.318220059731379,2.433349627768273,1.0,0.76,25,19
1107,10,JDP2,1107,-1.0,2.739908789731244,0.14329940757207954,0.0056903291342990355,-2.1664454522363066,1.3479251627480104,1.0,0.76,25,19
1087,10,JDP2,1087,-1.0,2.739908789731244,0.2900610287707062,1.2635372996624453e-08,-3.736252335819157,2.794110579845716,1.0,0.76,25,19
5225,10,HOXD1,5225,-1.0,5.682922497249634,0.3118500693922154,8.243034727198941e-10,-3.881183336823009,2.967576286401825,1.0,0.9,10,9
5232,10,HOXD1,5232,-1.0,5.682922497249634,0.15638219222836836,0.002522958109922148,-2.9685584054897713,2.085017680511237,1.0,0.9,10,9
5226,10,HOXD1,5226,-1.0,5.682922497249634,0.23176312101313942,6.465353793033473e-06,-7.390410746419356,6.037771044634034,1.0,0.9,10,9
5224,10,HOXD1,5224,-1.0,5.682922497249634,0.2885228130404039,1.519120243675905e-08,-4.069539490692449,3.115330253012109,1.0,0.9,10,9
5231,10,HOXD1,5231,-1.0,5.682922497249634,0.1887764454770884,0.0002554310026358378,-11.190775368559416,8.522972356843734,1.0,0.9,10,9
5227,10,HOXD1,5227,-1.0,5.682922497249634,0.33649849926013853,2.8407654172977417e-11,-7.410728426072234,6.240550797294539,1.0,0.9,10,9
5230,10,HOXD1,5230,-1.0,5.682922497249634,0.14451090406287273,0.005291413094710074,-8.519688743428043,6.62928705299065,1.0,0.9,10,9
5223,10,HOXD1,5223,-1.0,5.682922497249634,0.24381163117314641,2.0121487654271824e-06,-11.558018096694186,8.85182636178409,1.0,0.9,10,9
5229,10,HOXD1,5229,-1.0,5.682922497249634,0.3561285381402482,1.5551205885470288e-12,-7.35069229175685,7.684441662627784,1.0,0.9,10,9
2164,10,SP1,2164,-1.0,9.075357753190147,0.45672197717237284,1.6170645313649684e-20,-7.025105305076483,6.177550865832334,1.0,0.92,25,23
2146,10,SP1,2146,-1.0,9.075357753190147,0.2027811917647584,8.36815507208426e-05,-3.9314344277665074,2.9860882713460812,1.0,0.92,25,23
2150,10,SP1,2150,-1.0,9.075357753190147,-0.23109200845049907,6.8872502752399986e-06,5.975934206345181,4.838166902588895,1.0,0.92,25,23
2156,10,SP1,2156,-1.0,9.075357753190147,0.38382208832604453,1.8095045874338016e-14,-3.664442714460822,2.7253874303286527,1.0,0.92,25,23
2152,10,SP1,2152,-1.0,9.075357753190147,0.7675875423288693,2.8108272788799776e-73,-13.324374541111895,11.603411084021607,1.0,0.92,25,23
2167,10,SP1,2167,-1.0,9.075357753190147,0.5172831034669136,8.898462123001461e-27,-8.503735127163464,7.143480432334131,1.0,0.92,25,23
2148,10,SP1,2148,-1.0,9.075357753190147,0.6368567245621415,1.35441595078026e-43,-12.124759140918112,17.42476328097662,1.0,0.92,25,23
2143,10,SP1,2143,-1.0,9.075357753190147,0.8825082190267827,5.989877877103258e-123,-12.107249335516808,9.32555216861992,1.0,0.92,25,23
2151,10,SP1,2151,-1.0,9.075357753190147,0.7744412354272368,2.273272795408609e-75,-8.94556687870585,7.036038636074683,1.0,0.92,25,23
2154,10,SP1,2154,-1.0,9.075357753190147,0.6213292851150429,5.413738219364625e-41,-6.2622095435131335,4.936426847396296,1.0,0.92,25,23
2158,10,SP1,2158,-1.0,9.075357753190147,0.39218140843216925,4.331186416022435e-15,-3.8219267392589984,2.8720586371414654,1.0,0.92,25,23
2145,10,SP1,2145,-1.0,9.075357753190147,0.33093761529549726,6.237698126735395e-11,-3.7397755835135102,2.824599079493964,1.0,0.92,25,23
2165,10,SP1,2165,-1.0,9.075357753190147,0.39265210780731175,3.991299749632265e-15,-6.693129927245091,6.167016366600795,1.0,0.92,25,23
2147,10,SP1,2147,-1.0,9.075357753190147,0.6343897240427977,3.5897272241613855e-43,-8.74971458716026,7.393186225788436,1.0,0.92,25,23
2159,10,SP1,2159,-1.0,9.075357753190147,0.6780073178125522,2.868043764046282e-51,-9.026720099068656,7.222349150641874,1.0,0.92,25,23
2157,10,SP1,2157,-1.0,9.075357753190147,0.8041904699238843,2.1856331156127183e-85,-9.778077735395417,7.658913851286209,1.0,0.92,25,23
2155,10,SP1,2155,-1.0,9.075357753190147,0.8181457781579511,1.0597078931846126e-90,-10.429254506956918,8.020092175806182,1.0,0.92,25,23
2166,10,SP1,2166,-1.0,9.075357753190147,0.43156364781440865,2.910597129994202e-18,-6.607865259681356,5.640803115605997,1.0,0.92,25,23
2161,10,SP1,2161,-1.0,9.075357753190147,0.4430536005094739,2.8654652155677185e-19,-5.425519355048297,4.556767864233922,1.0,0.92,25,23
2163,10,SP1,2163,-1.0,9.075357753190147,0.39329623510999046,3.568229357701905e-15,-5.006936017382981,4.041783109040768,1.0,0.92,25,23
2144,10,SP1,2144,-1.0,9.075357753190147,0.48899202654528284,1.0683931350100364e-23,-8.83920809701194,8.854653470472861,1.0,0.92,25,23
2149,10,SP1,2149,-1.0,9.075357753190147,0.6334671250678555,5.156841656241809e-43,-7.809906325035552,6.458488513042558,1.0,0.92,25,23
2160,10,SP1,2160,-1.0,9.075357753190147,0.5358640964240478,5.812207092967612e-29,-7.138744702706475,6.179915145127974,1.0,0.92,25,23
9367,10,BHLHE22,9367,-1.0,1.7440984941018103,0.3691406486799928,2.0231802775507915e-13,-4.598663854301207,3.6385016844721325,1.0,0.6666666666666666,3,2
9368,10,BHLHE22,9368,-1.0,1.7440984941018103,0.41601196792547,5.847601980828213e-17,-5.462425938614841,4.4814716899841445,1.0,0.6666666666666666,3,2
2088,10,NRF1,2088,-1.0,9.099068098243839,0.5737099241664062,7.418288280672752e-34,-7.655830383323715,5.980831458751067,0.9411764705882353,0.64,25,17
2084,10,NRF1,2084,-1.0,9.099068098243839,0.756657822939016,4.367725629745094e-70,-9.228956215719277,7.315934463189702,0.9411764705882353,0.64,25,17
2087,10,NRF1,2087,-1.0,9.099068098243839,0.45786476851601626,1.2640879786978466e-20,-3.978901162108405,2.978365490486783,0.9411764705882353,0.64,25,17
2072,10,NRF1,2072,-1.0,9.099068098243839,0.6944174067119898,1.0858192513814321e-54,-7.085389691725496,5.785004978119022,0.9411764705882353,0.64,25,17
2086,10,NRF1,2086,-1.0,9.099068098243839,0.6853735397861995,8.903481403466529e-53,-9.817298947421577,7.571809321747145,0.9411764705882353,0.64,25,17
2070,10,NRF1,2070,-1.0,9.099068098243839,0.7644928643102716,2.34452326062651e-72,-6.05754712112042,5.545925718728268,0.9411764705882353,0.64,25,17
2093,10,NRF1,2093,-1.0,9.099068098243839,0.7503869228762717,2.4888627884178497e-68,-7.785497578471226,6.204338938656773,0.9411764705882353,0.64,25,17
2085,10,NRF1,2085,-1.0,9.099068098243839,0.5878908297045851,7.375994099901274e-36,-6.3140683522101115,4.874221230441029,0.9411764705882353,0.64,25,17
2075,10,NRF1,2075,-1.0,9.099068098243839,0.6968545625879772,3.219643760261062e-55,-13.194172094402033,10.848790561507526,0.9411764705882353,0.64,25,17
2080,10,NRF1,2080,-1.0,9.099068098243839,0.6467501063362293,2.4815902145580426e-45,-5.851882982715227,4.578832815144831,0.9411764705882353,0.64,25,17
2082,10,NRF1,2082,-1.0,9.099068098243839,0.6071714093016588,9.589247380994769e-39,-3.232309456390537,2.277917650583463,0.9411764705882353,0.64,25,17
2076,10,NRF1,2076,-1.0,9.099068098243839,0.6614552906092773,4.902925740627974e-48,-7.125833647465436,5.908717608834548,0.9411764705882353,0.64,25,17
2092,10,NRF1,2092,-1.0,9.099068098243839,0.3981294223534029,1.5272698437204016e-15,-3.3868699618611475,2.4070951899384267,0.9411764705882353,0.64,25,17
2073,10,NRF1,2073,-1.0,9.099068098243839,0.6561156844175713,4.896972474485334e-47,-7.982672653896681,6.4887113225447095,0.9411764705882353,0.64,25,17
2069,10,NRF1,2069,-1.0,9.099068098243839,0.7660537156580979,8.076148600867837e-73,-11.700277388085382,9.038957817904471,0.9411764705882353,0.64,25,17
2074,10,NRF1,2074,-1.0,9.099068098243839,0.7192472099958406,2.48818934940389e-60,-11.300515339318066,11.04632899577104,0.9411764705882353,0.64,25,17
3286,10,OTX1,3286,-1.0,8.11859243373176,0.3316756087835123,5.624530191463126e-11,-8.797113798567839,7.02991337166548,0.8571428571428571,0.75,24,21
3289,10,OTX1,3289,-1.0,8.11859243373176,0.2909008445301332,1.142105078654711e-08,-4.3889110639870825,3.449828661258504,0.8571428571428571,0.75,24,21
3277,10,OTX1,3277,-1.0,8.11859243373176,0.40493651363911903,4.513973199346558e-16,-12.409097141737782,9.58660170160381,0.8571428571428571,0.75,24,21
3290,10,OTX1,3290,-1.0,8.11859243373176,0.27874638988773026,4.7747673145593526e-08,-10.073324456865128,7.794656966424382,0.8571428571428571,0.75,24,21
3300,10,OTX1,3300,-1.0,8.11859243373176,0.16337871287245792,0.0015911794942981411,-3.3301285316087497,2.3555052260954277,0.8571428571428571,0.75,24,21
3299,10,OTX1,3299,-1.0,8.11859243373176,0.37861925227825016,4.3170606329098727e-14,-6.232459938472442,5.532663199560958,0.8571428571428571,0.75,24,21
3288,10,OTX1,3288,-1.0,8.11859243373176,0.3398770456080525,1.747959606453539e-11,-9.317497054970815,7.29406948603349,0.8571428571428571,0.75,24,21
3294,10,OTX1,3294,-1.0,8.11859243373176,0.40137078393515185,8.577562739247677e-16,-4.801538174586557,3.725060337463747,0.8571428571428571,0.75,24,21
3287,10,OTX1,3287,-1.0,8.11859243373176,0.2286247748127678,8.67501544603886e-06,-5.32224063861637,4.275034516002384,0.8571428571428571,0.75,24,21
3278,10,OTX1,3278,-1.0,8.11859243373176,0.38111711960992267,2.8492428173537293e-14,-10.37306220682498,10.802401062617834,0.8571428571428571,0.75,24,21
3291,10,OTX1,3291,-1.0,8.11859243373176,0.37956350206079414,3.6910709005907914e-14,-7.230527377448028,6.125573532525967,0.8571428571428571,0.75,24,21
3285,10,OTX1,3285,-1.0,8.11859243373176,0.12701922112142738,0.014355957617854881,-8.300035148449059,6.5225307650123385,0.8571428571428571,0.75,24,21
3296,10,OTX1,3296,-1.0,8.11859243373176,0.2852623714010695,2.2366150334613313e-08,-7.966840915720826,7.485520251625066,0.8571428571428571,0.75,24,21
3279,10,OTX1,3279,-1.0,8.11859243373176,0.45264556816963236,3.8633653087215245e-20,-8.530158260003308,8.495840616835352,0.8571428571428571,0.75,24,21
3295,10,OTX1,3295,-1.0,8.11859243373176,0.18725521309806,0.00028701071783657347,-6.075333269102856,5.2792366628666825,0.8571428571428571,0.75,24,21
3293,10,OTX1,3293,-1.0,8.11859243373176,0.2665924052551743,1.8658144607065493e-07,-8.495701822565033,6.778280242013954,0.8571428571428571,0.75,24,21
3292,10,OTX1,3292,-1.0,8.11859243373176,0.22895284168594637,8.414090539890544e-06,-9.163633019189858,7.351170494433859,0.8571428571428571,0.75,24,21
3280,10,OTX1,3280,-1.0,8.11859243373176,0.4309123128461709,3.3106673897998425e-18,-8.091806806689426,6.870839635204912,0.8571428571428571,0.75,24,21
2896,10,ZBED6,2896,-1.0,8.687860485209564,0.279553599334488,4.351206363842505e-08,-3.0525789035581687,2.1085574897162083,1.0,1.0,7,7
2894,10,ZBED6,2894,-1.0,8.687860485209564,0.46874231852929354,1.1572152873539098e-21,-6.034170724279159,4.754503862243211,1.0,1.0,7,7
2893,10,ZBED6,2893,-1.0,8.687860485209564,0.22546570568481708,1.1614166431462605e-05,-2.5064299199470508,1.6468644300763298,1.0,1.0,7,7
2891,10,ZBED6,2891,-1.0,8.687860485209564,0.27044957312760115,1.219417337179863e-07,-5.273455647099589,4.537973514518951,1.0,1.0,7,7
2895,10,ZBED6,2895,-1.0,8.687860485209564,-0.4799418146953144,9.012287986050168e-23,5.642872379139323,4.397020669428113,1.0,1.0,7,7
2892,10,ZBED6,2892,-1.0,8.687860485209564,0.5089733677682552,7.652144453706706e-26,-9.552679994398165,9.085175158611499,1.0,1.0,7,7
2890,10,ZBED6,2890,-1.0,8.687860485209564,0.7303870168751485,4.599058535133565e-63,-11.795594806941208,9.170157105279753,1.0,1.0,7,7
2529,10,SP4,2529,-1.0,9.171953234049946,0.5365042287744662,4.8599754065895715e-29,-8.71361592990833,7.456835852854471,1.0,0.92,25,23
2548,10,SP4,2548,-1.0,9.171953234049946,0.6338341906814213,4.465348601897447e-43,-7.1836964511366235,5.719012966156845,1.0,0.92,25,23
2540,10,SP4,2540,-1.0,9.171953234049946,-0.1702300857504753,0.0009952829891645297,2.423876456474174,1.5501838604474054,1.0,0.92,25,23
2530,10,SP4,2530,-1.0,9.171953234049946,0.24664435759992667,1.515561941187283e-06,-3.740260763594259,2.8280107050422276,1.0,0.92,25,23
2526,10,SP4,2526,-1.0,9.171953234049946,0.8043403981322423,1.926546813926191e-85,-12.25914861824422,9.444858465064968,1.0,0.92,25,23
2528,10,SP4,2528,-1.0,9.171953234049946,0.5430724002848166,7.579429969603003e-30,-12.22315643370467,17.73821657266297,1.0,0.92,25,23
2533,10,SP4,2533,-1.0,9.171953234049946,0.6363199909761079,1.6756274873771549e-43,-13.061844968579747,11.628353137366682,1.0,0.92,25,23
2527,10,SP4,2527,-1.0,9.171953234049946,0.42837168095841266,5.456843561983512e-18,-9.08461348667906,9.10226224526258,1.0,0.92,25,23
2549,10,SP4,2549,-1.0,9.171953234049946,0.49449213581897705,2.833378090539863e-24,-6.686311508812511,5.483071141698244,1.0,0.92,25,23
2550,10,SP4,2550,-1.0,9.171953234049946,0.6115158023861615,2.013488158420618e-39,-12.689222909600272,10.063625709289067,1.0,0.92,25,23
2539,10,SP4,2539,-1.0,9.171953234049946,0.5070771754277537,1.240081661603948e-25,-6.794802958271717,5.3833064168378755,1.0,0.92,25,23
2547,10,SP4,2547,-1.0,9.171953234049946,0.3682074649207942,2.349093825382275e-13,-3.4981418206274224,2.5277390781296716,1.0,0.92,25,23
2542,10,SP4,2542,-1.0,9.171953234049946,0.564278546871365,1.4098332757180095e-32,-9.43424041901678,7.561192996704612,1.0,0.92,25,23
2546,10,SP4,2546,-1.0,9.171953234049946,0.43807354002119675,7.911610765835768e-19,-5.9881126973345165,4.912108331781272,1.0,0.92,25,23
2531,10,SP4,2531,-1.0,9.171953234049946,0.6249028874104956,1.4050296973184409e-41,-8.013731542722683,6.6763083970377775,1.0,0.92,25,23
2538,10,SP4,2538,-1.0,9.171953234049946,0.5461898730310173,3.092827038001347e-30,-6.996685643045026,5.93303085298642,1.0,0.92,25,23
2544,10,SP4,2544,-1.0,9.171953234049946,0.7211415223588079,8.720039914720965e-61,-8.08412953685234,6.338551415341625,1.0,0.92,25,23
2532,10,SP4,2532,-1.0,9.171953234049946,-0.19963904431342047,0.00010821880685488638,5.67491613996307,4.553278583270435,1.0,0.92,25,23
2535,10,SP4,2535,-1.0,9.171953234049946,0.33274168873681964,4.841250236108453e-11,-2.8111083978899445,1.921202787515932,1.0,0.92,25,23
2537,10,SP4,2537,-1.0,9.171953234049946,0.5319826478073587,1.7060176836426035e-28,-8.211574851041174,6.394029271007704,1.0,0.92,25,23
2541,10,SP4,2541,-1.0,9.171953234049946,0.3798793054423,3.502262312864573e-14,-6.7614741916011605,5.827256102774509,1.0,0.92,25,23
2543,10,SP4,2543,-1.0,9.171953234049946,0.36254990752860505,5.750271219546125e-13,-5.517039847113183,4.398189392095493,1.0,0.92,25,23
2545,10,SP4,2545,-1.0,9.171953234049946,0.41876875571336925,3.474497526834725e-17,-3.0873034844644027,2.1307498018026294,1.0,0.92,25,23
8501,10,HNF4A,8501,-1.0,9.077139217853857,0.28726620716882434,1.7643892141430647e-08,-11.22130474462466,8.70082076768577,0.26666666666666666,0.16,25,15
8492,10,HNF4A,8492,-1.0,9.077139217853857,-0.19612818626817413,0.00014356947966241647,6.139086820001691,4.933475083475041,0.26666666666666666,0.16,25,15
8491,10,HNF4A,8491,-1.0,9.077139217853857,0.4161607568789554,5.686284303395232e-17,-4.08212043619491,3.1464535751572837,0.26666666666666666,0.16,25,15
8505,10,HNF4A,8505,-1.0,9.077139217853857,0.6092807440951081,4.50798686983126e-39,-8.625591229554361,7.137982815715019,0.26666666666666666,0.16,25,15
2725,10,IKZF1,2725,-1.0,3.3837466567604286,0.35614176910585915,1.5519715616023816e-12,-5.406948973189618,4.1398471370738665,0.9565217391304348,0.9166666666666666,24,23
2718,10,IKZF1,2718,-1.0,3.3837466567604286,0.5969151918634573,3.4775501885326116e-37,-3.6449064321349502,2.7411816619344926,0.9565217391304348,0.9166666666666666,24,23
2735,10,IKZF1,2735,-1.0,3.3837466567604286,-0.1551000265546827,0.0027399217293166134,4.3062896594325775,3.2439921151507742,0.9565217391304348,0.9166666666666666,24,23
2738,10,IKZF1,2738,-1.0,3.3837466567604286,0.45626349765120305,1.7845225680716304e-20,-9.892389398991522,7.878165666890945,0.9565217391304348,0.9166666666666666,24,23
2730,10,IKZF1,2730,-1.0,3.3837466567604286,0.47780592521919363,1.477113346303764e-22,-6.350637691370181,5.231175489404304,0.9565217391304348,0.9166666666666666,24,23
2736,10,IKZF1,2736,-1.0,3.3837466567604286,-0.33620813231281893,2.961024845740955e-11,2.684356833091765,1.7623704830503104,0.9565217391304348,0.9166666666666666,24,23
2729,10,IKZF1,2729,-1.0,3.3837466567604286,0.35484693457913186,1.8916499950078963e-12,-5.366454129593941,4.354201896132453,0.9565217391304348,0.9166666666666666,24,23
2728,10,IKZF1,2728,-1.0,3.3837466567604286,0.541239187191713,1.2783799811326427e-29,-8.767160369071,8.610865702504253,0.9565217391304348,0.9166666666666666,24,23
2719,10,IKZF1,2719,-1.0,3.3837466567604286,0.5171876946070495,9.124107884904392e-27,-11.144806716114672,16.45019127900907,0.9565217391304348,0.9166666666666666,24,23
2717,10,IKZF1,2717,-1.0,3.3837466567604286,0.26301261699922684,2.752452140909218e-07,-7.341237348550121,7.657581417844035,0.9565217391304348,0.9166666666666666,24,23
2727,10,IKZF1,2727,-1.0,3.3837466567604286,0.3639206461482785,4.636523517830966e-13,-9.310247651318804,8.099681369380049,0.9565217391304348,0.9166666666666666,24,23
2724,10,IKZF1,2724,-1.0,3.3837466567604286,0.538935274723467,2.4547487368771653e-29,-3.465221972535386,2.4827753217500432,0.9565217391304348,0.9166666666666666,24,23
2716,10,IKZF1,2716,-1.0,3.3837466567604286,0.9462935067925939,4.907402170443271e-183,-3.903191688706556,2.9687610475314687,0.9565217391304348,0.9166666666666666,24,23
2726,10,IKZF1,2726,-1.0,3.3837466567604286,0.3947252530332263,2.7804515821409012e-15,-12.164867319726122,10.405131660513026,0.9565217391304348,0.9166666666666666,24,23
2732,10,IKZF1,2732,-1.0,3.3837466567604286,0.2337796713329276,5.3407947025159805e-06,-10.495211839941975,8.651001427000962,0.9565217391304348,0.9166666666666666,24,23
2722,10,IKZF1,2722,-1.0,3.3837466567604286,0.189046075899393,0.00025018410321343446,-7.774418331484703,6.4136514937364675,0.9565217391304348,0.9166666666666666,24,23
2715,10,IKZF1,2715,-1.0,3.3837466567604286,0.39288499002436916,3.832950129078693e-15,-11.895898257852041,9.164412496268222,0.9565217391304348,0.9166666666666666,24,23
2734,10,IKZF1,2734,-1.0,3.3837466567604286,0.13074397760946757,0.011714249598691636,-5.709154707931663,4.484593606369642,0.9565217391304348,0.9166666666666666,24,23
2737,10,IKZF1,2737,-1.0,3.3837466567604286,0.3469789936010265,6.1771941412566894e-12,-7.657647024821233,6.283813069380008,0.9565217391304348,0.9166666666666666,24,23
2723,10,IKZF1,2723,-1.0,3.3837466567604286,-0.285287295816815,2.2300525078761272e-08,2.4010591687230978,1.574677186189299,0.9565217391304348,0.9166666666666666,24,23
2720,10,IKZF1,2720,-1.0,3.3837466567604286,0.4944256316137023,2.879630673819922e-24,-8.700192073390824,7.485304792826195,0.9565217391304348,0.9166666666666666,24,23
2721,10,IKZF1,2721,-1.0,3.3837466567604286,0.33394557935032676,4.0841984033835545e-11,-7.247680019365232,5.834416563178507,0.9565217391304348,0.9166666666666666,24,23
8716,10,IRF3,8716,-1.0,1.9671619709960244,0.47043406331294346,7.916996776926183e-22,-4.91148801500849,3.8816517989672015,0.7894736842105263,0.6,25,19
8698,10,IRF3,8698,-1.0,1.9671619709960244,0.6558825672033219,5.408787524488088e-47,-8.653984104023563,8.50673817979708,0.7894736842105263,0.6,25,19
8715,10,IRF3,8715,-1.0,1.9671619709960244,0.23891600495374082,3.257365239019563e-06,-8.826853341534138,6.8465780902472435,0.7894736842105263,0.6,25,19
8701,10,IRF3,8701,-1.0,1.9671619709960244,0.428840265358829,4.977961341593505e-18,-6.940388591537663,5.710073477542628,0.7894736842105263,0.6,25,19
8717,10,IRF3,8717,-1.0,1.9671619709960244,0.2608447679050236,3.4735359888629194e-07,-8.1017769123056,6.2909197654016635,0.7894736842105263,0.6,25,19
8708,10,IRF3,8708,-1.0,1.9671619709960244,0.4336431379645014,1.9257306153892217e-18,-7.182163704974439,6.121479927195996,0.7894736842105263,0.6,25,19
8699,10,IRF3,8699,-1.0,1.9671619709960244,0.4225874600798521,1.6759662122919572e-17,-7.667023607577121,6.367060202098077,0.7894736842105263,0.6,25,19
8705,10,IRF3,8705,-1.0,1.9671619709960244,0.22120426660901407,1.71031143541773e-05,-12.22741468156478,10.14607532137204,0.7894736842105263,0.6,25,19
8720,10,IRF3,8720,-1.0,1.9671619709960244,0.32857260355738754,8.674135755771392e-11,-7.621167483308507,6.354701095229519,0.7894736842105263,0.6,25,19
8713,10,IRF3,8713,-1.0,1.9671619709960244,0.4214096541546329,2.1006443844693308e-17,-8.514804788282284,8.096714993630835,0.7894736842105263,0.6,25,19
8704,10,IRF3,8704,-1.0,1.9671619709960244,0.2946216192716497,7.270460300548391e-09,-5.440003457288805,4.2266740530560165,0.7894736842105263,0.6,25,19
8719,10,IRF3,8719,-1.0,1.9671619709960244,0.22839494568039911,8.862375712964081e-06,-4.678355400653685,3.555048081744659,0.7894736842105263,0.6,25,19
8714,10,IRF3,8714,-1.0,1.9671619709960244,0.35966061705562624,9.022001789058192e-13,-12.365195792007382,10.80623305056294,0.7894736842105263,0.6,25,19
8700,10,IRF3,8700,-1.0,1.9671619709960244,0.2617558520175684,3.150740291507975e-07,-11.566826851558972,14.033960380184588,0.7894736842105263,0.6,25,19
8697,10,IRF3,8697,-1.0,1.9671619709960244,0.2304746708276836,7.298392743993715e-06,-4.350681152323884,3.4092687466618345,0.7894736842105263,0.6,25,19
5762,10,HIC1,5762,-1.0,10.585498233657276,0.4428996773488557,2.9575806583013005e-19,-2.1678015746103294,1.3443896668515531,0.9,0.72,25,20
5768,10,HIC1,5768,-1.0,10.585498233657276,0.358050651294717,1.1573059223851083e-12,-5.987709798860298,6.815224178779666,0.9,0.72,25,20
5757,10,HIC1,5757,-1.0,10.585498233657276,0.33922009131990877,1.9219502184738908e-11,-6.8277556327943945,6.026860048839176,0.9,0.72,25,20
5751,10,HIC1,5751,-1.0,10.585498233657276,0.5570368734093628,1.269546698260381e-31,-11.457155047759745,14.857263103885755,0.9,0.72,25,20
5763,10,HIC1,5763,-1.0,10.585498233657276,0.5004793942712386,6.49914949974171e-25,-4.892615671707894,3.978058929216592,0.9,0.72,25,20
5752,10,HIC1,5752,-1.0,10.585498233657276,0.3710657357644576,1.4844214642480195e-13,-7.605863641200499,6.324173727841598,0.9,0.72,25,20
5770,10,HIC1,5770,-1.0,10.585498233657276,0.2707076000441795,1.1849288049608024e-07,-8.872747637416703,7.4476703069660415,0.9,0.72,25,20
5767,10,HIC1,5767,-1.0,10.585498233657276,0.20009799382897375,0.00010425529479384333,-2.8162796935697236,1.8944757671610304,0.9,0.72,25,20
5756,10,HIC1,5756,-1.0,10.585498233657276,0.2861158959150438,2.0221762446125835e-08,-6.576784474474365,5.732439254315456,0.9,0.72,25,20
5761,10,HIC1,5761,-1.0,10.585498233657276,0.4353647273915077,1.365040543128273e-18,-7.889063371478307,7.206514760423106,0.9,0.72,25,20
5755,10,HIC1,5755,-1.0,10.585498233657276,0.19236141628107545,0.00019338145297025084,-5.848397590318664,4.594776229774439,0.9,0.72,25,20
5747,10,HIC1,5747,-1.0,10.585498233657276,0.3965819658455082,2.0070949592826023e-15,-12.048182349764344,9.293722316184592,0.9,0.72,25,20
5748,10,HIC1,5748,-1.0,10.585498233657276,0.41905380730700276,3.291515688826431e-17,-9.54784611358594,10.432571201353317,0.9,0.72,25,20
5769,10,HIC1,5769,-1.0,10.585498233657276,0.5226549042738939,2.1449661725637823e-27,-9.506825924672082,8.455924253551439,0.9,0.72,25,20
5760,10,HIC1,5760,-1.0,10.585498233657276,0.3338121009453937,4.162082704726177e-11,-8.004644630558726,7.121120330040699,0.9,0.72,25,20
5754,10,HIC1,5754,-1.0,10.585498233657276,0.4949449754075439,2.5373457241770493e-24,-11.874209787662663,10.246684466327775,0.9,0.72,25,20
5750,10,HIC1,5750,-1.0,10.585498233657276,0.4706920902295218,7.470267925579373e-22,-4.257522953508636,3.2943559829751368,0.9,0.72,25,20
5749,10,HIC1,5749,-1.0,10.585498233657276,0.5778167350900157,1.9971444084692896e-34,-3.528411970163927,2.613683722384571,0.9,0.72,25,20
349,10,ALX3,349,-1.0,6.45635668955221,0.49594506232431496,1.9874000758320652e-24,-10.071826463013242,7.742440748738399,1.0,1.0,25,25
332,10,ALX3,332,-1.0,6.45635668955221,0.3065360394843043,1.6380220726563812e-09,-7.427830236741203,5.9157914743875395,1.0,1.0,25,25
343,10,ALX3,343,-1.0,6.45635668955221,0.32410514485534747,1.6046668620271416e-10,-10.18296408872615,8.096412255231941,1.0,1.0,25,25
326,10,ALX3,326,-1.0,6.45635668955221,0.31959190363705003,2.9571518849495533e-10,-7.735908310060536,7.017711400149759,1.0,1.0,25,25
344,10,ALX3,344,-1.0,6.45635668955221,0.2569332730957288,5.258034884277629e-07,-4.442713343614275,3.367129906604431,1.0,1.0,25,25
347,10,ALX3,347,-1.0,6.45635668955221,0.27490598638077723,7.398099400048491e-08,-7.181810383191472,5.865634585739824,1.0,1.0,25,25
337,10,ALX3,337,-1.0,6.45635668955221,0.13238351329235307,0.01069450241622632,-6.341097045710647,5.598715066938438,1.0,1.0,25,25
341,10,ALX3,341,-1.0,6.45635668955221,0.191239182044827,0.00021109779562438995,-7.203873496235342,6.132878690475856,1.0,1.0,25,25
333,10,ALX3,333,-1.0,6.45635668955221,0.38690606627988866,1.0728251472964618e-14,-4.408764383077235,3.278898775509362,1.0,1.0,25,25
336,10,ALX3,336,-1.0,6.45635668955221,0.4627754242143222,4.341136313108e-21,-9.383667352708507,7.263818128887826,1.0,1.0,25,25
348,10,ALX3,348,-1.0,6.45635668955221,0.2905929981371088,1.1852453280004702e-08,-6.621286799268218,5.7160474478658125,1.0,1.0,25,25
330,10,ALX3,330,-1.0,6.45635668955221,0.29056092100158526,1.1898301494495474e-08,-3.9245607513143947,3.0053517174645616,1.0,1.0,25,25
339,10,ALX3,339,-1.0,6.45635668955221,0.3659645142282703,3.3570046203347037e-13,-5.122188852478847,4.128236680289753,1.0,1.0,25,25
334,10,ALX3,334,-1.0,6.45635668955221,0.215002229537204,2.964174542310247e-05,-8.23525134211347,6.8086583712535775,1.0,1.0,25,25
346,10,ALX3,346,-1.0,6.45635668955221,0.2299361923500541,7.676006160517702e-06,-4.222709831658164,3.1749048859812414,1.0,1.0,25,25
328,10,ALX3,328,-1.0,6.45635668955221,0.29828927818812806,4.628558054274769e-09,-7.5602401430210415,6.309046935117403,1.0,1.0,25,25
327,10,ALX3,327,-1.0,6.45635668955221,0.32996033832571275,7.150690345642479e-11,-11.141005423979816,13.358181167394944,1.0,1.0,25,25
342,10,ALX3,342,-1.0,6.45635668955221,0.4126181816259825,1.102708341959753e-16,-7.432894222818289,5.965292412153524,1.0,1.0,25,25
331,10,ALX3,331,-1.0,6.45635668955221,0.5064300556885797,1.4611826944821614e-25,-13.741397265305489,11.437472779375979,1.0,1.0,25,25
338,10,ALX3,338,-1.0,6.45635668955221,0.2936641782408254,8.171544264865633e-09,-5.247753543294006,4.367656869303257,1.0,1.0,25,25
340,10,ALX3,340,-1.0,6.45635668955221,0.31530660982870024,5.234702086795125e-10,-3.6257127624044125,2.6133430151614667,1.0,1.0,25,25
325,10,ALX3,325,-1.0,6.45635668955221,0.48942858636777187,9.624057129728814e-24,-11.794818822987644,9.066144563297337,1.0,1.0,25,25
329,10,ALX3,329,-1.0,6.45635668955221,0.42988543292684256,4.053722384470805e-18,-7.984626949140162,6.64636030000433,1.0,1.0,25,25
335,10,ALX3,335,-1.0,6.45635668955221,0.4716700731488752,5.991504267098448e-22,-7.021249062879858,5.5720837916270325,1.0,1.0,25,25
345,10,ALX3,345,-1.0,6.45635668955221,0.46344833906832733,3.744649579686882e-21,-11.973980646924046,9.180535243490093,1.0,1.0,25,25
3760,10,NFYA,3760,-1.0,9.107947000700165,0.2901270629815974,1.2535533860900816e-08,-2.3988170731908087,1.5244217288236999,1.0,0.8,25,20
3754,10,NFYA,3754,-1.0,9.107947000700165,0.5849731045714004,1.9403555374888328e-35,-7.880027822278874,7.30951343095136,1.0,0.8,25,20
3765,10,NFYA,3765,-1.0,9.107947000700165,0.19598436798680258,0.00014522640468326615,-2.64854887271785,1.7689643131363553,1.0,0.8,25,20
3757,10,NFYA,3757,-1.0,9.107947000700165,0.47887422245304173,1.1541896210950253e-22,-7.019280099844076,5.617202851529815,1.0,0.8,25,20
3747,10,NFYA,3747,-1.0,9.107947000700165,0.22203568667354429,1.586853684156029e-05,-4.1720259654552105,3.2466761735843797,1.0,0.8,25,20
3761,10,NFYA,3761,-1.0,9.107947000700165,0.40474294832176755,4.674981518544868e-16,-4.212852633146256,3.179513910516211,1.0,0.8,25,20
3746,10,NFYA,3746,-1.0,9.107947000700165,0.5276577594897741,5.571656014589522e-28,-11.532606672799476,15.477555990297839,1.0,0.8,25,20
3751,10,NFYA,3751,-1.0,9.107947000700165,0.6320399871221539,9.009336798932494e-43,-6.655865413860748,5.2393581845890544,1.0,0.8,25,20
3767,10,NFYA,3767,-1.0,9.107947000700165,0.40384737402388043,5.496347106706689e-16,-6.119919828079984,4.866651711976231,1.0,0.8,25,20
3756,10,NFYA,3756,-1.0,9.107947000700165,0.7256551134213947,6.920575197324673e-62,-9.485458181254613,7.462608497787692,1.0,0.8,25,20
3753,10,NFYA,3753,-1.0,9.107947000700165,0.5097631933298398,6.252624509759877e-26,-6.757668428723142,5.670269483127633,1.0,0.8,25,20
3759,10,NFYA,3759,-1.0,9.107947000700165,0.250795817989975,9.94197774814038e-07,-5.936024071964223,4.917904688151168,1.0,0.8,25,20
3758,10,NFYA,3758,-1.0,9.107947000700165,0.6370409623604998,1.2588793256119234e-43,-6.760888422043218,5.295141091582196,1.0,0.8,25,20
3748,10,NFYA,3748,-1.0,9.107947000700165,0.5515727187060115,6.434728880216778e-31,-8.726528899073758,7.516492233533531,1.0,0.8,25,20
3749,10,NFYA,3749,-1.0,9.107947000700165,0.7161212773507357,1.377691567785623e-59,-12.07065935072327,10.321200531154345,1.0,0.8,25,20
3744,10,NFYA,3744,-1.0,9.107947000700165,0.7818873564460905,9.960200818895857e-78,-12.114690372817211,9.371756799692863,1.0,0.8,25,20
3766,10,NFYA,3766,-1.0,9.107947000700165,0.25795500743766114,4.7214308810787316e-07,-3.0823455466342997,2.179363389023372,1.0,0.8,25,20
3764,10,NFYA,3764,-1.0,9.107947000700165,-0.3432531131252982,1.069582776165673e-11,2.760357017107291,1.8466231670134352,1.0,0.8,25,20
3763,10,NFYA,3763,-1.0,9.107947000700165,0.4070456858040547,3.076534753717205e-16,-4.170486838741397,3.1399073019087185,1.0,0.8,25,20
3745,10,NFYA,3745,-1.0,9.107947000700165,0.6517047871277939,3.1648846859455546e-46,-8.31753796110393,7.227881249190981,1.0,0.8,25,20
4237,10,BCL6B,4237,-1.0,2.8347885988236303,0.2538336266881611,7.268314238742724e-07,-13.442577166173415,11.786984716288224,1.0,1.0,25,25
4233,10,BCL6B,4233,-1.0,2.8347885988236303,0.3528085689376012,2.578489679727421e-12,-3.8115242794950137,2.874709056491472,1.0,1.0,25,25
4243,10,BCL6B,4243,-1.0,2.8347885988236303,0.42607951834975577,8.534511084499481e-18,-2.252189935232492,1.419408533915222,1.0,1.0,25,25
4250,10,BCL6B,4250,-1.0,2.8347885988236303,0.46819783003593113,1.3070066413524707e-21,-4.081966785613995,3.1028686019306644,1.0,1.0,25,25
4246,10,BCL6B,4246,-1.0,2.8347885988236303,0.5576238963944381,1.0644999627764299e-31,-3.239605960803924,2.463461242848168,1.0,1.0,25,25
4235,10,BCL6B,4235,-1.0,2.8347885988236303,0.20311018783325538,8.144005558932235e-05,-7.91912521834795,6.613376233563175,1.0,1.0,25,25
4253,10,BCL6B,4253,-1.0,2.8347885988236303,0.22442584311117483,1.2773363472389452e-05,-7.979864966037807,6.435561011671182,1.0,1.0,25,25
4244,10,BCL6B,4244,-1.0,2.8347885988236303,0.494140345022877,3.08664016124269e-24,-2.2010849993741184,1.3724734472118862,1.0,1.0,25,25
4252,10,BCL6B,4252,-1.0,2.8347885988236303,-0.1839078623010455,0.0003697552601341048,5.239621349037321,4.062730042613694,1.0,1.0,25,25
4236,10,BCL6B,4236,-1.0,2.8347885988236303,-0.2252314134846089,1.1866271047581045e-05,5.439010623904067,4.32556411977443,1.0,1.0,25,25
4232,10,BCL6B,4232,-1.0,2.8347885988236303,0.7750306083842299,1.4903600616194995e-75,-3.9180922855180054,3.009023243795762,1.0,1.0,25,25
4241,10,BCL6B,4241,-1.0,2.8347885988236303,0.576083630800612,3.482483373359498e-34,-3.3068693959513507,2.5060724644166936,1.0,1.0,25,25
4247,10,BCL6B,4247,-1.0,2.8347885988236303,0.15085480228511272,0.003584920050537173,-7.390949512883237,5.909958503353498,1.0,1.0,25,25
4234,10,BCL6B,4234,-1.0,2.8347885988236303,0.3734147676935261,1.0144905876133943e-13,-12.129374735167454,15.68778072314189,1.0,1.0,25,25
4231,10,BCL6B,4231,-1.0,2.8347885988236303,0.27069984513685064,1.1859515055250412e-07,-12.047593593663022,9.287616957909307,1.0,1.0,25,25
4242,10,BCL6B,4242,-1.0,2.8347885988236303,0.24462432173935525,1.8556688954564792e-06,-8.83714174289985,7.246902464657961,1.0,1.0,25,25
4240,10,BCL6B,4240,-1.0,2.8347885988236303,0.35819540956485574,1.1317470133154688e-12,-6.33678455109561,5.182879569273635,1.0,1.0,25,25
4239,10,BCL6B,4239,-1.0,2.8347885988236303,0.7458836716901235,4.215663070177191e-67,-6.20445280836262,5.390828953873219,1.0,1.0,25,25
4254,10,BCL6B,4254,-1.0,2.8347885988236303,0.4531890293910988,3.442169555996286e-20,-9.966194148670718,8.180822174294887,1.0,1.0,25,25
4255,10,BCL6B,4255,-1.0,2.8347885988236303,0.303410279247163,2.437665115965591e-09,-5.541225512145942,4.828243444597486,1.0,1.0,25,25
4238,10,BCL6B,4238,-1.0,2.8347885988236303,0.2605519614040612,3.583863674876098e-07,-6.219690889901574,4.811049810113436,1.0,1.0,25,25
4249,10,BCL6B,4249,-1.0,2.8347885988236303,0.7711345899416502,2.3722546533322737e-74,-2.3533237254382366,1.5312620425822472,1.0,1.0,25,25
4248,10,BCL6B,4248,-1.0,2.8347885988236303,0.20778193200591258,5.512667656188515e-05,-7.0220063478486825,5.731181135265507,1.0,1.0,25,25
4245,10,BCL6B,4245,-1.0,2.8347885988236303,0.3629776024176511,5.377295438670925e-13,-5.942200349434804,4.656410014812358,1.0,1.0,25,25
4251,10,BCL6B,4251,-1.0,2.8347885988236303,0.34028791855937324,1.6470543833720085e-11,-3.525439672289857,2.532932890488776,1.0,1.0,25,25
4504,10,TFAP2A,4504,-1.0,9.128360099854682,0.38175334868694344,2.5616373551848494e-14,-6.997054694130401,5.64958820472629,1.0,0.88,25,22
4493,10,TFAP2A,4493,-1.0,9.128360099854682,0.3604979991433272,7.921592653070478e-13,-6.274476032492456,4.932188005131965,1.0,0.88,25,22
4490,10,TFAP2A,4490,-1.0,9.128360099854682,0.3804749515712669,3.1715432647866974e-14,-7.309455874431321,6.000551326725957,1.0,0.88,25,22
4494,10,TFAP2A,4494,-1.0,9.128360099854682,0.3411050203978243,1.4629847313830044e-11,-12.564473852102948,11.065535467739668,1.0,0.88,25,22
4499,10,TFAP2A,4499,-1.0,9.128360099854682,0.2927220370596572,9.163318294901932e-09,-5.590530667721096,4.614480915777097,1.0,0.88,25,22
4507,10,TFAP2A,4507,-1.0,9.128360099854682,0.30499417937121276,1.9940725311593067e-09,-6.108184101593408,5.103764031761774,1.0,0.88,25,22
4501,10,TFAP2A,4501,-1.0,9.128360099854682,0.40661241509984286,3.329357060300675e-16,-11.081151804334462,9.461999571430148,1.0,0.88,25,22
4500,10,TFAP2A,4500,-1.0,9.128360099854682,0.19424198425064937,0.0001667781030875287,-6.449666134651696,5.820297226952428,1.0,0.88,25,22
4489,10,TFAP2A,4489,-1.0,9.128360099854682,0.4303287965908714,3.714690196177819e-18,-8.351353153211152,7.050031999053577,1.0,0.88,25,22
4508,10,TFAP2A,4508,-1.0,9.128360099854682,0.20630826702666583,6.240695802915455e-05,-2.1631423511208294,1.328692705749793,1.0,0.88,25,22
4496,10,TFAP2A,4496,-1.0,9.128360099854682,0.2951512265789125,6.81417624915952e-09,-11.216493076757809,8.61302922770843,1.0,0.88,25,22
4509,10,TFAP2A,4509,-1.0,9.128360099854682,0.2449398298660172,1.7981148893563342e-06,-4.4504790565261105,3.373658369582044,1.0,0.88,25,22
4498,10,TFAP2A,4498,-1.0,9.128360099854682,0.32821341948389315,9.117321443163342e-11,-6.957052333130337,5.89274561071816,1.0,0.88,25,22
4495,10,TFAP2A,4495,-1.0,9.128360099854682,0.35244315731668563,2.7250796439324332e-12,-2.126379245902065,1.3200976497030592,1.0,0.88,25,22
4497,10,TFAP2A,4497,-1.0,9.128360099854682,0.3203280122749727,2.6783852837049027e-10,-11.540024896069935,9.100767139640487,1.0,0.88,25,22
4506,10,TFAP2A,4506,-1.0,9.128360099854682,0.3697556857561068,1.8330251403114736e-13,-5.573271309227078,4.479384380806041,1.0,0.88,25,22
4488,10,TFAP2A,4488,-1.0,9.128360099854682,0.40611492122229004,3.6448650139973726e-16,-11.78235419027522,16.218933666302433,1.0,0.88,25,22
4487,10,TFAP2A,4487,-1.0,9.128360099854682,0.18662036394657208,0.0003012374957286114,-3.7961522598057584,2.890034063258639,1.0,0.88,25,22
4503,10,TFAP2A,4503,-1.0,9.128360099854682,0.14793498622863796,0.004296353238626225,-9.4108966158505,7.506974654475655,1.0,0.88,25,22
4502,10,TFAP2A,4502,-1.0,9.128360099854682,0.2792814773842885,4.489770937941239e-08,-13.489343378207417,10.367013988601057,1.0,0.88,25,22
4485,10,TFAP2A,4485,-1.0,9.128360099854682,0.3761871512454149,6.447850356919865e-14,-12.017868953630009,9.256670721158407,1.0,0.88,25,22
4486,10,TFAP2A,4486,-1.0,9.128360099854682,0.4188682249482477,3.409538097476838e-17,-8.641701618706977,8.708709493944104,1.0,0.88,25,22
9706,10,TBX4,9706,-1.0,3.570098180158999,0.6074909457792989,8.556270064104211e-39,-12.135242737309191,10.02980554257674,1.0,1.0,2,2
9707,10,TBX4,9707,-1.0,3.570098180158999,0.40529317240617313,4.2314315556972327e-16,-7.348251322291635,6.3803713279614325,1.0,1.0,2,2
3537,10,E2F6,3537,-1.0,9.115589871669396,0.4567678016247706,1.6012034835175074e-20,-6.502992467702105,5.066884011358503,1.0,1.0,7,7
3532,10,E2F6,3532,-1.0,9.115589871669396,0.6948150219604877,8.912202453292624e-55,-8.83525936773751,9.46398444716196,1.0,1.0,7,7
3535,10,E2F6,3535,-1.0,9.115589871669396,0.5393023403370331,2.2131427830904555e-29,-6.539838159388196,5.295561403274608,1.0,1.0,7,7
3534,10,E2F6,3534,-1.0,9.115589871669396,0.7288745749488296,1.100846682425833e-62,-8.416668405543792,6.944583081273218,1.0,1.0,7,7
3536,10,E2F6,3536,-1.0,9.115589871669396,0.6301118351635698,1.905727405862667e-42,-5.136040665733676,3.9274657928127485,1.0,1.0,7,7
3531,10,E2F6,3531,-1.0,9.115589871669396,0.7040504115975814,8.270445591712068e-57,-11.332939137746646,8.720459299285322,1.0,1.0,7,7
3533,10,E2F6,3533,-1.0,9.115589871669396,0.5350561760786959,7.280809480510803e-29,-10.94259316400347,10.781437926057224,1.0,1.0,7,7
9753,10,DMRTA1,9753,-1.0,5.141501191977717,0.32621307341385397,1.2019102278839335e-10,-4.035636632760416,2.971786225334257,0.8333333333333334,0.5555555555555556,9,6
9747,10,DMRTA1,9747,-1.0,5.141501191977717,0.3508419598864497,3.4692908094362108e-12,-2.629343373713444,1.7878146532347625,0.8333333333333334,0.5555555555555556,9,6
9746,10,DMRTA1,9746,-1.0,5.141501191977717,0.39971386735205505,1.1528774715109674e-15,-6.909475224665528,5.512891754561089,0.8333333333333334,0.5555555555555556,9,6
9751,10,DMRTA1,9751,-1.0,5.141501191977717,0.324690526250494,1.481243659796652e-10,-3.0411172483804148,2.1121794390667064,0.8333333333333334,0.5555555555555556,9,6
9749,10,DMRTA1,9749,-1.0,5.141501191977717,0.29315413069936697,8.694789402711803e-09,-7.262859560275899,6.0530411355930545,0.8333333333333334,0.5555555555555556,9,6
9012,10,TBX21,9012,-1.0,3.29231791655958,0.36051295187022514,7.903187399467552e-13,-4.65853623788219,3.907386992885686,1.0,0.7142857142857143,7,5
9010,10,TBX21,9010,-1.0,3.29231791655958,0.3020245008072153,2.903133646130952e-09,-3.578632818114521,2.802417374598799,1.0,0.7142857142857143,7,5
9008,10,TBX21,9008,-1.0,3.29231791655958,0.2890176412391872,1.4318842542178754e-08,-2.813846716968691,1.9272956896989242,1.0,0.7142857142857143,7,5
9007,10,TBX21,9007,-1.0,3.29231791655958,0.7530414511546587,4.562707899016126e-69,-3.878305667853459,2.9304911981906794,1.0,0.7142857142857143,7,5
9009,10,TBX21,9009,-1.0,3.29231791655958,0.3883359143858231,8.403423195712049e-15,-6.686719160062429,6.840321755589328,1.0,0.7142857142857143,7,5
8205,10,HOXC9,8205,-1.0,7.336753271022067,0.20438271076543774,7.329122386621728e-05,-4.9095196778513985,3.8688745545432273,0.8571428571428571,0.6,10,7
8198,10,HOXC9,8198,-1.0,7.336753271022067,0.32411562401178906,1.6023718813276589e-10,-8.391633153570192,7.702790893877431,0.8571428571428571,0.6,10,7
8204,10,HOXC9,8204,-1.0,7.336753271022067,0.2894173654783427,1.3649725149381647e-08,-11.27919401346973,10.122721094776422,0.8571428571428571,0.6,10,7
8202,10,HOXC9,8202,-1.0,7.336753271022067,0.2298401164930921,7.745307002565186e-06,-6.5934651022770705,5.5372525868601485,0.8571428571428571,0.6,10,7
8206,10,HOXC9,8206,-1.0,7.336753271022067,0.12452252463126894,0.01640732421184103,-3.0502577633846455,2.1015478408833057,0.8571428571428571,0.6,10,7
8203,10,HOXC9,8203,-1.0,7.336753271022067,0.14296107202185962,0.0058064590284755465,-6.989239359041016,7.350501715324492,0.8571428571428571,0.6,10,7
1223,10,IRX2,1223,-1.0,1.4087363525054692,0.13509186721067976,0.009181386724181177,-7.9731115912227715,7.196849822130413,1.0,0.8666666666666667,15,13
1234,10,IRX2,1234,-1.0,1.4087363525054692,0.23907778643213504,3.206445478459957e-06,-3.88718843474882,2.8580749881577985,1.0,0.8666666666666667,15,13
1236,10,IRX2,1236,-1.0,1.4087363525054692,0.2956414093480311,6.4166600995783725e-09,-7.461774019106675,6.620621995751465,1.0,0.8666666666666667,15,13
1228,10,IRX2,1228,-1.0,1.4087363525054692,0.36798002448318134,2.4360040596424633e-13,-8.058839923523506,12.205112185384339,1.0,0.8666666666666667,15,13
1230,10,IRX2,1230,-1.0,1.4087363525054692,0.2925978680353402,9.3024183683304e-09,-7.1679157085059675,6.198765572855663,1.0,0.8666666666666667,15,13
1226,10,IRX2,1226,-1.0,1.4087363525054692,0.3233157819301514,1.7870518210692255e-10,-12.717833646311394,17.678882654749998,1.0,0.8666666666666667,15,13
1233,10,IRX2,1233,-1.0,1.4087363525054692,0.27279095516477114,9.388799791993819e-08,-4.357755866679398,3.589508556623168,1.0,0.8666666666666667,15,13
1224,10,IRX2,1224,-1.0,1.4087363525054692,0.3578450916477657,1.1945717398180612e-12,-4.210489894248702,3.281027854469568,1.0,0.8666666666666667,15,13
1222,10,IRX2,1222,-1.0,1.4087363525054692,0.24289888932978235,2.202935058669689e-06,-11.422555148006397,8.802994911148968,1.0,0.8666666666666667,15,13
1229,10,IRX2,1229,-1.0,1.4087363525054692,0.32114562845408406,2.3986897322070747e-10,-8.637281867083539,8.836316582086333,1.0,0.8666666666666667,15,13
1232,10,IRX2,1232,-1.0,1.4087363525054692,0.10782718296685595,0.037898967060432276,-4.78265334827718,3.8003847599171166,1.0,0.8666666666666667,15,13
1227,10,IRX2,1227,-1.0,1.4087363525054692,0.16338276349508457,0.001590746476311015,-14.237890381258396,13.358928368175194,1.0,0.8666666666666667,15,13
1225,10,IRX2,1225,-1.0,1.4087363525054692,0.25673122208342036,5.370872196908263e-07,-8.633937648887432,7.420579953158828,1.0,0.8666666666666667,15,13
7175,10,TNFRSF10A,7175,-1.0,4.249109874641079,0.3186623019854913,3.349735907030358e-10,-12.072003680654548,18.657735688202575,1.0,1.0,5,5
7172,10,TNFRSF10A,7172,-1.0,4.249109874641079,0.45031736370750375,6.320140230203948e-20,-12.346120730434679,9.530813735287298,1.0,1.0,5,5
7173,10,TNFRSF10A,7173,-1.0,4.249109874641079,0.2600751521019324,3.7707661570538584e-07,-4.491629483254181,3.546724538605316,1.0,1.0,5,5
7174,10,TNFRSF10A,7174,-1.0,4.249109874641079,0.29290919473512295,8.957453189659638e-09,-3.3897018509051047,2.5014208372239044,1.0,1.0,5,5
7176,10,TNFRSF10A,7176,-1.0,4.249109874641079,0.4120899005256887,1.2163600682426275e-16,-6.1480847977881075,4.909245523762156,1.0,1.0,5,5
4305,10,NFATC2,4305,-1.0,9.147261528599433,-0.2883288644700696,1.5546964871730137e-08,9.152205674533128,7.3654879358632765,0.9545454545454546,0.84,25,22
4295,10,NFATC2,4295,-1.0,9.147261528599433,0.2894439261450826,1.360635242279012e-08,-6.038570959361397,5.21126250722146,0.9545454545454546,0.84,25,22
4293,10,NFATC2,4293,-1.0,9.147261528599433,0.48783913032239273,1.4068325374598427e-23,-7.427488039093512,7.170595023242464,0.9545454545454546,0.84,25,22
4292,10,NFATC2,4292,-1.0,9.147261528599433,0.43652819848802804,1.0805930008333302e-18,-7.215450408098025,5.650416573784824,0.9545454545454546,0.84,25,22
4288,10,NFATC2,4288,-1.0,9.147261528599433,0.5262971257493473,8.05693427254045e-28,-7.584940301407976,6.320728876080678,0.9545454545454546,0.84,25,22
4304,10,NFATC2,4304,-1.0,9.147261528599433,0.5115122774282848,3.990130715813555e-26,-4.734053387122252,3.6197434451360424,0.9545454545454546,0.84,25,22
4283,10,NFATC2,4283,-1.0,9.147261528599433,0.3786629599776283,4.285916977188065e-14,-3.4046318437756926,2.494680046442596,0.9545454545454546,0.84,25,22
4298,10,NFATC2,4298,-1.0,9.147261528599433,0.24165959716781385,2.489836210012636e-06,-6.359187421664685,5.3496670810067375,0.9545454545454546,0.84,25,22
4281,10,NFATC2,4281,-1.0,9.147261528599433,0.6147629935822267,6.171719636732711e-40,-11.745878790379525,9.008941637266615,0.9545454545454546,0.84,25,22
4303,10,NFATC2,4303,-1.0,9.147261528599433,0.6225406956386872,3.433697553267953e-41,-9.626048230908031,8.64134608915735,0.9545454545454546,0.84,25,22
4289,10,NFATC2,4289,-1.0,9.147261528599433,0.46842107736812544,1.2434102874400093e-21,-6.288356112366203,4.948777124704343,0.9545454545454546,0.84,25,22
4302,10,NFATC2,4302,-1.0,9.147261528599433,0.37756904804987584,5.1356995237399895e-14,-10.650027787161845,8.689208511457274,0.9545454545454546,0.84,25,22
4284,10,NFATC2,4284,-1.0,9.147261528599433,0.42766739437463724,6.262964282106549e-18,-4.140475811554145,3.188996215530797,0.9545454545454546,0.84,25,22
4282,10,NFATC2,4282,-1.0,9.147261528599433,0.5063500941163753,1.4910716928203503e-25,-9.298111981874694,9.041092500672262,0.9545454545454546,0.84,25,22
4296,10,NFATC2,4296,-1.0,9.147261528599433,0.46775627031256983,1.4423771646221599e-21,-5.812471747243481,4.686853526961025,0.9545454545454546,0.84,25,22
4297,10,NFATC2,4297,-1.0,9.147261528599433,0.38824638045575355,8.533229822912722e-15,-8.499125475990637,6.62519000911294,0.9545454545454546,0.84,25,22
4294,10,NFATC2,4294,-1.0,9.147261528599433,0.29107269168133443,1.1186882299723068e-08,-9.65032048484854,7.732740337731229,0.9545454545454546,0.84,25,22
4299,10,NFATC2,4299,-1.0,9.147261528599433,0.3948129069857615,2.7381231897359685e-15,-5.849267437705085,5.293812568974788,0.9545454545454546,0.84,25,22
4285,10,NFATC2,4285,-1.0,9.147261528599433,0.4924540051746382,4.646464476452923e-24,-8.440551946836862,7.0979330271882946,0.9545454545454546,0.84,25,22
4300,10,NFATC2,4300,-1.0,9.147261528599433,0.23533370776219226,4.60411198744763e-06,-6.340538144860304,5.023438727111047,0.9545454545454546,0.84,25,22
4287,10,NFATC2,4287,-1.0,9.147261528599433,0.4639241711061553,3.372358671732142e-21,-12.728488822282051,15.069244491908561,0.9545454545454546,0.84,25,22
7573,10,TCF7L1,7573,-1.0,2.6859968691219156,0.20165555521611517,9.179772164623634e-05,-3.933650043481918,2.953178949950577,0.8666666666666667,0.7647058823529411,17,15
7566,10,TCF7L1,7566,-1.0,2.6859968691219156,0.2735809107081171,8.591319249304123e-08,-5.9482285294186985,4.831234346740647,0.8666666666666667,0.7647058823529411,17,15
7574,10,TCF7L1,7574,-1.0,2.6859968691219156,0.4187993053483011,3.454418465440009e-17,-2.142006387929234,1.311795012295857,0.8666666666666667,0.7647058823529411,17,15
7575,10,TCF7L1,7575,-1.0,2.6859968691219156,0.435051711132052,1.453388311757327e-18,-3.360526342008546,2.400436677999019,0.8666666666666667,0.7647058823529411,17,15
7565,10,TCF7L1,7565,-1.0,2.6859968691219156,0.5121270300819906,3.4053036085201125e-26,-7.748008997385123,6.377514554844048,0.8666666666666667,0.7647058823529411,17,15
7569,10,TCF7L1,7569,-1.0,2.6859968691219156,0.2255011902607764,1.1576430948948355e-05,-7.806612207870392,7.985030818530508,0.8666666666666667,0.7647058823529411,17,15
7576,10,TCF7L1,7576,-1.0,2.6859968691219156,0.3393389998989512,1.8892533323681833e-11,-9.716975781680805,7.679317310117876,0.8666666666666667,0.7647058823529411,17,15
7567,10,TCF7L1,7567,-1.0,2.6859968691219156,0.4364529993866574,1.0970670797187916e-18,-14.36212912246716,14.298691208883575,0.8666666666666667,0.7647058823529411,17,15
7571,10,TCF7L1,7571,-1.0,2.6859968691219156,0.2549181387282422,6.492981243778503e-07,-7.952709981951696,7.033601714344394,0.8666666666666667,0.7647058823529411,17,15
7561,10,TCF7L1,7561,-1.0,2.6859968691219156,0.37710962853993896,5.5399193905292404e-14,-12.024943640873573,9.23878507679353,0.8666666666666667,0.7647058823529411,17,15
7563,10,TCF7L1,7563,-1.0,2.6859968691219156,0.31309897846720736,7.0005173426086e-10,-8.179745227179996,8.630533856004577,0.8666666666666667,0.7647058823529411,17,15
7562,10,TCF7L1,7562,-1.0,2.6859968691219156,0.2158035611474443,2.763318543622714e-05,-4.204932452178071,3.3083482135698437,0.8666666666666667,0.7647058823529411,17,15
7570,10,TCF7L1,7570,-1.0,2.6859968691219156,0.265234985441924,2.1636486557714025e-07,-7.530159083062121,5.860515095998227,0.8666666666666667,0.7647058823529411,17,15
1938,10,SOX9,1938,-1.0,9.103235019450082,0.2295572552772886,7.952814386422542e-06,-9.292338564441865,7.4309203664859105,0.9090909090909091,0.8,25,22
1933,10,SOX9,1933,-1.0,9.103235019450082,0.3277873796983218,9.671630804584808e-11,-6.1508202205522755,5.033288464621855,0.9090909090909091,0.8,25,22
1935,10,SOX9,1935,-1.0,9.103235019450082,0.5025894635830421,3.8412992123766578e-25,-7.761512157221783,6.7499753800149564,0.9090909090909091,0.8,25,22
1928,10,SOX9,1928,-1.0,9.103235019450082,0.3093388065749169,1.142260931933064e-09,-8.371525021358712,6.631245625176689,0.9090909090909091,0.8,25,22
1930,10,SOX9,1930,-1.0,9.103235019450082,0.34408032345485434,9.474434998248715e-12,-4.372499118441957,3.465581784507565,0.9090909090909091,0.8,25,22
1917,10,SOX9,1917,-1.0,9.103235019450082,0.43201733527386266,2.6604201753254262e-18,-11.746774915350418,9.04362099206408,0.9090909090909091,0.8,25,22
1936,10,SOX9,1936,-1.0,9.103235019450082,0.32207530262205825,2.1151188912286938e-10,-7.363204024401302,7.11474000399753,0.9090909090909091,0.8,25,22
1927,10,SOX9,1927,-1.0,9.103235019450082,0.4488503026088399,8.601682438844101e-20,-13.461381107495695,11.950524079862804,0.9090909090909091,0.8,25,22
1921,10,SOX9,1921,-1.0,9.103235019450082,0.5036906604884344,2.915150095680637e-25,-7.759206685347851,6.468094693789212,0.9090909090909091,0.8,25,22
1925,10,SOX9,1925,-1.0,9.103235019450082,0.49586149358701526,2.0284488946363067e-24,-6.2708692606803735,4.938656339941199,0.9090909090909091,0.8,25,22
1931,10,SOX9,1931,-1.0,9.103235019450082,0.4898204204229265,8.761496709212675e-24,-6.859382471515532,5.3118512367042054,0.9090909090909091,0.8,25,22
1922,10,SOX9,1922,-1.0,9.103235019450082,0.4439128938208021,2.400786364239049e-19,-12.460208512919717,15.668690862458773,0.9090909090909091,0.8,25,22
1934,10,SOX9,1934,-1.0,9.103235019450082,0.4337799318143866,1.8739227536300364e-18,-6.919811131727248,5.522824441821732,0.9090909090909091,0.8,25,22
1918,10,SOX9,1918,-1.0,9.103235019450082,0.28008611942593287,4.09189664588796e-08,-4.345861981896365,3.4073730434323517,0.9090909090909091,0.8,25,22
1926,10,SOX9,1926,-1.0,9.103235019450082,0.3980827987979195,1.5399255987822782e-15,-11.73906048503654,9.020988743547107,0.9090909090909091,0.8,25,22
1923,10,SOX9,1923,-1.0,9.103235019450082,0.37381451987809117,9.505662975974676e-14,-7.694516152478134,6.344594348872549,0.9090909090909091,0.8,25,22
1920,10,SOX9,1920,-1.0,9.103235019450082,0.23198301393198595,6.332557833873609e-06,-4.135550637112311,3.223699319376388,0.9090909090909091,0.8,25,22
1940,10,SOX9,1940,-1.0,9.103235019450082,0.3762958553719105,6.333719800969856e-14,-12.180444303274209,9.531656546471677,0.9090909090909091,0.8,25,22
1919,10,SOX9,1919,-1.0,9.103235019450082,0.4923395904668458,4.776824242029044e-24,-9.037131026630245,8.899159091706526,0.9090909090909091,0.8,25,22
1941,10,SOX9,1941,-1.0,9.103235019450082,0.23089474187290113,7.016167689765013e-06,-4.876573646975654,3.718267105450976,0.9090909090909091,0.8,25,22
8064,10,CUX2,8064,-1.0,1.507712858431562,0.46426139207636474,3.1308404505969885e-21,-3.4728147396174665,2.689014887693814,0.2857142857142857,0.2857142857142857,7,7
8063,10,CUX2,8063,-1.0,1.507712858431562,0.5853629649125695,1.706079334312225e-35,-3.0279479417521067,2.1716062033817787,0.2857142857142857,0.2857142857142857,7,7
6278,10,EWSR1,6278,-1.0,9.108574847892836,0.6633364431295047,2.154925727718515e-48,-7.205563223567232,6.079730599063891,1.0,0.84,25,21
6265,10,EWSR1,6265,-1.0,9.108574847892836,0.6982680706965553,1.5818493085251673e-55,-12.234144493461033,9.40782993630586,1.0,0.84,25,21
6269,10,EWSR1,6269,-1.0,9.108574847892836,0.7528602683197936,5.126355717276913e-69,-8.22552914240647,6.74205721182125,1.0,0.84,25,21
6268,10,EWSR1,6268,-1.0,9.108574847892836,0.2780846318886489,5.1514439646010904e-08,-3.8230264977275277,2.881500241960936,1.0,0.84,25,21
6272,10,EWSR1,6272,-1.0,9.108574847892836,0.6368285248991276,1.369659440898196e-43,-5.781263065108468,4.766854710037749,1.0,0.84,25,21
6276,10,EWSR1,6276,-1.0,9.108574847892836,0.29910419070492106,4.183070426498026e-09,-3.9877099444000605,2.969128304135712,1.0,0.84,25,21
6288,10,EWSR1,6288,-1.0,9.108574847892836,0.43732507396536613,9.202995584876138e-19,-8.734284903829055,6.818039877910201,1.0,0.84,25,21
6286,10,EWSR1,6286,-1.0,9.108574847892836,0.4481248399081631,1.0012370150393217e-19,-4.991881023680845,3.910988588164696,1.0,0.84,25,21
6282,10,EWSR1,6282,-1.0,9.108574847892836,0.4349382074884206,1.4867941799604618e-18,-6.852181002971782,6.68631527980746,1.0,0.84,25,21
6275,10,EWSR1,6275,-1.0,9.108574847892836,0.25530682408345223,6.234938108323084e-07,-5.8986478008023004,5.315665302543392,1.0,0.84,25,21
6280,10,EWSR1,6280,-1.0,9.108574847892836,0.3499510030855132,3.965814942181545e-12,-5.991747944165356,5.037103874450068,1.0,0.84,25,21
6274,10,EWSR1,6274,-1.0,9.108574847892836,0.405494939335475,4.079358515754501e-16,-6.910811979616833,5.643161527744336,1.0,0.84,25,21
6289,10,EWSR1,6289,-1.0,9.108574847892836,0.382666372136853,2.197986840691828e-14,-7.161550704232094,5.802193774163494,1.0,0.84,25,21
6281,10,EWSR1,6281,-1.0,9.108574847892836,0.28537682974688455,2.2066316746787976e-08,-7.004501911681265,6.900269758806691,1.0,0.84,25,21
6267,10,EWSR1,6267,-1.0,9.108574847892836,0.7664377010694723,6.205606588979092e-73,-10.388800937097514,11.39876782617341,1.0,0.84,25,21
6266,10,EWSR1,6266,-1.0,9.108574847892836,0.6398867783529987,4.041317727213985e-44,-9.949262834400711,9.13805233158625,1.0,0.84,25,21
6271,10,EWSR1,6271,-1.0,9.108574847892836,0.6162462958567646,3.579559686240598e-40,-2.5763451804770137,1.7109335441065463,1.0,0.84,25,21
6284,10,EWSR1,6284,-1.0,9.108574847892836,0.36437372073403723,4.317085470166782e-13,-4.887923649581495,3.7113261421036254,1.0,0.84,25,21
6279,10,EWSR1,6279,-1.0,9.108574847892836,0.6168760883307446,2.837924346985623e-40,-8.237399004420542,6.481880580033478,1.0,0.84,25,21
6277,10,EWSR1,6277,-1.0,9.108574847892836,0.3485786194854972,4.8691838505109955e-12,-4.528029826393392,3.59359424420991,1.0,0.84,25,21
6273,10,EWSR1,6273,-1.0,9.108574847892836,0.513655216820159,2.2932132651322864e-26,-8.756214793210047,6.981161285182615,1.0,0.84,25,21
4985,10,NFIX,4985,-1.0,7.010756124645315,-0.29230078700559525,9.64356969030019e-09,2.800950401463841,1.8672483607563317,0.9411764705882353,0.7272727272727273,22,17
4991,10,NFIX,4991,-1.0,7.010756124645315,0.14732960941116754,0.004458931005177463,-2.2792612001704313,1.4315962565525937,0.9411764705882353,0.7272727272727273,22,17
4987,10,NFIX,4987,-1.0,7.010756124645315,0.5339538042520392,9.891262067676703e-29,-10.767644372944362,10.28166481809717,0.9411764705882353,0.7272727272727273,22,17
4977,10,NFIX,4977,-1.0,7.010756124645315,0.5114269734476673,4.078751245934594e-26,-3.051337872770843,2.136535760169757,0.9411764705882353,0.7272727272727273,22,17
4994,10,NFIX,4994,-1.0,7.010756124645315,0.16327017392142165,0.0016028228020469994,-6.61975936422531,5.306526183264536,0.9411764705882353,0.7272727272727273,22,17
4976,10,NFIX,4976,-1.0,7.010756124645315,0.22711233100764447,9.98074885971353e-06,-10.496925808282583,12.561535991430778,0.9411764705882353,0.7272727272727273,22,17
4990,10,NFIX,4990,-1.0,7.010756124645315,-0.17089089785377065,0.0009503530228956579,2.523352310149718,1.6735223441604075,0.9411764705882353,0.7272727272727273,22,17
4981,10,NFIX,4981,-1.0,7.010756124645315,0.5972352580386664,3.1149598306206037e-37,-5.355039828136652,4.313830640245296,0.9411764705882353,0.7272727272727273,22,17
4989,10,NFIX,4989,-1.0,7.010756124645315,0.14127279179013813,0.006418351111549587,-5.635472586456722,4.38984593372116,0.9411764705882353,0.7272727272727273,22,17
4986,10,NFIX,4986,-1.0,7.010756124645315,0.24142929991986598,2.546946253550978e-06,-8.543310598249471,6.722689451129684,0.9411764705882353,0.7272727272727273,22,17
4975,10,NFIX,4975,-1.0,7.010756124645315,0.3337611065547767,4.1922182816605395e-11,-11.603708148798695,8.970382810941704,0.9411764705882353,0.7272727272727273,22,17
4993,10,NFIX,4993,-1.0,7.010756124645315,0.4844347260050243,3.151509371101732e-23,-4.894107264277554,3.760779089537019,0.9411764705882353,0.7272727272727273,22,17
4992,10,NFIX,4992,-1.0,7.010756124645315,0.3475248920775397,5.696294070580335e-12,-3.83901707893396,2.8167966908990345,0.9411764705882353,0.7272727272727273,22,17
4996,10,NFIX,4996,-1.0,7.010756124645315,0.39544246446254966,2.452131625193404e-15,-5.914478123925412,4.6472217050478655,0.9411764705882353,0.7272727272727273,22,17
4978,10,NFIX,4978,-1.0,7.010756124645315,-0.2809102381226545,3.719770856723032e-08,5.0229100145313135,3.9113471023961126,0.9411764705882353,0.7272727272727273,22,17
4979,10,NFIX,4979,-1.0,7.010756124645315,0.26039615826590873,3.643934515824113e-07,-11.54263711055212,8.846444408402775,0.9411764705882353,0.7272727272727273,22,17
4316,10,TFCP2,4316,-1.0,9.048147315191462,0.32750383632915586,1.0058584731702194e-10,-3.27621629426785,2.3089887568359826,1.0,0.9583333333333334,24,23
4323,10,TFCP2,4323,-1.0,9.048147315191462,0.2855476727053112,2.162599575215445e-08,-4.924562507332413,4.121222867888925,1.0,0.9583333333333334,24,23
4326,10,TFCP2,4326,-1.0,9.048147315191462,0.3821999027111626,2.3769634814576823e-14,-8.191391208029263,6.68129617686285,1.0,0.9583333333333334,24,23
4321,10,TFCP2,4321,-1.0,9.048147315191462,0.180688165776419,0.0004698439567893555,-3.144386844624886,2.2107242966139933,1.0,0.9583333333333334,24,23
4313,10,TFCP2,4313,-1.0,9.048147315191462,0.5291984010791071,3.6621017198816534e-28,-9.587967656992856,7.677950555510188,1.0,0.9583333333333334,24,23
4324,10,TFCP2,4324,-1.0,9.048147315191462,0.34616637331183897,6.9672546140645985e-12,-6.728711831491743,5.82543331865622,1.0,0.9583333333333334,24,23
4310,10,TFCP2,4310,-1.0,9.048147315191462,0.6858482341136024,7.093226783345502e-53,-12.69545654976971,10.674474622355605,1.0,0.9583333333333334,24,23
4319,10,TFCP2,4319,-1.0,9.048147315191462,0.3564507904130546,1.480170072109216e-12,-6.091505310393876,4.921498594590351,1.0,0.9583333333333334,24,23
4315,10,TFCP2,4315,-1.0,9.048147315191462,0.5232550871017092,1.8268322066514578e-27,-10.877749144270517,8.339143070420041,1.0,0.9583333333333334,24,23
4327,10,TFCP2,4327,-1.0,9.048147315191462,0.10372658546730368,0.04587281977261665,-7.389411528418792,6.269965189039916,1.0,0.9583333333333334,24,23
4307,10,TFCP2,4307,-1.0,9.048147315191462,0.6036668961805908,3.319055401628296e-38,-10.598252471247097,10.149409875803443,1.0,0.9583333333333334,24,23
4317,10,TFCP2,4317,-1.0,9.048147315191462,0.3283338464105354,8.966328155971635e-11,-7.549399676062638,8.204193766050123,1.0,0.9583333333333334,24,23
4311,10,TFCP2,4311,-1.0,9.048147315191462,0.5416353924570602,1.1421212069075195e-29,-7.959326979225265,6.5947945656539675,1.0,0.9583333333333334,24,23
4312,10,TFCP2,4312,-1.0,9.048147315191462,0.40824229150461655,2.472160423184694e-16,-3.6347682105586157,2.7105490310658897,1.0,0.9583333333333334,24,23
4325,10,TFCP2,4325,-1.0,9.048147315191462,0.4039810874260053,5.365279320752645e-16,-6.335657629864142,4.929233948921386,1.0,0.9583333333333334,24,23
4314,10,TFCP2,4314,-1.0,9.048147315191462,0.40405534653860886,5.293819338290749e-16,-5.181598560531226,4.024404182848161,1.0,0.9583333333333334,24,23
4329,10,TFCP2,4329,-1.0,9.048147315191462,0.446508294225884,1.4026029817703865e-19,-5.193645361359796,4.024013771671988,1.0,0.9583333333333334,24,23
4320,10,TFCP2,4320,-1.0,9.048147315191462,0.4078942606635851,2.6347674125448575e-16,-5.853047908212877,4.727209549843933,1.0,0.9583333333333334,24,23
4306,10,TFCP2,4306,-1.0,9.048147315191462,0.7430028411160486,2.49730392318722e-66,-12.122556409868483,9.369250350396516,1.0,0.9583333333333334,24,23
4328,10,TFCP2,4328,-1.0,9.048147315191462,0.39698404604064985,1.869811559548612e-15,-6.829748940576864,6.039307158901078,1.0,0.9583333333333334,24,23
4309,10,TFCP2,4309,-1.0,9.048147315191462,0.32989986769658103,7.211270759951495e-11,-3.77625888827522,2.854131972257442,1.0,0.9583333333333334,24,23
4308,10,TFCP2,4308,-1.0,9.048147315191462,0.5278123876419677,5.342373948576668e-28,-8.989040997246324,8.57234933070461,1.0,0.9583333333333334,24,23
4322,10,TFCP2,4322,-1.0,9.048147315191462,0.6055835332767774,1.6863031754501224e-38,-9.303828225144587,7.278017444925992,1.0,0.9583333333333334,24,23
3242,10,REL,3242,-1.0,9.058993666754215,0.42331994632664144,1.4556931995259744e-17,-3.1625948397677095,2.250788521252758,1.0,0.8571428571428571,14,12
3241,10,REL,3241,-1.0,9.058993666754215,0.24469717086880813,1.8422255144320924e-06,-8.357985680321665,8.093118467364773,1.0,0.8571428571428571,14,12
3240,10,REL,3240,-1.0,9.058993666754215,0.3193710535159105,3.0461554284600347e-10,-3.837792522505532,2.9021296384458966,1.0,0.8571428571428571,14,12
3248,10,REL,3248,-1.0,9.058993666754215,0.19339822389122452,0.00017825949468830153,-5.04157048258663,3.9288086939230125,1.0,0.8571428571428571,14,12
3243,10,REL,3243,-1.0,9.058993666754215,0.4143437585920849,7.994318197490554e-17,-6.206402577321197,5.009545934693189,1.0,0.8571428571428571,14,12
3238,10,REL,3238,-1.0,9.058993666754215,0.7451516554377176,6.64004525197954e-67,-11.920982094419179,9.235482505003459,1.0,0.8571428571428571,14,12
3251,10,REL,3251,-1.0,9.058993666754215,0.45100496549066244,5.467212523391508e-20,-5.1765214376457775,3.998232612217838,1.0,0.8571428571428571,14,12
3247,10,REL,3247,-1.0,9.058993666754215,0.5528059839684917,4.472711283857234e-31,-10.321722862546032,8.092077724483728,1.0,0.8571428571428571,14,12
3250,10,REL,3250,-1.0,9.058993666754215,0.640612684678418,3.0186759584080907e-44,-6.033820173673594,4.745142607022446,1.0,0.8571428571428571,14,12
3239,10,REL,3239,-1.0,9.058993666754215,0.48788636475794117,1.391088902641502e-23,-8.629013814171904,7.950274258079523,1.0,0.8571428571428571,14,12
3245,10,REL,3245,-1.0,9.058993666754215,0.41924908997337484,3.1716582297267505e-17,-3.4685440371907212,2.595429023658431,1.0,0.8571428571428571,14,12
3249,10,REL,3249,-1.0,9.058993666754215,0.47030504985465427,8.15013117900876e-22,-5.973204118723268,4.738141141138118,1.0,0.8571428571428571,14,12
4194,10,FOXK1,4194,-1.0,9.079927304713634,0.4201552391448923,2.6693014014439508e-17,-5.689927166125615,4.430497470193232,1.0,0.8,25,20
4178,10,FOXK1,4178,-1.0,9.079927304713634,0.6292663152675326,2.6425103584981472e-42,-8.652638608605512,7.423259584047485,1.0,0.8,25,20
4185,10,FOXK1,4185,-1.0,9.079927304713634,0.5859159133048361,1.4210546595987185e-35,-10.190351234269599,7.872965302916754,1.0,0.8,25,20
4173,10,FOXK1,4173,-1.0,9.079927304713634,0.6785656711402299,2.2121994084659174e-51,-11.650465256721423,8.953744894996618,1.0,0.8,25,20
4183,10,FOXK1,4183,-1.0,9.079927304713634,0.5391681569405246,2.2986085902402248e-29,-6.868744476448094,5.586822404169398,1.0,0.8,25,20
4196,10,FOXK1,4196,-1.0,9.079927304713634,0.49473018797425383,2.6737445436749944e-24,-9.524636974406102,7.557622640960276,1.0,0.8,25,20
4180,10,FOXK1,4180,-1.0,9.079927304713634,0.6884719777598659,2.0035112167575265e-53,-6.141998922767402,4.841019106351869,1.0,0.8,25,20
4190,10,FOXK1,4190,-1.0,9.079927304713634,0.26399396527211505,2.4755849783790265e-07,-8.010337567232776,6.2760723846096145,1.0,0.8,25,20
4184,10,FOXK1,4184,-1.0,9.079927304713634,0.45395653021946397,2.92333413063484e-20,-8.990435202571458,7.13366273929908,1.0,0.8,25,20
4197,10,FOXK1,4197,-1.0,9.079927304713634,0.22320761766896888,1.4271245903815654e-05,-6.122765425447388,6.28930886222591,1.0,0.8,25,20
4176,10,FOXK1,4176,-1.0,9.079927304713634,0.25025015451065363,1.0512940469118606e-06,-3.7806687727457415,2.869185321488728,1.0,0.8,25,20
4192,10,FOXK1,4192,-1.0,9.079927304713634,0.27860797063475096,4.851288592523217e-08,-11.263967519310688,9.266525115501514,1.0,0.8,25,20
4195,10,FOXK1,4195,-1.0,9.079927304713634,0.4910553018891424,6.512004340918637e-24,-8.18992306266756,6.998952119608624,1.0,0.8,25,20
4191,10,FOXK1,4191,-1.0,9.079927304713634,0.34788866773042065,5.396332393484769e-12,-7.9901390743268035,8.188518682039868,1.0,0.8,25,20
4187,10,FOXK1,4187,-1.0,9.079927304713634,0.5304758458136425,2.581680682491755e-28,-6.6740738195294655,5.660695940958293,1.0,0.8,25,20
4177,10,FOXK1,4177,-1.0,9.079927304713634,0.592128534064018,1.778657213701515e-36,-12.075711240505786,14.750781851332787,1.0,0.8,25,20
4179,10,FOXK1,4179,-1.0,9.079927304713634,0.575803514148006,3.808762998832023e-34,-7.513292353527397,6.209678167050272,1.0,0.8,25,20
4175,10,FOXK1,4175,-1.0,9.079927304713634,0.6318188547646857,9.820300447013593e-43,-9.769850014957608,9.545164021907649,1.0,0.8,25,20
4174,10,FOXK1,4174,-1.0,9.079927304713634,0.2255909591880377,1.1481487382745886e-05,-4.345745692414988,3.400923033348365,1.0,0.8,25,20
4188,10,FOXK1,4188,-1.0,9.079927304713634,0.438850675734425,6.759478756585019e-19,-8.24949636151327,6.575916485794127,1.0,0.8,25,20
237,10,PURA,237,-1.0,9.11223591616878,0.1871183939351925,0.00029002273193907095,-4.0258096805563515,2.998581547509661,1.0,1.0,6,6
238,10,PURA,238,-1.0,9.11223591616878,0.31082044569567396,9.42620255989987e-10,-5.627566728189336,4.956173534285065,1.0,1.0,6,6
233,10,PURA,233,-1.0,9.11223591616878,0.6177286581425352,2.070818115617567e-40,-12.37650910994617,9.62186461751681,1.0,1.0,6,6
234,10,PURA,234,-1.0,9.11223591616878,-0.49311387728916645,3.960316647205706e-24,5.227450838137958,4.074600304030267,1.0,1.0,6,6
235,10,PURA,235,-1.0,9.11223591616878,0.4773218310041195,1.6513484361956638e-22,-6.2638612930401845,4.965769095276723,1.0,1.0,6,6
236,10,PURA,236,-1.0,9.11223591616878,0.06519785588562217,0.21024389227218693,-6.523873590691897,5.779704466956355,1.0,1.0,6,6
6291,10,ZNF589,6291,-1.0,6.043154740651031,0.7171341152473228,7.93281127554707e-60,-9.182150923542803,8.56713555658121,1.0,1.0,4,4
6292,10,ZNF589,6292,-1.0,6.043154740651031,0.5195881909211185,4.847486472428363e-27,-5.303123854381521,4.301291386355806,1.0,1.0,4,4
6293,10,ZNF589,6293,-1.0,6.043154740651031,0.2559229867203087,5.845934599969437e-07,-4.041714335281219,2.9911278206783063,1.0,1.0,4,4
6290,10,ZNF589,6290,-1.0,6.043154740651031,0.6505366160874378,5.1609769962858496e-46,-12.017781715407018,9.26641460351641,1.0,1.0,4,4
7539,10,HSF2,7539,-1.0,9.107529738261348,0.6371697408215973,1.1960961905656168e-43,-8.257322175381733,7.5629940416603745,1.0,0.8333333333333334,24,20
7560,10,HSF2,7560,-1.0,9.107529738261348,0.4597734157076823,8.360929188007132e-21,-8.547329683357816,7.204560725873426,1.0,0.8333333333333334,24,20
7552,10,HSF2,7552,-1.0,9.107529738261348,0.27717331277891233,5.717417551005209e-08,-7.762954044130449,8.330556060362639,1.0,0.8333333333333334,24,20
7547,10,HSF2,7547,-1.0,9.107529738261348,0.48512961270112825,2.675100847193672e-23,-8.49001461385165,7.316964784979,1.0,0.8333333333333334,24,20
7554,10,HSF2,7554,-1.0,9.107529738261348,-0.3140770367794105,6.156448226583581e-10,7.785673499275135,6.335989088126384,1.0,0.8333333333333334,24,20
7537,10,HSF2,7537,-1.0,9.107529738261348,0.7257190326575598,6.674232028817641e-62,-11.77831587584694,9.059367419588986,1.0,0.8333333333333334,24,20
7545,10,HSF2,7545,-1.0,9.107529738261348,0.31592434970402106,4.823718003689029e-10,-3.3555414818693605,2.3755622858113856,1.0,0.8333333333333334,24,20
7558,10,HSF2,7558,-1.0,9.107529738261348,0.3179756401910997,3.6718097854003065e-10,-6.640045570115232,5.331020391329438,1.0,0.8333333333333334,24,20
7538,10,HSF2,7538,-1.0,9.107529738261348,0.22960776618719406,7.915375428390085e-06,-4.150072644286737,3.197516998608962,1.0,0.8333333333333334,24,20
7548,10,HSF2,7548,-1.0,9.107529738261348,0.3356041895299352,3.227263090401123e-11,-4.738257021247121,3.6345146568550293,1.0,0.8333333333333334,24,20
7559,10,HSF2,7559,-1.0,9.107529738261348,0.6668186315173533,4.630899371987176e-49,-8.305845099121537,6.481752964148506,1.0,0.8333333333333334,24,20
7551,10,HSF2,7551,-1.0,9.107529738261348,0.2924793848713508,9.437053491328888e-09,-5.741615037818954,4.503490469902886,1.0,0.8333333333333334,24,20
7553,10,HSF2,7553,-1.0,9.107529738261348,0.5850410187598258,1.8973698910536757e-35,-7.068883406895099,5.6758539828066725,1.0,0.8333333333333334,24,20
7555,10,HSF2,7555,-1.0,9.107529738261348,0.23590334095507562,4.35920368975418e-06,-4.988081402336352,4.150013670907182,1.0,0.8333333333333334,24,20
7543,10,HSF2,7543,-1.0,9.107529738261348,0.6881208919553412,2.3746475851312325e-53,-6.449131444687477,5.081940226882987,1.0,0.8333333333333334,24,20
7541,10,HSF2,7541,-1.0,9.107529738261348,0.7203603916933192,1.3450778203376578e-60,-8.052325796767862,6.699103155653442,1.0,0.8333333333333334,24,20
7550,10,HSF2,7550,-1.0,9.107529738261348,0.5670973381868087,5.905394413391062e-33,-8.279920319172414,6.469486341090679,1.0,0.8333333333333334,24,20
7540,10,HSF2,7540,-1.0,9.107529738261348,0.49515012795597096,2.4134841659342663e-24,-10.913035692340188,12.960731158519662,1.0,0.8333333333333334,24,20
7542,10,HSF2,7542,-1.0,9.107529738261348,0.4978974801251125,1.2307059396901752e-24,-7.365319174659603,6.155778921114985,1.0,0.8333333333333334,24,20
7549,10,HSF2,7549,-1.0,9.107529738261348,0.42469679487330125,1.1159301560409209e-17,-4.357326604843694,3.3178348279527796,1.0,0.8333333333333334,24,20
8413,10,USF1,8413,-1.0,2.02727206658375,0.5927329468412853,1.4495794641744556e-36,-9.636940999535788,10.40638455781506,0.7222222222222222,0.65,20,18
8416,10,USF1,8416,-1.0,2.02727206658375,0.44647210465834936,1.4131987413889308e-19,-6.342836277224421,5.160602694018412,0.7222222222222222,0.65,20,18
8417,10,USF1,8417,-1.0,2.02727206658375,0.38545954875839233,1.3718720354768165e-14,-6.577639134980441,5.385718605297863,0.7222222222222222,0.65,20,18
8424,10,USF1,8424,-1.0,2.02727206658375,0.4054032904306794,4.147758137479268e-16,-8.047203351415337,6.8647645492359155,0.7222222222222222,0.65,20,18
8419,10,USF1,8419,-1.0,2.02727206658375,0.38697927559765666,1.0595232258397229e-14,-5.407770063708251,4.311175568307083,0.7222222222222222,0.65,20,18
8432,10,USF1,8432,-1.0,2.02727206658375,0.1693084267643002,0.0010612239913010994,-7.441197284422453,6.011995317642946,0.7222222222222222,0.65,20,18
8414,10,USF1,8414,-1.0,2.02727206658375,0.17454181422532003,0.0007340838295923128,-12.734711626609247,14.13742712241042,0.7222222222222222,0.65,20,18
8418,10,USF1,8418,-1.0,2.02727206658375,-0.5306126141792606,2.4866173527465175e-28,2.229201650083312,1.440437460061703,0.7222222222222222,0.65,20,18
8420,10,USF1,8420,-1.0,2.02727206658375,0.3151006845468197,5.379120070840023e-10,-8.323808075845438,6.412531444759591,0.7222222222222222,0.65,20,18
8422,10,USF1,8422,-1.0,2.02727206658375,-0.3403849723995799,1.6240617200300445e-11,3.404057557544883,2.4346449474323286,0.7222222222222222,0.65,20,18
8428,10,USF1,8428,-1.0,2.02727206658375,0.3169120429010874,4.2309316897067526e-10,-3.8580556023439323,2.8860536188844144,0.7222222222222222,0.65,20,18
8423,10,USF1,8423,-1.0,2.02727206658375,0.3813118483234126,2.758012572739712e-14,-10.866260527004561,8.50121950532242,0.7222222222222222,0.65,20,18
8426,10,USF1,8426,-1.0,2.02727206658375,0.1885873613810315,0.00025917161298344226,-10.643135464345796,8.354365073583788,0.7222222222222222,0.65,20,18
7379,10,GTF2I,7379,-1.0,9.093464109288494,0.7120304462361675,1.2497254325131152e-58,-12.150685206132987,9.349526564037454,0.9545454545454546,0.84,25,22
7390,10,GTF2I,7390,-1.0,9.093464109288494,0.30063989735322666,3.4538014523529862e-09,-6.336070346032971,5.776691385842959,0.9545454545454546,0.84,25,22
7383,10,GTF2I,7383,-1.0,9.093464109288494,0.4458016576701909,1.6243686421618503e-19,-5.3652891326725225,4.401973579910918,0.9545454545454546,0.84,25,22
7389,10,GTF2I,7389,-1.0,9.093464109288494,0.4506451847900418,5.898306339534265e-20,-5.335097789940004,4.387241043841994,0.9545454545454546,0.84,25,22
7381,10,GTF2I,7381,-1.0,9.093464109288494,0.23106004883241646,6.907982181061909e-06,-7.157749890988273,6.160231654859819,0.9545454545454546,0.84,25,22
7386,10,GTF2I,7386,-1.0,9.093464109288494,0.3548835941410501,1.8811028259896806e-12,-5.696156770823776,4.500695421664133,0.9545454545454546,0.84,25,22
7385,10,GTF2I,7385,-1.0,9.093464109288494,-0.5150908146647648,1.5788646823558942e-26,5.215702056625706,4.056146332200769,0.9545454545454546,0.84,25,22
7397,10,GTF2I,7397,-1.0,9.093464109288494,0.21674730986964705,2.543291908645639e-05,-3.2683279407107824,2.4669320067419926,0.9545454545454546,0.84,25,22
7393,10,GTF2I,7393,-1.0,9.093464109288494,0.310577223602178,9.728905736253386e-10,-4.509333621554695,3.3920876111620917,0.9545454545454546,0.84,25,22
7403,10,GTF2I,7403,-1.0,9.093464109288494,0.3603898133417306,8.056012102552009e-13,-8.218098038244326,7.572522778532195,0.9545454545454546,0.84,25,22
7400,10,GTF2I,7400,-1.0,9.093464109288494,0.6206583681325009,6.960451928696195e-41,-6.43719364581684,5.014175820898475,0.9545454545454546,0.84,25,22
7387,10,GTF2I,7387,-1.0,9.093464109288494,0.1854569637892827,0.0003290302732067712,-5.450492397323993,4.750074213895391,0.9545454545454546,0.84,25,22
7382,10,GTF2I,7382,-1.0,9.093464109288494,0.3647325614458907,4.079454438490361e-13,-9.439946477787998,10.49881006258627,0.9545454545454546,0.84,25,22
7395,10,GTF2I,7395,-1.0,9.093464109288494,0.6163081001182037,3.499007898005627e-40,-9.234699879400369,7.13531113516024,0.9545454545454546,0.84,25,22
7384,10,GTF2I,7384,-1.0,9.093464109288494,0.2761985444273941,6.38911888538124e-08,-6.143225848473657,4.956864563186135,0.9545454545454546,0.84,25,22
7399,10,GTF2I,7399,-1.0,9.093464109288494,-0.3053330262703361,1.9099016284867486e-09,3.252443629799057,2.2821639166303194,0.9545454545454546,0.84,25,22
7388,10,GTF2I,7388,-1.0,9.093464109288494,0.6260858632739339,8.955405262203273e-42,-7.620302609707352,6.137146521732817,0.9545454545454546,0.84,25,22
7394,10,GTF2I,7394,-1.0,9.093464109288494,0.22582125643598563,1.124128884249315e-05,-3.839980177697791,2.853519105622518,0.9545454545454546,0.84,25,22
7396,10,GTF2I,7396,-1.0,9.093464109288494,0.4135501730754318,9.270847350606452e-17,-15.131009565586577,15.559402465005785,0.9545454545454546,0.84,25,22
7391,10,GTF2I,7391,-1.0,9.093464109288494,0.5047577531448499,2.229148585705462e-25,-7.8909118973530585,6.665337326537698,0.9545454545454546,0.84,25,22
7380,10,GTF2I,7380,-1.0,9.093464109288494,0.2554125728197548,6.166454413262158e-07,-3.1289308577062647,2.2237636412391923,0.9545454545454546,0.84,25,22
8275,10,FEV,8275,-1.0,2.9642289103663257,0.1197702973689231,0.02102885896034058,-9.610612923880785,7.779170917381737,1.0,0.7142857142857143,21,15
8273,10,FEV,8273,-1.0,2.9642289103663257,0.1395265269642635,0.007111451716546252,-7.411794450067546,6.1502036506505595,1.0,0.7142857142857143,21,15
8287,10,FEV,8287,-1.0,2.9642289103663257,0.0624706945851236,0.22999068267850262,-4.742051270246356,3.8159527657284418,1.0,0.7142857142857143,21,15
8281,10,FEV,8281,-1.0,2.9642289103663257,0.20953789142118143,4.749790684807835e-05,-7.217252588149084,6.388961061243497,1.0,0.7142857142857143,21,15
8277,10,FEV,8277,-1.0,2.9642289103663257,0.17015561973477972,0.00100046703544524,-3.565766050184458,2.6423561917497715,1.0,0.7142857142857143,21,15
8272,10,FEV,8272,-1.0,2.9642289103663257,0.2241249599620832,1.3128770101022997e-05,-7.3964962428366485,6.721154981403637,1.0,0.7142857142857143,21,15
8289,10,FEV,8289,-1.0,2.9642289103663257,0.16679170701827936,0.001262328513361856,-11.185055452911044,9.543242158587834,1.0,0.7142857142857143,21,15
8278,10,FEV,8278,-1.0,2.9642289103663257,0.1357069579827862,0.00886549209727963,-4.897834350473567,3.9438559116772924,1.0,0.7142857142857143,21,15
8284,10,FEV,8284,-1.0,2.9642289103663257,0.2002032818717782,0.00010336546615625628,-5.119456326988738,4.848058955997034,1.0,0.7142857142857143,21,15
8290,10,FEV,8290,-1.0,2.9642289103663257,0.16126287540117132,0.0018327250451246023,-9.41152371147376,7.4106392032352115,1.0,0.7142857142857143,21,15
8292,10,FEV,8292,-1.0,2.9642289103663257,0.16387324519036117,0.0015391047248187778,-4.753687567262367,3.919725235535065,1.0,0.7142857142857143,21,15
8280,10,FEV,8280,-1.0,2.9642289103663257,0.18018226413214122,0.0004876888656598254,-5.3287477976318165,4.163897573354599,1.0,0.7142857142857143,21,15
8291,10,FEV,8291,-1.0,2.9642289103663257,0.17043088907645465,0.00098142700223905,-2.9061319378315296,1.981265980079515,1.0,0.7142857142857143,21,15
8288,10,FEV,8288,-1.0,2.9642289103663257,0.12666913181178197,0.014629294441392535,-5.887681162111216,4.797580484335477,1.0,0.7142857142857143,21,15
8274,10,FEV,8274,-1.0,2.9642289103663257,0.2032031108898708,8.081726870032597e-05,-5.223760245752088,4.0317892875853705,1.0,0.7142857142857143,21,15
6070,10,ZBTB33,6070,-1.0,9.204416945099963,-0.33199980260235895,5.374119182480612e-11,4.801397370185965,3.7572480609511376,0.8,0.8,5,5
6069,10,ZBTB33,6069,-1.0,9.204416945099963,0.4409564855699974,4.403676415651646e-19,-11.671800804264777,9.037035101722468,0.8,0.8,5,5
6073,10,ZBTB33,6073,-1.0,9.204416945099963,0.35975062098007926,8.896908300008912e-13,-6.792811762576602,5.653561842222525,0.8,0.8,5,5
6072,10,ZBTB33,6072,-1.0,9.204416945099963,0.31880283030617784,3.2872943280598364e-10,-6.6818184297673024,5.334177789623558,0.8,0.8,5,5
1729,10,ZNF35,1729,-1.0,9.086339906665792,0.4623698996796989,4.744818968284574e-21,-7.4871869871261545,6.1719390068687865,0.9545454545454546,0.84,25,22
1732,10,ZNF35,1732,-1.0,9.086339906665792,0.3792539779149639,3.885784693822967e-14,-6.424161050139215,5.071003390842392,0.9545454545454546,0.84,25,22
1733,10,ZNF35,1733,-1.0,9.086339906665792,0.5383379118619532,2.904813898954334e-29,-12.99248379033973,11.06269162436378,0.9545454545454546,0.84,25,22
1738,10,ZNF35,1738,-1.0,9.086339906665792,0.40767500828365105,2.7425496034204566e-16,-7.122569206975309,5.838105428696349,0.9545454545454546,0.84,25,22
1740,10,ZNF35,1740,-1.0,9.086339906665792,0.39015808261091284,6.145102956457677e-15,-9.887311566370418,7.669445082558217,0.9545454545454546,0.84,25,22
1745,10,ZNF35,1745,-1.0,9.086339906665792,0.42767091933251405,6.258651817518033e-18,-9.484184842463375,8.42376259105458,0.9545454545454546,0.84,25,22
1727,10,ZNF35,1727,-1.0,9.086339906665792,0.25238768896711683,8.441178383568051e-07,-3.8901596011187376,2.9716127703462827,0.9545454545454546,0.84,25,22
1741,10,ZNF35,1741,-1.0,9.086339906665792,0.31519515341791665,5.312393487779834e-10,-7.11804819274496,6.097832924808006,0.9545454545454546,0.84,25,22
1724,10,ZNF35,1724,-1.0,9.086339906665792,0.5310501789503617,2.205113352561042e-28,-11.862670414430179,9.131292398657964,0.9545454545454546,0.84,25,22
1743,10,ZNF35,1743,-1.0,9.086339906665792,0.38977597717707274,6.5630039881929425e-15,-7.1560981028895485,5.9503682718866004,0.9545454545454546,0.84,25,22
1730,10,ZNF35,1730,-1.0,9.086339906665792,0.4231848229413659,1.4940665017977548e-17,-8.277005342642507,6.990636358416361,0.9545454545454546,0.84,25,22
1728,10,ZNF35,1728,-1.0,9.086339906665792,0.4437933716692085,2.460677744109697e-19,-12.188597748965119,15.811041345395882,0.9545454545454546,0.84,25,22
1746,10,ZNF35,1746,-1.0,9.086339906665792,0.4103093268035447,1.69081850468155e-16,-8.60303354381734,6.718730029048534,0.9545454545454546,0.84,25,22
1744,10,ZNF35,1744,-1.0,9.086339906665792,0.34194864371370765,1.2940256924081503e-11,-8.078889947033295,8.06092867993913,0.9545454545454546,0.84,25,22
1747,10,ZNF35,1747,-1.0,9.086339906665792,0.4377816735090016,8.392478339116071e-19,-12.691160762895112,10.120359590867503,0.9545454545454546,0.84,25,22
1742,10,ZNF35,1742,-1.0,9.086339906665792,0.28847197775986577,1.5283681204526714e-08,-2.958425150966868,2.016677809338537,0.9545454545454546,0.84,25,22
1725,10,ZNF35,1725,-1.0,9.086339906665792,0.43775018388530257,8.446046721672201e-19,-8.603970276425173,8.577455596533685,0.9545454545454546,0.84,25,22
1736,10,ZNF35,1736,-1.0,9.086339906665792,0.372996942686535,1.0858001217431297e-13,-3.749304580288586,2.844966057487622,0.9545454545454546,0.84,25,22
1739,10,ZNF35,1739,-1.0,9.086339906665792,0.25018999522955704,1.057777897007953e-06,-6.161696454389572,4.76044372274643,0.9545454545454546,0.84,25,22
1737,10,ZNF35,1737,-1.0,9.086339906665792,0.42908630741862636,4.7433091344427455e-18,-6.952903603723998,5.846467860994161,0.9545454545454546,0.84,25,22
1726,10,ZNF35,1726,-1.0,9.086339906665792,0.2005886679654178,0.00010016893933173309,-4.342987612113363,3.3990006542075197,0.9545454545454546,0.84,25,22
7265,10,POLR3A,7265,-1.0,8.959682174269856,0.5917835581864798,1.9985761841267956e-36,-6.724027342972432,5.329239965051846,0.9411764705882353,0.6956521739130435,23,17
7276,10,POLR3A,7276,-1.0,8.959682174269856,0.6577674796786179,2.4150212530251484e-47,-9.47938586441301,7.424166250209319,0.9411764705882353,0.6956521739130435,23,17
7266,10,POLR3A,7266,-1.0,8.959682174269856,0.5731668456561945,8.811839940779836e-34,-4.470169285305953,3.548475838950317,0.9411764705882353,0.6956521739130435,23,17
7279,10,POLR3A,7279,-1.0,8.959682174269856,0.26274096024552507,2.834211832219307e-07,-3.465674469347169,2.513264291887994,0.9411764705882353,0.6956521739130435,23,17
7263,10,POLR3A,7263,-1.0,8.959682174269856,0.36602504600070035,3.3249361896873363e-13,-7.608020199218624,6.495672791107341,0.9411764705882353,0.6956521739130435,23,17
7281,10,POLR3A,7281,-1.0,8.959682174269856,0.30753659493769053,1.4408577101454e-09,-5.611904060177714,4.510011006340982,0.9411764705882353,0.6956521739130435,23,17
7274,10,POLR3A,7274,-1.0,8.959682174269856,0.653504865616856,1.4834066471597117e-46,-8.482153515090136,6.602179629076647,0.9411764705882353,0.6956521739130435,23,17
7259,10,POLR3A,7259,-1.0,8.959682174269856,0.631863034236741,9.652699036324463e-43,-11.457503791612327,8.798434444029732,0.9411764705882353,0.6956521739130435,23,17
7275,10,POLR3A,7275,-1.0,8.959682174269856,0.42938075889993116,4.476750670116237e-18,-6.127863819583178,4.868544524675569,0.9411764705882353,0.6956521739130435,23,17
7273,10,POLR3A,7273,-1.0,8.959682174269856,0.38649024644155505,1.1515412793070323e-14,-5.041176757068294,4.07061725153887,0.9411764705882353,0.6956521739130435,23,17
7278,10,POLR3A,7278,-1.0,8.959682174269856,0.32577590197797135,1.2763867102583357e-10,-4.163517163294546,3.092114582628823,0.9411764705882353,0.6956521739130435,23,17
7277,10,POLR3A,7277,-1.0,8.959682174269856,0.1742692174828511,0.000748505239791703,-5.437791874471369,4.3739792438165965,0.9411764705882353,0.6956521739130435,23,17
7280,10,POLR3A,7280,-1.0,8.959682174269856,0.5405177458129375,1.5689944541312467e-29,-9.705932685193977,7.674976952683217,0.9411764705882353,0.6956521739130435,23,17
7262,10,POLR3A,7262,-1.0,8.959682174269856,0.6017711738344728,6.455537900930826e-38,-7.407728615150602,6.103969466597571,0.9411764705882353,0.6956521739130435,23,17
7260,10,POLR3A,7260,-1.0,8.959682174269856,0.5217708448384043,2.7156086366551613e-27,-8.793890876904278,8.623107640892053,0.9411764705882353,0.6956521739130435,23,17
7261,10,POLR3A,7261,-1.0,8.959682174269856,0.38445587575228474,1.625913981365923e-14,-12.29984379892775,18.717828210825857,0.9411764705882353,0.6956521739130435,23,17
8323,10,HLF,8323,-1.0,1.9029917506474456,0.6089214333888711,5.128556618283048e-39,-2.1967810202033684,1.3697175110099347,0.36363636363636365,0.3076923076923077,13,11
8326,10,HLF,8326,-1.0,1.9029917506474456,0.421456183598606,2.0820198880309982e-17,-2.444954712418066,1.5898041687909523,0.36363636363636365,0.3076923076923077,13,11
8331,10,HLF,8331,-1.0,1.9029917506474456,0.489970084857486,8.45255884229955e-24,-4.432716378658902,3.384202395322676,0.36363636363636365,0.3076923076923077,13,11
8329,10,HLF,8329,-1.0,1.9029917506474456,0.1935716518187608,0.00017584080440851882,-8.706514282460544,7.612905973770709,0.36363636363636365,0.3076923076923077,13,11
7676,10,FOXF1,7676,-1.0,2.9006523127767796,0.8875709985265677,2.8895426266564953e-126,-3.3451491139789016,2.428750730349745,1.0,0.84,25,21
7687,10,FOXF1,7687,-1.0,2.9006523127767796,0.6276330847846369,4.9543357252895455e-42,-6.582551568843682,6.183045389430813,1.0,0.84,25,21
7692,10,FOXF1,7692,-1.0,2.9006523127767796,0.20986706208860806,4.618362498404672e-05,-9.571826810021955,7.713122749937179,1.0,0.84,25,21
7682,10,FOXF1,7682,-1.0,2.9006523127767796,0.35225562054533455,2.8034418868486327e-12,-8.320228541280775,6.533621905130073,1.0,0.84,25,21
7691,10,FOXF1,7691,-1.0,2.9006523127767796,0.29835760462662475,4.589505948682538e-09,-3.8738341057210093,3.0697003324600036,1.0,0.84,25,21
7683,10,FOXF1,7683,-1.0,2.9006523127767796,0.7007949954998038,4.394189125933945e-56,-6.161988589284287,5.150714633774883,1.0,0.84,25,21
7680,10,FOXF1,7680,-1.0,2.9006523127767796,0.29577780545522486,6.310105208386356e-09,-6.393890773200718,5.078474733117067,1.0,0.84,25,21
7685,10,FOXF1,7685,-1.0,2.9006523127767796,0.3011427913436435,3.242998229533774e-09,-6.667001783152652,5.471253079949364,1.0,0.84,25,21
7678,10,FOXF1,7678,-1.0,2.9006523127767796,0.34042233695307345,1.6152935359572693e-11,-7.159974774594511,5.919896876124373,1.0,0.84,25,21
7698,10,FOXF1,7698,-1.0,2.9006523127767796,0.26294141285011646,2.773660113218081e-07,-3.545405416576272,2.551622041137876,1.0,0.84,25,21
7697,10,FOXF1,7697,-1.0,2.9006523127767796,0.6350423112443807,2.776252129032927e-43,-5.054175537921324,4.105724285883659,1.0,0.84,25,21
7681,10,FOXF1,7681,-1.0,2.9006523127767796,0.2579037780498523,4.7470345940504505e-07,-12.622125474557409,10.637835097807548,1.0,0.84,25,21
7675,10,FOXF1,7675,-1.0,2.9006523127767796,0.5130966284952895,2.650388547930823e-26,-4.30066034072634,3.350330290255393,1.0,0.84,25,21
7690,10,FOXF1,7690,-1.0,2.9006523127767796,0.1541048134474793,0.0029198830523120504,-6.167733028704836,4.951581442355753,1.0,0.84,25,21
7686,10,FOXF1,7686,-1.0,2.9006523127767796,0.8249176922335778,1.9000147822929882e-93,-7.605113057547062,7.855067611800664,1.0,0.84,25,21
7677,10,FOXF1,7677,-1.0,2.9006523127767796,0.5887401095556909,5.5558409260824923e-36,-12.033471951769986,13.985009247100564,1.0,0.84,25,21
7674,10,FOXF1,7674,-1.0,2.9006523127767796,0.33192342851502926,5.432114869364485e-11,-11.785018279696752,9.054188954972478,1.0,0.84,25,21
7693,10,FOXF1,7693,-1.0,2.9006523127767796,0.47431809689874205,3.2854398260241106e-22,-12.059685282157247,10.884001059329142,1.0,0.84,25,21
7684,10,FOXF1,7684,-1.0,2.9006523127767796,0.6347530297012951,3.1114556815966796e-43,-5.186203773606593,4.288516212097608,1.0,0.84,25,21
7696,10,FOXF1,7696,-1.0,2.9006523127767796,0.3773472107008321,5.3271409458339383e-14,-8.260039617262365,7.264141105559275,1.0,0.84,25,21
7689,10,FOXF1,7689,-1.0,2.9006523127767796,0.41642630370567074,5.409169191532303e-17,-10.602944975805318,8.109760382759328,1.0,0.84,25,21
127,10,GATA4,127,-1.0,8.6347727085079,0.27671953320157827,6.021167556237376e-08,-8.540495747280165,6.745346849615651,1.0,0.96,25,24
138,10,GATA4,138,-1.0,8.6347727085079,0.3303719770548742,6.751277330734396e-11,-4.930877412617502,3.794185273248628,1.0,0.96,25,24
124,10,GATA4,124,-1.0,8.6347727085079,0.3230814241769811,1.8449797060638973e-10,-8.520650318561524,7.103088921848963,1.0,0.96,25,24
129,10,GATA4,129,-1.0,8.6347727085079,0.35611850438387266,1.5575128274044477e-12,-6.729165365697331,5.301324223151555,1.0,0.96,25,24
134,10,GATA4,134,-1.0,8.6347727085079,0.3809412577519699,2.934169824638066e-14,-5.8048408881631275,4.487393815406125,1.0,0.96,25,24
139,10,GATA4,139,-1.0,8.6347727085079,0.37772179622453517,5.0078140970394624e-14,-2.2331827815348704,1.3972600603994485,1.0,0.96,25,24
116,10,GATA4,116,-1.0,8.6347727085079,0.5036619612395632,2.9362234358991365e-25,-12.140406434822054,9.339747094192498,1.0,0.96,25,24
136,10,GATA4,136,-1.0,8.6347727085079,0.3689533460075153,2.0848310270660437e-13,-8.29838543158838,7.883412670380217,1.0,0.96,25,24
137,10,GATA4,137,-1.0,8.6347727085079,0.45670529237175617,1.6228779164808663e-20,-10.354911525216993,8.039060952010695,1.0,0.96,25,24
130,10,GATA4,130,-1.0,8.6347727085079,0.13271842401483303,0.010496140504979901,-2.396558076349639,1.5386711223375937,1.0,0.96,25,24
118,10,GATA4,118,-1.0,8.6347727085079,0.35558999569955146,1.6887324813531345e-12,-12.425234447110899,16.976623735885234,1.0,0.96,25,24
126,10,GATA4,126,-1.0,8.6347727085079,0.48059487189128086,7.74329287038817e-23,-9.879712696153137,7.713901344033508,1.0,0.96,25,24
132,10,GATA4,132,-1.0,8.6347727085079,0.2861149559262767,2.022401092889313e-08,-5.163412508058795,4.192364993640948,1.0,0.96,25,24
117,10,GATA4,117,-1.0,8.6347727085079,0.36251982788805676,5.777434173405756e-13,-9.32029426475213,9.435929212087808,1.0,0.96,25,24
121,10,GATA4,121,-1.0,8.6347727085079,0.4328641222737389,2.2487536506422304e-18,-13.229998973888454,11.82880548128294,1.0,0.96,25,24
119,10,GATA4,119,-1.0,8.6347727085079,0.3543442755859068,2.0422279326301013e-12,-8.49334672663718,7.305529740304553,1.0,0.96,25,24
125,10,GATA4,125,-1.0,8.6347727085079,0.33938270937662296,1.8773711850168566e-11,-5.893673965223802,4.555083904547575,1.0,0.96,25,24
135,10,GATA4,135,-1.0,8.6347727085079,0.3243123394675434,1.559878417210707e-10,-10.090400414010112,9.021417147546028,1.0,0.96,25,24
140,10,GATA4,140,-1.0,8.6347727085079,0.3185072038389142,3.419990348256443e-10,-2.9891844260031375,2.03911778860008,1.0,0.96,25,24
133,10,GATA4,133,-1.0,8.6347727085079,0.17065496067321997,0.000966175575084548,-6.393601724642703,4.970225064171064,1.0,0.96,25,24
128,10,GATA4,128,-1.0,8.6347727085079,0.3576998004873842,1.221616241928784e-12,-5.021804832796065,3.867982164347744,1.0,0.96,25,24
131,10,GATA4,131,-1.0,8.6347727085079,0.26604525575919374,1.980782682915936e-07,-4.172568519435248,3.0803180285800975,1.0,0.96,25,24
120,10,GATA4,120,-1.0,8.6347727085079,0.46064854524988424,6.911375199070853e-21,-7.7409191345356465,6.4411489497426695,1.0,0.96,25,24
122,10,GATA4,122,-1.0,8.6347727085079,0.31284753147199895,7.235070355686023e-10,-5.417772252580488,4.216607291463511,1.0,0.96,25,24
2767,10,SOX12,2767,-1.0,9.162576200125303,0.5046433095124514,2.294327394275882e-25,-7.257381887316532,5.9608503055307684,0.8947368421052632,0.68,25,19
2785,10,SOX12,2785,-1.0,9.162576200125303,0.22960823618157766,7.915027855279035e-06,-7.71149882034591,6.091507057405352,0.8947368421052632,0.68,25,19
2764,10,SOX12,2764,-1.0,9.162576200125303,0.40052145876856776,9.983445434672972e-16,-11.613237570946369,8.922885404081674,0.8947368421052632,0.68,25,19
2773,10,SOX12,2773,-1.0,9.162576200125303,0.4186028476959701,3.5855609096133794e-17,-6.451460439356998,5.471007491536002,0.8947368421052632,0.68,25,19
2766,10,SOX12,2766,-1.0,9.162576200125303,0.6269292681952451,6.488095424677244e-42,-8.44293297044678,7.92921433420776,0.8947368421052632,0.68,25,19
2780,10,SOX12,2780,-1.0,9.162576200125303,0.32075565696989927,2.528354992037508e-10,-7.702322329506824,6.421344852263723,0.8947368421052632,0.68,25,19
2772,10,SOX12,2772,-1.0,9.162576200125303,0.24529829368539047,1.7347981331459226e-06,-8.347561738004055,6.662279691536166,0.8947368421052632,0.68,25,19
2786,10,SOX12,2786,-1.0,9.162576200125303,-0.4193830383726914,3.0919356563865824e-17,2.9766712940348174,2.0581084046830584,0.8947368421052632,0.68,25,19
2777,10,SOX12,2777,-1.0,9.162576200125303,0.3073636370045378,1.4732087526933414e-09,-6.520993904552303,5.1916144800743105,0.8947368421052632,0.68,25,19
2769,10,SOX12,2769,-1.0,9.162576200125303,0.428325621508823,5.506290720712059e-18,-13.551406596384382,11.475379818913233,0.8947368421052632,0.68,25,19
2768,10,SOX12,2768,-1.0,9.162576200125303,0.4901573776193375,8.081047634050662e-24,-6.182975312616549,4.875088303400947,0.8947368421052632,0.68,25,19
2774,10,SOX12,2774,-1.0,9.162576200125303,0.36157208421359366,6.700564574354614e-13,-10.225568659266662,7.932550563803405,0.8947368421052632,0.68,25,19
2787,10,SOX12,2787,-1.0,9.162576200125303,0.22198116732505047,1.594682908289745e-05,-9.657836355643733,7.759144539944534,0.8947368421052632,0.68,25,19
2765,10,SOX12,2765,-1.0,9.162576200125303,0.3995034509337614,1.1968512238063025e-15,-10.03228884250255,8.99692844563893,0.8947368421052632,0.68,25,19
2783,10,SOX12,2783,-1.0,9.162576200125303,0.09485826144377575,0.06799335801320114,-6.993749536955877,5.865905760632525,0.8947368421052632,0.68,25,19
2779,10,SOX12,2779,-1.0,9.162576200125303,0.3167856144119078,4.3026592844708883e-10,-4.418653755046119,3.323268503306131,0.8947368421052632,0.68,25,19
2778,10,SOX12,2778,-1.0,9.162576200125303,0.4560188655745564,1.8807441528732257e-20,-2.36250977751322,1.5045461002684017,0.8947368421052632,0.68,25,19
6260,10,ETV1,6260,-1.0,3.0161445037338876,0.33970935547320213,1.790852538729891e-11,-6.640928270247875,5.225748690648394,1.0,0.9583333333333334,24,23
6243,10,ETV1,6243,-1.0,3.0161445037338876,0.2828132453817177,2.981130052838866e-08,-7.343207253815393,6.050002706314344,1.0,0.9583333333333334,24,23
6259,10,ETV1,6259,-1.0,3.0161445037338876,0.699291013472389,9.433521343833977e-56,-3.198791215892032,2.2373384946671346,1.0,0.9583333333333334,24,23
6264,10,ETV1,6264,-1.0,3.0161445037338876,0.45147307989669533,4.952460999639674e-20,-4.963070466377229,3.87408287178247,1.0,0.9583333333333334,24,23
6263,10,ETV1,6263,-1.0,3.0161445037338876,0.2943036680711666,7.558461262357175e-09,-8.05380582903928,6.675090311634474,1.0,0.9583333333333334,24,23
6242,10,ETV1,6242,-1.0,3.0161445037338876,0.21681287408615466,2.5286395292667497e-05,-5.4130832515889535,4.661731800795129,1.0,0.9583333333333334,24,23
6253,10,ETV1,6253,-1.0,3.0161445037338876,0.20781624159591292,5.496713046079529e-05,-4.401136277046846,3.4997779774531073,1.0,0.9583333333333334,24,23
6255,10,ETV1,6255,-1.0,3.0161445037338876,0.2034603336490129,7.911661647460259e-05,-6.477247364797156,5.243195383715103,1.0,0.9583333333333334,24,23
6258,10,ETV1,6258,-1.0,3.0161445037338876,0.35279188413698453,2.585011915930631e-12,-5.005502911888294,4.010378484795207,1.0,0.9583333333333334,24,23
6247,10,ETV1,6247,-1.0,3.0161445037338876,0.3649184442245915,3.9614383995556593e-13,-4.600913632263283,3.4748334046290563,1.0,0.9583333333333334,24,23
6251,10,ETV1,6251,-1.0,3.0161445037338876,0.4768929611291145,1.8225319686713556e-22,-7.654169214191715,6.113365888297304,1.0,0.9583333333333334,24,23
6246,10,ETV1,6246,-1.0,3.0161445037338876,0.3198283580511213,2.8646635658411926e-10,-7.686230406700202,6.397366547762802,1.0,0.9583333333333334,24,23
6250,10,ETV1,6250,-1.0,3.0161445037338876,0.5116864103473964,3.8150863257698874e-26,-7.999262183450171,6.4420200790694055,1.0,0.9583333333333334,24,23
6245,10,ETV1,6245,-1.0,3.0161445037338876,0.46357543527354855,3.641421756780897e-21,-12.517771219173547,14.335427869661405,1.0,0.9583333333333334,24,23
6244,10,ETV1,6244,-1.0,3.0161445037338876,0.282220112469656,3.194641148543368e-08,-9.468968052294423,7.690412041892678,1.0,0.9583333333333334,24,23
6256,10,ETV1,6256,-1.0,3.0161445037338876,0.3018865574556384,2.9539268483662763e-09,-10.426872072616627,8.129246230605276,1.0,0.9583333333333334,24,23
6249,10,ETV1,6249,-1.0,3.0161445037338876,0.4545670529237176,2.5663081223061776e-20,-5.413188323303364,4.365320125749135,1.0,0.9583333333333334,24,23
6257,10,ETV1,6257,-1.0,3.0161445037338876,0.24159685291760769,2.50527326295612e-06,-4.080846825712582,3.1230902972073267,1.0,0.9583333333333334,24,23
6248,10,ETV1,6248,-1.0,3.0161445037338876,0.43507521085123035,1.446564788557633e-18,-4.646803316829164,3.63388470861299,1.0,0.9583333333333334,24,23
6254,10,ETV1,6254,-1.0,3.0161445037338876,0.45258391162225614,3.914243507737377e-20,-4.60061904605627,3.6927795764005924,1.0,0.9583333333333334,24,23
6262,10,ETV1,6262,-1.0,3.0161445037338876,0.37997682927689014,3.445891669631182e-14,-5.606386821768439,4.343522373097488,1.0,0.9583333333333334,24,23
6252,10,ETV1,6252,-1.0,3.0161445037338876,0.22958520645678288,7.932076037807842e-06,-3.852553325108985,2.8196562108838314,1.0,0.9583333333333334,24,23
6241,10,ETV1,6241,-1.0,3.0161445037338876,0.4027017627139356,6.75593945074713e-16,-11.583751419459158,8.917280737703353,1.0,0.9583333333333334,24,23
3544,10,ELF4,3544,-1.0,9.17009331920671,0.6788610626103019,1.927825291474901e-51,-3.922337084916644,3.0101778303246687,0.9565217391304348,0.88,25,23
3543,10,ELF4,3543,-1.0,9.17009331920671,0.7201319744229058,1.5263979002404353e-60,-4.358482762231626,3.422835165461453,0.9565217391304348,0.88,25,23
3555,10,ELF4,3555,-1.0,9.17009331920671,0.39121298500482926,5.122142076003699e-15,-9.396880320238404,7.460533943653045,0.9565217391304348,0.88,25,23
3553,10,ELF4,3553,-1.0,9.17009331920671,0.5086107671013331,8.394181800241633e-26,-5.222713702070842,3.9828126404404456,0.9565217391304348,0.88,25,23
3561,10,ELF4,3561,-1.0,9.17009331920671,0.538640118250587,2.667776821690744e-29,-13.647235977186437,11.003346353143433,0.9565217391304348,0.88,25,23
3564,10,ELF4,3564,-1.0,9.17009331920671,0.5808571287573113,7.469424352942232e-35,-8.464627781652544,7.23346009874167,0.9565217391304348,0.88,25,23
3563,10,ELF4,3563,-1.0,9.17009331920671,0.2299461621433624,7.668848721026715e-06,-5.948871704079517,5.063590606771129,0.9565217391304348,0.88,25,23
3557,10,ELF4,3557,-1.0,9.17009331920671,0.5133680502517994,2.470457961706102e-26,-4.407007278958687,3.5735691234423124,0.9565217391304348,0.88,25,23
3542,10,ELF4,3542,-1.0,9.17009331920671,0.505641342585956,1.7837922651134062e-25,-8.236107451413957,8.297275812375581,0.9565217391304348,0.88,25,23
3554,10,ELF4,3554,-1.0,9.17009331920671,0.49644966242653404,1.756394725477773e-24,-9.451904183711827,7.578675035297903,0.9565217391304348,0.88,25,23
3556,10,ELF4,3556,-1.0,9.17009331920671,0.45663291323668687,1.648335732861992e-20,-10.132792610312688,7.794417836072034,0.9565217391304348,0.88,25,23
3541,10,ELF4,3541,-1.0,9.17009331920671,0.6549942778183802,7.893260734687955e-47,-11.788842185196774,9.082079133065497,0.9565217391304348,0.88,25,23
3559,10,ELF4,3559,-1.0,9.17009331920671,0.4505629357729175,6.001462515685473e-20,-6.270905071351409,5.238157888660351,0.9565217391304348,0.88,25,23
3550,10,ELF4,3550,-1.0,9.17009331920671,0.5766621938867831,2.89358076679872e-34,-5.957488160999738,4.672613927781542,0.9565217391304348,0.88,25,23
3551,10,ELF4,3551,-1.0,9.17009331920671,0.557477493143957,1.1123454530755752e-31,-13.118973219178953,11.267832039289482,0.9565217391304348,0.88,25,23
3546,10,ELF4,3546,-1.0,9.17009331920671,0.4571997264632688,1.4590335600988116e-20,-7.339822887513201,6.048756162665204,0.9565217391304348,0.88,25,23
3547,10,ELF4,3547,-1.0,9.17009331920671,0.7415698282405527,5.997161299183704e-66,-8.113415590986396,6.8171018429878725,0.9565217391304348,0.88,25,23
3558,10,ELF4,3558,-1.0,9.17009331920671,0.27027074026465386,1.243885965675195e-07,-3.4128335293594003,2.5158260398312353,0.9565217391304348,0.88,25,23
3560,10,ELF4,3560,-1.0,9.17009331920671,0.3979660993051133,1.5720558718524415e-15,-9.504679632872193,7.3640854568460785,0.9565217391304348,0.88,25,23
3562,10,ELF4,3562,-1.0,9.17009331920671,0.752840528555684,5.191793479100402e-69,-6.195018100109164,5.107656218555337,0.9565217391304348,0.88,25,23
3545,10,ELF4,3545,-1.0,9.17009331920671,0.7671368177150284,3.836146940543039e-73,-11.841354156741078,14.761642359063293,0.9565217391304348,0.88,25,23
3565,10,ELF4,3565,-1.0,9.17009331920671,0.29892065789813815,4.279623598486197e-09,-4.58616411528891,3.5915534223778245,0.9565217391304348,0.88,25,23
6135,10,SREBF2,6135,-1.0,2.3661791779034416,0.4027334873348264,6.717518116074192e-16,-8.020244189543405,6.310698593897483,1.0,0.875,8,7
6132,10,SREBF2,6132,-1.0,2.3661791779034416,0.28201801488472217,3.2707091410079516e-08,-4.9940071264641555,3.972337200873437,1.0,0.875,8,7
6130,10,SREBF2,6130,-1.0,2.3661791779034416,0.20061334267055508,9.996747731884038e-05,-7.732866242298059,6.728656915050436,1.0,0.875,8,7
6129,10,SREBF2,6129,-1.0,2.3661791779034416,0.26868826917518335,1.482035846918067e-07,-6.8947683619143145,6.298264749497731,1.0,0.875,8,7
6134,10,SREBF2,6134,-1.0,2.3661791779034416,0.28190662621581675,3.3133799265660697e-08,-4.9123132987626725,3.7566268347846483,1.0,0.875,8,7
6128,10,SREBF2,6128,-1.0,2.3661791779034416,0.4940844156912325,3.1289118176156233e-24,-11.794529948553167,9.072416375214289,1.0,0.875,8,7
6131,10,SREBF2,6131,-1.0,2.3661791779034416,0.49872608022334136,1.003273215875804e-24,-7.883341190763337,6.123298516579563,1.0,0.875,8,7
71,10,LEF1,71,-1.0,6.742147749417204,0.37021904088246144,1.7014283620320755e-13,-3.5216662687412033,2.5804953802191295,0.9545454545454546,0.84,25,22
77,10,LEF1,77,-1.0,6.742147749417204,0.5531648246803451,4.022409892599615e-31,-7.54845408342775,5.96993283606229,0.9545454545454546,0.84,25,22
68,10,LEF1,68,-1.0,6.742147749417204,0.34705842265184933,6.104836080127908e-12,-9.704250133613836,9.78860419073921,0.9545454545454546,0.84,25,22
90,10,LEF1,90,-1.0,6.742147749417204,0.48968033332001687,9.060743022438312e-24,-4.655994581455553,3.7785329755283157,0.9545454545454546,0.84,25,22
72,10,LEF1,72,-1.0,6.742147749417204,0.30961961004565997,1.1015122914033703e-09,-11.720100349304012,16.359795745282085,0.9545454545454546,0.84,25,22
67,10,LEF1,67,-1.0,6.742147749417204,0.3176952885413019,3.8117912691798736e-10,-12.112565521227875,9.298077209280082,0.9545454545454546,0.84,25,22
70,10,LEF1,70,-1.0,6.742147749417204,0.27359689051715835,8.575881485817247e-08,-4.0177579465730915,3.107543369084312,0.9545454545454546,0.84,25,22
81,10,LEF1,81,-1.0,6.742147749417204,0.23028267812199646,7.4309532816619214e-06,-3.0134193343518043,2.0935743177736867,0.9545454545454546,0.84,25,22
83,10,LEF1,83,-1.0,6.742147749417204,0.19609834162481762,0.00014391185388621367,-5.530725146576873,4.56506977628831,0.9545454545454546,0.84,25,22
84,10,LEF1,84,-1.0,6.742147749417204,0.3388361059085344,2.031349211467512e-11,-6.985511117205179,5.828086433111392,0.9545454545454546,0.84,25,22
88,10,LEF1,88,-1.0,6.742147749417204,0.3238381151345242,1.664238768750255e-10,-8.10557632679559,6.888160347890609,0.9545454545454546,0.84,25,22
80,10,LEF1,80,-1.0,6.742147749417204,0.2041650902271718,7.462804329439883e-05,-6.423438219601287,5.360745077652505,0.9545454545454546,0.84,25,22
75,10,LEF1,75,-1.0,6.742147749417204,0.2994992209843093,3.982362156225143e-09,-12.418703315436174,10.874102368689279,0.9545454545454546,0.84,25,22
69,10,LEF1,69,-1.0,6.742147749417204,0.3657489243003546,3.473695806082679e-13,-4.590808123579788,3.6445050157351506,0.9545454545454546,0.84,25,22
87,10,LEF1,87,-1.0,6.742147749417204,0.2520199183619756,8.767278888438316e-07,-6.7401002907219265,6.413111919486535,0.9545454545454546,0.84,25,22
85,10,LEF1,85,-1.0,6.742147749417204,0.25331099293363446,7.672952507964786e-07,-3.7885388272933302,2.8576073428743825,0.9545454545454546,0.84,25,22
86,10,LEF1,86,-1.0,6.742147749417204,0.3122600384925401,7.813239667417996e-10,-12.064335881744045,9.424476428958998,0.9545454545454546,0.84,25,22
74,10,LEF1,74,-1.0,6.742147749417204,0.44527338398306143,1.8123677057241816e-19,-7.646611215168799,6.054637932620519,0.9545454545454546,0.84,25,22
79,10,LEF1,79,-1.0,6.742147749417204,0.2299301823343211,7.680323898629074e-06,-7.132569326701589,5.92219148805181,0.9545454545454546,0.84,25,22
89,10,LEF1,89,-1.0,6.742147749417204,0.5019852562761876,4.467199179326696e-25,-3.590714921537303,2.6311281493170506,0.9545454545454546,0.84,25,22
73,10,LEF1,73,-1.0,6.742147749417204,0.2995142608045834,3.974908147118639e-09,-8.485687489679837,6.99171391519269,0.9545454545454546,0.84,25,22
6442,10,HINFP,6442,-1.0,9.085300845770451,0.6096964541273732,3.8822968884013224e-39,-9.276057342155273,7.234800852748071,1.0,0.7894736842105263,19,15
6438,10,HINFP,6438,-1.0,9.085300845770451,0.6582755436072539,1.9413370782212243e-47,-11.880629428834567,9.087216230794674,1.0,0.7894736842105263,19,15
6440,10,HINFP,6440,-1.0,9.085300845770451,0.4996879237293115,7.908809715458334e-25,-9.215496870701939,11.4039413246009,1.0,0.7894736842105263,19,15
6447,10,HINFP,6447,-1.0,9.085300845770451,0.49244648526450113,4.654923564091106e-24,-7.167406798232361,6.099967638423361,1.0,0.7894736842105263,19,15
6451,10,HINFP,6451,-1.0,9.085300845770451,0.4462526172812235,1.4791698016382258e-19,-2.5362069910022007,1.6887665969579597,1.0,0.7894736842105263,19,15
6448,10,HINFP,6448,-1.0,9.085300845770451,0.48454940463461466,3.067489352201664e-23,-8.42237212808021,6.458617133134541,1.0,0.7894736842105263,19,15
6449,10,HINFP,6449,-1.0,9.085300845770451,0.1535333002770617,0.0030280206295659404,-3.6139277378554366,2.6329584639863453,1.0,0.7894736842105263,19,15
6439,10,HINFP,6439,-1.0,9.085300845770451,0.6581592199973211,2.0409233287113503e-47,-7.867649361633226,7.375321262797635,1.0,0.7894736842105263,19,15
6453,10,HINFP,6453,-1.0,9.085300845770451,0.498662395984368,1.019172678463078e-24,-4.7357835739936345,3.5752004631794105,1.0,0.7894736842105263,19,15
6446,10,HINFP,6446,-1.0,9.085300845770451,0.5777643307162479,2.0311044696165847e-34,-5.258179007676984,4.237076804114268,1.0,0.7894736842105263,19,15
6452,10,HINFP,6452,-1.0,9.085300845770451,0.36946164493334305,1.921646680819172e-13,-5.776353379698077,4.526245953704469,1.0,0.7894736842105263,19,15
6454,10,HINFP,6454,-1.0,9.085300845770451,0.5192154853749498,5.349414097025179e-27,-5.178380099437587,4.333530370274391,1.0,0.7894736842105263,19,15
6441,10,HINFP,6441,-1.0,9.085300845770451,0.6344360184895792,3.5249520125425435e-43,-9.725371892729967,7.991044056447614,1.0,0.7894736842105263,19,15
6456,10,HINFP,6456,-1.0,9.085300845770451,0.2970818048724318,5.3742340991295934e-09,-2.4599366915834433,1.5852956914696736,1.0,0.7894736842105263,19,15
6443,10,HINFP,6443,-1.0,9.085300845770451,0.40292548004051354,6.489531634459271e-16,-4.33540585610765,3.44826943934632,1.0,0.7894736842105263,19,15
6849,10,OSR1,6849,-1.0,6.892080398058596,0.2276196185309647,9.52325150785446e-06,-5.541010785232342,4.582157814542385,1.0,0.9090909090909091,11,10
6847,10,OSR1,6847,-1.0,6.892080398058596,0.3909773926790042,5.335027551912279e-15,-4.189717579408876,3.269663846897337,1.0,0.9090909090909091,11,10
6854,10,OSR1,6854,-1.0,6.892080398058596,0.3351057532285127,3.464440535000373e-11,-4.6823237187098945,4.121276585689658,1.0,0.9090909090909091,11,10
6850,10,OSR1,6850,-1.0,6.892080398058596,0.29267602016212696,9.214632142658401e-09,-7.1927615532732,6.080791002745532,1.0,0.9090909090909091,11,10
6855,10,OSR1,6855,-1.0,6.892080398058596,0.22674821413094612,1.0321934753606546e-05,-3.272315608777516,2.360592972397545,1.0,0.9090909090909091,11,10
6853,10,OSR1,6853,-1.0,6.892080398058596,0.20777472285804918,5.516025596912797e-05,-3.2921215931482597,2.318323177022621,1.0,0.9090909090909091,11,10
6856,10,OSR1,6856,-1.0,6.892080398058596,0.36705325278399514,2.823839410385208e-13,-6.734018713848323,6.594634162601505,1.0,0.9090909090909091,11,10
6852,10,OSR1,6852,-1.0,6.892080398058596,0.4197365579585825,2.890864007419313e-17,-9.32146359671104,7.277107907639943,1.0,0.9090909090909091,11,10
6848,10,OSR1,6848,-1.0,6.892080398058596,0.47066706655346696,7.512481026622531e-22,-8.8904572628542,9.28852183817788,1.0,0.9090909090909091,11,10
6846,10,OSR1,6846,-1.0,6.892080398058596,0.28736475394243427,1.7438464503352015e-08,-11.569734981162483,8.904482502734279,1.0,0.9090909090909091,11,10
1621,10,ZNF524,1621,1.0,4.62339662229653,0.6609972810824912,5.9839800068666e-48,5.5853719860718325,4.620329525815984,0.6666666666666666,0.5,4,3
1619,10,ZNF524,1619,1.0,4.62339662229653,-0.08295706366308923,0.11066202768041043,-12.095739556636268,9.30448456628706,0.6666666666666666,0.5,4,3
2220,10,HMGA1,2220,-1.0,7.450302009425919,0.679154104108456,1.681578347311253e-51,-6.334208127978129,4.979810617174566,0.85,0.68,25,20
2216,10,HMGA1,2216,-1.0,7.450302009425919,0.46419582785985714,3.17642337742888e-21,-12.995913304673108,18.605996466595222,0.85,0.68,25,20
2234,10,HMGA1,2234,-1.0,7.450302009425919,0.44939100477749294,7.679346485223279e-20,-3.7221981636824153,2.7253242498130867,0.85,0.68,25,20
2233,10,HMGA1,2233,-1.0,7.450302009425919,0.3613258071566045,6.963140490311702e-13,-7.443775200407473,6.391424943461323,0.85,0.68,25,20
2225,10,HMGA1,2225,-1.0,7.450302009425919,0.2937262799709544,8.109957272324423e-09,-9.540813193280762,7.60315857970832,0.85,0.68,25,20
2212,10,HMGA1,2212,-1.0,7.450302009425919,0.4821512582924634,5.386136208320645e-23,-11.724619450617556,9.039827807325132,0.85,0.68,25,20
2230,10,HMGA1,2230,-1.0,7.450302009425919,0.33311580426613907,4.5924291860278755e-11,-7.065221395730155,5.591959100611043,0.85,0.68,25,20
2215,10,HMGA1,2215,-1.0,7.450302009425919,0.6333663112725804,5.364661698345014e-43,-7.81153397426497,6.466525251400118,0.85,0.68,25,20
2213,10,HMGA1,2213,-1.0,7.450302009425919,0.27866624993831324,4.818927275553476e-08,-4.330278973892554,3.3932103338302197,0.85,0.68,25,20
2227,10,HMGA1,2227,-1.0,7.450302009425919,0.4295508968667825,4.3295015897967995e-18,-9.919968422892522,7.684454508778435,0.85,0.68,25,20
2214,10,HMGA1,2214,-1.0,7.450302009425919,0.765752919252615,9.923898107211215e-73,-8.282004608905128,8.298994854239604,0.85,0.68,25,20
2217,10,HMGA1,2217,-1.0,7.450302009425919,0.6876370327374589,3.000178763708535e-53,-7.921117442871702,6.5866141395500355,0.85,0.68,25,20
2222,10,HMGA1,2222,-1.0,7.450302009425919,0.3830891320848716,2.0472290041273213e-14,-8.205730345956642,7.533859255066761,0.85,0.68,25,20
2221,10,HMGA1,2221,-1.0,7.450302009425919,0.41507718482764133,6.968972561028183e-17,-13.455225328257464,12.078126166477835,0.85,0.68,25,20
2223,10,HMGA1,2223,-1.0,7.450302009425919,0.5115790166307512,3.9221244767012745e-26,-10.415547066208665,8.073184647353399,0.85,0.68,25,20
2226,10,HMGA1,2226,-1.0,7.450302009425919,0.6225555004617696,3.414602293659757e-41,-6.4163244719965515,5.3808906270420165,0.85,0.68,25,20
2229,10,HMGA1,2229,-1.0,7.450302009425919,0.5262729210385936,8.109850728076737e-28,-2.5313000542772515,1.670269280749586,0.85,0.68,25,20
2557,10,NR5A2,2557,-1.0,8.269752680291033,0.5745161995314156,5.741838249074936e-34,-11.548385217620629,9.027697438800816,1.0,1.0,12,12
2559,10,NR5A2,2559,-1.0,8.269752680291033,0.40667204026911874,3.293390972378456e-16,-4.742922018674407,3.6349733192872846,1.0,1.0,12,12
2556,10,NR5A2,2556,-1.0,8.269752680291033,0.4055689634508868,4.02492193531926e-16,-9.21297080632167,7.101777583220287,1.0,1.0,12,12
2560,10,NR5A2,2560,-1.0,8.269752680291033,0.5272274796316184,6.262083186179212e-28,-7.2923178909740045,5.885839709576138,1.0,1.0,12,12
2555,10,NR5A2,2555,-1.0,8.269752680291033,0.22909923226417447,8.300086325000342e-06,-3.950597767100058,2.9638538232982845,1.0,1.0,12,12
2554,10,NR5A2,2554,-1.0,8.269752680291033,0.30604365777828957,1.7444256380307836e-09,-6.985663456862123,5.815629357633329,1.0,1.0,12,12
2558,10,NR5A2,2558,-1.0,8.269752680291033,0.41603409339258396,5.823331995690893e-17,-3.865974251381362,2.848592937670101,1.0,1.0,12,12
2553,10,NR5A2,2553,-1.0,8.269752680291033,0.27281011991906695,9.368634113055307e-08,-6.896384901527661,5.587445026117418,1.0,1.0,12,12
2552,10,NR5A2,2552,-1.0,8.269752680291033,-0.28771552179951454,1.6725868165721382e-08,6.604962207401258,5.350686656780791,1.0,1.0,12,12
2562,10,NR5A2,2562,-1.0,8.269752680291033,0.4034890033064106,5.863320627573609e-16,-6.749374984957944,5.360291078320068,1.0,1.0,12,12
2561,10,NR5A2,2561,-1.0,8.269752680291033,0.26708582332441133,1.7676670458789367e-07,-6.41938343994295,5.015991079073281,1.0,1.0,12,12
2551,10,NR5A2,2551,-1.0,8.269752680291033,0.405603508038079,3.999762813735839e-16,-12.234950581486,9.424907632774678,1.0,1.0,12,12
2354,10,KLF4,2354,-1.0,6.558129368078151,0.11810935359322457,0.022891590100132322,-2.3783325637574477,1.5471662063974283,0.9545454545454546,0.84,25,22
2361,10,KLF4,2361,-1.0,6.558129368078151,-0.3245628464739847,1.5073501470531188e-10,2.4092526681719395,1.5280911394444474,0.9545454545454546,0.84,25,22
2351,10,KLF4,2351,-1.0,6.558129368078151,0.3822577120203414,2.3540309680606083e-14,-7.6423794732549135,7.045991541978957,0.9545454545454546,0.84,25,22
2359,10,KLF4,2359,-1.0,6.558129368078151,0.19574114589330657,0.00014806943185019064,-5.037018844617444,3.89993449160509,0.9545454545454546,0.84,25,22
2360,10,KLF4,2360,-1.0,6.558129368078151,0.35215997668827864,2.8442497575499242e-12,-4.79695184480169,3.631276077297818,0.9545454545454546,0.84,25,22
2352,10,KLF4,2352,-1.0,6.558129368078151,-0.26100174602913495,3.4157395913732683e-07,3.5945044427227066,2.5799095600611555,0.9545454545454546,0.84,25,22
2363,10,KLF4,2363,-1.0,6.558129368078151,0.22511767484378561,1.199052416910581e-05,-8.757498582419561,7.4631580711822805,0.9545454545454546,0.84,25,22
2342,10,KLF4,2342,-1.0,6.558129368078151,0.3274981963965531,1.006643247314867e-10,-11.950691054842114,9.275054393985105,0.9545454545454546,0.84,25,22
2348,10,KLF4,2348,-1.0,6.558129368078151,0.2996529091477357,3.906825509248401e-09,-3.2093541882099013,2.2518967239868726,0.9545454545454546,0.84,25,22
2350,10,KLF4,2350,-1.0,6.558129368078151,0.3145815757501699,5.760574730972144e-10,-6.597214963727494,5.596062084007273,0.9545454545454546,0.84,25,22
2344,10,KLF4,2344,-1.0,6.558129368078151,0.399640689293763,1.1679877374146124e-15,-7.467454812806049,6.387083589955477,0.9545454545454546,0.84,25,22
2355,10,KLF4,2355,-1.0,6.558129368078151,0.32804785482813487,9.32895719921899e-11,-6.498584654678919,5.20892849060619,0.9545454545454546,0.84,25,22
2346,10,KLF4,2346,-1.0,6.558129368078151,0.3995163757793095,1.1941033381456795e-15,-11.834808445048578,17.75483177706163,0.9545454545454546,0.84,25,22
2357,10,KLF4,2357,-1.0,6.558129368078151,0.1608642726719416,0.0018818232611472305,-2.806565758512222,1.8970974854669505,0.9545454545454546,0.84,25,22
2347,10,KLF4,2347,-1.0,6.558129368078151,-0.2771021086298019,5.764081928488478e-08,5.450018713681599,4.308398544281149,0.9545454545454546,0.84,25,22
2365,10,KLF4,2365,-1.0,6.558129368078151,0.20411809078881507,7.491975555287564e-05,-5.17357132274613,4.016601447440974,0.9545454545454546,0.84,25,22
2343,10,KLF4,2343,-1.0,6.558129368078151,0.35362612416781625,2.2778535350950237e-12,-3.956793000226122,3.013107474001608,0.9545454545454546,0.84,25,22
2345,10,KLF4,2345,-1.0,6.558129368078151,0.40094985864918914,9.248168057467628e-16,-3.7398438227265913,2.815435503304191,0.9545454545454546,0.84,25,22
2366,10,KLF4,2366,-1.0,6.558129368078151,0.1542096221950148,0.002900437072869126,-3.2222117145006934,2.3075437901279234,0.9545454545454546,0.84,25,22
2362,10,KLF4,2362,-1.0,6.558129368078151,0.13462472123458125,0.009427945488755167,-3.210638488375736,2.3249405365678704,0.9545454545454546,0.84,25,22
2364,10,KLF4,2364,-1.0,6.558129368078151,0.4066412556369952,3.311912476357516e-16,-7.441793778013455,6.436015179291952,0.9545454545454546,0.84,25,22
1054,10,GTF2IRD1,1054,-1.0,9.049442915514819,0.6238169653872637,2.1208039922173084e-41,-11.176391778929537,8.625997724718182,1.0,0.8571428571428571,7,6
1057,10,GTF2IRD1,1057,-1.0,9.049442915514819,0.1344910078324564,0.009499593572313775,-4.781084839236893,3.822244350747542,1.0,0.8571428571428571,7,6
1058,10,GTF2IRD1,1058,-1.0,9.049442915514819,0.5160843827916257,1.2181635611371709e-26,-5.922004044062135,4.771946742501013,1.0,0.8571428571428571,7,6
1055,10,GTF2IRD1,1055,-1.0,9.049442915514819,0.565707329797409,9.079502877134043e-33,-8.992896857747626,8.474288849833446,1.0,0.8571428571428571,7,6
1056,10,GTF2IRD1,1056,-1.0,9.049442915514819,0.4939749069998614,3.2133395028087473e-24,-7.709998633237392,6.363552676758493,1.0,0.8571428571428571,7,6
1059,10,GTF2IRD1,1059,-1.0,9.049442915514819,0.479408136072774,1.0199793369406954e-22,-5.11072988095831,4.045500362704013,1.0,0.8571428571428571,7,6
7745,10,HOXD9,7745,-1.0,5.957636422998608,0.19465208477067436,0.0001614514081899401,-7.82207559850799,7.01161217888931,1.0,0.8181818181818182,11,9
7747,10,HOXD9,7747,-1.0,5.957636422998608,0.2582430847478629,4.579906006540893e-07,-6.728558075910625,5.676313953683401,1.0,0.8181818181818182,11,9
7746,10,HOXD9,7746,-1.0,5.957636422998608,0.18981782831259383,0.00023571721903328118,-7.364890318229611,6.043483517083916,1.0,0.8181818181818182,11,9
7753,10,HOXD9,7753,-1.0,5.957636422998608,0.1824734997516133,0.00041160312969967913,-8.630465202450559,7.400100515052233,1.0,0.8181818181818182,11,9
7752,10,HOXD9,7752,-1.0,5.957636422998608,0.011490494847982353,0.8254171475532087,-6.322438848239147,7.083975364226283,1.0,0.8181818181818182,11,9
7755,10,HOXD9,7755,-1.0,5.957636422998608,-0.1463799037302514,0.00472518857224512,4.667525525985542,3.661723129583979,1.0,0.8181818181818182,11,9
7749,10,HOXD9,7749,-1.0,5.957636422998608,0.2514407916990384,9.305405192054556e-07,-5.803963729100601,4.714487365220186,1.0,0.8181818181818182,11,9
7751,10,HOXD9,7751,-1.0,5.957636422998608,0.2433478595724939,2.1070228152360695e-06,-9.155034624740802,7.622972330185037,1.0,0.8181818181818182,11,9
7754,10,HOXD9,7754,-1.0,5.957636422998608,0.18758235776874618,0.00027992669198495653,-7.485039540839849,6.055599322901522,1.0,0.8181818181818182,11,9
1758,10,ELK1,1758,-1.0,9.153410316319304,0.4609418217452302,6.483355141487966e-21,-6.208969536475317,5.156397862083179,1.0,0.84,25,21
1756,10,ELK1,1756,-1.0,9.153410316319304,0.5449441529173726,4.4299393021648716e-30,-11.583622423901797,9.458656557847874,1.0,0.84,25,21
1764,10,ELK1,1764,-1.0,9.153410316319304,0.4871118140138226,1.6726488428857805e-23,-8.71132948033432,7.216822116505427,1.0,0.84,25,21
1766,10,ELK1,1766,-1.0,9.153410316319304,0.5227014337178671,2.118459636925371e-27,-10.588288705657426,8.586121028276317,1.0,0.84,25,21
1757,10,ELK1,1757,-1.0,9.153410316319304,0.24297652143056891,2.186057445362717e-06,-2.558677281240926,1.7030084922298079,1.0,0.84,25,21
1762,10,ELK1,1762,-1.0,9.153410316319304,0.35299163175000065,2.507976083821003e-12,-6.04426768914139,5.210591455745433,1.0,0.84,25,21
1763,10,ELK1,1763,-1.0,9.153410316319304,0.30328549573832597,2.4764197216927734e-09,-5.446213446097553,4.473550000934996,1.0,0.84,25,21
1769,10,ELK1,1769,-1.0,9.153410316319304,0.22090464518949,1.7569960595500534e-05,-5.778277266021692,5.106708434587338,1.0,0.84,25,21
1752,10,ELK1,1752,-1.0,9.153410316319304,0.49613735115865376,1.8960347185659573e-24,-12.704718978090682,15.986723701674855,1.0,0.84,25,21
1773,10,ELK1,1773,-1.0,9.153410316319304,0.489483640670494,9.497988067821947e-24,-7.864732890496859,6.336252151329052,1.0,0.84,25,21
1761,10,ELK1,1761,-1.0,9.153410316319304,0.31019817313183107,1.0219563007918001e-09,-5.239047268339517,4.148073494226596,1.0,0.84,25,21
1753,10,ELK1,1753,-1.0,9.153410316319304,0.5297551094264424,3.145164371101434e-28,-7.628879004321168,6.300244346443971,1.0,0.84,25,21
1755,10,ELK1,1755,-1.0,9.153410316319304,0.428509154315606,5.311840225924705e-18,-7.737360699135808,6.6409180383752675,1.0,0.84,25,21
1750,10,ELK1,1750,-1.0,9.153410316319304,0.33911880753025003,1.950235369269574e-11,-7.031985295701683,6.6054524532074,1.0,0.84,25,21
1751,10,ELK1,1751,-1.0,9.153410316319304,-0.15296695704486332,0.0031387564579423654,5.965762283924168,4.798304342055813,1.0,0.84,25,21
1759,10,ELK1,1759,-1.0,9.153410316319304,0.48675626326265403,1.8200478801936578e-23,-5.8211867654416585,4.560977811993313,1.0,0.84,25,21
1770,10,ELK1,1770,-1.0,9.153410316319304,0.34920747197071,4.432734896105517e-12,-5.469625638221255,4.218555875736489,1.0,0.84,25,21
1760,10,ELK1,1760,-1.0,9.153410316319304,0.5949421554412425,6.837272692130408e-37,-10.558199776108232,8.004254179161945,1.0,0.84,25,21
1749,10,ELK1,1749,-1.0,9.153410316319304,0.670388943852121,9.366092711180698e-50,-11.755341350002618,9.04893958009253,1.0,0.84,25,21
1771,10,ELK1,1771,-1.0,9.153410316319304,0.5278488122066942,5.289734861961636e-28,-8.321222708710714,6.926838783578668,1.0,0.84,25,21
1754,10,ELK1,1754,-1.0,9.153410316319304,0.2465057092567744,1.5368555390465799e-06,-3.9196267399904214,2.9781162802610335,1.0,0.84,25,21
1443,10,MAZ,1443,-1.0,8.692557643783259,0.6221799749492993,3.9330733278924116e-41,-8.628515643897241,7.153276547548895,0.9047619047619048,0.76,25,21
1446,10,MAZ,1446,-1.0,8.692557643783259,0.684963939680921,1.0828978854321964e-52,-4.117407739813805,3.156578566941446,0.9047619047619048,0.76,25,21
1462,10,MAZ,1462,-1.0,8.692557643783259,0.6248615279047416,1.4272792132096176e-41,-8.979436284218185,8.539783353339628,0.9047619047619048,0.76,25,21
1457,10,MAZ,1457,-1.0,8.692557643783259,0.26553437186425627,2.094265067614489e-07,-5.0298408611105145,4.161145846357235,0.9047619047619048,0.76,25,21
1463,10,MAZ,1463,-1.0,8.692557643783259,0.24446734361524383,1.8849570142458794e-06,-2.912914597073922,1.9691128509380416,0.9047619047619048,0.76,25,21
1445,10,MAZ,1445,-1.0,8.692557643783259,0.4148638073775019,7.253157130987875e-17,-12.678022329830323,11.41562146332151,0.9047619047619048,0.76,25,21
1449,10,MAZ,1449,-1.0,8.692557643783259,0.44135574579883774,4.0586830565853736e-19,-7.410414898391555,5.780188668865149,0.9047619047619048,0.76,25,21
1459,10,MAZ,1459,-1.0,8.692557643783259,0.5401520901825224,1.740318604665748e-29,-10.354561552486178,8.053618546933432,0.9047619047619048,0.76,25,21
1464,10,MAZ,1464,-1.0,8.692557643783259,0.5298596831767861,3.0564387981176777e-28,-2.998514713741499,2.204837146732337,0.9047619047619048,0.76,25,21
1452,10,MAZ,1452,-1.0,8.692557643783259,0.5742396078366865,6.269756970750905e-34,-6.978829291757445,5.9500739114893815,0.9047619047619048,0.76,25,21
1441,10,MAZ,1441,-1.0,8.692557643783259,0.7070503857478904,1.7388593439709908e-57,-9.08673979467918,9.3125419039962,0.9047619047619048,0.76,25,21
1451,10,MAZ,1451,-1.0,8.692557643783259,0.4481633794476157,9.932009879870952e-20,-5.481037506946027,4.336661363513353,0.9047619047619048,0.76,25,21
1461,10,MAZ,1461,-1.0,8.692557643783259,0.5016994996909787,4.797277305071443e-25,-7.651294993953068,5.995082530068895,0.9047619047619048,0.76,25,21
1460,10,MAZ,1460,-1.0,8.692557643783259,0.35996399843021876,8.607077161919142e-13,-7.078669251540296,5.851819346889727,0.9047619047619048,0.76,25,21
1455,10,MAZ,1455,-1.0,8.692557643783259,0.5997995473954086,1.2834465288420824e-37,-3.72558038546981,2.734459389684438,0.9047619047619048,0.76,25,21
1447,10,MAZ,1447,-1.0,8.692557643783259,0.29916787494389446,4.150063410012498e-09,-9.43148161925674,7.4325937176421855,0.9047619047619048,0.76,25,21
1440,10,MAZ,1440,-1.0,8.692557643783259,0.4179314607190444,4.071731085689552e-17,-12.347565545223096,9.499423695159347,0.9047619047619048,0.76,25,21
1448,10,MAZ,1448,-1.0,8.692557643783259,0.5420825921130242,1.0055102189500884e-29,-6.413441509919418,5.413252698135278,0.9047619047619048,0.76,25,21
1442,10,MAZ,1442,-1.0,8.692557643783259,0.46406986936506117,3.265836871600107e-21,-9.735915948996963,9.594581249330153,0.9047619047619048,0.76,25,21
852,10,PPARG,852,-1.0,3.1013556280675267,-0.4116657305945194,1.3158714573279935e-16,4.49283819388437,3.439709295450389,0.8947368421052632,0.68,25,19
859,10,PPARG,859,-1.0,3.1013556280675267,0.3800588432968226,3.3991746634350314e-14,-7.564716784442331,6.120296124424388,0.8947368421052632,0.68,25,19
845,10,PPARG,845,-1.0,3.1013556280675267,0.32448576739507967,1.523326574042367e-10,-6.134313970184918,4.821620266787433,0.8947368421052632,0.68,25,19
847,10,PPARG,847,-1.0,3.1013556280675267,0.288872412974665,1.4569718936562939e-08,-5.847446991001276,4.783196209963845,0.8947368421052632,0.68,25,19
842,10,PPARG,842,-1.0,3.1013556280675267,0.399117350547661,1.2818603658727127e-15,-11.253543426004368,10.008751014916148,0.8947368421052632,0.68,25,19
846,10,PPARG,846,-1.0,3.1013556280675267,0.2785797709717369,4.8670225129517784e-08,-10.878561602912812,8.425493218049176,0.8947368421052632,0.68,25,19
839,10,PPARG,839,-1.0,3.1013556280675267,0.3900537438577609,6.256554134560804e-15,-9.664446868030463,10.078432971311344,0.8947368421052632,0.68,25,19
840,10,PPARG,840,-1.0,3.1013556280675267,0.35347831093418436,2.329546814144004e-12,-7.844913152102928,6.494853067314467,0.8947368421052632,0.68,25,19
861,10,PPARG,861,-1.0,3.1013556280675267,0.23585869148863672,4.3779421748471904e-06,-3.5386039612808773,2.5482541919739345,0.8947368421052632,0.68,25,19
862,10,PPARG,862,-1.0,3.1013556280675267,0.2783121091702954,5.018837202849751e-08,-8.07462666347756,6.289197219521328,0.8947368421052632,0.68,25,19
841,10,PPARG,841,-1.0,3.1013556280675267,0.391656189708533,4.743987232176006e-15,-6.874521950255117,5.438158882295407,0.8947368421052632,0.68,25,19
848,10,PPARG,848,-1.0,3.1013556280675267,0.3172452689190364,4.047404417413079e-10,-7.827360459982739,6.230739467324807,0.8947368421052632,0.68,25,19
857,10,PPARG,857,-1.0,3.1013556280675267,0.28995598502597897,1.2795779257944447e-08,-2.442886803007784,1.566783154547744,0.8947368421052632,0.68,25,19
849,10,PPARG,849,-1.0,3.1013556280675267,0.41558571875066097,6.335040783242941e-17,-7.241286687518867,6.15224415426682,0.8947368421052632,0.68,25,19
853,10,PPARG,853,-1.0,3.1013556280675267,0.36484371511760433,4.008476657538175e-13,-5.484032004354847,4.425432970828669,0.8947368421052632,0.68,25,19
856,10,PPARG,856,-1.0,3.1013556280675267,0.24232581420652025,2.331436779954214e-06,-8.349342316908654,7.436641822391816,0.8947368421052632,0.68,25,19
838,10,PPARG,838,-1.0,3.1013556280675267,0.3238630248368532,1.6585918561393154e-10,-11.650039372703171,8.945360659732362,0.8947368421052632,0.68,25,19
9622,10,HLX,9622,-1.0,1.905961420092595,0.2231859979273248,1.4299278064215584e-05,-4.2642034700924905,3.3018077906461567,0.45454545454545453,0.4166666666666667,12,11
9621,10,HLX,9621,-1.0,1.905961420092595,0.23675849573597596,4.014744083820248e-06,-2.2595512894435172,1.4074796869793378,0.45454545454545453,0.4166666666666667,12,11
9627,10,HLX,9627,-1.0,1.905961420092595,0.1829476637754179,0.0003973049644911884,-7.002718564578548,5.806237695689896,0.45454545454545453,0.4166666666666667,12,11
9631,10,HLX,9631,-1.0,1.905961420092595,0.24096118551383316,2.6669145089854656e-06,-2.80164788680417,1.900492446271865,0.45454545454545453,0.4166666666666667,12,11
9626,10,HLX,9626,-1.0,1.905961420092595,0.10191052716920034,0.04982995382009925,-7.40448781382513,5.964697241548963,0.45454545454545453,0.4166666666666667,12,11
1977,10,PKNOX1,1977,-1.0,9.096021496403367,0.6879068095136264,2.633621621583114e-53,-12.53146867245956,9.69391318691137,0.9444444444444444,0.8095238095238095,21,18
1980,10,PKNOX1,1980,-1.0,9.096021496403367,0.6370975966837197,1.230876134107059e-43,-8.384682573871073,7.091422130120313,0.9444444444444444,0.8095238095238095,21,18
1992,10,PKNOX1,1992,-1.0,9.096021496403367,0.30055341838665034,3.491366007750702e-09,-4.079898907419557,3.037562916006563,0.9444444444444444,0.8095238095238095,21,18
1988,10,PKNOX1,1988,-1.0,9.096021496403367,0.3669112204109161,2.8883838691526306e-13,-3.1362318738058175,2.1801595421874516,0.9444444444444444,0.8095238095238095,21,18
1987,10,PKNOX1,1987,-1.0,9.096021496403367,-0.4262590562042784,8.241722357637718e-18,2.6087695165398492,1.7656119742691745,0.9444444444444444,0.8095238095238095,21,18
1985,10,PKNOX1,1985,-1.0,9.096021496403367,0.5172694736297901,8.930356635181055e-27,-5.701458430568952,4.395334155368941,0.9444444444444444,0.8095238095238095,21,18
1979,10,PKNOX1,1979,-1.0,9.096021496403367,0.25310419540486495,7.838955449724152e-07,-3.4274672725442317,2.5177285876247124,0.9444444444444444,0.8095238095238095,21,18
1978,10,PKNOX1,1978,-1.0,9.096021496403367,0.6565924937197002,3.994893577929238e-47,-6.383660173960984,5.714247259591472,0.9444444444444444,0.8095238095238095,21,18
1991,10,PKNOX1,1991,-1.0,9.096021496403367,0.5709769068259635,1.7584844137731013e-33,-6.215389096443745,5.3381865715380625,0.9444444444444444,0.8095238095238095,21,18
1993,10,PKNOX1,1993,-1.0,9.096021496403367,0.17932659204722504,0.0005193108256226738,-2.61121669986169,1.9391012782729067,0.9444444444444444,0.8095238095238095,21,18
1989,10,PKNOX1,1989,-1.0,9.096021496403367,0.6008039253930917,9.049067076427018e-38,-5.946506975753188,4.768358005918076,0.9444444444444444,0.8095238095238095,21,18
1981,10,PKNOX1,1981,-1.0,9.096021496403367,0.25900826485123507,4.223504032340209e-07,-3.22526800454682,2.318260746213938,0.9444444444444444,0.8095238095238095,21,18
1997,10,PKNOX1,1997,-1.0,9.096021496403367,0.5806562061583365,7.973545961820462e-35,-11.434462943729953,9.609327984161483,0.9444444444444444,0.8095238095238095,21,18
1983,10,PKNOX1,1983,-1.0,9.096021496403367,0.6472346705456871,2.032331827662975e-45,-7.301192529196419,6.13498670483894,0.9444444444444444,0.8095238095238095,21,18
1986,10,PKNOX1,1986,-1.0,9.096021496403367,0.47607094095225566,2.200958406091493e-22,-7.026769417201529,5.739550562568908,0.9444444444444444,0.8095238095238095,21,18
1994,10,PKNOX1,1994,-1.0,9.096021496403367,0.2947532176990485,7.154393649611223e-09,-6.476563236634298,5.358646260428343,0.9444444444444444,0.8095238095238095,21,18
1982,10,PKNOX1,1982,-1.0,9.096021496403367,0.6382150083306505,7.889246869690478e-44,-10.474202999695027,12.3015822530393,0.9444444444444444,0.8095238095238095,21,18
1718,10,PAX9,1718,-1.0,6.17560639478677,0.1593665230308348,0.0020772565173053756,-4.782795067781447,3.887319812059889,1.0,1.0,7,7
1717,10,PAX9,1717,-1.0,6.17560639478677,0.3176565779394086,3.8315228372899357e-10,-6.481991209817426,5.760261009758269,1.0,1.0,7,7
1721,10,PAX9,1721,-1.0,6.17560639478677,0.23056432254333015,7.237267353037772e-06,-5.347112073120115,4.391644978419273,1.0,1.0,7,7
1720,10,PAX9,1720,-1.0,6.17560639478677,0.2748773954930634,7.422069202312103e-08,-8.123929295366965,6.91160762833961,1.0,1.0,7,7
1722,10,PAX9,1722,-1.0,6.17560639478677,0.17696120482912497,0.0006169003598232493,-3.3502204734218837,2.410264615187696,1.0,1.0,7,7
1719,10,PAX9,1719,-1.0,6.17560639478677,0.3474686663798447,5.744085785128125e-12,-9.816973456228737,10.591212821345442,1.0,1.0,7,7
1716,10,PAX9,1716,-1.0,6.17560639478677,0.2792266188541791,4.5182163664799966e-08,-12.7385426469971,9.8338575547659,1.0,1.0,7,7
4728,10,PAX3,4728,-1.0,4.077405563977815,0.16276223537088258,0.001658355995328708,-7.408397665746363,6.052154883947329,1.0,1.0,5,5
4730,10,PAX3,4730,-1.0,4.077405563977815,0.13308939997892857,0.010280229085359034,-5.9752306057629845,4.703860219912352,1.0,1.0,5,5
4727,10,PAX3,4727,-1.0,4.077405563977815,0.22334079693357714,1.4099713366131176e-05,-11.933752976833489,9.222607993374883,1.0,1.0,5,5
4731,10,PAX3,4731,-1.0,4.077405563977815,0.20693673059597545,5.919777549057907e-05,-8.491286172426662,6.772849571105251,1.0,1.0,5,5
4729,10,PAX3,4729,-1.0,4.077405563977815,0.18747151309088816,0.00028230845103846796,-8.019227491258109,6.656214671732369,1.0,1.0,5,5
3119,10,SIX2,3119,-1.0,9.15917098163912,0.3081471675917761,1.3320748346833607e-09,-12.910612266676273,9.983992362783805,1.0,0.6666666666666666,3,2
3121,10,SIX2,3121,-1.0,9.15917098163912,0.3684359645071438,2.264835733169844e-13,-5.038656037843784,3.9076115690119604,1.0,0.6666666666666666,3,2
4213,10,RFX3,4213,-1.0,9.08481599219717,0.44006420123279527,5.28235775052817e-19,-7.265434676849206,6.805818159120559,1.0,0.88,25,22
4214,10,RFX3,4214,-1.0,9.08481599219717,0.4830494175594602,4.364497707957094e-23,-6.722420830657959,5.75931870674431,1.0,0.88,25,22
4201,10,RFX3,4201,-1.0,9.08481599219717,0.34162575757219704,1.3563151572166413e-11,-3.614170615285991,2.7026794531291563,1.0,0.88,25,22
4217,10,RFX3,4217,-1.0,9.08481599219717,0.22466413026364337,1.2498403073730347e-05,-4.3267423466618355,3.384568783226938,1.0,0.88,25,22
4220,10,RFX3,4220,-1.0,9.08481599219717,0.35239591386882924,2.7446163323940536e-12,-5.061017364984849,3.973395324030708,1.0,0.88,25,22
4199,10,RFX3,4199,-1.0,9.08481599219717,0.4248932525256323,1.0742940861628423e-17,-8.711897514623308,8.553898613602533,1.0,0.88,25,22
4210,10,RFX3,4210,-1.0,9.08481599219717,0.3898086417867307,6.5262166704638435e-15,-6.33104024061819,5.332813606880591,1.0,0.88,25,22
4200,10,RFX3,4200,-1.0,9.08481599219717,0.5761480200311607,3.411482582069444e-34,-10.600858311234958,14.829683680461708,1.0,0.88,25,22
4205,10,RFX3,4205,-1.0,9.08481599219717,0.624764474064535,1.4808693191813527e-41,-5.9991063297284795,4.668088151906246,1.0,0.88,25,22
4208,10,RFX3,4208,-1.0,9.08481599219717,0.5600359075709046,5.14284902612437e-32,-8.634315506609562,7.205841284853096,1.0,0.88,25,22
4218,10,RFX3,4218,-1.0,9.08481599219717,0.464002660168211,3.3145560525753897e-21,-4.762425169130272,3.685862743036471,1.0,0.88,25,22
4198,10,RFX3,4198,-1.0,9.08481599219717,0.7541217332452878,2.273496713113807e-69,-11.91567378476497,9.173678812914762,1.0,0.88,25,22
4202,10,RFX3,4202,-1.0,9.08481599219717,0.3105400940458762,9.775938319517527e-10,-4.113880266654055,3.1696639145632735,1.0,0.88,25,22
4211,10,RFX3,4211,-1.0,9.08481599219717,0.5090290621027079,7.544058360489959e-26,-9.309974441276745,7.429554729473351,1.0,0.88,25,22
4219,10,RFX3,4219,-1.0,9.08481599219717,0.347809003682406,5.460673715156525e-12,-2.630884750406094,1.7242051251557011,1.0,0.88,25,22
4203,10,RFX3,4203,-1.0,9.08481599219717,0.5225209558745774,2.223115274926245e-27,-8.653590454255806,7.527497067362885,1.0,0.88,25,22
4204,10,RFX3,4204,-1.0,9.08481599219717,0.5169985218676637,9.58834535387931e-27,-6.698535744248289,5.505821014271943,1.0,0.88,25,22
4215,10,RFX3,4215,-1.0,9.08481599219717,0.21164364085849174,3.966314559399511e-05,-3.8898492485996434,2.9030209697066804,1.0,0.88,25,22
4209,10,RFX3,4209,-1.0,9.08481599219717,0.2648159854489739,2.2644779428071962e-07,-6.711358921107746,5.679858605646052,1.0,0.88,25,22
4212,10,RFX3,4212,-1.0,9.08481599219717,0.39576323562933424,2.317895547980419e-15,-7.234719818837184,6.6336426226721485,1.0,0.88,25,22
4206,10,RFX3,4206,-1.0,9.08481599219717,0.6355856247517843,2.2404696091992758e-43,-11.862357769663658,10.139927307660455,1.0,0.88,25,22
4216,10,RFX3,4216,-1.0,9.08481599219717,0.3399549275386159,1.7283807374055152e-11,-6.579664218977997,5.380136741511492,1.0,0.88,25,22
194,10,THRA,194,-1.0,6.7727458199237125,0.42288426153307473,1.5830222431666274e-17,-7.011759957803959,5.586007100897191,1.0,0.8,20,16
201,10,THRA,201,-1.0,6.7727458199237125,0.21709299073876068,2.4669346015890308e-05,-2.306521906172953,1.4735762704195987,1.0,0.8,20,16
205,10,THRA,205,-1.0,6.7727458199237125,0.2683790128707962,1.5334491887169367e-07,-3.4147282789718933,2.4457846481165397,1.0,0.8,20,16
192,10,THRA,192,-1.0,6.7727458199237125,0.45462674221043065,2.5337981880330214e-20,-7.393530686606188,6.022416580836165,1.0,0.8,20,16
198,10,THRA,198,-1.0,6.7727458199237125,0.40384901900422293,5.494715741656e-16,-3.71603598695871,2.795718905326882,1.0,0.8,20,16
188,10,THRA,188,-1.0,6.7727458199237125,0.5207533069979814,3.5596784308974484e-27,-11.708583480380083,8.965794895297634,1.0,0.8,20,16
207,10,THRA,207,-1.0,6.7727458199237125,0.2779953329557712,5.2044193671781504e-08,-5.498492633682764,4.670077590287979,1.0,0.8,20,16
191,10,THRA,191,-1.0,6.7727458199237125,0.4295367970352755,4.3415213855040386e-18,-8.243418356156461,6.787372436392659,1.0,0.8,20,16
189,10,THRA,189,-1.0,6.7727458199237125,0.36134907187859105,6.937911967544699e-13,-7.707771578805933,7.670092889809158,1.0,0.8,20,16
203,10,THRA,203,-1.0,6.7727458199237125,0.22564876849721646,1.1420738072237705e-05,-6.1959709542979295,4.894497707126954,1.0,0.8,20,16
200,10,THRA,200,-1.0,6.7727458199237125,0.4105342191160816,1.6221023430260193e-16,-7.420613742032322,6.828837208273948,1.0,0.8,20,16
206,10,THRA,206,-1.0,6.7727458199237125,0.5376223454129724,3.5522597514034277e-29,-6.838905451512072,5.552718065361218,1.0,0.8,20,16
190,10,THRA,190,-1.0,6.7727458199237125,0.2356389691143191,4.471280497022062e-06,-3.9044694825597213,2.994676982716604,1.0,0.8,20,16
195,10,THRA,195,-1.0,6.7727458199237125,0.1861375156566879,0.0003124954283102753,-6.020785394312658,5.499854962474009,1.0,0.8,20,16
196,10,THRA,196,-1.0,6.7727458199237125,0.4237640910191124,1.336260681302047e-17,-9.16994107648684,7.227013531111993,1.0,0.8,20,16
202,10,THRA,202,-1.0,6.7727458199237125,0.14059082993958225,0.006681477068767644,-5.067467913399642,4.221396406625946,1.0,0.8,20,16
2115,10,TEAD3,2115,-1.0,9.161163629821436,0.6506724444642887,4.876254553806074e-46,-11.080470080945437,8.778603438810897,1.0,0.88,25,22
2095,10,TEAD3,2095,-1.0,9.161163629821436,0.17295440819482208,0.0008218159269603112,-3.865820810362966,2.940759133003422,1.0,0.88,25,22
2107,10,TEAD3,2107,-1.0,9.161163629821436,0.4611316994761913,6.220276547604808e-21,-8.195246255622331,6.452110881918609,1.0,0.88,25,22
2098,10,TEAD3,2098,-1.0,9.161163629821436,0.5853260703534593,1.7269941820660913e-35,-8.178503801142888,6.8323348354142635,1.0,0.88,25,22
2103,10,TEAD3,2103,-1.0,9.161163629821436,0.46843376721648183,1.2398883780549884e-21,-5.424701682743222,4.270052019231631,1.0,0.88,25,22
2105,10,TEAD3,2105,-1.0,9.161163629821436,0.4804736133403206,7.96478974047429e-23,-9.069014687303184,7.217008448700133,1.0,0.88,25,22
2094,10,TEAD3,2094,-1.0,9.161163629821436,0.6520272032749209,2.7642492525051642e-46,-11.998475643917086,9.222546496002048,1.0,0.88,25,22
2112,10,TEAD3,2112,-1.0,9.161163629821436,0.544578967281341,4.92060441498593e-30,-7.4697276210048145,5.985273422418767,1.0,0.88,25,22
2097,10,TEAD3,2097,-1.0,9.161163629821436,0.5058406202045886,1.696191912554417e-25,-7.92237132656718,6.561173314723541,1.0,0.88,25,22
2113,10,TEAD3,2113,-1.0,9.161163629821436,0.448733012640499,8.815707992021831e-20,-8.661935416586827,6.924597221307878,1.0,0.88,25,22
2116,10,TEAD3,2116,-1.0,9.161163629821436,0.4375591311683826,8.77834018668084e-19,-6.222784724786204,4.985436705371203,1.0,0.88,25,22
2102,10,TEAD3,2102,-1.0,9.161163629821436,0.699440941680747,8.743614810001696e-56,-10.597680856112216,8.221321485418851,1.0,0.88,25,22
2111,10,TEAD3,2111,-1.0,9.161163629821436,0.32474473430042516,1.4702933800366126e-10,-4.341884220027877,3.2938377249346136,1.0,0.88,25,22
2101,10,TEAD3,2101,-1.0,9.161163629821436,0.5172650086831463,8.940829362392833e-27,-5.314368077353504,4.116797236917444,1.0,0.88,25,22
2096,10,TEAD3,2096,-1.0,9.161163629821436,0.47668686859192033,1.9109030981460605e-22,-12.986815190745965,17.806881150081775,1.0,0.88,25,22
2117,10,TEAD3,2117,-1.0,9.161163629821436,0.2753873341213573,7.005587526314205e-08,-4.84833831653038,3.681738366856158,1.0,0.88,25,22
2104,10,TEAD3,2104,-1.0,9.161163629821436,0.5531904393742495,3.9920373403679775e-31,-9.334350278787102,8.261694518076775,1.0,0.88,25,22
2100,10,TEAD3,2100,-1.0,9.161163629821436,0.6195160467832409,1.066241993423021e-40,-11.586768915776872,9.733175450771967,1.0,0.88,25,22
2106,10,TEAD3,2106,-1.0,9.161163629821436,0.3065148271478156,1.6424733039900106e-09,-6.5103142263124365,5.728595225044131,1.0,0.88,25,22
2114,10,TEAD3,2114,-1.0,9.161163629821436,0.6268608840124361,6.660119047395817e-42,-9.659615759485964,7.648312515589223,1.0,0.88,25,22
2118,10,TEAD3,2118,-1.0,9.161163629821436,0.3544521392969354,2.0089600339872487e-12,-3.8596966598653846,2.9959025538661597,1.0,0.88,25,22
2109,10,TEAD3,2109,-1.0,9.161163629821436,0.3064118983778144,1.6642392605395143e-09,-6.759585435323522,5.797862896350692,1.0,0.88,25,22
5682,10,ZNF143,5682,-1.0,9.04739983798914,0.7014214980130987,3.191914604548002e-56,-12.467845656035141,9.880293012367899,1.0,0.88,25,22
5694,10,ZNF143,5694,-1.0,9.04739983798914,0.630329912557545,1.7513628697606976e-42,-3.976097664983275,2.9232252706606405,1.0,0.88,25,22
5688,10,ZNF143,5688,-1.0,9.04739983798914,0.19818182672717063,0.00012176238715239076,-6.179549305029652,5.256585365085549,1.0,0.88,25,22
5678,10,ZNF143,5678,-1.0,9.04739983798914,0.7269177533328478,3.3757766242092056e-62,-11.585384000058646,9.825723910821157,1.0,0.88,25,22
5674,10,ZNF143,5674,-1.0,9.04739983798914,0.6424158181309734,1.4574638120830081e-44,-11.719580080759675,12.835080010970696,1.0,0.88,25,22
5692,10,ZNF143,5692,-1.0,9.04739983798914,0.7279197813586128,1.9041757359574084e-62,-8.716685369805383,6.900969113354442,1.0,0.88,25,22
5672,10,ZNF143,5672,-1.0,9.04739983798914,0.241737616235486,2.4707678888968276e-06,-4.086173421964364,3.134046975549931,1.0,0.88,25,22
5689,10,ZNF143,5689,-1.0,9.04739983798914,0.34491806822908466,8.376508739471692e-12,-3.7112971553623813,2.699607493818371,1.0,0.88,25,22
5683,10,ZNF143,5683,-1.0,9.04739983798914,0.49311411228635815,3.9600910565261985e-24,-4.074589499304156,3.1333514278836523,1.0,0.88,25,22
5681,10,ZNF143,5681,-1.0,9.04739983798914,0.7250800752931003,9.584119200459025e-62,-5.084111364194341,3.8635422532538106,1.0,0.88,25,22
5671,10,ZNF143,5671,-1.0,9.04739983798914,0.565450947861173,9.827037893233e-33,-8.840037226614301,9.215529071427776,1.0,0.88,25,22
5684,10,ZNF143,5684,-1.0,9.04739983798914,0.525284522849952,1.0590423857135063e-27,-7.346596649974024,6.021670041942022,1.0,0.88,25,22
5679,10,ZNF143,5679,-1.0,9.04739983798914,0.7216568712003891,6.546092841415793e-61,-6.7811388984339676,5.358196564842214,1.0,0.88,25,22
5687,10,ZNF143,5687,-1.0,9.04739983798914,0.6073880767124833,8.876183315596546e-39,-6.975186977925363,5.499369220546802,1.0,0.88,25,22
5691,10,ZNF143,5691,-1.0,9.04739983798914,0.5183626805659672,6.699104284868286e-27,-6.394815043146335,5.108805757352551,1.0,0.88,25,22
5677,10,ZNF143,5677,-1.0,9.04739983798914,0.664095014064582,1.544291240678923e-48,-7.980726568701461,6.618675334252479,1.0,0.88,25,22
5670,10,ZNF143,5670,-1.0,9.04739983798914,0.8261610623753047,5.775871835599821e-94,-12.55967683054682,9.701319981956493,1.0,0.88,25,22
5685,10,ZNF143,5685,-1.0,9.04739983798914,0.5159097798781305,1.2750490121181538e-26,-5.743623855688244,4.664625342548285,1.0,0.88,25,22
5680,10,ZNF143,5680,-1.0,9.04739983798914,0.44618117813492136,1.5012889642482897e-19,-4.063855378481667,3.1110118308340295,1.0,0.88,25,22
5676,10,ZNF143,5676,-1.0,9.04739983798914,0.6291948761212304,2.7163809448226462e-42,-8.813366452197307,7.561333968778772,1.0,0.88,25,22
5675,10,ZNF143,5675,-1.0,9.04739983798914,-0.17347234200551304,0.0007921792613090504,7.090481033276801,5.789256535839592,1.0,0.88,25,22
5673,10,ZNF143,5673,-1.0,9.04739983798914,0.24262073568220863,2.264436123953427e-06,-3.0726964729246875,2.1710005379773007,1.0,0.88,25,22
8869,10,HOXC10,8869,-1.0,4.435013381831108,0.30743628506384063,1.4595352692866954e-09,-7.568802157219913,6.735284722838238,0.9444444444444444,0.7391304347826086,23,18
8888,10,HOXC10,8888,-1.0,4.435013381831108,0.23246308810768293,6.05160952904926e-06,-5.584322270870142,5.701297799467783,0.9444444444444444,0.7391304347826086,23,18
8874,10,HOXC10,8874,-1.0,4.435013381831108,0.3436824850727674,1.0043834113293082e-11,-6.125130829789292,5.095012044762054,0.9444444444444444,0.7391304347826086,23,18
8887,10,HOXC10,8887,-1.0,4.435013381831108,0.2637035491815054,2.5545984283287373e-07,-14.3165590599065,14.293273745720679,0.9444444444444444,0.7391304347826086,23,18
8871,10,HOXC10,8871,-1.0,4.435013381831108,0.21912636105116332,2.0599419046933262e-05,-5.912778829499605,4.628077338148863,0.9444444444444444,0.7391304347826086,23,18
8881,10,HOXC10,8881,-1.0,4.435013381831108,0.2109335042418166,4.2157584836788654e-05,-8.63912396318977,7.318645092334945,0.9444444444444444,0.7391304347826086,23,18
8870,10,HOXC10,8870,-1.0,4.435013381831108,0.17038620328427972,0.0009844949673410966,-6.705080887195293,5.499589327169035,0.9444444444444444,0.7391304347826086,23,18
8883,10,HOXC10,8883,-1.0,4.435013381831108,0.31486417662200333,5.549765876875482e-10,-10.246955739719715,14.118536593818403,0.9444444444444444,0.7391304347826086,23,18
8872,10,HOXC10,8872,-1.0,4.435013381831108,0.23072343621304586,7.129980882236592e-06,-7.319002860299231,7.632945215966096,0.9444444444444444,0.7391304347826086,23,18
8884,10,HOXC10,8884,-1.0,4.435013381831108,0.16915752073241186,0.0010723965625708946,-7.54206687374358,6.088911433266981,0.9444444444444444,0.7391304347826086,23,18
8890,10,HOXC10,8890,-1.0,4.435013381831108,0.3372778267766386,2.541050696187438e-11,-3.803300568544611,2.7907499618421636,0.9444444444444444,0.7391304347826086,23,18
8882,10,HOXC10,8882,-1.0,4.435013381831108,0.16233419639764213,0.0017065166859873723,-3.2790062526775507,2.3865681322228602,0.9444444444444444,0.7391304347826086,23,18
8880,10,HOXC10,8880,-1.0,4.435013381831108,-0.21045451093848594,4.3923036673121706e-05,3.80518457220711,2.808169849537177,0.9444444444444444,0.7391304347826086,23,18
8878,10,HOXC10,8878,-1.0,4.435013381831108,0.1547360680303227,0.002804530604760332,-6.1912185677546585,5.163706443170767,0.9444444444444444,0.7391304347826086,23,18
8891,10,HOXC10,8891,-1.0,4.435013381831108,0.25818179205529956,4.6096719376111957e-07,-2.8155650555379244,1.969825439689887,0.9444444444444444,0.7391304347826086,23,18
8879,10,HOXC10,8879,-1.0,4.435013381831108,0.23267746997533573,5.930023240783655e-06,-2.458617985441155,1.5864990176725524,0.9444444444444444,0.7391304347826086,23,18
8877,10,HOXC10,8877,-1.0,4.435013381831108,0.2889664327450607,1.4406822532695941e-08,-14.436901068808469,13.327480781609129,0.9444444444444444,0.7391304347826086,23,18
955,10,ATF4,955,-1.0,1.5255516436115957,0.21256388986151617,3.6637770866147216e-05,-5.912593871061742,4.591489214372415,0.7894736842105263,0.7142857142857143,21,19
952,10,ATF4,952,-1.0,1.5255516436115957,0.3751920514549852,7.590689015732444e-14,-7.048878017541302,5.755172990582153,0.7894736842105263,0.7142857142857143,21,19
945,10,ATF4,945,-1.0,1.5255516436115957,0.548402841586043,1.6275689396842017e-30,-4.3529455320390005,3.2878933180866463,0.7894736842105263,0.7142857142857143,21,19
940,10,ATF4,940,-1.0,1.5255516436115957,0.2758681383757465,6.633612617085924e-08,-11.735042509724908,9.040928000058578,0.7894736842105263,0.7142857142857143,21,19
953,10,ATF4,953,-1.0,1.5255516436115957,0.32300223012335005,1.8649645736981704e-10,-12.043226071924435,15.225021214148336,0.7894736842105263,0.7142857142857143,21,19
948,10,ATF4,948,-1.0,1.5255516436115957,0.37228866115049924,1.2180448093529345e-13,-5.86484083221751,4.8111194409085885,0.7894736842105263,0.7142857142857143,21,19
942,10,ATF4,942,-1.0,1.5255516436115957,0.4230985789719813,1.519076583748438e-17,-7.30383361603239,6.152315253886393,0.7894736842105263,0.7142857142857143,21,19
956,10,ATF4,956,-1.0,1.5255516436115957,0.35625127779723037,1.526146098233442e-12,-4.477240196975619,3.433400350839412,0.7894736842105263,0.7142857142857143,21,19
960,10,ATF4,960,-1.0,1.5255516436115957,0.36858463541360686,2.2116094319305698e-13,-4.78574789639815,3.8573113261030634,0.7894736842105263,0.7142857142857143,21,19
950,10,ATF4,950,-1.0,1.5255516436115957,0.5267537252929827,7.120256922928891e-28,-3.2990434253912886,2.332766659152794,0.7894736842105263,0.7142857142857143,21,19
951,10,ATF4,951,-1.0,1.5255516436115957,0.21932734403823875,2.023370145584334e-05,-10.84109839689608,8.44392681201199,0.7894736842105263,0.7142857142857143,21,19
944,10,ATF4,944,-1.0,1.5255516436115957,0.3801704669629199,3.336586728681493e-14,-7.569352069722108,6.210738047697517,0.7894736842105263,0.7142857142857143,21,19
947,10,ATF4,947,-1.0,1.5255516436115957,0.42549931028324217,9.55237158221236e-18,-6.282284616128397,5.15154671829582,0.7894736842105263,0.7142857142857143,21,19
949,10,ATF4,949,-1.0,1.5255516436115957,0.3126430839151472,7.431392983453462e-10,-5.443954080937535,4.173812348705379,0.7894736842105263,0.7142857142857143,21,19
941,10,ATF4,941,-1.0,1.5255516436115957,0.6057600161678068,1.5840053667811707e-38,-4.986076965132763,4.325743157137971,0.7894736842105263,0.7142857142857143,21,19
7350,10,STAT1,7350,-1.0,9.064967806551131,0.43547541106883775,1.3350822090894974e-18,-6.346243662772092,4.978807293395554,1.0,0.92,25,23
7348,10,STAT1,7348,-1.0,9.064967806551131,0.48392337211570324,3.5546250229897434e-23,-9.542303228749704,8.44637233006797,1.0,0.92,25,23
7341,10,STAT1,7341,-1.0,9.064967806551131,0.24406667340325286,1.9617306797278395e-06,-5.830564075927689,4.9757489585863555,1.0,0.92,25,23
7344,10,STAT1,7344,-1.0,9.064967806551131,0.29477178247719943,7.138165093215167e-09,-7.116756908175805,6.10420478306166,1.0,0.92,25,23
7334,10,STAT1,7334,-1.0,9.064967806551131,0.42383694014856527,1.3176129578592695e-17,-11.344418873202596,14.19877130602377,1.0,0.92,25,23
7352,10,STAT1,7352,-1.0,9.064967806551131,0.5051144788819775,2.0374860332869637e-25,-2.2588739930887596,1.4149003552891664,1.0,0.92,25,23
7349,10,STAT1,7349,-1.0,9.064967806551131,0.3456021450543666,7.5729652302754e-12,-9.077455178143454,7.077667426952354,1.0,0.92,25,23
7336,10,STAT1,7336,-1.0,9.064967806551131,0.3738955719479153,9.380946149316047e-14,-7.963133611676766,6.59558164900427,1.0,0.92,25,23
7337,10,STAT1,7337,-1.0,9.064967806551131,0.38250939401274153,2.2566909701597667e-14,-10.622907075379333,8.744939056199364,1.0,0.92,25,23
7346,10,STAT1,7346,-1.0,9.064967806551131,0.28167656396506063,3.403221253856873e-08,-4.146602842722165,3.1082249332811687,1.0,0.92,25,23
7345,10,STAT1,7345,-1.0,9.064967806551131,0.4388354009169591,6.780447717403142e-19,-6.712305865583851,5.196686743616168,1.0,0.92,25,23
7331,10,STAT1,7331,-1.0,9.064967806551131,0.5875477338045811,8.268684114743812e-36,-4.01049016624414,3.0668322879129915,1.0,0.92,25,23
7347,10,STAT1,7347,-1.0,9.064967806551131,0.45651494464641146,1.690673936579819e-20,-6.969903580509108,5.55649206967673,1.0,0.92,25,23
7335,10,STAT1,7335,-1.0,9.064967806551131,0.5021828889144775,4.252127770721225e-25,-7.9809347244035065,6.695678904261386,1.0,0.92,25,23
7333,10,STAT1,7333,-1.0,9.064967806551131,0.33082035169679724,6.340941188540179e-11,-3.955131074235094,3.0459790481867373,1.0,0.92,25,23
7351,10,STAT1,7351,-1.0,9.064967806551131,0.4348190639121863,1.522672302901413e-18,-5.09440799470475,4.425476631617641,1.0,0.92,25,23
7343,10,STAT1,7343,-1.0,9.064967806551131,0.42957204661404297,4.311533214663661e-18,-12.36363451126796,9.723547603180634,1.0,0.92,25,23
7332,10,STAT1,7332,-1.0,9.064967806551131,0.3327837532341489,4.8126311126663914e-11,-8.22780810806784,8.443370434990843,1.0,0.92,25,23
7340,10,STAT1,7340,-1.0,9.064967806551131,0.3206738779471585,2.5563986369249497e-10,-8.636492940985185,6.884500774179768,1.0,0.92,25,23
7330,10,STAT1,7330,-1.0,9.064967806551131,0.5001449932673305,7.061617704223731e-25,-11.709577332225027,9.021461354560007,1.0,0.92,25,23
7339,10,STAT1,7339,-1.0,9.064967806551131,0.4445698023908614,2.0963454543808657e-19,-6.2675392514183725,4.920252554436692,1.0,0.92,25,23
7342,10,STAT1,7342,-1.0,9.064967806551131,0.44911911302659935,8.130273632876256e-20,-5.577604198213076,4.495006882310817,1.0,0.92,25,23
7353,10,STAT1,7353,-1.0,9.064967806551131,0.34124224215520627,1.4341071495252638e-11,-10.65328155245638,9.108871994802886,1.0,0.92,25,23
5429,10,PEG10,5429,-1.0,7.485520251625066,0.5519520041735502,5.75466932025703e-31,-4.921094074793754,3.8985314235594837,1.0,0.8,5,4
5426,10,PEG10,5426,-1.0,7.485520251625066,0.35867832879397094,1.0504081990762316e-12,-11.093877108103479,8.549306253146389,1.0,0.8,5,4
5427,10,PEG10,5427,-1.0,7.485520251625066,0.33061308417364416,6.527512584372646e-11,-5.791765555684119,5.004013031102057,1.0,0.8,5,4
5430,10,PEG10,5430,-1.0,7.485520251625066,0.2685331710286062,1.507609564597847e-07,-13.440100145839857,11.026641485259583,1.0,0.8,5,4
7146,10,SIX1,7146,-1.0,5.532663199560958,0.23985711619066502,2.9716260595194504e-06,-5.781814529976377,4.677170475980811,1.0,1.0,2,2
7145,10,SIX1,7145,-1.0,5.532663199560958,0.2579443976489799,4.7267225855520876e-07,-12.687767130810322,9.85361847713005,1.0,1.0,2,2
3274,10,RUNX2,3274,-1.0,9.059727800345962,0.6484912005301536,1.2087686745686157e-45,-4.95335015595283,4.564618982453491,0.96,0.96,25,25
3270,10,RUNX2,3270,-1.0,9.059727800345962,0.41376731048063975,8.90292077090577e-17,-10.01698051374416,8.032579149321352,0.96,0.96,25,25
3264,10,RUNX2,3264,-1.0,9.059727800345962,0.405663197324792,3.956653874578097e-16,-7.39828100294281,5.886400422894015,0.96,0.96,25,25
3267,10,RUNX2,3267,-1.0,9.059727800345962,0.4002530919755509,1.0472956783940597e-15,-6.682004313526106,5.193971300864072,0.96,0.96,25,25
3263,10,RUNX2,3263,-1.0,9.059727800345962,0.2170485762695136,2.476622254014675e-05,-8.158538899177518,6.561469249542417,0.96,0.96,25,25
3266,10,RUNX2,3266,-1.0,9.059727800345962,0.17574946479389572,0.0006732337224910772,-8.983586626812356,6.993157102428936,0.96,0.96,25,25
3265,10,RUNX2,3265,-1.0,9.059727800345962,0.4974700202332583,1.3672143705204801e-24,-7.643056157327477,6.997577407671422,0.96,0.96,25,25
3257,10,RUNX2,3257,-1.0,9.059727800345962,0.5788711674895485,1.4216287305709672e-34,-11.790260686308027,14.452104128470289,0.96,0.96,25,25
3273,10,RUNX2,3273,-1.0,9.059727800345962,0.2093465433088075,4.8278053900084314e-05,-7.094172005377177,5.83241176647252,0.96,0.96,25,25
3275,10,RUNX2,3275,-1.0,9.059727800345962,0.7456305797145725,4.9335551916473286e-67,-5.580566424468727,4.6092277669196955,0.96,0.96,25,25
3271,10,RUNX2,3271,-1.0,9.059727800345962,0.2715505349711071,1.0786890664067911e-07,-4.083362366073625,3.105832213698602,0.96,0.96,25,25
3253,10,RUNX2,3253,-1.0,9.059727800345962,0.7620799131450381,1.198268616376378e-71,-4.390624730723558,3.439331416680298,0.96,0.96,25,25
3261,10,RUNX2,3261,-1.0,9.059727800345962,0.25638499119935515,5.569654937418724e-07,-8.717576136781807,6.950717772664767,0.96,0.96,25,25
3252,10,RUNX2,3252,-1.0,9.059727800345962,0.46099775107687463,6.404745968168086e-21,-11.794317182997395,9.026913917342362,0.96,0.96,25,25
3269,10,RUNX2,3269,-1.0,9.059727800345962,0.39142495247181797,4.937736484247594e-15,-8.675616955895475,8.323599776574488,0.96,0.96,25,25
3258,10,RUNX2,3258,-1.0,9.059727800345962,0.2004521345969916,0.0001012906127004684,-6.675834995086714,5.494402527437256,0.96,0.96,25,25
3260,10,RUNX2,3260,-1.0,9.059727800345962,0.36188557046743297,6.380300218340253e-13,-11.669891131130132,9.80326244979738,0.96,0.96,25,25
3255,10,RUNX2,3255,-1.0,9.059727800345962,0.6515261892620384,3.4110477056622484e-46,-3.7416373977719664,2.8388690750291055,0.96,0.96,25,25
3276,10,RUNX2,3276,-1.0,9.059727800345962,-0.5048884115834816,2.1569670235556695e-25,5.589150126347488,4.331398043411309,0.96,0.96,25,25
3268,10,RUNX2,3268,-1.0,9.059727800345962,0.6142138051450285,7.545354406050383e-40,-5.583870669120522,4.648076236267998,0.96,0.96,25,25
3259,10,RUNX2,3259,-1.0,9.059727800345962,-0.42199996710039317,1.87602899911e-17,2.1830973094021706,1.3796953246828358,0.96,0.96,25,25
3254,10,RUNX2,3254,-1.0,9.059727800345962,0.37059691636684944,1.600992411070923e-13,-8.676132825946533,8.299547770659448,0.96,0.96,25,25
3272,10,RUNX2,3272,-1.0,9.059727800345962,0.25156919374813475,9.18342819684103e-07,-6.8927073345308685,5.584938410286976,0.96,0.96,25,25
3256,10,RUNX2,3256,-1.0,9.059727800345962,0.5889539570002138,5.1725356451146776e-36,-7.51145378429372,6.300480275286052,0.96,0.96,25,25
2690,10,ELF2,2690,-1.0,9.012101551890881,0.3646397375551363,4.139668178054946e-13,-4.831560583574608,4.005659337901539,1.0,1.0,25,25
2702,10,ELF2,2702,-1.0,9.012101551890881,0.33865868302873786,2.0839263530150805e-11,-6.296776941705209,4.90010784350449,1.0,1.0,25,25
2681,10,ELF2,2681,-1.0,9.012101551890881,0.2508860569116199,9.850466812360697e-07,-4.0529430825454655,3.101755546691621,1.0,1.0,25,25
2694,10,ELF2,2694,-1.0,9.012101551890881,0.0660377358490566,0.20441609838798455,-2.8293586369001753,1.9820406078155959,1.0,1.0,25,25
2689,10,ELF2,2689,-1.0,9.012101551890881,0.5102409426207357,5.532109285524123e-26,-5.80981199169169,4.493322640429234,1.0,1.0,25,25
2682,10,ELF2,2682,-1.0,9.012101551890881,0.4103267165957367,1.6854046113017103e-16,-7.168868584807566,6.418122598482996,1.0,1.0,25,25
2697,10,ELF2,2697,-1.0,9.012101551890881,0.13459299661369045,0.009444901019244995,-2.2513409270363405,1.4011461933649765,1.0,1.0,25,25
2684,10,ELF2,2684,-1.0,9.012101551890881,-0.3510559598812794,3.3593889736719204e-12,5.500145256130039,4.336700651019766,1.0,1.0,25,25
2680,10,ELF2,2680,-1.0,9.012101551890881,0.27387982713606573,8.306931530236651e-08,-7.819509572473802,7.73361034005464,1.0,1.0,25,25
2685,10,ELF2,2685,-1.0,9.012101551890881,0.4399382427379993,5.419544375429278e-19,-7.293735554550568,6.045910320486048,1.0,1.0,25,25
2679,10,ELF2,2679,-1.0,9.012101551890881,0.7305822995415205,4.107129565847681e-63,-11.811251594151363,9.087858554855767,1.0,1.0,25,25
2683,10,ELF2,2683,-1.0,9.012101551890881,0.37798522807652457,4.794548581120359e-14,-4.1409948433770145,3.227374106986223,1.0,1.0,25,25
2691,10,ELF2,2691,-1.0,9.012101551890881,0.6825939930017837,3.3405603801408632e-52,-9.99643990077,8.046832637061934,1.0,1.0,25,25
2700,10,ELF2,2700,-1.0,9.012101551890881,0.582041984598284,5.077149602673126e-35,-7.638782356168621,6.261349224946327,1.0,1.0,25,25
2688,10,ELF2,2688,-1.0,9.012101551890881,0.3060455377558239,1.7440068951719146e-09,-4.801603005251922,3.853721024621601,1.0,1.0,25,25
2693,10,ELF2,2693,-1.0,9.012101551890881,0.3657320045025462,3.48301997703025e-13,-8.269742461230082,6.936211928909027,1.0,1.0,25,25
2699,10,ELF2,2699,-1.0,9.012101551890881,0.25454942813433384,6.74721512473653e-07,-3.119252682936232,2.1785907228415757,1.0,1.0,25,25
2687,10,ELF2,2687,-1.0,9.012101551890881,0.469253202424231,1.0321126567282672e-21,-5.308219075824853,4.110840536872001,1.0,1.0,25,25
2695,10,ELF2,2695,-1.0,9.012101551890881,0.6582012844946503,2.0043401506118084e-47,-7.511600013948012,6.112699344819201,1.0,1.0,25,25
2686,10,ELF2,2686,-1.0,9.012101551890881,0.6373513936508459,1.1127760880125435e-43,-12.640903063785872,10.809493522760688,1.0,1.0,25,25
2698,10,ELF2,2698,-1.0,9.012101551890881,0.4555145616009889,2.0955082818252972e-20,-7.516227706058519,6.561427016707326,1.0,1.0,25,25
2692,10,ELF2,2692,-1.0,9.012101551890881,0.2348270538167069,4.83292457485161e-06,-3.0859964185801623,2.143950241318543,1.0,1.0,25,25
2701,10,ELF2,2701,-1.0,9.012101551890881,0.39221148807271755,4.3086424062141264e-15,-4.659919677374091,3.536374722611594,1.0,1.0,25,25
2703,10,ELF2,2703,-1.0,9.012101551890881,-0.2836284506400149,2.7100506313961044e-08,5.939730268392304,4.767708233679475,1.0,1.0,25,25
2696,10,ELF2,2696,-1.0,9.012101551890881,-0.5261232278274275,8.444821395950314e-28,7.127207094447006,5.850668830112954,1.0,1.0,25,25
1255,10,GATA2,1255,-1.0,11.342545017359273,0.18476560205105552,0.0003466599117603943,-12.29452865310181,9.47245607093051,1.0,0.8571428571428571,21,18
1268,10,GATA2,1268,-1.0,11.342545017359273,0.32302126489588456,1.8601419466260837e-10,-6.89313363436522,5.535559335248099,1.0,0.8571428571428571,21,18
1264,10,GATA2,1264,-1.0,11.342545017359273,0.12510545498981288,0.015906697415094862,-3.297922452738063,2.317073603558726,1.0,0.8571428571428571,21,18
1274,10,GATA2,1274,-1.0,11.342545017359273,0.5116838253782867,3.8176285422441627e-26,-7.555639132720447,6.1506522419195,1.0,0.8571428571428571,21,18
1260,10,GATA2,1260,-1.0,11.342545017359273,0.3326145552560647,4.9287587250812776e-11,-12.216276351754056,11.040795180985663,1.0,0.8571428571428571,21,18
1275,10,GATA2,1275,-1.0,11.342545017359273,0.4862293995586753,2.0623126096091935e-23,-3.110084579699877,2.214864203563115,1.0,0.8571428571428571,21,18
1263,10,GATA2,1263,-1.0,11.342545017359273,0.2247649440589185,1.2383775124008952e-05,-6.0978869380878145,4.79712094843106,1.0,0.8571428571428571,21,18
1262,10,GATA2,1262,-1.0,11.342545017359273,0.18912620994179125,0.00024864424076022395,-5.691087212037673,4.59765043683747,1.0,0.8571428571428571,21,18
1270,10,GATA2,1270,-1.0,11.342545017359273,0.09333500964663473,0.07255590360745509,-5.685143663943364,4.513300460421934,1.0,0.8571428571428571,21,18
1258,10,GATA2,1258,-1.0,11.342545017359273,0.4020301407398182,7.621854135255402e-16,-11.742189159959507,13.699408062898577,1.0,0.8571428571428571,21,18
1257,10,GATA2,1257,-1.0,11.342545017359273,0.6335141245062121,5.062701280692045e-43,-3.5762334771734547,2.671921291141787,1.0,0.8571428571428571,21,18
1271,10,GATA2,1271,-1.0,11.342545017359273,0.14153199369267538,0.006320802485089824,-5.348613974712544,4.329510779841906,1.0,0.8571428571428571,21,18
1259,10,GATA2,1259,-1.0,11.342545017359273,0.23526649856534215,4.6338589286548605e-06,-7.417242875719162,6.0672803784830736,1.0,0.8571428571428571,21,18
1256,10,GATA2,1256,-1.0,11.342545017359273,0.32269391380773005,1.9447947146571007e-10,-4.360619377116627,3.396409360272566,1.0,0.8571428571428571,21,18
1265,10,GATA2,1265,-1.0,11.342545017359273,0.6272838789576465,5.664206741698388e-42,-7.297422730594826,7.269945882887423,1.0,0.8571428571428571,21,18
1267,10,GATA2,1267,-1.0,11.342545017359273,0.31526917753332856,5.260670539130307e-10,-7.62746518722216,6.837150477480775,1.0,0.8571428571428571,21,18
1261,10,GATA2,1261,-1.0,11.342545017359273,0.29195228617018026,1.0059218295841815e-08,-6.944217094813944,5.5072758594954,1.0,0.8571428571428571,21,18
1272,10,GATA2,1272,-1.0,11.342545017359273,0.21229810803760898,3.748835685827695e-05,-10.17405125696407,8.020212331921922,1.0,0.8571428571428571,21,18
3363,10,GLI3,3363,-1.0,9.09969494738937,0.21451461415309483,3.093078795629447e-05,-11.249249872017081,9.017776791711297,1.0,1.0,12,12
3362,10,GLI3,3362,-1.0,9.09969494738937,0.36405684840900204,4.538140234444227e-13,-7.483441030661042,6.005942031562397,1.0,1.0,12,12
3364,10,GLI3,3364,-1.0,9.09969494738937,0.19352818870792637,0.0001764440541853282,-4.308672291802461,3.2389531252052115,1.0,1.0,12,12
3357,10,GLI3,3357,-1.0,9.09969494738937,0.45026475078928296,6.390552158498571e-20,-7.48094735690034,6.191993771808172,1.0,1.0,12,12
3360,10,GLI3,3360,-1.0,9.09969494738937,0.2123480574161626,3.732709159129327e-05,-6.110057963029371,4.963401081276189,1.0,1.0,12,12
3355,10,GLI3,3355,-1.0,9.09969494738937,0.1441156787844349,0.00541869628967045,-7.034929438850896,6.765101685373826,1.0,1.0,12,12
3358,10,GLI3,3358,-1.0,9.09969494738937,0.33454425435063606,3.7519948649615604e-11,-10.230058141448032,8.821891345233137,1.0,1.0,12,12
3354,10,GLI3,3354,-1.0,9.09969494738937,0.4810768793945588,6.921315416157956e-23,-12.031325060717142,9.33485457223987,1.0,1.0,12,12
3356,10,GLI3,3356,-1.0,9.09969494738937,0.8828675816008718,3.524376837226058e-123,-3.604920488102232,2.702771390265174,1.0,1.0,12,12
3365,10,GLI3,3365,-1.0,9.09969494738937,0.24048016039029319,2.7958086735657795e-06,-6.811716533727574,5.671975144080101,1.0,1.0,12,12
3361,10,GLI3,3361,-1.0,9.09969494738937,0.6984189799253062,1.465908807988604e-55,-3.966981513008391,3.181346461237845,1.0,1.0,12,12
3359,10,GLI3,3359,-1.0,9.09969494738937,0.6628131433232107,2.7102481380573603e-48,-5.64825247084155,4.691602789841925,1.0,1.0,12,12
4075,10,BPTF,4075,-1.0,9.07959803549946,0.733131079083605,9.296629391059021e-64,-7.626527697327618,6.096242738475694,1.0,1.0,25,25
4074,10,BPTF,4074,-1.0,9.07959803549946,0.1597478010137779,0.002025819926039394,-2.8471178728717663,1.9699273429975634,1.0,1.0,25,25
4079,10,BPTF,4079,-1.0,9.07959803549946,0.5453262583512127,3.968291427131607e-30,-10.250753338332357,8.44596393393266,1.0,1.0,25,25
4083,10,BPTF,4083,-1.0,9.07959803549946,0.4142307249428369,8.164992395932214e-17,-7.731807103179791,7.483168282364772,1.0,1.0,25,25
4086,10,BPTF,4086,-1.0,9.07959803549946,0.2578840382857425,4.7569357971984566e-07,-2.5848197910082473,1.6961421192484325,1.0,1.0,25,25
4070,10,BPTF,4070,-1.0,9.07959803549946,-0.39235789132319865,4.2005487892927896e-15,5.808327965334959,4.60734963610826,1.0,1.0,25,25
4076,10,BPTF,4076,-1.0,9.07959803549946,0.46820558494326,1.3047447100923641e-21,-6.675164534674687,5.611255756014073,1.0,1.0,25,25
4077,10,BPTF,4077,-1.0,9.07959803549946,0.7828804545785679,4.750093963115819e-78,-9.658313954848708,7.516569653562053,1.0,1.0,25,25
4069,10,BPTF,4069,-1.0,9.07959803549946,0.5544744640301549,2.727849855101727e-31,-12.240146239218236,16.837836137418332,1.0,1.0,25,25
4085,10,BPTF,4085,-1.0,9.07959803549946,0.16877380815299262,0.0011012952061023665,-3.697160292589842,2.706009982534028,1.0,1.0,25,25
4081,10,BPTF,4081,-1.0,9.07959803549946,0.5256511184691344,9.593351525623887e-28,-5.875299977932785,4.82501591998871,1.0,1.0,25,25
4064,10,BPTF,4064,-1.0,9.07959803549946,0.8601447112707004,6.198383671177597e-110,-11.836646908219683,9.107720749354666,1.0,1.0,25,25
4078,10,BPTF,4078,-1.0,9.07959803549946,0.7388795803890144,3.0580808282203615e-65,-6.102242040887554,4.711410866597725,1.0,1.0,25,25
4080,10,BPTF,4080,-1.0,9.07959803549946,0.6660165861017961,6.611043125347674e-49,-7.488075167516644,5.891674948456893,1.0,1.0,25,25
4065,10,BPTF,4065,-1.0,9.07959803549946,0.37410236947668474,9.06995319217126e-14,-7.9565529337310865,7.648994530814203,1.0,1.0,25,25
4067,10,BPTF,4067,-1.0,9.07959803549946,0.5631540853086806,1.990297100823952e-32,-7.162183329322518,5.888023075624039,1.0,1.0,25,25
4073,10,BPTF,4073,-1.0,9.07959803549946,0.7039279780606623,8.810245150904517e-57,-8.988252174719953,7.133186562675211,1.0,1.0,25,25
4068,10,BPTF,4068,-1.0,9.07959803549946,0.47687298636781295,1.8309176302494516e-22,-8.081911868049316,6.915840445852068,1.0,1.0,25,25
4066,10,BPTF,4066,-1.0,9.07959803549946,0.3317126360339994,5.5953648179451306e-11,-4.187849284732567,3.2777746715092895,1.0,1.0,25,25
4084,10,BPTF,4084,-1.0,9.07959803549946,0.31138161898965305,8.762276120754485e-10,-7.050154903943704,5.975655078659364,1.0,1.0,25,25
4082,10,BPTF,4082,-1.0,9.07959803549946,0.2639967852384164,2.4748294007272213e-07,-4.285661780577015,3.3589008356801306,1.0,1.0,25,25
4088,10,BPTF,4088,-1.0,9.07959803549946,0.5326382899724349,1.4236875579672684e-28,-6.921082374598874,5.424181636703975,1.0,1.0,25,25
4072,10,BPTF,4072,-1.0,9.07959803549946,0.2678674239842834,1.6222926473569086e-07,-3.363402554501232,2.4613158514170537,1.0,1.0,25,25
4071,10,BPTF,4071,-1.0,9.07959803549946,0.6160244585077208,3.884107097998338e-40,-6.324811482378469,4.994137831420123,1.0,1.0,25,25
4087,10,BPTF,4087,-1.0,9.07959803549946,0.44443608898873666,2.155064954720023e-19,-5.987791274554032,4.756537448768292,1.0,1.0,25,25
8398,10,SIRT6,8398,-1.0,3.3307529371312734,0.1435057351064655,0.005620537808875499,-12.1540807058647,10.364142003618248,0.6923076923076923,0.6,15,13
8390,10,SIRT6,8390,-1.0,3.3307529371312734,0.4346785355914997,1.5660855854037287e-18,-7.825052931766812,6.520658200977072,0.6923076923076923,0.6,15,13
8387,10,SIRT6,8387,-1.0,3.3307529371312734,0.25287577813445133,8.026316865020892e-07,-4.436135379080623,3.4923219781554065,0.6923076923076923,0.6,15,13
8393,10,SIRT6,8393,-1.0,3.3307529371312734,-0.4921010393925793,5.060332455757796e-24,2.1639926931824482,1.3375436437484756,0.6923076923076923,0.6,15,13
8389,10,SIRT6,8389,-1.0,3.3307529371312734,0.6842892627433103,1.4939515787738055e-52,-11.230946961282903,14.990817693063187,0.6923076923076923,0.6,15,13
8396,10,SIRT6,8396,-1.0,3.3307529371312734,0.4309836747450868,3.264323791245963e-18,-3.411861500109202,2.4691981208641134,0.6923076923076923,0.6,15,13
8388,10,SIRT6,8388,-1.0,3.3307529371312734,0.3117505645807533,8.35076544022162e-10,-12.66400866851331,17.364891709114666,0.6923076923076923,0.6,15,13
8401,10,SIRT6,8401,-1.0,3.3307529371312734,0.32632391542921063,1.1837099871033165e-10,-2.153672638021364,1.4087363525054692,0.6923076923076923,0.6,15,13
8392,10,SIRT6,8392,-1.0,3.3307529371312734,0.3790382504929066,4.027405833775008e-14,-8.31256252504285,7.1058460890380255,0.6923076923076923,0.6,15,13
5398,10,PATZ1,5398,-1.0,6.424789570314538,0.4430272808239942,2.881013676201887e-19,-6.010626061530168,4.72929201356283,1.0,1.0,8,8
5393,10,PATZ1,5393,-1.0,6.424789570314538,0.5332471676963461,1.2030843525033652e-28,-12.602381025328807,9.67024759820755,1.0,1.0,8,8
5397,10,PATZ1,5397,-1.0,6.424789570314538,0.30218218392290214,2.846109123276729e-09,-5.274790003954438,4.060403038111608,1.0,1.0,8,8
5395,10,PATZ1,5395,-1.0,6.424789570314538,0.4067827239464489,3.227634491107575e-16,-9.12435294258268,9.134163876559002,1.0,1.0,8,8
5399,10,PATZ1,5399,-1.0,6.424789570314538,0.6128670362389169,1.2330342167811127e-39,-9.377533669132134,8.43063584572303,1.0,1.0,8,8
5394,10,PATZ1,5394,-1.0,6.424789570314538,0.3493599851481775,4.3327813073981386e-12,-10.06346703032613,9.255440620081574,1.0,1.0,8,8
5396,10,PATZ1,5396,-1.0,6.424789570314538,0.48669610398155744,1.8462245012323114e-23,-9.240803602740648,8.330505896097007,1.0,1.0,8,8
5400,10,PATZ1,5400,-1.0,6.424789570314538,0.17722289718637865,0.0006053226087990694,-8.410002683458137,7.521526334399343,1.0,1.0,8,8
7487,10,GRHL1,7487,-1.0,9.097039459779078,0.36349953118060246,4.954086596837929e-13,-10.602701327845825,16.14023594916001,1.0,1.0,8,8
7493,10,GRHL1,7493,-1.0,9.097039459779078,0.3770254995452805,5.61724254416276e-14,-10.67066526899601,8.349746901826675,1.0,1.0,8,8
7488,10,GRHL1,7488,-1.0,9.097039459779078,0.47311632125996095,4.318177896741799e-22,-8.264916085943423,6.850957426917279,1.0,1.0,8,8
7486,10,GRHL1,7486,-1.0,9.097039459779078,0.4842596530971455,3.284172911930909e-23,-11.809081632070484,9.135243553940093,1.0,1.0,8,8
7489,10,GRHL1,7489,-1.0,9.097039459779078,0.4439508197877035,2.382083563618859e-19,-10.951668335597368,9.032827085283326,1.0,1.0,8,8
7491,10,GRHL1,7491,-1.0,9.097039459779078,0.45582334791099244,1.9613050140926956e-20,-8.774971485609619,8.353893450898493,1.0,1.0,8,8
7492,10,GRHL1,7492,-1.0,9.097039459779078,0.33589206108986996,3.0975714873369267e-11,-8.278777220797812,7.07271657124664,1.0,1.0,8,8
7490,10,GRHL1,7490,-1.0,9.097039459779078,0.39538136519268596,2.4785512115499174e-15,-10.468114631246765,12.379086960052003,1.0,1.0,8,8
1238,10,DEAF1,1238,-1.0,2.216434257977553,0.6601853657848789,8.511714958886803e-48,-9.55065640321958,8.598796441655322,0.8571428571428571,0.8571428571428571,7,7
1241,10,DEAF1,1241,-1.0,2.216434257977553,0.5459499408982063,3.3148270934100555e-30,-4.401948987525822,3.4567544606640626,0.8571428571428571,0.8571428571428571,7,7
1237,10,DEAF1,1237,-1.0,2.216434257977553,0.4778738394076191,1.4541662895883697e-22,-12.086066132340527,9.370713609362646,0.8571428571428571,0.8571428571428571,7,7
1239,10,DEAF1,1239,-1.0,2.216434257977553,0.5268705188972992,6.898477877176691e-28,-9.022721730151673,7.541967221267515,0.8571428571428571,0.8571428571428571,7,7
1242,10,DEAF1,1242,-1.0,2.216434257977553,0.20695380190206727,5.9112813218141514e-05,-6.865407256693845,6.731695929010398,0.8571428571428571,0.8571428571428571,7,7
1243,10,DEAF1,1243,-1.0,2.216434257977553,0.5232120826156128,1.8479873856780103e-27,-8.78289505904987,7.077126501184469,0.8571428571428571,0.8571428571428571,7,7
5341,10,SOX4,5341,-1.0,9.089305710208178,0.6221703400644364,3.947354069934614e-41,-9.022651484962546,8.778588736961416,0.9473684210526315,0.72,25,19
5350,10,SOX4,5350,-1.0,9.089305710208178,0.4181591729978827,3.899989808384258e-17,-6.865667596332653,5.738052894954973,0.9473684210526315,0.72,25,19
5355,10,SOX4,5355,-1.0,9.089305710208178,0.5362955512681624,5.152097890078941e-29,-6.886423474332659,5.83283805385522,0.9473684210526315,0.72,25,19
5344,10,SOX4,5344,-1.0,9.089305710208178,0.6433915264712587,9.808417458038278e-45,-8.153271631327376,6.924872644589043,0.9473684210526315,0.72,25,19
5363,10,SOX4,5363,-1.0,9.089305710208178,0.3578967281340988,1.1851017621313526e-12,-7.976939653188549,6.4702779321133645,0.9473684210526315,0.72,25,19
5342,10,SOX4,5342,-1.0,9.089305710208178,0.40457210536334093,4.821762663439479e-16,-3.9400640128264257,3.025157511579769,0.9473684210526315,0.72,25,19
5361,10,SOX4,5361,-1.0,9.089305710208178,0.279839120922505,4.210260479494231e-08,-2.734683829222345,1.8276235200586632,0.9473684210526315,0.72,25,19
5346,10,SOX4,5346,-1.0,9.089305710208178,0.008469063794687655,0.8708506029494039,-5.1684318462479535,4.165696074344075,0.9473684210526315,0.72,25,19
5339,10,SOX4,5339,-1.0,9.089305710208178,0.5449819874652498,4.381957036404303e-30,-11.730018738258126,9.035462280052236,0.9473684210526315,0.72,25,19
5345,10,SOX4,5345,-1.0,9.089305710208178,0.6660266909810427,6.581503769623779e-49,-12.225018955117903,17.086893954135416,0.9473684210526315,0.72,25,19
5349,10,SOX4,5349,-1.0,9.089305710208178,0.5158867501533357,1.2827452223463726e-26,-13.375197589151265,11.477468249393029,0.9473684210526315,0.72,25,19
5343,10,SOX4,5343,-1.0,9.089305710208178,0.4463132465567037,1.4606494547841836e-19,-7.531821195031873,6.230970666942541,0.9473684210526315,0.72,25,19
5358,10,SOX4,5358,-1.0,9.089305710208178,0.42670249590517395,7.560211618401818e-18,-6.570310659917899,5.232212262252916,0.9473684210526315,0.72,25,19
5352,10,SOX4,5352,-1.0,9.089305710208178,0.33720005545933734,2.5695176631337647e-11,-9.064735058190996,7.219326472547364,0.9473684210526315,0.72,25,19
5353,10,SOX4,5353,-1.0,9.089305710208178,0.36274636518093606,5.575909147755317e-13,-10.649436803631948,8.194854957330644,0.9473684210526315,0.72,25,19
5347,10,SOX4,5347,-1.0,9.089305710208178,0.6231935178374618,2.684379483557935e-41,-6.290902957600609,4.950015095555553,0.9473684210526315,0.72,25,19
5356,10,SOX4,5356,-1.0,9.089305710208178,0.4625066680453169,4.604702545000449e-21,-7.269040120479611,6.893083927382463,0.9473684210526315,0.72,25,19
5340,10,SOX4,5340,-1.0,9.089305710208178,0.3663519270944713,3.156871671079711e-13,-4.279782134806562,3.336016961691038,0.9473684210526315,0.72,25,19
5836,10,HDX,5836,-1.0,4.742429268979233,0.33376298653231096,4.1911035275002266e-11,-5.910534510695419,4.625411981239615,1.0,0.9130434782608695,23,21
5832,10,HDX,5832,-1.0,4.742429268979233,0.4331954683141537,2.105319748809707e-18,-8.244288117480629,7.029687177651404,1.0,0.9130434782608695,23,21
5848,10,HDX,5848,-1.0,4.742429268979233,0.14258995105008496,0.005936285691099136,-5.2208769566905495,4.030417329893626,1.0,0.9130434782608695,23,21
5826,10,HDX,5826,-1.0,4.742429268979233,0.33811137456907386,2.2546124858241866e-11,-11.89560275701661,9.175005394933352,1.0,0.9130434782608695,23,21
5837,10,HDX,5837,-1.0,4.742429268979233,0.3458961265412879,7.251225483037793e-12,-2.3377163885817116,1.4796702879796353,1.0,0.9130434782608695,23,21
5844,10,HDX,5844,-1.0,4.742429268979233,0.37123540373692543,1.4443153489995033e-13,-2.515727390083585,1.6271107624232148,1.0,0.9130434782608695,23,21
5841,10,HDX,5841,-1.0,4.742429268979233,0.3843108824849544,1.6662329048233514e-14,-5.917631770949354,4.758334038195418,1.0,0.9130434782608695,23,21
5839,10,HDX,5839,-1.0,4.742429268979233,0.35250589255458403,2.6993464083981937e-12,-5.833498265485193,5.569830280893576,1.0,0.9130434782608695,23,21
5847,10,HDX,5847,-1.0,4.742429268979233,0.2962365199735863,5.9641785745881624e-09,-3.1069416345417857,2.2332506266744905,1.0,0.9130434782608695,23,21
5828,10,HDX,5828,-1.0,4.742429268979233,0.3320155474142084,5.362238367404878e-11,-6.60606578861993,5.459469168843621,1.0,0.9130434782608695,23,21
5838,10,HDX,5838,-1.0,4.742429268979233,0.3161840216009419,4.660479810850037e-10,-5.784527108165161,4.797481442569664,1.0,0.9130434782608695,23,21
5843,10,HDX,5843,-1.0,4.742429268979233,0.32857612851526424,8.669892122989093e-11,-2.623086222138525,1.7422636836946377,1.0,0.9130434782608695,23,21
5845,10,HDX,5845,-1.0,4.742429268979233,0.3710882954948688,1.4790266335389304e-13,-4.401579936279738,3.5110431628669585,1.0,0.9130434782608695,23,21
5840,10,HDX,5840,-1.0,4.742429268979233,0.16731048063975637,0.001218210603470892,-8.111698261371268,6.332000370144845,1.0,0.9130434782608695,23,21
5846,10,HDX,5846,-1.0,4.742429268979233,0.3111581366602669,9.02104945348462e-10,-7.528117628465784,12.314844335285805,1.0,0.9130434782608695,23,21
5835,10,HDX,5835,-1.0,4.742429268979233,0.458349332725474,1.1384318354589599e-20,-2.692560384451963,1.7832484090510214,1.0,0.9130434782608695,23,21
5830,10,HDX,5830,-1.0,4.742429268979233,0.2166309862597142,2.5694862028058085e-05,-7.1779309087513115,5.960724954419477,1.0,0.9130434782608695,23,21
5833,10,HDX,5833,-1.0,4.742429268979233,0.2176414741843835,2.3502210192019568e-05,-10.668063522947932,9.133706151805482,1.0,0.9130434782608695,23,21
5827,10,HDX,5827,-1.0,4.742429268979233,0.3610783551136564,7.237092186895214e-13,-3.4733832756500025,2.5706684123552836,1.0,0.9130434782608695,23,21
5842,10,HDX,5842,-1.0,4.742429268979233,0.3906372418849595,5.657773750465319e-15,-5.439379991401659,4.199358436204565,1.0,0.9130434782608695,23,21
5829,10,HDX,5829,-1.0,4.742429268979233,0.41441919269064736,7.882371648722168e-17,-11.648142900456783,12.282399327279359,1.0,0.9130434782608695,23,21
4967,10,MNT,4967,-1.0,9.113305438844868,0.5147134091747605,1.741942972294327e-26,-5.0182087101986435,3.860032060519665,1.0,1.0,2,2
4966,10,MNT,4966,-1.0,9.113305438844868,0.7129659700566578,7.573395628148295e-59,-11.173299823441374,8.731787855259196,1.0,1.0,2,2
2301,10,BDP1,2301,-1.0,9.081643343813024,0.626953237908807,6.428846167641371e-42,-6.330573267355663,5.006417185816532,1.0,0.9411764705882353,17,16
2300,10,BDP1,2300,-1.0,9.081643343813024,0.3255730994014622,1.3124433677856664e-10,-7.376138270169223,6.276697641307994,1.0,0.9411764705882353,17,16
2297,10,BDP1,2297,-1.0,9.081643343813024,0.38143945179855104,2.6997888081205332e-14,-11.20773758776874,15.22022102018474,1.0,0.9411764705882353,17,16
2311,10,BDP1,2311,-1.0,9.081643343813024,0.5794328107779112,1.1855933641698394e-34,-7.57055899678152,6.192273552800848,1.0,0.9411764705882353,17,16
2310,10,BDP1,2310,-1.0,9.081643343813024,0.4774691742433678,1.5962754483172533e-22,-7.184895155566046,6.125682372491922,1.0,0.9411764705882353,17,16
2299,10,BDP1,2299,-1.0,9.081643343813024,-0.43657472793200125,1.0705217735290977e-18,5.756843843289281,4.657058661355435,1.0,0.9411764705882353,17,16
2309,10,BDP1,2309,-1.0,9.081643343813024,0.4851827220664714,2.6417601740217424e-23,-5.4501468208097705,4.291990797946896,1.0,0.9411764705882353,17,16
2307,10,BDP1,2307,-1.0,9.081643343813024,0.6356194643474011,2.21071641553578e-43,-8.697977575973773,7.019488792439329,1.0,0.9411764705882353,17,16
2302,10,BDP1,2302,-1.0,9.081643343813024,0.33665603696035834,2.7775252715601586e-11,-6.539469305924664,5.174775584338049,1.0,0.9411764705882353,17,16
2298,10,BDP1,2298,-1.0,9.081643343813024,0.3511179991399103,3.328168834218096e-12,-3.659782550047623,2.7410045509533743,1.0,0.9411764705882353,17,16
2303,10,BDP1,2303,-1.0,9.081643343813024,0.6272091498506593,5.828733788727703e-42,-10.994514857190763,8.438630141943886,1.0,0.9411764705882353,17,16
2296,10,BDP1,2296,-1.0,9.081643343813024,0.39639349809769775,2.074800947221366e-15,-5.969706658641444,4.8326840507531506,1.0,0.9411764705882353,17,16
2295,10,BDP1,2295,-1.0,9.081643343813024,0.7776825516935072,2.194270483063517e-76,-11.62165002654868,8.920274566324672,1.0,0.9411764705882353,17,16
2305,10,BDP1,2305,-1.0,9.081643343813024,-0.307912825441736,1.372849161646246e-09,2.6005383844570495,1.70077606071828,1.0,0.9411764705882353,17,16
2308,10,BDP1,2308,-1.0,9.081643343813024,0.17136606217555703,0.0009192103232744273,-6.671218192270442,7.1752745516279814,1.0,0.9411764705882353,17,16
2306,10,BDP1,2306,-1.0,9.081643343813024,-0.264325076315338,2.3883676775899135e-07,3.0818396981641714,2.205679534001108,1.0,0.9411764705882353,17,16
7198,10,TCF4,7198,-1.0,3.0480025673796165,0.2605019070022113,3.603057902760681e-07,-7.533491047722494,5.805830293197839,1.0,0.88,25,22
7177,10,TCF4,7177,-1.0,3.0480025673796165,0.42151469789936014,2.0588283641423474e-17,-12.30008217542372,9.477119594559797,1.0,0.88,25,22
7179,10,TCF4,7179,-1.0,3.0480025673796165,0.8406070447458154,2.715984853782528e-100,-4.502527132404446,3.603190091099957,1.0,0.88,25,22
7187,10,TCF4,7187,-1.0,3.0480025673796165,0.4087468304753758,2.253785011944384e-16,-8.070121375927055,6.589637933360483,1.0,0.88,25,22
7189,10,TCF4,7189,-1.0,3.0480025673796165,0.331384109959886,5.859366410002664e-11,-11.267038870032446,9.654943291604344,1.0,0.88,25,22
7199,10,TCF4,7199,-1.0,3.0480025673796165,0.23915899205004498,3.181173983850403e-06,-5.201901653599971,4.766562000642013,1.0,0.88,25,22
7186,10,TCF4,7186,-1.0,3.0480025673796165,0.3721681075911143,1.2420716714454014e-13,-6.0178447290110375,4.660327341159511,1.0,0.88,25,22
7188,10,TCF4,7188,-1.0,3.0480025673796165,0.3690184402296393,2.0631996648028802e-13,-8.812984458260095,6.9173030299679965,1.0,0.88,25,22
7190,10,TCF4,7190,-1.0,3.0480025673796165,0.2944190516923323,7.45269187990997e-09,-6.97807898037401,5.698819941204233,1.0,0.88,25,22
7201,10,TCF4,7201,-1.0,3.0480025673796165,0.4768356218143194,1.8467059857312559e-22,-3.358519418062652,2.4309212107611167,1.0,0.88,25,22
7180,10,TCF4,7180,-1.0,3.0480025673796165,0.5445672174217518,4.937252875660355e-30,-13.08896042907079,19.34443942116751,1.0,0.88,25,22
7185,10,TCF4,7185,-1.0,3.0480025673796165,0.13707456695892484,0.008197535022457614,-9.723314353084056,7.697950660325068,1.0,0.88,25,22
7183,10,TCF4,7183,-1.0,3.0480025673796165,0.3199949710600959,2.801189448348589e-10,-6.95965612664851,5.532635852324315,1.0,0.88,25,22
7191,10,TCF4,7191,-1.0,3.0480025673796165,0.4618813405179809,5.2804941387663915e-21,-8.095376311368847,7.077106718814382,1.0,0.88,25,22
7195,10,TCF4,7195,-1.0,3.0480025673796165,0.2135440631484454,3.365601754106533e-05,-7.112025306218876,6.04237243355209,1.0,0.88,25,22
7178,10,TCF4,7178,-1.0,3.0480025673796165,0.4822405572253412,5.274820224020883e-23,-3.9101630932788694,2.963733418268712,1.0,0.88,25,22
7194,10,TCF4,7194,-1.0,3.0480025673796165,0.8080105842735181,8.478783606157518e-87,-4.059749552593287,3.312537899624823,1.0,0.88,25,22
7197,10,TCF4,7197,-1.0,3.0480025673796165,0.35959552283350216,9.11354375306224e-13,-2.7959057199725517,1.8801958147862654,1.0,0.88,25,22
7196,10,TCF4,7196,-1.0,3.0480025673796165,0.3980699680638817,1.5434264568469878e-15,-8.519106166072742,6.946784346831816,1.0,0.88,25,22
7181,10,TCF4,7181,-1.0,3.0480025673796165,0.29515365291384765,6.81215107649351e-09,-7.5368956303142145,6.374908364887525,1.0,0.88,25,22
7184,10,TCF4,7184,-1.0,3.0480025673796165,0.34987697897010134,4.010058367042226e-12,-9.294223435657809,7.4506335547897695,1.0,0.88,25,22
7182,10,TCF4,7182,-1.0,3.0480025673796165,-0.35301466147479543,2.49923979671132e-12,5.659106870614838,4.5659792956494885,1.0,0.88,25,22
408,10,EHF,408,-1.0,11.515313964621082,0.45458317693779804,2.5574858670338528e-20,-3.2333464311104056,2.2680102987003314,1.0,0.88,25,22
398,10,EHF,398,-1.0,11.515313964621082,0.4532263030727244,3.41499858082554e-20,-4.308542582395299,3.3867999822586072,1.0,0.88,25,22
404,10,EHF,404,-1.0,11.515313964621082,0.3080996663098436,1.340243649516765e-09,-5.606835648364652,4.373813377237571,1.0,0.88,25,22
406,10,EHF,406,-1.0,11.515313964621082,0.27267466005744906,9.512069104899262e-08,-5.103202052592855,3.8792871477813455,1.0,0.88,25,22
399,10,EHF,399,-1.0,11.515313964621082,0.5262467497683377,8.167452768688868e-28,-11.792972699991696,13.583383348850905,1.0,0.88,25,22
402,10,EHF,402,-1.0,11.515313964621082,-0.2171130957539005,2.462561124276386e-05,6.070187786490302,4.932016693752271,1.0,0.88,25,22
397,10,EHF,397,-1.0,11.515313964621082,0.22946278640064163,8.023288211291375e-06,-6.9843202266175,6.803091750799273,1.0,0.88,25,22
415,10,EHF,415,-1.0,11.515313964621082,0.4216492585632549,2.0064554122425023e-17,-5.949808824794907,4.71377874539402,1.0,0.88,25,22
414,10,EHF,414,-1.0,11.515313964621082,0.36693344920262283,2.8781879191919327e-13,-8.063794519602016,6.544383901518327,1.0,0.88,25,22
396,10,EHF,396,-1.0,11.515313964621082,0.5359562468102811,5.664544251404443e-29,-11.416589095747337,8.772747980962682,1.0,0.88,25,22
412,10,EHF,412,-1.0,11.515313964621082,0.5207575675415759,3.555653438721391e-27,-7.277127796465283,5.925030781566481,1.0,0.88,25,22
410,10,EHF,410,-1.0,11.515313964621082,0.48580760814028057,2.278951803891493e-23,-5.971720228614307,5.000135275021687,1.0,0.88,25,22
419,10,EHF,419,-1.0,11.515313964621082,0.5546547394618304,2.5855012352995382e-31,-5.099697614809641,4.245418999929578,1.0,0.88,25,22
420,10,EHF,420,-1.0,11.515313964621082,0.3544415852465001,2.0121916615876326e-12,-6.670377554990901,5.33949069156497,1.0,0.88,25,22
416,10,EHF,416,-1.0,11.515313964621082,0.4287211469696619,5.095628930458126e-18,-11.268783381879443,8.59297474700961,1.0,0.88,25,22
400,10,EHF,400,-1.0,11.515313964621082,0.5591247388079505,6.774203094564011e-32,-7.2760822112245185,5.9772184197629725,1.0,0.88,25,22
418,10,EHF,418,-1.0,11.515313964621082,0.38264218990605997,2.2069316406690996e-14,-5.2497971293124905,4.020320133136185,1.0,0.88,25,22
401,10,EHF,401,-1.0,11.515313964621082,0.35462394307803746,1.9570616055025055e-12,-7.227054458318288,5.9466386919597385,1.0,0.88,25,22
417,10,EHF,417,-1.0,11.515313964621082,0.12992619501513375,0.012254290012987354,-4.572705748628166,3.4474192962229746,1.0,0.88,25,22
403,10,EHF,403,-1.0,11.515313964621082,0.35868257981577345,1.0497182001966368e-12,-12.4675395856971,10.699817592308309,1.0,0.88,25,22
409,10,EHF,409,-1.0,11.515313964621082,0.38723403530327843,1.0144819716705392e-14,-8.10699962267818,6.317782462569115,1.0,0.88,25,22
407,10,EHF,407,-1.0,11.515313964621082,0.16814731551823464,0.0011500238056761196,-9.347346461753656,7.542272105298274,1.0,0.88,25,22
7515,10,ZNF713,7515,-1.0,8.9122880705604,0.46796095286661327,1.3779909694681117e-21,-8.03404232518982,8.013850598444414,1.0,0.75,24,18
7519,10,ZNF713,7519,-1.0,8.9122880705604,0.3148786122005842,5.539201227302418e-10,-8.662715288943431,7.7168875435156155,1.0,0.75,24,18
7526,10,ZNF713,7526,-1.0,8.9122880705604,0.4037080206891528,5.636286552140712e-16,-8.18925383583327,6.581891154393704,1.0,0.75,24,18
7535,10,ZNF713,7535,-1.0,8.9122880705604,0.41974916399749024,2.883936502097088e-17,-5.825809579510469,4.863486687292328,1.0,0.75,24,18
7530,10,ZNF713,7530,-1.0,8.9122880705604,0.30086267469103745,3.358827864369029e-09,-4.864375745112736,3.7268619418579054,1.0,0.75,24,18
7527,10,ZNF713,7527,-1.0,8.9122880705604,0.29184724242545307,1.0187866796650058e-08,-2.691197226591821,1.8214753553042848,1.0,0.75,24,18
7522,10,ZNF713,7522,-1.0,8.9122880705604,0.43528858830136985,1.3860316518139117e-18,-6.426216231040384,6.710479852039254,1.0,0.75,24,18
7523,10,ZNF713,7523,-1.0,8.9122880705604,0.47165017378042345,6.0184994403466685e-22,-6.058957379071501,4.787450306509833,1.0,0.75,24,18
7525,10,ZNF713,7525,-1.0,8.9122880705604,0.5794267008509248,1.187939621243903e-34,-9.642550144578449,7.572713988602772,1.0,0.75,24,18
7514,10,ZNF713,7514,-1.0,8.9122880705604,0.32808380939847775,9.282594906331271e-11,-4.031594569054451,3.1244347853611214,1.0,0.75,24,18
7513,10,ZNF713,7513,-1.0,8.9122880705604,0.7622237314264095,1.0878335759219847e-71,-11.913117634625449,9.165308888016215,1.0,0.75,24,18
7518,10,ZNF713,7518,-1.0,8.9122880705604,0.5589995699551391,7.03503937389315e-32,-7.845474940371989,6.373883127256699,1.0,0.75,24,18
7520,10,ZNF713,7520,-1.0,8.9122880705604,0.671429041422955,5.854992329244274e-50,-11.057189977681272,8.943112268190722,1.0,0.75,24,18
7536,10,ZNF713,7536,-1.0,8.9122880705604,0.1894357012433702,0.00024277977055095482,-6.09080827124383,5.967730662621697,1.0,0.75,24,18
7534,10,ZNF713,7534,-1.0,8.9122880705604,0.37546958313848156,7.253391610360749e-14,-5.493618487388526,4.336850419818042,1.0,0.75,24,18
7524,10,ZNF713,7524,-1.0,8.9122880705604,-0.2863506581096356,1.9667707668686346e-08,3.2592088273974933,2.2837001837111797,1.0,0.75,24,18
7517,10,ZNF713,7517,-1.0,8.9122880705604,0.5901705374620774,3.4406524901490176e-36,-10.833610868565875,12.214125075263086,1.0,0.75,24,18
7516,10,ZNF713,7516,-1.0,8.9122880705604,0.5516218331190943,6.342377767354395e-31,-6.375174658222953,5.22886450755612,1.0,0.75,24,18
1571,10,ATF1,1571,-1.0,9.130095898460633,0.7838620378486477,2.276112849448285e-78,-11.535192270217083,8.869657188470294,1.0,0.9565217391304348,23,22
1583,10,ATF1,1583,-1.0,9.130095898460633,0.603572192312302,3.4315772701338823e-38,-5.806165084842629,4.489753320147084,1.0,0.9565217391304348,23,22
1587,10,ATF1,1587,-1.0,9.130095898460633,0.6353257178576717,2.482609417133104e-43,-7.3944856410839845,5.91781602854195,1.0,0.9565217391304348,23,22
1581,10,ATF1,1581,-1.0,9.130095898460633,0.47567802564759354,2.40823286387066e-22,-5.780495568222662,4.692022725038536,1.0,0.9565217391304348,23,22
1572,10,ATF1,1572,-1.0,9.130095898460633,0.3950855037282305,2.610483530973488e-15,-8.77391713417506,8.045906627189533,1.0,0.9565217391304348,23,22
1577,10,ATF1,1577,-1.0,9.130095898460633,-0.29893734269875477,4.270757534152733e-09,5.795040457516167,4.576508851398617,1.0,0.9565217391304348,23,22
1585,10,ATF1,1585,-1.0,9.130095898460633,0.25169256727382106,9.067673382641525e-07,-5.555187329467292,5.111879953936876,1.0,0.9565217391304348,23,22
1582,10,ATF1,1582,-1.0,9.130095898460633,0.8073453072235788,1.5009786773093332e-86,-8.55495205640689,6.7852388904459975,1.0,0.9565217391304348,23,22
1584,10,ATF1,1584,-1.0,9.130095898460633,0.46226062598551954,4.8597784920618804e-21,-4.534277259041733,3.4257920588798605,1.0,0.9565217391304348,23,22
1588,10,ATF1,1588,-1.0,9.130095898460633,0.507018191132616,1.2587843480945268e-25,-8.263549617458828,6.467371282520455,1.0,0.9565217391304348,23,22
1575,10,ATF1,1575,-1.0,9.130095898460633,0.40046153448466293,1.009076464465563e-15,-5.321396425733003,4.444216881855906,1.0,0.9565217391304348,23,22
1578,10,ATF1,1578,-1.0,9.130095898460633,0.37915245912811346,3.95181170097592e-14,-6.520883758902398,5.504757318722587,1.0,0.9565217391304348,23,22
1580,10,ATF1,1580,-1.0,9.130095898460633,0.5838712027391273,2.788813154809418e-35,-7.909134101800988,6.1861476860288205,1.0,0.9565217391304348,23,22
1590,10,ATF1,1590,-1.0,9.130095898460633,0.5432972925973535,7.107060446257867e-30,-6.1541017361654395,4.827899069458193,1.0,0.9565217391304348,23,22
1573,10,ATF1,1573,-1.0,9.130095898460633,0.5584910360321195,8.200843631654622e-32,-8.981109259333342,7.520207738338849,1.0,0.9565217391304348,23,22
1586,10,ATF1,1586,-1.0,9.130095898460633,0.38619203500518173,1.2114511744480268e-14,-4.186707216179807,3.145728642898867,1.0,0.9565217391304348,23,22
1591,10,ATF1,1591,-1.0,9.130095898460633,0.5405457104787598,1.5566001338240863e-29,-5.182519373197981,4.096090725162068,1.0,0.9565217391304348,23,22
1592,10,ATF1,1592,-1.0,9.130095898460633,0.6855457927277769,8.1989922346777015e-53,-7.472524848808915,5.932482535992865,1.0,0.9565217391304348,23,22
1574,10,ATF1,1574,-1.0,9.130095898460633,0.5472598152452078,2.2688731165917286e-30,-12.263726078440163,15.243802294484949,1.0,0.9565217391304348,23,22
1589,10,ATF1,1589,-1.0,9.130095898460633,0.2075130952185122,5.639202927756692e-05,-8.105932492256969,7.456582983091466,1.0,0.9565217391304348,23,22
1576,10,ATF1,1576,-1.0,9.130095898460633,0.2535229604006232,7.506301982979577e-07,-4.13549148251397,3.2117133872309305,1.0,0.9565217391304348,23,22
1579,10,ATF1,1579,-1.0,9.130095898460633,0.6325543959749681,7.370539534526699e-43,-12.852177804372644,10.768494016586255,1.0,0.9565217391304348,23,22
6217,10,PITX3,6217,-1.0,5.635396389729734,0.26088377487319314,3.459087197076207e-07,-3.7242929874185142,2.7795702601906096,0.8333333333333334,0.7692307692307693,13,12
6222,10,PITX3,6222,-1.0,5.635396389729734,0.18772262281640717,0.00027693964425767696,-3.9176641394357583,3.095717523410149,0.8333333333333334,0.7692307692307693,13,12
6212,10,PITX3,6212,-1.0,5.635396389729734,0.3207016053052774,2.5468566449730725e-10,-10.147268705317643,10.281924184806183,0.8333333333333334,0.7692307692307693,13,12
6221,10,PITX3,6221,-1.0,5.635396389729734,-0.23336655617793597,5.554783805782571e-06,3.5741394218522404,2.604985228292956,0.8333333333333334,0.7692307692307693,13,12
6218,10,PITX3,6218,-1.0,5.635396389729734,0.22416545286760034,1.3080398091942168e-05,-8.534555638653744,9.206626631421226,0.8333333333333334,0.7692307692307693,13,12
6215,10,PITX3,6215,-1.0,5.635396389729734,0.25812748880164516,4.63619873265513e-07,-9.27936749478898,8.177335860658891,0.8333333333333334,0.7692307692307693,13,12
6214,10,PITX3,6214,-1.0,5.635396389729734,0.24727288715389098,1.42252506074996e-06,-7.050790122725187,5.772921212744068,0.8333333333333334,0.7692307692307693,13,12
6213,10,PITX3,6213,-1.0,5.635396389729734,0.2701116621235399,1.2660486997275634e-07,-11.918365248152414,15.064659586051537,0.8333333333333334,0.7692307692307693,13,12
6220,10,PITX3,6220,-1.0,5.635396389729734,0.22917295642763033,8.243230564708158e-06,-6.836960289789152,6.334011038472234,0.8333333333333334,0.7692307692307693,13,12
6211,10,PITX3,6211,-1.0,5.635396389729734,0.2032614076054862,8.042884533945456e-05,-11.837875644504361,9.146130378363004,0.8333333333333334,0.7692307692307693,13,12
6785,10,PRRX1,6785,-1.0,4.5746358850985525,0.23898757563899162,3.2347442451272714e-06,-7.71395939015743,6.245355721752146,0.9565217391304348,0.88,25,23
6772,10,PRRX1,6772,-1.0,4.5746358850985525,0.5816644957820656,5.742648772304115e-35,-9.418517212607771,8.778081017470692,0.9565217391304348,0.88,25,23
6776,10,PRRX1,6776,-1.0,4.5746358850985525,0.19906460537301168,0.00011337930345712214,-8.462239719356987,7.185473593668264,0.9565217391304348,0.88,25,23
6795,10,PRRX1,6795,-1.0,4.5746358850985525,0.6818543793991123,4.7375051737224604e-52,-2.26395700517473,1.4280041370548422,0.9565217391304348,0.88,25,23
6790,10,PRRX1,6790,-1.0,4.5746358850985525,0.11468133879553026,0.027191578080524335,-8.616642696602886,6.7745288183323105,0.9565217391304348,0.88,25,23
6782,10,PRRX1,6782,-1.0,4.5746358850985525,0.6015852088998858,6.889228017134789e-38,-6.587131350796341,5.846339961238862,0.9565217391304348,0.88,25,23
6774,10,PRRX1,6774,-1.0,4.5746358850985525,0.6754570504713497,9.320977185813903e-51,-4.350101053878515,3.447223678674731,0.9565217391304348,0.88,25,23
6794,10,PRRX1,6794,-1.0,4.5746358850985525,0.4681311183358399,1.3266251952330989e-21,-7.120628191475939,6.0112558459095675,0.9565217391304348,0.88,25,23
6775,10,PRRX1,6775,-1.0,4.5746358850985525,0.3112171392391936,8.952017306695366e-10,-7.923289175959282,7.141406899526891,0.9565217391304348,0.88,25,23
6773,10,PRRX1,6773,-1.0,4.5746358850985525,0.5692134038411126,3.055987975504576e-33,-4.545392309938836,3.600329093312471,0.9565217391304348,0.88,25,23
6777,10,PRRX1,6777,-1.0,4.5746358850985525,0.32462267233064823,1.4950623691413485e-10,-13.100269699382213,10.71431756160604,0.9565217391304348,0.88,25,23
6789,10,PRRX1,6789,-1.0,4.5746358850985525,0.1296082437959712,0.012470115113627665,-3.7041518152663984,2.6809235125523574,0.9565217391304348,0.88,25,23
6781,10,PRRX1,6781,-1.0,4.5746358850985525,0.5289111480853113,3.96079625402938e-28,-6.964845854987315,6.106089410920712,0.9565217391304348,0.88,25,23
6792,10,PRRX1,6792,-1.0,4.5746358850985525,0.2610400659073167,3.401771954784196e-07,-8.164751504928613,6.576039981972174,0.9565217391304348,0.88,25,23
6787,10,PRRX1,6787,-1.0,4.5746358850985525,0.4223933772147539,1.7396219898045856e-17,-7.694826380623094,6.276234968163115,0.9565217391304348,0.88,25,23
6779,10,PRRX1,6779,-1.0,4.5746358850985525,0.21372314356466945,3.31366655738023e-05,-7.273845211704498,5.764002958660467,0.9565217391304348,0.88,25,23
6780,10,PRRX1,6780,-1.0,4.5746358850985525,0.2939643493964308,7.877998616539113e-09,-5.140870643239662,4.158302941428992,0.9565217391304348,0.88,25,23
6783,10,PRRX1,6783,-1.0,4.5746358850985525,0.17731009156137403,0.0006015099214168508,-13.805597172239422,11.435122167575448,0.9565217391304348,0.88,25,23
6771,10,PRRX1,6771,-1.0,4.5746358850985525,0.4300869507285479,3.8960123301677666e-18,-11.688629602195029,9.016036510325637,0.9565217391304348,0.88,25,23
6793,10,PRRX1,6793,-1.0,4.5746358850985525,0.25462287971568204,6.695818555897997e-07,-5.398196600690382,4.304631311797627,0.9565217391304348,0.88,25,23
6786,10,PRRX1,6786,-1.0,4.5746358850985525,0.26159395432089116,3.20591048363788e-07,-5.301368015153634,4.127464711897038,0.9565217391304348,0.88,25,23
6791,10,PRRX1,6791,-1.0,4.5746358850985525,0.14706618619921363,0.0045313926777162915,-4.236112692253268,3.2395094938209694,0.9565217391304348,0.88,25,23
7100,10,POU6F1,7100,-1.0,5.592447891914817,0.38450640014851833,1.6120902749441296e-14,-7.650519560077907,6.176111477437028,1.0,0.92,25,23
7096,10,POU6F1,7096,-1.0,5.592447891914817,0.43563121420699025,1.2940045517770324e-18,-9.079421062266965,8.146037180304589,1.0,0.92,25,23
7110,10,POU6F1,7110,-1.0,5.592447891914817,0.1383348568984601,0.007622099562107744,-11.872921672585662,10.078995917319624,1.0,0.92,25,23
7103,10,POU6F1,7103,-1.0,5.592447891914817,0.2526186912066401,8.242332760514093e-07,-5.753145571992522,4.477586492875233,1.0,0.92,25,23
7092,10,POU6F1,7092,-1.0,5.592447891914817,0.2816932487656773,3.396627326132296e-08,-7.8014169051597,6.4890091825049465,1.0,0.92,25,23
7094,10,POU6F1,7094,-1.0,5.592447891914817,0.2515017495540928,9.247305145415725e-07,-8.070003282645061,6.687790725727341,1.0,0.92,25,23
7101,10,POU6F1,7101,-1.0,5.592447891914817,0.32382378030582537,1.6674968835787782e-10,-6.468135302596679,5.514216568135162,1.0,0.92,25,23
7089,10,POU6F1,7089,-1.0,5.592447891914817,0.40010245877561773,1.0757956252154354e-15,-4.268333580487259,3.348185525539574,1.0,0.92,25,23
7095,10,POU6F1,7095,-1.0,5.592447891914817,0.38519376693448515,1.435082559256977e-14,-5.05485591700948,3.8406789131507617,1.0,0.92,25,23
7111,10,POU6F1,7111,-1.0,5.592447891914817,0.3167863194034831,4.3022560580277893e-10,-8.34294213467525,8.352487580312483,1.0,0.92,25,23
7097,10,POU6F1,7097,-1.0,5.592447891914817,0.39215673372703197,4.349765859497304e-15,-7.001064069502929,6.977883220174539,1.0,0.92,25,23
7091,10,POU6F1,7091,-1.0,5.592447891914817,0.4301428547928853,3.8533406123824615e-18,-11.006995542937076,12.7118858653755,1.0,0.92,25,23
7108,10,POU6F1,7108,-1.0,5.592447891914817,0.21585690550997919,2.750415731157611e-05,-6.9841572023484915,5.600691852596358,1.0,0.92,25,23
7093,10,POU6F1,7093,-1.0,5.592447891914817,0.2656772501568606,2.06191235977335e-07,-5.989180593098353,4.698931210694481,1.0,0.92,25,23
7087,10,POU6F1,7087,-1.0,5.592447891914817,0.33636981038076597,2.8934644328612403e-11,-11.786173825061487,9.071988363934615,1.0,0.92,25,23
7107,10,POU6F1,7107,-1.0,5.592447891914817,0.40647981256623983,3.410731071395866e-16,-8.615963112825137,7.789002434025376,1.0,0.92,25,23
7099,10,POU6F1,7099,-1.0,5.592447891914817,0.3347640745693089,3.636752126587254e-11,-6.372406137685586,5.337850617162308,1.0,0.92,25,23
7106,10,POU6F1,7106,-1.0,5.592447891914817,0.14128947659075475,0.006412031528021178,-10.55027533749868,8.755172634315574,1.0,0.92,25,23
7088,10,POU6F1,7088,-1.0,5.592447891914817,0.317742992971234,3.787611223341861e-10,-4.279225255191989,3.3188625397035882,1.0,0.92,25,23
7090,10,POU6F1,7090,-1.0,5.592447891914817,0.21491597675407778,2.986599478967222e-05,-7.9708528583987635,7.247176013039688,1.0,0.92,25,23
7104,10,POU6F1,7104,-1.0,5.592447891914817,0.22061512864921265,1.803253048179597e-05,-12.509813474963678,9.64478061578726,1.0,0.92,25,23
7105,10,POU6F1,7105,-1.0,5.592447891914817,0.40540446541663827,4.1468741368954403e-16,-4.073539869739216,3.321812732139617,1.0,0.92,25,23
7102,10,POU6F1,7102,-1.0,5.592447891914817,0.38306892232637824,2.054199500096924e-14,-7.390498841784038,6.2001375004900705,1.0,0.92,25,23
3417,10,RARG,3417,-1.0,12.304679091575732,0.23241316266270623,6.08026381841657e-06,-5.131906030069062,4.034662375684578,1.0,0.88,25,22
3414,10,RARG,3414,-1.0,12.304679091575732,0.34459306711284804,8.786854505565442e-12,-4.566222125892436,3.4372554767940273,1.0,0.88,25,22
3404,10,RARG,3404,-1.0,12.304679091575732,0.4369547183911152,9.916561967634707e-19,-5.967001246628256,5.021434649800683,1.0,0.88,25,22
3397,10,RARG,3397,-1.0,12.304679091575732,0.5184005151138444,6.632659017691246e-27,-9.04075802754315,7.723915453205575,1.0,0.88,25,22
3394,10,RARG,3394,-1.0,12.304679091575732,0.515424980671481,1.4471125345010465e-26,-4.4340406804633234,3.4868587436044742,1.0,0.88,25,22
3405,10,RARG,3405,-1.0,12.304679091575732,0.4163231399384777,5.515214776004316e-17,-8.364075770532304,6.760360366608645,1.0,0.88,25,22
3395,10,RARG,3395,-1.0,12.304679091575732,0.3964141778505747,2.067263809373564e-15,-9.152138408684856,8.847923679976681,1.0,0.88,25,22
3416,10,RARG,3416,-1.0,12.304679091575732,0.40511541887074454,4.37000598750981e-16,-7.978290516604736,6.541132920411237,1.0,0.88,25,22
3403,10,RARG,3403,-1.0,12.304679091575732,0.6202238583248931,8.18803468771578e-41,-5.89617883863998,5.0207635382851015,1.0,0.88,25,22
3400,10,RARG,3400,-1.0,12.304679091575732,0.5335916735795008,1.0936024773206682e-28,-13.657258259138588,12.024800154723206,1.0,0.88,25,22
3411,10,RARG,3411,-1.0,12.304679091575732,0.7322897891370198,1.5209483551144552e-63,-9.0226491328415,8.353425363780534,1.0,0.88,25,22
3413,10,RARG,3413,-1.0,12.304679091575732,0.3179678852837709,3.6756137659938824e-10,-10.006934546822162,7.7907517020091825,1.0,0.88,25,22
3415,10,RARG,3415,-1.0,12.304679091575732,0.669114319083887,1.6613779127983407e-49,-4.747486536776012,4.049495270686471,1.0,0.88,25,22
3396,10,RARG,3396,-1.0,12.304679091575732,0.74321645356338,2.1904769949056718e-66,-4.00197444475585,3.102445004511149,1.0,0.88,25,22
3406,10,RARG,3406,-1.0,12.304679091575732,-0.26846126188792047,1.5196101840927645e-07,3.6227990283715847,2.6301548679403663,1.0,0.88,25,22
3408,10,RARG,3408,-1.0,12.304679091575732,0.4101676234968992,1.7355755468860704e-16,-12.725570144065117,9.861277879897855,1.0,0.88,25,22
3409,10,RARG,3409,-1.0,12.304679091575732,0.42973372468199006,4.176576136285709e-18,-5.280229181792255,4.104217462335633,1.0,0.88,25,22
3407,10,RARG,3407,-1.0,12.304679091575732,0.37740079006055877,5.2802726960069295e-14,-8.76565463712274,6.9156497216361155,1.0,0.88,25,22
3410,10,RARG,3410,-1.0,12.304679091575732,0.21121242101156892,4.116067916799487e-05,-8.72512974871289,6.873660340320864,1.0,0.88,25,22
3393,10,RARG,3393,-1.0,12.304679091575732,0.5003489708297987,6.713061117483608e-25,-12.076044646877465,9.262453436297585,1.0,0.88,25,22
3398,10,RARG,3398,-1.0,12.304679091575732,0.23407882275806807,5.190769234933829e-06,-7.7182900166934925,6.357242691271467,1.0,0.88,25,22
3402,10,RARG,3402,-1.0,12.304679091575732,0.23847021528092743,3.4017021646552806e-06,-2.274333313070721,1.4359947532033177,1.0,0.88,25,22
5909,10,ZNF384,5909,-1.0,9.499804988351972,0.6129664400510414,1.189233260914542e-39,-7.645303747855898,6.127845579616592,1.0,0.8333333333333334,18,15
5918,10,ZNF384,5918,-1.0,9.499804988351972,-0.22139837428942727,1.6806981208241703e-05,2.482317681433145,1.604723262693237,1.0,0.8333333333333334,18,15
5922,10,ZNF384,5922,-1.0,9.499804988351972,0.4328103079168204,2.27293883619396e-18,-6.128980063346762,4.882070339118512,1.0,0.8333333333333334,18,15
5912,10,ZNF384,5912,-1.0,9.499804988351972,0.46559664612007895,2.33089293854641e-21,-5.916536545419368,4.818503129243044,1.0,0.8333333333333334,18,15
5911,10,ZNF384,5911,-1.0,9.499804988351972,0.4116004013752036,1.3318920548317693e-16,-5.628535359864718,4.389013896598571,1.0,0.8333333333333334,18,15
5917,10,ZNF384,5917,-1.0,9.499804988351972,0.13516662475883415,0.009142466390622684,-3.686487027931717,2.6973251702126286,1.0,0.8333333333333334,18,15
5907,10,ZNF384,5907,-1.0,9.499804988351972,0.20326246601353115,8.042180957621971e-05,-3.299839693460532,2.3991122008931876,1.0,0.8333333333333334,18,15
5905,10,ZNF384,5905,-1.0,9.499804988351972,0.7886792452830189,5.815556613294825e-80,-11.901426546128558,9.172415155992574,1.0,0.8333333333333334,18,15
5910,10,ZNF384,5910,-1.0,9.499804988351972,0.4973797813116133,1.3978873333870684e-24,-9.70930200039578,7.796887338253695,1.0,0.8333333333333334,18,15
5921,10,ZNF384,5921,-1.0,9.499804988351972,0.3483083727149461,5.0693840207106475e-12,-4.826472604198975,3.852420594165264,1.0,0.8333333333333334,18,15
5916,10,ZNF384,5916,-1.0,9.499804988351972,0.6847562021633843,1.1957972956368885e-52,-7.374281794328185,5.73124693388184,1.0,0.8333333333333334,18,15
5920,10,ZNF384,5920,-1.0,9.499804988351972,0.3899552800344036,6.363545909269571e-15,-5.034503986644839,4.020682358086515,1.0,0.8333333333333334,18,15
5919,10,ZNF384,5919,-1.0,9.499804988351972,0.2895962043253583,1.3360248966599416e-08,-8.486174421506469,7.274092286092537,1.0,0.8333333333333334,18,15
5908,10,ZNF384,5908,-1.0,9.499804988351972,0.6857290905373682,7.509972382838611e-53,-7.104506989011424,5.802413794825879,1.0,0.8333333333333334,18,15
5906,10,ZNF384,5906,-1.0,9.499804988351972,0.26467945208054766,2.2982995086770838e-07,-4.599821700787463,3.6574915753634563,1.0,0.8333333333333334,18,15
8481,10,HOXA7,8481,-1.0,8.103093926028107,0.22684819987824864,1.0227156942790858e-05,-6.897326815334889,6.526061957059787,1.0,0.8571428571428571,7,6
8485,10,HOXA7,8485,-1.0,8.103093926028107,0.11418339453817368,0.027870612188427485,-6.351181702672393,5.148394204816029,1.0,0.8571428571428571,7,6
8480,10,HOXA7,8480,-1.0,8.103093926028107,0.05980832773627105,0.2505018532295037,-7.471547853303214,6.236969512463489,1.0,0.8571428571428571,7,6
8484,10,HOXA7,8484,-1.0,8.103093926028107,0.19715291259126425,0.0001322669454802903,-4.657978682030329,3.833944409026796,1.0,0.8571428571428571,7,6
8479,10,HOXA7,8479,-1.0,8.103093926028107,0.09736047939668988,0.061010413040189414,-9.141940254504984,8.663890141303424,1.0,0.8571428571428571,7,6
8483,10,HOXA7,8483,-1.0,8.103093926028107,0.15258681235533336,0.003215134105192571,-4.219578818982175,3.1975955401881166,1.0,0.8571428571428571,7,6
821,10,BARX2,821,-1.0,14.432968565827386,0.3709987193444137,1.5005612819651442e-13,-4.044724666600173,3.1109552134782525,1.0,0.8888888888888888,18,16
827,10,BARX2,827,-1.0,14.432968565827386,0.4061444695638196,3.6253324064170113e-16,-5.26110225894064,4.327537549718654,1.0,0.8888888888888888,18,16
825,10,BARX2,825,-1.0,14.432968565827386,0.22524636676601323,1.185002674585951e-05,-7.748361692211521,6.270854352758318,1.0,0.8888888888888888,18,16
835,10,BARX2,835,-1.0,14.432968565827386,0.38640048110375574,1.1692626783536668e-14,-3.8713978166972005,2.9126248774577492,1.0,0.8888888888888888,18,16
824,10,BARX2,824,-1.0,14.432968565827386,0.2752528360529742,7.113192945688008e-08,-8.170871864328904,6.42853515047608,1.0,0.8888888888888888,18,16
834,10,BARX2,834,-1.0,14.432968565827386,0.29143240653161523,1.0711663097275425e-08,-6.380016536524468,5.044833148497644,1.0,0.8888888888888888,18,16
836,10,BARX2,836,-1.0,14.432968565827386,0.15071629957583507,0.0036160930799703952,-7.640636462547992,6.127955432627325,1.0,0.8888888888888888,18,16
823,10,BARX2,823,-1.0,14.432968565827386,0.3692573279550074,1.9856807222083014e-13,-6.791313637712545,5.772015177555646,1.0,0.8888888888888888,18,16
830,10,BARX2,830,-1.0,14.432968565827386,0.42726237130183287,6.7784231111409825e-18,-7.461528631842051,8.829829779656452,1.0,0.8888888888888888,18,16
833,10,BARX2,833,-1.0,14.432968565827386,-0.24267201123171223,2.2529767851870925e-06,3.727490091393291,2.7414260155602608,1.0,0.8888888888888888,18,16
829,10,BARX2,829,-1.0,14.432968565827386,0.14122937931471433,0.00643482030781074,-5.160396998223061,4.120835530534091,1.0,0.8888888888888888,18,16
832,10,BARX2,832,-1.0,14.432968565827386,0.3960176346499792,2.2165835296230708e-15,-2.345782755665304,1.5007693892375389,1.0,0.8888888888888888,18,16
826,10,BARX2,826,-1.0,14.432968565827386,0.2845173542518516,2.4416260671859518e-08,-5.698439974641042,4.715340799263541,1.0,0.8888888888888888,18,16
822,10,BARX2,822,-1.0,14.432968565827386,0.431684557409217,2.8417487528576334e-18,-8.59017347178279,8.213654822671868,1.0,0.8888888888888888,18,16
820,10,BARX2,820,-1.0,14.432968565827386,0.3400905782786895,1.6947887214747117e-11,-11.81318305983371,9.11261664923462,1.0,0.8888888888888888,18,16
837,10,BARX2,837,-1.0,14.432968565827386,0.3731581021231386,1.0577322597724481e-13,-11.104022951503312,9.013344378165183,1.0,0.8888888888888888,18,16
1569,10,ZNF423,1569,-1.0,5.426988752211113,0.7589457555982205,9.68987547102742e-71,-3.9265320331905516,3.004237490851451,1.0,0.8,5,4
1566,10,ZNF423,1566,-1.0,5.426988752211113,0.3182064074334312,3.560347991403241e-10,-12.32017821086313,9.601225584016898,1.0,0.8,5,4
1568,10,ZNF423,1568,-1.0,5.426988752211113,0.3011973106921373,3.2209089248037968e-09,-4.136800328935665,3.1830496689814454,1.0,0.8,5,4
1567,10,ZNF423,1567,-1.0,5.426988752211113,0.3656568054011755,3.5247577565765676e-13,-10.801755669287715,11.537323613944224,1.0,0.8,5,4
2369,10,MEF2D,2369,-1.0,5.447592569972127,0.30783410138248846,1.3868166610316456e-09,-3.7457770042537715,2.833961699711083,1.0,0.92,25,23
2375,10,MEF2D,2375,-1.0,5.447592569972127,0.34230583944521864,1.2283669783971234e-11,-6.222367395295439,5.190907638271181,1.0,0.92,25,23
2372,10,MEF2D,2372,-1.0,5.447592569972127,0.23578936731706057,4.407188527160463e-06,-7.584351882633375,6.2931248325098235,1.0,0.92,25,23
2374,10,MEF2D,2374,-1.0,5.447592569972127,0.4471444316240421,1.2286208179515197e-19,-8.704884686703991,6.888239258241745,1.0,0.92,25,23
2370,10,MEF2D,2370,-1.0,5.447592569972127,0.3807950894986806,3.0066399161184045e-14,-7.114223397935452,5.886857810345544,1.0,0.92,25,23
2390,10,MEF2D,2390,-1.0,5.447592569972127,0.40756761456700596,2.7969108699763387e-16,-4.897785752367794,3.7907336530365034,1.0,0.92,25,23
2371,10,MEF2D,2371,-1.0,5.447592569972127,0.3985582922284079,1.4155394487882817e-15,-11.744139953454818,13.398835294166567,1.0,0.92,25,23
2368,10,MEF2D,2368,-1.0,5.447592569972127,0.26165668320263574,3.184424903891721e-07,-8.891056949692764,8.493746525920645,1.0,0.92,25,23
2376,10,MEF2D,2376,-1.0,5.447592569972127,0.42789675163381796,5.988366473753278e-18,-7.238476827730414,5.694062398180186,1.0,0.92,25,23
2378,10,MEF2D,2378,-1.0,5.447592569972127,0.3018296881352268,2.9751170937246942e-09,-6.433505158069267,5.074819685178499,1.0,0.92,25,23
2383,10,MEF2D,2383,-1.0,5.447592569972127,0.3618999052961318,6.366018972234267e-13,-12.837931907481694,10.382447990267574,1.0,0.92,25,23
2379,10,MEF2D,2379,-1.0,5.447592569972127,0.2921823484209364,9.782928010863352e-09,-8.865167303806878,9.24134916558625,1.0,0.92,25,23
2373,10,MEF2D,2373,-1.0,5.447592569972127,0.33870873743058777,2.0689604401204607e-11,-7.593511342743683,6.16669096571424,1.0,0.92,25,23
2367,10,MEF2D,2367,-1.0,5.447592569972127,0.4790817249733866,1.1000784734754735e-22,-11.709710986913612,9.002030645202167,1.0,0.92,25,23
2388,10,MEF2D,2388,-1.0,5.447592569972127,0.16540277343685744,0.0013877787579335416,-5.919609704777212,4.778717061231994,1.0,0.92,25,23
2381,10,MEF2D,2381,-1.0,5.447592569972127,0.20240120130564437,8.634271275469157e-05,-2.59409807525689,1.72249496929301,1.0,0.92,25,23
2389,10,MEF2D,2389,-1.0,5.447592569972127,0.3955660729854279,2.399524538295822e-15,-5.100459398808133,4.060227686528617,1.0,0.92,25,23
2391,10,MEF2D,2391,-1.0,5.447592569972127,0.5294040236219177,3.4620642263193455e-28,-10.402632544138497,8.060689914179026,1.0,0.92,25,23
2380,10,MEF2D,2380,-1.0,5.447592569972127,0.17618373960431172,0.0006525184314898458,-4.0581632121408076,3.0903092194842796,1.0,0.92,25,23
2382,10,MEF2D,2382,-1.0,5.447592569972127,0.4063275343859641,3.5065893052360663e-16,-7.789745319740674,6.183953992720036,1.0,0.92,25,23
2384,10,MEF2D,2384,-1.0,5.447592569972127,0.695494398841934,6.354872911742922e-55,-6.536883778866958,5.086153813774777,1.0,0.92,25,23
2377,10,MEF2D,2377,-1.0,5.447592569972127,0.29551343361446836,6.518220370874218e-09,-5.862164500917225,4.725331511160611,1.0,0.92,25,23
2386,10,MEF2D,2386,-1.0,5.447592569972127,0.4186874466850121,3.5284990973225863e-17,-9.672085878978127,8.398265765837534,1.0,0.92,25,23
2814,10,EGR2,2814,-1.0,5.052169429243676,0.4649054291933159,2.715974205291081e-21,-12.108032362394585,9.325296830488105,1.0,1.0,3,3
2816,10,EGR2,2816,-1.0,5.052169429243676,-0.24463432349210124,1.8538176553668291e-06,5.048251588057333,3.9415886246900302,1.0,1.0,3,3
2815,10,EGR2,2815,-1.0,5.052169429243676,0.5121191877627094,3.412202450035069e-26,-8.390410691947759,7.219793823482504,1.0,1.0,3,3
4612,10,MEF2A,4612,-1.0,9.079966603929002,0.33792102684372927,2.3171112921673317e-11,-6.068867670083217,4.7574104429950825,1.0,0.92,25,23
4619,10,MEF2A,4619,-1.0,9.079966603929002,0.3821921478038338,2.3800563939980284e-14,-2.900218096049073,1.9670072831847092,1.0,0.92,25,23
4616,10,MEF2A,4616,-1.0,9.079966603929002,0.40191264214392647,7.7841521809689e-16,-9.013598882511275,7.148454095195512,1.0,0.92,25,23
4615,10,MEF2A,4615,-1.0,9.079966603929002,0.18951889024926152,0.00024122562488848787,-6.7273902277687325,5.707347056918798,1.0,0.92,25,23
4610,10,MEF2A,4610,-1.0,9.079966603929002,0.2498875538437316,1.0909594259472548e-06,-7.761050666749426,6.448810660413307,1.0,0.92,25,23
4625,10,MEF2A,4625,-1.0,9.079966603929002,0.3850572335660589,1.468654835296206e-14,-8.947678419187904,7.690542248864206,1.0,0.92,25,23
4608,10,MEF2A,4608,-1.0,9.079966603929002,0.45993908872788974,8.065262882814432e-21,-9.877092682039315,9.075781984834029,1.0,0.92,25,23
4613,10,MEF2A,4613,-1.0,9.079966603929002,0.4829211090927464,4.4977962876401976e-23,-12.818867556800358,10.816690789705028,1.0,0.92,25,23
4607,10,MEF2A,4607,-1.0,9.079966603929002,0.28057959707381497,3.8649665143210283e-08,-4.4532241811637165,3.5134203340759247,1.0,0.92,25,23
4629,10,MEF2A,4629,-1.0,9.079966603929002,0.45181500081074044,4.606926848199389e-20,-4.484721950845885,4.1316785900476365,1.0,0.92,25,23
4622,10,MEF2A,4622,-1.0,9.079966603929002,0.5629209680944314,2.1374294065745137e-32,-6.018010779940256,5.12180182520923,1.0,0.92,25,23
4618,10,MEF2A,4618,-1.0,9.079966603929002,0.4075758394687184,2.792710399762738e-16,-11.269568687353537,8.650988313397963,1.0,0.92,25,23
4609,10,MEF2A,4609,-1.0,9.079966603929002,0.48126719885697367,6.62100148570478e-23,-3.7717697475290377,2.8606228405333685,1.0,0.92,25,23
4624,10,MEF2A,4624,-1.0,9.079966603929002,0.2582579188178702,4.572729850053517e-07,-6.027233729170298,4.968035215222828,1.0,0.92,25,23
4611,10,MEF2A,4611,-1.0,9.079966603929002,-0.44367399309578254,2.521964095114106e-19,6.069652058701431,4.869139381417737,1.0,0.92,25,23
4621,10,MEF2A,4621,-1.0,9.079966603929002,0.46202821376284553,5.1134837844865654e-21,-6.003779628498222,4.931025748065553,1.0,0.92,25,23
4623,10,MEF2A,4623,-1.0,9.079966603929002,0.4766685388109612,1.9189643223321179e-22,-7.400247064858447,7.260196347806582,1.0,0.92,25,23
4630,10,MEF2A,4630,-1.0,9.079966603929002,0.16827232414572646,0.00114014494790094,-4.708673739617646,3.5592823705524834,1.0,0.92,25,23
4626,10,MEF2A,4626,-1.0,9.079966603929002,0.4440732533246228,2.322679844202085e-19,-8.257858527881108,6.464638303335354,1.0,0.92,25,23
4627,10,MEF2A,4627,-1.0,9.079966603929002,0.463610684852316,3.61329194326657e-21,-6.900742206302442,5.414994256558545,1.0,0.92,25,23
4606,10,MEF2A,4606,-1.0,9.079966603929002,0.6111752914552672,2.277491500091694e-39,-11.773152845812062,9.057703047702956,1.0,0.92,25,23
4617,10,MEF2A,4617,-1.0,9.079966603929002,0.7158999099960757,1.553842307052199e-59,-8.834028852992931,7.071237697911759,1.0,0.92,25,23
4614,10,MEF2A,4614,-1.0,9.079966603929002,0.3003506158101411,3.581019234903075e-09,-2.943706584600588,1.989164624123357,1.0,0.92,25,23
4783,10,ZNF410,4783,-1.0,9.06410132281072,0.2831695011244616,2.859587437043286e-08,-2.5345691520917004,1.6481796238997262,0.9523809523809523,0.8,25,21
4784,10,ZNF410,4784,-1.0,9.06410132281072,0.3132721713975518,6.843275158610109e-10,-2.5995344091929558,1.7223527716096299,0.9523809523809523,0.8,25,21
4771,10,ZNF410,4771,-1.0,9.06410132281072,0.36819689004716394,2.3530666191193287e-13,-3.924190564116941,2.973438177650579,0.9523809523809523,0.8,25,21
4777,10,ZNF410,4777,-1.0,9.06410132281072,0.4774830390776831,1.5911873122080525e-22,-5.496061762715954,4.44282837071274,0.9523809523809523,0.8,25,21
4790,10,ZNF410,4790,-1.0,9.06410132281072,0.4388567856614114,6.751109045287992e-19,-5.66699395719268,4.713617155052295,0.9523809523809523,0.8,25,21
4770,10,ZNF410,4770,-1.0,9.06410132281072,0.33297833090894563,4.682378286016527e-11,-3.860161510291776,2.9449707692232834,0.9523809523809523,0.8,25,21
4786,10,ZNF410,4786,-1.0,9.06410132281072,0.2209041751951064,1.75707023131798e-05,-2.748761941979127,1.8334615459396624,0.9523809523809523,0.8,25,21
4768,10,ZNF410,4768,-1.0,9.06410132281072,0.57120438410761,1.6370931939255755e-33,-10.977211734102962,12.750224728900891,0.9523809523809523,0.8,25,21
4772,10,ZNF410,4772,-1.0,9.06410132281072,0.5245463966705598,1.291870732647644e-27,-7.021382778597576,5.751068996979074,0.9523809523809523,0.8,25,21
4791,10,ZNF410,4791,-1.0,9.06410132281072,0.5759969168368438,3.580416081916953e-34,-2.8516155034238766,1.9208495853838474,0.9523809523809523,0.8,25,21
4782,10,ZNF410,4782,-1.0,9.06410132281072,0.4690217301903243,1.0870505514311996e-21,-7.378922086598409,6.186215473049494,0.9523809523809523,0.8,25,21
4769,10,ZNF410,4769,-1.0,9.06410132281072,0.6065834463278165,1.1822807219751543e-38,-10.132559800999008,9.560553822374855,0.9523809523809523,0.8,25,21
4776,10,ZNF410,4776,-1.0,9.06410132281072,0.47274972564077866,4.692652037173222e-22,-8.715016092431698,6.8522297248958015,0.9523809523809523,0.8,25,21
4767,10,ZNF410,4767,-1.0,9.06410132281072,0.6135915325811857,9.470221569084799e-40,-11.727091457289415,9.02758005417485,0.9523809523809523,0.8,25,21
4780,10,ZNF410,4780,-1.0,9.06410132281072,0.2982170763059382,4.670175091185427e-09,-6.523909691322596,5.204398249830607,0.9523809523809523,0.8,25,21
4788,10,ZNF410,4788,-1.0,9.06410132281072,0.42337869562458735,1.4393128152335866e-17,-2.4097577897155102,1.5821961279179133,0.9523809523809523,0.8,25,21
4774,10,ZNF410,4774,-1.0,9.06410132281072,0.5461104439801945,3.16464207989423e-30,-12.180125406622599,10.762186316717154,0.9523809523809523,0.8,25,21
4787,10,ZNF410,4787,-1.0,9.06410132281072,0.3095737855932622,1.1080643233671675e-09,-4.466582086126553,3.444827876348294,0.9523809523809523,0.8,25,21
4778,10,ZNF410,4778,-1.0,9.06410132281072,0.4619638245322969,5.1860507254016565e-21,-5.817004141267195,4.481451852770568,0.9523809523809523,0.8,25,21
4781,10,ZNF410,4781,-1.0,9.06410132281072,0.49213017904436046,5.024830608269065e-24,-5.622963693303473,4.468711324665925,0.9523809523809523,0.8,25,21
1159,10,AR,1159,-1.0,1.4977715181008553,0.3901780573722144,6.123989644859697e-15,-8.505483513434717,7.195889407348408,0.21052631578947367,0.16,25,19
1142,10,AR,1142,-1.0,1.4977715181008553,0.45493364854289997,2.3729370373991785e-20,-5.0459355710489815,4.117413553616193,0.21052631578947367,0.16,25,19
1143,10,AR,1143,-1.0,1.4977715181008553,-0.33386027536970936,4.1338075767352283e-11,5.437539551419931,4.3103759509092345,0.21052631578947367,0.16,25,19
1150,10,AR,1150,-1.0,1.4977715181008553,0.4275010163628545,6.4698695418933905e-18,-5.181954330263964,4.025851707348716,0.21052631578947367,0.16,25,19
5208,10,NR6A1,5208,-1.0,10.501697023282793,0.08597771756627509,0.09822456414540624,-4.89894467003752,5.8007670880053706,1.0,0.9411764705882353,17,16
5202,10,NR6A1,5202,-1.0,10.501697023282793,0.43277764330716245,2.287743479478513e-18,-11.767047450910018,9.031401274195469,1.0,0.9411764705882353,17,16
5207,10,NR6A1,5207,-1.0,10.501697023282793,0.34296077661871943,1.1163174157948258e-11,-6.539755832497634,5.1351561368521645,1.0,0.9411764705882353,17,16
5218,10,NR6A1,5218,-1.0,10.501697023282793,0.2948241868509671,7.092547497844831e-09,-7.209183319908477,5.769702879818918,1.0,0.9411764705882353,17,16
5213,10,NR6A1,5213,-1.0,10.501697023282793,0.44991481351797846,6.878922010257292e-20,-9.070743210822931,7.100157142436739,1.0,0.9411764705882353,17,16
5214,10,NR6A1,5214,-1.0,10.501697023282793,0.39901606675800233,1.3051238364947225e-15,-6.178201776960393,4.930190059855323,1.0,0.9411764705882353,17,16
5216,10,NR6A1,5216,-1.0,10.501697023282793,0.3946961133814451,2.794664829756018e-15,-2.730567847315976,1.8122453669642402,1.0,0.9411764705882353,17,16
5210,10,NR6A1,5210,-1.0,10.501697023282793,0.48942700634727426,9.627699481361079e-24,-13.292111745091148,11.727845380702519,1.0,0.9411764705882353,17,16
5211,10,NR6A1,5211,-1.0,10.501697023282793,0.18474163233749358,0.0003472866373525875,-5.559175640130041,4.4490743066951985,1.0,0.9411764705882353,17,16
5215,10,NR6A1,5215,-1.0,10.501697023282793,0.17149672061418866,0.0009108134749745504,-2.3620094486437044,1.4894859546887231,1.0,0.9411764705882353,17,16
5205,10,NR6A1,5205,-1.0,10.501697023282793,0.5575811269055335,1.0782628939882256e-31,-9.237331930554497,7.15497675878521,1.0,0.9411764705882353,17,16
5203,10,NR6A1,5203,-1.0,10.501697023282793,0.33707339197296593,2.6165476425873083e-11,-8.478556277576711,9.166929571976857,1.0,0.9411764705882353,17,16
5204,10,NR6A1,5204,-1.0,10.501697023282793,0.54122955230685,1.2818861659105622e-29,-7.553883276860955,6.309627592788224,1.0,0.9411764705882353,17,16
5206,10,NR6A1,5206,-1.0,10.501697023282793,0.3294970825098641,7.627732374455783e-11,-5.474395404936722,4.582289705653522,1.0,0.9411764705882353,17,16
5209,10,NR6A1,5209,-1.0,10.501697023282793,0.42743004721093586,6.560156618293209e-18,-6.210937142815538,4.792353605617971,1.0,0.9411764705882353,17,16
5212,10,NR6A1,5212,-1.0,10.501697023282793,0.4207495470429129,2.3831866789104144e-17,-9.083820451267416,7.063402248349082,1.0,0.9411764705882353,17,16
7801,10,HOXC11,7801,-1.0,5.231181546635042,0.2518852180916913,8.889712924226464e-07,-2.458617985441155,1.5864990176725524,0.9444444444444444,0.7727272727272727,22,18
7792,10,HOXC11,7792,-1.0,5.231181546635042,0.22755589869034382,9.57960172947417e-06,-12.377171861073842,16.375288849579686,0.9444444444444444,0.7727272727272727,22,18
7810,10,HOXC11,7810,-1.0,5.231181546635042,0.2623632665676249,2.951775793225476e-07,-8.130538937990538,9.141593255593408,0.9444444444444444,0.7727272727272727,22,18
7806,10,HOXC11,7806,-1.0,5.231181546635042,0.1751258192909885,0.0007040488349724548,-5.584322270870142,5.701297799467783,0.9444444444444444,0.7727272727272727,22,18
7791,10,HOXC11,7791,-1.0,5.231181546635042,0.15565235890008064,0.002644457281359505,-7.117654468295716,5.841641212513925,0.9444444444444444,0.7727272727272727,22,18
7802,10,HOXC11,7802,-1.0,5.231181546635042,0.26889562549818935,1.4484974103209457e-07,-6.713122651940401,7.446939206379164,0.9444444444444444,0.7727272727272727,22,18
7804,10,HOXC11,7804,-1.0,5.231181546635042,0.04254411242976726,0.413892876939854,-3.5075997025633536,2.643234292993091,0.9444444444444444,0.7727272727272727,22,18
7808,10,HOXC11,7808,-1.0,5.231181546635042,0.18870826635835952,0.00025677392448895784,-7.431957718261997,6.055463796077638,0.9444444444444444,0.7727272727272727,22,18
7793,10,HOXC11,7793,-1.0,5.231181546635042,0.17995719830078058,0.0004958283101124558,-6.500172128153913,5.117340901766482,0.9444444444444444,0.7727272727272727,22,18
7799,10,HOXC11,7799,-1.0,5.231181546635042,0.3061792746832115,1.7144675437758278e-09,-9.665660437656863,8.648256904766813,0.9444444444444444,0.7727272727272727,22,18
7807,10,HOXC11,7807,-1.0,5.231181546635042,0.16786559847781587,0.0011725761364634667,-6.639909249676331,7.169015603903499,0.9444444444444444,0.7727272727272727,22,18
7794,10,HOXC11,7794,-1.0,5.231181546635042,0.1957477110166237,0.00014799201145166782,-7.406886753443806,7.478521479934394,0.9444444444444444,0.7727272727272727,22,18
7800,10,HOXC11,7800,-1.0,5.231181546635042,0.17544938103867813,0.0006879019305219423,-6.296419491385344,5.0600815453019425,0.9444444444444444,0.7727272727272727,22,18
7790,10,HOXC11,7790,-1.0,5.231181546635042,0.27736327292715296,5.594702005094259e-08,-6.633395725125104,5.820382224058261,0.9444444444444444,0.7727272727272727,22,18
7803,10,HOXC11,7803,-1.0,5.231181546635042,0.15949952024408562,0.002059180458317464,-7.5139245918756155,6.159393916876588,0.9444444444444444,0.7727272727272727,22,18
7798,10,HOXC11,7798,-1.0,5.231181546635042,0.10702413003607833,0.039360774436107825,-5.763578145511289,6.05573399192709,0.9444444444444444,0.7727272727272727,22,18
7797,10,HOXC11,7797,-1.0,5.231181546635042,0.17458725927674199,0.0007317047598197608,-5.340016907143801,4.354187596064402,0.9444444444444444,0.7727272727272727,22,18
362,10,ZSCAN16,362,-1.0,2.3354337233622084,0.42037919146866204,2.557726952831332e-17,-4.168966572163527,3.393804612702298,1.0,0.9,10,9
361,10,ZSCAN16,361,-1.0,2.3354337233622084,0.4358624514437053,1.235320185104032e-18,-11.232748217171439,8.629943310072543,1.0,0.9,10,9
368,10,ZSCAN16,368,-1.0,2.3354337233622084,0.27972961223113385,4.263789582968812e-08,-7.910428772396655,6.343519190136686,1.0,0.9,10,9
370,10,ZSCAN16,370,-1.0,2.3354337233622084,0.32534397713947316,1.35437269808866e-10,-7.394401702236797,5.799259728533779,1.0,0.9,10,9
363,10,ZSCAN16,363,-1.0,2.3354337233622084,0.2370155826637872,3.916374463428747e-06,-11.199187215439155,11.935399334361692,1.0,0.9,10,9
369,10,ZSCAN16,369,-1.0,2.3354337233622084,0.5145381012696899,1.8232458108882758e-26,-11.329811258387219,10.514282221553584,1.0,0.9,10,9
367,10,ZSCAN16,367,-1.0,2.3354337233622084,0.4877134068247884,1.4495986439151776e-23,-9.183346295734491,8.109991587287013,1.0,0.9,10,9
365,10,ZSCAN16,365,-1.0,2.3354337233622084,0.5338452355494352,1.0193681864304187e-28,-7.75748303287132,6.514006153059501,1.0,0.9,10,9
364,10,ZSCAN16,364,-1.0,2.3354337233622084,0.27398111092572447,8.212646330181216e-08,-5.898746799078645,4.613639190857828,1.0,0.9,10,9
818,10,PLAGL1,818,-1.0,9.075068700340825,0.3397182853664899,1.7885427396105526e-11,-4.441131991588773,3.4187155825787627,1.0,1.0,6,6
819,10,PLAGL1,819,-1.0,9.075068700340825,0.33279001804024483,4.808382898614739e-11,-4.352589543842118,4.620211693730886,1.0,1.0,6,6
815,10,PLAGL1,815,-1.0,9.075068700340825,0.613140572970153,1.1161860891290192e-39,-9.586423258702318,8.509238034432151,1.0,1.0,6,6
814,10,PLAGL1,814,-1.0,9.075068700340825,0.5949722350817908,6.767401198227069e-37,-12.719538713912494,9.897750947238734,1.0,1.0,6,6
816,10,PLAGL1,816,-1.0,9.075068700340825,0.5901764123918719,3.4338707665076014e-36,-3.8952038564443527,2.974430458354709,1.0,1.0,6,6
817,10,PLAGL1,817,-1.0,9.075068700340825,0.2857854898633962,2.1027176276699786e-08,-7.630730041115908,6.326195794289366,1.0,1.0,6,6
4535,10,SP3,4535,-1.0,9.083452487177128,0.27914235424886674,4.562248719242416e-08,-4.509583605934486,3.4475950303166516,1.0,0.84,25,21
4530,10,SP3,4530,-1.0,9.083452487177128,0.5848532560035908,2.0185760015848109e-35,-11.545086291660779,14.455172815341582,1.0,0.84,25,21
4532,10,SP3,4532,-1.0,9.083452487177128,0.576858886536306,2.7167371511322446e-34,-7.766574766155371,6.507831629095861,1.0,0.84,25,21
4534,10,SP3,4534,-1.0,9.083452487177128,0.5208278011077768,3.489946893861128e-27,-5.405236854443639,4.221847027687146,1.0,0.84,25,21
4545,10,SP3,4545,-1.0,9.083452487177128,0.5281244639126563,4.907641876512864e-28,-6.202780701393439,4.982394380503145,1.0,0.84,25,21
4549,10,SP3,4549,-1.0,9.083452487177128,0.3818365970526652,2.5261756315418044e-14,-6.339081620489613,5.142300762912517,1.0,0.84,25,21
4527,10,SP3,4527,-1.0,9.083452487177128,0.39497764001720176,2.660275983830851e-15,-9.189215240969428,9.190243065074107,1.0,0.84,25,21
4529,10,SP3,4529,-1.0,9.083452487177128,0.46011580661611096,7.761232930844236e-21,-7.29181370807157,6.320104369636938,1.0,0.84,25,21
4540,10,SP3,4540,-1.0,9.083452487177128,0.67105680587117,6.928542036677304e-50,-9.431559833336545,7.341802544752705,1.0,0.84,25,21
4542,10,SP3,4542,-1.0,9.083452487177128,0.25467562162632157,6.659145234369703e-07,-3.5944378364794427,2.7178729247866174,1.0,0.84,25,21
4538,10,SP3,4538,-1.0,9.083452487177128,0.510457845028752,5.23266207586102e-26,-6.391247053154197,5.079269824305543,1.0,0.84,25,21
4544,10,SP3,4544,-1.0,9.083452487177128,0.41610647252765337,5.744626687865243e-17,-8.157195683912924,6.909540576362365,1.0,0.84,25,21
4528,10,SP3,4528,-1.0,9.083452487177128,0.2986092866190249,4.44839238039967e-09,-3.0877057494985,2.183402762444739,1.0,0.84,25,21
4537,10,SP3,4537,-1.0,9.083452487177128,-0.5235796182235622,1.674714684425014e-27,8.017809318761165,6.501063334435381,1.0,0.84,25,21
4546,10,SP3,4546,-1.0,9.083452487177128,0.6134627541200882,9.925548734686815e-40,-6.527458105647797,5.171978644926405,1.0,0.84,25,21
4526,10,SP3,4526,-1.0,9.083452487177128,0.8299149075168553,1.4962186356697765e-95,-12.625243976607983,9.737535051321643,1.0,0.84,25,21
4531,10,SP3,4531,-1.0,9.083452487177128,-0.37442173066031864,8.609407084708869e-14,5.39658768762453,4.246889045442352,1.0,0.84,25,21
4547,10,SP3,4547,-1.0,9.083452487177128,0.26849275151161944,1.514343730727162e-07,-3.7671136930218045,2.775174690778368,1.0,0.84,25,21
4548,10,SP3,4548,-1.0,9.083452487177128,0.6079109454642018,7.364377823617488e-39,-9.616081302338074,8.655058846817472,1.0,0.84,25,21
4536,10,SP3,4536,-1.0,9.083452487177128,0.35705426320155476,1.3491891601105213e-12,-4.603284442454444,3.6482780221651896,1.0,0.84,25,21
4539,10,SP3,4539,-1.0,9.083452487177128,0.26835316317970004,1.5378236030441147e-07,-4.5242169680152475,3.540835856684383,1.0,0.84,25,21
2584,10,MYBL1,2584,-1.0,9.114967016522431,0.7291685564357507,9.294971575108799e-63,-7.445938332821821,6.136807469446362,1.0,0.9473684210526315,19,18
2585,10,MYBL1,2585,-1.0,9.114967016522431,0.45804242639300463,1.2165073934539203e-20,-13.468030432760568,22.927121668029706,1.0,0.9473684210526315,19,18
2593,10,MYBL1,2593,-1.0,9.114967016522431,0.24547806653710488,1.7038532264199755e-06,-4.361573059271209,3.272166350926357,1.0,0.9473684210526315,19,18
2592,10,MYBL1,2592,-1.0,9.114967016522431,0.3169837170445814,4.190785980238803e-10,-8.70434489951878,6.948590845521846,1.0,0.9473684210526315,19,18
2599,10,MYBL1,2599,-1.0,9.114967016522431,0.27749572892603935,5.510642920510658e-08,-3.0926067892833764,2.1544596604596733,1.0,0.9473684210526315,19,18
2596,10,MYBL1,2596,-1.0,9.114967016522431,0.12516608426529305,0.015855404467788412,-2.8753223114089255,2.0502026742054427,1.0,0.9473684210526315,19,18
2597,10,MYBL1,2597,-1.0,9.114967016522431,0.30054942343438995,3.493110864811995e-09,-4.764739185558719,4.495992538608129,1.0,0.9473684210526315,19,18
2582,10,MYBL1,2582,-1.0,9.114967016522431,0.3335855636525144,4.297591422363314e-11,-4.681683143365288,3.7366261889008614,1.0,0.9473684210526315,19,18
2586,10,MYBL1,2586,-1.0,9.114967016522431,0.5844796104686549,2.2830218788991823e-35,-5.6544245543947556,4.708081232928674,1.0,0.9473684210526315,19,18
2590,10,MYBL1,2590,-1.0,9.114967016522431,0.3997718177267782,1.141047732235028e-15,-10.969636730679584,8.57501322027907,1.0,0.9473684210526315,19,18
2594,10,MYBL1,2594,-1.0,9.114967016522431,0.35947496927411715,9.285481788731293e-13,-2.3352997074061745,1.4775465556092064,1.0,0.9473684210526315,19,18
2589,10,MYBL1,2589,-1.0,9.114967016522431,0.37458505370860823,8.382809270198476e-14,-3.843699184518213,2.9287460529456846,1.0,0.9473684210526315,19,18
2583,10,MYBL1,2583,-1.0,9.114967016522431,0.5570176036396366,1.2769015554279766e-31,-6.746155726341286,5.840105278222519,1.0,0.9473684210526315,19,18
2598,10,MYBL1,2598,-1.0,9.114967016522431,0.28908391044727016,1.4205758426586583e-08,-4.658588006734438,3.5584812350469095,1.0,0.9473684210526315,19,18
2581,10,MYBL1,2581,-1.0,9.114967016522431,0.6694928995598504,1.4017421321542585e-49,-11.643546610243884,8.971538152960958,1.0,0.9473684210526315,19,18
2591,10,MYBL1,2591,-1.0,9.114967016522431,0.24728119998966014,1.4213320130471982e-06,-8.702483631859876,6.983465674264072,1.0,0.9473684210526315,19,18
2587,10,MYBL1,2587,-1.0,9.114967016522431,0.3617523270596916,6.514553078231987e-13,-7.8879135253779324,6.3428865627724536,1.0,0.9473684210526315,19,18
2595,10,MYBL1,2595,-1.0,9.114967016522431,0.2630506865442958,2.741177302494508e-07,-3.3434259665842867,2.3549606426549876,1.0,0.9473684210526315,19,18
5546,10,RFC5,5546,-1.0,3.6951278673785684,0.43223926474078633,2.5458669454975076e-18,-8.127572257833819,6.827456570446211,0.8,0.5714285714285714,7,5
5543,10,RFC5,5543,-1.0,3.6951278673785684,0.42941201352643843,4.4493365233970095e-18,-10.525496632924233,17.011072651631032,0.8,0.5714285714285714,7,5
5541,10,RFC5,5541,-1.0,3.6951278673785684,0.39525963664734204,2.5320219335230584e-15,-11.93532080197496,9.158642227868562,0.8,0.5714285714285714,7,5
5542,10,RFC5,5542,-1.0,3.6951278673785684,0.7104136655566967,2.9559445202165994e-58,-7.9339766801971745,7.0774135025413045,0.8,0.5714285714285714,7,5
3770,10,CREB3,3770,-1.0,1.336908228652496,0.4004514296054163,1.0108972791126867e-15,-12.000486306514524,9.210832883246558,0.75,0.6,10,8
3775,10,CREB3,3775,-1.0,1.336908228652496,0.6185720630638465,1.514750210102946e-40,-6.447333623533935,5.346248963225292,0.75,0.6,10,8
3777,10,CREB3,3777,-1.0,1.336908228652496,0.33838984624133744,2.1661304139685456e-11,-6.495259185552837,5.041574727215437,0.75,0.6,10,8
3776,10,CREB3,3776,-1.0,1.336908228652496,0.4389416196476453,6.635946890699074e-19,-3.4563285927837617,2.661457869123059,0.75,0.6,10,8
3773,10,CREB3,3773,-1.0,1.336908228652496,0.4521964012530051,4.2494539071102205e-20,-9.598354689604776,7.984343871557457,0.75,0.6,10,8
3771,10,CREB3,3771,-1.0,1.336908228652496,0.6135393632046097,9.652131514094258e-40,-10.267387427255901,10.179512115065528,0.75,0.6,10,8
6545,10,MIXL1,6545,-1.0,4.751057715965549,0.5111775948150876,4.3491205125041525e-26,-7.963416894621989,7.124510161712229,0.8,0.5714285714285714,7,5
6544,10,MIXL1,6544,-1.0,4.751057715965549,0.3924776809731698,4.114086373110178e-15,-11.930051915265322,9.200667920038692,0.8,0.5714285714285714,7,5
6546,10,MIXL1,6546,-1.0,4.751057715965549,0.4945560342778293,2.78962841766555e-24,-4.821170228803058,3.849285623471873,0.8,0.5714285714285714,7,5
6547,10,MIXL1,6547,-1.0,4.751057715965549,0.37661766079481024,6.007320887058128e-14,-7.329174143792477,6.0336711545916595,0.8,0.5714285714285714,7,5
5825,10,CLOCK,5825,-1.0,9.139474471137278,0.4159123648472401,5.958095173424172e-17,-6.943516032680539,5.439788516943574,1.0,1.0,2,2
5824,10,CLOCK,5824,-1.0,9.139474471137278,0.6107431316195772,2.6623960660417168e-39,-10.894750518064617,8.353590577400903,1.0,1.0,2,2
1028,10,ETV5,1028,-1.0,6.126677293074719,0.3046113498943688,2.093501149881123e-09,-6.1146972639317765,4.749694275937018,1.0,0.6428571428571429,14,9
1023,10,ETV5,1023,-1.0,6.126677293074719,0.27408098473223247,8.120684728413288e-08,-4.372788402497273,3.3911721151606296,1.0,0.6428571428571429,14,9
1017,10,ETV5,1017,-1.0,6.126677293074719,0.3824945891896592,2.262306048335004e-14,-6.4581928207109245,5.228056451248183,1.0,0.6428571428571429,14,9
1015,10,ETV5,1015,-1.0,6.126677293074719,0.42403809774473195,1.26743910649906e-17,-11.46635062152487,8.834381870884217,1.0,0.6428571428571429,14,9
1019,10,ETV5,1019,-1.0,6.126677293074719,0.4984255188150502,1.0805239921230835e-24,-5.2348639485573205,4.250446240768014,1.0,0.6428571428571429,14,9
1016,10,ETV5,1016,-1.0,6.126677293074719,0.5290870124102017,3.7751891318499054e-28,-5.8010092989312,4.986666376835933,1.0,0.6428571428571429,14,9
1018,10,ETV5,1018,-1.0,6.126677293074719,0.228957528957529,8.410417259696378e-06,-8.620825699057793,6.976671037334489,1.0,0.6428571428571429,14,9
1021,10,ETV5,1021,-1.0,6.126677293074719,0.4777930003736455,1.4815206881603638e-22,-4.668335958977656,3.540554761822302,1.0,0.6428571428571429,14,9
1027,10,ETV5,1027,-1.0,6.126677293074719,0.4045302758632034,4.858384514545373e-16,-4.329813194720222,3.3791192916784043,1.0,0.6428571428571429,14,9
3046,10,GLIS3,3046,-1.0,9.111272018424057,0.5156860625515526,1.35178306861001e-26,-11.802159511071014,9.1064056629839,1.0,0.8,5,4
3047,10,GLIS3,3047,-1.0,9.111272018424057,0.27706121911843157,5.7910452085318266e-08,-8.807630795296562,8.601711961711958,1.0,0.8,5,4
3048,10,GLIS3,3048,-1.0,9.111272018424057,0.5594968240129531,6.053975794475111e-32,-4.421867255651943,3.530870993308447,1.0,0.8,5,4
3049,10,GLIS3,3049,-1.0,9.111272018424057,0.20134300895104304,9.417931586549653e-05,-3.875718416813423,2.8919617141288794,1.0,0.8,5,4
6421,10,SPI1,6421,-1.0,3.284512158859723,0.4471000171547951,1.2400453244556883e-19,-6.283007635924395,4.937789624016258,0.9090909090909091,0.8,25,22
6417,10,SPI1,6417,-1.0,3.284512158859723,0.5033947694325054,3.139774532921856e-25,-3.8756331037739886,2.9694572881722485,0.9090909090909091,0.8,25,22
6427,10,SPI1,6427,-1.0,3.284512158859723,0.42989563774712897,4.045587231244281e-18,-6.694279705839307,5.576967799088157,0.9090909090909091,0.8,25,22
6430,10,SPI1,6430,-1.0,3.284512158859723,0.19458378472377255,0.00016232733161403217,-4.787481438898797,3.8064255251201273,0.9090909090909091,0.8,25,22
6424,10,SPI1,6424,-1.0,3.284512158859723,0.24869846805330675,1.2313488917702045e-06,-2.9898567326518144,2.1162738847215916,0.9090909090909091,0.8,25,22
6436,10,SPI1,6436,-1.0,3.284512158859723,0.3318703191496862,5.472803121511124e-11,-6.219473209364911,4.877522158276476,0.9090909090909091,0.8,25,22
6434,10,SPI1,6434,-1.0,3.284512158859723,0.22602570399283728,1.1032061662821529e-05,-7.238632614447541,5.811976414494056,0.9090909090909091,0.8,25,22
6415,10,SPI1,6415,-1.0,3.284512158859723,0.6210881779962729,5.925832082229594e-41,-9.903633941882227,9.121855195485567,0.9090909090909091,0.8,25,22
6429,10,SPI1,6429,-1.0,3.284512158859723,0.5163896441437525,1.124667677792637e-26,-4.231828495196415,3.2107474606568283,0.9090909090909091,0.8,25,22
6422,10,SPI1,6422,-1.0,3.284512158859723,0.24487600373175544,1.8096182417488076e-06,-12.8248061951442,10.79667645197884,0.9090909090909091,0.8,25,22
6418,10,SPI1,6418,-1.0,3.284512158859723,0.3019662215036531,2.9244889422701624e-09,-7.290326710224816,6.006835539569407,0.9090909090909091,0.8,25,22
6426,10,SPI1,6426,-1.0,3.284512158859723,0.27093836728651094,1.1548816970665883e-07,-5.799314586409408,4.9255038416784895,0.9090909090909091,0.8,25,22
6433,10,SPI1,6433,-1.0,3.284512158859723,0.519129476402757,5.47234221191076e-27,-8.324948940271543,8.530770361630953,0.9090909090909091,0.8,25,22
6428,10,SPI1,6428,-1.0,3.284512158859723,0.30581289053595806,1.796574202292541e-09,-5.720082863827312,4.398768122446419,0.9090909090909091,0.8,25,22
6413,10,SPI1,6413,-1.0,3.284512158859723,0.3568709653919636,1.3877266183008153e-12,-11.877277692996307,9.144543860386456,0.9090909090909091,0.8,25,22
6414,10,SPI1,6414,-1.0,3.284512158859723,0.9177683726679466,4.5263170907620044e-150,-4.216574129831013,3.269080252245831,0.9090909090909091,0.8,25,22
6431,10,SPI1,6431,-1.0,3.284512158859723,0.5630215468925146,2.0726742932292034e-32,-6.004180266290665,4.952909683036614,0.9090909090909091,0.8,25,22
6416,10,SPI1,6416,-1.0,3.284512158859723,0.4964905519379044,1.7388803767311106e-24,-8.971281990532692,9.082715150629014,0.9090909090909091,0.8,25,22
6435,10,SPI1,6435,-1.0,3.284512158859723,0.5116619706394508,3.839188771959038e-26,-8.308934862027927,6.984156998641379,0.9090909090909091,0.8,25,22
6437,10,SPI1,6437,-1.0,3.284512158859723,0.4048343622293714,4.598252769319241e-16,-3.3035605686050227,2.3391849251021166,0.9090909090909091,0.8,25,22
893,10,ETV4,893,-1.0,6.379330109629355,0.2682546993563427,1.5545964836611724e-07,-9.852188921699554,9.275246549236353,0.9166666666666666,0.7333333333333333,15,12
901,10,ETV4,901,-1.0,6.379330109629355,0.3974683752529158,1.7166347162428492e-15,-4.627152494718393,3.645320762049405,0.9166666666666666,0.7333333333333333,15,12
892,10,ETV4,892,-1.0,6.379330109629355,0.21323621682720892,3.456684435284707e-05,-8.594371268690388,6.94102409300618,0.9166666666666666,0.7333333333333333,15,12
900,10,ETV4,900,-1.0,6.379330109629355,0.1935951515379391,0.00017551544322390306,-4.372788402497273,3.3911721151606296,0.9166666666666666,0.7333333333333333,15,12
902,10,ETV4,902,-1.0,6.379330109629355,0.22660638205373448,1.0457813235651228e-05,-9.550729718422966,7.645545926505494,0.9166666666666666,0.7333333333333333,15,12
898,10,ETV4,898,-1.0,6.379330109629355,0.2842460232600221,2.5207100243540012e-08,-4.789218653742965,3.74955336792058,0.9166666666666666,0.7333333333333333,15,12
890,10,ETV4,890,-1.0,6.379330109629355,0.5334302305087455,1.143624655760008e-28,-6.510980700492802,5.5390145336967205,0.9166666666666666,0.7333333333333333,15,12
891,10,ETV4,891,-1.0,6.379330109629355,0.31969793460968143,2.915324598714272e-10,-6.467269878164167,5.2645640989660345,0.9166666666666666,0.7333333333333333,15,12
894,10,ETV4,894,-1.0,6.379330109629355,0.4938675132832163,3.2983180682174977e-24,-5.65959635158983,4.51210856961565,0.9166666666666666,0.7333333333333333,15,12
897,10,ETV4,897,-1.0,6.379330109629355,0.4761473150395853,2.1627603351659948e-22,-2.9089248438035624,1.9795462402461361,0.9166666666666666,0.7333333333333333,15,12
888,10,ETV4,888,-1.0,6.379330109629355,0.29777998152922075,4.929966979774687e-09,-11.708214689926542,9.042095561372127,0.9166666666666666,0.7333333333333333,15,12
8800,10,THRB,8800,-1.0,6.908460023612388,0.4439898293215397,2.362995992390572e-19,-11.798586591099802,9.364415567643498,0.6666666666666666,0.48,25,18
8796,10,THRB,8796,-1.0,6.908460023612388,0.22688179876250478,1.0195494349520888e-05,-5.681232284763491,4.431890283163596,0.6666666666666666,0.48,25,18
8802,10,THRB,8802,-1.0,6.908460023612388,0.6238188453647979,2.1192957674658885e-41,-5.694952376550255,4.435057102635865,0.6666666666666666,0.48,25,18
8781,10,THRB,8781,-1.0,6.908460023612388,-0.4689354862209397,1.1082482285047227e-21,6.769867644678168,5.446658547178426,0.6666666666666666,0.48,25,18
8787,10,THRB,8787,-1.0,6.908460023612388,0.2701297419495837,1.2635107866925278e-07,-9.965438814184658,7.71171456960496,0.6666666666666666,0.48,25,18
8792,10,THRB,8792,-1.0,6.908460023612388,0.4483610120859056,9.529788176156478e-20,-7.204513994590607,5.712737127712798,0.6666666666666666,0.48,25,18
8785,10,THRB,8785,-1.0,6.908460023612388,0.3828045504856217,2.147553025768676e-14,-10.709950569111557,8.301637729753411,0.6666666666666666,0.48,25,18
8801,10,THRB,8801,-1.0,6.908460023612388,0.38278269574678586,2.155453644849674e-14,-3.8521645175904338,2.834537806655809,0.6666666666666666,0.48,25,18
8782,10,THRB,8782,-1.0,6.908460023612388,0.2519148746172483,8.862617065534103e-07,-4.697456796812101,3.7342269336093836,0.6666666666666666,0.48,25,18
8798,10,THRB,8798,-1.0,6.908460023612388,0.5089609129170907,7.676523955468378e-26,-7.470183563587704,6.153061386684234,0.6666666666666666,0.48,25,18
8790,10,THRB,8790,-1.0,6.908460023612388,0.21145587810225672,4.030876272215343e-05,-3.0792041164736337,2.135858102421203,0.6666666666666666,0.48,25,18
8794,10,THRB,8794,-1.0,6.908460023612388,-0.4417044816314445,3.7792024226265186e-19,4.160516838161816,3.177152567355566,0.6666666666666666,0.48,25,18
4265,10,ZBTB3,4265,-1.0,6.571959413758537,0.38633585328655323,1.1821866427850684e-14,-4.771720039365136,3.615053485205418,1.0,0.88,25,22
4266,10,ZBTB3,4266,-1.0,6.571959413758537,0.33512667523623096,3.454151951766146e-11,-8.60925616670118,6.6448690139358355,1.0,0.88,25,22
4256,10,ZBTB3,4256,-1.0,6.571959413758537,0.3584470915572559,1.0886165097205593e-12,-11.906222712839403,9.15055283870625,1.0,0.88,25,22
4260,10,ZBTB3,4260,-1.0,6.571959413758537,0.29689662708530634,5.498429090916746e-09,-8.52597853103556,7.2347075800448675,1.0,0.88,25,22
4263,10,ZBTB3,4263,-1.0,6.571959413758537,0.42184040400717215,1.9343026827084703e-17,-9.980231059636818,7.661247087457559,1.0,0.88,25,22
4267,10,ZBTB3,4267,-1.0,6.571959413758537,0.24337131671276532,2.1021231468301643e-06,-7.352309761199842,6.403597037784265,1.0,0.88,25,22
4270,10,ZBTB3,4270,-1.0,6.571959413758537,0.25977482569083304,3.8932609948363415e-07,-9.977006039645067,8.279904571728661,1.0,0.88,25,22
4258,10,ZBTB3,4258,-1.0,6.571959413758537,0.23216383064222385,6.2253118729940594e-06,-11.090033571709448,18.26708703082264,1.0,0.88,25,22
4274,10,ZBTB3,4274,-1.0,6.571959413758537,0.25546098224126224,6.135345577472203e-07,-7.442034401409441,6.073695754269006,1.0,0.88,25,22
4280,10,ZBTB3,4280,-1.0,6.571959413758537,0.2010809870822044,9.62205722980294e-05,-2.133022668008671,1.309708788848301,1.0,0.88,25,22
4278,10,ZBTB3,4278,-1.0,6.571959413758537,0.18940045166460262,0.00024344112447879037,-3.5027888225610204,2.5318227773355684,1.0,0.88,25,22
4262,10,ZBTB3,4262,-1.0,6.571959413758537,0.24633721627026559,1.5631183688352321e-06,-7.530718325341198,6.028951963057653,1.0,0.88,25,22
4277,10,ZBTB3,4277,-1.0,6.571959413758537,0.3050789943060181,1.972672586870157e-09,-3.9038115554380473,2.9205516041206523,1.0,0.88,25,22
4261,10,ZBTB3,4261,-1.0,6.571959413758537,0.3746010335176495,8.360954685380978e-14,-14.89065021694534,14.686557380343725,1.0,0.88,25,22
4276,10,ZBTB3,4276,-1.0,6.571959413758537,0.21338403006084078,3.412663673658143e-05,-5.233903724450672,4.060161524774027,1.0,0.88,25,22
4259,10,ZBTB3,4259,-1.0,6.571959413758537,0.2444130592639418,1.8951876262637793e-06,-8.785139517424616,7.388721618155911,1.0,0.88,25,22
4269,10,ZBTB3,4269,-1.0,6.571959413758537,0.2690689646258727,1.421023142465118e-07,-3.665572276921952,2.7559168392940925,1.0,0.88,25,22
4264,10,ZBTB3,4264,-1.0,6.571959413758537,0.2071483795768641,5.815250940375667e-05,-5.189048128750812,3.972025470842296,1.0,0.88,25,22
4273,10,ZBTB3,4273,-1.0,6.571959413758537,0.29622618009714785,5.971769709531396e-09,-9.299651067794734,8.486179025039574,1.0,0.88,25,22
4272,10,ZBTB3,4272,-1.0,6.571959413758537,0.21660772153772767,2.5747556367872396e-05,-2.9246315705679593,1.9992204263893267,1.0,0.88,25,22
4257,10,ZBTB3,4257,-1.0,6.571959413758537,0.280896608285531,3.725650645364441e-08,-9.83140718667816,9.844331283050947,1.0,0.88,25,22
4271,10,ZBTB3,4271,-1.0,6.571959413758537,0.33199063771187937,5.3810466850764065e-11,-10.41683345133679,8.018138037395959,1.0,0.88,25,22
6193,10,YY1,6193,-1.0,9.153633838405156,0.3394713033179254,1.853510599198919e-11,-3.9730510372684233,3.0358868366360605,1.0,1.0,25,25
6208,10,YY1,6208,-1.0,9.153633838405156,0.4122769582903485,1.1748599712447476e-16,-5.519997487567355,4.356470492728121,1.0,1.0,25,25
6210,10,YY1,6210,-1.0,9.153633838405156,0.28816789139369786,1.5848348108286968e-08,-4.802113644105091,3.7559112326693715,1.0,1.0,25,25
6186,10,YY1,6186,-1.0,9.153633838405156,0.7156498729840179,1.7797928203944184e-59,-11.61487586795383,8.922417713812086,1.0,1.0,25,25
6206,10,YY1,6206,-1.0,9.153633838405156,0.5313909248784477,2.0079159628993364e-28,-8.00302320603846,6.311482582593413,1.0,1.0,25,25
6192,10,YY1,6192,-1.0,9.153633838405156,-0.1544810439515248,0.0028506240739698,6.674504922992626,5.439358908105074,1.0,1.0,25,25
6204,10,YY1,6204,-1.0,9.153633838405156,0.3007454110923375,3.40849911472034e-09,-6.948278819584619,6.39244588741987,1.0,1.0,25,25
6191,10,YY1,6191,-1.0,9.153633838405156,0.3869266362266971,1.069071203949057e-14,-7.262469117767106,5.951983131838412,1.0,1.0,25,25
6202,10,YY1,6202,-1.0,9.153633838405156,0.664576053316163,1.2495320561267833e-48,-8.504742771435271,6.612294795903713,1.0,1.0,25,25
6200,10,YY1,6200,-1.0,9.153633838405156,0.4965878407753027,1.697898012668328e-24,-7.408245317776242,6.5838848546080655,1.0,1.0,25,25
6196,10,YY1,6196,-1.0,9.153633838405156,0.5806127316778564,8.086977529362233e-35,-7.912690643222301,6.158534791191469,1.0,1.0,25,25
6189,10,YY1,6189,-1.0,9.153633838405156,0.4629750174485415,4.155068368399662e-21,-12.052533081024002,14.483161734089112,1.0,1.0,25,25
6195,10,YY1,6195,-1.0,9.153633838405156,0.6612299283023567,5.408210282792908e-48,-12.524762620450728,10.570888008392927,1.0,1.0,25,25
6197,10,YY1,6197,-1.0,9.153633838405156,0.3547811353654324,1.910725903155289e-12,-3.45429708231177,2.5324216536088993,1.0,1.0,25,25
6201,10,YY1,6201,-1.0,9.153633838405156,0.39980189736732646,1.1349544359748483e-15,-4.618930540282351,3.627247965479272,1.0,1.0,25,25
6194,10,YY1,6194,-1.0,9.153633838405156,0.636616322434947,1.489950700500128e-43,-8.892292312881532,6.988188323706065,1.0,1.0,25,25
6205,10,YY1,6205,-1.0,9.153633838405156,0.6570791729038838,3.24404232282163e-47,-12.893032902419957,10.023133657050687,1.0,1.0,25,25
6199,10,YY1,6199,-1.0,9.153633838405156,0.5839513367815256,2.7163326222837995e-35,-9.326901372978675,7.445706586019511,1.0,1.0,25,25
6190,10,YY1,6190,-1.0,9.153633838405156,0.5203639166511961,3.947185224108032e-27,-6.682572295442458,5.358781415650934,1.0,1.0,25,25
6198,10,YY1,6198,-1.0,9.153633838405156,0.6481965140516571,1.365713348810444e-45,-6.076357024171919,4.692922969913651,1.0,1.0,25,25
6207,10,YY1,6207,-1.0,9.153633838405156,0.5654563527965841,9.810667684084611e-33,-8.74245135052813,7.3641288307273784,1.0,1.0,25,25
6188,10,YY1,6188,-1.0,9.153633838405156,0.5728977738716023,9.595263097031804e-34,-7.811746026938046,6.439398478907025,1.0,1.0,25,25
6203,10,YY1,6203,-1.0,9.153633838405156,0.443491165280575,2.618746669118195e-19,-3.192634616425405,2.244408517327956,1.0,1.0,25,25
6187,10,YY1,6187,-1.0,9.153633838405156,0.4522661954189648,4.1870605187511785e-20,-8.611853991124038,8.196328142912137,1.0,1.0,25,25
6209,10,YY1,6209,-1.0,9.153633838405156,0.3000030549634932,3.739881686480527e-09,-6.199841445429424,4.954370493355497,1.0,1.0,25,25
6675,10,RFX7,6675,-1.0,9.147186081257075,-0.2940606809748624,7.785976898391936e-09,6.421231681288268,5.247463609942094,1.0,1.0,14,14
6677,10,RFX7,6677,-1.0,9.147186081257075,0.41438958304448265,7.926128521555994e-17,-7.462850715140113,6.659115974227884,1.0,1.0,14,14
6681,10,RFX7,6681,-1.0,9.147186081257075,0.3580807309352654,1.1519489727460576e-12,-5.879749768383147,4.813887122274161,1.0,1.0,14,14
6671,10,RFX7,6671,-1.0,9.147186081257075,0.46224464617647826,4.8768181086974316e-21,-9.908297716882535,9.575573888502959,1.0,1.0,14,14
6683,10,RFX7,6683,-1.0,9.147186081257075,0.3315417930755728,5.731173127271113e-11,-6.411178234873086,5.793022746183815,1.0,1.0,14,14
6678,10,RFX7,6678,-1.0,9.147186081257075,0.4697283667460174,9.277674385847054e-22,-4.187404415001857,3.1154043981711936,1.0,1.0,14,14
6679,10,RFX7,6679,-1.0,9.147186081257075,-0.516503147787384,1.0917416835601556e-26,6.727004564363747,5.354040161199823,1.0,1.0,14,14
6673,10,RFX7,6673,-1.0,9.147186081257075,0.5405861299957466,1.5388564637166165e-29,-10.677391949193755,14.983129413178993,1.0,1.0,14,14
6674,10,RFX7,6674,-1.0,9.147186081257075,0.3578548986339613,1.1927674971359505e-12,-3.211903962182688,2.3182692835930294,1.0,1.0,14,14
6672,10,RFX7,6672,-1.0,9.147186081257075,0.2675257380674301,1.68436949605073e-07,-4.133692079185225,3.177737996320347,1.0,1.0,14,14
6680,10,RFX7,6680,-1.0,9.147186081257075,0.42616482233037317,8.39414512346869e-18,-9.404285645249502,9.824087453935165,1.0,1.0,14,14
6682,10,RFX7,6682,-1.0,9.147186081257075,0.6699605439714996,1.135939151704118e-49,-10.191274068105967,8.13216911555024,1.0,1.0,14,14
6670,10,RFX7,6670,-1.0,9.147186081257075,0.8126148842521332,1.5298351508849664e-88,-12.391832183761187,9.598416620305688,1.0,1.0,14,14
6676,10,RFX7,6676,-1.0,9.147186081257075,0.46875853333552664,1.1530242437860555e-21,-5.615730775883285,4.35775419141728,1.0,1.0,14,14
4041,10,TGIF2,4041,-1.0,9.134439686648525,0.4605127168730334,7.118923974288535e-21,-12.208423882747203,9.421407208910663,0.7894736842105263,0.6521739130434783,23,19
4048,10,TGIF2,4048,-1.0,9.134439686648525,0.5030911530607209,3.3880127328229058e-25,-7.534617204004226,6.32367312860295,0.7894736842105263,0.6521739130434783,23,19
4054,10,TGIF2,4054,-1.0,9.134439686648525,0.37104247104247107,1.49000505091778e-13,-9.255377859749096,8.239627441610384,0.7894736842105263,0.6521739130434783,23,19
4043,10,TGIF2,4043,-1.0,9.134439686648525,0.6035226079048356,3.491988578034563e-38,-6.7263673349776,6.011299445423225,0.7894736842105263,0.6521739130434783,23,19
4050,10,TGIF2,4050,-1.0,9.134439686648525,0.5105579538324517,5.09990823785513e-26,-12.690379958093262,10.622226989954791,0.7894736842105263,0.6521739130434783,23,19
4042,10,TGIF2,4042,-1.0,9.134439686648525,0.30663843567069377,1.61669922923525e-09,-3.4449630102409303,2.5269309968873896,0.7894736842105263,0.6521739130434783,23,19
4044,10,TGIF2,4044,-1.0,9.134439686648525,0.21936799855241731,2.0160477274529133e-05,-3.5829814317278363,2.667880510966113,0.7894736842105263,0.6521739130434783,23,19
4062,10,TGIF2,4062,-1.0,9.134439686648525,0.24597015065669967,1.6218281872813388e-06,-3.906262283555384,2.928806784664151,0.7894736842105263,0.6521739130434783,23,19
4045,10,TGIF2,4045,-1.0,9.134439686648525,0.48151700087183963,6.246250073892821e-23,-8.788028507668276,7.471602123608037,0.7894736842105263,0.6521739130434783,23,19
4060,10,TGIF2,4060,-1.0,9.134439686648525,0.5179817501180861,7.405817413127933e-27,-7.759746346883262,6.148741405878185,0.7894736842105263,0.6521739130434783,23,19
4056,10,TGIF2,4056,-1.0,9.134439686648525,0.3049607907185509,2.002558578574783e-09,-8.373484993948274,14.808160959492778,0.7894736842105263,0.6521739130434783,23,19
4051,10,TGIF2,4051,-1.0,9.134439686648525,0.3969022670179092,1.8969660183825216e-15,-5.639026372051812,4.34552577361741,0.7894736842105263,0.6521739130434783,23,19
4061,10,TGIF2,4061,-1.0,9.134439686648525,0.18983707644693645,0.00023536660085055224,-3.9514344910311823,2.907237774100166,0.7894736842105263,0.6521739130434783,23,19
4046,10,TGIF2,4046,-1.0,9.134439686648525,0.3332666724632641,4.495653303268007e-11,-8.580599231294304,8.554252097247204,0.7894736842105263,0.6521739130434783,23,19
4059,10,TGIF2,4059,-1.0,9.134439686648525,0.2477175897748022,1.3600299630926619e-06,-7.707728044217333,6.002560613938792,0.7894736842105263,0.6521739130434783,23,19
9378,10,NR4A1,9378,-1.0,2.404251980554743,0.4086659914414023,2.2874536649887074e-16,-4.296425337787114,3.3136017028265576,1.0,1.0,2,2
9377,10,NR4A1,9377,-1.0,2.404251980554743,0.429855453227334,4.077714962455372e-18,-3.4804065547548975,2.570584516456398,1.0,1.0,2,2
1296,10,FOXA1,1296,-1.0,7.3618548863249,0.4305703146847395,3.541900490867516e-18,-5.0854728117659835,3.9211017821490834,0.9565217391304348,0.88,25,23
1291,10,FOXA1,1291,-1.0,7.3618548863249,0.33187172913283686,5.471719075885037e-11,-7.033924265588308,5.579387188708995,0.9565217391304348,0.88,25,23
1298,10,FOXA1,1298,-1.0,7.3618548863249,0.38568820102599777,1.31968140098442e-14,-8.581360910376233,6.6891616403755965,0.9565217391304348,0.88,25,23
1279,10,FOXA1,1279,-1.0,7.3618548863249,0.43573978290959425,1.2661177924769494e-18,-13.286269370220632,11.625579545797407,0.9565217391304348,0.88,25,23
1299,10,FOXA1,1299,-1.0,7.3618548863249,0.4754143587984124,2.5579933482602234e-22,-6.609404414296673,5.176082939345409,0.9565217391304348,0.88,25,23
1285,10,FOXA1,1285,-1.0,7.3618548863249,0.5488754209387199,1.4181728357376278e-30,-10.395684848429708,8.008162136505897,0.9565217391304348,0.88,25,23
1284,10,FOXA1,1284,-1.0,7.3618548863249,0.3399020531704646,1.741649456331573e-11,-2.309779411847555,1.4499748295206731,0.9565217391304348,0.88,25,23
1283,10,FOXA1,1283,-1.0,7.3618548863249,0.5122534585711701,3.295966871952427e-26,-7.31505514599718,5.777479924348252,0.9565217391304348,0.88,25,23
1282,10,FOXA1,1282,-1.0,7.3618548863249,0.5095864754416185,6.541978582818192e-26,-7.0118367858732356,5.621136388404278,0.9565217391304348,0.88,25,23
1289,10,FOXA1,1289,-1.0,7.3618548863249,0.4486831932358409,8.908194394369155e-20,-5.041239679421747,3.9838448160586735,0.9565217391304348,0.88,25,23
1295,10,FOXA1,1295,-1.0,7.3618548863249,0.4404550015627314,4.878101433050475e-19,-4.491386968237878,3.458432360570616,0.9565217391304348,0.88,25,23
1281,10,FOXA1,1281,-1.0,7.3618548863249,0.4241588863013087,1.2382186769565435e-17,-13.35820912344076,10.659813229754498,0.9565217391304348,0.88,25,23
1300,10,FOXA1,1300,-1.0,7.3618548863249,0.31084371041766057,9.39773238263107e-10,-7.982607305378457,6.385583197759047,0.9565217391304348,0.88,25,23
1293,10,FOXA1,1293,-1.0,7.3618548863249,0.42542129121557004,9.698037274404464e-18,-9.08135409092787,9.721428430259527,0.9565217391304348,0.88,25,23
1278,10,FOXA1,1278,-1.0,7.3618548863249,-0.1685719455652505,0.0011167844223938864,5.758449333190322,4.610634851083485,0.9565217391304348,0.88,25,23
1290,10,FOXA1,1290,-1.0,7.3618548863249,0.41278807718247773,1.0684248465899583e-16,-8.495876892469576,6.612569599270806,0.9565217391304348,0.88,25,23
1276,10,FOXA1,1276,-1.0,7.3618548863249,0.4695756185713581,9.60123102271232e-22,-11.811287331703236,9.088244774135301,0.9565217391304348,0.88,25,23
1292,10,FOXA1,1292,-1.0,7.3618548863249,0.24138230048150927,2.5587542266379345e-06,-6.821174134131154,5.579424361613541,0.9565217391304348,0.88,25,23
1280,10,FOXA1,1280,-1.0,7.3618548863249,0.5364076449286431,4.9930880067710127e-29,-9.142737707077407,7.054390991192388,0.9565217391304348,0.88,25,23
1286,10,FOXA1,1286,-1.0,7.3618548863249,0.4040278518671702,5.320168059713076e-16,-9.80559562694175,8.752211344961056,0.9565217391304348,0.88,25,23
1277,10,FOXA1,1277,-1.0,7.3618548863249,0.4142575146227003,8.12422081369856e-17,-7.4145284252633035,6.1213248019760504,0.9565217391304348,0.88,25,23
1297,10,FOXA1,1297,-1.0,7.3618548863249,0.4956079024855653,2.1582012811958692e-24,-7.242427700208882,5.82867086432807,0.9565217391304348,0.88,25,23
8338,10,EN1,8338,-1.0,4.661596005264714,0.28448363125526704,2.4513230947288796e-08,-7.892445736505129,6.7907613354030785,0.8125,0.6190476190476191,21,16
8350,10,EN1,8350,-1.0,4.661596005264714,0.13836476884757112,0.007608891527715389,-9.951024426007331,8.662877718223609,0.8125,0.6190476190476191,21,16
8339,10,EN1,8339,-1.0,4.661596005264714,-0.16125059026060176,0.0018342205995613486,3.3547184736960145,2.3845599920747556,0.8125,0.6190476190476191,21,16
8345,10,EN1,8345,-1.0,4.661596005264714,0.32567058598752613,1.2949889932265334e-10,-7.815970365326434,7.828309175460155,0.8125,0.6190476190476191,21,16
8342,10,EN1,8342,-1.0,4.661596005264714,0.2837911719176906,2.6588694703669235e-08,-3.4116161000433256,2.5420066788936126,0.8125,0.6190476190476191,21,16
8352,10,EN1,8352,-1.0,4.661596005264714,0.22471259416130052,1.2443173056576943e-05,-6.279534764665317,5.428564880602966,0.8125,0.6190476190476191,21,16
8335,10,EN1,8335,-1.0,4.661596005264714,0.14102981025621777,0.0065110180887309535,-13.508611685536609,11.476661219152625,0.8125,0.6190476190476191,21,16
8347,10,EN1,8347,-1.0,4.661596005264714,0.17697643049045036,0.0006162211656605421,-6.722094449431025,5.59461124760235,0.8125,0.6190476190476191,21,16
8346,10,EN1,8346,-1.0,4.661596005264714,0.36963167739077424,1.8699016618918637e-13,-6.222592345786803,5.369131877890314,0.8125,0.6190476190476191,21,16
8348,10,EN1,8348,-1.0,4.661596005264714,0.3552700653552893,1.773350075460649e-12,-6.8069932518110505,10.023763834769369,0.8125,0.6190476190476191,21,16
8332,10,EN1,8332,-1.0,4.661596005264714,0.1894581645571016,0.0002423591891377729,-8.093831340726204,7.50058632649307,0.8125,0.6190476190476191,21,16
8334,10,EN1,8334,-1.0,4.661596005264714,0.2642789737034459,2.4003318392447083e-07,-7.117929684386975,5.87604622496217,0.8125,0.6190476190476191,21,16
8333,10,EN1,8333,-1.0,4.661596005264714,0.3110190385134518,9.185844697230683e-10,-11.309093944777954,13.061288252092442,0.8125,0.6190476190476191,21,16
6044,10,CNOT3,6044,-1.0,9.102427657356156,0.32965970056657823,7.456847145761035e-11,-9.134159395331219,7.347470761634281,1.0,0.8235294117647058,17,14
6036,10,CNOT3,6036,-1.0,9.102427657356156,0.7369906729614581,9.484293320905155e-65,-6.540732009133574,5.870672308061731,1.0,0.8235294117647058,17,14
6040,10,CNOT3,6040,-1.0,9.102427657356156,0.6475883413193212,1.75626088168257e-45,-9.701481497299396,7.916374040899739,1.0,0.8235294117647058,17,14
6051,10,CNOT3,6051,-1.0,9.102427657356156,0.591694259253602,2.059758232497007e-36,-8.7113895651824,7.150645058017913,1.0,0.8235294117647058,17,14
6037,10,CNOT3,6037,-1.0,9.102427657356156,0.2414546796165786,2.5405916256356083e-06,-4.504857474861384,3.582015231230479,1.0,0.8235294117647058,17,14
6048,10,CNOT3,6048,-1.0,9.102427657356156,0.5310692137228961,2.19360973863316e-28,-7.049849817467409,5.584270773952601,1.0,0.8235294117647058,17,14
6038,10,CNOT3,6038,-1.0,9.102427657356156,0.6511365639180612,4.015856515363372e-46,-8.002340581620878,6.532344950550498,1.0,0.8235294117647058,17,14
6050,10,CNOT3,6050,-1.0,9.102427657356156,0.6849479598718796,1.0911937392602655e-52,-5.821218148579248,4.539078539129285,1.0,0.8235294117647058,17,14
6049,10,CNOT3,6049,-1.0,9.102427657356156,0.31682955888677133,4.2775949315074107e-10,-3.814854632094331,2.8276304725721384,1.0,0.8235294117647058,17,14
6035,10,CNOT3,6035,-1.0,9.102427657356156,0.7094995264806586,4.796823716723758e-58,-11.93738111225914,9.202941786715172,1.0,0.8235294117647058,17,14
6045,10,CNOT3,6045,-1.0,9.102427657356156,0.2129936997252883,3.530074790314346e-05,-5.733518816340083,4.426232625005137,1.0,0.8235294117647058,17,14
6042,10,CNOT3,6042,-1.0,9.102427657356156,0.5398228591168336,1.9103180858321503e-29,-9.05091108168646,7.119066184230627,1.0,0.8235294117647058,17,14
6041,10,CNOT3,6041,-1.0,9.102427657356156,0.5818718466314328,5.367080349653306e-35,-2.5660322913077502,1.6875492009907145,1.0,0.8235294117647058,17,14
6039,10,CNOT3,6039,-1.0,9.102427657356156,0.4842793928612553,3.2689436855980736e-23,-4.661211836109754,3.514921779855554,1.0,0.8235294117647058,17,14
5464,10,SF1,5464,-1.0,9.107808752874957,0.4197670237840658,2.8741497742982786e-17,-4.644190865838703,3.550433739537594,1.0,0.8947368421052632,19,17
5460,10,SF1,5460,-1.0,9.107808752874957,0.5557284090455119,1.8777053471592685e-31,-9.078528276330404,9.703314575234446,1.0,0.8947368421052632,19,17
5466,10,SF1,5466,-1.0,9.107808752874957,0.32697180268695797,1.0825736826785303e-10,-4.393556704896339,3.5076115024157297,1.0,0.8947368421052632,19,17
5469,10,SF1,5469,-1.0,9.107808752874957,0.37140859666726983,1.404470102574708e-13,-3.7075770206708,2.73759406699212,1.0,0.8947368421052632,19,17
5473,10,SF1,5473,-1.0,9.107808752874957,0.4362245821162438,1.1486366645139316e-18,-6.009535438126897,4.733081592782137,1.0,0.8947368421052632,19,17
5463,10,SF1,5463,-1.0,9.107808752874957,0.24182832515151445,2.4487736112174328e-06,-4.210272837436681,3.2600972854674968,1.0,0.8947368421052632,19,17
5461,10,SF1,5461,-1.0,9.107808752874957,0.21915015615563396,2.0555795546044364e-05,-3.4873170943562384,2.5784409412148728,1.0,0.8947368421052632,19,17
5465,10,SF1,5465,-1.0,9.107808752874957,0.3016186606570052,3.0550446256155333e-09,-2.4435388756166883,1.555727822084064,1.0,0.8947368421052632,19,17
5458,10,SF1,5458,-1.0,9.107808752874957,0.23644195451864353,4.139104259267724e-06,-4.292316372852301,3.360941124082739,1.0,0.8947368421052632,19,17
5457,10,SF1,5457,-1.0,9.107808752874957,0.5240420926969922,1.4793250194032647e-27,-10.139565092878117,12.407604651973445,1.0,0.8947368421052632,19,17
5471,10,SF1,5471,-1.0,9.107808752874957,0.6790060558776322,1.801815827027559e-51,-10.065554583387168,7.782926362494564,1.0,0.8947368421052632,19,17
5472,10,SF1,5472,-1.0,9.107808752874957,0.34787997283432465,5.403318759993006e-12,-2.6353830750435217,1.757672227463172,1.0,0.8947368421052632,19,17
5459,10,SF1,5459,-1.0,9.107808752874957,0.5488082117418698,1.4462422262202493e-30,-8.085943808136516,6.771714502966108,1.0,0.8947368421052632,19,17
5474,10,SF1,5474,-1.0,9.107808752874957,0.5244110382880924,1.3397475586243112e-27,-7.352840336380525,6.1250519941806525,1.0,0.8947368421052632,19,17
5456,10,SF1,5456,-1.0,9.107808752874957,0.7514690849444349,1.2495910105621994e-68,-11.814041071031838,9.133264952781744,1.0,0.8947368421052632,19,17
5462,10,SF1,5462,-1.0,9.107808752874957,0.393448748287458,3.474684288577993e-15,-3.167621642499589,2.2421263913509497,1.0,0.8947368421052632,19,17
5467,10,SF1,5467,-1.0,9.107808752874957,0.312938710382411,7.149148411408198e-10,-7.4728063708981995,7.818273424878195,1.0,0.8947368421052632,19,17
144,10,MTERF1,144,-1.0,9.055368264968326,0.18009244789524767,0.0004909220498944761,-2.729043906101432,1.8528260269413739,1.0,1.0,6,6
145,10,MTERF1,145,-1.0,9.055368264968326,0.4139489633098885,8.606168153973432e-17,-7.318171229877519,6.131900570400961,1.0,1.0,6,6
141,10,MTERF1,141,-1.0,9.055368264968326,0.5799340597879856,1.0079415096088998e-34,-11.606351389544333,8.898055439967688,1.0,1.0,6,6
142,10,MTERF1,142,-1.0,9.055368264968326,0.20286720073695122,8.309001905875126e-05,-4.717320695162228,3.754775679137169,1.0,1.0,6,6
146,10,MTERF1,146,-1.0,9.055368264968326,0.19921111442718262,0.00011204160650652291,-7.670901628825494,6.167189329691943,1.0,1.0,6,6
143,10,MTERF1,143,-1.0,9.055368264968326,0.2808486688584072,3.746402676933088e-08,-3.6978307812478732,2.9011743710956877,1.0,1.0,6,6
3975,10,TFEB,3975,-1.0,3.9567129983620997,0.27004913791280194,1.2748633070237125e-07,-7.840884921297332,6.217249397417303,0.9411764705882353,0.8888888888888888,18,17
3972,10,TFEB,3972,-1.0,3.9567129983620997,0.14962294700578327,0.0038709256555878786,-4.1877707370207595,3.154958667241508,0.9411764705882353,0.8888888888888888,18,17
3966,10,TFEB,3966,-1.0,3.9567129983620997,0.20903493703250248,4.957445477723099e-05,-6.205987420036068,5.041115125132759,0.9411764705882353,0.8888888888888888,18,17
3969,10,TFEB,3969,-1.0,3.9567129983620997,0.2681404907211359,1.5742721536100797e-07,-8.658303382802165,6.64041493991406,0.9411764705882353,0.8888888888888888,18,17
3963,10,TFEB,3963,-1.0,3.9567129983620997,0.29679369831530517,5.568659049207124e-09,-6.4973897660775135,5.376306807663163,0.9411764705882353,0.8888888888888888,18,17
3962,10,TFEB,3962,-1.0,3.9567129983620997,0.21248728077699472,3.68810535377854e-05,-4.5987174094175565,3.693118772549157,0.9411764705882353,0.8888888888888888,18,17
3960,10,TFEB,3960,-1.0,3.9567129983620997,0.4155758488686061,6.346787711686332e-17,-8.153862330977903,7.944014222414348,0.9411764705882353,0.8888888888888888,18,17
3961,10,TFEB,3961,-1.0,3.9567129983620997,0.21149982257712022,4.015677661139425e-05,-3.5467411604694163,2.603742675108576,0.9411764705882353,0.8888888888888888,18,17
3971,10,TFEB,3971,-1.0,3.9567129983620997,0.18784054030554337,0.0002744515489120391,-8.204158843029129,7.477975106573595,0.9411764705882353,0.8888888888888888,18,17
3959,10,TFEB,3959,-1.0,3.9567129983620997,0.294403071883291,7.46725420925274e-09,-11.61684512118687,8.899401542306904,0.9411764705882353,0.8888888888888888,18,17
3976,10,TFEB,3976,-1.0,3.9567129983620997,0.4008741895534349,9.374060505522035e-16,-4.026796997252871,3.011276563702894,0.9411764705882353,0.8888888888888888,18,17
3967,10,TFEB,3967,-1.0,3.9567129983620997,0.24446522864051776,1.8853546182664585e-06,-4.659221923062759,3.548736497656887,0.9411764705882353,0.8888888888888888,18,17
3970,10,TFEB,3970,-1.0,3.9567129983620997,0.22225564404505369,1.555635862474404e-05,-10.66959762283189,8.344742855931383,0.9411764705882353,0.8888888888888888,18,17
3965,10,TFEB,3965,-1.0,3.9567129983620997,0.22156240232929217,1.6560538088805142e-05,-8.63249917781534,6.776369099015772,0.9411764705882353,0.8888888888888888,18,17
3968,10,TFEB,3968,-1.0,3.9567129983620997,0.23545708128787862,4.549980116450006e-06,-6.450845579189396,5.246541831787708,0.9411764705882353,0.8888888888888888,18,17
3974,10,TFEB,3974,-1.0,3.9567129983620997,-0.43106545376782746,3.2119991117179657e-18,3.022929219072183,2.085256714533344,0.9411764705882353,0.8888888888888888,18,17
1305,10,MYCN,1305,-1.0,9.151568167089692,0.2935713919570261,8.264406056016874e-09,-4.810979272801328,3.812762607625544,1.0,1.0,5,5
1301,10,MYCN,1301,-1.0,9.151568167089692,0.26669674720658143,1.844631716325146e-07,-11.589085197857843,8.952463436192065,1.0,1.0,5,5
1303,10,MYCN,1303,-1.0,9.151568167089692,0.15903636831314047,0.0021227571605068273,-8.432563725026919,6.876242810253013,1.0,1.0,5,5
1302,10,MYCN,1302,-1.0,9.151568167089692,0.11854750232262398,0.022386848404567394,-6.763990233369763,6.341886372937142,1.0,1.0,5,5
1304,10,MYCN,1304,-1.0,9.151568167089692,0.14910735404635084,0.003996644018673312,-4.355452684283033,3.286843913105549,1.0,1.0,5,5
6167,10,POU2F2,6167,-1.0,3.253925632421902,0.25062098007928807,1.0121604702524518e-06,-7.777065604662636,6.418784095460458,0.8636363636363636,0.76,25,22
6177,10,POU2F2,6177,-1.0,3.253925632421902,0.42082380615551646,2.3496257779753276e-17,-2.2473812039886933,1.4010615538217217,0.8636363636363636,0.76,25,22
6161,10,POU2F2,6161,-1.0,3.253925632421902,0.29618364560543503,6.0030954444661814e-09,-11.790706891991743,9.070704983342827,0.8636363636363636,0.76,25,22
6162,10,POU2F2,6162,-1.0,3.253925632421902,0.8680321570157237,2.992228098564472e-114,-4.290695486616203,3.3525844358378674,0.8636363636363636,0.76,25,22
6181,10,POU2F2,6181,-1.0,3.253925632421902,0.4265304779607884,7.817739794496542e-18,-2.736049160776076,1.874248070687117,0.8636363636363636,0.76,25,22
6173,10,POU2F2,6173,-1.0,3.253925632421902,0.4356913734880868,1.2784783604151482e-18,-8.773079116845468,9.08832782155912,0.8636363636363636,0.76,25,22
6175,10,POU2F2,6175,-1.0,3.253925632421902,0.32284360701889614,1.9056290485390282e-10,-9.672655585645494,10.114053595686222,0.8636363636363636,0.76,25,22
6182,10,POU2F2,6182,-1.0,3.253925632421902,0.14491125331052296,0.005165228058950575,-3.758970580499717,2.729939088253996,0.8636363636363636,0.76,25,22
6184,10,POU2F2,6184,-1.0,3.253925632421902,0.26671194279228366,1.841566199211188e-07,-8.781167484921982,8.033620840446805,0.8636363636363636,0.76,25,22
6171,10,POU2F2,6171,-1.0,3.253925632421902,0.17425159269346732,0.0007494466180739992,-5.657974210193145,4.805530023791239,0.8636363636363636,0.76,25,22
6166,10,POU2F2,6166,-1.0,3.253925632421902,0.4931559417864957,3.920137198192162e-24,-7.889899567123603,6.561687215474999,0.8636363636363636,0.76,25,22
6174,10,POU2F2,6174,-1.0,3.253925632421902,0.514662884778527,1.765000362639331e-26,-5.294698088192497,4.367295198116641,0.8636363636363636,0.76,25,22
6172,10,POU2F2,6172,-1.0,3.253925632421902,0.26228271572154715,2.9774485293938896e-07,-5.945815725501379,4.593708128098853,0.8636363636363636,0.76,25,22
6164,10,POU2F2,6164,-1.0,3.253925632421902,0.44848250563405767,9.290527771161796e-20,-3.800951888027487,2.894607762220585,0.8636363636363636,0.76,25,22
6176,10,POU2F2,6176,-1.0,3.253925632421902,0.6911408408669517,5.461019744600062e-54,-5.821155494855917,5.2500384412423475,0.8636363636363636,0.76,25,22
6168,10,POU2F2,6168,-1.0,3.253925632421902,0.25929707639993704,4.0960383221802177e-07,-13.881311120123957,12.024028500854463,0.8636363636363636,0.76,25,22
6163,10,POU2F2,6163,-1.0,3.253925632421902,0.46843353221929007,1.2399535091874675e-21,-8.987331209514911,8.668312488214237,0.8636363636363636,0.76,25,22
6165,10,POU2F2,6165,-1.0,3.253925632421902,0.4628481189649784,4.272436301405762e-21,-12.665550892865319,19.94631718741108,0.8636363636363636,0.76,25,22
6185,10,POU2F2,6185,-1.0,3.253925632421902,0.2352486387787666,4.641794492553244e-06,-12.383509600941196,9.86113591659656,0.8636363636363636,0.76,25,22
158,10,DR1,158,-1.0,9.080918175641969,0.26347720644738293,2.6178560665312975e-07,-5.952318774469892,4.847878682115577,1.0,0.75,20,15
157,10,DR1,157,-1.0,9.080918175641969,0.45846048639718756,1.1113898673699343e-20,-5.865718649249863,4.821088382749015,1.0,0.75,20,15
163,10,DR1,163,-1.0,9.080918175641969,-0.3392146863844977,1.9234494779824055e-11,3.6407006485629285,2.6270703876749297,1.0,0.75,20,15
149,10,DR1,149,-1.0,9.080918175641969,0.5986520561079296,1.9103950547052622e-37,-8.422434531551671,8.11924092725853,1.0,0.75,20,15
155,10,DR1,155,-1.0,9.080918175641969,0.6543976199484416,1.0167363394400297e-46,-6.0171803751754185,4.991307578164623,1.0,0.75,20,15
165,10,DR1,165,-1.0,9.080918175641969,0.409670604436277,1.9019473445833911e-16,-9.248996571530075,7.44291752251007,1.0,0.75,20,15
162,10,DR1,162,-1.0,9.080918175641969,0.41130359992198096,1.4071209988928563e-16,-2.3398700197226474,1.47244887073061,1.0,0.75,20,15
150,10,DR1,150,-1.0,9.080918175641969,-0.1473871837231545,0.004443233566401238,4.871619514669508,3.7633540682102073,1.0,0.75,20,15
147,10,DR1,147,-1.0,9.080918175641969,0.7997746376930797,8.560995652075853e-84,-11.620709820073776,8.929494476779892,1.0,0.75,20,15
153,10,DR1,153,-1.0,9.080918175641969,0.6841186547820755,1.6203743266976049e-52,-8.10795461762247,6.705570733092728,1.0,0.75,20,15
160,10,DR1,160,-1.0,9.080918175641969,0.47118816930137686,6.680057496135274e-22,-7.9301346562576125,6.3617405544566035,1.0,0.75,20,15
159,10,DR1,159,-1.0,9.080918175641969,-0.14697523364595794,0.004556657294881543,3.289572066444444,2.3268277385329212,1.0,0.75,20,15
151,10,DR1,151,-1.0,9.080918175641969,0.7000862439693846,6.30225173747653e-56,-7.857057610867883,6.642545823143282,1.0,0.75,20,15
152,10,DR1,152,-1.0,9.080918175641969,0.3162094012976545,4.644816443395424e-10,-3.8310778253163944,2.927652828911217,1.0,0.75,20,15
148,10,DR1,148,-1.0,9.080918175641969,0.4091141310861336,2.106834862835316e-16,-4.225817544641161,3.2748497734591786,1.0,0.75,20,15
1799,10,PITX1,1799,-1.0,8.891522225804142,0.3400732672427334,1.6990398505826646e-11,-3.3254440380969728,2.4350554124401897,0.9047619047619048,0.76,25,21
1785,10,PITX1,1785,-1.0,8.891522225804142,0.2702394653888698,1.248213440542996e-07,-4.644545172470419,3.711292010771859,0.9047619047619048,0.76,25,21
1798,10,PITX1,1798,-1.0,8.891522225804142,0.30388770294522566,2.2947484159100375e-09,-5.63231839017438,4.405421681436194,0.9047619047619048,0.76,25,21
1805,10,PITX1,1805,-1.0,8.891522225804142,0.29714552223203583,5.332132062808433e-09,-8.984043875850613,8.410508111644777,0.9047619047619048,0.76,25,21
1786,10,PITX1,1786,-1.0,8.891522225804142,0.5169392026150174,9.738664088397497e-27,-7.581285818591318,6.573288893778887,0.9047619047619048,0.76,25,21
1795,10,PITX1,1795,-1.0,8.891522225804142,0.38862261184573127,8.000653701746355e-15,-6.5198090366671835,5.529369631593313,0.9047619047619048,0.76,25,21
1794,10,PITX1,1794,-1.0,8.891522225804142,0.33840362371133553,2.1618417816006927e-11,-7.7685323185261765,7.668701569452064,0.9047619047619048,0.76,25,21
1781,10,PITX1,1781,-1.0,8.891522225804142,0.408269875506377,2.4597023879543083e-16,-11.924828709216039,9.191188998840422,0.9047619047619048,0.76,25,21
1790,10,PITX1,1790,-1.0,8.891522225804142,0.19453410533783633,0.00016296724722329544,-9.956016300545805,7.992990649093081,0.9047619047619048,0.76,25,21
1791,10,PITX1,1791,-1.0,8.891522225804142,0.40413368372871517,5.2194474043197835e-16,-2.2509261753534235,1.4468399564188534,0.9047619047619048,0.76,25,21
1797,10,PITX1,1797,-1.0,8.891522225804142,0.22270841404870106,1.4932015777767388e-05,-3.638038400438263,2.6274236686879657,0.9047619047619048,0.76,25,21
1782,10,PITX1,1782,-1.0,8.891522225804142,0.5598100426564031,5.506792651403093e-32,-8.741511741027772,8.794175419604253,0.9047619047619048,0.76,25,21
1783,10,PITX1,1783,-1.0,8.891522225804142,0.509366138806525,6.921324301140076e-26,-11.454637291856242,13.161367153707733,0.9047619047619048,0.76,25,21
1787,10,PITX1,1787,-1.0,8.891522225804142,0.4300727088103329,3.906957267837377e-18,-7.617319980197804,6.245962410745336,0.9047619047619048,0.76,25,21
1792,10,PITX1,1792,-1.0,8.891522225804142,0.3592595301086033,9.600678984041803e-13,-5.421054952038452,4.438888224304217,0.9047619047619048,0.76,25,21
1789,10,PITX1,1789,-1.0,8.891522225804142,0.3061536729318908,1.7200845335385941e-09,-11.186815765320688,8.611356503985371,0.9047619047619048,0.76,25,21
1793,10,PITX1,1793,-1.0,8.891522225804142,0.19520532531676388,0.0001545178043101386,-3.069053047380381,2.122568913042792,0.9047619047619048,0.76,25,21
1784,10,PITX1,1784,-1.0,8.891522225804142,0.21589380882911438,2.7415230482556405e-05,-3.7668213318012147,2.8561988344390223,0.9047619047619048,0.76,25,21
1804,10,PITX1,1804,-1.0,8.891522225804142,0.29666053669812864,5.66080786942178e-09,-2.3288344787198474,1.5233739655590866,0.9047619047619048,0.76,25,21
3843,10,TRIM28,3843,-1.0,7.5516330285833115,0.5595355985495973,5.983426027743655e-32,-3.87649890318399,2.852532328472941,0.9130434782608695,0.875,24,23
3849,10,TRIM28,3849,-1.0,7.5516330285833115,-0.5723065209370749,1.156695437430464e-33,3.5663996974121086,2.5932455579027662,0.9130434782608695,0.875,24,23
3836,10,TRIM28,3836,-1.0,7.5516330285833115,0.6490770485292702,9.479161906334199e-46,-5.513832827866455,4.4712740575788965,0.9130434782608695,0.875,24,23
3837,10,TRIM28,3837,-1.0,7.5516330285833115,0.5758728383195821,3.7253029537281187e-34,-7.188701354680225,5.883251955825251,0.9130434782608695,0.875,24,23
3834,10,TRIM28,3834,-1.0,7.5516330285833115,0.48318642092227,4.226465091030223e-23,-10.232783372136407,9.124133479415558,0.9130434782608695,0.875,24,23
3840,10,TRIM28,3840,-1.0,7.5516330285833115,0.6213513748510706,5.36907347308428e-41,-5.183371678143216,4.041841534276228,0.9130434782608695,0.875,24,23
3830,10,TRIM28,3830,-1.0,7.5516330285833115,0.8125798696705575,1.5779253668618837e-88,-6.294257818024982,5.700622800532156,0.9130434782608695,0.875,24,23
3831,10,TRIM28,3831,-1.0,7.5516330285833115,0.4172748785652012,4.60960675738271e-17,-11.075692055431524,11.474030041102568,0.9130434782608695,0.875,24,23
3832,10,TRIM28,3832,-1.0,7.5516330285833115,0.5125718797660368,3.0357126858861365e-26,-7.6107159677917045,6.36171301159456,0.9130434782608695,0.875,24,23
3839,10,TRIM28,3839,-1.0,7.5516330285833115,0.358131020334307,1.1430468988736192e-12,-8.076355370041648,7.767994916185884,0.9130434782608695,0.875,24,23
3842,10,TRIM28,3842,-1.0,7.5516330285833115,0.2129995746550829,3.5282796366540283e-05,-9.692422353866998,7.622092278188822,0.9130434782608695,0.875,24,23
3847,10,TRIM28,3847,-1.0,7.5516330285833115,0.36619400898159266,3.2370003664050956e-13,-2.6121599141433647,1.7473119006206004,0.9130434782608695,0.875,24,23
3846,10,TRIM28,3846,-1.0,7.5516330285833115,0.4795498393794195,9.870225764996143e-23,-2.4322215937144116,1.5757468445610503,0.9130434782608695,0.875,24,23
3835,10,TRIM28,3835,-1.0,7.5516330285833115,0.600053344362535,1.1751046171626144e-37,-5.638082402709696,4.455103369829588,0.9130434782608695,0.875,24,23
3850,10,TRIM28,3850,-1.0,7.5516330285833115,0.22596389973139822,1.1094917094010155e-05,-4.051071403133053,2.9707593719359933,0.9130434782608695,0.875,24,23
3851,10,TRIM28,3851,-1.0,7.5516330285833115,0.49373144990917367,3.409172109038357e-24,-2.825484453752711,1.9044243394910716,0.9130434782608695,0.875,24,23
3852,10,TRIM28,3852,-1.0,7.5516330285833115,0.5938235688083527,1.0010201501076713e-36,-5.838624449468653,5.19696213718333,0.9130434782608695,0.875,24,23
3833,10,TRIM28,3833,-1.0,7.5516330285833115,0.6617267123657873,4.356139896732983e-48,-7.1645945809550735,5.918338580540396,0.9130434782608695,0.875,24,23
3848,10,TRIM28,3848,-1.0,7.5516330285833115,0.21003485008354153,4.552698585505202e-05,-10.293782141289626,15.768549490650921,0.9130434782608695,0.875,24,23
3844,10,TRIM28,3844,-1.0,7.5516330285833115,0.6147618185962679,6.174376288885512e-40,-6.217759886973991,5.086026709727399,0.9130434782608695,0.875,24,23
3829,10,TRIM28,3829,-1.0,7.5516330285833115,0.47854969133118863,1.2441228719982643e-22,-12.479519386361156,9.602362193479522,0.9130434782608695,0.875,24,23
4923,10,ZNF148,4923,-1.0,9.202565164868812,0.4529528572133564,3.61934367977142e-20,-13.29374020422293,23.751406891154893,1.0,0.92,25,23
4938,10,ZNF148,4938,-1.0,9.202565164868812,0.35848445611074947,1.0823518857264319e-12,-5.1285159100566,3.937138997225127,1.0,0.92,25,23
4932,10,ZNF148,4932,-1.0,9.202565164868812,0.6101128691512137,3.341861905332742e-39,-9.254344418699977,7.215210531635234,1.0,0.92,25,23
4941,10,ZNF148,4941,-1.0,9.202565164868812,-0.3384518854999683,2.1468841111138835e-11,4.4757783069608434,3.4639263181079096,1.0,0.92,25,23
4931,10,ZNF148,4931,-1.0,9.202565164868812,0.3591838077534974,9.713928923879377e-13,-5.7104410063494715,4.709645469397571,1.0,0.92,25,23
4935,10,ZNF148,4935,-1.0,9.202565164868812,0.43841945588750225,7.37670014791919e-19,-4.571767675560295,3.5180574594729923,1.0,0.92,25,23
4925,10,ZNF148,4925,-1.0,9.202565164868812,-0.40588785464013705,3.798451433000691e-16,5.575537573696436,4.4282786753209935,1.0,0.92,25,23
4940,10,ZNF148,4940,-1.0,9.202565164868812,0.6646068379482866,1.2326934832399193e-48,-5.545384809831291,4.310747616309651,1.0,0.92,25,23
4928,10,ZNF148,4928,-1.0,9.202565164868812,0.5044976112535455,2.380034016520795e-25,-12.99672141289716,13.485276279502674,1.0,0.92,25,23
4924,10,ZNF148,4924,-1.0,9.202565164868812,0.5021572742205731,4.279415503025255e-25,-8.567399185961552,7.16002399544866,1.0,0.92,25,23
4933,10,ZNF148,4933,-1.0,9.202565164868812,0.6890413759555574,1.5200778641123412e-53,-10.910269439958373,8.401590755710476,1.0,0.92,25,23
4944,10,ZNF148,4944,-1.0,9.202565164868812,0.7059071244098634,3.157718859654378e-57,-5.717026337574043,4.402807437885005,1.0,0.92,25,23
4922,10,ZNF148,4922,-1.0,9.202565164868812,0.3150971595889429,5.381625567143085e-10,-4.001086464164733,3.0871190739199044,1.0,0.92,25,23
4942,10,ZNF148,4942,-1.0,9.202565164868812,0.41555422912696194,6.372593888560547e-17,-4.07719432383412,3.0385569465300053,1.0,0.92,25,23
4920,10,ZNF148,4920,-1.0,9.202565164868812,0.7759033879545141,7.9567030636335e-76,-12.304600133261495,9.44477191963918,1.0,0.92,25,23
4936,10,ZNF148,4936,-1.0,9.202565164868812,0.6185640731593257,1.5192507191270957e-40,-11.035535766879645,9.0562794861217,1.0,0.92,25,23
4927,10,ZNF148,4927,-1.0,9.202565164868812,0.49933425295567724,8.63248106530223e-25,-7.086169251673841,5.623669783458105,1.0,0.92,25,23
4934,10,ZNF148,4934,-1.0,9.202565164868812,0.4434784754322186,2.6255982431930363e-19,-5.330375863039829,4.119720962219078,1.0,0.92,25,23
4930,10,ZNF148,4930,-1.0,9.202565164868812,0.26404754463184166,2.461266882310904e-07,-3.3421787199571957,2.385949468291586,1.0,0.92,25,23
4926,10,ZNF148,4926,-1.0,9.202565164868812,0.533821500833065,1.026100235795303e-28,-8.478381028094047,6.91980558809354,1.0,0.92,25,23
4939,10,ZNF148,4939,-1.0,9.202565164868812,0.37381825787181844,9.499875701185692e-14,-8.290463949974857,7.06174358753174,1.0,0.92,25,23
4937,10,ZNF148,4937,-1.0,9.202565164868812,0.31249433069274823,7.577477195422124e-10,-7.821578595283984,7.2763271585741975,1.0,0.92,25,23
4921,10,ZNF148,4921,-1.0,9.202565164868812,0.2520502329997157,8.7399485742019e-07,-9.003088129710177,9.126432116139457,1.0,0.92,25,23
3871,10,NR2F2,3871,-1.0,9.085015404352337,0.4785879958734493,1.2331585818344659e-22,-6.331405186588826,4.962013024307094,1.0,0.8421052631578947,19,16
3866,10,NR2F2,3866,-1.0,9.085015404352337,0.2971055395888019,5.3585135819698075e-09,-4.584657072337569,3.6447802698447753,1.0,0.8421052631578947,19,16
3875,10,NR2F2,3875,-1.0,9.085015404352337,0.4886155610440455,1.1689770339509588e-23,-10.60625331432603,9.124610445151543,1.0,0.8421052631578947,19,16
3874,10,NR2F2,3874,-1.0,9.085015404352337,0.4827852807158955,4.643281776806125e-23,-7.24316862120864,5.821467264018409,1.0,0.8421052631578947,19,16
3865,10,NR2F2,3865,-1.0,9.085015404352337,0.659086518916099,1.3688828633236094e-47,-11.65172722424459,8.951499404790306,1.0,0.8421052631578947,19,16
3868,10,NR2F2,3868,-1.0,9.085015404352337,0.4144777069914015,7.796596274904309e-17,-8.318351786740871,6.808315872627592,1.0,0.8421052631578947,19,16
3881,10,NR2F2,3881,-1.0,9.085015404352337,0.5285834134282096,4.331055680120962e-28,-6.415504497668702,5.27058261852095,1.0,0.8421052631578947,19,16
3867,10,NR2F2,3867,-1.0,9.085015404352337,-0.3109459341960864,9.273622708082871e-10,4.892801830056173,3.8333232527086865,1.0,0.8421052631578947,19,16
3870,10,NR2F2,3870,-1.0,9.085015404352337,0.31982107313817604,2.8674705627281546e-10,-7.396811735712391,6.167864949760828,1.0,0.8421052631578947,19,16
3876,10,NR2F2,3876,-1.0,9.085015404352337,0.582773765853498,3.996903477672946e-35,-8.541843723248887,6.718720799958949,1.0,0.8421052631578947,19,16
3882,10,NR2F2,3882,-1.0,9.085015404352337,0.2950417942505587,6.906124133172107e-09,-4.678197499237552,3.5709965119448426,1.0,0.8421052631578947,19,16
3877,10,NR2F2,3877,-1.0,9.085015404352337,0.3968357628126344,1.9193333658726168e-15,-5.338868702517985,4.154406996418587,1.0,0.8421052631578947,19,16
3880,10,NR2F2,3880,-1.0,9.085015404352337,-0.22924258055116242,8.189877283644174e-06,3.985207570190117,2.9849890447129517,1.0,0.8421052631578947,19,16
3869,10,NR2F2,3869,-1.0,9.085015404352337,0.5629052232825819,2.14774581534217e-32,-3.2665431159584144,2.361458621978024,1.0,0.8421052631578947,19,16
3873,10,NR2F2,3873,-1.0,9.085015404352337,0.2696771373582086,1.328542833816162e-07,-5.305634180462536,4.268680341167666,1.0,0.8421052631578947,19,16
3883,10,NR2F2,3883,-1.0,9.085015404352337,0.26128609263119307,3.313394267750217e-07,-5.033147050130734,3.8798747022684257,1.0,0.8421052631578947,19,16
295,10,HNF1B,295,-1.0,11.32323115437556,0.5383804463536661,2.870234222742883e-29,-7.059250825322913,5.82813147595247,0.95,0.76,25,20
308,10,HNF1B,308,-1.0,11.32323115437556,0.28937342698754753,1.3721769150834162e-08,-5.2260747099662295,4.002015714867638,0.95,0.76,25,20
297,10,HNF1B,297,-1.0,11.32323115437556,0.41952497667652877,3.009606024858393e-17,-11.21156346415752,8.630188824401616,0.95,0.76,25,20
292,10,HNF1B,292,-1.0,11.32323115437556,0.3739754709931217,9.25957171819366e-14,-13.123875675831306,10.938975566293296,0.95,0.76,25,20
287,10,HNF1B,287,-1.0,11.32323115437556,0.5079922544925589,9.827232265830403e-26,-12.1576695835585,15.971258394585597,0.95,0.76,25,20
285,10,HNF1B,285,-1.0,11.32323115437556,0.4139144187226963,8.661842875075148e-17,-11.58718199393638,8.936668496699614,0.95,0.76,25,20
302,10,HNF1B,302,-1.0,11.32323115437556,0.31095133913149736,9.267105087981709e-10,-5.513175323791845,4.231747201188465,0.95,0.76,25,20
306,10,HNF1B,306,-1.0,11.32323115437556,0.29325934055088043,8.584268565681543e-09,-6.234582253531186,4.873363723749851,0.95,0.76,25,20
301,10,HNF1B,301,-1.0,11.32323115437556,0.45718186667669325,1.4646577529736178e-20,-7.085583596410578,5.512521003889379,0.95,0.76,25,20
296,10,HNF1B,296,-1.0,11.32323115437556,0.3572154712751183,1.3161617426154191e-12,-3.123061994155345,2.188728264439374,0.95,0.76,25,20
309,10,HNF1B,309,-1.0,11.32323115437556,0.3691965681010112,2.0051226689922099e-13,-8.074941476174118,6.607257036279081,0.95,0.76,25,20
288,10,HNF1B,288,-1.0,11.32323115437556,0.5225665453297833,2.196206548703033e-27,-8.03673944679553,6.760043425625771,0.95,0.76,25,20
294,10,HNF1B,294,-1.0,11.32323115437556,0.39003752905152783,6.274051213260296e-15,-5.3129299846323335,4.117307695291553,0.95,0.76,25,20
291,10,HNF1B,291,-1.0,11.32323115437556,0.3321201211645521,5.283975327594836e-11,-8.455436554543112,7.097580790911367,0.95,0.76,25,20
307,10,HNF1B,307,-1.0,11.32323115437556,0.3428799375847459,1.1295886086005462e-11,-8.823455130707726,7.258821167517094,0.95,0.76,25,20
286,10,HNF1B,286,-1.0,11.32323115437556,0.4739395164227788,3.581284919458954e-22,-8.555890886209875,8.122053100667072,0.95,0.76,25,20
298,10,HNF1B,298,-1.0,11.32323115437556,0.36741035444626446,2.66772877881786e-13,-7.460931178490631,6.06422399388897,0.95,0.76,25,20
300,10,HNF1B,300,-1.0,11.32323115437556,0.3684332972220982,2.2658020116762316e-13,-9.001827889290986,6.997381634548686,0.95,0.76,25,20
289,10,HNF1B,289,-1.0,11.32323115437556,0.31373934581481755,6.436045104473018e-10,-3.7378755204675986,2.8219530961175634,0.95,0.76,25,20
705,10,POU5F1,705,-1.0,6.5584845236181994,0.21346486909481432,3.3888135749614727e-05,-6.323988310558322,5.139996952363489,0.9565217391304348,0.88,25,23
700,10,POU5F1,700,-1.0,6.5584845236181994,0.21566467780710025,2.797180728709764e-05,-6.297838999133447,5.144338965235676,0.9565217391304348,0.88,25,23
706,10,POU5F1,706,-1.0,6.5584845236181994,0.34818687916679397,5.161984283146764e-12,-5.714678653082116,4.784078900764021,0.9565217391304348,0.88,25,23
714,10,POU5F1,714,-1.0,6.5584845236181994,0.3855833922784623,1.3433582530018809e-14,-6.037169495857829,4.997531588324289,0.9565217391304348,0.88,25,23
711,10,POU5F1,711,-1.0,6.5584845236181994,0.3276053551160064,9.918339746788413e-11,-8.51073224401245,6.648762136504705,0.9565217391304348,0.88,25,23
712,10,POU5F1,712,-1.0,6.5584845236181994,0.2408100823195163,2.706779031826966e-06,-7.59389284016336,6.284493805077732,0.9565217391304348,0.88,25,23
709,10,POU5F1,709,-1.0,6.5584845236181994,0.2906057522612605,1.1834271209597382e-08,-8.537578716880683,7.164103579282239,0.9565217391304348,0.88,25,23
692,10,POU5F1,692,-1.0,6.5584845236181994,0.44908832839447577,8.18294349905445e-20,-8.612488225647233,7.209007704775944,0.9565217391304348,0.88,25,23
696,10,POU5F1,696,-1.0,6.5584845236181994,0.29667831469413947,5.648420452672826e-09,-11.8011972448266,9.015861578849089,0.9565217391304348,0.88,25,23
698,10,POU5F1,698,-1.0,6.5584845236181994,0.27187224612665883,1.0406138450447274e-07,-10.48309851840754,10.355521175354951,0.9565217391304348,0.88,25,23
693,10,POU5F1,693,-1.0,6.5584845236181994,0.42369664682507047,1.3537559431247504e-17,-7.72661373255155,6.364273523518538,0.9565217391304348,0.88,25,23
703,10,POU5F1,703,-1.0,6.5584845236181994,0.3186312823561758,3.363673584564145e-10,-5.782381146732849,4.574632268750976,0.9565217391304348,0.88,25,23
710,10,POU5F1,710,-1.0,6.5584845236181994,0.272633167033654,9.556426976861716e-08,-10.175594158099251,8.599133579762256,0.9565217391304348,0.88,25,23
701,10,POU5F1,701,-1.0,6.5584845236181994,0.4867799979790242,1.8098213729617276e-23,-5.46153253715598,4.509689429762558,0.9565217391304348,0.88,25,23
691,10,POU5F1,691,-1.0,6.5584845236181994,0.4147096492196919,7.465522492556204e-17,-11.319255388771094,12.644460627689204,0.9565217391304348,0.88,25,23
707,10,POU5F1,707,-1.0,6.5584845236181994,0.2405755551221163,2.769782781289545e-06,-3.3991649382799793,2.436633285579552,0.9565217391304348,0.88,25,23
699,10,POU5F1,699,-1.0,6.5584845236181994,0.33885819564456204,2.024894425930727e-11,-6.7096395801444,5.331848566785889,0.9565217391304348,0.88,25,23
704,10,POU5F1,704,-1.0,6.5584845236181994,-0.21417503060838428,3.185964395178776e-05,4.855130826089091,3.7408496548931853,0.9565217391304348,0.88,25,23
694,10,POU5F1,694,-1.0,6.5584845236181994,0.23870239250640954,3.3257826584348027e-06,-12.904371916175517,10.754462865304205,0.9565217391304348,0.88,25,23
702,10,POU5F1,702,-1.0,6.5584845236181994,0.23452578741684038,4.9740811752593144e-06,-13.063735552141395,10.660534462024076,0.9565217391304348,0.88,25,23
690,10,POU5F1,690,-1.0,6.5584845236181994,0.3523620742732125,2.758694110349846e-12,-11.875786336801397,9.145499505442224,0.9565217391304348,0.88,25,23
697,10,POU5F1,697,-1.0,6.5584845236181994,0.21105379790711504,4.172486461259065e-05,-5.647748399061113,4.341393030884188,0.9565217391304348,0.88,25,23
3418,10,CENPB,3418,-1.0,7.896603729687571,0.34050153100670455,1.5968617519266275e-11,-12.234023714826515,9.463881964737668,1.0,1.0,1,1
5520,10,ZEB1,5520,-1.0,9.118187402986123,0.5229345509321165,1.990452565764316e-27,-12.17472577392051,14.237995993726555,1.0,0.96,25,24
5540,10,ZEB1,5540,-1.0,9.118187402986123,0.7285248991274554,1.3458618107539395e-62,-7.8189355285507585,6.315187397047439,1.0,0.96,25,24
5524,10,ZEB1,5524,-1.0,9.118187402986123,0.3940494011096568,3.1290949930943026e-15,-7.995297831751667,6.458715333589183,1.0,0.96,25,24
5538,10,ZEB1,5538,-1.0,9.118187402986123,0.5244977522518607,1.308878724081019e-27,-12.493581737873827,9.795947575716598,1.0,0.96,25,24
5519,10,ZEB1,5519,-1.0,9.118187402986123,0.33395027929416243,4.0814820441849675e-11,-8.677606767740707,7.436497112901625,1.0,0.96,25,24
5539,10,ZEB1,5539,-1.0,9.118187402986123,0.537178670714885,4.023299705705086e-29,-7.914036220191872,6.2093085995731485,1.0,0.96,25,24
5521,10,ZEB1,5521,-1.0,9.118187402986123,0.4720884435430997,5.450790418727024e-22,-3.9472432047340127,3.001198332987969,1.0,0.96,25,24
5523,10,ZEB1,5523,-1.0,9.118187402986123,0.48257895318150956,4.8732000514731916e-23,-6.177017025984991,4.848645895853605,1.0,0.96,25,24
5529,10,ZEB1,5529,-1.0,9.118187402986123,0.31903430254008464,3.186902660234612e-10,-2.3009377489296376,1.4816123734695867,1.0,0.96,25,24
5516,10,ZEB1,5516,-1.0,9.118187402986123,0.6532712784082231,1.637164805601101e-46,-11.869592149504257,9.166758783578974,1.0,0.96,25,24
5537,10,ZEB1,5537,-1.0,9.118187402986123,0.3886522206059637,7.96015174011991e-15,-5.938330348241648,4.87400613816232,1.0,0.96,25,24
5527,10,ZEB1,5527,-1.0,9.118187402986123,0.3681618754655882,2.3662679505237935e-13,-4.121429865424019,3.0721476749022623,1.0,0.96,25,24
5532,10,ZEB1,5532,-1.0,9.118187402986123,0.4868063176645039,1.79854733870802e-23,-5.702722386450967,4.703315779119627,1.0,0.96,25,24
5518,10,ZEB1,5518,-1.0,9.118187402986123,0.48341389820391645,4.006725141321038e-23,-4.087288998179437,3.1674706379463964,1.0,0.96,25,24
5531,10,ZEB1,5531,-1.0,9.118187402986123,0.44173714624110244,3.754015780638224e-19,-2.3229068329661264,1.4758853114222326,1.0,0.96,25,24
5522,10,ZEB1,5522,-1.0,9.118187402986123,0.23640247499042388,4.1548700832974354e-06,-7.43534090962272,6.133513788176597,1.0,0.96,25,24
5534,10,ZEB1,5534,-1.0,9.118187402986123,0.2795601792558579,4.3479075345861885e-08,-7.17516380194651,5.662057693352479,1.0,0.96,25,24
5535,10,ZEB1,5535,-1.0,9.118187402986123,0.6820401046207498,4.340009869085483e-52,-12.132598273792658,10.320533042399981,1.0,0.96,25,24
5526,10,ZEB1,5526,-1.0,9.118187402986123,0.25640661094099926,5.557038276598999e-07,-10.722302527891303,9.075987495816934,1.0,0.96,25,24
5517,10,ZEB1,5517,-1.0,9.118187402986123,0.2280781694658749,9.126937293869797e-06,-4.394042984164497,3.4484925763456857,1.0,0.96,25,24
5536,10,ZEB1,5536,-1.0,9.118187402986123,0.5845407097385187,2.237546666092066e-35,-9.518171577250405,9.681967513376325,1.0,0.96,25,24
5528,10,ZEB1,5528,-1.0,9.118187402986123,0.7357397829095943,1.9961756850397334e-64,-8.00866597542718,6.452167723588394,1.0,0.96,25,24
5525,10,ZEB1,5525,-1.0,9.118187402986123,0.43984659383320374,5.521560037909377e-19,-3.3097254882894585,2.311717828078096,1.0,0.96,25,24
5530,10,ZEB1,5530,-1.0,9.118187402986123,0.2848400961608509,2.350677886524552e-08,-5.769659598980086,4.643805134897769,1.0,0.96,25,24
31,10,HOXA6,31,-1.0,9.092659153453504,0.289668420916791,1.3245047528329635e-08,-4.458402485471173,3.6207765325589873,1.0,1.0,11,11
34,10,HOXA6,34,-1.0,9.092659153453504,0.26638110154604727,1.9094314003493542e-07,-9.871810277360401,7.9523467053511565,1.0,1.0,11,11
33,10,HOXA6,33,-1.0,9.092659153453504,-0.22965896402509212,7.877598596526916e-06,3.5370187065537584,2.5580301776630945,1.0,1.0,11,11
35,10,HOXA6,35,-1.0,9.092659153453504,0.24941843458570237,1.1444090822214848e-06,-7.36362625003553,6.143748378593022,1.0,1.0,11,11
26,10,HOXA6,26,-1.0,9.092659153453504,0.352758990337685,2.5979176253435616e-12,-11.039286070239049,12.134852504325771,1.0,1.0,11,11
27,10,HOXA6,27,-1.0,9.092659153453504,0.3648610493206244,3.997517219795755e-13,-7.139911767890243,5.944256551997743,1.0,1.0,11,11
25,10,HOXA6,25,-1.0,9.092659153453504,0.39681710425549355,1.925655127158406e-15,-11.240043565953078,8.658585597328106,1.0,1.0,11,11
30,10,HOXA6,30,-1.0,9.092659153453504,0.2888775340509197,1.4560800584853522e-08,-5.7560253344379655,4.922250655651979,1.0,1.0,11,11
29,10,HOXA6,29,-1.0,9.092659153453504,0.3884198544082971,8.283485460194442e-15,-13.054417612305455,11.057092861710405,1.0,1.0,11,11
32,10,HOXA6,32,-1.0,9.092659153453504,0.15331652094519657,0.0030699808093576923,-5.918717544857828,5.384665238115178,1.0,1.0,11,11
28,10,HOXA6,28,-1.0,9.092659153453504,0.33429014553348724,3.889651883546599e-11,-6.856640604151144,5.584224525513417,1.0,1.0,11,11
9090,10,SOX17,9090,-1.0,2.3184327585960927,0.3684934565031948,2.244105805732829e-13,-6.597089450385557,6.2404773977051065,1.0,0.88,25,22
9099,10,SOX17,9099,-1.0,2.3184327585960927,0.1804893581521701,0.00047678297471545963,-9.936634415281164,9.080991877723578,1.0,0.88,25,22
9096,10,SOX17,9096,-1.0,2.3184327585960927,0.26458051826280676,2.3231102137719822e-07,-9.287407944692909,8.203556573776078,1.0,0.88,25,22
9082,10,SOX17,9082,-1.0,2.3184327585960927,0.6568432357233331,3.5887363377371354e-47,-4.370199923565965,3.690009656349723,1.0,0.88,25,22
9092,10,SOX17,9092,-1.0,2.3184327585960927,0.1621931817914776,0.0017226613172993993,-4.633843171008466,3.575229012017037,1.0,0.88,25,22
9078,10,SOX17,9078,-1.0,2.3184327585960927,0.6853300653057196,9.09057272302023e-53,-3.93897384256361,3.027866366232939,1.0,0.88,25,22
9088,10,SOX17,9088,-1.0,2.3184327585960927,0.2831076968630225,2.8803240045470883e-08,-10.57546004405063,8.910468831448766,1.0,0.88,25,22
9086,10,SOX17,9086,-1.0,2.3184327585960927,0.4472445404277419,1.2032488595982055e-19,-9.11450199716224,9.063463226306672,1.0,0.88,25,22
9087,10,SOX17,9087,-1.0,2.3184327585960927,0.29360384643403514,8.231809563568158e-09,-4.92423486689122,4.389093085276368,1.0,0.88,25,22
9083,10,SOX17,9083,-1.0,2.3184327585960927,0.3064729976476781,1.6512852993285088e-09,-10.96513256030668,8.851843150799422,1.0,0.88,25,22
9093,10,SOX17,9093,-1.0,2.3184327585960927,0.32971774487294875,7.396759584440229e-11,-7.783283188847183,6.251634964247462,1.0,0.88,25,22
9089,10,SOX17,9089,-1.0,2.3184327585960927,0.2414450447317155,2.543002243853717e-06,-2.7849125769799854,1.8789130468894817,1.0,0.88,25,22
9091,10,SOX17,9091,-1.0,2.3184327585960927,0.34162857753849846,1.3557586891587126e-11,-6.62081502717168,5.6533957069581104,1.0,0.88,25,22
9095,10,SOX17,9095,-1.0,2.3184327585960927,0.5061801911467159,1.556597763797983e-25,-8.130955570874173,9.136446835151883,1.0,0.88,25,22
9101,10,SOX17,9101,-1.0,2.3184327585960927,0.3920267802799756,4.448914564796566e-15,-6.705834927664588,5.820521827946828,1.0,0.88,25,22
9077,10,SOX17,9077,-1.0,2.3184327585960927,0.3112735202814326,8.886531861918878e-10,-4.335847413685108,3.3889973626107324,1.0,0.88,25,22
9079,10,SOX17,9079,-1.0,2.3184327585960927,0.6403370329724561,3.3726520847265944e-44,-5.620314224452388,4.732680768386546,1.0,0.88,25,22
9098,10,SOX17,9098,-1.0,2.3184327585960927,0.20795935488570913,5.430631339676951e-05,-2.157371380698277,1.3294771743784466,1.0,0.88,25,22
9094,10,SOX17,9094,-1.0,2.3184327585960927,0.46469026195136975,2.8481667062569934e-21,-4.286273748831796,3.379201401724399,1.0,0.88,25,22
9081,10,SOX17,9081,-1.0,2.3184327585960927,0.5340924525951916,9.517913188349465e-29,-5.521428158344645,5.003066459706352,1.0,0.88,25,22
9080,10,SOX17,9080,-1.0,2.3184327585960927,0.5983380998597067,2.1294405592427937e-37,-7.193135930042279,6.8465975819798555,1.0,0.88,25,22
9084,10,SOX17,9084,-1.0,2.3184327585960927,0.3182461219588426,3.541500416707786e-10,-5.812940126740189,4.9491499051714705,1.0,0.88,25,22
4854,10,ELF1,4854,-1.0,5.9076558898758895,0.4956995513903609,2.1103898467995567e-24,-7.319988522439062,6.1052573634752285,1.0,0.88,25,22
4842,10,ELF1,4842,-1.0,5.9076558898758895,0.24490584837511195,1.8042306175068925e-06,-5.72031858829221,4.7098028189447865,1.0,0.88,25,22
4855,10,ELF1,4855,-1.0,5.9076558898758895,-0.5610924549451635,3.732458711010864e-32,6.474486699498699,5.282260616412936,1.0,0.88,25,22
4841,10,ELF1,4841,-1.0,5.9076558898758895,0.52519334393954,1.0853902647243612e-27,-10.317851721870895,7.975251452067267,1.0,0.88,25,22
4847,10,ELF1,4847,-1.0,5.9076558898758895,0.34443115404770913,8.998541219808648e-12,-11.530507527579577,9.32484113715066,1.0,0.88,25,22
4840,10,ELF1,4840,-1.0,5.9076558898758895,0.44256598133652314,3.167402616581885e-19,-8.593701640489371,6.731721504775555,1.0,0.88,25,22
4832,10,ELF1,4832,-1.0,5.9076558898758895,0.35462533222727993,1.956647356926132e-12,-4.265923765046841,3.3144876079008165,1.0,0.88,25,22
4831,10,ELF1,4831,-1.0,5.9076558898758895,0.7520114584630713,8.835113082700119e-69,-11.840678722844165,9.105491192725314,1.0,0.88,25,22
4839,10,ELF1,4839,-1.0,5.9076558898758895,0.6226720590688942,3.2678931667265064e-41,-12.044198089700183,9.860878374467637,1.0,0.88,25,22
4853,10,ELF1,4853,-1.0,5.9076558898758895,0.6391084676538116,5.52075083650497e-44,-8.22952824493736,6.517867590508154,1.0,0.88,25,22
4845,10,ELF1,4845,-1.0,5.9076558898758895,0.6085329830308529,5.894809759247367e-39,-6.282572498406353,5.420137496916408,1.0,0.88,25,22
4834,10,ELF1,4834,-1.0,5.9076558898758895,0.48079696947621486,7.387550456247717e-23,-7.7589468304933105,6.520181321261737,1.0,0.88,25,22
4836,10,ELF1,4836,-1.0,5.9076558898758895,-0.5168366088025249,1.0004154839268412e-26,5.686298091900703,4.543187554472159,1.0,0.88,25,22
4833,10,ELF1,4833,-1.0,5.9076558898758895,0.516102477575393,1.2124135836715444e-26,-3.631259092716258,2.722211948226861,1.0,0.88,25,22
4849,10,ELF1,4849,-1.0,5.9076558898758895,0.6453763127530626,4.362947542909547e-45,-6.637462746414869,5.177996998603181,1.0,0.88,25,22
4852,10,ELF1,4852,-1.0,5.9076558898758895,0.6007230863591181,9.307637236872095e-38,-7.626840687009312,6.16806507844192,1.0,0.88,25,22
4837,10,ELF1,4837,-1.0,5.9076558898758895,0.3369185288235806,2.6751892395473834e-11,-8.267421282778693,6.9131662059630425,1.0,0.88,25,22
4844,10,ELF1,4844,-1.0,5.9076558898758895,0.5900368240599525,3.598639161816921e-36,-5.4335963645195555,4.163426816080185,1.0,0.88,25,22
4846,10,ELF1,4846,-1.0,5.9076558898758895,0.589509725358782,4.2944662283414056e-36,-10.245498474020977,8.22910747536226,1.0,0.88,25,22
4838,10,ELF1,4838,-1.0,5.9076558898758895,0.4769564103708961,1.7961454874290688e-22,-5.266788186710613,4.0861744402558235,1.0,0.88,25,22
4835,10,ELF1,4835,-1.0,5.9076558898758895,0.5453135685028565,3.982830314182104e-30,-11.836654088653509,16.0133012165976,1.0,0.88,25,22
4843,10,ELF1,4843,-1.0,5.9076558898758895,0.36707078350413713,2.815971321812517e-13,-5.283051500967393,4.1857007192790885,1.0,0.88,25,22
2134,10,FLI1,2134,-1.0,9.10095724929777,0.2987242002458071,4.385369413087421e-09,-7.445274781577079,6.073945514522116,1.0,0.9166666666666666,24,22
2121,10,FLI1,2121,-1.0,9.10095724929777,-0.3005346186113076,3.4995844747858407e-09,5.8895321780108425,4.690057037899637,1.0,0.9166666666666666,24,22
2135,10,FLI1,2135,-1.0,9.10095724929777,-0.2507076940430562,1.0032130116954414e-06,4.532473766001825,3.7163323995056388,1.0,0.9166666666666666,24,22
2124,10,FLI1,2124,-1.0,9.10095724929777,0.74762241591213,1.4239131820657281e-67,-4.384545762807601,3.4375305494865103,1.0,0.9166666666666666,24,22
2131,10,FLI1,2131,-1.0,9.10095724929777,0.08538528964578875,0.10057197076826549,-4.166810597539515,3.1736168200012873,1.0,0.9166666666666666,24,22
2140,10,FLI1,2140,-1.0,9.10095724929777,0.1729142236750271,0.0008241576244518187,-2.4336411493983543,1.5677301691678847,1.0,0.9166666666666666,24,22
2138,10,FLI1,2138,-1.0,9.10095724929777,0.4210082789510666,2.2682512074231e-17,-6.386194123986155,5.2854172773896595,1.0,0.9166666666666666,24,22
2137,10,FLI1,2137,-1.0,9.10095724929777,0.34263695048844167,1.170412730232443e-11,-6.730509588067522,5.299274943098987,1.0,0.9166666666666666,24,22
2126,10,FLI1,2126,-1.0,9.10095724929777,0.24322679343981843,2.132484980048041e-06,-11.363466997188862,9.265679197649828,1.0,0.9166666666666666,24,22
2122,10,FLI1,2122,-1.0,9.10095724929777,0.46901679524929685,1.0882526473233102e-21,-11.706744087429527,14.118634272814713,1.0,0.9166666666666666,24,22
2136,10,FLI1,2136,-1.0,9.10095724929777,0.25188338499354934,8.891390349448253e-07,-4.399668907085304,3.3551429024622927,1.0,0.9166666666666666,24,22
2133,10,FLI1,2133,-1.0,9.10095724929777,0.4012518300406311,8.7620825978198055e-16,-7.389738538120306,5.9226561346511195,1.0,0.9166666666666666,24,22
2141,10,FLI1,2141,-1.0,9.10095724929777,0.3255871992329692,1.309904788378852e-10,-8.116724082970858,6.458311253632577,1.0,0.9166666666666666,24,22
2139,10,FLI1,2139,-1.0,9.10095724929777,0.1624103191966856,0.0016978591736702985,-4.711547183560985,3.605606973159074,1.0,0.9166666666666666,24,22
2128,10,FLI1,2128,-1.0,9.10095724929777,0.2880600276826692,1.6053450720238993e-08,-5.807436816773869,4.480560014221327,1.0,0.9166666666666666,24,22
2130,10,FLI1,2130,-1.0,9.10095724929777,0.2861833401090857,2.00610631010057e-08,-7.571096785580438,6.170055989501291,1.0,0.9166666666666666,24,22
2129,10,FLI1,2129,-1.0,9.10095724929777,0.21048557469738238,4.3806457482291714e-05,-8.600326381584647,7.2204369238128985,1.0,0.9166666666666666,24,22
2132,10,FLI1,2132,-1.0,9.10095724929777,-0.17360770038798037,0.0007845984374025914,4.7934317342184585,3.766256861061191,1.0,0.9166666666666666,24,22
2123,10,FLI1,2123,-1.0,9.10095724929777,0.3256215088229696,1.30374752664161e-10,-6.6634472035424785,5.505933117470528,1.0,0.9166666666666666,24,22
2120,10,FLI1,2120,-1.0,9.10095724929777,0.6960189125739947,4.8913431115862594e-55,-3.941482447477329,2.9949223270250283,1.0,0.9166666666666666,24,22
2125,10,FLI1,2125,-1.0,9.10095724929777,0.1940996905086984,0.00016866448301983356,-5.088785297084246,3.9070261509793105,1.0,0.9166666666666666,24,22
2119,10,FLI1,2119,-1.0,9.10095724929777,0.3399626824459448,1.7264429669595456e-11,-11.603838284096406,8.944124793423256,1.0,0.9166666666666666,24,22
5504,10,LHX6,5504,-1.0,3.2755460804159955,0.17323644553504536,0.0008055527951114074,-10.692204717972176,8.843750814214028,1.0,0.875,16,14
5510,10,LHX6,5510,-1.0,3.2755460804159955,0.2776964817857236,5.3855607171648116e-08,-4.072748102460317,3.1298991276095283,1.0,0.875,16,14
5513,10,LHX6,5513,-1.0,3.2755460804159955,-0.1770196662146152,0.0006142962601508474,10.234770942575524,8.903728401412913,1.0,0.875,16,14
5509,10,LHX6,5509,-1.0,3.2755460804159955,0.573847297378927,7.1018284392633564e-34,-2.830156107229113,1.9566845357638323,1.0,0.875,16,14
5502,10,LHX6,5502,-1.0,3.2755460804159955,0.4952881876988948,2.333507771953944e-24,-3.8856593866709837,2.94685885975612,1.0,0.875,16,14
5511,10,LHX6,5511,-1.0,3.2755460804159955,0.10530978629585645,0.04264146075223719,-5.2901739401478824,4.052477266645091,1.0,0.875,16,14
5500,10,LHX6,5500,-1.0,3.2755460804159955,0.2250730782688943,1.2039580135943309e-05,-11.855042132976914,9.145348233967887,1.0,0.875,16,14
5505,10,LHX6,5505,-1.0,3.2755460804159955,0.6981138415963651,1.7097364532388665e-55,-6.838027723615394,6.428214988701711,1.0,0.875,16,14
5507,10,LHX6,5507,-1.0,3.2755460804159955,0.6685913724520903,2.1000632945641393e-49,-7.524827808209057,6.742549341189396,1.0,0.875,16,14
5512,10,LHX6,5512,-1.0,3.2755460804159955,0.7585403287000703,1.266861969583398e-70,-2.633305673184948,1.8138760343197415,1.0,0.875,16,14
5503,10,LHX6,5503,-1.0,3.2755460804159955,0.4493690206419356,7.7148729358326e-20,-11.075369183191672,12.480241439865399,1.0,0.875,16,14
5508,10,LHX6,5508,-1.0,3.2755460804159955,0.3034780297548898,2.41687060787196e-09,-2.4813207603603127,1.6023287996752384,1.0,0.875,16,14
5501,10,LHX6,5501,-1.0,3.2755460804159955,0.7498886700542511,3.41395470630049e-68,-3.876245983005965,2.953574707533264,1.0,0.875,16,14
5506,10,LHX6,5506,-1.0,3.2755460804159955,0.2652749973034139,2.1542493409151348e-07,-8.3759103412672,6.795008749836113,1.0,0.875,16,14
5894,10,HMBOX1,5894,-1.0,9.084642367603754,0.3534021718440465,2.3566195515060356e-12,-3.935388136023323,2.943465606363214,1.0,1.0,19,19
5903,10,HMBOX1,5903,-1.0,9.084642367603754,0.18463893856468414,0.0003499836935907884,-4.505634509197144,3.4730629133591076,1.0,1.0,19,19
5896,10,HMBOX1,5896,-1.0,9.084642367603754,0.24274387421070323,2.23700974725439e-06,-5.663408204114704,4.422767914183271,1.0,1.0,19,19
5893,10,HMBOX1,5893,-1.0,9.084642367603754,0.4394040941210753,6.041308990266151e-19,-9.948155551866266,7.650993447700566,1.0,1.0,19,19
5902,10,HMBOX1,5902,-1.0,9.084642367603754,0.3448485090603168,8.462730350671747e-12,-6.041402723578375,4.692148488149245,1.0,1.0,19,19
5889,10,HMBOX1,5889,-1.0,9.084642367603754,0.29355144206026745,8.284505240064986e-09,-8.58105055855905,7.558171718909001,1.0,1.0,19,19
5897,10,HMBOX1,5897,-1.0,9.084642367603754,-0.3465849033104055,6.548763431839198e-12,3.214461964135831,2.252061320432714,1.0,1.0,19,19
5888,10,HMBOX1,5888,-1.0,9.084642367603754,0.45277073438972404,3.7620738902374265e-20,-10.453885913303466,11.134167807276112,1.0,1.0,19,19
5899,10,HMBOX1,5899,-1.0,9.084642367603754,0.1736744395904469,0.0007808854061104393,-4.351002472732516,3.2425290124238213,1.0,1.0,19,19
5901,10,HMBOX1,5901,-1.0,9.084642367603754,0.22818156823025965,9.039766519470399e-06,-5.720108330675822,4.490356831339348,1.0,1.0,19,19
5890,10,HMBOX1,5890,-1.0,9.084642367603754,0.29140850266839313,1.0742626821570007e-08,-8.420998873645237,6.875077646293636,1.0,1.0,19,19
5895,10,HMBOX1,5895,-1.0,9.084642367603754,0.26139325135064634,3.275594690493994e-07,-5.449695741032434,4.472850193920933,1.0,1.0,19,19
5892,10,HMBOX1,5892,-1.0,9.084642367603754,0.3523214197590339,2.7757002717954233e-12,-7.086054231558783,5.666339068705164,1.0,1.0,19,19
5900,10,HMBOX1,5900,-1.0,9.084642367603754,0.30668614010062584,1.6068575465516398e-09,-7.070598568047467,5.7582018316019425,1.0,1.0,19,19
5904,10,HMBOX1,5904,-1.0,9.084642367603754,0.2939217976345183,7.918981163411466e-09,-2.4084060720458194,1.554315285092392,1.0,1.0,19,19
5898,10,HMBOX1,5898,-1.0,9.084642367603754,0.33141207462570826,5.836429716559825e-11,-7.621993174549517,6.193856824088505,1.0,1.0,19,19
5886,10,HMBOX1,5886,-1.0,9.084642367603754,0.5249209821942628,1.1680109244692869e-27,-11.409213721632748,8.75639289750528,1.0,1.0,19,19
5887,10,HMBOX1,5887,-1.0,9.084642367603754,0.30032970106007234,3.59039100384333e-09,-3.8079391979424035,2.8897825165270143,1.0,1.0,19,19
5891,10,HMBOX1,5891,-1.0,9.084642367603754,0.5463590710091015,2.9451750134929096e-30,-10.9370144491731,9.057678000590046,1.0,1.0,19,19
3470,10,TBP,3470,-1.0,9.02700165975155,0.3394339387644318,1.863537537728468e-11,-7.52053661698023,7.4704708195456595,1.0,0.92,25,23
3473,10,TBP,3473,-1.0,9.02700165975155,0.552337634565267,5.136122964042248e-31,-9.063805409088634,7.0075436960644755,1.0,0.92,25,23
3475,10,TBP,3475,-1.0,9.02700165975155,0.3294420931669867,7.686375531631316e-11,-6.220357079564377,5.598909288680339,1.0,0.92,25,23
3471,10,TBP,3471,-1.0,9.02700165975155,0.4270566366731918,7.056002081806619e-18,-6.244614888824872,5.190398148180541,1.0,0.92,25,23
3464,10,TBP,3464,-1.0,9.02700165975155,0.39638245322968396,2.0788374986658592e-15,-7.880619733213454,6.246174616733289,1.0,0.92,25,23
3463,10,TBP,3463,-1.0,9.02700165975155,0.35571618919153913,1.6564521095996958e-12,-3.087567355657132,2.11479531207567,1.0,0.92,25,23
3455,10,TBP,3455,-1.0,9.02700165975155,0.5671194279228363,5.8650668671426245e-33,-9.55709640001105,8.50005119776659,1.0,0.92,25,23
3458,10,TBP,3458,-1.0,9.02700165975155,0.23920129154456607,3.1680857001085528e-06,-3.848190200210528,2.9276277780894224,1.0,0.92,25,23
3456,10,TBP,3456,-1.0,9.02700165975155,0.33081612174734515,6.344696322374442e-11,-4.819400724206654,3.8854179669444604,1.0,0.92,25,23
3476,10,TBP,3476,-1.0,9.02700165975155,-0.3377847284724948,2.3628980221046945e-11,3.0486712364450352,2.101203975738236,1.0,0.92,25,23
3474,10,TBP,3474,-1.0,9.02700165975155,0.5129593901352879,2.746230548014093e-26,-4.933680828497437,3.8470760891670226,1.0,0.92,25,23
3465,10,TBP,3465,-1.0,9.02700165975155,0.5304749058248754,2.5823463047561213e-28,-6.185381458518769,5.155787591824657,1.0,0.92,25,23
3454,10,TBP,3454,-1.0,9.02700165975155,0.6595123338276109,1.138955816526261e-47,-11.653169899729757,8.964720911557658,1.0,0.92,25,23
3477,10,TBP,3477,-1.0,9.02700165975155,0.2962959742631076,5.9207106291479225e-09,-4.474557646440818,3.42034455156614,1.0,0.92,25,23
3459,10,TBP,3459,-1.0,9.02700165975155,0.6129934647280966,1.1775939458566617e-39,-7.334792160712445,6.046785513778305,1.0,0.92,25,23
3460,10,TBP,3460,-1.0,9.02700165975155,0.6141762055943432,7.649771239956984e-40,-5.855276171609033,4.590219165484992,1.0,0.92,25,23
3462,10,TBP,3462,-1.0,9.02700165975155,0.6579000180947838,2.281408475073409e-47,-13.75278836861908,12.438375331364835,1.0,0.92,25,23
3472,10,TBP,3472,-1.0,9.02700165975155,0.39085343930140043,5.45049203212763e-15,-8.011732940714987,6.3336219779974465,1.0,0.92,25,23
3468,10,TBP,3468,-1.0,9.02700165975155,0.48427845287248816,3.2696673052294435e-23,-7.595579122860171,5.9291825714521265,1.0,0.92,25,23
3466,10,TBP,3466,-1.0,9.02700165975155,0.5764537513776711,3.0934242842239864e-34,-12.509394276326619,10.043560234669044,1.0,0.92,25,23
3457,10,TBP,3457,-1.0,9.02700165975155,0.5893508672571363,4.529173680859953e-36,-9.040769084503136,8.927734813806467,1.0,0.92,25,23
3467,10,TBP,3467,-1.0,9.02700165975155,0.3892669732596696,7.163213792910842e-15,-2.8263326357192082,1.9523285218929138,1.0,0.92,25,23
3478,10,TBP,3478,-1.0,9.02700165975155,0.26600413125063155,1.9896940706433399e-07,-3.2990156815649714,2.310430182720195,1.0,0.92,25,23
1247,10,KLF12,1247,-1.0,4.825085685839006,-0.35860171970944954,1.0629191431528477e-12,5.35290687850825,4.16833441960079,0.6,0.3,10,5
1249,10,KLF12,1249,-1.0,4.825085685839006,0.1220836261006681,0.018654353371422575,-2.215673591439949,1.3855664044736689,0.6,0.3,10,5
1244,10,KLF12,1244,-1.0,4.825085685839006,0.1496448017446192,0.0038656766797098762,-12.120820716161601,9.465953251560672,0.6,0.3,10,5
4382,10,MAFB,4382,-1.0,3.0713542609365145,0.3238054505248662,1.6716720414292837e-10,-7.864121312116986,7.369231173286166,1.0,0.84,25,21
4379,10,MAFB,4379,-1.0,3.0713542609365145,0.48909237034617437,1.0430565015501654e-23,-4.999415073265318,3.9158375993648957,1.0,0.84,25,21
4394,10,MAFB,4394,-1.0,3.0713542609365145,0.19184559744511057,0.00020134429090419247,-10.769309379275033,9.333207124276779,1.0,0.84,25,21
4398,10,MAFB,4398,-1.0,3.0713542609365145,0.24828369800980882,1.2842710915459242e-06,-6.644176586035775,5.222768552388053,1.0,0.84,25,21
4377,10,MAFB,4377,-1.0,3.0713542609365145,0.28526544107797913,2.2358057896044327e-08,-3.9603575846508656,3.0382002167511977,1.0,0.84,25,21
4383,10,MAFB,4383,-1.0,3.0713542609365145,0.38261608273781134,2.2166284900068834e-14,-6.507811186939456,5.574373691569347,1.0,0.84,25,21
4387,10,MAFB,4387,-1.0,3.0713542609365145,0.25400564463254666,7.139670738273783e-07,-8.744291881905657,7.279676357408575,1.0,0.84,25,21
4396,10,MAFB,4396,-1.0,3.0713542609365145,0.23407882275806807,5.190769234933829e-06,-10.957310897302277,9.404329452068238,1.0,0.84,25,21
4389,10,MAFB,4389,-1.0,3.0713542609365145,0.32057823409010267,2.589580756049711e-10,-5.862969678224918,4.829159443155437,1.0,0.84,25,21
4384,10,MAFB,4384,-1.0,3.0713542609365145,0.37043124334664207,1.6442916413418376e-13,-4.906080263127315,3.770796261660368,1.0,0.84,25,21
4386,10,MAFB,4386,-1.0,3.0713542609365145,0.22621934167886695,1.0837315468928032e-05,-8.578117568319879,6.7377579876448985,1.0,0.84,25,21
4390,10,MAFB,4390,-1.0,3.0713542609365145,0.3748052460773094,8.08652915877806e-14,-3.204245723842061,2.2713582824574647,1.0,0.84,25,21
4399,10,MAFB,4399,-1.0,3.0713542609365145,0.346880764774861,6.267836792268629e-12,-7.228709222838764,5.779490775316787,1.0,0.84,25,21
4375,10,MAFB,4375,-1.0,3.0713542609365145,0.2591640679893875,4.154274932336471e-07,-11.783248019921341,9.093924200269432,1.0,0.84,25,21
4391,10,MAFB,4391,-1.0,3.0713542609365145,0.3645901531476699,4.1721882458430826e-13,-2.4740675846864595,1.5876491179569294,1.0,0.84,25,21
4395,10,MAFB,4395,-1.0,3.0713542609365145,0.25117087350806155,9.566902029773504e-07,-2.562062792631268,1.6719490270694428,1.0,0.84,25,21
4381,10,MAFB,4381,-1.0,3.0713542609365145,0.5680244021083949,4.427530905266239e-33,-2.827722984401465,1.9019979404774316,1.0,0.84,25,21
4385,10,MAFB,4385,-1.0,3.0713542609365145,0.41702907150259555,4.828437017445611e-17,-6.71144826380092,5.495059854043405,1.0,0.84,25,21
4376,10,MAFB,4376,-1.0,3.0713542609365145,0.24607871935930367,1.604246990983903e-06,-4.642223881037114,3.700852625300712,1.0,0.84,25,21
4392,10,MAFB,4392,-1.0,3.0713542609365145,0.2507847731219612,9.95323412662134e-07,-9.054171209187436,7.033639241148211,1.0,0.84,25,21
4380,10,MAFB,4380,-1.0,3.0713542609365145,0.24424950121846045,1.926334520738649e-06,-4.565019278663062,3.627559244026687,1.0,0.84,25,21
4114,10,E2F8,4114,-1.0,6.123974765349739,0.5176614489456851,8.056647033608224e-27,-5.359550898993991,4.286680253107102,1.0,0.8888888888888888,9,8
4117,10,E2F8,4117,-1.0,6.123974765349739,0.5472492403715776,2.2758433603938414e-30,-7.333372137624026,5.863384135741023,1.0,0.8888888888888888,9,8
4111,10,E2F8,4111,-1.0,6.123974765349739,0.727655644515048,2.2149494380529733e-62,-11.923169469340523,9.268153597104652,1.0,0.8888888888888888,9,8
4113,10,E2F8,4113,-1.0,6.123974765349739,0.5183417658158985,6.736116550928404e-27,-6.3892616734985035,6.050989258777758,1.0,0.8888888888888888,9,8
4118,10,E2F8,4118,-1.0,6.123974765349739,0.37467740760497914,8.25727055847675e-14,-2.398410180646512,1.5210351914785172,1.0,0.8888888888888888,9,8
4112,10,E2F8,4112,-1.0,6.123974765349739,0.891126271041061,1.0842747506459193e-128,-6.228487580803092,5.0768028274816785,1.0,0.8888888888888888,9,8
4119,10,E2F8,4119,-1.0,6.123974765349739,0.42359818300171315,1.3797027172394025e-17,-4.884575824237878,3.785599783637025,1.0,0.8888888888888888,9,8
4115,10,E2F8,4115,-1.0,6.123974765349739,0.4185650131480929,3.611372674509949e-17,-9.745587812729852,9.49947032703811,1.0,0.8888888888888888,9,8
3853,10,ETV2,3853,1.0,4.5569970202942045,-0.17712231838829526,0.0006097483630666705,-11.351473207120534,8.710338338527189,0.6666666666666666,0.3333333333333333,12,6
3854,10,ETV2,3854,1.0,4.5569970202942045,0.6213635947050433,5.344522301166275e-41,5.5767679511250625,4.421489739038879,0.6666666666666666,0.3333333333333333,12,6
3863,10,ETV2,3863,1.0,4.5569970202942045,-0.20545945475951563,6.700232909046307e-05,-7.901051094001229,6.549533736229354,0.6666666666666666,0.3333333333333333,12,6
3856,10,ETV2,3856,1.0,4.5569970202942045,-0.26664191362913214,1.8557345979688652e-07,-3.8103992149998427,2.876794444097738,0.6666666666666666,0.3333333333333333,12,6
7365,10,PRDM4,7365,-1.0,9.121567704703303,0.4369239337589916,9.978267499176022e-19,-6.697901236181154,5.518276974741361,1.0,0.9411764705882353,17,16
7362,10,PRDM4,7362,-1.0,9.121567704703303,0.44358163919941157,2.5704047331073542e-19,-7.413357188684672,6.065043822862721,1.0,0.9411764705882353,17,16
7356,10,PRDM4,7356,-1.0,9.121567704703303,0.6939504672919159,1.36869230102997e-54,-9.901994270235326,9.096614326638122,1.0,0.9411764705882353,17,16
7360,10,PRDM4,7360,-1.0,9.121567704703303,0.618798365359534,1.3926204600275508e-40,-6.4361600069416385,5.384060467444317,1.0,0.9411764705882353,17,16
7366,10,PRDM4,7366,-1.0,9.121567704703303,0.7406707289847887,1.0360388110472225e-65,-10.857654942289242,9.067152762982058,1.0,0.9411764705882353,17,16
7359,10,PRDM4,7359,-1.0,9.121567704703303,0.7756369011390314,9.640156388013457e-76,-7.069693713384518,5.645036182992549,1.0,0.9411764705882353,17,16
7371,10,PRDM4,7371,-1.0,9.121567704703303,0.47495188432498237,2.843160440952204e-22,-9.841204467778514,9.320917216897568,1.0,0.9411764705882353,17,16
7370,10,PRDM4,7370,-1.0,9.121567704703303,0.5008929893287776,5.864310814970042e-25,-6.513031203196032,5.2457662024000475,1.0,0.9411764705882353,17,16
7367,10,PRDM4,7367,-1.0,9.121567704703303,0.6841813990322816,1.5726921476239265e-52,-5.875181768720603,4.530970804112907,1.0,0.9411764705882353,17,16
7357,10,PRDM4,7357,-1.0,9.121567704703303,0.3479210973428868,5.3703528254146025e-12,-3.1926029981693915,2.269468060793417,1.0,0.9411764705882353,17,16
7358,10,PRDM4,7358,-1.0,9.121567704703303,0.41266094370172285,1.093978928561637e-16,-4.120278439652108,3.230240230741585,1.0,0.9411764705882353,17,16
7355,10,PRDM4,7355,-1.0,9.121567704703303,0.8899348352787184,7.199659585785614e-128,-13.142940481924901,10.231987578849898,1.0,0.9411764705882353,17,16
7363,10,PRDM4,7363,-1.0,9.121567704703303,0.3759515623788296,6.702153955895957e-14,-2.1990094733529912,1.3720388160041843,1.0,0.9411764705882353,17,16
7368,10,PRDM4,7368,-1.0,9.121567704703303,0.5434834103732461,6.738231318158937e-30,-4.903843431611411,4.1106065958767095,1.0,0.9411764705882353,17,16
7369,10,PRDM4,7369,-1.0,9.121567704703303,0.4451309756848406,1.8666095876777835e-19,-7.318834045895659,8.410458509494264,1.0,0.9411764705882353,17,16
7361,10,PRDM4,7361,-1.0,9.121567704703303,0.45087947699025,5.61393063637017e-20,-3.5412623759284823,2.5488877926991718,1.0,0.9411764705882353,17,16
5073,10,ZBTB4,5073,-1.0,12.069778481596943,0.36926166232313523,1.9843008801754215e-13,-3.668818446890169,2.7244587680603685,1.0,0.7692307692307693,13,10
5079,10,ZBTB4,5079,-1.0,12.069778481596943,0.4109889386821828,1.4914334369041636e-16,-13.779766007576653,11.896976014599776,1.0,0.7692307692307693,13,10
5076,10,ZBTB4,5076,-1.0,12.069778481596943,0.25504785717810674,6.405743894516835e-07,-9.724483322740166,8.308702794384324,1.0,0.7692307692307693,13,10
5082,10,ZBTB4,5082,-1.0,12.069778481596943,0.23357193381539093,5.447398575805767e-06,-3.2250335230718603,2.282957170462265,1.0,0.7692307692307693,13,10
5081,10,ZBTB4,5081,-1.0,12.069778481596943,0.5072597682457695,1.1839067764172212e-25,-5.862236484774913,4.9492831465670974,1.0,0.7692307692307693,13,10
5072,10,ZBTB4,5072,-1.0,12.069778481596943,0.6345189724982786,3.4117660025057855e-43,-11.46907539024541,8.813566271453267,1.0,0.7692307692307693,13,10
5080,10,ZBTB4,5080,-1.0,12.069778481596943,0.573822017826887,7.159043680841603e-34,-5.735570892165215,4.496364901184609,1.0,0.7692307692307693,13,10
5083,10,ZBTB4,5083,-1.0,12.069778481596943,0.44719542601465917,1.215631499327179e-19,-9.793866479631435,7.484844123860154,1.0,0.7692307692307693,13,10
5074,10,ZBTB4,5074,-1.0,12.069778481596943,0.5985975367594357,1.946764008033994e-37,-3.901634041352301,2.982076819057667,1.0,0.7692307692307693,13,10
5075,10,ZBTB4,5075,-1.0,12.069778481596943,0.6521874713597172,2.5842322531432827e-46,-10.938989258516454,17.314433005785517,1.0,0.7692307692307693,13,10
514,10,RARA,514,-1.0,3.091009110328778,0.20135334882748154,9.409960542311879e-05,-5.405058234929653,4.345846912642727,1.0,0.68,25,17
504,10,RARA,504,-1.0,3.091009110328778,0.2991319203735516,4.168667210462461e-09,-8.160537373046209,6.90699637057898,1.0,0.68,25,17
516,10,RARA,516,-1.0,3.091009110328778,0.497419260839833,1.3843852591098816e-24,-9.961322982057771,7.8393417203938025,1.0,0.68,25,17
515,10,RARA,515,-1.0,3.091009110328778,0.28519729189236187,2.2538384125919302e-08,-4.640453283359708,3.562991066839818,1.0,0.68,25,17
522,10,RARA,522,-1.0,3.091009110328778,0.2671600824370149,1.7533332085120376e-07,-2.9119775888358075,1.971036142162513,1.0,0.68,25,17
503,10,RARA,503,-1.0,3.091009110328778,0.2674404340868127,1.700220561568876e-07,-8.230266246874695,8.262839203745747,1.0,0.68,25,17
508,10,RARA,508,-1.0,3.091009110328778,0.33983296399608026,1.7591370365474845e-11,-13.493473494703126,11.654168201619038,1.0,0.68,25,17
523,10,RARA,523,-1.0,3.091009110328778,0.44463607159894436,2.0678300661050818e-19,-5.223704804707398,4.060584089203922,1.0,0.68,25,17
502,10,RARA,502,-1.0,3.091009110328778,0.3893125627148756,7.10733222191507e-15,-12.00380637371553,9.228025395367041,1.0,0.68,25,17
509,10,RARA,509,-1.0,3.091009110328778,0.418963333388166,3.348543025219078e-17,-12.195074840717155,9.425878139969294,1.0,0.68,25,17
526,10,RARA,526,-1.0,3.091009110328778,0.13144638421570862,0.011267298793601482,-3.005706765042135,2.2214782076744823,1.0,0.68,25,17
519,10,RARA,519,-1.0,3.091009110328778,0.33785992757386557,2.3375283948364358e-11,-4.584303079329105,3.478296497019058,1.0,0.68,25,17
510,10,RARA,510,-1.0,3.091009110328778,0.36683202635728507,2.9249967325932036e-13,-9.340012376024767,7.761179889142377,1.0,0.68,25,17
505,10,RARA,505,-1.0,3.091009110328778,0.38869734006678625,7.898818781944706e-15,-7.065612029615451,5.787801620101667,1.0,0.68,25,17
518,10,RARA,518,-1.0,3.091009110328778,0.3074482359935799,1.457297751446976e-09,-4.389902721264812,3.455139334015296,1.0,0.68,25,17
506,10,RARA,506,-1.0,3.091009110328778,0.32682962938592885,1.1040201210557868e-10,-11.01757651739475,13.884707963448445,1.0,0.68,25,17
517,10,RARA,517,-1.0,3.091009110328778,0.16397046555293665,0.0015290530320914582,-7.918789801368076,6.449955842850176,1.0,0.68,25,17
1675,10,SP100,1675,-1.0,1.3039981550618167,0.3268825037540802,1.0959962984483908e-10,-8.597091234518038,7.969655486264392,1.0,1.0,2,2
1674,10,SP100,1674,-1.0,1.3039981550618167,0.343208698656051,1.0765581112540525e-11,-11.48662644024656,8.859256830606911,1.0,1.0,2,2
8019,10,RXRA,8019,-1.0,4.822852629324139,0.24651980908828142,1.5346770733681305e-06,-10.337759004108914,8.037056669266025,0.42105263157894735,0.32,25,19
8025,10,RXRA,8025,-1.0,4.822852629324139,0.2674691037442103,1.694877248582291e-07,-3.099175811480593,2.1773544703598726,0.42105263157894735,0.32,25,19
8020,10,RXRA,8020,-1.0,4.822852629324139,0.42468152005583537,1.119233065144949e-17,-6.530260238395176,5.128802955199204,0.42105263157894735,0.32,25,19
8023,10,RXRA,8023,-1.0,4.822852629324139,0.3338482905129284,4.140824335849376e-11,-5.781920368810844,4.509657593581513,0.42105263157894735,0.32,25,19
8015,10,RXRA,8015,-1.0,4.822852629324139,0.3066417256313787,1.6160186184884778e-09,-3.4965485920605177,2.5605021797780747,0.42105263157894735,0.32,25,19
8014,10,RXRA,8014,-1.0,4.822852629324139,0.25528003440358893,6.252402868872006e-07,-4.765352638903824,3.979684068621739,0.42105263157894735,0.32,25,19
8027,10,RXRA,8027,-1.0,4.822852629324139,0.3177216082267817,3.798432055958132e-10,-2.428678466404407,1.5659980953002173,0.42105263157894735,0.32,25,19
8029,10,RXRA,8029,-1.0,4.822852629324139,0.22018672876859122,1.873824824369886e-05,-7.509443571021424,5.822213948252181,0.42105263157894735,0.32,25,19
6123,10,RBPJ,6123,-1.0,9.143092622616226,0.5917389087200409,2.028938985779342e-36,-4.633602889890063,3.8213822584757375,1.0,1.0,6,6
6122,10,RBPJ,6122,-1.0,9.143092622616226,0.6340132585415604,4.162182467240125e-43,-12.557246796688545,9.725450788949232,1.0,1.0,6,6
6124,10,RBPJ,6124,-1.0,9.143092622616226,0.3498280995542103,4.0395368646144265e-12,-3.214515707564802,2.306133398789993,1.0,1.0,6,6
6126,10,RBPJ,6126,-1.0,9.143092622616226,0.33029395798720207,6.825271640908964e-11,-7.0258758091914215,5.659188283514255,1.0,1.0,6,6
6127,10,RBPJ,6127,-1.0,9.143092622616226,0.5164152588376569,1.1171525515792692e-26,-5.84281330944331,4.702511351081742,1.0,1.0,6,6
6125,10,RBPJ,6125,-1.0,9.143092622616226,0.521587547028813,2.8514816975257313e-27,-9.409935729056672,9.03469343309293,1.0,1.0,6,6
9737,10,RXRG,9737,-1.0,1.5161767426170725,0.18229967044636855,0.0004169637007956465,-4.708422258266244,3.7461513042236865,0.5,0.42857142857142855,7,6
9738,10,RXRG,9738,-1.0,1.5161767426170725,0.13484484169116365,0.009311042837524885,-6.627784419837139,5.237918008939099,0.5,0.42857142857142855,7,6
9743,10,RXRG,9743,-1.0,1.5161767426170725,0.18303772008264566,0.00039464214121549563,-6.535165756581914,5.333519925083913,0.5,0.42857142857142855,7,6
2274,10,FOXL1,2274,-1.0,9.07380279353252,0.7144867390327345,3.3405624997103314e-59,-12.421434643493942,16.608330398708986,0.9,0.72,25,20
2294,10,FOXL1,2294,-1.0,9.07380279353252,0.6116446629563517,1.921688790012604e-39,-5.001393772502736,4.659990626755309,0.9,0.72,25,20
2286,10,FOXL1,2286,-1.0,9.07380279353252,0.4770565924345525,1.7552477682340625e-22,-6.015344867198836,5.103532715746228,0.9,0.72,25,20
2273,10,FOXL1,2273,-1.0,9.07380279353252,0.7750520522642049,1.4676052815398038e-75,-3.86886344595162,2.9531914239021058,0.9,0.72,25,20
2280,10,FOXL1,2280,-1.0,9.07380279353252,0.31539947455041273,5.170814458921034e-10,-13.491346190219549,11.636394179501512,0.9,0.72,25,20
2275,10,FOXL1,2275,-1.0,9.07380279353252,0.2209022075846725,1.757380780360285e-05,-7.4110919075197685,6.130008677551204,0.9,0.72,25,20
2278,10,FOXL1,2278,-1.0,9.07380279353252,0.45066481175362194,5.873949444351669e-20,-6.095669428276514,4.786818347263696,0.9,0.72,25,20
2283,10,FOXL1,2283,-1.0,9.07380279353252,0.23029417156428242,7.422953585296461e-06,-3.1735798020481507,2.2867192312530937,0.9,0.72,25,20
2290,10,FOXL1,2290,-1.0,9.07380279353252,0.44622521350754296,1.487616447175084e-19,-10.058212730173327,9.074168367977878,0.9,0.72,25,20
2289,10,FOXL1,2289,-1.0,9.07380279353252,0.7190342017502802,2.79803099999589e-60,-8.139570213528089,8.302449814508908,0.9,0.72,25,20
2284,10,FOXL1,2284,-1.0,9.07380279353252,0.367767792946954,2.5199352467729534e-13,-5.995950777388734,4.622441722909252,0.9,0.72,25,20
2285,10,FOXL1,2285,-1.0,9.07380279353252,0.6352192774413264,2.5890992208464413e-43,-6.367342297483378,5.316571823595382,0.9,0.72,25,20
2276,10,FOXL1,2276,-1.0,9.07380279353252,0.6187533781238239,1.416096051038117e-40,-8.497574831623904,7.187685680864749,0.9,0.72,25,20
2271,10,FOXL1,2271,-1.0,9.07380279353252,0.5534916129048517,3.6514859599585373e-31,-4.3460092962671695,3.40230157277277,0.9,0.72,25,20
2282,10,FOXL1,2282,-1.0,9.07380279353252,0.2794211508433048,4.418125357119755e-08,-6.371175204299239,5.336261655794249,0.9,0.72,25,20
2287,10,FOXL1,2287,-1.0,9.07380279353252,0.18449947595715283,0.00035367766185446896,-8.763212813252554,6.86835814937993,0.9,0.72,25,20
2272,10,FOXL1,2272,-1.0,9.07380279353252,0.4309996381124841,3.254044544688074e-18,-8.783926610747633,8.622388400053707,0.9,0.72,25,20
2270,10,FOXL1,2270,-1.0,9.07380279353252,0.4000895345712233,1.0782760424059027e-15,-11.660043068462073,8.967291367046043,0.9,0.72,25,20
3884,10,ZBTB7A,3884,-1.0,8.313518138743204,0.3870861993199181,1.040385459672642e-14,-11.582292593317938,9.087414500836548,1.0,1.0,1,1
1646,10,CEBPG,1646,-1.0,5.679100407358726,0.382074649207942,2.4274039314354838e-14,-6.355651301284337,4.952459729166956,0.9090909090909091,0.8,25,22
1623,10,CEBPG,1623,-1.0,5.679100407358726,0.3753880391129326,7.35094354817607e-14,-11.782988752784622,9.070600076193148,0.9090909090909091,0.8,25,22
1630,10,CEBPG,1630,-1.0,5.679100407358726,0.32240745223094586,2.021939492430353e-10,-13.00732419353534,11.487181230164023,0.9090909090909091,0.8,25,22
1632,10,CEBPG,1632,-1.0,5.679100407358726,0.20493893597971505,6.997616661484109e-05,-7.16705612993062,6.148678936581176,0.9090909090909091,0.8,25,22
1626,10,CEBPG,1626,-1.0,5.679100407358726,0.3954626742210431,2.4434537750879004e-15,-7.626497893660214,6.276701594793023,0.9090909090909091,0.8,25,22
1635,10,CEBPG,1635,-1.0,5.679100407358726,0.19422282903719298,0.00016703088622028548,-4.970585681456953,3.7715761356484685,0.9090909090909091,0.8,25,22
1640,10,CEBPG,1640,-1.0,5.679100407358726,0.49425995859349486,2.998117376322646e-24,-5.6799356196809825,4.527668899977518,0.9090909090909091,0.8,25,22
1634,10,CEBPG,1634,-1.0,5.679100407358726,0.4328079579449026,2.274000766060313e-18,-10.438801760109067,8.002868488873466,0.9090909090909091,0.8,25,22
1639,10,CEBPG,1639,-1.0,5.679100407358726,0.43076160239885136,3.4106772859588922e-18,-4.759007748741083,3.779068406160786,0.9090909090909091,0.8,25,22
1627,10,CEBPG,1627,-1.0,5.679100407358726,0.30212695958283303,2.8659557430733763e-09,-7.826654487991431,6.502495947929591,0.9090909090909091,0.8,25,22
1631,10,CEBPG,1631,-1.0,5.679100407358726,0.41119362123622627,1.4360433640769062e-16,-6.709691023970404,5.354198861396193,0.9090909090909091,0.8,25,22
1624,10,CEBPG,1624,-1.0,5.679100407358726,0.29468553850781487,7.213859114312232e-09,-7.62522152960121,7.0030236075921035,0.9090909090909091,0.8,25,22
1641,10,CEBPG,1641,-1.0,5.679100407358726,0.5238031005529484,1.5773060265061188e-27,-5.533944316422474,4.319169439656732,0.9090909090909091,0.8,25,22
1643,10,CEBPG,1643,-1.0,5.679100407358726,0.375322474896425,7.430309160286366e-14,-11.404958422816557,8.851492239985005,0.9090909090909091,0.8,25,22
1647,10,CEBPG,1647,-1.0,5.679100407358726,0.34776458921315895,5.496869923988852e-12,-4.858421340762724,3.789770137134643,0.9090909090909091,0.8,25,22
1628,10,CEBPG,1628,-1.0,5.679100407358726,0.26763289678688346,1.6646589893693216e-07,-6.308886057823604,4.986216794395341,0.9090909090909091,0.8,25,22
1642,10,CEBPG,1642,-1.0,5.679100407358726,0.4021983987291352,7.395210560362866e-16,-6.883213694975509,5.678751456391997,0.9090909090909091,0.8,25,22
1636,10,CEBPG,1636,-1.0,5.679100407358726,0.33383936061964065,4.146060053414545e-11,-9.584490752279278,7.474527666807843,0.9090909090909091,0.8,25,22
1633,10,CEBPG,1633,-1.0,5.679100407358726,0.29224955761778654,9.703610226564576e-09,-2.4630551342131226,1.5808270047688933,0.9090909090909091,0.8,25,22
1637,10,CEBPG,1637,-1.0,5.679100407358726,0.3533850170490463,2.3627615617641183e-12,-5.057759895103462,4.082486080007729,0.9090909090909091,0.8,25,22
2953,10,NKX3-2,2953,-1.0,9.221513886520269,0.4689104642900036,1.1144741686747367e-21,-3.168298374211404,2.234747086567221,0.9444444444444444,0.7083333333333334,24,18
2950,10,NKX3-2,2950,-1.0,9.221513886520269,0.28638376522101333,1.9590763438641567e-08,-7.591263965711391,9.190909791176837,0.9444444444444444,0.7083333333333334,24,18
2961,10,NKX3-2,2961,-1.0,9.221513886520269,0.21598839538287856,2.718854454454602e-05,-2.751270970802961,1.8532299585293195,0.9444444444444444,0.7083333333333334,24,18
2949,10,NKX3-2,2949,-1.0,9.221513886520269,0.2642161938338391,2.41671670300114e-07,-10.317083279040343,7.9239182838931725,0.9444444444444444,0.7083333333333334,24,18
2939,10,NKX3-2,2939,-1.0,9.221513886520269,0.4214396710996234,2.0886107530264803e-17,-11.656037020918257,8.994360801866781,0.9444444444444444,0.7083333333333334,24,18
2944,10,NKX3-2,2944,-1.0,9.221513886520269,0.480494360607477,7.926453714829735e-23,-11.42174913191293,15.08493998241824,0.9444444444444444,0.7083333333333334,24,18
2940,10,NKX3-2,2940,-1.0,9.221513886520269,0.23545155377778487,4.552392340804688e-06,-4.266478055006842,3.311504233926052,0.9444444444444444,0.7083333333333334,24,18
2959,10,NKX3-2,2959,-1.0,9.221513886520269,0.3207139357901052,2.542624413767752e-10,-9.117142611780006,7.219655055193617,0.9444444444444444,0.7083333333333334,24,18
2942,10,NKX3-2,2942,-1.0,9.221513886520269,0.46376705210106184,3.4910671212640274e-21,-7.755382923564984,6.400611699019546,0.9444444444444444,0.7083333333333334,24,18
2943,10,NKX3-2,2943,-1.0,9.221513886520269,0.4681791364942774,1.3124750193344429e-21,-8.165919542634654,7.225085576631625,0.9444444444444444,0.7083333333333334,24,18
2960,10,NKX3-2,2960,-1.0,9.221513886520269,0.38917029706729894,7.283144028478632e-15,-8.165784043119423,6.787187517783608,0.9444444444444444,0.7083333333333334,24,18
2941,10,NKX3-2,2941,-1.0,9.221513886520269,0.5503783409352944,9.138708672895838e-31,-7.998046053057915,7.469741076784266,0.9444444444444444,0.7083333333333334,24,18
2948,10,NKX3-2,2948,-1.0,9.221513886520269,0.36857193075190603,2.2161096428003391e-13,-7.317648250613682,6.056649634111595,0.9444444444444444,0.7083333333333334,24,18
2956,10,NKX3-2,2956,-1.0,9.221513886520269,-0.22380130401141288,1.3521557634533777e-05,3.9598813601543528,2.9842752946516424,0.9444444444444444,0.7083333333333334,24,18
2952,10,NKX3-2,2952,-1.0,9.221513886520269,0.39167780949963477,4.726258153072417e-15,-4.521449388902111,3.486614942455815,0.9444444444444444,0.7083333333333334,24,18
2945,10,NKX3-2,2945,-1.0,9.221513886520269,0.45310514475526364,3.50409887084439e-20,-13.044375288647199,11.56589864319972,0.9444444444444444,0.7083333333333334,24,18
2955,10,NKX3-2,2955,-1.0,9.221513886520269,0.3664706982074012,3.097887936603596e-13,-6.349203545387347,5.1319475001653965,0.9444444444444444,0.7083333333333334,24,18
7074,10,FOXJ3,7074,-1.0,9.072351253449298,0.40564251757191505,3.971537375376941e-16,-4.255622070344238,3.229758183997403,1.0,0.96,25,24
7053,10,FOXJ3,7053,-1.0,9.072351253449298,0.8135746127833774,6.532932780413205e-89,-11.8431474730333,9.116871455417812,1.0,0.96,25,24
7068,10,FOXJ3,7068,-1.0,9.072351253449298,0.6952290870124103,7.252954043610815e-55,-6.670634914929747,5.629917961908584,1.0,0.96,25,24
7075,10,FOXJ3,7075,-1.0,9.072351253449298,0.45648791996935634,1.7005226684482287e-20,-9.237841748595155,8.158447963761152,1.0,0.96,25,24
7073,10,FOXJ3,7073,-1.0,9.072351253449298,0.5848135414781793,2.0451781512596647e-35,-6.403552978369039,5.378830694433243,1.0,0.96,25,24
7065,10,FOXJ3,7065,-1.0,9.072351253449298,0.6490920883495443,9.420123824670347e-46,-8.79149880476172,7.052264924312056,1.0,0.96,25,24
7061,10,FOXJ3,7061,-1.0,9.072351253449298,0.6626234616496334,2.9447829089339945e-48,-6.280761416156728,4.941092583022808,1.0,0.96,25,24
7064,10,FOXJ3,7064,-1.0,9.072351253449298,0.6282407875225893,3.922901308429138e-42,-8.882607544340997,7.059714629850282,1.0,0.96,25,24
7059,10,FOXJ3,7059,-1.0,9.072351253449298,0.6054354850459538,1.7771436405612777e-38,-8.17091347836753,6.9185025345851825,1.0,0.96,25,24
7067,10,FOXJ3,7067,-1.0,9.072351253449298,0.24196838347781743,2.4151807854866753e-06,-3.225382853023268,2.340474486380186,1.0,0.96,25,24
7076,10,FOXJ3,7076,-1.0,9.072351253449298,-0.20606692250027617,6.368239861008807e-05,2.187691981064461,1.3501761508132315,1.0,0.96,25,24
7054,10,FOXJ3,7054,-1.0,9.072351253449298,0.24138136049274214,2.558990919035477e-06,-4.355356750309201,3.4105849688566905,1.0,0.96,25,24
7071,10,FOXJ3,7071,-1.0,9.072351253449298,0.35629146231702535,1.5167750789682052e-12,-6.136982915007462,5.215360341883564,1.0,0.96,25,24
7058,10,FOXJ3,7058,-1.0,9.072351253449298,0.5575360074447111,1.092972750016748e-31,-7.449297097440189,6.130493096449372,1.0,0.96,25,24
7060,10,FOXJ3,7060,-1.0,9.072351253449298,-0.32645668884256834,1.1622615850312701e-10,5.921906004027976,4.732211416470686,1.0,0.96,25,24
7055,10,FOXJ3,7055,-1.0,9.072351253449298,0.44480738455175467,1.9958715670609468e-19,-8.69336473712884,8.586587965795706,1.0,0.96,25,24
7056,10,FOXJ3,7056,-1.0,9.072351253449298,0.2931145822807418,8.736689466092589e-09,-3.723890101476534,2.812880900960175,1.0,0.96,25,24
7066,10,FOXJ3,7066,-1.0,9.072351253449298,0.5856200518403806,1.567138587305403e-35,-6.001408923530343,4.760300505538918,1.0,0.96,25,24
7062,10,FOXJ3,7062,-1.0,9.072351253449298,0.5718372315450831,1.3412887108260519e-33,-7.9285238499197686,6.412374757865632,1.0,0.96,25,24
7069,10,FOXJ3,7069,-1.0,9.072351253449298,0.6422710598608348,1.5454775019247136e-44,-10.952020440420101,8.472274922820267,1.0,0.96,25,24
7072,10,FOXJ3,7072,-1.0,9.072351253449298,0.5749798489908046,4.9537669010586475e-34,-12.92351184727728,9.95995570924894,1.0,0.96,25,24
7077,10,FOXJ3,7077,-1.0,9.072351253449298,0.33378366628518796,4.178860279824663e-11,-2.8219391708661297,1.891319187558637,1.0,0.96,25,24
7063,10,FOXJ3,7063,-1.0,9.072351253449298,0.6641840780002679,1.4849497828848864e-48,-13.154049187699016,11.19698101430488,1.0,0.96,25,24
7057,10,FOXJ3,7057,-1.0,9.072351253449298,0.6505469559638763,5.1387351572380216e-46,-12.049234947256478,15.93760227186461,1.0,0.96,25,24
499,10,CTCF,499,-1.0,9.113805759832363,0.3298199686513747,7.292081905706877e-11,-7.629723373787403,6.242918124782968,1.0,0.96,25,24
493,10,CTCF,493,-1.0,9.113805759832363,0.3523439794894451,2.7662507227920193e-12,-5.712588260385811,4.434134290715631,1.0,0.96,25,24
487,10,CTCF,487,-1.0,9.113805759832363,0.4613716316090023,5.902840715271487e-21,-5.930686135904726,4.93626904741704,1.0,0.96,25,24
486,10,CTCF,486,-1.0,9.113805759832363,0.3685240061381267,2.2331661471741327e-13,-5.349648849112356,4.762223122617765,1.0,0.96,25,24
501,10,CTCF,501,-1.0,9.113805759832363,-0.19919466462375776,0.00011219105869686572,3.7758963770008407,2.7463780116720873,1.0,0.96,25,24
496,10,CTCF,496,-1.0,9.113805759832363,-0.3562392929404494,1.5289518987252379e-12,3.0804434474554454,2.108735657525288,1.0,0.96,25,24
482,10,CTCF,482,-1.0,9.113805759832363,-0.2829420238428151,2.9366299634503655e-08,6.139403815568883,5.044369924680966,1.0,0.96,25,24
477,10,CTCF,477,-1.0,9.113805759832363,0.7723772550918017,9.872261934636979e-75,-12.321372847336107,9.585428291221904,1.0,0.96,25,24
479,10,CTCF,479,-1.0,9.113805759832363,0.2553152839823564,6.229432656241571e-07,-3.7920607864328577,2.8506167708050083,1.0,0.96,25,24
483,10,CTCF,483,-1.0,9.113805759832363,0.510760756408961,4.841079611226623e-26,-6.932646639828707,5.650951048150315,1.0,0.96,25,24
488,10,CTCF,488,-1.0,9.113805759832363,0.31797235023041476,3.6734231276418485e-10,-5.148960726402899,4.158961634910837,1.0,0.96,25,24
500,10,CTCF,500,-1.0,9.113805759832363,0.5531439099302764,4.047378827697487e-31,-2.177617033837129,1.3569715943111802,1.0,0.96,25,24
478,10,CTCF,478,-1.0,9.113805759832363,0.3439475298270186,9.66089979965347e-12,-8.41347735581336,8.653963598903346,1.0,0.96,25,24
481,10,CTCF,481,-1.0,9.113805759832363,0.3967643236663322,1.9436486774456792e-15,-3.8265749186825526,2.904010181342911,1.0,0.96,25,24
480,10,CTCF,480,-1.0,9.113805759832363,0.5515814136021074,6.418283355207407e-31,-10.55703865984914,11.349039227298908,1.0,0.96,25,24
492,10,CTCF,492,-1.0,9.113805759832363,0.21568042261894976,2.7933222143301013e-05,-3.4519154726582775,2.4839892746208485,1.0,0.96,25,24
490,10,CTCF,490,-1.0,9.113805759832363,0.3468885196821898,6.260633846293653e-12,-2.5962958886284366,1.7817759480543907,1.0,0.96,25,24
491,10,CTCF,491,-1.0,9.113805759832363,0.697893720170044,1.910210158261136e-55,-9.392802008755101,7.450782564203121,1.0,0.96,25,24
498,10,CTCF,498,-1.0,9.113805759832363,0.377281176489941,5.385464647982499e-14,-7.396404694122032,9.006927477441957,1.0,0.96,25,24
494,10,CTCF,494,-1.0,9.113805759832363,0.30655830162829556,1.6333631394387019e-09,-6.57654898952308,5.690376560089656,1.0,0.96,25,24
489,10,CTCF,489,-1.0,9.113805759832363,-0.3374787621287926,2.4689173474206077e-11,4.399764646690187,3.300511362238094,1.0,0.96,25,24
484,10,CTCF,484,-1.0,9.113805759832363,0.2726583117331748,9.529522435381359e-08,-7.537980089979412,6.758797930874649,1.0,0.96,25,24
497,10,CTCF,497,-1.0,9.113805759832363,0.6610280657146147,5.90443791522611e-48,-7.89914777407047,6.281943658972234,1.0,0.96,25,24
485,10,CTCF,485,-1.0,9.113805759832363,0.3970613601167466,1.8444904554682292e-15,-5.908260708125756,4.781448518315524,1.0,0.96,25,24
8379,10,TAL1,8379,-1.0,2.6121703322153187,0.5699784037580752,2.40553941658194e-33,-3.203533425499241,2.315419398059635,0.8,0.64,25,20
8366,10,TAL1,8366,-1.0,2.6121703322153187,-0.3462067928288257,6.925726418229106e-12,6.312731692452562,5.095458804928068,0.8,0.64,25,20
8378,10,TAL1,8378,-1.0,2.6121703322153187,0.6558130080345541,5.571530897646754e-47,-4.301380093266728,3.606968085898762,0.8,0.64,25,20
8367,10,TAL1,8367,-1.0,2.6121703322153187,0.688963591885077,1.5785740583765137e-53,-7.825513157423341,6.794596680971665,0.8,0.64,25,20
8362,10,TAL1,8362,-1.0,2.6121703322153187,0.33364125798696703,4.263883325649762e-11,-4.1160748823618665,3.1711422395400253,0.8,0.64,25,20
8373,10,TAL1,8373,-1.0,2.6121703322153187,0.31170803008904047,8.397232307842478e-10,-5.473082530663021,4.384238900389868,0.8,0.64,25,20
8383,10,TAL1,8383,-1.0,2.6121703322153187,-0.2730596869367411,9.109815484569713e-08,6.606288610202843,5.383633818102873,0.8,0.64,25,20
8364,10,TAL1,8364,-1.0,2.6121703322153187,0.7337394868131326,6.504432271638043e-64,-3.8511562530150028,2.9396577664618917,0.8,0.64,25,20
8384,10,TAL1,8384,-1.0,2.6121703322153187,0.26808996632490245,1.5830527255267303e-07,-6.052117056988452,4.843948533016098,0.8,0.64,25,20
8369,10,TAL1,8369,-1.0,2.6121703322153187,0.3515365291384768,3.1248314682263377e-12,-9.53227157806447,8.321995832438189,0.8,0.64,25,20
8377,10,TAL1,8377,-1.0,2.6121703322153187,0.8461938679832778,6.531319121402837e-103,-3.391543835561847,2.5791457889901395,0.8,0.64,25,20
8386,10,TAL1,8386,-1.0,2.6121703322153187,0.4294348082540414,4.429446891874093e-18,-3.121469090877008,2.2188386975541734,0.8,0.64,25,20
8380,10,TAL1,8380,-1.0,2.6121703322153187,-0.37211805318926444,1.2521834595694996e-13,4.730913398416992,4.057853047783511,0.8,0.64,25,20
8370,10,TAL1,8370,-1.0,2.6121703322153187,0.31048510470299884,9.846000085109503e-10,-8.14964995799158,6.668367871135192,0.8,0.64,25,20
8376,10,TAL1,8376,-1.0,2.6121703322153187,-0.3851025880240731,1.457418119128873e-14,2.177483933331644,1.3618943304102624,0.8,0.64,25,20
8372,10,TAL1,8372,-1.0,2.6121703322153187,0.6764013470039034,6.032944744533713e-51,-7.837179908949962,7.484134496845595,0.8,0.64,25,20
5621,10,FOXC2,5621,-1.0,2.3213998335546586,0.38887062408325784,7.667541910168059e-15,-11.788758488529911,9.0740446935609,0.9047619047619048,0.76,25,21
5637,10,FOXC2,5637,-1.0,2.3213998335546586,0.5857632368100807,1.494673034722818e-35,-6.110768470848046,5.110246642856451,0.9047619047619048,0.76,25,21
5641,10,FOXC2,5641,-1.0,2.3213998335546586,0.3194044386539141,3.0325358681217204e-10,-6.35663081633601,5.212972068449049,0.9047619047619048,0.76,25,21
5636,10,FOXC2,5636,-1.0,2.3213998335546586,0.7230935975534365,2.9329228470633975e-61,-7.90819336865846,8.28450735789741,0.9047619047619048,0.76,25,21
5626,10,FOXC2,5626,-1.0,2.3213998335546586,0.5210572562943587,3.283528211196771e-27,-8.153565421017914,6.824205142307189,0.9047619047619048,0.76,25,21
5623,10,FOXC2,5623,-1.0,2.3213998335546586,0.5026836079347852,3.7519031185049395e-25,-4.4668289328221595,3.5216741056726373,0.9047619047619048,0.76,25,21
5638,10,FOXC2,5638,-1.0,2.3213998335546586,0.4357965718403052,1.2517674064131535e-18,-9.702054780535995,7.740094388073211,0.9047619047619048,0.76,25,21
5632,10,FOXC2,5632,-1.0,2.3213998335546586,0.25538865965040136,6.181877296577899e-07,-6.452351148728261,5.415631804644733,0.9047619047619048,0.76,25,21
5643,10,FOXC2,5643,-1.0,2.3213998335546586,0.3575471785393867,1.2506695757437472e-12,-8.216065662691756,6.86077360569072,0.9047619047619048,0.76,25,21
5629,10,FOXC2,5629,-1.0,2.3213998335546586,0.2922276072342954,9.72944654265615e-09,-12.859888149006993,10.891193967085313,0.9047619047619048,0.76,25,21
5645,10,FOXC2,5645,-1.0,2.3213998335546586,0.29529062613457907,6.6987651148328296e-09,-5.441768282815573,4.264827523663415,0.9047619047619048,0.76,25,21
5635,10,FOXC2,5635,-1.0,2.3213998335546586,0.45059607147696823,5.959692053532315e-20,-7.355322728979764,5.904861786280021,0.9047619047619048,0.76,25,21
5625,10,FOXC2,5625,-1.0,2.3213998335546586,0.6306531253564437,1.5450834332639855e-42,-11.641837471765806,14.097756600010657,0.9047619047619048,0.76,25,21
5633,10,FOXC2,5633,-1.0,2.3213998335546586,0.6000250513735622,1.1867192967944601e-37,-6.4310693674895845,5.3650905472691655,0.9047619047619048,0.76,25,21
5628,10,FOXC2,5628,-1.0,2.3213998335546586,0.4035321774183661,5.817867306720468e-16,-6.075230785446475,4.784681678680922,0.9047619047619048,0.76,25,21
5622,10,FOXC2,5622,-1.0,2.3213998335546586,0.31728471865387126,4.0261963978891225e-10,-8.718776318745114,8.843148626616472,0.9047619047619048,0.76,25,21
5639,10,FOXC2,5639,-1.0,2.3213998335546586,0.34181072506234983,1.3202831317477935e-11,-9.964196691508027,9.081668203843302,0.9047619047619048,0.76,25,21
5624,10,FOXC2,5624,-1.0,2.3213998335546586,0.7832149198118594,3.698452699677119e-78,-3.5976566166710664,2.6870711486633447,0.9047619047619048,0.76,25,21
5634,10,FOXC2,5634,-1.0,2.3213998335546586,0.29816282323441556,4.7016848530639714e-09,-5.730975944912846,4.402534826431915,0.9047619047619048,0.76,25,21
3304,10,SH2D1A,3304,-1.0,3.4568602365685597,0.12462441573823195,0.016318837353515345,-5.44554441193997,4.368562396679548,1.0,1.0,5,5
3305,10,SH2D1A,3305,-1.0,3.4568602365685597,0.08662466483525523,0.09571113892192681,-4.649869392034585,3.533584931084908,1.0,1.0,5,5
3301,10,SH2D1A,3301,-1.0,3.4568602365685597,0.18190216126917286,0.00042946710465029516,-11.38444910570264,8.77457420503556,1.0,1.0,5,5
3303,10,SH2D1A,3303,-1.0,3.4568602365685597,0.16310520589278957,0.0016206690676247788,-9.085933047789503,7.320530238282656,1.0,1.0,5,5
3302,10,SH2D1A,3302,-1.0,3.4568602365685597,0.1454924013658037,0.004986874281368471,-6.018253779948805,5.186583239808314,1.0,1.0,5,5
5017,10,KLF13,5017,-1.0,5.043671143650696,0.40080345539870804,9.4932622426547e-16,-6.306195609887553,5.0642674911721315,0.9523809523809523,0.8695652173913043,23,21
5005,10,KLF13,5005,-1.0,5.043671143650696,0.3485410199348118,4.8965683768628934e-12,-8.525804630287777,7.307782484686213,0.9523809523809523,0.8695652173913043,23,21
5000,10,KLF13,5000,-1.0,5.043671143650696,0.2775768029572047,5.459794591693514e-08,-8.09895245102421,6.76879224300608,0.9523809523809523,0.8695652173913043,23,21
5013,10,KLF13,5013,-1.0,5.043671143650696,0.3204353557974982,2.6399317554960745e-10,-2.4948135791218946,1.6231788634656543,0.9523809523809523,0.8695652173913043,23,21
5015,10,KLF13,5015,-1.0,5.043671143650696,0.2603308290465929,3.669409533707137e-07,-4.723242897163132,3.6062313658646246,0.9523809523809523,0.8695652173913043,23,21
5012,10,KLF13,5012,-1.0,5.043671143650696,0.4830978269809676,4.3152241550723545e-23,-6.105204353122983,5.219614661104633,0.9523809523809523,0.8695652173913043,23,21
5018,10,KLF13,5018,-1.0,5.043671143650696,0.2508247226445644,9.912577297223434e-07,-4.933303913075836,3.765403989385182,0.9523809523809523,0.8695652173913043,23,21
5002,10,KLF13,5002,-1.0,5.043671143650696,0.26812263093456035,1.5773706106157457e-07,-6.231229565911932,5.17775053506478,0.9523809523809523,0.8695652173913043,23,21
5014,10,KLF13,5014,-1.0,5.043671143650696,0.23749568192660098,3.738800572992786e-06,-4.9873033089843135,4.007812928935691,0.9523809523809523,0.8695652173913043,23,21
5016,10,KLF13,5016,-1.0,5.043671143650696,0.4554515823535909,2.1239700923015388e-20,-5.892163250951399,4.590643338658127,0.9523809523809523,0.8695652173913043,23,21
4998,10,KLF13,4998,-1.0,5.043671143650696,0.32175392504059575,2.2092461254928274e-10,-10.05567786940043,9.581070746825388,0.9523809523809523,0.8695652173913043,23,21
5004,10,KLF13,5004,-1.0,5.043671143650696,0.39788267530203014,1.5954267183334605e-15,-5.096445218127495,4.17839894729369,0.9523809523809523,0.8695652173913043,23,21
5001,10,KLF13,5001,-1.0,5.043671143650696,-0.3192765846448135,3.085017367530786e-10,5.880766399559591,4.672682008286447,0.9523809523809523,0.8695652173913043,23,21
4997,10,KLF13,4997,-1.0,5.043671143650696,0.5059137043312333,1.6651406720007468e-25,-12.31331007654893,9.47300574505527,0.9523809523809523,0.8695652173913043,23,21
5003,10,KLF13,5003,-1.0,5.043671143650696,0.3835840361707678,1.883584050375652e-14,-3.500334536384801,2.504374292746743,0.9523809523809523,0.8695652173913043,23,21
4999,10,KLF13,4999,-1.0,5.043671143650696,0.2940259013904784,7.819079742447381e-09,-3.63189865780208,2.720300136368066,0.9523809523809523,0.8695652173913043,23,21
5011,10,KLF13,5011,-1.0,5.043671143650696,0.3287152468528001,8.504014914076998e-11,-5.259643010187577,4.1006183329397405,0.9523809523809523,0.8695652173913043,23,21
5006,10,KLF13,5006,-1.0,5.043671143650696,0.43820842840928054,7.698632970029709e-19,-7.181516488000462,5.796118867795409,0.9523809523809523,0.8695652173913043,23,21
5008,10,KLF13,5008,-1.0,5.043671143650696,0.33739392814255875,2.4991248830926483e-11,-6.990839623380921,5.758787454159214,0.9523809523809523,0.8695652173913043,23,21
5007,10,KLF13,5007,-1.0,5.043671143650696,0.3318247296944802,5.5079669008722815e-11,-3.514730603160433,2.5326499411950154,0.9523809523809523,0.8695652173913043,23,21
3796,10,MAFG,3796,-1.0,5.754289385688884,0.5146212902755812,1.7842084297056978e-26,-6.712879563978154,5.293287207588492,1.0,0.88,25,22
3803,10,MAFG,3803,-1.0,5.754289385688884,0.6876739272965687,2.9472097273633043e-53,-3.3994126523451684,2.407791462341962,1.0,0.88,25,22
3804,10,MAFG,3804,-1.0,5.754289385688884,0.2797042325344213,4.2762889468203243e-08,-4.569352384882655,3.718222402248476,1.0,0.88,25,22
3785,10,MAFG,3785,-1.0,5.754289385688884,0.31294153034871236,7.146506898476021e-10,-5.537506049939775,4.686870321604034,1.0,0.88,25,22
3794,10,MAFG,3794,-1.0,5.754289385688884,0.26962050303498875,1.3369037876472588e-07,-6.162584458512226,4.911418355348378,1.0,0.88,25,22
3787,10,MAFG,3787,-1.0,5.754289385688884,0.6108681501256061,2.5448670265659814e-39,-6.663710487331255,5.632758088342618,1.0,0.88,25,22
3780,10,MAFG,3780,-1.0,5.754289385688884,0.5298817729128137,3.0380155040303007e-28,-11.409060202808508,8.754594482504361,1.0,0.88,25,22
3789,10,MAFG,3789,-1.0,5.754289385688884,0.49486178640165257,2.5893398226471743e-24,-9.059465403317997,7.008252695696797,1.0,0.88,25,22
3800,10,MAFG,3800,-1.0,5.754289385688884,0.2721793874563199,1.005473936198369e-07,-3.6850167665575913,2.7921744292612973,1.0,0.88,25,22
3798,10,MAFG,3798,-1.0,5.754289385688884,0.42474285432289094,1.106028501114435e-17,-6.11466003813883,5.1015168260839285,1.0,0.88,25,22
3799,10,MAFG,3799,-1.0,5.754289385688884,0.5126569487494624,2.9696879500616425e-26,-4.153819508942431,3.076724056289247,1.0,0.88,25,22
3782,10,MAFG,3782,-1.0,5.754289385688884,0.570134911887803,2.2904168444716086e-33,-8.325327782941727,6.860637507052565,1.0,0.88,25,22
3797,10,MAFG,3797,-1.0,5.754289385688884,0.4305009905131634,3.590671950145555e-18,-10.231340935659942,7.888533286014413,1.0,0.88,25,22
3788,10,MAFG,3788,-1.0,5.754289385688884,0.6815564804000592,5.45175638124226e-52,-3.3789928384635237,2.41125290293064,1.0,0.88,25,22
3784,10,MAFG,3784,-1.0,5.754289385688884,0.48310558188829644,4.307381954618959e-23,-7.31050751027359,6.0124787841956495,1.0,0.88,25,22
3781,10,MAFG,3781,-1.0,5.754289385688884,0.49004927891111705,8.293458784401328e-24,-9.192034741825786,9.650985627045252,1.0,0.88,25,22
3783,10,MAFG,3783,-1.0,5.754289385688884,0.42550401022707784,9.543665546735946e-18,-12.796879306850807,22.14652107488369,1.0,0.88,25,22
3802,10,MAFG,3802,-1.0,5.754289385688884,0.40830033581098707,2.4460168991640797e-16,-6.956082124792873,5.9656541811787696,1.0,0.88,25,22
3801,10,MAFG,3801,-1.0,5.754289385688884,0.624880562677276,1.4169963651355476e-41,-10.282590170933098,8.109412128279082,1.0,0.88,25,22
3795,10,MAFG,3795,-1.0,5.754289385688884,0.22974664952753812,7.81329742719543e-06,-5.137500349975319,4.004135936271892,1.0,0.88,25,22
3790,10,MAFG,3790,-1.0,5.754289385688884,-0.3291020522304759,8.058884852342493e-11,3.0536587862418445,2.0905355726384958,1.0,0.88,25,22
3792,10,MAFG,3792,-1.0,5.754289385688884,0.6930565379743713,2.1294309570909373e-54,-8.768743116022597,7.0905001705321915,1.0,0.88,25,22
8539,10,RORA,8539,-1.0,1.4410174138508063,0.4730897665772894,4.344284092365277e-22,-4.252616256228892,3.31382349173694,0.5789473684210527,0.44,25,19
8540,10,RORA,8540,-1.0,1.4410174138508063,-0.5629052232825819,2.14774581534217e-32,5.91007021144954,4.698916157015499,0.5789473684210527,0.44,25,19
8558,10,RORA,8558,-1.0,1.4410174138508063,0.5413794805152079,1.2283873719542561e-29,-7.078737422551724,5.5636139932500335,0.5789473684210527,0.44,25,19
8548,10,RORA,8548,-1.0,1.4410174138508063,0.23529493322554795,4.62125137594776e-06,-7.892742085808079,6.237549952296974,0.5789473684210527,0.44,25,19
8559,10,RORA,8559,-1.0,1.4410174138508063,0.2981992165193626,4.6805252524525565e-09,-4.243712351512514,3.140279076273795,0.5789473684210527,0.44,25,19
8560,10,RORA,8560,-1.0,1.4410174138508063,0.3334976747027873,4.351313639920581e-11,-6.9265187017054535,5.4808241534302535,0.5789473684210527,0.44,25,19
8555,10,RORA,8555,-1.0,1.4410174138508063,0.4146917894331163,7.490517086781845e-17,-7.420286959111738,5.924381944205599,0.5789473684210527,0.44,25,19
8557,10,RORA,8557,-1.0,1.4410174138508063,0.1777781955505632,0.0005814192270227145,-5.808814702449533,4.770055546677385,0.5789473684210527,0.44,25,19
8561,10,RORA,8561,-1.0,1.4410174138508063,-0.5284896495486879,4.443137721268152e-28,2.6845852152798964,1.7993232019651972,0.5789473684210527,0.44,25,19
8546,10,RORA,8546,-1.0,1.4410174138508063,0.2819303609321869,3.304242779729895e-08,-7.208338533320708,5.907687919787232,0.5789473684210527,0.44,25,19
8544,10,RORA,8544,-1.0,1.4410174138508063,0.38787014995170815,9.100505651591766e-15,-7.31975825744786,5.800239366048192,0.5789473684210527,0.44,25,19
1536,10,BCL6,1536,-1.0,9.060595634229918,0.19107645163640297,0.00021378935222157795,-6.333699030879683,5.244366230995794,1.0,0.88,25,22
1547,10,BCL6,1547,-1.0,9.060595634229918,0.37438413110963326,8.662416506728663e-14,-4.712720212274127,4.024029885718523,1.0,0.88,25,22
1548,10,BCL6,1548,-1.0,9.060595634229918,0.488872412974665,1.0993893080851764e-23,-10.688237771815146,8.809812210371117,1.0,0.88,25,22
1529,10,BCL6,1529,-1.0,9.060595634229918,0.3806089717227879,3.1014584923992576e-14,-13.030158306037952,11.044673304841599,1.0,0.88,25,22
1524,10,BCL6,1524,-1.0,9.060595634229918,0.377351675647476,5.323219750722202e-14,-11.731890968692648,9.026909339166771,1.0,0.88,25,22
1534,10,BCL6,1534,-1.0,9.060595634229918,-0.34123025729842527,1.4366069767115001e-11,3.230403121062159,2.2637831827106503,1.0,0.88,25,22
1533,10,BCL6,1533,-1.0,9.060595634229918,0.3749664541508729,7.876139964697497e-14,-5.373695695502236,4.231698765528131,1.0,0.88,25,22
1543,10,BCL6,1543,-1.0,9.060595634229918,0.2988757734345075,4.303563199190782e-09,-4.2072494135176415,3.1659794610147505,1.0,0.88,25,22
1527,10,BCL6,1527,-1.0,9.060595634229918,0.30127015982159017,3.191620635592193e-09,-6.349934249167588,4.9945007673543165,1.0,0.88,25,22
1537,10,BCL6,1537,-1.0,9.060595634229918,0.4182818415319937,3.8104431160817465e-17,-10.765768357614347,8.315902852608248,1.0,0.88,25,22
1544,10,BCL6,1544,-1.0,9.060595634229918,0.42834230630943965,5.488328068992828e-18,-8.608092289636806,6.6540367386745665,1.0,0.88,25,22
1531,10,BCL6,1531,-1.0,9.060595634229918,0.24826842319234288,1.2862610808519412e-06,-6.758381541387289,5.654521131035936,1.0,0.88,25,22
1532,10,BCL6,1532,-1.0,9.060595634229918,0.5867983277599833,1.0607289362746423e-35,-8.814988483998775,6.998755898404497,1.0,0.88,25,22
1526,10,BCL6,1526,-1.0,9.060595634229918,-0.23403746325231414,5.211269107658691e-06,5.625284995315638,4.467629447985765,1.0,0.88,25,22
1525,10,BCL6,1525,-1.0,9.060595634229918,0.5216587511779235,2.7979207551433218e-27,-4.175903796121533,3.244384466952901,1.0,0.88,25,22
1538,10,BCL6,1538,-1.0,9.060595634229918,0.3483384523554944,5.046709472562047e-12,-3.22671013791536,2.267043552907297,1.0,0.88,25,22
1539,10,BCL6,1539,-1.0,9.060595634229918,0.3160268084796387,4.758655924114676e-10,-9.01184800879132,7.009218656582813,1.0,0.88,25,22
1540,10,BCL6,1540,-1.0,9.060595634229918,0.2641196887697192,2.4421135061338395e-07,-8.899896687773,6.91687626284649,1.0,0.88,25,22
1546,10,BCL6,1546,-1.0,9.060595634229918,0.3636266646613573,4.856038442292118e-13,-8.482085752932113,7.124493192317997,1.0,0.88,25,22
1545,10,BCL6,1545,-1.0,9.060595634229918,0.32569882289906643,1.2899756896525072e-10,-7.428148087073098,6.1342286105838,1.0,0.88,25,22
1530,10,BCL6,1530,-1.0,9.060595634229918,0.3446896509586711,8.662902006616906e-12,-3.004350237263806,2.041214639724556,1.0,0.88,25,22
1535,10,BCL6,1535,-1.0,9.060595634229918,0.3906226720590689,5.67201737237758e-15,-11.528634240089945,9.21692926033623,1.0,0.88,25,22
2808,10,BRCA1,2808,-1.0,7.640083402601865,0.5304695008894644,2.5861769240683916e-28,-5.273889000894338,4.270363817408067,1.0,1.0,13,13
2804,10,BRCA1,2804,-1.0,7.640083402601865,0.8696282579423177,3.7035532742346263e-115,-7.7303227795597795,6.340455891479028,1.0,1.0,13,13
2807,10,BRCA1,2807,-1.0,7.640083402601865,0.517613744515753,8.158293125938472e-27,-6.530024323238162,5.070896705037011,1.0,1.0,13,13
2809,10,BRCA1,2809,-1.0,7.640083402601865,0.6141379010520824,7.757617142669373e-40,-8.266886092112964,6.526203816522188,1.0,1.0,13,13
2810,10,BRCA1,2810,-1.0,7.640083402601865,0.7298225536204843,6.374391094557426e-63,-5.634459870585222,4.428577418938286,1.0,1.0,13,13
2805,10,BRCA1,2805,-1.0,7.640083402601865,0.5041937598845694,2.569068512700772e-25,-9.380147190806007,8.469325357225285,1.0,1.0,13,13
2801,10,BRCA1,2801,-1.0,7.640083402601865,0.7068757828343951,1.9050986646909022e-57,-11.410260506411252,8.784281044626661,1.0,1.0,13,13
2811,10,BRCA1,2811,-1.0,7.640083402601865,0.397802541259632,1.6181966551146207e-15,-8.823662145636026,7.145601074666301,1.0,1.0,13,13
2813,10,BRCA1,2813,-1.0,7.640083402601865,-0.1860618465609336,0.0003142948578944383,3.483715956848326,2.494729679119556,1.0,1.0,13,13
2802,10,BRCA1,2802,-1.0,7.640083402601865,0.6360626690511049,1.855339471047133e-43,-5.741380648569377,4.979342922467227,1.0,1.0,13,13
2803,10,BRCA1,2803,-1.0,7.640083402601865,0.40268108296105865,6.781100477662218e-16,-9.788616080808271,10.366488814722446,1.0,1.0,13,13
2806,10,BRCA1,2806,-1.0,7.640083402601865,0.45394736532898433,2.929050027958349e-20,-9.811129249762804,8.132247105494958,1.0,1.0,13,13
2812,10,BRCA1,2812,-1.0,7.640083402601865,0.17147933082199668,0.0009119269423176544,-8.905212680466494,7.237666803082478,1.0,1.0,13,13
6519,10,STAT4,6519,-1.0,8.892194679713727,0.26134883688139926,3.2912110391787296e-07,-11.737920308494896,9.018553127715256,0.8333333333333334,0.8,25,24
6523,10,STAT4,6523,-1.0,8.892194679713727,0.346834000333696,6.311444504498236e-12,-11.036084346200585,13.406007340446104,0.8333333333333334,0.8,25,24
6522,10,STAT4,6522,-1.0,8.892194679713727,0.42248312132670013,1.709897539625268e-17,-7.951038924378534,6.666371169067977,0.8333333333333334,0.8,25,24
6537,10,STAT4,6537,-1.0,8.892194679713727,0.20017436791630344,0.00010360911516089294,-11.464577672906577,8.863637788918945,0.8333333333333334,0.8,25,24
6521,10,STAT4,6521,-1.0,8.892194679713727,0.37887069749516505,4.14087736792593e-14,-3.7788266016146035,2.8685320095787215,0.8333333333333334,0.8,25,24
6533,10,STAT4,6533,-1.0,8.892194679713727,0.34309989495625526,1.093833896256105e-11,-4.764799743423534,3.7361681087327727,0.8333333333333334,0.8,25,24
6527,10,STAT4,6527,-1.0,8.892194679713727,0.18568256109339495,0.00032346083618032997,-10.7588829863253,8.87493897681377,0.8333333333333334,0.8,25,24
6534,10,STAT4,6534,-1.0,8.892194679713727,0.45490497888550235,2.3875277896135388e-20,-6.9981868784792,5.791049877163293,0.8333333333333334,0.8,25,24
6542,10,STAT4,6542,-1.0,8.892194679713727,0.3412941765345905,1.4233235049500424e-11,-8.609075493978825,7.512336493226729,0.8333333333333334,0.8,25,24
6532,10,STAT4,6532,-1.0,8.892194679713727,0.3760295814465018,6.616868414247229e-14,-3.848800767820844,3.0400129047421434,0.8333333333333334,0.8,25,24
6520,10,STAT4,6520,-1.0,8.892194679713727,0.59829110042135,2.1643041235745334e-37,-4.3841153012604765,3.4482845525501715,0.8333333333333334,0.8,25,24
6541,10,STAT4,6541,-1.0,8.892194679713727,0.39448414591445635,2.900220880009885e-15,-4.192204567115148,3.564954334892476,0.8333333333333334,0.8,25,24
6524,10,STAT4,6524,-1.0,8.892194679713727,0.21070717704923428,4.298324703749867e-05,-8.50102212988218,7.070056505991495,0.8333333333333334,0.8,25,24
6540,10,STAT4,6540,-1.0,8.892194679713727,0.3714927256619284,1.3855053368981398e-13,-5.4957589740564465,4.478248882218515,0.8333333333333334,0.8,25,24
6531,10,STAT4,6531,-1.0,8.892194679713727,0.418790845449397,3.459967379359129e-17,-6.142056916738638,4.8770285235022195,0.8333333333333334,0.8,25,24
6543,10,STAT4,6543,-1.0,8.892194679713727,0.49954222547040567,8.199381046142834e-25,-3.42588148665839,2.53958343329252,0.8333333333333334,0.8,25,24
6538,10,STAT4,6538,-1.0,8.892194679713727,0.2169068729628681,2.5077719834250896e-05,-2.775096424494676,1.8746264630032143,0.8333333333333334,0.8,25,24
6530,10,STAT4,6530,-1.0,8.892194679713727,0.24853843496570216,1.2515157538598599e-06,-5.284847147709452,4.391338428127861,0.8333333333333334,0.8,25,24
6529,10,STAT4,6529,-1.0,8.892194679713727,0.340308833309442,1.6420728674650043e-11,-5.5236804681310865,4.462546185119446,0.8333333333333334,0.8,25,24
6536,10,STAT4,6536,-1.0,8.892194679713727,0.1856256917729833,0.0003248564543571734,-7.595418652414847,5.923181332946591,0.8333333333333334,0.8,25,24
9365,10,ONECUT2,9365,-1.0,3.516773947871867,0.34919736709146326,4.439436337064469e-12,-3.193703651619696,2.24883978251289,0.75,0.6,10,8
9360,10,ONECUT2,9360,-1.0,3.516773947871867,0.3869057214766284,1.0728881826400405e-14,-4.2632870732875565,3.436076853489312,0.75,0.6,10,8
9361,10,ONECUT2,9361,-1.0,3.516773947871867,0.4605383315669378,7.07932003319777e-21,-2.9375141742393915,2.0818895445998638,0.75,0.6,10,8
9357,10,ONECUT2,9357,-1.0,3.516773947871867,0.37852478162885955,4.385134212212664e-14,-5.3121745313252,4.347846644944807,0.75,0.6,10,8
9359,10,ONECUT2,9359,-1.0,3.516773947871867,0.289923320416321,1.2846059884660712e-08,-5.817847645769456,4.620885167456102,0.75,0.6,10,8
9358,10,ONECUT2,9358,-1.0,3.516773947871867,0.3103657261295728,9.999782446550543e-10,-6.532945881474717,5.261258656843309,0.75,0.6,10,8
3506,10,ARID3A,3506,-1.0,8.30810948063051,0.6161154024209411,3.756270507582599e-40,-8.772313532019298,7.806811582633992,0.782608695652174,0.72,25,23
3505,10,ARID3A,3505,-1.0,8.30810948063051,0.2896446137468658,1.3282918622030445e-08,-4.815653398091685,3.8621956794336723,0.782608695652174,0.72,25,23
3504,10,ARID3A,3504,-1.0,8.30810948063051,0.4781093065937862,1.3772942140387198e-22,-11.602314782813206,8.905997627512049,0.782608695652174,0.72,25,23
3513,10,ARID3A,3513,-1.0,8.30810948063051,0.448749227446732,8.785810642752685e-20,-6.1760866687570655,4.843584997720594,0.782608695652174,0.72,25,23
3514,10,ARID3A,3514,-1.0,8.30810948063051,0.2982953303708021,4.625085959360873e-09,-8.57233042436473,6.813648153005924,0.782608695652174,0.72,25,23
3510,10,ARID3A,3510,-1.0,8.30810948063051,0.524924037157756,1.1670506198471478e-27,-7.506813978385482,6.225531104005743,0.782608695652174,0.72,25,23
3508,10,ARID3A,3508,-1.0,8.30810948063051,0.44114424832623256,4.237982849221858e-19,-8.224368181567625,6.821675973507293,0.782608695652174,0.72,25,23
3526,10,ARID3A,3526,-1.0,8.30810948063051,0.32288261655273226,1.8955493300539834e-10,-8.940466029847636,7.741770780025864,0.782608695652174,0.72,25,23
3507,10,ARID3A,3507,-1.0,8.30810948063051,0.3619060152231181,6.359941387240422e-13,-12.108182684584287,14.08267466524622,0.782608695652174,0.72,25,23
3511,10,ARID3A,3511,-1.0,8.30810948063051,0.6272392294912076,5.76194746836757e-42,-14.545843060650899,13.41435403843208,0.782608695652174,0.72,25,23
3525,10,ARID3A,3525,-1.0,8.30810948063051,0.4166751657317695,5.161529554438776e-17,-6.8524358438184185,5.4480507564434735,0.782608695652174,0.72,25,23
3519,10,ARID3A,3519,-1.0,8.30810948063051,0.27628220342766907,6.328606136255634e-08,-5.606082652411658,4.517988855336607,0.782608695652174,0.72,25,23
3516,10,ARID3A,3516,-1.0,8.30810948063051,0.26011298664980953,3.7555997869428255e-07,-7.542951041744397,7.284455347278238,0.782608695652174,0.72,25,23
3517,10,ARID3A,3517,-1.0,8.30810948063051,0.37339855288729307,1.0171703997066775e-13,-6.242313317825362,4.828869224217003,0.782608695652174,0.72,25,23
3518,10,ARID3A,3518,-1.0,8.30810948063051,0.4455685404559416,1.7048371584067545e-19,-6.489673607465466,5.081604349963795,0.782608695652174,0.72,25,23
3524,10,ARID3A,3524,-1.0,8.30810948063051,-0.3971057745859937,1.830096712132745e-15,4.424969549263312,3.357476471753199,0.782608695652174,0.72,25,23
3521,10,ARID3A,3521,-1.0,8.30810948063051,0.4754472584052621,2.5388168434433486e-22,-7.821647145357798,6.068689198274753,0.782608695652174,0.72,25,23
3528,10,ARID3A,3528,-1.0,8.30810948063051,0.43968186080176347,5.709697596154763e-19,-13.664151760568059,10.501744478152286,0.782608695652174,0.72,25,23
214,10,ZNF263,214,-1.0,9.11111575950546,0.45530306412838367,2.1926048634818625e-20,-6.038635466561039,4.745652307034567,0.9523809523809523,0.8,25,21
232,10,ZNF263,232,-1.0,9.11111575950546,0.27706709404822616,5.7871636997236195e-08,-7.836580086150512,6.3319845931750445,0.9523809523809523,0.8,25,21
217,10,ZNF263,217,-1.0,9.11111575950546,0.34272460444097697,1.1555227577340762e-11,-6.186174807190507,5.0019268504897365,0.9523809523809523,0.8,25,21
224,10,ZNF263,224,-1.0,9.11111575950546,0.5260080792034535,8.711757200525156e-28,-4.603227347163907,3.496239195496654,0.9523809523809523,0.8,25,21
221,10,ZNF263,221,-1.0,9.11111575950546,0.3131020334307005,6.997713563202092e-10,-4.190049332409525,3.102392013375941,0.9523809523809523,0.8,25,21
212,10,ZNF263,212,-1.0,9.11111575950546,0.37612029036253014,6.519046400338515e-14,-12.94779819637186,11.530529447218255,0.9523809523809523,0.8,25,21
213,10,ZNF263,213,-1.0,9.11111575950546,0.5058204104460952,1.704878832663682e-25,-11.296032151193256,8.681051594747327,0.9523809523809523,0.8,25,21
226,10,ZNF263,226,-1.0,9.11111575950546,0.11339671990919711,0.028973043773847514,-7.418313234026874,6.048218737115507,0.9523809523809523,0.8,25,21
211,10,ZNF263,211,-1.0,9.11111575950546,0.4433715517099571,2.6840339329978713e-19,-11.096247672354945,13.372624866781592,0.9523809523809523,0.8,25,21
225,10,ZNF263,225,-1.0,9.11111575950546,0.3525087125208854,2.6981952834537427e-12,-8.960134660474582,7.274165543062547,0.9523809523809523,0.8,25,21
208,10,ZNF263,208,-1.0,9.11111575950546,0.5877385515243093,7.759775043941323e-36,-12.342490470238438,9.507196648264877,0.9523809523809523,0.8,25,21
223,10,ZNF263,223,-1.0,9.11111575950546,0.27841480294310483,4.9600576718633664e-08,-3.0163452737586343,2.0766619178524772,0.9523809523809523,0.8,25,21
228,10,ZNF263,228,-1.0,9.11111575950546,0.32851103429314027,8.748584900598109e-11,-7.327229565568001,6.647077405500936,0.9523809523809523,0.8,25,21
216,10,ZNF263,216,-1.0,9.11111575950546,0.4926655026472434,4.4146650549770794e-24,-7.579500752837929,5.915858224927079,0.9523809523809523,0.8,25,21
220,10,ZNF263,220,-1.0,9.11111575950546,0.2310337291469367,6.925100139888672e-06,-5.271376117994936,4.191981474814672,0.9523809523809523,0.8,25,21
209,10,ZNF263,209,-1.0,9.11111575950546,0.5102973419467638,5.452657205086528e-26,-8.040094037000895,7.662782327070322,0.9523809523809523,0.8,25,21
230,10,ZNF263,230,-1.0,9.11111575950546,0.2770833088544592,5.7764637583957605e-08,-7.267197505302502,5.945365837367647,0.9523809523809523,0.8,25,21
218,10,ZNF263,218,-1.0,9.11111575950546,0.25027858917085943,1.0482426894662458e-06,-2.498035614169814,1.6118614666394082,0.9523809523809523,0.8,25,21
210,10,ZNF263,210,-1.0,9.11111575950546,0.5005661082350067,6.360664307993596e-25,-7.5854147559392455,6.290290150826014,0.9523809523809523,0.8,25,21
215,10,ZNF263,215,-1.0,9.11111575950546,0.5936750505831456,1.0528732604209263e-36,-6.118155426519891,4.986247010340765,0.9523809523809523,0.8,25,21
4697,10,NFE2L2,4697,-1.0,4.778268279806885,0.40929531392099866,2.0378533372094345e-16,-8.918229035249434,7.052987655689503,1.0,0.88,25,22
4682,10,NFE2L2,4682,-1.0,4.778268279806885,0.41389655893612076,8.690765640517499e-17,-4.089494201559867,3.0024064323906563,1.0,0.88,25,22
4683,10,NFE2L2,4683,-1.0,4.778268279806885,0.2755130576189615,6.906423409392747e-08,-3.527675330110536,2.542801288412814,1.0,0.88,25,22
4685,10,NFE2L2,4685,-1.0,4.778268279806885,0.6678631940348314,2.9079638057457827e-49,-8.937877062706375,7.0180362989293705,1.0,0.88,25,22
4696,10,NFE2L2,4696,-1.0,4.778268279806885,0.2854325240813373,2.1921829661619193e-08,-9.930776225841642,8.813185669663607,1.0,0.88,25,22
4687,10,NFE2L2,4687,-1.0,4.778268279806885,0.3488462812869386,4.678514709822908e-12,-6.986706328273692,5.93835058440253,1.0,0.88,25,22
4680,10,NFE2L2,4680,-1.0,4.778268279806885,0.22085553077640724,1.7647630981077774e-05,-6.385618575981389,5.263644636222678,1.0,0.88,25,22
4675,10,NFE2L2,4675,-1.0,4.778268279806885,0.23330427201394946,5.5877469891148255e-06,-8.241134688122411,6.755239304691221,1.0,0.88,25,22
4693,10,NFE2L2,4693,-1.0,4.778268279806885,0.5946171543250058,7.639280415782399e-37,-10.558862366186585,8.947843630964597,1.0,0.88,25,22
4691,10,NFE2L2,4691,-1.0,4.778268279806885,0.4717944620561785,5.825444005814412e-22,-9.719820666756082,7.680119345987107,1.0,0.88,25,22
4677,10,NFE2L2,4677,-1.0,4.778268279806885,-0.450985930718128,5.489222172300637e-20,5.6891674776713685,4.524935438957647,1.0,0.88,25,22
4690,10,NFE2L2,4690,-1.0,4.778268279806885,0.2694397901945072,1.3639228240609667e-07,-5.801285915404201,4.5268521050659745,1.0,0.88,25,22
4676,10,NFE2L2,4676,-1.0,4.778268279806885,0.28910999513555813,1.4161483990700499e-08,-12.132689283972445,20.38016765783416,1.0,0.88,25,22
4679,10,NFE2L2,4679,-1.0,4.778268279806885,0.4022096785943408,7.380255371328535e-16,-12.034215920856512,10.010425137369156,1.0,0.88,25,22
4695,10,NFE2L2,4695,-1.0,4.778268279806885,0.5013749685691257,5.2013962123003985e-25,-6.650900568625546,5.4000021307472545,1.0,0.88,25,22
4694,10,NFE2L2,4694,-1.0,4.778268279806885,0.2160669929994337,2.7001529113131697e-05,-2.478995041381456,1.5906638435622475,1.0,0.88,25,22
4674,10,NFE2L2,4674,-1.0,4.778268279806885,0.16639751654967724,0.0012968286409066263,-3.891466217605885,2.981849398842298,1.0,0.88,25,22
4684,10,NFE2L2,4684,-1.0,4.778268279806885,0.3027069326521548,2.6640547713524156e-09,-2.737975392836193,1.8334667629239065,1.0,0.88,25,22
4689,10,NFE2L2,4689,-1.0,4.778268279806885,0.28336595877679266,2.7946256309044308e-08,-5.8966887430641135,4.901982238999915,1.0,0.88,25,22
4688,10,NFE2L2,4688,-1.0,4.778268279806885,0.23389035501025762,5.284810867103837e-06,-4.1840031908840265,3.2001837119637138,1.0,0.88,25,22
4678,10,NFE2L2,4678,-1.0,4.778268279806885,0.5174842610630803,8.440616588055521e-27,-4.4476976017014636,3.4613338790294583,1.0,0.88,25,22
4673,10,NFE2L2,4673,-1.0,4.778268279806885,0.49347882792800624,3.6248220249017524e-24,-11.802252088441264,9.073503394751038,1.0,0.88,25,22
7252,10,ZNF350,7252,-1.0,9.083652761574113,0.21345311923522517,3.3922703389016254e-05,-4.080646600096388,3.2562302733681165,1.0,1.0,12,12
7249,10,ZNF350,7249,-1.0,9.083652761574113,0.24556971544190048,1.6882814248013903e-06,-5.186279567637755,4.0803120487244575,1.0,1.0,12,12
7242,10,ZNF350,7242,-1.0,9.083652761574113,0.5429346919304315,7.883855651084147e-30,-12.32684592505819,9.553669452116349,1.0,1.0,12,12
7245,10,ZNF350,7245,-1.0,9.083652761574113,0.15710901754724033,0.002407034727630285,-2.9231041558696167,2.048826132599681,1.0,1.0,12,12
7246,10,ZNF350,7246,-1.0,9.083652761574113,0.21034880633176434,4.4321934795204844e-05,-5.345753438568417,4.307676359163775,1.0,1.0,12,12
7248,10,ZNF350,7248,-1.0,9.083652761574113,0.39688581721448435,1.902474662793853e-15,-7.1990147495099865,5.58338666009488,1.0,1.0,12,12
7247,10,ZNF350,7247,-1.0,9.083652761574113,0.40061498765089765,9.818177309560297e-16,-7.34481688874763,6.18841469789253,1.0,1.0,12,12
7250,10,ZNF350,7250,-1.0,9.083652761574113,0.5373967481088602,3.7845290654195033e-29,-7.465128267906812,5.823984741151652,1.0,1.0,12,12
7251,10,ZNF350,7251,-1.0,9.083652761574113,0.2927585615351897,9.122786569095429e-09,-6.5826473671569135,5.625039853797241,1.0,1.0,12,12
7244,10,ZNF350,7244,-1.0,9.083652761574113,0.14327332288379155,0.005699207615679906,-3.536658433307488,2.5960413769721824,1.0,1.0,12,12
7243,10,ZNF350,7243,-1.0,9.083652761574113,0.459077824020003,9.723234494932204e-21,-9.233726264947991,9.290134532895241,1.0,1.0,12,12
7253,10,ZNF350,7253,-1.0,9.083652761574113,0.12481335348042592,0.016155859906523958,-4.447401208082819,3.4737725498001253,1.0,1.0,12,12
5368,10,TBX20,5368,-1.0,5.836088943762596,0.3289745425922267,8.203053743434044e-11,-8.425389748656492,7.037324160656159,1.0,1.0,18,18
5371,10,TBX20,5371,-1.0,5.836088943762596,0.18010109367937197,0.0004906099572295327,-3.592541329953705,2.5660580354027713,1.0,1.0,18,18
5374,10,TBX20,5374,-1.0,5.836088943762596,0.4771443891797836,1.7201618174716907e-22,-4.323163358823006,3.6261691977506945,1.0,1.0,18,18
5364,10,TBX20,5364,-1.0,5.836088943762596,0.41701933733862806,4.837309754614502e-17,-12.137001482582601,9.345306923436627,1.0,1.0,18,18
5365,10,TBX20,5365,-1.0,5.836088943762596,0.3363843100794526,2.8874793956709497e-11,-3.969500136898656,3.029268344139549,1.0,1.0,18,18
5367,10,TBX20,5367,-1.0,5.836088943762596,0.4111042878730928,1.459965338759005e-16,-11.500288464901079,15.273691158842308,1.0,1.0,18,18
5366,10,TBX20,5366,-1.0,5.836088943762596,0.5276559159654437,5.574447396928676e-28,-3.7669762531807645,2.8542829438893564,1.0,1.0,18,18
5372,10,TBX20,5372,-1.0,5.836088943762596,0.31937849431942034,3.043114789972671e-10,-4.146038561307603,3.0986312643876794,1.0,1.0,18,18
5376,10,TBX20,5376,-1.0,5.836088943762596,0.45436282038513065,2.6806812685196597e-20,-2.096317136690804,1.3113624239647794,1.0,1.0,18,18
5378,10,TBX20,5378,-1.0,5.836088943762596,0.21268299491781936,3.626254774102503e-05,-2.8825039732708633,1.9451616357222008,1.0,1.0,18,18
5381,10,TBX20,5381,-1.0,5.836088943762596,0.3733445984832907,1.0261373946609768e-13,-8.359393908660563,8.547371704021506,1.0,1.0,18,18
5370,10,TBX20,5370,-1.0,5.836088943762596,0.3286422248058349,8.590693333982596e-11,-8.17076779278944,6.418844804264101,1.0,1.0,18,18
5380,10,TBX20,5380,-1.0,5.836088943762596,-0.32675576793660943,1.1153245976551448e-10,2.8377134926934815,1.9664231811853836,1.0,1.0,18,18
5373,10,TBX20,5373,-1.0,5.836088943762596,0.5036233979032004,2.9647766905408065e-25,-7.286768752016227,6.201687121701827,1.0,1.0,18,18
5369,10,TBX20,5369,-1.0,5.836088943762596,0.5125180446307513,3.078242390587195e-26,-8.751970702844652,8.684619827069994,1.0,1.0,18,18
5375,10,TBX20,5375,-1.0,5.836088943762596,0.40135729198091247,8.59829807030193e-16,-3.9352321932071663,2.933512616094524,1.0,1.0,18,18
5377,10,TBX20,5377,-1.0,5.836088943762596,0.41520214031191116,6.807659639955342e-17,-3.0256347235329577,2.114288065083161,1.0,1.0,18,18
5379,10,TBX20,5379,-1.0,5.836088943762596,0.2680537145792945,1.5893819123532655e-07,-5.2172401040694,4.658730137740345,1.0,1.0,18,18
3000,10,TEAD1,3000,-1.0,8.998655079736707,0.31071446196217956,9.556963521636119e-10,-7.797816512891985,6.461049070650006,1.0,0.96,25,24
3002,10,TEAD1,3002,-1.0,8.998655079736707,0.31637342933751944,4.54481172769015e-10,-3.97760680954509,3.076787341726814,1.0,0.96,25,24
3003,10,TEAD1,3003,-1.0,8.998655079736707,0.4274307522025112,6.559253665141628e-18,-5.995171879624332,4.687392905030149,1.0,0.96,25,24
3014,10,TEAD1,3014,-1.0,8.998655079736707,0.3028888204785953,2.6036278893961283e-09,-3.9721051714640208,3.108991497292243,1.0,0.96,25,24
3018,10,TEAD1,3018,-1.0,8.998655079736707,0.5856473115146275,1.553079656097259e-35,-5.517132423784622,4.288142036058973,1.0,0.96,25,24
3010,10,TEAD1,3010,-1.0,8.998655079736707,0.42139038438490667,2.1084054090459183e-17,-2.1842301847299397,1.345538730075999,1.0,0.96,25,24
2997,10,TEAD1,2997,-1.0,8.998655079736707,0.6720630638463871,4.392827748647874e-50,-12.068115938188713,9.27697005912629,1.0,0.96,25,24
3006,10,TEAD1,3006,-1.0,8.998655079736707,0.4108089308332766,1.541876080124939e-16,-2.5767976986820775,1.7056359553655829,1.0,0.96,25,24
3017,10,TEAD1,3017,-1.0,8.998655079736707,0.50751544519043,1.1094457084373929e-25,-5.500534510942352,4.445492884891445,1.0,0.96,25,24
3016,10,TEAD1,3016,-1.0,8.998655079736707,0.2791917036591413,4.536411240534796e-08,-2.5404046996804475,1.6897325050273626,1.0,0.96,25,24
3009,10,TEAD1,3009,-1.0,8.998655079736707,0.47521813614327313,2.6753684628215414e-22,-10.725041940739152,8.326460706734164,1.0,0.96,25,24
3021,10,TEAD1,3021,-1.0,8.998655079736707,0.533834660675805,1.022362207313454e-28,-4.274007421704521,3.2371839801322917,1.0,0.96,25,24
3008,10,TEAD1,3008,-1.0,8.998655079736707,0.2944933108049359,7.385379967596066e-09,-5.120632232876967,4.182820744741815,1.0,0.96,25,24
2999,10,TEAD1,2999,-1.0,8.998655079736707,0.32830306177841173,9.004693142319861e-11,-11.492284761702114,16.50940816935993,1.0,0.96,25,24
3015,10,TEAD1,3015,-1.0,8.998655079736707,0.39094250323708635,5.3672828828140035e-15,-9.125382492990619,7.551681296863121,1.0,0.96,25,24
2998,10,TEAD1,2998,-1.0,8.998655079736707,0.3376735748007812,2.4008898248894795e-11,-4.016901904065167,3.1075930521707513,1.0,0.96,25,24
3005,10,TEAD1,3005,-1.0,8.998655079736707,0.6143698432803728,7.126897634438103e-40,-10.65659062525375,8.263734890370108,1.0,0.96,25,24
3004,10,TEAD1,3004,-1.0,8.998655079736707,0.433216853058606,2.096378187135176e-18,-14.200576167169599,13.485385618982356,1.0,0.96,25,24
3019,10,TEAD1,3019,-1.0,8.998655079736707,0.19843327372237904,0.00011931713348712749,-6.540478522918583,5.422409794580128,1.0,0.96,25,24
3001,10,TEAD1,3001,-1.0,8.998655079736707,0.26455208360260096,2.3302886301786418e-07,-6.8217304895736195,5.629117942384289,1.0,0.96,25,24
3011,10,TEAD1,3011,-1.0,8.998655079736707,0.4964783320839316,1.7440964189237296e-24,-4.923341119409713,3.9717956885928123,1.0,0.96,25,24
3007,10,TEAD1,3007,-1.0,8.998655079736707,0.5768093021288396,2.7602830966593196e-34,-10.081024312728877,8.115333822741427,1.0,0.96,25,24
3020,10,TEAD1,3020,-1.0,8.998655079736707,0.1315225233058465,0.011219768293839253,-2.5988701007931128,1.7149653011183064,1.0,0.96,25,24
3013,10,TEAD1,3013,-1.0,8.998655079736707,0.1625106629975772,0.0016865084590580082,-3.702633259569216,2.7236705064077387,1.0,0.96,25,24
2965,10,MGA,2965,-1.0,9.041251094443815,0.46866124449812824,1.1783967058689963e-21,-7.880088888506657,7.031957600229268,1.0,0.8888888888888888,9,8
2964,10,MGA,2964,-1.0,9.041251094443815,0.5670444638186575,6.0030403502302526e-33,-14.309099811827975,25.229561679826414,1.0,0.8888888888888888,9,8
2970,10,MGA,2970,-1.0,9.041251094443815,0.8043493280255302,1.9121160773245824e-85,-15.340631378993548,12.797843177841807,1.0,0.8888888888888888,9,8
2967,10,MGA,2967,-1.0,9.041251094443815,0.29652862148297326,5.753550022501543e-09,-3.1361539690064735,2.2302772477081336,1.0,0.8888888888888888,9,8
2963,10,MGA,2963,-1.0,9.041251094443815,0.8356829135891828,4.567926887787961e-98,-11.744410856417849,8.994062058849316,1.0,0.8888888888888888,9,8
2971,10,MGA,2971,-1.0,9.041251094443815,0.5052282175228006,1.9798671705977695e-25,-4.1647437840823525,3.0747751991626564,1.0,0.8888888888888888,9,8
2968,10,MGA,2968,-1.0,9.041251094443815,0.38970947297179803,6.638531225510105e-15,-5.670024115912832,4.869586702330262,1.0,0.8888888888888888,9,8
2966,10,MGA,2966,-1.0,9.041251094443815,0.22089783027092827,1.7580718410406496e-05,-3.6053133315232886,2.6621959141938816,1.0,0.8888888888888888,9,8
7121,10,IRF2,7121,-1.0,8.7818534136818,0.27976157184921646,4.24809981982964e-08,-2.872043759396167,1.9254326717132546,1.0,0.88,25,22
7119,10,IRF2,7119,-1.0,8.7818534136818,0.4572265161431321,1.450637123560221e-20,-12.809932783609922,10.737747632400625,1.0,0.88,25,22
7133,10,IRF2,7133,-1.0,8.7818534136818,0.30042651990308716,3.5472058935845982e-09,-10.310371726978863,9.393334916943353,1.0,0.88,25,22
7131,10,IRF2,7131,-1.0,8.7818534136818,0.48648460650895226,1.9412328169604573e-23,-7.91090659999252,6.188616763317277,1.0,0.88,25,22
7117,10,IRF2,7117,-1.0,8.7818534136818,0.48622681458956574,2.063576344087875e-23,-11.163327012996834,12.156711051775385,1.0,0.88,25,22
7128,10,IRF2,7128,-1.0,8.7818534136818,0.576761127704524,2.8032518944674116e-34,-8.342122006487108,6.658365723750199,1.0,0.88,25,22
7130,10,IRF2,7130,-1.0,8.7818534136818,0.43843520069935166,7.35321866061418e-19,-9.543105962639615,7.378336468345539,1.0,0.88,25,22
7135,10,IRF2,7135,-1.0,8.7818534136818,0.4004117150800048,1.0180847862444948e-15,-7.455101690248595,5.7919200788949565,1.0,0.88,25,22
7134,10,IRF2,7134,-1.0,8.7818534136818,0.4711132051971979,6.793955933776095e-22,-6.101527065193703,5.0891075245079795,1.0,0.88,25,22
7118,10,IRF2,7118,-1.0,8.7818534136818,0.3559977158272959,1.5865948147771335e-12,-4.5383621562938465,3.640951764743343,1.0,0.88,25,22
7129,10,IRF2,7129,-1.0,8.7818534136818,0.2917010741721637,1.0369533995143636e-08,-2.3128872794665796,1.4750780486272583,1.0,0.88,25,22
7120,10,IRF2,7120,-1.0,8.7818534136818,0.3750656229658056,7.749388971003398e-14,-6.304749474725656,4.954180074784325,1.0,0.88,25,22
7116,10,IRF2,7116,-1.0,8.7818534136818,0.33195397814996114,5.408843794841506e-11,-7.766535964184588,6.423083537607836,1.0,0.88,25,22
7113,10,IRF2,7113,-1.0,8.7818534136818,0.31232254774555446,7.749650263414713e-10,-4.375044361072937,3.4328846654767093,1.0,0.88,25,22
7123,10,IRF2,7123,-1.0,8.7818534136818,0.5312395866869392,2.093250245335232e-28,-9.647726137549197,8.06477062595004,1.0,0.88,25,22
7112,10,IRF2,7112,-1.0,8.7818534136818,0.6029228950714041,4.3115615708191827e-38,-11.71119200626497,9.012772978402237,1.0,0.88,25,22
7126,10,IRF2,7126,-1.0,8.7818534136818,0.46262440163840046,4.4873569704648e-21,-2.9139322081956665,1.983303077459539,1.0,0.88,25,22
7127,10,IRF2,7127,-1.0,8.7818534136818,0.3316649316040674,5.632967793467153e-11,-6.417655395582691,5.3643718045030235,1.0,0.88,25,22
7136,10,IRF2,7136,-1.0,8.7818534136818,0.5809924871397787,7.147718246483862e-35,-7.413414484932187,6.175354275348431,1.0,0.88,25,22
7115,10,IRF2,7115,-1.0,8.7818534136818,0.34040988210190887,1.618211121780075e-11,-8.24571969880256,7.007158752524189,1.0,0.88,25,22
7114,10,IRF2,7114,-1.0,8.7818534136818,0.2906699064946174,1.1743222579891247e-08,-4.152001372749003,3.2430755275018197,1.0,0.88,25,22
7124,10,IRF2,7124,-1.0,8.7818534136818,0.4581263203904714,1.1946562017215633e-20,-6.58523000970309,5.65045841676852,1.0,0.88,25,22
6513,10,EOMES,6513,-1.0,3.315223190049092,0.3026463033766747,2.6844976734716656e-09,-3.362257331679496,2.420811561711647,1.0,0.8235294117647058,17,14
6516,10,EOMES,6516,-1.0,3.315223190049092,0.22266829911382557,1.498635639363808e-05,-4.518167600479301,3.4093719585793436,1.0,0.8235294117647058,17,14
6503,10,EOMES,6503,-1.0,3.315223190049092,0.7853975094997615,7.145381209132135e-79,-3.827112025552651,2.8839217370389685,1.0,0.8235294117647058,17,14
6506,10,EOMES,6506,-1.0,3.315223190049092,0.22788547176861237,9.291530623970024e-06,-11.751812997008571,10.46483637706958,1.0,0.8235294117647058,17,14
6508,10,EOMES,6508,-1.0,3.315223190049092,0.30534783109341845,1.906303770755279e-09,-2.334828956904243,1.5136911173418186,1.0,0.8235294117647058,17,14
6504,10,EOMES,6504,-1.0,3.315223190049092,0.3271071610694252,1.0625324562079959e-10,-3.920004347292215,2.9904925902974746,1.0,0.8235294117647058,17,14
6512,10,EOMES,6512,-1.0,3.315223190049092,0.2870399048731368,1.8124531812877443e-08,-4.395321222102061,3.3454265541724673,1.0,0.8235294117647058,17,14
6509,10,EOMES,6509,-1.0,3.315223190049092,0.5529110277132189,4.3359699927592415e-31,-10.556932613265957,9.0987834128973,1.0,0.8235294117647058,17,14
6511,10,EOMES,6511,-1.0,3.315223190049092,0.2957033113454295,6.368086976438318e-09,-7.811345158080596,6.605539230174485,1.0,0.8235294117647058,17,14
6502,10,EOMES,6502,-1.0,3.315223190049092,0.2031090128472965,8.144795940163424e-05,-12.14616009997278,9.32566793739783,1.0,0.8235294117647058,17,14
6507,10,EOMES,6507,-1.0,3.315223190049092,0.4181361432730879,3.917030251849316e-17,-6.498886599143811,5.989396355716575,1.0,0.8235294117647058,17,14
6517,10,EOMES,6517,-1.0,3.315223190049092,0.41397222803187506,8.568871134821807e-17,-6.852150211119919,5.764502717902317,1.0,0.8235294117647058,17,14
6505,10,EOMES,6505,-1.0,3.315223190049092,0.24814434467508112,1.3025357308053156e-06,-8.372620139605415,7.150766340398586,1.0,0.8235294117647058,17,14
6518,10,EOMES,6518,-1.0,3.315223190049092,0.4045650554475875,4.827915846558127e-16,-4.046493241021157,3.2231011558678735,1.0,0.8235294117647058,17,14
4712,10,ZFX,4712,-1.0,9.281509539512339,0.3213478498931938,2.3340218749171503e-10,-5.036845130834661,4.040413536219512,1.0,0.88,25,22
4714,10,ZFX,4714,-1.0,9.281509539512339,0.4067021199096671,3.275391843430622e-16,-5.124862016205139,4.00263869437107,1.0,0.88,25,22
4706,10,ZFX,4706,-1.0,9.281509539512339,0.5509441012179905,7.740926014810188e-31,-7.192164580258346,5.910621287022849,1.0,0.88,25,22
4721,10,ZFX,4721,-1.0,9.281509539512339,0.6297978789153469,2.1519029391431707e-42,-9.810786959879684,7.819465793268805,1.0,0.88,25,22
4708,10,ZFX,4708,-1.0,9.281509539512339,-0.2541978723354256,6.998498464940739e-07,5.5614490848598575,4.415637982582145,1.0,0.88,25,22
4704,10,ZFX,4704,-1.0,9.281509539512339,0.4891544096048053,1.0276891250904487e-23,-7.703547222583033,6.3644934274380445,1.0,0.88,25,22
4703,10,ZFX,4703,-1.0,9.281509539512339,0.4008405849550098,9.43050698404463e-16,-8.12689260568022,7.767863175503289,1.0,0.88,25,22
4711,10,ZFX,4711,-1.0,9.281509539512339,0.27508442274114825,7.250181933490525e-08,-3.9715759693955603,3.0257900816786836,1.0,0.88,25,22
4715,10,ZFX,4715,-1.0,9.281509539512339,0.44150191405212713,3.939149960586926e-19,-9.354939145823943,7.418447797266487,1.0,0.88,25,22
4709,10,ZFX,4709,-1.0,9.281509539512339,0.32144795869689363,2.3026391246255017e-10,-3.380999116345151,2.4680712921890655,1.0,0.88,25,22
4726,10,ZFX,4726,-1.0,9.281509539512339,0.35842617680718714,1.0921385779076362e-12,-6.999348326830459,5.754981992080811,1.0,0.88,25,22
4718,10,ZFX,4718,-1.0,9.281509539512339,0.3914975666040791,4.876073619607206e-15,-2.2196971789915985,1.3879074413277206,1.0,0.88,25,22
4702,10,ZFX,4702,-1.0,9.281509539512339,0.7666205288846798,5.473029734011995e-73,-12.059081509573133,9.254004776865214,1.0,0.88,25,22
4716,10,ZFX,4716,-1.0,9.281509539512339,0.2586245144370525,4.398778338231785e-07,-5.214875371393154,4.026539594293196,1.0,0.88,25,22
4710,10,ZFX,4710,-1.0,9.281509539512339,0.48963427387042724,9.161317589063586e-24,-6.090939650449018,4.805232871008944,1.0,0.88,25,22
4713,10,ZFX,4713,-1.0,9.281509539512339,0.5536883984236389,3.444654431862959e-31,-8.326647757871653,6.602700236333491,1.0,0.88,25,22
4722,10,ZFX,4722,-1.0,9.281509539512339,0.6094776717418227,4.200040298868402e-39,-10.072383507474406,7.937531435050092,1.0,0.88,25,22
4720,10,ZFX,4720,-1.0,9.281509539512339,0.24565337444217544,1.674186165000698e-06,-5.271677950357426,4.39930514516037,1.0,0.88,25,22
4725,10,ZFX,4725,-1.0,9.281509539512339,-0.30534172116643205,1.9077878032233138e-09,4.960280163153577,3.967442054526075,1.0,0.88,25,22
4705,10,ZFX,4705,-1.0,9.281509539512339,0.4358542265419928,1.2373619095886013e-18,-10.559865134986024,13.793489121663425,1.0,0.88,25,22
4724,10,ZFX,4724,-1.0,9.281509539512339,0.5207511920232554,3.5616781464723225e-27,-5.723984617681422,4.476299293722094,1.0,0.88,25,22
4707,10,ZFX,4707,-1.0,9.281509539512339,0.6979646893219627,1.8431526539485127e-55,-9.36480619356339,7.296518357220202,1.0,0.88,25,22
452,10,NF1,452,-1.0,9.097074328810285,0.23864975313545003,3.3428519852137826e-06,-6.848874308810196,6.404500489394493,1.0,0.875,24,21
447,10,NF1,447,-1.0,9.097074328810285,0.18434472208057115,0.0003578191420180408,-2.8834734596231772,1.9588064223866641,1.0,0.875,24,21
441,10,NF1,441,-1.0,9.097074328810285,0.4461891680394419,1.498799033160343e-19,-10.937309917330627,9.733655368975425,1.0,0.875,24,21
439,10,NF1,439,-1.0,9.097074328810285,0.3964292176708489,2.0617991280720025e-15,-8.617601624741754,7.11699750029419,1.0,0.875,24,21
436,10,NF1,436,-1.0,9.097074328810285,0.5052047178036223,1.9916385561864728e-25,-8.855813329464404,7.421881505306734,1.0,0.875,24,21
451,10,NF1,451,-1.0,9.097074328810285,0.3633300982053265,5.087771172990833e-13,-5.041471535567582,3.9468810613461685,1.0,0.875,24,21
432,10,NF1,432,-1.0,9.097074328810285,0.2757332499876627,6.7360007329265e-08,-7.837083269335536,7.3523128831906215,1.0,0.875,24,21
443,10,NF1,443,-1.0,9.097074328810285,0.5015011620611135,5.040412079866633e-25,-4.904486977921593,3.83344329303627,1.0,0.875,24,21
445,10,NF1,445,-1.0,9.097074328810285,0.3788479027675619,4.1565545355290905e-14,-6.628397967238693,5.640480239999916,1.0,0.875,24,21
433,10,NF1,433,-1.0,9.097074328810285,0.4666689383061873,1.837431889294557e-21,-11.195069298449857,15.645627367101474,1.0,0.875,24,21
435,10,NF1,435,-1.0,9.097074328810285,0.5135908275896104,2.3318301188484695e-26,-7.805379150839934,6.434999727938912,1.0,0.875,24,21
438,10,NF1,438,-1.0,9.097074328810285,0.24255352648535852,2.2795408342536364e-06,-4.177166794017488,3.187278507504959,1.0,0.875,24,21
440,10,NF1,440,-1.0,9.097074328810285,0.4026056488624961,6.873662910976594e-16,-5.248284585605806,4.2759387277080245,1.0,0.875,24,21
434,10,NF1,434,-1.0,9.097074328810285,0.3199766412791367,2.80810496678131e-10,-3.8081233162308896,2.8908905910543434,1.0,0.875,24,21
448,10,NF1,448,-1.0,9.097074328810285,-0.21538268117695997,2.8671489620331326e-05,2.250241015172979,1.4293330004049385,1.0,0.875,24,21
437,10,NF1,437,-1.0,9.097074328810285,0.5956556069154975,5.357318987899603e-37,-13.985277046697963,12.89854944863143,1.0,0.875,24,21
449,10,NF1,449,-1.0,9.097074328810285,0.436667316825564,1.0507549129731065e-18,-7.46827475955647,6.40425602513754,1.0,0.875,24,21
446,10,NF1,446,-1.0,9.097074328810285,0.37622627409602455,6.406544476698238e-14,-6.493688106764068,5.272068504476123,1.0,0.875,24,21
431,10,NF1,431,-1.0,9.097074328810285,0.7885274370971268,6.537540490794066e-80,-12.096668159231267,9.318594244142464,1.0,0.875,24,21
454,10,NF1,454,-1.0,9.097074328810285,-0.26853998594716794,1.5064769980689677e-07,2.6338919957251266,1.7291995447642814,1.0,0.875,24,21
442,10,NF1,442,-1.0,9.097074328810285,0.5997739327015043,1.294915620209736e-37,-7.388323688992561,6.015664834167711,1.0,0.875,24,21
4881,10,DLX4,4881,-1.0,14.957666388699517,0.40478569349121635,4.638947988487536e-16,-10.39920717187769,8.32351616311928,0.8571428571428571,0.75,16,14
4880,10,DLX4,4880,-1.0,14.957666388699517,0.36232965835829584,5.952090641142637e-13,-8.114349506949342,6.6820143240564835,0.8571428571428571,0.75,16,14
4889,10,DLX4,4889,-1.0,14.957666388699517,0.2573921313272951,5.010174583212588e-07,-4.498313375386891,4.257506205233492,0.8571428571428571,0.75,16,14
4885,10,DLX4,4885,-1.0,14.957666388699517,0.3233028207860006,1.7902087578094381e-10,-8.074762894917496,7.505646541615215,0.8571428571428571,0.75,16,14
4879,10,DLX4,4879,-1.0,14.957666388699517,0.46272213314753446,4.3921890275125895e-21,-5.5889518332406,4.391486518119413,0.8571428571428571,0.75,16,14
4875,10,DLX4,4875,-1.0,14.957666388699517,0.41972875600461523,2.8951596702728743e-17,-11.316657063615589,8.745039028909195,0.8571428571428571,0.75,16,14
4886,10,DLX4,4886,-1.0,14.957666388699517,0.22273528221128708,1.4895724232387314e-05,-6.085500286684743,4.787228922521709,0.8571428571428571,0.75,16,14
4882,10,DLX4,4882,-1.0,14.957666388699517,0.43698115050214853,9.863880336084462e-19,-5.611451795830077,4.7659228075571605,0.8571428571428571,0.75,16,14
4877,10,DLX4,4877,-1.0,14.957666388699517,0.2682719209115191,1.5516502092366015e-07,-4.544232943800076,3.6126931553187136,0.8571428571428571,0.75,16,14
4876,10,DLX4,4876,-1.0,14.957666388699517,0.4675020587025581,1.5264824075226778e-21,-12.105061041058928,14.218503505994748,0.8571428571428571,0.75,16,14
4878,10,DLX4,4878,-1.0,14.957666388699517,0.46375057390344393,3.503752901066147e-21,-6.941059243377658,5.81825819664022,0.8571428571428571,0.75,16,14
4890,10,DLX4,4890,-1.0,14.957666388699517,0.42899840703901027,4.825864436049814e-18,-6.656275453444759,5.438828785176602,0.8571428571428571,0.75,16,14
360,10,BHLHE41,360,-1.0,11.600823969439498,0.37712067340795286,5.529845738604326e-14,-4.323773643239963,3.4603081785338574,1.0,0.7272727272727273,11,8
353,10,BHLHE41,353,-1.0,11.600823969439498,0.5965554111628367,3.9351753110206684e-37,-3.8313300815326707,2.9094603084144546,1.0,0.7272727272727273,11,8
355,10,BHLHE41,355,-1.0,11.600823969439498,0.3538254017864487,2.2099322113050897e-12,-7.847847569912303,6.144322549217141,1.0,0.7272727272727273,11,8
357,10,BHLHE41,357,-1.0,11.600823969439498,0.26359188507697334,2.5856199837018395e-07,-4.7537612772735764,3.6124818287798677,1.0,0.7272727272727273,11,8
350,10,BHLHE41,350,-1.0,11.600823969439498,0.421487673222305,2.0695075915977315e-17,-11.28855312845774,8.61818770530507,1.0,0.7272727272727273,11,8
352,10,BHLHE41,352,-1.0,11.600823969439498,0.1391075276650444,0.007287402361965537,-5.025200211691922,3.9286181436901804,1.0,0.7272727272727273,11,8
358,10,BHLHE41,358,-1.0,11.600823969439498,0.515241447864698,1.5180694453168605e-26,-3.7926027566876757,2.8340850858939346,1.0,0.7272727272727273,11,8
351,10,BHLHE41,351,-1.0,11.600823969439498,0.4148398376639399,7.285783428987031e-17,-9.806479900940877,9.050816266288196,1.0,0.7272727272727273,11,8
582,10,GATA3,582,-1.0,9.078108457024513,0.46600789120570013,2.1278623164392923e-21,-7.74031866123693,6.386709700959662,0.9047619047619048,0.76,25,21
584,10,GATA3,584,-1.0,9.078108457024513,0.2848462060878373,2.348988107686097e-08,-12.533990554784223,10.458235593292056,0.9047619047619048,0.76,25,21
597,10,GATA3,597,-1.0,9.078108457024513,0.3625003231211387,5.795114658305519e-13,-9.869256216131836,8.043979125820123,0.9047619047619048,0.76,25,21
600,10,GATA3,600,-1.0,9.078108457024513,0.1735705708316786,0.0007866711969382629,-11.096646353915684,8.779823235400128,0.9047619047619048,0.76,25,21
590,10,GATA3,590,-1.0,9.078108457024513,0.17691552085952575,0.0006189424196500066,-5.4952069739092035,4.218864370188437,0.9047619047619048,0.76,25,21
589,10,GATA3,589,-1.0,9.078108457024513,0.3987408850464237,1.3704406847031222e-15,-5.553322859982959,4.673597505316069,0.9047619047619048,0.76,25,21
595,10,GATA3,595,-1.0,9.078108457024513,0.3352594486495887,3.389550162071062e-11,-2.4869908181534255,1.6080347945648628,0.9047619047619048,0.76,25,21
578,10,GATA3,578,-1.0,9.078108457024513,0.2933763691523886,8.462930305993667e-09,-9.169810711781233,9.65274465615035,0.9047619047619048,0.76,25,21
580,10,GATA3,580,-1.0,9.078108457024513,0.4933559243967035,3.734549927644369e-24,-12.695658849021473,16.385306029555746,0.9047619047619048,0.76,25,21
592,10,GATA3,592,-1.0,9.078108457024513,0.44895109003447403,8.421861704620944e-20,-5.502387018029366,4.397253508001144,0.9047619047619048,0.76,25,21
591,10,GATA3,591,-1.0,9.078108457024513,0.5984071890340911,2.0791979779210774e-37,-8.813666668174184,8.864466353666131,0.9047619047619048,0.76,25,21
593,10,GATA3,593,-1.0,9.078108457024513,0.2860862862688791,2.0292705893728028e-08,-6.683950948496739,5.309735431650723,0.9047619047619048,0.76,25,21
577,10,GATA3,577,-1.0,9.078108457024513,0.825841466194479,7.851194334177791e-94,-4.449210423767727,3.501996973049976,0.9047619047619048,0.76,25,21
598,10,GATA3,598,-1.0,9.078108457024513,0.37750371883056,5.191366433280382e-14,-7.35367234046401,6.362784838559083,0.9047619047619048,0.76,25,21
596,10,GATA3,596,-1.0,9.078108457024513,0.28738464575348327,1.7397280138043666e-08,-5.244026879949845,4.074321307966962,0.9047619047619048,0.76,25,21
576,10,GATA3,576,-1.0,9.078108457024513,0.2827208914853468,3.013443888622077e-08,-11.94197742623808,9.174166937415668,0.9047619047619048,0.76,25,21
588,10,GATA3,588,-1.0,9.078108457024513,0.23090471568864757,7.009594814453004e-06,-6.288823477894517,5.175342477038876,0.9047619047619048,0.76,25,21
585,10,GATA3,585,-1.0,9.078108457024513,0.23704448731837655,3.905459624064607e-06,-6.751007615726542,5.31658021609054,0.9047619047619048,0.76,25,21
579,10,GATA3,579,-1.0,9.078108457024513,0.5523106098882118,5.177240775412781e-31,-3.9994072516200587,3.0895277419218683,0.9047619047619048,0.76,25,21
5385,10,FOS,5385,-1.0,4.660874610861767,0.5089827676559265,7.633795450344848e-26,-4.03613214817724,3.08172683369502,0.9,0.8181818181818182,11,10
5382,10,FOS,5382,-1.0,4.660874610861767,0.22728270397168757,9.82481525303112e-06,-11.708680727964374,9.06033638024817,0.9,0.8181818181818182,11,10
5389,10,FOS,5389,-1.0,4.660874610861767,0.003752670155591641,0.9425717694982746,-2.853095413606654,1.9637548595406074,0.9,0.8181818181818182,11,10
5384,10,FOS,5384,-1.0,4.660874610861767,0.2242707449645977,1.2955409667721557e-05,-8.24257890057814,6.917464302823311,0.9,0.8181818181818182,11,10
5387,10,FOS,5387,-1.0,4.660874610861767,0.5559316816164047,1.7671368000913615e-31,-7.402294740502104,6.753392855481231,0.9,0.8181818181818182,11,10
5391,10,FOS,5391,-1.0,4.660874610861767,0.35963265238980396,9.061217832720185e-13,-2.2386603160357628,1.4685468914101478,0.9,0.8181818181818182,11,10
5386,10,FOS,5386,-1.0,4.660874610861767,0.3596307724122697,9.063860174096469e-13,-11.69438688094797,15.814227415565503,0.9,0.8181818181818182,11,10
5392,10,FOS,5392,-1.0,4.660874610861767,0.5073154625802222,1.1672777494923084e-25,-4.278950888661615,3.481739099958065,0.9,0.8181818181818182,11,10
5383,10,FOS,5383,-1.0,4.660874610861767,0.3940266063820537,3.141572099911289e-15,-4.265146144205877,3.30058638123449,0.9,0.8181818181818182,11,10
8648,10,HOXC6,8648,-1.0,5.128308744094927,0.3417614425494754,1.3297911657611365e-11,-9.387252423731985,7.9636165615732475,0.9166666666666666,0.9166666666666666,12,12
8643,10,HOXC6,8643,-1.0,5.128308744094927,0.2328935364947653,5.8098395425274605e-06,-7.368941211893511,7.492658492574094,0.9166666666666666,0.9166666666666666,12,12
8645,10,HOXC6,8645,-1.0,5.128308744094927,0.3037683046830095,2.3297085861427083e-09,-5.259062742398763,4.415944243384301,0.9166666666666666,0.9166666666666666,12,12
8640,10,HOXC6,8640,-1.0,5.128308744094927,0.3181128993212373,3.6051106943226964e-10,-7.589238207720962,6.356374302839431,0.9166666666666666,0.9166666666666666,12,12
8641,10,HOXC6,8641,-1.0,5.128308744094927,0.18835009461181126,0.00026393778426759835,-7.171558576858433,5.9109444303836405,0.9166666666666666,0.9166666666666666,12,12
8644,10,HOXC6,8644,-1.0,5.128308744094927,-0.26425745101924314,2.4059369489532824e-07,3.7884948478474656,2.7769267819241024,0.9166666666666666,0.9166666666666666,12,12
8639,10,HOXC6,8639,-1.0,5.128308744094927,0.33801502604046113,2.2860393339668548e-11,-10.71305625002392,10.79829397456941,0.9166666666666666,0.9166666666666666,12,12
8642,10,HOXC6,8642,-1.0,5.128308744094927,0.16459087473189624,0.0014663138464365872,-13.109812308099013,10.792206069658976,0.9166666666666666,0.9166666666666666,12,12
8638,10,HOXC6,8638,-1.0,5.128308744094927,0.36157991004377,6.69238152583695e-13,-8.015046942636548,7.286980118300409,0.9166666666666666,0.9166666666666666,12,12
8646,10,HOXC6,8646,-1.0,5.128308744094927,0.22658117542963402,1.0482139119616034e-05,-9.690140388350168,8.13419491279503,0.9166666666666666,0.9166666666666666,12,12
8649,10,HOXC6,8649,-1.0,5.128308744094927,0.11602681315793595,0.025427478143891142,-6.781122211934394,5.347323714074635,0.9166666666666666,0.9166666666666666,12,12
5962,10,MEIS3,5962,-1.0,2.814472398182316,0.5375029668395463,3.6733571215931994e-29,-3.8882444336954234,2.963577123442466,0.8235294117647058,0.6086956521739131,23,17
5964,10,MEIS3,5964,-1.0,2.814472398182316,0.3398870133501905,1.74544178155156e-11,-7.297560713944119,6.699213037960603,0.8235294117647058,0.6086956521739131,23,17
5966,10,MEIS3,5966,-1.0,2.814472398182316,0.6547024113061849,8.934549385824597e-47,-10.085626051254438,12.785270374244059,0.8235294117647058,0.6086956521739131,23,17
5981,10,MEIS3,5981,-1.0,2.814472398182316,0.3788824473547542,4.132818985429913e-14,-8.212092377850636,7.504785531865359,0.8235294117647058,0.6086956521739131,23,17
5982,10,MEIS3,5982,-1.0,2.814472398182316,0.7349231676681465,3.23740496813237e-64,-4.991788122604596,4.629558265018417,0.8235294117647058,0.6086956521739131,23,17
5979,10,MEIS3,5979,-1.0,2.814472398182316,0.20997187083614355,4.57724148941109e-05,-7.707728044217333,6.002560613938792,0.8235294117647058,0.6086956521739131,23,17
5983,10,MEIS3,5983,-1.0,2.814472398182316,0.21941288301604797,2.0079926295494723e-05,-6.756382694632684,5.546070771752696,0.8235294117647058,0.6086956521739131,23,17
5963,10,MEIS3,5963,-1.0,2.814472398182316,0.8546124073817317,4.623126252381967e-107,-3.846625756468367,2.934239432785639,0.8235294117647058,0.6086956521739131,23,17
5973,10,MEIS3,5973,-1.0,2.814472398182316,0.1858103995657252,0.00032034395596460376,-3.662095176295989,2.686168348298897,0.8235294117647058,0.6086956521739131,23,17
5974,10,MEIS3,5974,-1.0,2.814472398182316,0.4483210625633024,9.609778920556628e-20,-7.984730933050034,13.724731941608523,0.8235294117647058,0.6086956521739131,23,17
5965,10,MEIS3,5965,-1.0,2.814472398182316,0.5889520770226796,5.175788571625139e-36,-9.160151656869065,7.917428361343425,0.8235294117647058,0.6086956521739131,23,17
5961,10,MEIS3,5961,-1.0,2.814472398182316,0.383704354732961,1.845778184932622e-14,-12.246383036299848,9.482048515920253,0.8235294117647058,0.6086956521739131,23,17
5977,10,MEIS3,5977,-1.0,2.814472398182316,0.27599245189019994,6.540582205940438e-08,-6.176262227065523,4.789194976917541,0.8235294117647058,0.6086956521739131,23,17
5976,10,MEIS3,5976,-1.0,2.814472398182316,0.11292273057336967,0.029655168895278798,-3.913446665463709,2.8986378271229043,0.8235294117647058,0.6086956521739131,23,17
2868,10,ARID5B,2868,-1.0,9.085279669908365,0.6534261415576084,1.533556749297818e-46,-11.64312181601494,8.944657837540682,1.0,1.0,10,10
2872,10,ARID5B,2872,-1.0,9.085279669908365,0.5584837511191741,8.218861285578046e-32,-7.233800967154099,5.949879836488156,1.0,1.0,10,10
2876,10,ARID5B,2876,-1.0,9.085279669908365,0.6228793265920473,3.0222692981013223e-41,-11.30282263002038,9.264484963295654,1.0,1.0,10,10
2875,10,ARID5B,2875,-1.0,9.085279669908365,0.5154021859438781,1.455744041904523e-26,-4.669796178966736,3.5788811464775203,1.0,1.0,10,10
2877,10,ARID5B,2877,-1.0,9.085279669908365,0.3726432719129007,1.1499758281393866e-13,-4.833632580824655,4.05759803640164,1.0,1.0,10,10
2874,10,ARID5B,2874,-1.0,9.085279669908365,0.2575496372818345,4.927711985389444e-07,-2.642009499351909,1.7281420792372642,1.0,1.0,10,10
2873,10,ARID5B,2873,-1.0,9.085279669908365,0.3803547047612782,3.2357440335044594e-14,-6.707069051559295,5.542390677252415,1.0,1.0,10,10
2871,10,ARID5B,2871,-1.0,9.085279669908365,0.5445841372195603,4.913296681168505e-30,-3.921320789498873,2.9826446201013845,1.0,1.0,10,10
2869,10,ARID5B,2869,-1.0,9.085279669908365,0.4094454771265484,1.982366374358469e-16,-7.349848807753848,6.390696478564992,1.0,1.0,10,10
2870,10,ARID5B,2870,-1.0,9.085279669908365,0.5119211725419881,3.591041373621624e-26,-3.7789450197824106,2.842179190375322,1.0,1.0,10,10
5327,10,SOX11,5327,-1.0,1.4423965680050874,0.4146415547961373,7.561261492083048e-17,-8.031753480831135,6.776993998716181,0.8571428571428571,0.72,25,21
5326,10,SOX11,5326,-1.0,1.4423965680050874,0.3622051050348774,6.069270274736594e-13,-6.430894041533312,5.335912395905392,0.8571428571428571,0.72,25,21
5332,10,SOX11,5332,-1.0,1.4423965680050874,0.39610528367606523,2.1826943073087915e-15,-7.438247851405816,7.172345437169354,0.8571428571428571,0.72,25,21
5335,10,SOX11,5335,-1.0,1.4423965680050874,-0.3442574683915642,9.231151364177568e-12,4.31938175278154,3.2749867811608206,0.8571428571428571,0.72,25,21
5330,10,SOX11,5330,-1.0,1.4423965680050874,0.2084772107865717,5.19772463820668e-05,-9.783068320220028,7.546555951156563,0.8571428571428571,0.72,25,21
5319,10,SOX11,5319,-1.0,1.4423965680050874,0.5351450570719614,7.10279271977069e-29,-12.033404729149199,16.230857083980567,0.8571428571428571,0.72,25,21
5321,10,SOX11,5321,-1.0,1.4423965680050874,0.4838717080800092,3.5980771718408915e-23,-6.287075601546268,4.944400164942942,0.8571428571428571,0.72,25,21
5334,10,SOX11,5334,-1.0,1.4423965680050874,0.22547867465747332,1.1600361254603469e-05,-8.110934242603648,6.355114889985456,0.8571428571428571,0.72,25,21
5331,10,SOX11,5331,-1.0,1.4423965680050874,0.3149139682889111,5.513408431845522e-10,-8.368828736141598,7.322305255412203,0.8571428571428571,0.72,25,21
5315,10,SOX11,5315,-1.0,1.4423965680050874,0.4455784398507451,1.701341639507803e-19,-8.470296856290934,8.074870088236205,0.8571428571428571,0.72,25,21
5314,10,SOX11,5314,-1.0,1.4423965680050874,0.3743989111040955,8.641541049013236e-14,-11.655205782598136,8.967233547115898,0.8571428571428571,0.72,25,21
5316,10,SOX11,5316,-1.0,1.4423965680050874,0.4007288741433902,9.6205578116297e-16,-3.920389616910305,3.0102186119580656,0.8571428571428571,0.72,25,21
5323,10,SOX11,5323,-1.0,1.4423965680050874,0.24745150434088856,1.397100020207549e-06,-12.242988104965423,10.33001062709056,0.8571428571428571,0.72,25,21
5336,10,SOX11,5336,-1.0,1.4423965680050874,0.4141403106320688,8.304084304672509e-17,-5.397306354688827,4.2079373398589555,0.8571428571428571,0.72,25,21
5329,10,SOX11,5329,-1.0,1.4423965680050874,0.3297154346150008,7.399142130584374e-11,-13.001898870216129,10.300689625248465,0.8571428571428571,0.72,25,21
5338,10,SOX11,5338,-1.0,1.4423965680050874,-0.24819777474953028,1.2955035848650637e-06,7.183102093687257,5.682988583414058,0.8571428571428571,0.72,25,21
5317,10,SOX11,5317,-1.0,1.4423965680050874,0.3208182911725983,2.5070790649043453e-10,-7.476230526670545,6.210919055823747,0.8571428571428571,0.72,25,21
5318,10,SOX11,5318,-1.0,1.4423965680050874,0.5732152061650106,8.677900965904457e-34,-8.30525150216186,7.043006170414437,0.8571428571428571,0.72,25,21
7044,10,MTF1,7044,-1.0,9.12299034613541,0.5777725556179604,2.0257368661600725e-34,-5.904227589752771,4.6969413776683675,1.0,0.96,25,24
7048,10,MTF1,7048,-1.0,9.12299034613541,0.3115331921783535,8.590886065522438e-10,-7.9297478781824005,7.910506158787938,1.0,0.96,25,24
7040,10,MTF1,7040,-1.0,9.12299034613541,0.5831363665204201,3.5493206094931377e-35,-6.604142850481803,5.582629435424915,1.0,0.96,25,24
7042,10,MTF1,7042,-1.0,9.12299034613541,0.2603096792993324,3.6776934591668687e-07,-3.779679084255125,2.838546444952783,1.0,0.96,25,24
7031,10,MTF1,7031,-1.0,9.12299034613541,0.2746618977903214,7.605162200390328e-08,-3.9812874635326994,3.0667045846394405,1.0,0.96,25,24
7033,10,MTF1,7033,-1.0,9.12299034613541,0.3466391876617075,6.4963148458521155e-12,-7.452082426326401,6.128510226926739,1.0,0.96,25,24
7030,10,MTF1,7030,-1.0,9.12299034613541,0.221536552638196,1.6599146820407514e-05,-8.347278733308038,8.369247075663935,1.0,0.96,25,24
7028,10,MTF1,7028,-1.0,9.12299034613541,0.6138173648824897,8.72113186006509e-40,-11.812398382294152,9.088704628358075,1.0,0.96,25,24
7041,10,MTF1,7041,-1.0,9.12299034613541,0.6215403125932645,5.001658657631101e-41,-7.893502006712172,6.363029488441276,1.0,0.96,25,24
7047,10,MTF1,7047,-1.0,9.12299034613541,0.48341977313371104,4.0012018858059424e-23,-6.101753233767162,5.006906960710025,1.0,0.96,25,24
7034,10,MTF1,7034,-1.0,9.12299034613541,0.46408937413197915,3.2518306317900155e-21,-8.52941973701799,7.245475535875821,1.0,0.96,25,24
7046,10,MTF1,7046,-1.0,9.12299034613541,0.3747516667175828,8.157665005465992e-14,-6.446062266722922,5.5545905576615455,1.0,0.96,25,24
7052,10,MTF1,7052,-1.0,9.12299034613541,0.4016649551037866,8.137464348029806e-16,-4.596353083366637,3.5235381267168098,1.0,0.96,25,24
7049,10,MTF1,7049,-1.0,9.12299034613541,0.32983453847726524,7.277280296520727e-11,-9.046629200572184,7.886348368397175,1.0,0.96,25,24
7050,10,MTF1,7050,-1.0,9.12299034613541,0.4844988802383812,3.104230626161169e-23,-4.035433099154334,3.0157586893383046,1.0,0.96,25,24
7038,10,MTF1,7038,-1.0,9.12299034613541,0.5049048613869065,2.1480445015610077e-25,-9.504487574615824,7.333508303221793,1.0,0.96,25,24
7035,10,MTF1,7035,-1.0,9.12299034613541,-0.3232764718461615,1.796643288525703e-10,5.97309251680698,4.7760621175216915,1.0,0.96,25,24
7029,10,MTF1,7029,-1.0,9.12299034613541,0.24888341084324045,1.2084307648766771e-06,-4.363926019658254,3.4216369858830737,1.0,0.96,25,24
7051,10,MTF1,7051,-1.0,9.12299034613541,0.4658391632219995,2.208963860643712e-21,-2.3100611577236214,1.4568743096986234,1.0,0.96,25,24
7039,10,MTF1,7039,-1.0,9.12299034613541,0.5710361261182929,1.726051095501775e-33,-9.0885421775935,7.236321730560952,1.0,0.96,25,24
7037,10,MTF1,7037,-1.0,9.12299034613541,0.4059047744379455,3.786791240122108e-16,-13.273160522806828,11.211133354020278,1.0,0.96,25,24
7045,10,MTF1,7045,-1.0,9.12299034613541,0.5310635737902933,2.1970120221799386e-28,-5.830517674377513,4.491282730277998,1.0,0.96,25,24
7032,10,MTF1,7032,-1.0,9.12299034613541,0.5030739982657207,3.402602603258825e-25,-12.198536014600315,15.156418528182941,1.0,0.96,25,24
7036,10,MTF1,7036,-1.0,9.12299034613541,0.5193536637237185,5.1576086308982575e-27,-6.163230863024245,4.842113831117795,1.0,0.96,25,24
4604,10,HMGA2,4604,-1.0,11.162468712818853,0.33084831728156333,6.31616917781704e-11,-5.1981994480779505,4.2178524260496975,1.0,1.0,5,5
4601,10,HMGA2,4601,-1.0,11.162468712818853,0.450800817512444,5.707866419569926e-20,-11.870939994394725,9.100375079481806,1.0,1.0,5,5
4602,10,HMGA2,4602,-1.0,11.162468712818853,0.5360356500574036,5.540284917796229e-29,-5.909372985240703,5.039111556874229,1.0,1.0,5,5
4603,10,HMGA2,4603,-1.0,11.162468712818853,0.3471528103699173,6.019926220739018e-12,-5.706875966458603,4.488350519230285,1.0,1.0,5,5
4605,10,HMGA2,4605,-1.0,11.162468712818853,0.24523078973664908,1.7465561454684308e-06,-6.965499521740176,5.531407347102414,1.0,1.0,5,5
9257,10,VAX2,9257,-1.0,11.236667307270748,0.2635589987861029,2.5948250355702847e-07,-6.2531648530823665,5.170189968100582,0.8571428571428571,0.6666666666666666,9,7
9254,10,VAX2,9254,-1.0,11.236667307270748,0.40874002528461834,2.2566004506666875e-16,-3.9488613422412393,3.0503366394572407,0.8571428571428571,0.6666666666666666,9,7
9255,10,VAX2,9255,-1.0,11.236667307270748,0.37453015117102084,8.458322993084829e-14,-9.619944125352212,9.962756047516113,0.8571428571428571,0.6666666666666666,9,7
9261,10,VAX2,9261,-1.0,11.236667307270748,0.4168970576015518,4.9501419085294765e-17,-7.89884268010288,8.076047712097912,0.8571428571428571,0.6666666666666666,9,7
9260,10,VAX2,9260,-1.0,11.236667307270748,-0.20319733568711806,8.08558441043342e-05,3.261658754314228,2.3027011782704996,0.8571428571428571,0.6666666666666666,9,7
9262,10,VAX2,9262,-1.0,11.236667307270748,0.4947418193408412,2.66617634464662e-24,-8.302976302604677,9.967895792893218,0.8571428571428571,0.6666666666666666,9,7
6300,10,CPEB1,6300,-1.0,9.056537780427332,0.3381406412554483,2.245150004833698e-11,-6.847460730235962,5.4416857668884635,1.0,0.8181818181818182,22,18
6294,10,CPEB1,6294,-1.0,9.056537780427332,0.3187195149902813,3.324176235952224e-10,-11.764602724771713,9.055106437602515,1.0,0.8181818181818182,22,18
6309,10,CPEB1,6309,-1.0,9.056537780427332,0.1448538123284235,0.005183164727750614,-6.895869672889768,5.5637072112314305,1.0,0.8181818181818182,22,18
6297,10,CPEB1,6297,-1.0,9.056537780427332,0.3226184085539455,1.9648459145667313e-10,-7.853202477515767,7.127631446419728,1.0,0.8181818181818182,22,18
6305,10,CPEB1,6305,-1.0,9.056537780427332,-0.28747907907064807,1.720304357184742e-08,3.3331172435001655,2.433236160231004,1.0,0.8181818181818182,22,18
6306,10,CPEB1,6306,-1.0,9.056537780427332,0.40291160898758,6.505745503604274e-16,-6.772015370498127,5.704017801995439,1.0,0.8181818181818182,22,18
6315,10,CPEB1,6315,-1.0,9.056537780427332,0.5554502483019786,2.0401671907730286e-31,-5.514329667958003,4.584805828890419,1.0,0.8181818181818182,22,18
6311,10,CPEB1,6311,-1.0,9.056537780427332,0.4732412061390024,4.1974608954334933e-22,-4.854076490629618,4.697096925828017,1.0,0.8181818181818182,22,18
6295,10,CPEB1,6295,-1.0,9.056537780427332,0.4303128150507774,3.726411819634388e-18,-4.071163528983346,3.117232665826527,1.0,0.8181818181818182,22,18
6303,10,CPEB1,6303,-1.0,9.056537780427332,0.6443130908580347,6.738586619046352e-45,-5.632534961749852,5.412147821500863,1.0,0.8181818181818182,22,18
6299,10,CPEB1,6299,-1.0,9.056537780427332,0.5419134256840958,1.0551757538582027e-29,-11.541122133505562,13.464997492452817,1.0,0.8181818181818182,22,18
6298,10,CPEB1,6298,-1.0,9.056537780427332,0.45436318468706455,2.6804728521610313e-20,-7.696422104183791,6.5329822509782245,1.0,0.8181818181818182,22,18
6310,10,CPEB1,6310,-1.0,9.056537780427332,0.16899072971393134,0.0010848712119424396,-5.121280039355767,4.038994314291471,1.0,0.8181818181818182,22,18
6312,10,CPEB1,6312,-1.0,9.056537780427332,0.5050978526000892,2.0460462272830807e-25,-3.2945121752649826,2.430384931483835,1.0,0.8181818181818182,22,18
6296,10,CPEB1,6296,-1.0,9.056537780427332,0.5950164833666652,6.6659001661751244e-37,-4.010601263360999,3.0999741008891157,1.0,0.8181818181818182,22,18
6313,10,CPEB1,6313,-1.0,9.056537780427332,0.112668425915256,0.03002677920340122,-2.798410028385806,1.8891234599685505,1.0,0.8181818181818182,22,18
6304,10,CPEB1,6304,-1.0,9.056537780427332,-0.2911537031261138,1.1078109762173233e-08,3.4396441643684685,2.466841701501618,1.0,0.8181818181818182,22,18
6301,10,CPEB1,6301,-1.0,9.056537780427332,0.3413455020508392,1.4127440057697233e-11,-13.803944039771777,12.461746837893424,1.0,0.8181818181818182,22,18
2834,10,MECOM,2834,-1.0,5.295415752505112,0.7619344498833239,1.321283154699413e-71,-6.181759847390165,5.303782345172518,1.0,0.92,25,23
2817,10,MECOM,2817,-1.0,5.295415752505112,0.5744656751351822,5.834874543549777e-34,-11.927140513326473,9.18169138312729,1.0,0.92,25,23
2836,10,MECOM,2836,-1.0,5.295415752505112,0.31604913321285816,4.744593149068032e-10,-10.268229605014358,7.9402217953508964,1.0,0.92,25,23
2837,10,MECOM,2837,-1.0,5.295415752505112,0.20182287321666512,9.054616024493723e-05,-4.6573935165077955,3.5416873164756217,1.0,0.92,25,23
2819,10,MECOM,2819,-1.0,5.295415752505112,0.5497338656803051,1.103671856084992e-30,-9.529964736706022,8.679295587547326,1.0,0.92,25,23
2829,10,MECOM,2829,-1.0,5.295415752505112,0.4283119916716996,5.521007314802523e-18,-9.012354082678256,7.17347584605877,1.0,0.92,25,23
2841,10,MECOM,2841,-1.0,5.295415752505112,0.3725758277188588,1.1626286797336938e-13,-2.1805399532871426,1.3500143156370465,1.0,0.92,25,23
2830,10,MECOM,2830,-1.0,5.295415752505112,0.46897332076881687,1.0988992926690601e-21,-5.33558732708023,4.086091859204602,1.0,0.92,25,23
2823,10,MECOM,2823,-1.0,5.295415752505112,-0.33610449855124236,3.005136381253966e-11,5.995694284673125,4.797944160673495,1.0,0.92,25,23
2827,10,MECOM,2827,-1.0,5.295415752505112,0.5991551850955382,1.6049702540557158e-37,-8.620002591660706,6.912666960411656,1.0,0.92,25,23
2835,10,MECOM,2835,-1.0,5.295415752505112,0.2642045227559531,2.4197745663516204e-07,-8.323258642442575,6.513114407371523,1.0,0.92,25,23
2826,10,MECOM,2826,-1.0,5.295415752505112,0.43278516321729965,2.2843268367984835e-18,-13.217341864556978,11.268673169158967,1.0,0.92,25,23
2833,10,MECOM,2833,-1.0,5.295415752505112,0.2471872011129467,1.4348786356298254e-06,-6.022688539339075,5.054200764620726,1.0,0.92,25,23
2824,10,MECOM,2824,-1.0,5.295415752505112,0.4441519773838703,2.2852561173983596e-19,-5.9962336139292605,4.703166410731002,1.0,0.92,25,23
2818,10,MECOM,2818,-1.0,5.295415752505112,0.4336976573129952,1.9049158594561175e-18,-4.325618888069612,3.3800202435975604,1.0,0.92,25,23
2821,10,MECOM,2821,-1.0,5.295415752505112,0.7209215649872984,9.853411720028461e-61,-3.8776989457633286,2.9644051120435364,1.0,0.92,25,23
2840,10,MECOM,2840,-1.0,5.295415752505112,0.33342882052559475,4.393857429702498e-11,-8.079630090643208,6.390204821462258,1.0,0.92,25,23
2831,10,MECOM,2831,-1.0,5.295415752505112,0.7146946093994178,2.98572826071542e-59,-5.912129992050369,4.880159975320667,1.0,0.92,25,23
2838,10,MECOM,2838,-1.0,5.295415752505112,0.2956194173479627,6.434002980850215e-09,-2.551798129350421,1.6568390442461551,1.0,0.92,25,23
2822,10,MECOM,2822,-1.0,5.295415752505112,0.25903834449178337,4.210052765650694e-07,-7.594662609266773,6.256099030410004,1.0,0.92,25,23
2839,10,MECOM,2839,-1.0,5.295415752505112,0.376892491134731,5.741651821466943e-14,-8.417193231579057,7.317309414116801,1.0,0.92,25,23
2828,10,MECOM,2828,-1.0,5.295415752505112,0.24148522925151047,2.5329626377361284e-06,-4.633232247122702,3.506844484408171,1.0,0.92,25,23
2820,10,MECOM,2820,-1.0,5.295415752505112,0.20893341824565195,5.000386126256523e-05,-8.84249419386616,8.845386015608058,1.0,0.92,25,23
5787,10,STAT5B,5787,-1.0,4.192005405731883,0.4689432411282685,1.1063256234402238e-21,-9.187558125558718,7.169546817876078,1.0,0.9090909090909091,22,20
5785,10,STAT5B,5785,-1.0,4.192005405731883,-0.35911706855103087,9.814825472297197e-13,4.237433526247201,3.1881061347919952,1.0,0.9090909090909091,22,20
5788,10,STAT5B,5788,-1.0,4.192005405731883,0.1619657045098311,0.0017490000565080625,-6.748870100085972,6.106134348245575,1.0,0.9090909090909091,22,20
5791,10,STAT5B,5791,-1.0,4.192005405731883,0.20879829486037646,5.0580858126971805e-05,-2.2447092163093907,1.408873801879418,1.0,0.9090909090909091,22,20
5793,10,STAT5B,5793,-1.0,4.192005405731883,0.3295736915943855,7.546758769386443e-11,-6.00689409356174,4.803563837603679,1.0,0.9090909090909091,22,20
5772,10,STAT5B,5772,-1.0,4.192005405731883,0.5427255444297442,8.369466813322613e-30,-12.078974913341952,9.285296120790582,1.0,0.9090909090909091,22,20
5776,10,STAT5B,5776,-1.0,4.192005405731883,0.42357773824602796,1.3851511911348789e-17,-8.289027296408912,6.733979703880476,1.0,0.9090909090909091,22,20
5774,10,STAT5B,5774,-1.0,4.192005405731883,0.3141973553416037,6.059709314375301e-10,-7.999172316144094,6.687012759061722,1.0,0.9090909090909091,22,20
5775,10,STAT5B,5775,-1.0,4.192005405731883,0.12300434509807608,0.017776377107814247,-6.198663369433047,5.077352907069565,1.0,0.9090909090909091,22,20
5782,10,STAT5B,5782,-1.0,4.192005405731883,0.5820328197078045,5.09236474512275e-35,-9.69119970631407,7.663001500571243,1.0,0.9090909090909091,22,20
5786,10,STAT5B,5786,-1.0,4.192005405731883,0.3384981799467497,2.132631020337817e-11,-5.067513753750017,3.9281211134626517,1.0,0.9090909090909091,22,20
5792,10,STAT5B,5792,-1.0,4.192005405731883,0.08189205638992615,0.11533137530347294,-7.104854792135933,7.558373787122303,1.0,0.9090909090909091,22,20
5778,10,STAT5B,5778,-1.0,4.192005405731883,0.611440368287599,2.069228021118702e-39,-9.508575478527186,7.574157430291919,1.0,0.9090909090909091,22,20
5790,10,STAT5B,5790,-1.0,4.192005405731883,0.4239605486714434,1.2865554124819313e-17,-4.191824622004722,3.15042765340167,1.0,0.9090909090909091,22,20
5773,10,STAT5B,5773,-1.0,4.192005405731883,0.3749803189851882,7.858297577504849e-14,-12.384991842651392,14.70626481754838,1.0,0.9090909090909091,22,20
5777,10,STAT5B,5777,-1.0,4.192005405731883,0.21105450289869038,4.172234103266074e-05,-5.049873015667491,3.896176175853201,1.0,0.9090909090909091,22,20
5783,10,STAT5B,5783,-1.0,4.192005405731883,0.5167355600100579,1.027262981887505e-26,-9.681913000168947,7.584588696254026,1.0,0.9090909090909091,22,20
5781,10,STAT5B,5781,-1.0,4.192005405731883,0.5876241078919108,8.06114793556957e-36,-8.11105799218057,6.3301641629738965,1.0,0.9090909090909091,22,20
5784,10,STAT5B,5784,-1.0,4.192005405731883,0.48842897327376944,1.2222351694259434e-23,-6.454979039168284,5.070036433885384,1.0,0.9090909090909091,22,20
5780,10,STAT5B,5780,-1.0,4.192005405731883,0.1333493914747719,0.010131267278640726,-8.174476552925555,7.185439303588608,1.0,0.9090909090909091,22,20
3610,10,FOXJ2,3610,-1.0,9.193110954832912,0.5405983498497193,1.5335315540594358e-29,-8.922888731044514,7.0812512230692715,1.0,0.92,25,23
3612,10,FOXJ2,3612,-1.0,9.193110954832912,0.2972105833335292,5.289471958187032e-09,-6.127344611110205,5.090579473781631,1.0,0.92,25,23
3611,10,FOXJ2,3611,-1.0,9.193110954832912,0.5639152412128676,1.576208104432559e-32,-10.490258140879991,8.082574606416054,1.0,0.92,25,23
3627,10,FOXJ2,3627,-1.0,9.193110954832912,0.2075368299348823,5.627922212767448e-05,-5.851552554912815,4.6007436844446765,1.0,0.92,25,23
3606,10,FOXJ2,3606,-1.0,9.193110954832912,0.3813285331240292,2.7503301934700645e-14,-3.849596478855532,2.9306661263368357,1.0,0.92,25,23
3608,10,FOXJ2,3608,-1.0,9.193110954832912,0.3644359949898599,4.274897240725909e-13,-5.987650741961288,4.703721790134436,1.0,0.92,25,23
3617,10,FOXJ2,3617,-1.0,9.193110954832912,0.4331045244009334,2.143766681754734e-18,-5.653502984955565,4.766702059206107,1.0,0.92,25,23
3604,10,FOXJ2,3604,-1.0,9.193110954832912,0.6378227980175638,9.22427041977153e-44,-11.685291607961549,8.990319090826883,1.0,0.92,25,23
3609,10,FOXJ2,3609,-1.0,9.193110954832912,0.5238313002159625,1.565419347801866e-27,-13.405561734914286,11.61040834017318,1.0,0.92,25,23
3607,10,FOXJ2,3607,-1.0,9.193110954832912,0.3457671130829987,7.390743650308365e-12,-7.651014975424759,6.335799297261922,1.0,0.92,25,23
3621,10,FOXJ2,3621,-1.0,9.193110954832912,0.5967236691521537,3.7141812126589913e-37,-8.971888050617965,7.008234647850986,1.0,0.92,25,23
3616,10,FOXJ2,3616,-1.0,9.193110954832912,0.5312689613359121,2.0764113610791603e-28,-5.720853165241841,4.400677707972017,1.0,0.92,25,23
3605,10,FOXJ2,3605,-1.0,9.193110954832912,0.46315949024409164,3.9900938020564885e-21,-9.733045361927974,8.877379746872478,1.0,0.92,25,23
3623,10,FOXJ2,3623,-1.0,9.193110954832912,0.39535293053248016,2.4909414729629382e-15,-5.977198558406342,4.86821721964378,1.0,0.92,25,23
3613,10,FOXJ2,3613,-1.0,9.193110954832912,0.22168413087463607,1.6379869048113376e-05,-4.216823095835212,3.259806364500547,1.0,0.92,25,23
3628,10,FOXJ2,3628,-1.0,9.193110954832912,0.47289354392215016,4.5420743169987375e-22,-7.641732613233811,6.114537734497052,1.0,0.92,25,23
3620,10,FOXJ2,3620,-1.0,9.193110954832912,0.3544782239852234,2.000994693554315e-12,-7.630896401822848,7.897009614048442,1.0,0.92,25,23
3625,10,FOXJ2,3625,-1.0,9.193110954832912,0.536730296072962,4.561961412522028e-29,-10.08444428880117,8.102109130941686,1.0,0.92,25,23
3614,10,FOXJ2,3614,-1.0,9.193110954832912,0.6031480223811325,3.9836921622348863e-38,-7.481413093414329,5.930339008487607,1.0,0.92,25,23
3622,10,FOXJ2,3622,-1.0,9.193110954832912,0.3276659843914866,9.835492313197669e-11,-5.433202053598944,4.4422889510200285,1.0,0.92,25,23
3619,10,FOXJ2,3619,-1.0,9.193110954832912,0.413992907784752,8.535851524384681e-17,-7.615415603261863,5.975980961301086,1.0,0.92,25,23
3624,10,FOXJ2,3624,-1.0,9.193110954832912,0.45538343316797364,2.155197174351484e-20,-12.131387360004478,9.532095132241956,1.0,0.92,25,23
3615,10,FOXJ2,3615,-1.0,9.193110954832912,0.43246039709825473,2.4365528776487733e-18,-3.1774615502236343,2.2032987652896354,1.0,0.92,25,23
54,10,ZKSCAN3,54,-1.0,6.039921216149862,0.551028230212649,7.551984049303215e-31,-5.786868587712819,4.63252874142602,1.0,1.0,3,3
53,10,ZKSCAN3,53,-1.0,6.039921216149862,0.6082058669398901,6.6272157948681e-39,-10.812202098452277,8.334944394176805,1.0,1.0,3,3
55,10,ZKSCAN3,55,-1.0,6.039921216149862,0.2511349189377187,9.60226208411739e-07,-4.761296664724228,3.738609823608512,1.0,1.0,3,3
2466,10,ZNF8,2466,-1.0,9.163063432091757,0.6499568780153078,6.573268470803338e-46,-6.230270229454117,4.869988350222233,1.0,0.9166666666666666,24,22
2460,10,ZNF8,2460,-1.0,9.163063432091757,0.29822013126943137,4.668406891820081e-09,-3.299209783621995,2.3814048287601293,1.0,0.9166666666666666,24,22
2470,10,ZNF8,2470,-1.0,9.163063432091757,0.28761212303512973,1.693294536424078e-08,-4.5141422645151135,3.700969127484219,1.0,0.9166666666666666,24,22
2469,10,ZNF8,2469,-1.0,9.163063432091757,0.2908442744109208,1.1499169036714948e-08,-5.917717107167515,4.701228565551116,1.0,0.9166666666666666,24,22
2473,10,ZNF8,2473,-1.0,9.163063432091757,0.45124090267121314,5.2015085479420537e-20,-10.191015238212804,8.537005883822156,1.0,0.9166666666666666,24,22
2478,10,ZNF8,2478,-1.0,9.163063432091757,0.6530752907502756,1.778282734094684e-46,-13.082294437263744,10.333496612600642,1.0,0.9166666666666666,24,22
2467,10,ZNF8,2467,-1.0,9.163063432091757,0.2664962153702264,1.8855495352571761e-07,-4.715587462374403,3.88715045558378,1.0,0.9166666666666666,24,22
2459,10,ZNF8,2459,-1.0,9.163063432091757,0.26585725800576687,2.0218365512643147e-07,-4.436344616196642,3.488402196781893,1.0,0.9166666666666666,24,22
2468,10,ZNF8,2468,-1.0,9.163063432091757,0.6916310450090122,4.294547173528561e-54,-9.29210923463115,7.1636940421053215,1.0,0.9166666666666666,24,22
2457,10,ZNF8,2457,-1.0,9.163063432091757,0.8061064020284959,4.322316749102397e-86,-11.756133101354076,9.031908844581109,1.0,0.9166666666666666,24,22
2458,10,ZNF8,2458,-1.0,9.163063432091757,0.648341037324604,1.2863704326292455e-45,-10.484360266303419,9.423610448620469,1.0,0.9166666666666666,24,22
2462,10,ZNF8,2462,-1.0,9.163063432091757,0.6255488946907085,1.0989425598448935e-41,-6.835768052022098,5.603099897711018,1.0,0.9166666666666666,24,22
2475,10,ZNF8,2475,-1.0,9.163063432091757,0.14321997852125667,0.0057174032641020495,-2.9604300024900976,2.0513160704392837,1.0,0.9166666666666666,24,22
2477,10,ZNF8,2477,-1.0,9.163063432091757,0.45370555321863903,3.083901297398849e-20,-4.791900296292879,4.008313200976014,1.0,0.9166666666666666,24,22
2472,10,ZNF8,2472,-1.0,9.163063432091757,0.372938193388589,1.0962122654146954e-13,-6.898577128371423,6.7501973731785565,1.0,0.9166666666666666,24,22
2461,10,ZNF8,2461,-1.0,9.163063432091757,0.585698775899628,1.5268767351650195e-35,-8.461510370209213,7.851623397527528,1.0,0.9166666666666666,24,22
2465,10,ZNF8,2465,-1.0,9.163063432091757,0.6521895863344435,2.581936066615231e-46,-8.028725134021643,6.280979425318018,1.0,0.9166666666666666,24,22
2463,10,ZNF8,2463,-1.0,9.163063432091757,0.5070461557984383,1.2498828849700121e-25,-8.82314288712059,7.001378010233185,1.0,0.9166666666666666,24,22
2476,10,ZNF8,2476,-1.0,9.163063432091757,0.14453290783175143,0.005284406417989617,-2.753799188096762,1.927740824154785,1.0,0.9166666666666666,24,22
2474,10,ZNF8,2474,-1.0,9.163063432091757,-0.4076559735111166,2.752108538055116e-16,3.3595107821705272,2.381975106034111,1.0,0.9166666666666666,24,22
2471,10,ZNF8,2471,-1.0,9.163063432091757,0.3436439134552342,1.010078226719746e-11,-3.169412712152762,2.2260208962132935,1.0,0.9166666666666666,24,22
2479,10,ZNF8,2479,-1.0,9.163063432091757,0.4318063999135211,2.7739895956704708e-18,-5.076647654059663,4.045297005160056,1.0,0.9166666666666666,24,22
5047,10,LHX8,5047,-1.0,6.904809236952558,0.2355171782392605,4.523832184076611e-06,-7.204454731477104,5.913268427770808,1.0,0.9285714285714286,14,13
5050,10,LHX8,5050,-1.0,6.904809236952558,0.19369298999802562,0.0001741668891155559,-5.770001648948165,4.729459955766171,1.0,0.9285714285714286,14,13
5049,10,LHX8,5049,-1.0,6.904809236952558,0.18809489231774082,0.0002691555164781127,-4.557366554838288,3.545098151703329,1.0,0.9285714285714286,14,13
5048,10,LHX8,5048,-1.0,6.904809236952558,0.25767459534454384,4.863218850903352e-07,-8.098354000457856,6.740089505044265,1.0,0.9285714285714286,14,13
5053,10,LHX8,5053,-1.0,6.904809236952558,0.13390447395470537,0.009819623243823013,-3.2218372890618547,2.3487520326945095,1.0,0.9285714285714286,14,13
5046,10,LHX8,5046,-1.0,6.904809236952558,0.19940708731145435,0.00011027545202434528,-7.557300240087693,6.645541808068702,1.0,0.9285714285714286,14,13
5051,10,LHX8,5051,-1.0,6.904809236952558,0.31894322209153764,3.2260441858122513e-10,-5.821316258731365,4.6927866191717245,1.0,0.9285714285714286,14,13
5045,10,LHX8,5045,-1.0,6.904809236952558,0.19515785716016426,0.00015510158039876482,-11.661910096057289,8.984570807485923,1.0,0.9285714285714286,14,13
5055,10,LHX8,5055,-1.0,6.904809236952558,0.015882283104629368,0.7604413258927175,-5.349017461836176,4.274036207107555,1.0,0.9285714285714286,14,13
5058,10,LHX8,5058,-1.0,6.904809236952558,0.1619395775996461,0.0017520486857766327,-5.625926591446975,4.665131468190022,1.0,0.9285714285714286,14,13
5052,10,LHX8,5052,-1.0,6.904809236952558,0.16315645836656992,0.0016151051597014146,-6.871948061490972,5.739483172494573,1.0,0.9285714285714286,14,13
5057,10,LHX8,5057,-1.0,6.904809236952558,0.22835420089261999,8.895990836331625e-06,-4.0342032436134065,3.2151778446454866,1.0,0.9285714285714286,14,13
5056,10,LHX8,5056,-1.0,6.904809236952558,0.07890800685879766,0.12923812623920544,-9.109374507998073,7.875615974615514,1.0,0.9285714285714286,14,13
7167,10,SMAD3,7167,-1.0,7.188026114769864,0.39936292261307477,1.2271315469564703e-15,-5.911775506190855,4.732651055778895,1.0,0.84,25,21
7161,10,SMAD3,7161,-1.0,7.188026114769864,0.4940646759271227,3.143967159799182e-24,-5.289582165162171,4.23661684478039,1.0,0.84,25,21
7166,10,SMAD3,7166,-1.0,7.188026114769864,0.2734429673565401,8.725702255350097e-08,-7.30652102685459,7.153188627617561,1.0,0.84,25,21
7165,10,SMAD3,7165,-1.0,7.188026114769864,0.3617424571776368,6.524606874410367e-13,-6.8233425071787455,5.410381558906485,1.0,0.84,25,21
7156,10,SMAD3,7156,-1.0,7.188026114769864,0.4149173867372285,7.180745746962936e-17,-5.664340493062044,4.543563310832235,1.0,0.84,25,21
7152,10,SMAD3,7152,-1.0,7.188026114769864,0.5102745472191608,5.484632537916554e-26,-4.936962962261901,3.917479691150608,1.0,0.84,25,21
7157,10,SMAD3,7157,-1.0,7.188026114769864,0.6364739141367262,1.5764879683721218e-43,-9.725491004020501,7.548206351185965,1.0,0.84,25,21
7147,10,SMAD3,7147,-1.0,7.188026114769864,0.6645490286391078,1.2645018111551849e-48,-12.168566744104838,9.399940013674863,1.0,0.84,25,21
7150,10,SMAD3,7150,-1.0,7.188026114769864,0.3788394428686577,4.1623876423319365e-14,-8.108796519575023,6.836690408106781,1.0,0.84,25,21
7151,10,SMAD3,7151,-1.0,7.188026114769864,0.43709148675673326,9.646927065017246e-19,-7.013121949376221,5.75799229935288,1.0,0.84,25,21
7162,10,SMAD3,7162,-1.0,7.188026114769864,0.2747561316642266,7.524568669777028e-08,-6.0700597632115505,5.101735676478044,1.0,0.84,25,21
7149,10,SMAD3,7149,-1.0,7.188026114769864,0.42660708704530986,7.702000463268513e-18,-11.26985279047024,15.539070899952453,1.0,0.84,25,21
7164,10,SMAD3,7164,-1.0,7.188026114769864,0.2564005010140129,5.560601070140941e-07,-7.4089493701820635,6.209887214225658,1.0,0.84,25,21
7159,10,SMAD3,7159,-1.0,7.188026114769864,0.5206689430061312,3.640311280312533e-27,-4.180004116634149,3.088035439595482,1.0,0.84,25,21
7163,10,SMAD3,7163,-1.0,7.188026114769864,0.7730552219900974,6.104788122803036e-75,-10.254669878720833,8.372783387872012,1.0,0.84,25,21
7171,10,SMAD3,7171,-1.0,7.188026114769864,0.37484167064203583,8.038516366732645e-14,-5.329039836363315,4.114689596633946,1.0,0.84,25,21
7155,10,SMAD3,7155,-1.0,7.188026114769864,0.22134009498586493,1.6895377717601645e-05,-3.8303107915663235,2.916564560066971,1.0,0.84,25,21
7160,10,SMAD3,7160,-1.0,7.188026114769864,-0.14865569856440217,0.004109793397129083,2.252990132912119,1.4014844949989431,1.0,0.84,25,21
7153,10,SMAD3,7153,-1.0,7.188026114769864,0.5065531316900763,1.4163296575176065e-25,-6.377106522640448,5.016193172265981,1.0,0.84,25,21
7148,10,SMAD3,7148,-1.0,7.188026114769864,0.3925104045006662,4.090772044210897e-15,-8.685701837963553,9.008207910503444,1.0,0.84,25,21
7169,10,SMAD3,7169,-1.0,7.188026114769864,0.3901811123357076,6.1207668259213036e-15,-4.6001952853050785,3.6592009997699604,1.0,0.84,25,21
4330,10,DLX6,4330,-1.0,11.242341433661014,0.2700162859665169,1.2795184113667727e-07,-11.806587646311867,9.149733247605463,1.0,1.0,5,5
4331,10,DLX6,4331,-1.0,11.242341433661014,0.22988297858685677,7.714316697213416e-06,-6.422503208724649,5.12746273893567,1.0,1.0,5,5
4334,10,DLX6,4334,-1.0,11.242341433661014,0.4131653893706271,9.95986425487131e-17,-12.503596875644904,11.971341980840114,1.0,1.0,5,5
4333,10,DLX6,4333,-1.0,11.242341433661014,0.2890098382815325,1.433221495438098e-08,-7.4496761006705,6.247634567937198,1.0,1.0,5,5
4332,10,DLX6,4332,-1.0,11.242341433661014,0.14853067872741763,0.004141621054367206,-10.708399407426418,11.52539383159382,1.0,1.0,5,5
6697,10,TCF3,6697,-1.0,9.161512796807795,0.43858019396668213,7.140406145668051e-19,-3.04003203205115,2.073474823000733,0.9,0.72,25,20
6694,10,TCF3,6694,-1.0,9.161512796807795,0.7186782817945325,3.403395804413797e-60,-13.192679058848798,11.58065547407141,0.9,0.72,25,20
6702,10,TCF3,6702,-1.0,9.161512796807795,0.5801027877716862,9.5428132435364e-35,-6.842208154524329,5.738664649293268,0.9,0.72,25,20
6687,10,TCF3,6687,-1.0,9.161512796807795,0.20763787872734923,5.5801332278631154e-05,-3.770947719597776,2.8600512193427714,0.9,0.72,25,20
6688,10,TCF3,6688,-1.0,9.161512796807795,0.6256245637864628,1.0677245547709953e-41,-11.832218865345702,15.29066346972233,0.9,0.72,25,20
6704,10,TCF3,6704,-1.0,9.161512796807795,0.5281778082751912,4.836911900018527e-28,-7.646500547724455,5.963302730821003,0.9,0.72,25,20
6701,10,TCF3,6701,-1.0,9.161512796807795,0.5158291758413487,1.3021869893656e-26,-8.515465460214687,6.745954089805655,0.9,0.72,25,20
6707,10,TCF3,6707,-1.0,9.161512796807795,0.6407085635326658,2.904392833746525e-44,-5.293387646953534,4.331530964873578,0.9,0.72,25,20
6690,10,TCF3,6690,-1.0,9.161512796807795,0.6450759863419633,4.9338156643631045e-45,-8.318408747164044,7.029573777406738,0.9,0.72,25,20
6698,10,TCF3,6698,-1.0,9.161512796807795,0.6921877533563474,3.267005514224164e-54,-3.2350721051315947,2.3379859481951972,0.9,0.72,25,20
6689,10,TCF3,6689,-1.0,9.161512796807795,0.6870359099208765,4.008932024686988e-53,-7.63022100719487,6.317906944357722,0.9,0.72,25,20
6693,10,TCF3,6693,-1.0,9.161512796807795,0.6736657446943509,2.1180307973140814e-50,-6.120839916303864,4.803380790582349,0.9,0.72,25,20
6685,10,TCF3,6685,-1.0,9.161512796807795,0.7856087719751751,6.087952453752608e-79,-8.79422572308075,8.779974928453672,0.9,0.72,25,20
6686,10,TCF3,6686,-1.0,9.161512796807795,0.30026672181267433,3.618755441315375e-09,-4.217406594109034,3.273650854317095,0.9,0.72,25,20
6696,10,TCF3,6696,-1.0,9.161512796807795,0.6486138690642648,1.1488328945668174e-45,-9.789432669895941,7.542973526697957,0.9,0.72,25,20
6708,10,TCF3,6708,-1.0,9.161512796807795,0.21511572436709384,2.9349096920395632e-05,-5.875305442595618,4.92739797215378,0.9,0.72,25,20
6706,10,TCF3,6706,-1.0,9.161512796807795,0.4322493696200331,2.5407682054657717e-18,-6.416262617194753,5.333086558271103,0.9,0.72,25,20
6684,10,TCF3,6684,-1.0,9.161512796807795,0.7170974556854046,8.093237507643308e-60,-11.916929308356496,9.185221820524186,0.9,0.72,25,20
3929,10,BBX,3929,-1.0,9.116899911682134,0.5614094661568795,3.389447095963744e-32,-8.352743375915367,6.883461853227126,1.0,1.0,25,25
3928,10,BBX,3928,-1.0,9.116899911682134,0.43333764161518273,2.0465698833540056e-18,-3.6459715353860584,2.673666074485933,1.0,1.0,25,25
3927,10,BBX,3927,-1.0,9.116899911682134,0.5370214575935818,4.2046052773290626e-29,-6.239992817692794,5.288302720412958,1.0,1.0,25,25
3919,10,BBX,3919,-1.0,9.116899911682134,0.23643090965062968,4.1435091745672764e-06,-4.061031292427455,3.0891042129209167,1.0,1.0,25,25
3913,10,BBX,3913,-1.0,9.116899911682134,0.5860888712379887,1.3419843708954124e-35,-8.205282452221727,6.770501852604476,1.0,1.0,25,25
3920,10,BBX,3920,-1.0,9.116899911682134,0.44546537668874864,1.741687950971866e-19,-3.7488740290833626,2.732780945336885,1.0,1.0,25,25
3910,10,BBX,3910,-1.0,9.116899911682134,0.3174920159704092,3.916517444961725e-10,-4.457977967437563,3.511237129387858,1.0,1.0,25,25
3924,10,BBX,3924,-1.0,9.116899911682134,0.638831170967507,6.168377155658033e-44,-8.39715509948066,6.741553309213817,1.0,1.0,25,25
3933,10,BBX,3933,-1.0,9.116899911682134,0.5230659143623234,1.9217167438371474e-27,-7.820674397595206,6.327997755607537,1.0,1.0,25,25
3922,10,BBX,3922,-1.0,9.116899911682134,0.3523634842563632,2.7581061308211107e-12,-3.4772838602258105,2.5063828890527864,1.0,1.0,25,25
3921,10,BBX,3921,-1.0,9.116899911682134,0.643440170889958,9.616288179438273e-45,-9.133114009738062,7.260002034248585,1.0,1.0,25,25
3925,10,BBX,3925,-1.0,9.116899911682134,0.6479765566801478,1.4958681345766587e-45,-7.576713556194575,6.081581226308888,1.0,1.0,25,25
3914,10,BBX,3914,-1.0,9.116899911682134,0.4412699718238367,4.1304811266539673e-19,-7.91215972615823,6.556414986086856,1.0,1.0,25,25
3926,10,BBX,3926,-1.0,9.116899911682134,0.3822506621045879,2.356815969499458e-14,-4.430755823611754,3.481103134712536,1.0,1.0,25,25
3916,10,BBX,3916,-1.0,9.116899911682134,0.5656657352944633,9.196840275538401e-33,-6.741493747920987,5.3675812764003,1.0,1.0,25,25
3931,10,BBX,3931,-1.0,9.116899911682134,0.4587702126959583,1.0393310000231882e-20,-10.054597607016069,7.7631163690528915,1.0,1.0,25,25
3909,10,BBX,3909,-1.0,9.116899911682134,0.7259535598549598,5.842623686632309e-62,-11.672432276533964,8.970856344350809,1.0,1.0,25,25
3915,10,BBX,3915,-1.0,9.116899911682134,0.5933004650594426,1.1957617129903747e-36,-13.68719128876148,18.28054036808898,1.0,1.0,25,25
3923,10,BBX,3923,-1.0,9.116899911682134,0.6787536688936568,2.0267544650673383e-51,-8.505847944640637,6.579246688093163,1.0,1.0,25,25
3912,10,BBX,3912,-1.0,9.116899911682134,0.28414497446755516,2.5507904670759338e-08,-7.24598531880887,6.718349053304421,1.0,1.0,25,25
3917,10,BBX,3917,-1.0,9.116899911682134,0.48323647532412,4.1771157782854414e-23,-3.5418329831152895,2.5172314809444782,1.0,1.0,25,25
3930,10,BBX,3930,-1.0,9.116899911682134,0.4394781182364871,5.951127830428108e-19,-12.319867532246738,9.723837932465198,1.0,1.0,25,25
3911,10,BBX,3911,-1.0,9.116899911682134,0.3377760335763988,2.3658486420694354e-11,-3.8584922351353805,2.938041290980862,1.0,1.0,25,25
3918,10,BBX,3918,-1.0,9.116899911682134,0.6064964973668565,1.21941718221316e-38,-13.315473055729441,11.409688012948305,1.0,1.0,25,25
3932,10,BBX,3932,-1.0,9.116899911682134,-0.35622589810051775,1.5320937580374435e-12,2.4339660095496445,1.5541716245010133,1.0,1.0,25,25
9470,10,TCF7,9470,-1.0,3.2602466903730583,0.23169994618564307,6.5039938341738325e-06,-2.622364391550105,1.7711041160735723,0.9473684210526315,0.72,25,19
9468,10,TCF7,9468,-1.0,3.2602466903730583,0.6429511417338564,1.1730265889067593e-44,-4.244448331110218,3.29194813043122,0.9473684210526315,0.72,25,19
9487,10,TCF7,9487,-1.0,3.2602466903730583,0.424085802174664,1.2558186492669277e-17,-4.177297955709669,3.3929466351997934,0.9473684210526315,0.72,25,19
9467,10,TCF7,9467,-1.0,3.2602466903730583,0.1901200130658439,0.0002302686274786229,-7.573910288525761,6.260826961967222,0.9473684210526315,0.72,25,19
9485,10,TCF7,9485,-1.0,3.2602466903730583,0.31577230652093713,4.921862756522651e-10,-5.12842476197353,4.2255665974262815,0.9473684210526315,0.72,25,19
9488,10,TCF7,9488,-1.0,3.2602466903730583,-0.2831004119500772,2.8827777904357858e-08,2.835298080586913,1.901383205453544,0.9473684210526315,0.72,25,19
9484,10,TCF7,9484,-1.0,3.2602466903730583,0.3410963088991087,1.464837042676218e-11,-11.343062182000375,9.358969274012972,0.9473684210526315,0.72,25,19
9491,10,TCF7,9491,-1.0,3.2602466903730583,0.4218305341251173,1.9379650831947805e-17,-3.6897403284792065,2.6902934961817286,0.9473684210526315,0.72,25,19
9479,10,TCF7,9479,-1.0,3.2602466903730583,0.2550610170208466,6.396956850533185e-07,-9.018360142985605,7.071419350728506,0.9473684210526315,0.72,25,19
9469,10,TCF7,9469,-1.0,3.2602466903730583,0.2588068722578765,4.314634083408128e-07,-6.133628430251029,4.812040435271036,0.9473684210526315,0.72,25,19
9473,10,TCF7,9473,-1.0,3.2602466903730583,0.5155784338377156,1.3903063337262477e-26,-8.404732716561858,6.651389575668887,0.9473684210526315,0.72,25,19
9475,10,TCF7,9475,-1.0,3.2602466903730583,0.33609627364952993,3.0086646041979835e-11,-11.233210486806747,8.906871195544907,0.9473684210526315,0.72,25,19
9483,10,TCF7,9483,-1.0,3.2602466903730583,0.26014071631844,3.7445213125969863e-07,-6.662165213660303,5.198665091131341,0.9473684210526315,0.72,25,19
9480,10,TCF7,9480,-1.0,3.2602466903730583,-0.2824151601388364,3.1228491773189185e-08,3.5302463823603536,2.5630790455443337,0.9473684210526315,0.72,25,19
9477,10,TCF7,9477,-1.0,3.2602466903730583,0.2559937208750356,5.802798602845575e-07,-7.147908244895058,6.097432277102116,0.9473684210526315,0.72,25,19
9478,10,TCF7,9478,-1.0,3.2602466903730583,0.35692783471237527,1.3756564578529056e-12,-5.058372567663113,3.8470151084134243,0.9473684210526315,0.72,25,19
9481,10,TCF7,9481,-1.0,3.2602466903730583,0.27328692922119585,8.880156302537899e-08,-10.08745065186134,7.868299204846112,0.9473684210526315,0.72,25,19
9486,10,TCF7,9486,-1.0,3.2602466903730583,0.448076195489464,1.0114714631886422e-19,-4.442365902582302,3.3490704852972306,0.9473684210526315,0.72,25,19
3581,10,NR2C2,3581,-1.0,7.413649444470678,0.2614947701374969,3.240167243559925e-07,-4.392862591419708,3.515534216154351,1.0,1.0,25,25
3589,10,NR2C2,3589,-1.0,7.413649444470678,0.40272079748647005,6.732860851876752e-16,-6.485846291682204,5.527872159603123,1.0,1.0,25,25
3588,10,NR2C2,3588,-1.0,7.413649444470678,0.46799244249031224,1.3683400514614661e-21,-5.720434175544559,4.582587848301376,1.0,1.0,25,25
3592,10,NR2C2,3592,-1.0,7.413649444470678,-0.2986097566134085,4.44813283877302e-09,3.7847091585544055,2.7792421492705492,1.0,1.0,25,25
3600,10,NR2C2,3600,-1.0,7.413649444470678,0.2827794057861009,2.992931181432683e-08,-6.154558886716194,4.945886380261063,1.0,1.0,25,25
3593,10,NR2C2,3593,-1.0,7.413649444470678,0.5013258541560429,5.265413572694795e-25,-8.617930786921631,6.826134548161671,1.0,1.0,25,25
3594,10,NR2C2,3594,-1.0,7.413649444470678,0.5686798092762793,3.609854506528142e-33,-11.89916061359244,9.575800795225497,1.0,1.0,25,25
3585,10,NR2C2,3585,-1.0,7.413649444470678,0.5682953538705213,4.069375748407411e-33,-8.178639106378816,6.569594083824757,1.0,1.0,25,25
3584,10,NR2C2,3584,-1.0,7.413649444470678,0.5516817574029991,6.231473600597607e-31,-7.816941200750705,6.503940759360695,1.0,1.0,25,25
3587,10,NR2C2,3587,-1.0,7.413649444470678,-0.2603310640437847,3.6693175909148474e-07,4.2554161530823995,3.2300132262243166,1.0,1.0,25,25
3595,10,NR2C2,3595,-1.0,7.413649444470678,0.4157986262064169,6.086778671162224e-17,-4.102883496567896,3.103488289938748,1.0,1.0,25,25
3599,10,NR2C2,3599,-1.0,7.413649444470678,0.4512752122612135,5.1639443346500957e-20,-6.789034573484089,5.771218859990052,1.0,1.0,25,25
3601,10,NR2C2,3601,-1.0,7.413649444470678,0.315132879162094,5.356288935871528e-10,-6.260409782953216,5.331430469987934,1.0,1.0,25,25
3591,10,NR2C2,3591,-1.0,7.413649444470678,0.413212247113647,9.873341594178647e-17,-4.378777180822117,3.292561219013815,1.0,1.0,25,25
3582,10,NR2C2,3582,-1.0,7.413649444470678,-0.2416950817437732,2.481146192381974e-06,5.254274118947055,4.106156351299913,1.0,1.0,25,25
3602,10,NR2C2,3602,-1.0,7.413649444470678,0.1061346016915098,0.04103536648681066,-2.8925118193232007,1.965251551497672,1.0,1.0,25,25
3597,10,NR2C2,3597,-1.0,7.413649444470678,0.3552262200466704,1.7852646612192834e-12,-6.125228816009845,5.810156713183802,1.0,1.0,25,25
3580,10,NR2C2,3580,-1.0,7.413649444470678,0.4481234299250124,1.0015322262993306e-19,-9.260211453014849,9.320479457380115,1.0,1.0,25,25
3596,10,NR2C2,3596,-1.0,7.413649444470678,0.6386918176327794,6.521704338595499e-44,-9.35270149185692,7.977552637915695,1.0,1.0,25,25
3603,10,NR2C2,3603,-1.0,7.413649444470678,0.3751741916684096,7.612913077125697e-14,-8.582742420658242,6.887563088800654,1.0,1.0,25,25
3590,10,NR2C2,3590,-1.0,7.413649444470678,0.4459146913194388,1.5867084898062011e-19,-4.492742063715229,3.3806696955060986,1.0,1.0,25,25
3598,10,NR2C2,3598,-1.0,7.413649444470678,0.6996825187939004,7.735761307729558e-56,-10.367965123035008,8.109959654626062,1.0,1.0,25,25
3586,10,NR2C2,3586,-1.0,7.413649444470678,0.25989843421371117,3.8423883711379964e-07,-3.616123143953399,2.6913286549068793,1.0,1.0,25,25
3583,10,NR2C2,3583,-1.0,7.413649444470678,0.5156005235737433,1.3823124105845788e-26,-9.289300789106894,7.677375443968419,1.0,1.0,25,25
3579,10,NR2C2,3579,-1.0,7.413649444470678,0.7859387080324391,4.739016276246761e-79,-11.46486426894679,8.768430106838563,1.0,1.0,25,25
793,10,KLF7,793,-1.0,9.080298353153301,-0.3787266442166017,4.2409326388141806e-14,5.724304741698481,4.569992456441242,1.0,0.96,25,24
791,10,KLF7,791,-1.0,9.080298353153301,0.6150908146647648,5.473046675456066e-40,-3.459212274274147,2.5652633338207393,1.0,0.96,25,24
792,10,KLF7,792,-1.0,9.080298353153301,0.4262242766198944,8.29765873910014e-18,-7.8751990741320075,6.515659054122742,1.0,0.96,25,24
796,10,KLF7,796,-1.0,9.080298353153301,0.41368976140735125,9.032646579873361e-17,-7.1234912207816965,5.692235033822364,1.0,0.96,25,24
811,10,KLF7,811,-1.0,9.080298353153301,0.15170478712779384,0.003398885935003984,-2.8097712101371255,1.8964625911560684,1.0,0.96,25,24
802,10,KLF7,802,-1.0,9.080298353153301,0.25193508437574175,8.844197696032348e-07,-5.673124048326025,4.497794101515256,1.0,0.96,25,24
812,10,KLF7,812,-1.0,9.080298353153301,0.20106383228720417,9.635565586911062e-05,-3.842800340802604,2.8763361500294153,1.0,0.96,25,24
789,10,KLF7,789,-1.0,9.080298353153301,0.5676672063768838,4.947710452293119e-33,-11.991123525482935,9.272159100276216,1.0,0.96,25,24
800,10,KLF7,800,-1.0,9.080298353153301,0.3596462822269274,9.042083361985395e-13,-6.70815179798355,5.411729084985703,1.0,0.96,25,24
813,10,KLF7,813,-1.0,9.080298353153301,0.5114854877484215,4.0177552381946483e-26,-10.469862215034821,8.180774351086114,1.0,0.96,25,24
810,10,KLF7,810,-1.0,9.080298353153301,0.43019901912172154,3.810933027577525e-18,-5.973044753740421,4.721393568353471,1.0,0.96,25,24
804,10,KLF7,804,-1.0,9.080298353153301,0.35515501589756004,1.8047806037549826e-12,-10.955987643541608,8.829553990771279,1.0,0.96,25,24
808,10,KLF7,808,-1.0,9.080298353153301,-0.3410124149016419,1.4827927693467762e-11,3.532458698720598,2.561163652171619,1.0,0.96,25,24
794,10,KLF7,794,-1.0,9.080298353153301,0.39418005954828844,3.0585087060096022e-15,-9.259656783587822,13.22846748680394,1.0,0.96,25,24
807,10,KLF7,807,-1.0,9.080298353153301,0.31330037106056585,6.817999628501435e-10,-7.749113539666045,7.183103911054056,1.0,0.96,25,24
790,10,KLF7,790,-1.0,9.080298353153301,0.24724524541931728,1.426499068017546e-06,-9.89423131888078,10.247541327202114,1.0,0.96,25,24
806,10,KLF7,806,-1.0,9.080298353153301,0.18916897943069585,0.00024782600676180946,-2.7461630394885304,1.8277920216961971,1.0,0.96,25,24
795,10,KLF7,795,-1.0,9.080298353153301,0.17920956344571684,0.0005237807159496583,-6.2074900565865505,5.010805846741021,1.0,0.96,25,24
799,10,KLF7,799,-1.0,9.080298353153301,0.26811863598230007,1.5780644898723248e-07,-7.558324287411076,5.925685034039492,1.0,0.96,25,24
803,10,KLF7,803,-1.0,9.080298353153301,0.3254819204910501,1.3289755039029155e-10,-5.583087756211508,4.341634835589978,1.0,0.96,25,24
801,10,KLF7,801,-1.0,9.080298353153301,0.5040276168699784,2.6786192808803272e-25,-7.905890608597147,6.529318462629196,1.0,0.96,25,24
797,10,KLF7,797,-1.0,9.080298353153301,0.3440499886026362,9.516718325784587e-12,-5.985865356855859,4.702202275276702,1.0,0.96,25,24
798,10,KLF7,798,-1.0,9.080298353153301,0.23373431687491336,5.363897948462462e-06,-5.457504856783512,4.418205928927058,1.0,0.96,25,24
809,10,KLF7,809,-1.0,9.080298353153301,-0.3380641401335254,2.269966361906655e-11,5.128453598936843,4.043546063197981,1.0,0.96,25,24
1858,10,ETV6,1858,-1.0,9.067594413714344,0.12452806688960068,0.016402500289262774,-5.003832802916704,4.060920176526629,1.0,0.84,25,21
1867,10,ETV6,1867,-1.0,9.067594413714344,0.38010748771552183,3.371759395990458e-14,-10.428143483728217,8.400340234264595,1.0,0.84,25,21
1847,10,ETV6,1847,-1.0,9.067594413714344,0.34817254433809514,5.173018345664583e-12,-7.175889766871091,5.8738851253032065,1.0,0.84,25,21
1863,10,ETV6,1863,-1.0,9.067594413714344,0.5574751431720392,1.113130524168941e-31,-6.874083251849642,5.645471329499232,1.0,0.84,25,21
1850,10,ETV6,1850,-1.0,9.067594413714344,0.41366884665728243,9.06794991612766e-17,-10.293321235777402,8.43491696769882,1.0,0.84,25,21
1846,10,ETV6,1846,-1.0,9.067594413714344,0.5961521559817361,4.519206065843089e-37,-4.2112152209824965,3.2619350561331846,1.0,0.84,25,21
1853,10,ETV6,1853,-1.0,9.067594413714344,0.1664851705022125,0.001289082945204479,-4.054137221596043,3.1014401306783492,1.0,0.84,25,21
1860,10,ETV6,1860,-1.0,9.067594413714344,0.2596589720752837,3.941529202408005e-07,-9.024994053592387,7.190880762258635,1.0,0.84,25,21
1856,10,ETV6,1856,-1.0,9.067594413714344,0.29566430181159337,6.398655217645231e-09,-3.2125043195416363,2.3059483980379882,1.0,0.84,25,21
1854,10,ETV6,1854,-1.0,9.067594413714344,0.39500419469987336,2.6479319711532263e-15,-5.638806951980695,4.547220215378097,1.0,0.84,25,21
1851,10,ETV6,1851,-1.0,9.067594413714344,0.40264865334859246,6.820742816710998e-16,-4.803557737731319,3.6704199338742627,1.0,0.84,25,21
1865,10,ETV6,1865,-1.0,9.067594413714344,0.2811668550560821,3.6107270915771895e-08,-2.8861809642551637,2.0152881598627954,1.0,0.84,25,21
1862,10,ETV6,1862,-1.0,9.067594413714344,0.34551731106813277,7.668371395005008e-12,-10.75354671316922,8.304485205007763,1.0,0.84,25,21
1868,10,ETV6,1868,-1.0,9.067594413714344,0.24176205594343153,2.464823452946526e-06,-6.711007688740398,5.326799780128178,1.0,0.84,25,21
1848,10,ETV6,1848,-1.0,9.067594413714344,0.595349875568987,5.948066134981216e-37,-12.253262569759032,14.507243114349631,1.0,0.84,25,21
1861,10,ETV6,1861,-1.0,9.067594413714344,0.2204945750898277,1.8228530244035985e-05,-4.309631811367891,3.3497825262929446,1.0,0.84,25,21
1855,10,ETV6,1855,-1.0,9.067594413714344,0.33534005268637046,3.350907782822133e-11,-5.147084586872834,3.9245308168088617,1.0,0.84,25,21
1844,10,ETV6,1844,-1.0,9.067594413714344,0.49618693556612004,1.8731549217771472e-24,-11.240462480656191,8.650650947710867,1.0,0.84,25,21
1849,10,ETV6,1849,-1.0,9.067594413714344,0.6976366332422329,2.1740218305802765e-55,-7.530045927825083,6.253586958846815,1.0,0.84,25,21
1845,10,ETV6,1845,-1.0,9.067594413714344,0.4446844810204518,2.0472412647284888e-19,-7.451268557062086,7.3822237385823835,1.0,0.84,25,21
1864,10,ETV6,1864,-1.0,9.067594413714344,0.5901836973048172,3.425479798682831e-36,-9.006543502400993,7.516068038044353,1.0,0.84,25,21
4024,10,NFKB1,4024,-1.0,7.777880890415429,0.37478879627388456,8.108304266093251e-14,-5.189262517773026,4.046663999534005,1.0,0.8,25,20
4011,10,NFKB1,4011,-1.0,7.777880890415429,0.513218827035017,2.5678336784298258e-26,-12.934171359201349,10.954175507013373,1.0,0.8,25,20
4010,10,NFKB1,4010,-1.0,7.777880890415429,0.42015218418139905,2.6708559923101002e-17,-9.957996482186076,7.651190371342118,1.0,0.8,25,20
4009,10,NFKB1,4009,-1.0,7.777880890415429,0.311197146194103,8.975351203988286e-10,-7.326669779863851,5.964954605082984,1.0,0.8,25,20
4021,10,NFKB1,4021,-1.0,7.777880890415429,0.46766297642743176,1.4726990683448737e-21,-9.659954048645767,7.533545520885546,1.0,0.8,25,20
4016,10,NFKB1,4016,-1.0,7.777880890415429,0.4178980911178111,4.097514817425828e-17,-5.701380667605141,4.51560933303858,1.0,0.8,25,20
4019,10,NFKB1,4019,-1.0,7.777880890415429,0.5549801779868732,2.346879959087138e-31,-7.501113391715009,6.146953374856638,1.0,0.8,25,20
4026,10,NFKB1,4026,-1.0,7.777880890415429,0.38088274345121576,2.9629734465123156e-14,-6.900304055997953,5.444310675305456,1.0,0.8,25,20
4017,10,NFKB1,4017,-1.0,7.777880890415429,0.3096111501467557,1.1027190591197337e-09,-4.29967324305571,3.355068168468393,1.0,0.8,25,20
4013,10,NFKB1,4013,-1.0,7.777880890415429,0.5266728862590093,7.277871417681551e-28,-5.9065786268514975,5.16790121002749,1.0,0.8,25,20
4006,10,NFKB1,4006,-1.0,7.777880890415429,0.542718024519607,8.387466816502415e-30,-11.045035089479684,16.073265722103958,1.0,0.8,25,20
4002,10,NFKB1,4002,-1.0,7.777880890415429,0.6733790481203751,2.4140818205403517e-50,-12.451748975327618,9.601614868870262,1.0,0.8,25,20
4012,10,NFKB1,4012,-1.0,7.777880890415429,0.5656532804432988,9.232266064216125e-33,-5.742996160250683,4.732696820968964,1.0,0.8,25,20
4023,10,NFKB1,4023,-1.0,7.777880890415429,0.5804531685846355,8.51715384306706e-35,-7.312796456150224,5.789396988252524,1.0,0.8,25,20
4008,10,NFKB1,4008,-1.0,7.777880890415429,-0.4455831102818322,1.6996949398573724e-19,7.024629252611678,5.733819397584581,1.0,0.8,25,20
4005,10,NFKB1,4005,-1.0,7.777880890415429,0.5077405725001587,1.0477212563036036e-25,-3.774460828382623,2.8588050434182732,1.0,0.8,25,20
4003,10,NFKB1,4003,-1.0,7.777880890415429,0.4440335387992114,2.3417874734313077e-19,-4.050833303690335,3.109375059972365,1.0,0.8,25,20
4022,10,NFKB1,4022,-1.0,7.777880890415429,0.39331197992183997,3.558458988228651e-15,-7.9788657581306,6.462763595778797,1.0,0.8,25,20
4007,10,NFKB1,4007,-1.0,7.777880890415429,0.5211133226957939,3.234952352900798e-27,-8.447661092796963,7.049493120832623,1.0,0.8,25,20
4004,10,NFKB1,4004,-1.0,7.777880890415429,0.2621224476367508,3.029168426899656e-07,-9.927019092808289,11.126799902609195,1.0,0.8,25,20
1659,10,SP8,1659,-1.0,9.116153010864377,0.3567608146607876,1.4114004731349885e-12,-11.351169193332831,9.284765409950376,1.0,0.7777777777777778,18,14
1649,10,SP8,1649,-1.0,9.116153010864377,0.3782726628286657,4.5719933447621304e-14,-9.0324167149025,9.085924044451744,1.0,0.7777777777777778,18,14
1648,10,SP8,1648,-1.0,9.116153010864377,0.3747848148345213,8.113583240521069e-14,-12.82691678132936,9.967910370960823,1.0,0.7777777777777778,18,14
1657,10,SP8,1657,-1.0,9.116153010864377,0.130144163464379,0.012108243895634276,-9.680941743714818,7.867568665300337,1.0,0.7777777777777778,18,14
1660,10,SP8,1660,-1.0,9.116153010864377,0.3321223053410063,5.2823526116859345e-11,-2.926432046730722,2.2388443379987217,1.0,0.7777777777777778,18,14
1656,10,SP8,1656,-1.0,9.116153010864377,0.2834528314507764,2.766356702251067e-08,-4.178844248272789,3.2357029217899504,1.0,0.7777777777777778,18,14
1662,10,SP8,1662,-1.0,9.116153010864377,0.3298867011909477,7.224527283624868e-11,-9.861404797605374,8.473681040814505,1.0,0.7777777777777778,18,14
1650,10,SP8,1650,-1.0,9.116153010864377,0.3689570198247821,2.083604300436617e-13,-7.70514023025153,6.6274972149027604,1.0,0.7777777777777778,18,14
1651,10,SP8,1651,-1.0,9.116153010864377,0.3435881104462464,1.0183729247925646e-11,-11.493557378377803,12.99804866195051,1.0,0.7777777777777778,18,14
1655,10,SP8,1655,-1.0,9.116153010864377,0.369190302509269,2.0071380952663973e-13,-6.244289086403195,5.567282675224003,1.0,0.7777777777777778,18,14
1661,10,SP8,1661,-1.0,9.116153010864377,0.39285257169380255,3.854618358143558e-15,-7.0298644336756455,6.033669003478417,1.0,0.7777777777777778,18,14
1652,10,SP8,1652,-1.0,9.116153010864377,0.33779850544312395,2.358230140669108e-11,-6.655743490312366,5.304474302896772,1.0,0.7777777777777778,18,14
1664,10,SP8,1664,-1.0,9.116153010864377,0.1847299813966396,0.0003475916504698696,-4.8076958388080655,3.7436143576956846,1.0,0.7777777777777778,18,14
1663,10,SP8,1663,-1.0,9.116153010864377,0.21498772945273703,2.9679332534944833e-05,-3.697131239663931,2.687051802606115,1.0,0.7777777777777778,18,14
9769,10,WT1,9769,-1.0,7.722690708244168,0.2145015465247437,3.0966052375207315e-05,-8.669956668252789,7.110540682641901,1.0,0.6666666666666666,3,2
9771,10,WT1,9771,-1.0,7.722690708244168,0.2613553745261438,3.2889078863812183e-07,-7.676176961903212,6.51452741201851,1.0,0.6666666666666666,3,2
2570,10,BHLHE40,2570,-1.0,5.782453244228221,0.32104399852421767,2.4318444391661625e-10,-8.207433345765057,6.671083447358715,1.0,0.8888888888888888,18,16
2571,10,BHLHE40,2571,-1.0,5.782453244228221,0.36819430507805434,2.3540387457751574e-13,-4.768210656538748,3.6295161024544496,1.0,0.8888888888888888,18,16
2565,10,BHLHE40,2565,-1.0,5.782453244228221,0.2614301459097564,3.262676571943715e-07,-8.952064483450707,6.920422628145523,1.0,0.8888888888888888,18,16
2577,10,BHLHE40,2577,-1.0,5.782453244228221,0.17306532686934395,0.0008153841602902164,-2.296856724155212,1.4686788966347746,1.0,0.8888888888888888,18,16
2566,10,BHLHE40,2566,-1.0,5.782453244228221,-0.37440669084004446,8.630572639023068e-14,5.302034705952105,4.176269248953681,1.0,0.8888888888888888,18,16
2573,10,BHLHE40,2573,-1.0,5.782453244228221,0.15107099970155358,0.0035367465142139842,-3.9876228831608995,2.9146080217153427,1.0,0.8888888888888888,18,16
2569,10,BHLHE40,2569,-1.0,5.782453244228221,0.1636656741951934,0.0015607688057220385,-5.450130040854765,4.311418154295992,1.0,0.8888888888888888,18,16
2579,10,BHLHE40,2579,-1.0,5.782453244228221,-0.23788366229023566,3.6009412722919412e-06,2.8415994041819213,1.9585659433732012,1.0,0.8888888888888888,18,16
2575,10,BHLHE40,2575,-1.0,5.782453244228221,-0.3084143094490021,1.2870268529669822e-09,3.270172929225411,2.2808277429452115,1.0,0.8888888888888888,18,16
2563,10,BHLHE40,2563,-1.0,5.782453244228221,0.33777133363256306,2.367445067124071e-11,-11.824599716017175,9.05451315114862,1.0,0.8888888888888888,18,16
2564,10,BHLHE40,2564,-1.0,5.782453244228221,0.33498896688184576,3.5224222666583215e-11,-4.45877508093331,3.57160472946627,1.0,0.8888888888888888,18,16
2578,10,BHLHE40,2578,-1.0,5.782453244228221,0.17648876595924679,0.0006383230807430837,-11.375730412203785,9.084603904193605,1.0,0.8888888888888888,18,16
2576,10,BHLHE40,2576,-1.0,5.782453244228221,0.4670975731840005,1.6703676004119186e-21,-9.419741994088895,7.616751298748047,1.0,0.8888888888888888,18,16
2580,10,BHLHE40,2580,-1.0,5.782453244228221,0.24941967443489052,1.1442645660381912e-06,-7.9314147440417795,6.202344886996713,1.0,0.8888888888888888,18,16
2567,10,BHLHE40,2567,-1.0,5.782453244228221,0.26479060575226127,2.270728455963572e-07,-6.836710116302576,5.70463829851157,1.0,0.8888888888888888,18,16
2568,10,BHLHE40,2568,-1.0,5.782453244228221,0.21453974625003236,3.08630730643437e-05,-6.057805875248909,4.7619373625633585,1.0,0.8888888888888888,18,16
6834,10,ISL2,6834,-1.0,6.00055501808468,0.43417449104902817,1.7320482592520069e-18,-6.083740196602936,4.966558868000939,0.9473684210526315,0.72,25,19
6830,10,ISL2,6830,-1.0,6.00055501808468,0.3805426605746736,3.135943670694755e-14,-6.992129094642686,6.2291360281740875,0.9473684210526315,0.72,25,19
6829,10,ISL2,6829,-1.0,6.00055501808468,0.39902996442516153,1.3019073898406441e-15,-5.613879584830094,4.53933839395376,0.9473684210526315,0.72,25,19
6826,10,ISL2,6826,-1.0,6.00055501808468,0.40319120899472827,6.186467441127156e-16,-5.229763646558339,4.055382411662869,0.9473684210526315,0.72,25,19
6845,10,ISL2,6845,-1.0,6.00055501808468,0.38882888717059105,7.722632543691265e-15,-7.513305728723483,6.732879713417604,0.9473684210526315,0.72,25,19
6840,10,ISL2,6840,-1.0,6.00055501808468,0.17663084499715204,0.0006318091319299848,-4.85660978880043,3.7264260204215507,0.9473684210526315,0.72,25,19
6844,10,ISL2,6844,-1.0,6.00055501808468,0.2637461892392321,2.5428472633295935e-07,-4.187280472508514,3.1147878496809347,0.9473684210526315,0.72,25,19
6836,10,ISL2,6836,-1.0,6.00055501808468,0.29729492849053457,5.234659454456881e-09,-5.753972015145879,4.624988868103171,0.9473684210526315,0.72,25,19
6828,10,ISL2,6828,-1.0,6.00055501808468,0.20350138952021316,7.884831008917272e-05,-12.521263732392255,10.469060580328144,0.9473684210526315,0.72,25,19
6835,10,ISL2,6835,-1.0,6.00055501808468,-0.1907986677258579,0.0002184581744088259,3.696231655637822,2.6903798530289706,0.9473684210526315,0.72,25,19
6825,10,ISL2,6825,-1.0,6.00055501808468,0.3386507107309715,2.0863197383039382e-11,-7.407973931909914,6.158784901825777,0.9473684210526315,0.72,25,19
6823,10,ISL2,6823,-1.0,6.00055501808468,0.37333842349874036,1.0271685722874236e-13,-11.492349206710454,14.013794196473528,0.9473684210526315,0.72,25,19
6822,10,ISL2,6822,-1.0,6.00055501808468,0.37358920017747443,9.860957164020483e-14,-4.581392973239758,3.6119834820629713,0.9473684210526315,0.72,25,19
6821,10,ISL2,6821,-1.0,6.00055501808468,0.2753005186747272,7.074863211989485e-08,-11.52134723924988,8.8935593338873,0.9473684210526315,0.72,25,19
6837,10,ISL2,6837,-1.0,6.00055501808468,-0.4241535491552385,1.2394957107668034e-17,2.846351965918903,1.9199517445847023,0.9473684210526315,0.72,25,19
6842,10,ISL2,6842,-1.0,6.00055501808468,0.36448141505376064,4.2443815653521217e-13,-4.592985627468856,3.6655150739748947,0.9473684210526315,0.72,25,19
6824,10,ISL2,6824,-1.0,6.00055501808468,0.4711540436422606,6.731671861272152e-22,-7.376254894744449,6.1167999629864696,0.9473684210526315,0.72,25,19
6843,10,ISL2,6843,-1.0,6.00055501808468,0.4112278362672109,1.4269834495005136e-16,-2.5882529217070647,1.720183527387998,0.9473684210526315,0.72,25,19
5222,10,GMEB1,5222,-1.0,9.094943540345673,0.48420160879077495,3.3293605573296925e-23,-9.929382808843732,8.076417147333364,1.0,1.0,4,4
5221,10,GMEB1,5221,-1.0,9.094943540345673,0.5928934499232734,1.372828109602411e-36,-5.467162285000677,4.371720139962572,1.0,1.0,4,4
5220,10,GMEB1,5220,-1.0,9.094943540345673,0.647400813560278,1.8976635742948933e-45,-5.861010085840329,4.606752788282584,1.0,1.0,4,4
5219,10,GMEB1,5219,-1.0,9.094943540345673,0.687353626124168,3.439803583991458e-53,-11.060152665704488,8.477228212180055,1.0,1.0,4,4
1081,10,GLIS2,1081,-1.0,9.103695925015078,0.5361138984389138,5.420468591486268e-29,-8.06128173460941,6.455637374526815,0.9130434782608695,0.84,25,23
1078,10,GLIS2,1078,-1.0,9.103695925015078,0.3764149768410268,6.210922760582861e-14,-6.204567844880093,4.792387067544608,0.9130434782608695,0.84,25,23
1072,10,GLIS2,1072,-1.0,9.103695925015078,0.30961937504846815,1.101545795406543e-09,-7.854098086949204,6.742073135047097,0.9130434782608695,0.84,25,23
1082,10,GLIS2,1082,-1.0,9.103695925015078,0.5195874859295432,4.848390531120334e-27,-4.439174182077346,3.3940988870292967,0.9130434782608695,0.84,25,23
1066,10,GLIS2,1066,-1.0,9.103695925015078,0.43404216319614985,1.778411377912649e-18,-8.051846001557918,6.654326942618644,0.9130434782608695,0.84,25,23
1071,10,GLIS2,1071,-1.0,9.103695925015078,0.1847442173066032,0.0003472189985558104,-8.468478489652703,6.739538120386286,0.9130434782608695,0.84,25,23
1064,10,GLIS2,1064,-1.0,9.103695925015078,0.511780174226918,3.723994363793861e-26,-3.8784074101266244,2.966826172419219,0.9130434782608695,0.84,25,23
1080,10,GLIS2,1080,-1.0,9.103695925015078,0.4319370583521528,2.7030926429873204e-18,-12.50936841631896,9.726231791274678,0.9130434782608695,0.84,25,23
1079,10,GLIS2,1079,-1.0,9.103695925015078,0.4166093665180702,5.2259010015736176e-17,-11.143827053431343,8.731318694608065,0.9130434782608695,0.84,25,23
1065,10,GLIS2,1065,-1.0,9.103695925015078,0.5105628887734792,5.093450731268863e-26,-9.46486283611227,9.208899796994382,0.9130434782608695,0.84,25,23
1077,10,GLIS2,1077,-1.0,9.103695925015078,0.31672428014485227,4.3378809739810346e-10,-5.028067964705577,3.9912186697465333,0.9130434782608695,0.84,25,23
1075,10,GLIS2,1075,-1.0,9.103695925015078,0.5672176567490019,5.6890115508332814e-33,-5.5706988453157225,4.523286742267297,0.9130434782608695,0.84,25,23
1069,10,GLIS2,1069,-1.0,9.103695925015078,0.4214911981801817,2.0681115681964904e-17,-5.957756356981142,4.6876672575998874,0.9130434782608695,0.84,25,23
1085,10,GLIS2,1085,-1.0,9.103695925015078,0.24567029423998388,1.6713491658208424e-06,-7.4151527898771015,6.02994900911983,0.9130434782608695,0.84,25,23
1076,10,GLIS2,1076,-1.0,9.103695925015078,0.39113661091749957,5.190226269704694e-15,-7.610426246147818,6.772130623782062,0.9130434782608695,0.84,25,23
1062,10,GLIS2,1062,-1.0,9.103695925015078,0.40222918336125885,7.35446534965811e-16,-4.793986150342612,3.85273494550008,0.9130434782608695,0.84,25,23
1061,10,GLIS2,1061,-1.0,9.103695925015078,0.5735529460422948,7.797015316082627e-34,-11.713696992778045,8.997180617782934,0.9130434782608695,0.84,25,23
1074,10,GLIS2,1074,-1.0,9.103695925015078,0.41791900586787994,4.0813358946665276e-17,-10.283581294743858,7.905959695782065,0.9130434782608695,0.84,25,23
1084,10,GLIS2,1084,-1.0,9.103695925015078,0.3566096485147003,1.444532896545802e-12,-7.38722680479552,5.945966184565583,0.9130434782608695,0.84,25,23
1068,10,GLIS2,1068,-1.0,9.103695925015078,0.49640125300502663,1.77735520276362e-24,-13.765837531745321,11.916914213770244,0.9130434782608695,0.84,25,23
1063,10,GLIS2,1063,-1.0,9.103695925015078,0.647995826449874,1.4839907345221875e-45,-9.935177783758515,8.876977812067814,0.9130434782608695,0.84,25,23
5062,10,NFYC,5062,-1.0,3.110231580030807,0.5403093033038255,1.6645032910168634e-29,-8.435076160121204,7.195189735486713,1.0,0.8461538461538461,13,11
5060,10,NFYC,5060,-1.0,3.110231580030807,0.5561913535133255,1.635210112476841e-31,-7.164739877352169,5.949245303774194,1.0,0.8461538461538461,13,11
5063,10,NFYC,5063,-1.0,3.110231580030807,0.6625879770736741,2.990840889357535e-48,-6.560033653336855,5.471797067996981,1.0,0.8461538461538461,13,11
5061,10,NFYC,5061,-1.0,3.110231580030807,0.5298559232217175,3.059585650848273e-28,-7.701140896880654,7.487072422265706,1.0,0.8461538461538461,13,11
5064,10,NFYC,5064,-1.0,3.110231580030807,0.4985319725429281,1.052514251673167e-24,-3.887562248447555,2.841597285971828,1.0,0.8461538461538461,13,11
5069,10,NFYC,5069,-1.0,3.110231580030807,0.13899120405511156,0.0073369352521913695,-3.587828878554211,2.7366740467601316,1.0,0.8461538461538461,13,11
5071,10,NFYC,5071,-1.0,3.110231580030807,0.44026277385985246,5.072992337386042e-19,-3.1510665078983173,2.2051409475095785,1.0,0.8461538461538461,13,11
5068,10,NFYC,5068,-1.0,3.110231580030807,0.2593130562089783,4.0890947137964087e-07,-9.425577928515535,8.950971100972737,1.0,0.8461538461538461,13,11
5066,10,NFYC,5066,-1.0,3.110231580030807,0.40064765226055554,9.761092862043016e-16,-2.6157660925070534,1.7830160171691949,1.0,0.8461538461538461,13,11
5059,10,NFYC,5059,-1.0,3.110231580030807,0.5396773958551195,1.9905601757112435e-29,-11.988319561890355,9.30180545513735,1.0,0.8461538461538461,13,11
5065,10,NFYC,5065,-1.0,3.110231580030807,0.5648434801204126,1.1849950610245775e-32,-5.812737375259531,4.646178281737626,1.0,0.8461538461538461,13,11
1835,10,SATB1,1835,-1.0,6.132893181773292,0.3474903474903475,5.72561070725616e-12,-2.4746231389112485,1.6232429831057937,1.0,0.88,25,22
1829,10,SATB1,1829,-1.0,6.132893181773292,0.4022825277237938,7.284381999617319e-16,-6.785963454508473,5.79499109866445,1.0,0.88,25,22
1819,10,SATB1,1819,-1.0,6.132893181773292,0.3630194319177886,5.342113756401984e-13,-11.610598464552774,8.935214781398262,1.0,0.88,25,22
1837,10,SATB1,1837,-1.0,6.132893181773292,0.37716438288562454,5.4901554390072895e-14,-7.606219791916362,7.659612472491459,1.0,0.88,25,22
1830,10,SATB1,1830,-1.0,6.132893181773292,0.3927689014116281,3.911099649810002e-15,-9.080024653841166,7.212514258304113,1.0,0.88,25,22
1824,10,SATB1,1824,-1.0,6.132893181773292,0.21466147479537623,3.053707340861585e-05,-5.699832739226886,4.4511551083197265,1.0,0.88,25,22
1827,10,SATB1,1827,-1.0,6.132893181773292,0.21694329752759453,2.499729752073276e-05,-8.239599246290823,6.555088452741151,1.0,0.88,25,22
1828,10,SATB1,1828,-1.0,6.132893181773292,0.2596091526706256,3.9624618677460935e-07,-5.590537745077025,4.285282440660574,1.0,0.88,25,22
1841,10,SATB1,1841,-1.0,6.132893181773292,0.24180600041829503,2.4541692795436014e-06,-7.21613623317469,5.762660428703366,1.0,0.88,25,22
1842,10,SATB1,1842,-1.0,6.132893181773292,0.06519362593617008,0.21027354319510644,-2.6317659608616917,1.7410619860901808,1.0,0.88,25,22
1838,10,SATB1,1838,-1.0,6.132893181773292,0.3595724931087073,9.146147354979866e-13,-8.57763716910042,6.6868246655769426,1.0,0.88,25,22
1836,10,SATB1,1836,-1.0,6.132893181773292,0.41191529761219353,1.256394075325165e-16,-6.112973521377562,5.116982583972118,1.0,0.88,25,22
1823,10,SATB1,1823,-1.0,6.132893181773292,0.30464612947875275,2.084273124948937e-09,-8.804175040975831,7.491573766576128,1.0,0.88,25,22
1843,10,SATB1,1843,-1.0,6.132893181773292,-0.25622942305839447,5.661254460546111e-07,6.482900102965678,5.955578995067078,1.0,0.88,25,22
1825,10,SATB1,1825,-1.0,6.132893181773292,0.24412777267311656,1.949832963746905e-06,-14.565796664694513,12.426324903047295,1.0,0.88,25,22
1820,10,SATB1,1820,-1.0,6.132893181773292,0.2763818422369853,6.25725613966772e-08,-4.435837685432074,3.4806265789740913,1.0,0.88,25,22
1839,10,SATB1,1839,-1.0,6.132893181773292,0.4177063334093158,4.248819431861421e-17,-4.62430928282339,3.820996996401082,1.0,0.88,25,22
1832,10,SATB1,1832,-1.0,6.132893181773292,0.20619687594733244,6.299260756445214e-05,-5.741118379365152,4.611116063857813,1.0,0.88,25,22
1834,10,SATB1,1834,-1.0,6.132893181773292,0.3598878593400809,8.709422075904573e-13,-5.257887876537941,4.1338215136055805,1.0,0.88,25,22
1833,10,SATB1,1833,-1.0,6.132893181773292,0.29938313237156816,4.040355493707734e-09,-3.883307850838405,2.875337173106006,1.0,0.88,25,22
1821,10,SATB1,1821,-1.0,6.132893181773292,0.34940792457530134,4.301819962614118e-12,-3.805221719631883,2.8841991203873025,1.0,0.88,25,22
1822,10,SATB1,1822,-1.0,6.132893181773292,0.3917948380516853,4.631411754489779e-15,-12.013064330329321,13.564674597020954,1.0,0.88,25,22
2618,10,SOX13,2618,-1.0,7.6152701486968315,0.14815609453467032,0.004238320902387468,-5.99964297403004,5.000328427289043,1.0,0.92,25,23
2608,10,SOX13,2608,-1.0,7.6152701486968315,0.38339368844542315,1.9449488301811934e-14,-12.510451637596017,15.28014957033728,1.0,0.92,25,23
2619,10,SOX13,2619,-1.0,7.6152701486968315,0.34662226786389905,6.512618323287755e-12,-5.202676519836617,4.274872232847436,1.0,0.92,25,23
2610,10,SOX13,2610,-1.0,7.6152701486968315,0.5215743871860731,2.8614910298631865e-27,-7.72620874689506,6.406792777987679,1.0,0.92,25,23
2612,10,SOX13,2612,-1.0,7.6152701486968315,0.3851007080465389,1.4578822116755977e-14,-9.339824829903122,7.430970334244893,1.0,0.92,25,23
2617,10,SOX13,2617,-1.0,7.6152701486968315,0.6630177869374462,2.477947598359658e-48,-9.034638467499532,7.018221908640356,1.0,0.92,25,23
2621,10,SOX13,2621,-1.0,7.6152701486968315,0.4809398477688192,7.145820759747234e-23,-6.970071043353499,5.624952371461005,1.0,0.92,25,23
2614,10,SOX13,2614,-1.0,7.6152701486968315,0.3171291803062954,4.110445149452532e-10,-5.900426396463094,4.849750887328507,1.0,0.92,25,23
2622,10,SOX13,2622,-1.0,7.6152701486968315,0.7077849869694057,1.1833480023718666e-57,-7.750684398098563,6.0942530098062955,1.0,0.92,25,23
2609,10,SOX13,2609,-1.0,7.6152701486968315,0.4374780571372172,8.923206221191349e-19,-8.167044789348159,6.780433371431285,1.0,0.92,25,23
2627,10,SOX13,2627,-1.0,7.6152701486968315,0.4338685002714218,1.841112857890648e-18,-4.317853867594072,3.2610692106972334,1.0,0.92,25,23
2624,10,SOX13,2624,-1.0,7.6152701486968315,0.4690388849853245,1.082882007504125e-21,-6.044820869675518,4.736268249732011,1.0,0.92,25,23
2607,10,SOX13,2607,-1.0,7.6152701486968315,0.3982271811851848,1.501063978346537e-15,-7.747802255193357,7.05082300870827,1.0,0.92,25,23
2606,10,SOX13,2606,-1.0,7.6152701486968315,0.5735334412753769,7.845388857042767e-34,-11.571017760671605,8.904418687843112,1.0,0.92,25,23
2616,10,SOX13,2616,-1.0,7.6152701486968315,0.3384060610475705,2.1610839531759322e-11,-7.7275442910847065,6.098416342437743,1.0,0.92,25,23
2620,10,SOX13,2620,-1.0,7.6152701486968315,0.27386831227366837,8.317716579626315e-08,-10.3699431532613,8.501365734003196,1.0,0.92,25,23
2630,10,SOX13,2630,-1.0,7.6152701486968315,0.38467888808728734,1.5657588982491628e-14,-2.651807880505505,1.7523527098809482,1.0,0.92,25,23
2629,10,SOX13,2629,-1.0,7.6152701486968315,0.5182085224081573,6.976700334425446e-27,-3.9021870355923824,2.854962045367844,1.0,0.92,25,23
2623,10,SOX13,2623,-1.0,7.6152701486968315,0.2560806698359955,5.750192881462887e-07,-7.152727430201153,5.9633825940327405,1.0,0.92,25,23
2611,10,SOX13,2611,-1.0,7.6152701486968315,0.3500875364539394,3.885457288500699e-12,-6.057688308563734,4.7651237808538305,1.0,0.92,25,23
2626,10,SOX13,2626,-1.0,7.6152701486968315,0.4498191696609226,7.018676104697365e-20,-4.720457544454583,3.595030538950602,1.0,0.92,25,23
2615,10,SOX13,2615,-1.0,7.6152701486968315,0.5818469369291037,5.41088142763968e-35,-11.128763134970637,9.485680170340164,1.0,0.92,25,23
2625,10,SOX13,2625,-1.0,7.6152701486968315,0.39100383750414186,5.310705958603498e-15,-8.265625857255781,7.54970537947892,1.0,0.92,25,23
5795,10,HIC2,5795,-1.0,9.55839375604756,0.301701379668513,3.0234693810786694e-09,-9.453411860247579,10.270061533066773,1.0,1.0,3,3
5796,10,HIC2,5796,-1.0,9.55839375604756,0.3452444793284721,7.983224251141764e-12,-7.850005315006364,6.664443407644103,1.0,1.0,3,3
5794,10,HIC2,5794,-1.0,9.55839375604756,0.6143141489459201,7.273550597697928e-40,-12.058655891393755,9.261430837535483,1.0,1.0,3,3
6796,10,MAFK,6796,-1.0,2.5634859181407252,0.24420908170147368,1.934106881292617e-06,-11.725633864396436,9.024688069333477,1.0,0.96,25,24
6801,10,MAFK,6801,-1.0,2.5634859181407252,0.3172241191717759,4.0588191161717385e-10,-6.519199397319633,5.409054237712727,1.0,0.96,25,24
6797,10,MAFK,6797,-1.0,2.5634859181407252,0.2778301299299474,5.3038133642374297e-08,-3.918260784398143,3.000835146100529,1.0,0.96,25,24
6820,10,MAFK,6820,-1.0,2.5634859181407252,0.2585072508383525,4.453717027874551e-07,-3.7793617606448993,2.8216118517827367,1.0,0.96,25,24
6799,10,MAFK,6799,-1.0,2.5634859181407252,0.35627477751640874,1.5206591244810421e-12,-7.749475434489815,6.461567014493906,1.0,0.96,25,24
6803,10,MAFK,6803,-1.0,2.5634859181407252,0.2105365690879994,4.361571417561519e-05,-10.131081590990973,7.86372246343465,1.0,0.96,25,24
6817,10,MAFK,6817,-1.0,2.5634859181407252,0.37420811821298744,8.914845693863346e-14,-3.048809759398016,2.1764072444032423,1.0,0.96,25,24
6806,10,MAFK,6806,-1.0,2.5634859181407252,0.25747091322258703,4.968763841806563e-07,-9.563577428554108,7.7626874454478205,1.0,0.96,25,24
6816,10,MAFK,6816,-1.0,2.5634859181407252,0.32734121827244167,1.0287269144189792e-10,-10.30292889944714,8.884365946682394,1.0,0.96,25,24
6802,10,MAFK,6802,-1.0,2.5634859181407252,0.3427152045533056,1.1571106489787126e-11,-6.043936748212927,4.84395639245286,1.0,0.96,25,24
6811,10,MAFK,6811,-1.0,2.5634859181407252,0.3037411552931943,2.337729810920777e-09,-4.919720447206227,3.860158709838098,1.0,0.96,25,24
6819,10,MAFK,6819,-1.0,2.5634859181407252,0.3098729370184026,1.0659645801027553e-09,-7.291844455284442,6.572066559086552,1.0,0.96,25,24
6807,10,MAFK,6807,-1.0,2.5634859181407252,0.2293175446553414,8.132799535591772e-06,-8.900288310170927,7.269270891134348,1.0,0.96,25,24
6808,10,MAFK,6808,-1.0,2.5634859181407252,0.32549038038995437,1.327433103097791e-10,-5.282071664136496,4.070354531325526,1.0,0.96,25,24
6810,10,MAFK,6810,-1.0,2.5634859181407252,0.202344096988041,8.674944438751858e-05,-5.434424094347346,4.54156407472683,1.0,0.96,25,24
6812,10,MAFK,6812,-1.0,2.5634859181407252,0.3133128259117304,6.806865167571868e-10,-7.092085541392978,5.660734943103949,1.0,0.96,25,24
6815,10,MAFK,6815,-1.0,2.5634859181407252,0.17923776310873085,0.0005227003800745085,-8.40608440371015,6.7570980328098775,1.0,0.96,25,24
6809,10,MAFK,6809,-1.0,2.5634859181407252,0.1960508721920773,0.00014445799562170424,-5.855781456598911,4.584691082926286,1.0,0.96,25,24
6814,10,MAFK,6814,-1.0,2.5634859181407252,0.3271786002157274,1.0521012434249952e-10,-5.499526279488025,4.883548220336609,1.0,0.96,25,24
6818,10,MAFK,6818,-1.0,2.5634859181407252,0.16373452837238597,0.0015535517271184085,-6.287312896006356,5.041637629637333,1.0,0.96,25,24
6798,10,MAFK,6798,-1.0,2.5634859181407252,0.3456380996247095,7.53288034369671e-12,-13.071205472052258,19.711145598260828,1.0,0.96,25,24
6813,10,MAFK,6813,-1.0,2.5634859181407252,0.3148219778773644,5.580761354349e-10,-10.78158049423894,8.742159025412972,1.0,0.96,25,24
6805,10,MAFK,6805,-1.0,2.5634859181407252,0.24060398978232211,2.762070048267439e-06,-4.199998330151657,3.2366836547773072,1.0,0.96,25,24
6800,10,MAFK,6800,-1.0,2.5634859181407252,0.2804719683599781,3.9133997418311596e-08,-6.441218216341941,5.078906598895242,1.0,0.96,25,24
8170,10,BATF3,8170,-1.0,3.3133292145263065,0.4115707917290389,1.3392161154775934e-16,-4.7828106048900985,3.663797500390334,0.6666666666666666,0.5714285714285714,7,6
8168,10,BATF3,8168,-1.0,3.3133292145263065,0.48917720433240824,1.0220990556741845e-23,-2.709516124919218,1.8330184347489225,0.6666666666666666,0.5714285714285714,7,6
8166,10,BATF3,8166,-1.0,3.3133292145263065,0.3952072322735744,2.555388016064967e-15,-6.511687799954576,5.491756884115472,0.6666666666666666,0.5714285714285714,7,6
8167,10,BATF3,8167,-1.0,3.3133292145263065,0.39054982292961604,5.743764449537936e-15,-11.735889661512118,12.11628363889236,0.6666666666666666,0.5714285714285714,7,6
3391,10,GZF1,3391,-1.0,9.09515169724329,0.6883493092257549,2.126139903342377e-53,-10.936903988320822,8.45652964368382,1.0,1.0,2,2
3392,10,GZF1,3392,-1.0,9.09515169724329,0.3825418236252077,2.2444389394926787e-14,-3.5736829707878175,2.6566148533583624,1.0,1.0,2,2
7501,10,VSX1,7501,-1.0,9.117053044718876,0.16173918687354075,0.0017755936342398475,-5.017820167476635,4.010657275641877,0.8666666666666667,0.7647058823529411,17,15
7504,10,VSX1,7504,-1.0,9.117053044718876,0.3120695193617652,8.010193397333633e-10,-8.271851487178711,7.041782004398157,0.8666666666666667,0.7647058823529411,17,15
7498,10,VSX1,7498,-1.0,9.117053044718876,0.229236579752968,8.194462745322302e-06,-10.48504347986945,11.568178735006786,0.8666666666666667,0.7647058823529411,17,15
7506,10,VSX1,7506,-1.0,9.117053044718876,0.25988882942252806,3.846318338667086e-07,-10.651221902432296,9.122536442414889,0.8666666666666667,0.7647058823529411,17,15
7507,10,VSX1,7507,-1.0,9.117053044718876,0.3452626184548763,7.961905588316223e-12,-2.2712276664154127,1.4394384007245418,0.8666666666666667,0.7647058823529411,17,15
7505,10,VSX1,7505,-1.0,9.117053044718876,0.10953929982407651,0.034935384580603294,-5.2825922702608965,4.530763098702969,0.8666666666666667,0.7647058823529411,17,15
7509,10,VSX1,7509,-1.0,9.117053044718876,-0.2721342302737516,1.0105676619595283e-07,2.564428196614243,1.704423675364079,0.8666666666666667,0.7647058823529411,17,15
7512,10,VSX1,7512,-1.0,9.117053044718876,0.2809083696106642,3.720576385481647e-08,-6.0572789167535195,4.956832264475416,0.8666666666666667,0.7647058823529411,17,15
7511,10,VSX1,7511,-1.0,9.117053044718876,0.2664814468408147,1.8885973023927417e-07,-6.732570795347636,5.770893814026785,0.8666666666666667,0.7647058823529411,17,15
7510,10,VSX1,7510,-1.0,9.117053044718876,0.07075607289705187,0.17384123670873347,-9.001680231126302,6.993550616135824,0.8666666666666667,0.7647058823529411,17,15
7496,10,VSX1,7496,-1.0,9.117053044718876,0.14496244359295193,0.0051492903455543915,-11.588318232845912,8.927037008497106,0.8666666666666667,0.7647058823529411,17,15
7497,10,VSX1,7497,-1.0,9.117053044718876,0.3321197821439579,5.2842272436894816e-11,-6.772981155509231,5.58003079930764,0.8666666666666667,0.7647058823529411,17,15
7503,10,VSX1,7503,-1.0,9.117053044718876,0.2908656633607127,1.1469572214496787e-08,-6.749319428856752,6.401176013306694,0.8666666666666667,0.7647058823529411,17,15
8920,10,HNF1A,8920,-1.0,2.9369230311547563,0.33473070496807567,3.654021651177076e-11,-7.562561448645569,6.262383727507111,0.45454545454545453,0.4,25,22
8926,10,HNF1A,8926,-1.0,2.9369230311547563,0.3781870906642666,4.637170742288229e-14,-9.310644878975157,7.280419974748679,0.45454545454545453,0.4,25,22
8923,10,HNF1A,8923,-1.0,2.9369230311547563,0.28077017979635144,3.78062028530533e-08,-6.867797346803109,5.966660594867713,0.45454545454545453,0.4,25,22
8933,10,HNF1A,8933,-1.0,2.9369230311547563,0.45280363399657375,3.735886556035564e-20,-3.3570954540546065,2.365612270382006,0.45454545454545453,0.4,25,22
8929,10,HNF1A,8929,-1.0,2.9369230311547563,0.38190874119054286,2.4958333129936024e-14,-8.77747830295661,6.8624402293252365,0.45454545454545453,0.4,25,22
8925,10,HNF1A,8925,-1.0,2.9369230311547563,0.46741857934797687,1.5551413074864252e-21,-6.867705963293506,5.428541282096498,0.45454545454545453,0.4,25,22
8921,10,HNF1A,8921,-1.0,2.9369230311547563,0.15200487854170144,0.003335325869506933,-4.984401819956833,4.143523610290803,0.45454545454545453,0.4,25,22
8928,10,HNF1A,8928,-1.0,2.9369230311547563,0.3666076040391318,3.0312349314223866e-13,-4.953372154765179,4.059788130462436,0.45454545454545453,0.4,25,22
8931,10,HNF1A,8931,-1.0,2.9369230311547563,0.4646977818615068,2.8434415774053153e-21,-5.923361159430629,4.604786068090705,0.45454545454545453,0.4,25,22
8938,10,HNF1A,8938,-1.0,2.9369230311547563,0.2657261295727516,2.050955173472278e-07,-10.894626405889701,8.41514045628525,0.45454545454545453,0.4,25,22
2394,10,E2F3,2394,-1.0,9.098234524422178,0.589378361928575,4.487661781013737e-36,-9.18885854752608,9.98678887231786,1.0,1.0,9,9
2399,10,E2F3,2399,-1.0,9.098234524422178,0.37907984499585234,3.9997120953557336e-14,-8.2064383778538,6.611589910885692,1.0,1.0,9,9
2400,10,E2F3,2400,-1.0,9.098234524422178,0.4351116354159568,1.436050545010527e-18,-2.989172000385326,2.052792548945673,1.0,1.0,9,9
2397,10,E2F3,2397,-1.0,9.098234524422178,0.6460178550866318,3.3535288932848973e-45,-5.224084571386845,4.169194368500026,1.0,1.0,9,9
2398,10,E2F3,2398,-1.0,9.098234524422178,0.5504339223146284,8.991009619964425e-31,-9.99739765374041,8.13076233289226,1.0,1.0,9,9
2393,10,E2F3,2393,-1.0,9.098234524422178,0.5988257190326576,1.7989718298321894e-37,-5.910392672199585,4.737816927631086,1.0,1.0,9,9
2392,10,E2F3,2392,-1.0,9.098234524422178,0.7324070527357199,1.420247612194298e-63,-11.930916128334331,9.243562704930378,1.0,1.0,9,9
2396,10,E2F3,2396,-1.0,9.098234524422178,0.26576584409816306,2.0420937471387908e-07,-3.72207708064347,2.8263692386699604,1.0,1.0,9,9
2395,10,E2F3,2395,-1.0,9.098234524422178,0.6671967419989331,3.913925142727208e-49,-6.755860046949848,5.5796131693631095,1.0,1.0,9,9
6231,10,ETV3,6231,-1.0,9.087890378247057,0.2856832660849703,2.1282583134601528e-08,-4.354408028397773,3.3458461598589415,1.0,0.9411764705882353,17,16
6239,10,ETV3,6239,-1.0,9.087890378247057,-0.16006152226480894,0.001984372925570161,2.987838835014065,2.0718590471444713,1.0,0.9411764705882353,17,16
6228,10,ETV3,6228,-1.0,9.087890378247057,0.5496299969215368,1.1377108338506898e-30,-8.85007284139799,7.142553128333585,1.0,0.9411764705882353,17,16
6226,10,ETV3,6226,-1.0,9.087890378247057,-0.3348747582466389,3.580038392964718e-11,5.996772797789652,4.8028231312168375,1.0,0.9411764705882353,17,16
6236,10,ETV3,6236,-1.0,9.087890378247057,0.30701513616912285,1.540549760378517e-09,-4.369584095587233,3.396203276123241,1.0,0.9411764705882353,17,16
6238,10,ETV3,6238,-1.0,9.087890378247057,0.5724538641763232,1.1040998882218547e-33,-8.063567090266137,6.599231922909797,1.0,0.9411764705882353,17,16
6232,10,ETV3,6232,-1.0,9.087890378247057,0.3785170267215307,4.390768692876021e-14,-5.259004323684144,4.277867089659777,1.0,0.9411764705882353,17,16
6230,10,ETV3,6230,-1.0,9.087890378247057,0.5421218366440521,9.943227192354886e-30,-4.716218937860215,3.586265133965062,1.0,0.9411764705882353,17,16
6237,10,ETV3,6237,-1.0,9.087890378247057,0.43617006276775,1.1612936567489759e-18,-6.224742385136533,5.193498718074367,1.0,0.9411764705882353,17,16
6235,10,ETV3,6235,-1.0,9.087890378247057,0.7567713265826473,4.05494460136036e-70,-10.018765126192898,7.893171369813775,1.0,0.9411764705882353,17,16
6227,10,ETV3,6227,-1.0,9.087890378247057,0.6135360732439248,9.66371859377109e-40,-10.957712563445224,11.378280459583706,1.0,0.9411764705882353,17,16
6234,10,ETV3,6234,-1.0,9.087890378247057,0.2900311841273497,1.2680748076879501e-08,-3.5344528941897635,2.545231621764647,1.0,0.9411764705882353,17,16
6240,10,ETV3,6240,-1.0,9.087890378247057,0.3092452595191488,1.1561581645777078e-09,-4.541952562904854,3.4732223670169984,1.0,0.9411764705882353,17,16
6229,10,ETV3,6229,-1.0,9.087890378247057,0.45523984988379396,2.2224763945902008e-20,-6.5361332188880645,5.292890858219837,1.0,0.9411764705882353,17,16
6224,10,ETV3,6224,-1.0,9.087890378247057,0.7884322632344544,7.034865928164756e-80,-11.317550188597957,8.730912143135244,1.0,0.9411764705882353,17,16
6225,10,ETV3,6225,-1.0,9.087890378247057,0.37640651694212257,6.219566256284501e-14,-6.76041839333232,5.977457768186372,1.0,0.9411764705882353,17,16
2444,10,RUNX3,2444,-1.0,3.320066481325317,0.2806082667312126,3.852163046885617e-08,-4.6380980106562735,3.5461845327958863,0.9523809523809523,0.8,25,21
2442,10,RUNX3,2442,-1.0,3.320066481325317,-0.10684241323316186,0.039698090299438375,4.131923561266179,3.07980171026496,0.9523809523809523,0.8,25,21
2429,10,RUNX3,2429,-1.0,3.320066481325317,0.5538808611237096,3.2535817249882177e-31,-3.5468878821005174,2.6404736924904366,0.9523809523809523,0.8,25,21
2440,10,RUNX3,2440,-1.0,3.320066481325317,-0.3689216213866245,2.095453653631071e-13,5.308099536497514,4.062487776019259,0.9523809523809523,0.8,25,21
2427,10,RUNX3,2427,-1.0,3.320066481325317,0.9352192641297937,1.8219389720222244e-168,-4.138912466584761,3.19110921351371,0.9523809523809523,0.8,25,21
2435,10,RUNX3,2435,-1.0,3.320066481325317,0.4007472910698717,9.588968887788962e-16,-6.7156541969076144,5.33913877551977,0.9523809523809523,0.8,25,21
2445,10,RUNX3,2445,-1.0,3.320066481325317,0.27986920056305326,4.195671180497234e-08,-5.692975406170766,4.539311550473061,0.9523809523809523,0.8,25,21
2446,10,RUNX3,2446,-1.0,3.320066481325317,0.2565967236691522,5.447269314789082e-07,-3.2202981105834425,2.2586156575505867,0.9523809523809523,0.8,25,21
2449,10,RUNX3,2449,-1.0,3.320066481325317,0.6333030970279905,5.499183173804089e-43,-3.8772772414698515,3.2160798049265455,0.9523809523809523,0.8,25,21
2431,10,RUNX3,2431,-1.0,3.320066481325317,0.47716461788281633,1.7121763939600044e-22,-7.601883844871638,6.433425151256331,0.9523809523809523,0.8,25,21
2428,10,RUNX3,2428,-1.0,3.320066481325317,0.3352032843207524,3.416732292453569e-11,-8.50643191045916,8.31466862498852,0.9523809523809523,0.8,25,21
2450,10,RUNX3,2450,-1.0,3.320066481325317,0.6911495357630476,5.437816697482662e-54,-7.05973134822926,7.179713683928139,0.9523809523809523,0.8,25,21
2430,10,RUNX3,2430,-1.0,3.320066481325317,0.468295588867713,1.2787730877449314e-21,-11.375780795065463,14.528939816856589,0.9523809523809523,0.8,25,21
2437,10,RUNX3,2437,-1.0,3.320066481325317,0.26351198603176695,2.608038925505301e-07,-6.9570475573937065,5.5325495319013385,0.9523809523809523,0.8,25,21
2434,10,RUNX3,2434,-1.0,3.320066481325317,0.2600925418941244,3.763787982981091e-07,-12.3145178119914,10.364891447485514,0.9523809523809523,0.8,25,21
2439,10,RUNX3,2439,-1.0,3.320066481325317,0.6122821282285678,1.5250748257158893e-39,-8.677640317169477,9.628694173033974,0.9523809523809523,0.8,25,21
2438,10,RUNX3,2438,-1.0,3.320066481325317,0.49555996305844147,2.183634402141069e-24,-6.357249177693991,5.333471464706072,0.9523809523809523,0.8,25,21
2426,10,RUNX3,2426,-1.0,3.320066481325317,0.32727118910929015,1.038730088925138e-10,-11.843395852773696,9.082806189987508,0.9523809523809523,0.8,25,21
2432,10,RUNX3,2432,-1.0,3.320066481325317,0.19621607521790116,0.00014256566015159782,-7.0408400379228615,5.8392375778632575,0.9523809523809523,0.8,25,21
2441,10,RUNX3,2441,-1.0,3.320066481325317,0.3937366198473929,3.3046236175351207e-15,-7.528271505334263,6.921166815714253,0.9523809523809523,0.8,25,21
6753,10,POU5F1B,6753,-1.0,2.267043552907297,0.3160228135273784,4.761176690685314e-10,-4.207859037093334,3.2635077188969674,0.95,0.76,25,20
6736,10,POU5F1B,6736,-1.0,2.267043552907297,0.27397194603524494,8.221135289087139e-08,-12.01677553210483,17.4439780405559,0.95,0.76,25,20
6734,10,POU5F1B,6734,-1.0,2.267043552907297,0.21730096325348913,2.422047505176517e-05,-11.68978126601348,9.0015831551241,0.95,0.76,25,20
6738,10,POU5F1B,6738,-1.0,2.267043552907297,0.20408613117073254,7.511873295101484e-05,-7.260453614751995,5.983367208917033,0.95,0.76,25,20
6743,10,POU5F1B,6743,-1.0,2.267043552907297,0.16406117446896512,0.0015197289021489351,-5.925334783929687,5.561410612927845,0.95,0.76,25,20
6756,10,POU5F1B,6756,-1.0,2.267043552907297,0.21899294303433078,2.0845644494909868e-05,-6.756308547699838,5.920306870495303,0.95,0.76,25,20
6747,10,POU5F1B,6747,-1.0,2.267043552907297,0.3116690205552044,8.440069052928636e-10,-10.662299099744317,10.142161407931047,0.95,0.76,25,20
6740,10,POU5F1B,6740,-1.0,2.267043552907297,0.11686057851608675,0.024384535637577576,-4.813847640933331,3.8324031489983925,0.95,0.76,25,20
6737,10,POU5F1B,6737,-1.0,2.267043552907297,0.28017869186463223,4.048368353247687e-08,-8.411698164332352,7.023264902565128,0.95,0.76,25,20
6745,10,POU5F1B,6745,-1.0,2.267043552907297,0.1677015159668842,0.0011858983075518188,-5.020838451916149,3.8706614105531707,0.95,0.76,25,20
6746,10,POU5F1B,6746,-1.0,2.267043552907297,0.20724073347323502,5.770188024091205e-05,-6.80021507549241,5.8108077435276755,0.95,0.76,25,20
6741,10,POU5F1B,6741,-1.0,2.267043552907297,0.21137621405424206,4.058567542612478e-05,-5.104362453228919,3.892637891788491,0.95,0.76,25,20
6754,10,POU5F1B,6754,-1.0,2.267043552907297,0.16305703146847397,0.0016259148386550187,-7.3323633500609215,5.781073280076277,0.95,0.76,25,20
6750,10,POU5F1B,6750,-1.0,2.267043552907297,0.1619043702427756,0.0017561645673473353,-3.636825711152585,2.6313711472427803,0.95,0.76,25,20
6735,10,POU5F1B,6735,-1.0,2.267043552907297,0.29101511736934743,1.1264813833037111e-08,-10.192468578574644,10.017560417971389,0.95,0.76,25,20
6757,10,POU5F1B,6757,-1.0,2.267043552907297,0.1614644554997568,0.0018083441630588454,-7.721194714404521,7.251427112686381,0.95,0.76,25,20
6739,10,POU5F1B,6739,-1.0,2.267043552907297,0.17072804479986467,0.0009612485801311872,-14.716740700873851,13.123321139483595,0.95,0.76,25,20
6744,10,POU5F1B,6744,-1.0,2.267043552907297,0.16180966637448685,0.0017672798058162432,-9.597684668468405,7.465457977375556,0.95,0.76,25,20
6752,10,POU5F1B,6752,-1.0,2.267043552907297,0.040821127187530115,0.4330729829499068,-7.053028248984498,5.645042910652207,0.95,0.76,25,20
4426,10,CEBPB,4426,1.0,2.7463780116720873,-0.23050686544295798,7.276385785649392e-06,-5.871564066427337,4.606224859919953,1.0,0.96,25,24
4445,10,CEBPB,4445,1.0,2.7463780116720873,-0.21996794638304076,1.9108686164488883e-05,-4.487278670380145,3.382532768626386,1.0,0.96,25,24
4424,10,CEBPB,4424,1.0,2.7463780116720873,-0.3370094727368008,2.6405982971722786e-11,-11.767365695670078,9.063346189620214,1.0,0.96,25,24
4428,10,CEBPB,4428,1.0,2.7463780116720873,-0.25688600521223776,5.284226282605402e-07,-8.705455858637233,6.947871133655762,1.0,0.96,25,24
4434,10,CEBPB,4434,1.0,2.7463780116720873,-0.1993739674810886,0.00011057208736089938,-5.8525224551926005,4.882050276386982,1.0,0.96,25,24
4437,10,CEBPB,4437,1.0,2.7463780116720873,-0.2575336574727932,4.936018458926262e-07,-9.45347185329612,7.327896261892834,1.0,0.96,25,24
4440,10,CEBPB,4440,1.0,2.7463780116720873,-0.2712605484364462,1.1141575057700225e-07,-9.017095824966306,7.030842588043112,1.0,0.96,25,24
4427,10,CEBPB,4427,1.0,2.7463780116720873,-0.3796656929949687,3.628908575914145e-14,-11.788799346190789,10.004537079193446,1.0,0.96,25,24
4441,10,CEBPB,4441,1.0,2.7463780116720873,-0.2740579550074377,8.141801483613798e-08,-7.1666197189588665,5.755919161004827,1.0,0.96,25,24
4438,10,CEBPB,4438,1.0,2.7463780116720873,-0.2744393554497024,7.798810069721781e-08,-9.588504531686867,7.488922291617239,1.0,0.96,25,24
4435,10,CEBPB,4435,1.0,2.7463780116720873,-0.19217036356415543,0.00019629578170521388,-5.557915513081396,4.50959654429651,1.0,0.96,25,24
4436,10,CEBPB,4436,1.0,2.7463780116720873,0.4074919454712516,2.8358473317082754e-16,10.073596174477391,8.395421938871982,1.0,0.96,25,24
4439,10,CEBPB,4439,1.0,2.7463780116720873,-0.29706982001565085,5.382189152043902e-09,-14.084293835819137,10.884967807213672,1.0,0.96,25,24
4446,10,CEBPB,4446,1.0,2.7463780116720873,-0.24916869743406567,1.1738776542156717e-06,-9.317786429294145,7.922125378848067,1.0,0.96,25,24
4431,10,CEBPB,4431,1.0,2.7463780116720873,0.2808937883192296,3.726868273610507e-08,3.0994636584361497,2.1350572067714793,1.0,0.96,25,24
4442,10,CEBPB,4442,1.0,2.7463780116720873,-0.3240216479413071,1.623067686440079e-10,-11.97460954616303,9.344245565053603,1.0,0.96,25,24
4444,10,CEBPB,4444,1.0,2.7463780116720873,-0.3604607824936492,7.967584598141841e-13,-8.344730632829512,7.302602688341488,1.0,0.96,25,24
4448,10,CEBPB,4448,1.0,2.7463780116720873,-0.05824287899759598,0.2631394729761785,-3.5217319782680927,2.5129639343288863,1.0,0.96,25,24
4433,10,CEBPB,4433,1.0,2.7463780116720873,-0.22744273705929216,9.680458242445028e-06,-6.891984031984911,5.466905893394559,1.0,0.96,25,24
4430,10,CEBPB,4430,1.0,2.7463780116720873,-0.3374688922467377,2.472413415419811e-11,-4.824045185089273,3.8492431918674552,1.0,0.96,25,24
4432,10,CEBPB,4432,1.0,2.7463780116720873,-0.23316562367079718,5.661795941811741e-06,-6.197149421849366,4.771839299371371,1.0,0.96,25,24
4429,10,CEBPB,4429,1.0,2.7463780116720873,-0.28182813715376104,3.3437699904389934e-08,-4.767560089141506,3.597292571186936,1.0,0.96,25,24
4425,10,CEBPB,4425,1.0,2.7463780116720873,-0.2442854557888033,1.9194458576912534e-06,-7.6797635523619245,6.346995388986291,1.0,0.96,25,24
4447,10,CEBPB,4447,1.0,2.7463780116720873,-0.19625978469557287,0.00014206888902379726,-7.781725994465653,6.1744163801136365,1.0,0.96,25,24
2455,10,FOXM1,2455,-1.0,6.143235577800643,0.4997892075189702,7.712826465019001e-25,-6.575975357843196,5.4020540308371,0.8333333333333334,0.8333333333333334,6,6
2451,10,FOXM1,2451,-1.0,6.143235577800643,0.5398294390382036,1.906764962129155e-29,-11.487088168198042,8.777180384304101,0.8333333333333334,0.8333333333333334,6,6
2456,10,FOXM1,2456,-1.0,6.143235577800643,0.5028263112255809,3.6202976977087666e-25,-4.947654074565115,3.7864053101135666,0.8333333333333334,0.8333333333333334,6,6
2453,10,FOXM1,2453,-1.0,6.143235577800643,0.42668040616914626,7.592809571817258e-18,-10.72460503527602,11.960417032696085,0.8333333333333334,0.8333333333333334,6,6
2452,10,FOXM1,2452,-1.0,6.143235577800643,0.21345170925207443,3.392685374646069e-05,-3.95109613394979,3.005170107075155,0.8333333333333334,0.8333333333333334,6,6
1976,10,ESR2,1976,-1.0,5.628646875195795,0.2876238728947189,1.6909289570027603e-08,-7.089186904936195,5.866391023608333,1.0,1.0,10,10
1968,10,ESR2,1968,-1.0,5.628646875195795,0.3491459027064627,4.473720698668098e-12,-4.8392863715570025,3.927971961657973,1.0,1.0,10,10
1967,10,ESR2,1967,-1.0,5.628646875195795,0.3539981247224096,2.1526653332709415e-12,-12.165497807893543,9.383637295830898,1.0,1.0,10,10
1975,10,ESR2,1975,-1.0,5.628646875195795,0.27823315011385613,5.064488213514496e-08,-6.112217994883982,4.998869250403646,1.0,1.0,10,10
1970,10,ESR2,1970,-1.0,5.628646875195795,0.3159910889064876,4.781240673229046e-10,-8.549886029799438,7.936458325440903,1.0,1.0,10,10
1971,10,ESR2,1971,-1.0,5.628646875195795,0.3132009672484414,6.907501693068812e-10,-7.236902714291574,5.928610280828567,1.0,1.0,10,10
1972,10,ESR2,1972,-1.0,5.628646875195795,0.3970399753722943,1.8514603205105207e-15,-10.534440043275103,15.781211090608851,1.0,1.0,10,10
1973,10,ESR2,1973,-1.0,5.628646875195795,0.29326592047225036,8.577401872539821e-09,-11.901670550410765,10.19104029815062,1.0,1.0,10,10
1974,10,ESR2,1974,-1.0,5.628646875195795,0.28338828351001205,2.787334482331061e-08,-8.49341165142647,6.807934568905107,1.0,1.0,10,10
1969,10,ESR2,1969,-1.0,5.628646875195795,0.18520833676037574,0.00033527171449562537,-3.535281210091902,2.626383018218049,1.0,1.0,10,10
2601,10,MECP2,2601,-1.0,9.21237633563493,0.2766746487379476,6.052044781076966e-08,-3.694668722880186,2.7779943762493597,1.0,0.8333333333333334,6,5
2605,10,MECP2,2605,-1.0,9.21237633563493,0.36266764112168864,5.645149438558511e-13,-4.105718054726922,3.1001496845068073,1.0,0.8333333333333334,6,5
2603,10,MECP2,2603,-1.0,9.21237633563493,0.5408446269067084,1.4300132675152632e-29,-8.018601878729182,6.231700993838203,1.0,0.8333333333333334,6,5
2600,10,MECP2,2600,-1.0,9.21237633563493,0.6235046541193833,2.3866984555733173e-41,-11.483040643115183,8.814312911327534,1.0,0.8333333333333334,6,5
2604,10,MECP2,2604,-1.0,9.21237633563493,0.45579044830414284,1.975190924214271e-20,-6.644262412284798,5.375059619924595,1.0,0.8333333333333334,6,5
1680,10,MYB,1680,-1.0,9.106125387161834,0.4841860469514538,3.341579348919737e-23,-10.602779340730727,12.4524812243358,0.9090909090909091,0.8,25,22
1685,10,MYB,1685,-1.0,9.106125387161834,0.43442640286970224,1.6470487375214148e-18,-6.852808551184088,5.552212202277302,0.9090909090909091,0.8,25,22
1699,10,MYB,1699,-1.0,9.106125387161834,0.3308113351756277,6.348948209581522e-11,-9.346143233926993,7.638484258068998,0.9090909090909091,0.8,25,22
1676,10,MYB,1676,-1.0,9.106125387161834,0.48395950891327194,3.524540035132256e-23,-11.754688912390291,9.013502574829754,0.9090909090909091,0.8,25,22
1689,10,MYB,1689,-1.0,9.106125387161834,0.3641457964993731,4.4749952003247143e-13,-3.7194265892310936,2.800038078100236,0.9090909090909091,0.8,25,22
1686,10,MYB,1686,-1.0,9.106125387161834,0.409091507269761,2.1156077913718717e-16,-3.286111917055872,2.3496846130741327,0.9090909090909091,0.8,25,22
1679,10,MYB,1679,-1.0,9.106125387161834,0.6395396765898619,4.645033956076988e-44,-8.03718565321716,6.708284183284578,0.9090909090909091,0.8,25,22
1684,10,MYB,1684,-1.0,9.106125387161834,0.43920038652702964,6.296477201615648e-19,-5.7050798114332535,4.848064346073052,0.9090909090909091,0.8,25,22
1681,10,MYB,1681,-1.0,9.106125387161834,0.49381038860470716,3.344419032980335e-24,-6.3579937873155865,5.143183132317007,0.9090909090909091,0.8,25,22
1694,10,MYB,1694,-1.0,9.106125387161834,0.18673008791844922,0.0002987325117095891,-7.551778962344072,6.121874327509377,0.9090909090909091,0.8,25,22
1690,10,MYB,1690,-1.0,9.106125387161834,0.22952979727319783,7.97323708106227e-06,-5.676635273206814,4.3725177910677475,0.9090909090909091,0.8,25,22
1697,10,MYB,1697,-1.0,9.106125387161834,0.5933583465199304,1.1724901282277355e-36,-5.28624962085806,4.190441850151307,0.9090909090909091,0.8,25,22
1695,10,MYB,1695,-1.0,9.106125387161834,0.3477993380596147,5.468530992615091e-12,-7.701745683609559,6.09022719639395,0.9090909090909091,0.8,25,22
1688,10,MYB,1688,-1.0,9.106125387161834,0.2474035074869641,1.4038889802289645e-06,-3.5794114015602156,2.6506761862349983,0.9090909090909091,0.8,25,22
1693,10,MYB,1693,-1.0,9.106125387161834,0.3784881922943031,4.411781169829011e-14,-4.799858095764774,3.7695696578220335,0.9090909090909091,0.8,25,22
1683,10,MYB,1683,-1.0,9.106125387161834,0.3887519634101008,7.825186346160972e-15,-5.073226735986013,3.921279371751475,0.9090909090909091,0.8,25,22
1700,10,MYB,1700,-1.0,9.106125387161834,0.17748479798261002,0.0005939375497943451,-2.2450435487994094,1.4013700887472436,0.9090909090909091,0.8,25,22
1698,10,MYB,1698,-1.0,9.106125387161834,0.2951031594082366,6.8544165660962136e-09,-5.445545726840539,4.622626458760543,0.9090909090909091,0.8,25,22
1677,10,MYB,1677,-1.0,9.106125387161834,0.40422117444681693,5.137597051188238e-16,-4.250266242709703,3.2968172371349227,0.9090909090909091,0.8,25,22
1678,10,MYB,1678,-1.0,9.106125387161834,0.580532157594657,8.30144525174896e-35,-7.72939079391653,7.057157620142413,0.9090909090909091,0.8,25,22
4830,10,NFE2L1,4830,-1.0,1.8605885523021148,0.37840657804139244,4.471791076294923e-14,-9.159128018583418,7.147923817284123,1.0,0.8823529411764706,17,15
4829,10,NFE2L1,4829,-1.0,1.8605885523021148,0.40848269363181117,2.365635097239917e-16,-2.265851908098735,1.4270413372546762,1.0,0.8823529411764706,17,15
4828,10,NFE2L1,4828,-1.0,1.8605885523021148,0.4625024380958647,4.6089743285114386e-21,-5.818802922082257,4.481703945096601,1.0,0.8823529411764706,17,15
4816,10,NFE2L1,4816,-1.0,1.8605885523021148,0.319552941342351,2.972667956814376e-10,-8.000081269537718,6.446816355383377,1.0,0.8823529411764706,17,15
4827,10,NFE2L1,4827,-1.0,1.8605885523021148,0.24169813670726636,2.4803994023352257e-06,-2.4411521367196936,1.5767597486718687,1.0,0.8823529411764706,17,15
4823,10,NFE2L1,4823,-1.0,1.8605885523021148,0.2634492417815607,2.625775351064297e-07,-6.502898440973668,5.516914231491574,1.0,0.8823529411764706,17,15
4824,10,NFE2L1,4824,-1.0,1.8605885523021148,0.369271767202382,1.9810876433185737e-13,-7.983290124414849,6.349756196835592,1.0,0.8823529411764706,17,15
4817,10,NFE2L1,4817,-1.0,1.8605885523021148,0.06958431346745407,0.18109625603046195,-4.851350850753844,3.738974708797784,1.0,0.8823529411764706,17,15
4820,10,NFE2L1,4820,-1.0,1.8605885523021148,0.3862000249097023,1.2098069060333261e-14,-6.827274136384765,5.453383790904053,1.0,0.8823529411764706,17,15
4819,10,NFE2L1,4819,-1.0,1.8605885523021148,0.27076164939828967,1.1778244587072746e-07,-6.127086673732129,5.115148504497289,1.0,0.8823529411764706,17,15
4815,10,NFE2L1,4815,-1.0,1.8605885523021148,0.31576220164169044,4.928453851189035e-10,-3.0857836350535766,2.195786660271425,1.0,0.8823529411764706,17,15
4826,10,NFE2L1,4826,-1.0,1.8605885523021148,0.2809064781675859,3.7213919715900966e-08,-4.875944280208806,3.706474027090981,1.0,0.8823529411764706,17,15
4814,10,NFE2L1,4814,-1.0,1.8605885523021148,0.38711204901101437,1.0358098403165086e-14,-11.249689117028009,8.637406866584984,1.0,0.8823529411764706,17,15
4822,10,NFE2L1,4822,-1.0,1.8605885523021148,0.3744200856799762,8.611719590153811e-14,-4.707684145090677,3.64644019014654,1.0,0.8823529411764706,17,15
4821,10,NFE2L1,4821,-1.0,1.8605885523021148,0.5193524887377596,5.15921064576209e-27,-4.687724509841244,3.56604512371022,1.0,0.8823529411764706,17,15
5286,10,GMEB2,5286,-1.0,7.266754245990453,0.41324796668679814,9.8078817358924e-17,-5.829276165898186,4.774415422419109,1.0,1.0,4,4
5287,10,GMEB2,5287,-1.0,7.266754245990453,0.617595414734794,2.1754971321510747e-40,-5.487545515103786,4.3830707136484675,1.0,1.0,4,4
5288,10,GMEB2,5288,-1.0,7.266754245990453,0.5629623276001852,2.1105624393669175e-32,-8.86619751278241,6.992013207400454,1.0,1.0,4,4
5285,10,GMEB2,5285,-1.0,7.266754245990453,0.604737073391973,2.2754005295544813e-38,-11.295739759938444,8.628870332764931,1.0,1.0,4,4
1,10,ETS1,1,-1.0,3.7892669224216746,0.6218197242542951,4.503482748342063e-41,-3.9518710352789244,2.997894066231363,0.95,0.76,25,20
8,10,ETS1,8,-1.0,3.7892669224216746,0.2925585789249819,9.346856080231202e-09,-3.5584233034807196,2.533887617411256,0.95,0.76,25,20
2,10,ETS1,2,-1.0,3.7892669224216746,0.8012833196643301,2.4706604881352063e-84,-3.7011325404844104,2.7805178455933626,0.95,0.76,25,20
5,10,ETS1,5,-1.0,3.7892669224216746,-0.5067054098703521,1.3627114436378e-25,6.312018244925388,5.115139530752006,0.95,0.76,25,20
21,10,ETS1,21,-1.0,3.7892669224216746,0.46239151942134293,4.722393777278406e-21,-8.955194774876212,7.306242163766859,0.95,0.76,25,20
13,10,ETS1,13,-1.0,3.7892669224216746,0.8667507173289278,1.570179557925684e-113,-5.593956538810748,4.734332754765528,0.95,0.76,25,20
0,10,ETS1,0,-1.0,3.7892669224216746,0.4811950547190962,6.733298111391418e-23,-11.843621695703417,9.112661680796625,0.95,0.76,25,20
3,10,ETS1,3,-1.0,3.7892669224216746,0.5166088965236866,1.0619226223184064e-26,-12.807335431679508,18.518437275249575,0.95,0.76,25,20
24,10,ETS1,24,-1.0,3.7892669224216746,0.477161797916515,1.7132873997501752e-22,-7.193365091396075,5.825046881495619,0.95,0.76,25,20
4,10,ETS1,4,-1.0,3.7892669224216746,0.361371866606194,6.913279791493205e-13,-7.024182633300103,5.919642349138523,0.95,0.76,25,20
14,10,ETS1,14,-1.0,3.7892669224216746,0.2782740396252265,5.040797700536231e-08,-7.586311447352251,6.019345514905496,0.95,0.76,25,20
11,10,ETS1,11,-1.0,3.7892669224216746,0.6113639942002693,2.127218748470754e-39,-11.01130894270342,9.124003556559872,0.95,0.76,25,20
7,10,ETS1,7,-1.0,3.7892669224216746,0.3138394546185173,6.351896499795378e-10,-12.139682491061702,10.097127250372553,0.95,0.76,25,20
10,10,ETS1,10,-1.0,3.7892669224216746,0.43899778397648154,6.560769285106534e-19,-7.260614775993796,5.6363442629318605,0.95,0.76,25,20
20,10,ETS1,20,-1.0,3.7892669224216746,0.4112648253853367,1.4172521056010494e-16,-6.5941698575931325,5.241335259313162,0.95,0.76,25,20
17,10,ETS1,17,-1.0,3.7892669224216746,0.45578010842770433,1.979575026702703e-20,-8.232347978289226,6.522308605902426,0.95,0.76,25,20
9,10,ETS1,9,-1.0,3.7892669224216746,0.16829441388175412,0.0011384074411021048,-9.491661578155243,7.342543672472918,0.95,0.76,25,20
6,10,ETS1,6,-1.0,3.7892669224216746,0.3051675882473205,1.9505571364401703e-09,-5.36136762880879,4.156372910235527,0.95,0.76,25,20
23,10,ETS1,23,-1.0,3.7892669224216746,0.6865551056664874,5.052360504150065e-53,-10.602637621312404,8.78795327401078,0.95,0.76,25,20
1813,10,ZBTB18,1813,-1.0,3.7114812519045204,0.36195771460531045,6.308742232242191e-13,-4.529140466223353,3.5153916383157915,0.9166666666666666,0.8461538461538461,13,12
1817,10,ZBTB18,1817,-1.0,3.7114812519045204,0.25462509723008814,6.694272743714045e-07,-5.9387503004145525,4.854143031996689,0.9166666666666666,0.8461538461538461,13,12
1807,10,ZBTB18,1807,-1.0,3.7114812519045204,0.47140859666726986,6.355935453759239e-22,-5.782404515200104,4.899455048070328,0.9166666666666666,0.8461538461538461,13,12
1814,10,ZBTB18,1814,-1.0,3.7114812519045204,0.22776491820922742,9.395933821025895e-06,-3.306069725464472,2.3748891760068545,0.9166666666666666,0.8461538461538461,13,12
1809,10,ZBTB18,1809,-1.0,3.7114812519045204,0.49289321492608174,4.17783907970904e-24,-9.3328416490586,7.522115336260342,0.9166666666666666,0.8461538461538461,13,12
1815,10,ZBTB18,1815,-1.0,3.7114812519045204,0.31872716121042355,3.320774718084828e-10,-11.148076127792617,8.650922357320685,0.9166666666666666,0.8461538461538461,13,12
1808,10,ZBTB18,1808,-1.0,3.7114812519045204,0.5110002185473884,4.552119556877676e-26,-8.471676691061871,6.589376506283032,0.9166666666666666,0.8461538461538461,13,12
1818,10,ZBTB18,1818,-1.0,3.7114812519045204,0.3582731936353361,1.1182419571111203e-12,-4.089651508026063,3.028825143768779,0.9166666666666666,0.8461538461538461,13,12
1811,10,ZBTB18,1811,-1.0,3.7114812519045204,0.3276413096863493,9.869127664028517e-11,-8.646250813695964,6.996856308074182,0.9166666666666666,0.8461538461538461,13,12
1806,10,ZBTB18,1806,-1.0,3.7114812519045204,0.2416873268364443,2.483042855705907e-06,-12.368220365586069,9.591378712010618,0.9166666666666666,0.8461538461538461,13,12
1810,10,ZBTB18,1810,-1.0,3.7114812519045204,0.25750428282382026,4.95132280717805e-07,-2.961444553448307,2.0891838636636217,0.9166666666666666,0.8461538461538461,13,12
4901,10,CREB5,4901,-1.0,14.960454079405482,0.21029757694395554,4.451648828253381e-05,-6.495259185552837,5.041574727215437,1.0,0.9090909090909091,11,10
4900,10,CREB5,4900,-1.0,14.960454079405482,0.48972803774994894,8.957724553305258e-24,-8.064655395232583,7.888725377905405,1.0,0.9090909090909091,11,10
4896,10,CREB5,4896,-1.0,14.960454079405482,0.42640216949407456,8.015426293068349e-18,-7.236217201083074,6.03223734248785,1.0,0.9090909090909091,11,10
4893,10,CREB5,4893,-1.0,14.960454079405482,0.5719831648011806,1.2809647373863371e-33,-10.976558187253218,14.28214126686489,1.0,0.9090909090909091,11,10
4894,10,CREB5,4894,-1.0,14.960454079405482,0.24064722926561027,2.750380919980714e-06,-9.070704062251895,7.59114311309964,1.0,0.9090909090909091,11,10
4895,10,CREB5,4895,-1.0,14.960454079405482,0.4320204823552359,2.6587608572392132e-18,-3.89458568900268,2.9896901071935185,1.0,0.9090909090909091,11,10
4891,10,CREB5,4891,-1.0,14.960454079405482,0.42781849756895407,6.080699070454349e-18,-11.513960570223254,8.838226967410318,1.0,0.9090909090909091,11,10
4897,10,CREB5,4897,-1.0,14.960454079405482,0.2896253439771395,1.331364857867625e-08,-8.43956009477892,6.952969151822433,1.0,0.9090909090909091,11,10
4899,10,CREB5,4899,-1.0,14.960454079405482,0.3738885220321618,9.391730121164737e-14,-7.5467422017746335,5.993631327386477,1.0,0.9090909090909091,11,10
4892,10,CREB5,4892,-1.0,14.960454079405482,0.2816382594227999,3.418406241034258e-08,-6.437795432416796,5.658143105163849,1.0,0.9090909090909091,11,10
5552,10,GTF2A1,5552,-1.0,9.087408296506208,0.2287354566112935,8.586136696382577e-06,-6.998310361754952,5.6849907141013984,1.0,1.0,8,8
5555,10,GTF2A1,5555,-1.0,9.087408296506208,0.4770074047615131,1.7752118253935233e-22,-5.617585719975822,4.39326802606842,1.0,1.0,8,8
5549,10,GTF2A1,5549,-1.0,9.087408296506208,0.2749363745103246,7.372704702216458e-08,-3.340269603146405,2.4269710500275354,1.0,1.0,8,8
5553,10,GTF2A1,5553,-1.0,9.087408296506208,0.32881206569581495,8.390401434183653e-11,-6.036442123045269,5.229723594961874,1.0,1.0,8,8
5550,10,GTF2A1,5550,-1.0,9.087408296506208,0.44967206141886606,7.239102165446542e-20,-11.25282835873081,11.48636653715102,1.0,1.0,8,8
5548,10,GTF2A1,5548,-1.0,9.087408296506208,0.6227181185184838,3.2116558907697486e-41,-11.584926513291727,8.950705824890592,1.0,1.0,8,8
5554,10,GTF2A1,5554,-1.0,9.087408296506208,0.5867717730773118,1.07011910774392e-35,-6.88763577334679,5.480543496558842,1.0,1.0,8,8
5551,10,GTF2A1,5551,-1.0,9.087408296506208,0.2592855615375397,4.1010488268937484e-07,-6.904713876175895,5.64860780174683,1.0,1.0,8,8
4656,10,ERG,4656,-1.0,3.848677657513018,-0.45404371417761563,2.86950604350812e-20,5.622228241309775,4.478810662417901,0.6666666666666666,0.42105263157894735,19,12
4658,10,ERG,4658,-1.0,3.848677657513018,0.33523195397815003,3.4028304569287606e-11,-11.586642008820922,14.512577800594988,0.6666666666666666,0.42105263157894735,19,12
4665,10,ERG,4665,-1.0,3.848677657513018,-0.33451803250951156,3.765977234723855e-11,3.4373917197201758,2.5028340804402336,0.6666666666666666,0.42105263157894735,19,12
4672,10,ERG,4672,-1.0,3.848677657513018,0.8974709602220254,3.085987216645453e-133,-4.406946158302086,3.4342240970002607,0.6666666666666666,0.42105263157894735,19,12
4654,10,ERG,4654,-1.0,3.848677657513018,0.2254640607044746,1.1615918591385775e-05,-11.279513754690521,8.694831381967656,0.6666666666666666,0.42105263157894735,19,12
4663,10,ERG,4663,-1.0,3.848677657513018,0.39799453396531914,1.5641670313930758e-15,-6.8508068094568175,5.523625646814473,0.6666666666666666,0.42105263157894735,19,12
4657,10,ERG,4657,-1.0,3.848677657513018,0.8403450228769767,3.583152818756835e-100,-3.432530738323244,2.5069049699210737,0.6666666666666666,0.42105263157894735,19,12
4669,10,ERG,4669,-1.0,3.848677657513018,0.2119684069775366,3.8569459620832404e-05,-7.901051094001229,6.549533736229354,0.6666666666666666,0.42105263157894735,19,12
5278,10,ELF3,5278,-1.0,5.099512158857237,0.2515757736695047,9.17721900149316e-07,-5.202854547860604,4.303401546875133,0.8823529411764706,0.6,25,17
5260,10,ELF3,5260,-1.0,5.099512158857237,0.2542521566867276,6.959119499335416e-07,-11.79970345453612,9.087575128759918,0.8823529411764706,0.6,25,17
5270,10,ELF3,5270,-1.0,5.099512158857237,0.26010311676775466,3.759550569275042e-07,-3.6696740209035714,2.7613329089053935,0.8823529411764706,0.6,25,17
5269,10,ELF3,5269,-1.0,5.099512158857237,0.3220133619403248,2.1329516428296745e-10,-8.217463917022519,6.382352594550845,0.8823529411764706,0.6,25,17
5284,10,ELF3,5284,-1.0,5.099512158857237,0.19356460190300728,0.0001759385228596879,-11.526894162591024,8.849740676138492,0.8823529411764706,0.6,25,17
5275,10,ELF3,5275,-1.0,5.099512158857237,0.34862514892947033,4.8355024289208994e-12,-6.195018100109165,5.107656218555337,0.8823529411764706,0.6,25,17
5264,10,ELF3,5264,-1.0,5.099512158857237,0.48614856052470173,2.1021966178974792e-23,-8.27528255788327,6.994275122268599,0.8823529411764706,0.6,25,17
5262,10,ELF3,5262,-1.0,5.099512158857237,0.2487184428146084,1.228853701023913e-06,-7.40507563274218,6.105576706612972,0.8823529411764706,0.6,25,17
5267,10,ELF3,5267,-1.0,5.099512158857237,0.3877218667236927,9.334099074338885e-15,-5.9904266648281475,4.705350425023966,0.8823529411764706,0.6,25,17
5263,10,ELF3,5263,-1.0,5.099512158857237,0.34005198137882253,1.704281348209507e-11,-12.412029491328882,17.301689480244885,0.8823529411764706,0.6,25,17
5277,10,ELF3,5277,-1.0,5.099512158857237,0.453729522932201,3.0681985866602015e-20,-6.740626780426609,5.402484898975818,0.8823529411764706,0.6,25,17
5271,10,ELF3,5271,-1.0,5.099512158857237,0.2828778696094582,2.9587179705754025e-08,-5.591797633923436,4.290659603584187,0.8823529411764706,0.6,25,17
5274,10,ELF3,5274,-1.0,5.099512158857237,0.33803476548455247,2.279566153968734e-11,-8.091525840539868,7.1196975950216945,0.8823529411764706,0.6,25,17
5268,10,ELF3,5268,-1.0,5.099512158857237,-0.34566065935512075,7.507834841304349e-12,4.094142294417288,3.0499421305391228,0.8823529411764706,0.6,25,17
5261,10,ELF3,5261,-1.0,5.099512158857237,0.4059430789802062,3.760523500378363e-16,-8.21862147440172,8.098997879450407,0.8823529411764706,0.6,25,17
5113,10,MSX2,5113,-1.0,11.169304085027587,0.0954095808735049,0.0664010595161375,-7.549424909152758,6.40667089251942,0.9565217391304348,0.88,25,23
5120,10,MSX2,5120,-1.0,11.169304085027587,0.43039640859684675,3.6655001325385016e-18,-4.472673269439068,3.4896650578164166,0.9565217391304348,0.88,25,23
5128,10,MSX2,5128,-1.0,11.169304085027587,0.5149459334079981,1.6396040827673814e-26,-5.434049268249993,4.486000801360362,0.9565217391304348,0.88,25,23
5122,10,MSX2,5122,-1.0,11.169304085027587,0.10713897743040025,0.039148838755842685,-3.9571147099357304,2.9065782337160257,0.9565217391304348,0.88,25,23
5115,10,MSX2,5115,-1.0,11.169304085027587,0.2627040251174463,2.8455068589060256e-07,-8.523851200388338,6.773850121379488,0.9565217391304348,0.88,25,23
5129,10,MSX2,5129,-1.0,11.169304085027587,0.2531266829887539,7.820738352731909e-07,-2.4572319845099293,1.5879218431931157,0.9565217391304348,0.88,25,23
5123,10,MSX2,5123,-1.0,11.169304085027587,0.09643912600914101,0.06350949540987814,-7.6616013237621114,6.020166875059537,0.9565217391304348,0.88,25,23
5107,10,MSX2,5107,-1.0,11.169304085027587,0.27498773691122735,7.32997330976936e-08,-10.838735767026119,11.944660279957485,0.9565217391304348,0.88,25,23
5117,10,MSX2,5117,-1.0,11.169304085027587,0.12450341370817747,0.016423967676321587,-9.969864074116945,7.9305445321314165,0.9565217391304348,0.88,25,23
5125,10,MSX2,5125,-1.0,11.169304085027587,0.18130032601823914,0.0004490624437100664,-5.306558784895143,4.2600202662719004,0.9565217391304348,0.88,25,23
5119,10,MSX2,5119,-1.0,11.169304085027587,0.3444068366906906,9.03076076179727e-12,-6.415104218121829,5.343476858262025,0.9565217391304348,0.88,25,23
5110,10,MSX2,5110,-1.0,11.169304085027587,0.1781189657443793,0.0005671869319257121,-12.548149273497197,10.6968506433023,0.9565217391304348,0.88,25,23
5114,10,MSX2,5114,-1.0,11.169304085027587,0.18236564500577007,0.0004149215685685735,-5.670788154829316,4.358800246087261,0.9565217391304348,0.88,25,23
5118,10,MSX2,5118,-1.0,11.169304085027587,0.06654259493914218,0.20096977098449878,-5.040238613627396,3.863728031741789,0.9565217391304348,0.88,25,23
5106,10,MSX2,5106,-1.0,11.169304085027587,0.24980904707172275,1.09973431888726e-06,-11.543922734192806,8.87255194234601,0.9565217391304348,0.88,25,23
5108,10,MSX2,5108,-1.0,11.169304085027587,0.590557498914959,3.021096990999824e-36,-4.374452410811444,3.472214903687761,0.9565217391304348,0.88,25,23
5111,10,MSX2,5111,-1.0,11.169304085027587,0.157878024626281,0.0022896879075934833,-5.440017737011713,4.228972811544329,0.9565217391304348,0.88,25,23
5124,10,MSX2,5124,-1.0,11.169304085027587,0.3905303391221979,5.76310382038679e-15,-6.861866576867279,5.647643188582627,0.9565217391304348,0.88,25,23
5116,10,MSX2,5116,-1.0,11.169304085027587,0.44691997988761056,1.2874359546836006e-19,-3.7047457069628544,2.9003970897937617,0.9565217391304348,0.88,25,23
5109,10,MSX2,5109,-1.0,11.169304085027587,0.3234181143874993,1.7623162807824837e-10,-6.687731209137951,5.431053252755137,0.9565217391304348,0.88,25,23
5121,10,MSX2,5121,-1.0,11.169304085027587,0.4252722529816204,9.98239371671103e-18,-8.193177360843405,7.9059478400415655,0.9565217391304348,0.88,25,23
5126,10,MSX2,5126,-1.0,11.169304085027587,0.4994070403817648,8.478394000307996e-25,-4.7058300577741035,3.9019621763870878,0.9565217391304348,0.88,25,23
6923,10,MNX1,6923,-1.0,3.590362172300826,0.13217986865218592,0.010816734210360977,-6.252111704907209,5.029241763388165,0.8823529411764706,0.7142857142857143,21,17
6905,10,MNX1,6905,-1.0,3.590362172300826,0.388799900595894,7.761121467806283e-15,-7.537489478792902,6.647805138707899,0.8823529411764706,0.7142857142857143,21,17
6914,10,MNX1,6914,-1.0,3.590362172300826,0.3834073183368208,1.9404904462699575e-14,-7.64876204708993,8.130659325716964,0.8823529411764706,0.7142857142857143,21,17
6907,10,MNX1,6907,-1.0,3.590362172300826,0.3297509637236383,7.362583812399738e-11,-4.187886885063216,3.273922729919469,0.8823529411764706,0.7142857142857143,21,17
6909,10,MNX1,6909,-1.0,3.590362172300826,0.2881455542112723,1.5890613017379725e-08,-7.828777882816638,6.469503361265724,0.8823529411764706,0.7142857142857143,21,17
6916,10,MNX1,6916,-1.0,3.590362172300826,0.3887882492665979,7.776645245226086e-15,-11.383892987463824,9.855985730830977,0.8823529411764706,0.7142857142857143,21,17
6911,10,MNX1,6911,-1.0,3.590362172300826,0.4397910756077665,5.584274480228072e-19,-11.933651752355006,9.783231540135466,0.8823529411764706,0.7142857142857143,21,17
6906,10,MNX1,6906,-1.0,3.590362172300826,0.45961568845464174,8.652323291722567e-21,-9.864524572770883,10.75799675337245,0.8823529411764706,0.7142857142857143,21,17
6908,10,MNX1,6908,-1.0,3.590362172300826,0.33605606817715117,3.0259696730556365e-11,-6.717846582752399,5.601086073250823,0.8823529411764706,0.7142857142857143,21,17
6904,10,MNX1,6904,-1.0,3.590362172300826,0.38814321184472006,8.68524207428813e-15,-11.735579568423624,9.01221623683904,0.8823529411764706,0.7142857142857143,21,17
6921,10,MNX1,6921,-1.0,3.590362172300826,0.30689031194296695,1.5653887967396367e-09,-8.48084059019264,7.879602035837837,0.8823529411764706,0.7142857142857143,21,17
6920,10,MNX1,6920,-1.0,3.590362172300826,0.25347392513315786,7.544542327528775e-07,-4.273747954633127,3.3239909096074505,0.8823529411764706,0.7142857142857143,21,17
6913,10,MNX1,6913,-1.0,3.590362172300826,-0.24865771182330304,1.2364551097307267e-06,3.5224518950831163,2.5346708649469996,0.8823529411764706,0.7142857142857143,21,17
6919,10,MNX1,6919,-1.0,3.590362172300826,0.3052400374935278,1.9326508183275838e-09,-2.5255846126943355,1.661577767713176,0.8823529411764706,0.7142857142857143,21,17
6918,10,MNX1,6918,-1.0,3.590362172300826,0.212120630554708,3.8066700528486345e-05,-4.400457973130996,3.2878882949226407,0.8823529411764706,0.7142857142857143,21,17
2176,10,E2F4,2176,-1.0,9.117051462806105,0.6065054272601442,1.2155505628876124e-38,-12.351813535630791,12.867429682956406,1.0,0.8461538461538461,13,11
2181,10,E2F4,2181,-1.0,9.117051462806105,0.18204221959547584,0.00042502240995284657,-7.540294218495224,6.223802618204379,1.0,0.8461538461538461,13,11
2178,10,E2F4,2178,-1.0,9.117051462806105,0.188983096651995,0.0002514005642244587,-3.295355635437326,2.4119070575376975,1.0,0.8461538461538461,13,11
2182,10,E2F4,2182,-1.0,9.117051462806105,0.5077429224720765,1.0470951682817624e-25,-4.015051352919439,3.0505438814066133,1.0,0.8461538461538461,13,11
2179,10,E2F4,2179,-1.0,9.117051462806105,0.17064861574904183,0.0009666044176511032,-3.441573969895966,2.4459026995043702,1.0,0.8461538461538461,13,11
2183,10,E2F4,2183,-1.0,9.117051462806105,0.19725781776907766,0.00013115822076327494,-4.855503307622314,3.8247798258028656,1.0,0.8461538461538461,13,11
2185,10,E2F4,2185,-1.0,9.117051462806105,0.4780905068184436,1.383281646122809e-22,-8.281480264180153,6.71233921927391,1.0,0.8461538461538461,13,11
2174,10,E2F4,2174,-1.0,9.117051462806105,0.614558546025375,6.651440517661018e-40,-11.695485509408385,9.072709857486107,1.0,0.8461538461538461,13,11
2177,10,E2F4,2177,-1.0,9.117051462806105,0.5358243818986363,5.877012911393567e-29,-6.6163872784500555,5.393629003585837,1.0,0.8461538461538461,13,11
2180,10,E2F4,2180,-1.0,9.117051462806105,0.5528073939516424,4.470847901711439e-31,-5.560394777044777,4.591300836464935,1.0,0.8461538461538461,13,11
2175,10,E2F4,2175,-1.0,9.117051462806105,0.6862923788060733,5.732045355837208e-53,-7.2772674311483225,6.725366073187391,1.0,0.8461538461538461,13,11
2170,10,HIF1A,2170,-1.0,9.080603215615728,0.4558491976020887,1.9504621291043577e-20,-2.330735835103903,1.4952385887366815,1.0,1.0,3,3
2169,10,HIF1A,2169,-1.0,9.080603215615728,0.5938301487297227,9.987822808325688e-37,-5.228235528018399,4.335301003366696,1.0,1.0,3,3
2168,10,HIF1A,2168,-1.0,9.080603215615728,0.7362328070179562,1.489483615477608e-64,-11.238693562385565,8.597185186758033,1.0,1.0,3,3
7592,10,NR3C1,7592,-1.0,9.067774543098366,0.6253007376561851,1.207803671506292e-41,-7.636357604211883,6.237823605346532,0.8823529411764706,0.6,25,17
7599,10,NR3C1,7599,-1.0,9.067774543098366,0.2795277496433918,4.364189462026037e-08,-13.154670322998587,10.308295333250568,0.8823529411764706,0.6,25,17
7588,10,NR3C1,7588,-1.0,9.067774543098366,0.29770196246154856,4.977788407021546e-09,-5.888412192956518,4.536484048038818,0.8823529411764706,0.6,25,17
7595,10,NR3C1,7595,-1.0,9.067774543098366,0.21709440072191138,2.4666276458241368e-05,-6.179466501140653,5.049570280709189,0.8823529411764706,0.6,25,17
7586,10,NR3C1,7586,-1.0,9.067774543098366,0.501275799754193,5.331456029990717e-25,-8.147425575300002,6.51944543553345,0.8823529411764706,0.6,25,17
7601,10,NR3C1,7601,-1.0,9.067774543098366,0.2591852177366481,4.1449617928477393e-07,-5.0113443419467485,3.850005288786409,0.8823529411764706,0.6,25,17
7581,10,NR3C1,7581,-1.0,9.067774543098366,0.4201528891729744,2.6704971616358874e-17,-4.687507205009137,3.7619906324317434,0.8823529411764706,0.6,25,17
7589,10,NR3C1,7589,-1.0,9.067774543098366,0.3582583888122538,1.1208002119368311e-12,-10.425088049362326,8.097273582713134,0.8823529411764706,0.6,25,17
7598,10,NR3C1,7598,-1.0,9.067774543098366,0.20867163137400507,5.1127431941593225e-05,-3.242365782878541,2.3180364617333926,0.8823529411764706,0.6,25,17
7594,10,NR3C1,7594,-1.0,9.067774543098366,0.4380528602683198,7.944770736534621e-19,-2.596755710950402,1.6980615622150756,0.8823529411764706,0.6,25,17
7582,10,NR3C1,7582,-1.0,9.067774543098366,-0.48166011416163584,6.041057839171094e-23,5.687952523464284,4.527297676014876,0.8823529411764706,0.6,25,17
7578,10,NR3C1,7578,-1.0,9.067774543098366,0.41112241708711583,1.4550792051232273e-16,-11.613130957693803,8.934279268107595,0.8823529411764706,0.6,25,17
7591,10,NR3C1,7591,-1.0,9.067774543098366,0.6685938003040863,2.0977822681120944e-49,-9.889626132702151,8.275686356332974,0.8823529411764706,0.6,25,17
7580,10,NR3C1,7580,-1.0,9.067774543098366,0.18969537314029097,0.00023795928075864798,-3.8265264064519666,2.909872578668022,0.8823529411764706,0.6,25,17
7587,10,NR3C1,7587,-1.0,9.067774543098366,0.4831227366832967,4.290083947416327e-23,-6.015991999568471,5.037760530022881,0.8823529411764706,0.6,25,17
4700,10,HIVEP2,4700,-1.0,8.443378883089359,0.47929134246845756,1.0479563298266592e-22,-7.775597257040364,8.273916050156691,1.0,1.0,4,4
4699,10,HIVEP2,4699,-1.0,8.443378883089359,0.47359289556489803,3.875094580562926e-22,-4.138091626618807,3.198194735614573,1.0,1.0,4,4
4698,10,HIVEP2,4698,-1.0,8.443378883089359,0.6679327532035992,2.819052888232931e-49,-12.598468334255923,9.718371519647645,1.0,1.0,4,4
4701,10,HIVEP2,4701,-1.0,8.443378883089359,0.4489156054585148,8.484745739522579e-20,-5.863226362056553,5.014911023023738,1.0,1.0,4,4
5609,10,RREB1,5609,-1.0,8.20440636416763,-0.3281557185391635,9.190542392689713e-11,2.9250885218141125,1.981476548306653,1.0,0.84,25,21
5604,10,RREB1,5604,-1.0,8.20440636416763,0.48518389705243026,2.6410272007074765e-23,-10.179734057335045,7.861425687415788,1.0,0.84,25,21
5614,10,RREB1,5614,-1.0,8.20440636416763,0.4352251390595883,1.4037664882110554e-18,-3.575530632167586,2.5757514894842912,1.0,0.84,25,21
5620,10,RREB1,5620,-1.0,8.20440636416763,0.2782815595353636,5.0364524859428575e-08,-5.909413498968718,4.654707264234328,1.0,0.84,25,21
5596,10,RREB1,5596,-1.0,8.20440636416763,0.5297163348897981,3.178705194661575e-28,-12.16574134570124,9.360951717212881,1.0,0.84,25,21
5611,10,RREB1,5611,-1.0,8.20440636416763,0.2945931846114439,7.2957775078581735e-09,-6.686973130209345,5.628466135988562,1.0,0.84,25,21
5610,10,RREB1,5610,-1.0,8.20440636416763,0.4772177272481594,1.6913845902549442e-22,-6.155972348325623,4.7514142161939,1.0,0.84,25,21
5617,10,RREB1,5617,-1.0,8.20440636416763,0.38457102437625873,1.594576536266824e-14,-8.602621476860932,6.809229290463475,1.0,0.84,25,21
5613,10,RREB1,5613,-1.0,8.20440636416763,-0.4178151371091116,4.162307978055287e-17,5.993190941017656,4.724129295352649,1.0,0.84,25,21
5600,10,RREB1,5600,-1.0,8.20440636416763,0.4445984720482591,2.0839618299516906e-19,-12.353687480831113,10.573512919387639,1.0,0.84,25,21
5603,10,RREB1,5603,-1.0,8.20440636416763,0.573064151883385,9.103078993663446e-34,-7.361080750377048,5.888724075071456,1.0,0.84,25,21
5607,10,RREB1,5607,-1.0,8.20440636416763,0.2950981935765868,6.858586896942684e-09,-6.0192876342840345,4.965096257196485,1.0,0.84,25,21
5618,10,RREB1,5618,-1.0,8.20440636416763,0.7346045114760879,3.907783345586516e-64,-10.682742284629633,8.343432710935303,1.0,0.84,25,21
5602,10,RREB1,5602,-1.0,8.20440636416763,0.3144720670587987,5.84433846215057e-10,-8.165060760348345,6.731650652825324,1.0,0.84,25,21
5616,10,RREB1,5616,-1.0,8.20440636416763,0.26706537856872614,1.7716331524792081e-07,-6.646936841410123,5.308122208277908,1.0,0.84,25,21
5598,10,RREB1,5598,-1.0,8.20440636416763,0.3077852219665975,1.3955583297418689e-09,-7.367139950337558,6.055178006676292,1.0,0.84,25,21
5597,10,RREB1,5597,-1.0,8.20440636416763,0.3286788222880737,8.547144502529561e-11,-4.372324066111037,3.423328024974064,1.0,0.84,25,21
5606,10,RREB1,5606,-1.0,8.20440636416763,0.2626979557594287,2.8473670487250027e-07,-5.421437622035974,4.408724591736849,1.0,0.84,25,21
5601,10,RREB1,5601,-1.0,8.20440636416763,0.4676152719974997,1.4884455191446743e-21,-9.620144617579461,7.755684484475635,1.0,0.84,25,21
5599,10,RREB1,5599,-1.0,8.20440636416763,-0.42739714760408615,6.6024306069172884e-18,5.797992099610864,4.6393993157249085,1.0,0.84,25,21
5615,10,RREB1,5615,-1.0,8.20440636416763,0.42648817846626735,7.882375739621388e-18,-11.95847693783167,9.431166720543807,1.0,0.84,25,21
7006,10,ELK3,7006,-1.0,2.9971562092774002,0.1244946972883674,0.01643156360111766,-4.407932780482316,3.429517767788301,1.0,0.8571428571428571,14,12
7004,10,ELK3,7004,-1.0,2.9971562092774002,0.38319652580151675,2.0105750609056758e-14,-6.702266411062904,5.497273343043423,1.0,0.8571428571428571,14,12
7007,10,ELK3,7007,-1.0,2.9971562092774002,0.1344872478773879,0.009501615252986956,-4.8606229762116975,3.82682967441239,1.0,0.8571428571428571,14,12
7002,10,ELK3,7002,-1.0,2.9971562092774002,0.2974004610644903,5.1668528310030845e-09,-9.818836879922124,7.947388228199592,1.0,0.8571428571428571,14,12
7010,10,ELK3,7010,-1.0,2.9971562092774002,0.2090060323779131,4.969636053693399e-05,-4.103987187364803,3.052105480213911,1.0,0.8571428571428571,14,12
7000,10,ELK3,7000,-1.0,2.9971562092774002,0.4972853124405164,1.4307255299918183e-24,-11.48485416035006,8.871827623165096,1.0,0.8571428571428571,14,12
7005,10,ELK3,7005,-1.0,2.9971562092774002,0.2907718952758515,1.1599872461531796e-08,-4.437485366412608,3.332961499067591,1.0,0.8571428571428571,14,12
7003,10,ELK3,7003,-1.0,2.9971562092774002,0.4572070113762141,1.4567455927400843e-20,-11.639801405099462,12.013530197453939,1.0,0.8571428571428571,14,12
7009,10,ELK3,7009,-1.0,2.9971562092774002,-0.24229291459967056,2.3390274116500707e-06,4.677389325062076,3.655925996153948,1.0,0.8571428571428571,14,12
7001,10,ELK3,7001,-1.0,2.9971562092774002,-0.34200621802569464,1.283215828709036e-11,5.534600766765062,4.368350657531784,1.0,0.8571428571428571,14,12
7013,10,ELK3,7013,-1.0,2.9971562092774002,0.17944949557852782,0.0005146546808817168,-4.407484018426552,3.4612695585915687,1.0,0.8571428571428571,14,12
7011,10,ELK3,7011,-1.0,2.9971562092774002,0.24036946258492212,2.8263025586530596e-06,-5.231776224860684,4.498771066814273,1.0,0.8571428571428571,14,12
6338,10,HOXB5,6338,-1.0,6.17560639478677,0.2618712356387341,3.111979167899072e-07,-3.0887796944943307,2.2065504830764184,0.8181818181818182,0.75,24,22
6329,10,HOXB5,6329,-1.0,6.17560639478677,0.2182331971132945,2.2301822294075837e-05,-4.599973827585358,3.495982717153619,0.8181818181818182,0.75,24,22
6333,10,HOXB5,6333,-1.0,6.17560639478677,0.1960755468972146,0.0001441738679344839,-6.871328644597018,6.066710279942701,0.8181818181818182,0.75,24,22
6330,10,HOXB5,6330,-1.0,6.17560639478677,0.39451704552130606,2.883584832794841e-15,-5.709241717248447,5.063162395986033,0.8181818181818182,0.75,24,22
6328,10,HOXB5,6328,-1.0,6.17560639478677,0.44530980854778784,1.7987449410160666e-19,-4.263762467477988,3.2860510514797245,0.8181818181818182,0.75,24,22
6319,10,HOXB5,6319,-1.0,6.17560639478677,0.4875312840011562,1.5138324249917937e-23,-10.608863755717639,11.474813956130305,0.8181818181818182,0.75,24,22
6331,10,HOXB5,6331,-1.0,6.17560639478677,0.2457579481925191,1.6567254522489158e-06,-7.1065504522077525,6.04032532517375,0.8181818181818182,0.75,24,22
6325,10,HOXB5,6325,-1.0,6.17560639478677,0.14870316799714242,0.0040977666055318435,-5.373085397847483,4.556916030114242,0.8181818181818182,0.75,24,22
6318,10,HOXB5,6318,-1.0,6.17560639478677,0.30221931347920394,2.8328404396738867e-09,-7.160437114159181,5.887732437136677,0.8181818181818182,0.75,24,22
6317,10,HOXB5,6317,-1.0,6.17560639478677,0.5380291255519497,3.1684986632573104e-29,-4.220017238793552,3.3061291299801576,0.8181818181818182,0.75,24,22
6320,10,HOXB5,6320,-1.0,6.17560639478677,0.1939706770504093,0.00017039206679616152,-5.7435489061944,4.468029527438565,0.8181818181818182,0.75,24,22
6324,10,HOXB5,6324,-1.0,6.17560639478677,0.48976493230905893,8.878843188891652e-24,-7.2903176962300416,7.892966965631933,0.8181818181818182,0.75,24,22
6327,10,HOXB5,6327,-1.0,6.17560639478677,-0.26500069324171577,2.2194842198911816e-07,3.9643797651330814,2.93760542171215,0.8181818181818182,0.75,24,22
6332,10,HOXB5,6332,-1.0,6.17560639478677,0.22532729233885657,1.1762480419179008e-05,-10.24305561693593,8.040654265067413,0.8181818181818182,0.75,24,22
6322,10,HOXB5,6322,-1.0,6.17560639478677,0.24305665547296712,2.1687656448535045e-06,-13.00479426367341,10.76629516676455,0.8181818181818182,0.75,24,22
6336,10,HOXB5,6336,-1.0,6.17560639478677,0.028111774064299936,0.5893691109976967,-5.431074566314775,4.168192947049983,0.8181818181818182,0.75,24,22
6316,10,HOXB5,6316,-1.0,6.17560639478677,0.2400094468871097,2.9276889934198134e-06,-11.601644561149786,8.941096796293792,0.8181818181818182,0.75,24,22
6326,10,HOXB5,6326,-1.0,6.17560639478677,0.513531373300089,2.3680570132172872e-26,-3.024271287765708,2.126980380676944,0.8181818181818182,0.75,24,22
2792,10,GLI1,2792,-1.0,9.125029953714254,0.4482927332506424,9.666902674035214e-20,-4.722665053413371,3.7647830853526734,1.0,0.9166666666666666,12,11
2789,10,GLI1,2789,-1.0,9.125029953714254,0.4801118304899192,8.663431269667665e-23,-11.977398268561137,9.337819701019576,1.0,0.9166666666666666,12,11
2799,10,GLI1,2799,-1.0,9.125029953714254,0.5315433279699275,1.9254556561992745e-28,-7.449398150592137,6.711090595931475,1.0,0.9166666666666666,12,11
2795,10,GLI1,2795,-1.0,9.125029953714254,0.3016412912722811,3.046374504637952e-09,-8.693094008223484,7.325563081163981,1.0,0.9166666666666666,12,11
2790,10,GLI1,2790,-1.0,9.125029953714254,0.4717285387001822,5.912879214999425e-22,-6.733214268546323,6.486871473408221,1.0,0.9166666666666666,12,11
2793,10,GLI1,2793,-1.0,9.125029953714254,0.593008972899899,1.3200887336848245e-36,-4.490732516055241,3.538142223350875,1.0,0.9166666666666666,12,11
2798,10,GLI1,2798,-1.0,9.125029953714254,0.31558367793722175,5.04632378141579e-10,-2.8506295422847088,2.0933334131720733,1.0,0.9166666666666666,12,11
2800,10,GLI1,2800,-1.0,9.125029953714254,0.4835470202466713,3.883397191151657e-23,-3.4445452100736893,2.570199312177635,1.0,0.9166666666666666,12,11
2797,10,GLI1,2797,-1.0,9.125029953714254,0.5092726388710498,7.088787421796596e-26,-10.851288545500404,9.208344496936501,1.0,0.9166666666666666,12,11
2794,10,GLI1,2794,-1.0,9.125029953714254,0.3461323800591772,7.0023683320814064e-12,-7.28913249230349,5.974181005484832,1.0,0.9166666666666666,12,11
2791,10,GLI1,2791,-1.0,9.125029953714254,0.5929053391139687,1.3673055029951801e-36,-3.1218819728694425,2.2246503135463014,1.0,0.9166666666666666,12,11
3737,10,RELA,3737,-1.0,9.15306788248286,0.43966400101518793,5.730469877732284e-19,-7.231839553593771,5.914879244902122,1.0,0.9230769230769231,13,12
3732,10,RELA,3732,-1.0,9.15306788248286,0.49299731868204183,4.073786485000682e-24,-8.157049404464946,7.842381906899465,1.0,0.9230769230769231,13,12
3741,10,RELA,3741,-1.0,9.15306788248286,0.3913948728312697,4.963503025285442e-15,-3.971987301956239,3.1262455890219054,1.0,0.9230769230769231,13,12
3743,10,RELA,3743,-1.0,9.15306788248286,0.4313953898250916,3.009143083185909e-18,-7.888283200886185,6.285359043587591,1.0,0.9230769230769231,13,12
3738,10,RELA,3738,-1.0,9.15306788248286,0.47450914961566215,3.145421348869171e-22,-5.2640039412324064,4.123923971594732,1.0,0.9230769230769231,13,12
3740,10,RELA,3740,-1.0,9.15306788248286,0.4864841365145686,1.9414492248445047e-23,-7.333303680914802,5.710143335088079,1.0,0.9230769230769231,13,12
3731,10,RELA,3731,-1.0,9.15306788248286,0.5918582872934669,1.9487614306125658e-36,-12.437923598764572,9.66600618819874,1.0,0.9230769230769231,13,12
3733,10,RELA,3733,-1.0,9.15306788248286,0.2185835779262438,2.1618670124972774e-05,-4.2221868134641145,3.2887739639549527,1.0,0.9230769230769231,13,12
3736,10,RELA,3736,-1.0,9.15306788248286,0.1852588611566092,0.00033399450562536563,-3.2462992953024,2.3315421580500097,1.0,0.9230769230769231,13,12
3742,10,RELA,3742,-1.0,9.15306788248286,0.42613074773756454,8.44993988700194e-18,-12.873267748802906,11.268430553083764,1.0,0.9230769230769231,13,12
3735,10,RELA,3735,-1.0,9.15306788248286,0.43847938017140703,7.287722209561617e-19,-11.377271860648383,16.495458138513264,1.0,0.9230769230769231,13,12
3734,10,RELA,3734,-1.0,9.15306788248286,0.5342376808597138,9.141773847138125e-29,-8.08512777546834,6.6022358292775785,1.0,0.9230769230769231,13,12
3073,10,HLTF,3073,-1.0,7.719531407969456,0.6702634553517087,9.911034808167267e-50,-7.560335048175835,6.102254748856143,1.0,1.0,17,17
3079,10,HLTF,3079,-1.0,7.719531407969456,0.40521599766882793,4.291058061937142e-16,-4.123681812007924,3.082821219168283,1.0,1.0,17,17
3082,10,HLTF,3082,-1.0,7.719531407969456,0.22086563565565395,1.7631624377156803e-05,-6.0976911347238385,5.191106395101227,1.0,1.0,17,17
3076,10,HLTF,3076,-1.0,7.719531407969456,0.2550027377172843,6.435958940086319e-07,-3.768603900606078,2.754981812999172,1.0,1.0,17,17
3074,10,HLTF,3074,-1.0,7.719531407969456,0.509043161934215,7.516934712028761e-26,-11.200647585679283,9.069941868407447,1.0,1.0,17,17
3069,10,HLTF,3069,-1.0,7.719531407969456,0.7092638242972996,5.432931260433095e-58,-11.445530759782633,8.787802597864744,1.0,1.0,17,17
3085,10,HLTF,3085,-1.0,7.719531407969456,0.344298850628735,9.175203062628065e-12,-4.537577646264081,3.512448941043121,1.0,1.0,17,17
3083,10,HLTF,3083,-1.0,7.719531407969456,0.2128169818370671,3.584478552220314e-05,-3.907115454594137,2.9244146153932213,1.0,1.0,17,17
3072,10,HLTF,3072,-1.0,7.719531407969456,0.44872666771632086,8.827434193783866e-20,-4.404813814051029,3.274132420622959,1.0,1.0,17,17
3075,10,HLTF,3075,-1.0,7.719531407969456,0.1784411226285846,0.0005540297870519801,-2.6069963441777255,1.7283324127997668,1.0,1.0,17,17
3081,10,HLTF,3081,-1.0,7.719531407969456,0.46025962489748246,7.522159232825156e-21,-5.208100963347944,4.00978260263582,1.0,1.0,17,17
3070,10,HLTF,3070,-1.0,7.719531407969456,0.3437832667899619,9.896511823923563e-12,-6.919026134611121,5.788710833817759,1.0,1.0,17,17
3078,10,HLTF,3078,-1.0,7.719531407969456,0.5351471199919161,7.098712447967932e-29,-7.9713315111442,6.362774402883517,1.0,1.0,17,17
3077,10,HLTF,3077,-1.0,7.719531407969456,0.2714689909455582,1.0885512440341112e-07,-3.8254949229198205,2.8651489141088717,1.0,1.0,17,17
3071,10,HLTF,3071,-1.0,7.719531407969456,0.4783226840439257,1.3111017598929105e-22,-8.760016582169142,7.990931435759835,1.0,1.0,17,17
3084,10,HLTF,3084,-1.0,7.719531407969456,0.20278189675633382,8.36766860301653e-05,-5.266578204966197,4.312447718816862,1.0,1.0,17,17
3080,10,HLTF,3080,-1.0,7.719531407969456,0.5326871693883258,1.4045925300250848e-28,-8.388282256802086,6.562396923708005,1.0,1.0,17,17
1386,10,RFX1,1386,-1.0,9.094604032504625,0.4502630793562017,6.392801648394877e-20,-6.256330757079782,5.096838302153509,0.9565217391304348,0.88,25,23
1374,10,RFX1,1374,-1.0,9.094604032504625,0.5367765905197434,4.503199045138867e-29,-9.191755172571199,7.397249642828667,0.9565217391304348,0.88,25,23
1390,10,RFX1,1390,-1.0,9.094604032504625,-0.2813680126522488,3.527414776283656e-08,2.6887382418148706,1.7711179750353545,0.9565217391304348,0.88,25,23
1376,10,RFX1,1376,-1.0,9.094604032504625,0.43516239480938207,1.421523684788128e-18,-8.303700170712728,8.418238770098693,0.9565217391304348,0.88,25,23
1382,10,RFX1,1382,-1.0,9.094604032504625,0.5790262656361257,1.3521560945213184e-34,-8.713807216069696,7.040390901716405,0.9565217391304348,0.88,25,23
1384,10,RFX1,1384,-1.0,9.094604032504625,-0.24423657637291235,1.928816612598695e-06,2.146354358190545,1.325294571527365,0.9565217391304348,0.88,25,23
1388,10,RFX1,1388,-1.0,9.094604032504625,0.3436312236068779,1.0119586673183207e-11,-5.917029248984291,5.153036259933455,0.9565217391304348,0.88,25,23
1385,10,RFX1,1385,-1.0,9.094604032504625,0.30429433868265277,2.179461078230799e-09,-5.096797498301551,3.912609801092583,0.9565217391304348,0.88,25,23
1368,10,RFX1,1368,-1.0,9.094604032504625,0.5552793294120136,2.146807536534266e-31,-11.150850858082,19.44352231911103,0.9565217391304348,0.88,25,23
1369,10,RFX1,1369,-1.0,9.094604032504625,0.34801909117186053,5.292589008704395e-12,-3.747538691810482,2.826732859873357,0.9565217391304348,0.88,25,23
1375,10,RFX1,1375,-1.0,9.094604032504625,0.5645337538216418,1.30346937874322e-32,-10.863548764226627,8.771527501176836,0.9565217391304348,0.88,25,23
1381,10,RFX1,1381,-1.0,9.094604032504625,0.4912150999795553,6.266153283219408e-24,-5.393221781995224,4.130469890864653,0.9565217391304348,0.88,25,23
1379,10,RFX1,1379,-1.0,9.094604032504625,0.5412579869670558,1.271565909783481e-29,-9.65313367977084,8.112684102733756,0.9565217391304348,0.88,25,23
1371,10,RFX1,1371,-1.0,9.094604032504625,0.4519120546509469,4.5132485467249627e-20,-5.951384896453321,4.783619899069435,0.9565217391304348,0.88,25,23
1372,10,RFX1,1372,-1.0,9.094604032504625,0.6621393674345593,3.63851271003466e-48,-10.58498630002622,9.13395944680539,0.9565217391304348,0.88,25,23
1370,10,RFX1,1370,-1.0,9.094604032504625,0.4511100092353897,5.347305379122274e-20,-9.15551857231705,8.14400759082615,0.9565217391304348,0.88,25,23
1383,10,RFX1,1383,-1.0,9.094604032504625,0.504707698743,2.257427988700098e-25,-4.5737668034219405,3.4438381863807512,0.9565217391304348,0.88,25,23
1367,10,RFX1,1367,-1.0,9.094604032504625,0.47073509471561814,7.398267861534621e-22,-7.333148271128385,6.968915281669063,0.9565217391304348,0.88,25,23
1373,10,RFX1,1373,-1.0,9.094604032504625,0.4683590381094946,1.2607709049342229e-21,-5.745012175914718,4.493749613503182,0.9565217391304348,0.88,25,23
1377,10,RFX1,1377,-1.0,9.094604032504625,0.380835744012859,2.9863092850937e-14,-6.4247892861046125,5.4268691473899695,0.9565217391304348,0.88,25,23
1366,10,RFX1,1366,-1.0,9.094604032504625,0.718626817409532,3.501070346955759e-60,-12.341064140748383,9.50038055985447,0.9565217391304348,0.88,25,23
1378,10,RFX1,1378,-1.0,9.094604032504625,0.3341601317864252,3.961974461072364e-11,-2.740639084965971,1.8296507426258415,0.9565217391304348,0.88,25,23
6409,10,IKZF3,6409,-1.0,3.391868838112732,0.3525016626051318,2.701073995198634e-12,-3.5798486272886367,2.6646799843890348,1.0,0.8333333333333334,6,5
6407,10,IKZF3,6407,-1.0,3.391868838112732,0.2183004063101446,2.2169215610679685e-05,-11.08795420476516,8.509207676291965,1.0,0.8333333333333334,6,5
6408,10,IKZF3,6408,-1.0,3.391868838112732,0.23603047443583053,4.3062666020999985e-06,-6.226301766121106,5.413427978652822,1.0,0.8333333333333334,6,5
6410,10,IKZF3,6410,-1.0,3.391868838112732,0.32942188340849327,7.708038293218534e-11,-5.362877435665037,4.315642725508669,1.0,0.8333333333333334,6,5
6412,10,IKZF3,6412,-1.0,3.391868838112732,0.16454385870088853,0.0014709843165370707,-6.581272204480047,5.384151641659824,1.0,0.8333333333333334,6,5
6890,10,NR1H2,6890,-1.0,1.376564752780673,0.49299825867080893,4.0728587018546915e-24,-6.954370230031628,6.106026179851534,0.7777777777777778,0.7,10,9
6894,10,NR1H2,6894,-1.0,1.376564752780673,0.2094262073568221,4.795179623965684e-05,-8.523223402385943,6.633313341187507,0.7777777777777778,0.7,10,9
6889,10,NR1H2,6889,-1.0,1.376564752780673,0.4517750512881371,4.646040687061827e-20,-10.24164482466829,9.899933477207922,0.7777777777777778,0.7,10,9
6896,10,NR1H2,6896,-1.0,1.376564752780673,0.3861079060105232,1.2288978280072813e-14,-6.611808856008368,5.159212424317951,0.7777777777777778,0.7,10,9
6892,10,NR1H2,6892,-1.0,1.376564752780673,0.2661549994477566,1.95718966216071e-07,-8.074533076851047,6.53817109967892,0.7777777777777778,0.7,10,9
6888,10,NR1H2,6888,-1.0,1.376564752780673,0.2808980182686817,3.725041975336923e-08,-11.938648864278113,9.126221681829003,0.7777777777777778,0.7,10,9
6897,10,NR1H2,6897,-1.0,1.376564752780673,0.15577305851195078,0.002624003125300158,-5.063375112929182,4.478485459505275,0.7777777777777778,0.7,10,9
3449,10,CEBPD,3449,1.0,2.7463780116720873,-0.3386180285145593,2.096159401799141e-11,-8.570610926872497,6.66159902952166,0.9,0.9,10,10
3444,10,CEBPD,3444,1.0,2.7463780116720873,-0.25956356321541957,3.9817108115232593e-07,-11.925890461078929,9.162568120745282,0.9,0.9,10,10
3450,10,CEBPD,3450,1.0,2.7463780116720873,-0.19703128047619833,0.0001335634635349205,-3.414059249355351,2.4151769939533794,0.9,0.9,10,10
3448,10,CEBPD,3448,1.0,2.7463780116720873,-0.14628105194142932,0.0047537101463482855,-5.414083051734139,4.159047465545417,0.9,0.9,10,10
3451,10,CEBPD,3451,1.0,2.7463780116720873,-0.2376540700338631,3.681923317918083e-06,-5.66043812162657,4.509549719182928,0.9,0.9,10,10
3447,10,CEBPD,3447,1.0,2.7463780116720873,-0.28043836376155307,3.928641613143681e-08,-9.445438734534068,7.338445304936265,0.9,0.9,10,10
3446,10,CEBPD,3446,1.0,2.7463780116720873,0.26139325135064634,3.275594690493994e-07,2.9915008649285966,2.0424024920953086,0.9,0.9,10,10
3452,10,CEBPD,3452,1.0,2.7463780116720873,-0.19595334835748712,0.00014558612399442433,-6.696129027136344,5.349067257024607,0.9,0.9,10,10
3445,10,CEBPD,3445,1.0,2.7463780116720873,-0.23639166511960183,4.159196900684353e-06,-7.495181608537335,6.035474012472165,0.9,0.9,10,10
262,10,POU2F1,262,-1.0,9.053329983182657,0.5643281312788313,1.388516912067488e-32,-12.369790661624714,17.23087079387326,1.0,0.76,25,19
274,10,POU2F1,274,-1.0,9.053329983182657,-0.5101490587187484,5.664004327171163e-26,3.362479865580205,2.3837592904167755,1.0,0.76,25,19
275,10,POU2F1,275,-1.0,9.053329983182657,0.4870107652213556,1.7132990036069414e-23,-3.120822667144005,2.2524933963677536,1.0,0.76,25,19
260,10,POU2F1,260,-1.0,9.053329983182657,0.7850121141052365,9.565479929564672e-79,-11.806740505022255,9.091963632705825,1.0,0.76,25,19
263,10,POU2F1,263,-1.0,9.053329983182657,0.5986356063045047,1.921297016078091e-37,-8.390269780644331,7.092586673852334,1.0,0.76,25,19
261,10,POU2F1,261,-1.0,9.053329983182657,0.6276521195571714,4.9182819617688046e-42,-8.813724259759505,8.590073751335437,1.0,0.76,25,19
271,10,POU2F1,271,-1.0,9.053329983182657,0.5417244563927461,1.1135255161202988e-29,-6.529344982545977,5.4604550944026915,1.0,0.76,25,19
267,10,POU2F1,267,-1.0,9.053329983182657,0.6243981134425445,1.7017371581436215e-41,-6.120084002742801,4.811213003853556,1.0,0.76,25,19
278,10,POU2F1,278,-1.0,9.053329983182657,0.4129549251886441,1.0357757881315442e-16,-5.556246394152755,4.531004600017354,1.0,0.76,25,19
281,10,POU2F1,281,-1.0,9.053329983182657,0.3094092875590137,1.1318976409055421e-09,-6.817982940155137,5.792819833438854,1.0,0.76,25,19
282,10,POU2F1,282,-1.0,9.053329983182657,0.7090767665326401,5.99673633954324e-58,-8.715005251820664,6.800238891841928,1.0,0.76,25,19
269,10,POU2F1,269,-1.0,9.053329983182657,0.49081771972824934,6.895213988912488e-24,-9.017554650401335,7.249838772839242,1.0,0.76,25,19
265,10,POU2F1,265,-1.0,9.053329983182657,0.7401412803117003,1.428005427782897e-65,-13.047570296056035,11.151171490580351,1.0,0.76,25,19
273,10,POU2F1,273,-1.0,9.053329983182657,0.6882360405793152,2.245967641667599e-53,-8.041612640310907,6.262266350027095,1.0,0.76,25,19
272,10,POU2F1,272,-1.0,9.053329983182657,0.5648932995250707,1.1669595874347204e-32,-8.701724395171363,6.919907243331508,1.0,0.76,25,19
264,10,POU2F1,264,-1.0,9.053329983182657,0.6789188719194805,1.8765703741770418e-51,-7.815910038352519,6.465883930309652,1.0,0.76,25,19
280,10,POU2F1,280,-1.0,9.053329983182657,0.2073394322937841,5.7223933859099206e-05,-3.9003596078903806,2.890917057068217,1.0,0.76,25,19
279,10,POU2F1,279,-1.0,9.053329983182657,0.5940108615702042,9.392194183584577e-37,-7.19733585002842,6.411949588536806,1.0,0.76,25,19
270,10,POU2F1,270,-1.0,9.053329983182657,0.545501801253475,3.772470887119361e-30,-7.6229493199224665,6.338648065299615,1.0,0.76,25,19
4963,10,GLI2,4963,-1.0,3.08275169436772,0.13168826807571993,0.011116913401006932,-4.792829819173708,3.7332934488550946,1.0,0.8888888888888888,9,8
4960,10,GLI2,4960,-1.0,3.08275169436772,0.5326397061257675,1.42313073880511e-28,-5.461573587494039,4.460453168373439,1.0,0.8888888888888888,9,8
4961,10,GLI2,4961,-1.0,3.08275169436772,0.3667924857426247,2.9434466092093685e-13,-8.764846304777228,7.347952668108162,1.0,0.8888888888888888,9,8
4964,10,GLI2,4964,-1.0,3.08275169436772,0.203799561785792,7.692525911616399e-05,-9.719072438994713,7.631142422627136,1.0,0.8888888888888888,9,8
4958,10,GLI2,4958,-1.0,3.08275169436772,0.24149841515354542,2.529676567441037e-06,-8.461518624259574,8.642789287752425,1.0,0.8888888888888888,9,8
4959,10,GLI2,4959,-1.0,3.08275169436772,0.9087159414190197,4.457531724114661e-142,-3.1733877940512722,2.272885252664951,1.0,0.8888888888888888,9,8
4957,10,GLI2,4957,-1.0,3.08275169436772,0.4604796421169091,7.170385165035484e-21,-11.650444306671009,8.967526368223037,1.0,0.8888888888888888,9,8
4965,10,GLI2,4965,-1.0,3.08275169436772,0.5108664118905653,4.711418165951765e-26,-7.127760402294113,6.20968327017606,1.0,0.8888888888888888,9,8
7662,10,ZNF75A,7662,-1.0,9.027449856744836,0.4860282419625086,2.1629713441761337e-23,-7.900399562378467,6.989929724318409,1.0,0.7894736842105263,19,15
7664,10,ZNF75A,7664,-1.0,9.027449856744836,0.3299863466631574,7.12478749158961e-11,-6.943448608959166,7.188551438126553,1.0,0.7894736842105263,19,15
7655,10,ZNF75A,7655,-1.0,9.027449856744836,0.5358201519491842,5.883957235532797e-29,-6.799491241711681,5.572494072153998,1.0,0.7894736842105263,19,15
7656,10,ZNF75A,7656,-1.0,9.027449856744836,0.46848758157340026,1.2250617777883863e-21,-8.456298498520452,7.302823679462928,1.0,0.7894736842105263,19,15
7658,10,ZNF75A,7658,-1.0,9.027449856744836,0.37790180407344137,4.861105041344637e-14,-10.338230479057046,9.670586115749996,1.0,0.7894736842105263,19,15
7654,10,ZNF75A,7654,-1.0,9.027449856744836,0.43398200391505326,1.799890605356881e-18,-9.61923084540881,10.752278026789456,1.0,0.7894736842105263,19,15
7669,10,ZNF75A,7669,-1.0,9.027449856744836,0.49211184926340135,5.047133641064818e-24,-9.20822845714284,7.116870026919516,1.0,0.7894736842105263,19,15
7651,10,ZNF75A,7651,-1.0,9.027449856744836,0.6102364776740918,3.1962856321083394e-39,-11.95582255514402,9.182546435917256,1.0,0.7894736842105263,19,15
7657,10,ZNF75A,7657,-1.0,9.027449856744836,0.46977560118156597,9.17981333362806e-22,-5.8030272332160475,4.5413550200186235,1.0,0.7894736842105263,19,15
7652,10,ZNF75A,7652,-1.0,9.027449856744836,0.18574366036325868,0.00032196764078874925,-3.3332860317849993,2.4268918631576404,1.0,0.7894736842105263,19,15
7661,10,ZNF75A,7661,-1.0,9.027449856744836,0.2766050895691797,6.100198482170854e-08,-5.827430144271367,4.499654456724871,1.0,0.7894736842105263,19,15
7667,10,ZNF75A,7667,-1.0,9.027449856744836,0.2413303661021251,2.5718628951790565e-06,-3.905344158084912,2.848721651212798,1.0,0.7894736842105263,19,15
7653,10,ZNF75A,7653,-1.0,9.027449856744836,0.4460213800445085,1.5519512039338477e-19,-7.921007822764474,7.712001472513669,1.0,0.7894736842105263,19,15
7665,10,ZNF75A,7665,-1.0,9.027449856744836,0.36107177519228645,7.244518720642055e-13,-4.072260498835652,3.122945640979795,1.0,0.7894736842105263,19,15
7659,10,ZNF75A,7659,-1.0,9.027449856744836,0.24776176924685755,1.3539669609336811e-06,-7.30540306513919,8.092838226617005,1.0,0.7894736842105263,19,15
4132,10,HOXB2,4132,-1.0,2.998490939871436,0.15638663617969764,0.0025222341399273583,-8.053175314281168,6.35260967385043,0.8666666666666667,0.7647058823529411,17,15
4125,10,HOXB2,4125,-1.0,2.998490939871436,0.06491844422459153,0.2122089810448661,-4.267243581365559,3.2761986712715423,0.8666666666666667,0.7647058823529411,17,15
4123,10,HOXB2,4123,-1.0,2.998490939871436,0.6366948114970026,1.4442844901289216e-43,-9.487752680326311,9.710000233795904,0.8666666666666667,0.7647058823529411,17,15
4127,10,HOXB2,4127,-1.0,2.998490939871436,0.7222210994578615,4.778712547232409e-61,-7.03337447679597,7.557512276717096,0.8666666666666667,0.7647058823529411,17,15
4130,10,HOXB2,4130,-1.0,2.998490939871436,0.21085875023793466,4.242862242212774e-05,-4.785674743867321,3.6340918721244924,0.8666666666666667,0.7647058823529411,17,15
4121,10,HOXB2,4121,-1.0,2.998490939871436,0.6553352587436582,6.828236051160745e-47,-4.187792454097487,3.2179808394523675,0.8666666666666667,0.7647058823529411,17,15
4120,10,HOXB2,4120,-1.0,2.998490939871436,0.34327308788659977,1.0664601134973495e-11,-11.750305241685535,9.06878203631584,0.8666666666666667,0.7647058823529411,17,15
4122,10,HOXB2,4122,-1.0,2.998490939871436,0.8443413851204479,4.952388550302318e-102,-3.7821565886393897,2.889814375828971,0.8666666666666667,0.7647058823529411,17,15
4134,10,HOXB2,4134,-1.0,2.998490939871436,0.05751532769183409,0.2691595816240271,-8.163873087134107,6.405712622181899,0.8666666666666667,0.7647058823529411,17,15
4128,10,HOXB2,4128,-1.0,2.998490939871436,-0.1149860059172293,0.026783162211573053,3.5135469954096754,2.530965724831986,0.8666666666666667,0.7647058823529411,17,15
4131,10,HOXB2,4131,-1.0,2.998490939871436,0.435240648874246,1.3994108059428965e-18,-6.871328644597018,6.066710279942701,0.8666666666666667,0.7647058823529411,17,15
4136,10,HOXB2,4136,-1.0,2.998490939871436,0.3245052721619977,1.519268253320841e-10,-9.164181953757314,8.819811529073727,0.8666666666666667,0.7647058823529411,17,15
4124,10,HOXB2,4124,-1.0,2.998490939871436,0.4394541485229252,5.980183401455171e-19,-6.6209145143447845,5.380702739713267,0.8666666666666667,0.7647058823529411,17,15
4651,10,E2F1,4651,-1.0,5.135957085084926,0.2604563175470053,3.620625923843642e-07,-2.9049396878961864,1.9621844958205643,1.0,0.8695652173913043,23,20
4634,10,E2F1,4634,-1.0,5.135957085084926,0.5439628046444845,5.873078988591856e-30,-7.262276563200303,6.031280299742596,1.0,0.8695652173913043,23,20
4639,10,E2F1,4639,-1.0,5.135957085084926,0.8598789294467932,8.572195150782631e-110,-4.061783963715435,3.024426991949332,1.0,0.8695652173913043,23,20
4649,10,E2F1,4649,-1.0,5.135957085084926,0.4699908586092396,8.74656589114901e-22,-9.029636195770646,7.3535792089492755,1.0,0.8695652173913043,23,20
4647,10,E2F1,4647,-1.0,5.135957085084926,0.6341049074463561,4.015000175482245e-43,-7.732041315550555,6.112541670166826,1.0,0.8695652173913043,23,20
4640,10,E2F1,4640,-1.0,5.135957085084926,0.5740276403696977,6.706574984194771e-34,-11.653053924780895,11.019793277377337,1.0,0.8695652173913043,23,20
4635,10,E2F1,4635,-1.0,5.135957085084926,0.38589570354634267,1.2740054486462578e-14,-5.6118599097650055,4.387539087299248,1.0,0.8695652173913043,23,20
4644,10,E2F1,4644,-1.0,5.135957085084926,0.5039834373979231,2.708517964713144e-25,-12.907717290617773,10.765142382054762,1.0,0.8695652173913043,23,20
4638,10,E2F1,4638,-1.0,5.135957085084926,0.6593299760067868,1.2323188814548347e-47,-4.758084417461389,3.7753986699502056,1.0,0.8695652173913043,23,20
4632,10,E2F1,4632,-1.0,5.135957085084926,0.8446231467533962,3.645349109127403e-102,-7.2824472775798785,6.093443539800794,1.0,0.8695652173913043,23,20
4652,10,E2F1,4652,-1.0,5.135957085084926,0.17158907451055963,0.0009049210593130594,-8.091983636376586,6.334219338086363,1.0,0.8695652173913043,23,20
4653,10,E2F1,4653,-1.0,5.135957085084926,0.28706481457546584,1.8071012643391093e-08,-7.386312376791443,5.810618513598005,1.0,0.8695652173913043,23,20
4637,10,E2F1,4637,-1.0,5.135957085084926,0.6052159976688279,1.920803821870656e-38,-4.882497287782175,3.9006647416822253,1.0,0.8695652173913043,23,20
4641,10,E2F1,4641,-1.0,5.135957085084926,0.49362617116725455,3.497459934261041e-24,-5.874098583780583,4.5621108122730085,1.0,0.8695652173913043,23,20
4648,10,E2F1,4648,-1.0,5.135957085084926,0.45791482291786617,1.250499952209313e-20,-3.8500121671397203,2.8597545224283007,1.0,0.8695652173913043,23,20
4633,10,E2F1,4633,-1.0,5.135957085084926,0.283109341843365,2.879770203245673e-08,-12.589615179317349,13.684029302452366,1.0,0.8695652173913043,23,20
4636,10,E2F1,4636,-1.0,5.135957085084926,0.3759513273816378,6.702412458668731e-14,-10.976403551521436,9.287524814650688,1.0,0.8695652173913043,23,20
4631,10,E2F1,4631,-1.0,5.135957085084926,0.477976063186045,1.420287601486726e-22,-11.683951011950517,8.995811507219738,1.0,0.8695652173913043,23,20
4643,10,E2F1,4643,-1.0,5.135957085084926,0.5173275179361607,8.795308417124574e-27,-3.2930183750148876,2.322864987927827,1.0,0.8695652173913043,23,20
4642,10,E2F1,4642,-1.0,5.135957085084926,0.3149735510660648,5.470205758630248e-10,-8.750884288725526,6.871830228905544,1.0,0.8695652173913043,23,20
1563,10,TFEC,1563,-1.0,3.503256393859837,-0.2892378336078884,1.3946422642795452e-08,4.520371750207787,3.4634442975639277,1.0,0.9,10,9
1557,10,TFEC,1557,-1.0,3.503256393859837,0.8782145853357053,2.9682845423440674e-120,-3.6224950010327577,2.6803366020249726,1.0,0.9,10,9
1558,10,TFEC,1558,-1.0,3.503256393859837,0.316510667697521,4.462751035196922e-10,-9.104206921174463,8.724809928111007,1.0,0.9,10,9
1565,10,TFEC,1565,-1.0,3.503256393859837,0.3613713966118105,6.913786807121964e-13,-9.631232767213909,7.488638938600467,1.0,0.9,10,9
1559,10,TFEC,1559,-1.0,3.503256393859837,0.5348956729967077,7.613513343379062e-29,-4.573407084119065,3.486110957991689,1.0,0.9,10,9
1561,10,TFEC,1561,-1.0,3.503256393859837,0.256810806110867,5.326152915271717e-07,-6.2937397921960985,5.143737010619323,1.0,0.9,10,9
1556,10,TFEC,1556,-1.0,3.503256393859837,0.4990548412946465,9.250069082301044e-25,-11.448193042690475,8.821680273352468,1.0,0.9,10,9
1560,10,TFEC,1560,-1.0,3.503256393859837,0.6100047704429932,3.4745405476215305e-39,-5.349346345842931,4.409071524383733,1.0,0.9,10,9
1564,10,TFEC,1564,-1.0,3.503256393859837,0.47434535657298893,3.265092343742072e-22,-10.298444679145316,8.397285096599614,1.0,0.9,10,9
51,10,HOXA5,51,-1.0,9.057276184406028,0.21880719060899503,2.1193104968742894e-05,-9.052008394968704,7.122923938918903,1.0,0.8235294117647058,17,14
48,10,HOXA5,48,-1.0,9.057276184406028,0.22228303427686907,1.551789535726092e-05,-6.1234594443757375,4.797008052437411,1.0,0.8235294117647058,17,14
44,10,HOXA5,44,-1.0,9.057276184406028,0.17449729250907078,0.0007364214996386433,-6.372726431964053,5.367177161908096,1.0,0.8235294117647058,17,14
38,10,HOXA5,38,-1.0,9.057276184406028,0.29927928119524805,4.092928572679261e-09,-10.793717532828362,12.301549481171264,1.0,0.8235294117647058,17,14
39,10,HOXA5,39,-1.0,9.057276184406028,0.16093149132340406,0.0018734600992269188,-5.881045937318847,4.715814240882423,1.0,0.8235294117647058,17,14
50,10,HOXA5,50,-1.0,9.057276184406028,0.2979269897756833,4.841065854511163e-09,-9.062405079850064,7.571528413103838,1.0,0.8235294117647058,17,14
37,10,HOXA5,37,-1.0,9.057276184406028,0.2884938494475133,1.5243826007757427e-08,-8.843347530213219,8.232320739043036,1.0,0.8235294117647058,17,14
40,10,HOXA5,40,-1.0,9.057276184406028,0.254945765876162,6.474306591698037e-07,-8.28213331641576,6.940562780380847,1.0,0.8235294117647058,17,14
46,10,HOXA5,46,-1.0,9.057276184406028,0.3266269634971209,1.1353082542953066e-10,-6.789172561496054,6.827478710399216,1.0,0.8235294117647058,17,14
41,10,HOXA5,41,-1.0,9.057276184406028,0.24359857330846554,2.05521523452176e-06,-13.859083498131685,11.557233758977366,1.0,0.8235294117647058,17,14
42,10,HOXA5,42,-1.0,9.057276184406028,0.15554606036290997,0.0026625910704632626,-6.1651371708398734,4.811625195363647,1.0,0.8235294117647058,17,14
49,10,HOXA5,49,-1.0,9.057276184406028,0.20025862617461185,0.00010290059803228338,-9.52910843857345,7.970615358344054,1.0,0.8235294117647058,17,14
45,10,HOXA5,45,-1.0,9.057276184406028,-0.2530180837987115,7.909091211852989e-07,4.338296584170875,3.270399726935299,1.0,0.8235294117647058,17,14
36,10,HOXA5,36,-1.0,9.057276184406028,0.21525238788004303,2.9000336853470427e-05,-11.629406751202914,8.93935599930548,1.0,0.8235294117647058,17,14
7430,10,ATF2,7430,-1.0,9.132857791122142,0.5394146689947055,2.1440174928889112e-29,-7.135682149778006,5.771965156172581,1.0,0.9411764705882353,17,16
7428,10,ATF2,7428,-1.0,9.132857791122142,0.6626178217170305,2.9520561094129755e-48,-8.50657363670983,6.807711985180426,1.0,0.9411764705882353,17,16
7421,10,ATF2,7421,-1.0,9.132857791122142,-0.37045850302088895,1.6370892940328768e-13,5.836716328861954,4.6307701509305605,1.0,0.9411764705882353,17,16
7420,10,ATF2,7420,-1.0,9.132857791122142,0.3218237192065555,2.188464120312929e-10,-7.105216021649428,6.436656889338629,1.0,0.9411764705882353,17,16
7431,10,ATF2,7431,-1.0,9.132857791122142,0.3919809558275779,4.484402299820753e-15,-5.053123895181786,4.004396766697026,1.0,0.9411764705882353,17,16
7429,10,ATF2,7429,-1.0,9.132857791122142,0.6583016282955418,1.9196753579789834e-47,-9.941794038682918,7.677468579926121,1.0,0.9411764705882353,17,16
7427,10,ATF2,7427,-1.0,9.132857791122142,0.48717972820224803,1.645864136625222e-23,-6.442120390278914,5.193874813374671,1.0,0.9411764705882353,17,16
7424,10,ATF2,7424,-1.0,9.132857791122142,0.319741879084545,2.898158458311455e-10,-4.5156107256737466,3.6226835399424853,1.0,0.9411764705882353,17,16
7435,10,ATF2,7435,-1.0,9.132857791122142,0.49461386436432087,2.7506084840226094e-24,-5.563046658385438,4.371759427852669,1.0,0.9411764705882353,17,16
7419,10,ATF2,7419,-1.0,9.132857791122142,0.7947130331792536,5.128576900228154e-82,-11.702719694341726,8.995414948938308,1.0,0.9411764705882353,17,16
7425,10,ATF2,7425,-1.0,9.132857791122142,0.2217038706387459,1.6350748244753935e-05,-4.193070682894201,3.2396537697873558,1.0,0.9411764705882353,17,16
7422,10,ATF2,7422,-1.0,9.132857791122142,0.5864220972559377,1.2017191462029271e-35,-7.495795773465856,6.105988250877772,1.0,0.9411764705882353,17,16
7433,10,ATF2,7433,-1.0,9.132857791122142,0.38769249207471973,9.381065990762681e-15,-4.707972236419324,3.6068938152903116,1.0,0.9411764705882353,17,16
7426,10,ATF2,7426,-1.0,9.132857791122142,0.27876964870269805,4.7620241975720975e-08,-6.796214943125719,6.218194529067447,1.0,0.9411764705882353,17,16
7423,10,ATF2,7423,-1.0,9.132857791122142,0.4179436805730172,4.062329081122911e-17,-7.245043805836803,6.1294789920793695,1.0,0.9411764705882353,17,16
7434,10,ATF2,7434,-1.0,9.132857791122142,0.0960069277172138,0.06471048815746833,-3.4563285927837617,2.661457869123059,1.0,0.9411764705882353,17,16
7612,10,ZNF691,7612,-1.0,2.1027594122173925,0.5846962778794794,2.1257664035989453e-35,-6.49144755296644,5.353416814653258,0.85,0.7391304347826086,23,20
7611,10,ZNF691,7611,-1.0,2.1027594122173925,0.21154541203232624,3.9999673686036015e-05,-10.60439190294197,8.22351183463875,0.85,0.7391304347826086,23,20
7605,10,ZNF691,7605,-1.0,2.1027594122173925,0.19082923459064666,0.00021793979572302564,-8.871817892772002,7.447814339537815,0.85,0.7391304347826086,23,20
7604,10,ZNF691,7604,-1.0,2.1027594122173925,0.390610687202288,5.683760245871046e-15,-7.697610967409064,7.1748558502784014,0.85,0.7391304347826086,23,20
7606,10,ZNF691,7606,-1.0,2.1027594122173925,0.11585667051278738,0.025644965910676828,-12.443154517093888,18.242688413290725,0.85,0.7391304347826086,23,20
7621,10,ZNF691,7621,-1.0,2.1027594122173925,0.26486956480870055,2.2513367402020533e-07,-3.803936988683512,3.027676701477701,0.85,0.7391304347826086,23,20
7609,10,ZNF691,7609,-1.0,2.1027594122173925,0.25611685940353013,5.728432741543124e-07,-4.07932844140436,3.1476238534034797,0.85,0.7391304347826086,23,20
7614,10,ZNF691,7614,-1.0,2.1027594122173925,0.4290327280588997,4.793463673040944e-18,-2.4333189787228213,1.5662772809565795,0.85,0.7391304347826086,23,20
7619,10,ZNF691,7619,-1.0,2.1027594122173925,0.41716560487102183,4.7056580575891714e-17,-7.157581874774405,5.782668304761279,0.85,0.7391304347826086,23,20
7603,10,ZNF691,7603,-1.0,2.1027594122173925,0.23388918002429873,5.285402225815257e-06,-11.804840935832237,9.099941117569099,0.85,0.7391304347826086,23,20
7610,10,ZNF691,7610,-1.0,2.1027594122173925,0.19948653113595294,0.00010956696409715838,-11.694875532817905,9.944608086899844,0.85,0.7391304347826086,23,20
7607,10,ZNF691,7607,-1.0,2.1027594122173925,0.3879787186543121,8.933118122114122e-15,-9.153031271686169,7.582833599051694,0.85,0.7391304347826086,23,20
7617,10,ZNF691,7617,-1.0,2.1027594122173925,0.5376599449636577,3.514942127214493e-29,-5.891836061237245,4.963729152105015,0.85,0.7391304347826086,23,20
7616,10,ZNF691,7616,-1.0,2.1027594122173925,0.141972143432886,0.006158196315768814,-3.801964306277992,2.773784900017095,0.85,0.7391304347826086,23,20
7618,10,ZNF691,7618,-1.0,2.1027594122173925,0.4446990508463424,2.0410842237567016e-19,-6.477994558317465,5.064452773047141,0.85,0.7391304347826086,23,20
7623,10,ZNF691,7623,-1.0,2.1027594122173925,0.4488126766885136,8.669777319636658e-20,-4.477387542904956,3.3696491997062545,0.85,0.7391304347826086,23,20
7613,10,ZNF691,7613,-1.0,2.1027594122173925,0.28412076975680145,2.5580471220585186e-08,-8.40037398021186,6.741308998812058,0.85,0.7391304347826086,23,20
5413,10,NFATC1,5413,-1.0,11.261999744562084,0.20391599320388124,7.618639908737886e-05,-10.683614989815512,8.194564805314217,0.8695652173913043,0.8,25,23
5418,10,NFATC1,5418,-1.0,11.261999744562084,0.34402460890592357,9.55223614674995e-12,-6.679151623191887,5.3094474832617475,0.8695652173913043,0.8,25,23
5405,10,NFATC1,5405,-1.0,11.261999744562084,0.5147303289725689,1.7342880984634824e-26,-11.866197950426313,14.212636872283957,0.8695652173913043,0.8,25,23
5417,10,NFATC1,5417,-1.0,11.261999744562084,0.21215687472534706,3.794791100266667e-05,-6.619875715448298,5.12305091704963,0.8695652173913043,0.8,25,23
5401,10,NFATC1,5401,-1.0,11.261999744562084,0.3098322825042241,1.071593351125445e-09,-12.09732487417861,9.311702925584786,0.8695652173913043,0.8,25,23
5419,10,NFATC1,5419,-1.0,11.261999744562084,0.37994580964757474,3.46372454585229e-14,-10.10478078311052,8.299428829498291,0.8695652173913043,0.8,25,23
5412,10,NFATC1,5412,-1.0,11.261999744562084,0.4136742515926935,9.058813619046873e-17,-5.580080671261789,4.794919524707695,0.8695652173913043,0.8,25,23
5425,10,NFATC1,5425,-1.0,11.261999744562084,0.20087935949165409,9.781958074918162e-05,-3.4425994758624894,2.4774999561459676,0.8695652173913043,0.8,25,23
5411,10,NFATC1,5411,-1.0,11.261999744562084,0.6298338334856899,2.1221858025203464e-42,-6.203774692691455,5.742087653591469,0.8695652173913043,0.8,25,23
5408,10,NFATC1,5408,-1.0,11.261999744562084,0.2898210966378952,1.3004651306128306e-08,-6.690366066810768,5.278312938927083,0.8695652173913043,0.8,25,23
5404,10,NFATC1,5404,-1.0,11.261999744562084,0.6443376251653793,6.671459934233999e-45,-3.614621038939686,2.698093512616671,0.8695652173913043,0.8,25,23
5422,10,NFATC1,5422,-1.0,11.261999744562084,0.2411115837165746,2.627793598502925e-06,-5.57164557628838,4.421981117288579,0.8695652173913043,0.8,25,23
5416,10,NFATC1,5416,-1.0,11.261999744562084,0.4971182294371582,1.4906787721619771e-24,-7.482562258431751,6.285067425006643,0.8695652173913043,0.8,25,23
5415,10,NFATC1,5415,-1.0,11.261999744562084,0.22447119756918907,1.2720589791185625e-05,-5.882723897520919,4.781251437161916,0.8695652173913043,0.8,25,23
5403,10,NFATC1,5403,-1.0,11.261999744562084,0.2888999076461037,1.4521898880658622e-08,-10.006873746460464,10.43955505724152,0.8695652173913043,0.8,25,23
5414,10,NFATC1,5414,-1.0,11.261999744562084,0.23775488382913826,3.646152307529341e-06,-9.062478926060516,7.021681805272637,0.8695652173913043,0.8,25,23
5410,10,NFATC1,5410,-1.0,11.261999744562084,0.15222859586827936,0.003288645549474376,-11.785199104938929,9.774333270571033,0.8695652173913043,0.8,25,23
5423,10,NFATC1,5423,-1.0,11.261999744562084,0.3176165644820545,3.8520228602459406e-10,-2.806724008068491,1.937666713390906,0.8695652173913043,0.8,25,23
5406,10,NFATC1,5406,-1.0,11.261999744562084,0.4865360708939529,1.9176795074281022e-23,-8.469304231367992,7.134979874528938,0.8695652173913043,0.8,25,23
5402,10,NFATC1,5402,-1.0,11.261999744562084,0.5832174405515854,3.456240432005908e-35,-4.480182794482053,3.539014724911553,0.8695652173913043,0.8,25,23
3041,10,ATF7,3041,-1.0,9.045975955226869,0.8373544486143392,8.17538281401668e-99,-11.330068342512623,8.65545104976892,1.0,1.0,5,5
3043,10,ATF7,3043,-1.0,9.045975955226869,0.5245734213476149,1.2825163603872502e-27,-8.545615718139086,7.022110694574942,1.0,1.0,5,5
3044,10,ATF7,3044,-1.0,9.045975955226869,-0.278678469792286,4.8121683168337376e-08,4.203750477133906,3.170196789578102,1.0,1.0,5,5
3042,10,ATF7,3042,-1.0,9.045975955226869,0.6774320446870661,3.745444076590719e-51,-10.802579321424743,11.874950647790987,1.0,1.0,5,5
3045,10,ATF7,3045,-1.0,9.045975955226869,0.7718952758514537,1.3879654105526213e-74,-8.678710128029255,6.923467055934036,1.0,1.0,5,5
66,10,NFIB,66,-1.0,5.707556040234507,0.2505723356605889,1.0172132179042182e-06,-9.561962799841979,7.496170592913561,1.0,0.7272727272727273,11,8
58,10,NFIB,58,-1.0,5.707556040234507,0.34062372954643194,1.5688227849965274e-11,-10.797317094875826,12.548556555821841,1.0,0.7272727272727273,11,8
56,10,NFIB,56,-1.0,5.707556040234507,0.27192277052289227,1.0347531252461438e-07,-12.075613063036112,9.350931068993514,1.0,0.7272727272727273,11,8
65,10,NFIB,65,-1.0,5.707556040234507,0.33791750188585246,2.3182844609496575e-11,-6.681599049754327,5.466242449397015,1.0,0.7272727272727273,11,8
63,10,NFIB,63,-1.0,5.707556040234507,0.2839384119359774,2.613363693325943e-08,-8.781157798104223,6.808730486312492,1.0,0.7272727272727273,11,8
60,10,NFIB,60,-1.0,5.707556040234507,0.16831814859812425,0.0011365432624554403,-5.12688578291329,4.211912416118067,1.0,0.7272727272727273,11,8
57,10,NFIB,57,-1.0,5.707556040234507,0.2584614263859547,4.475364688789903e-07,-3.8422679006551794,2.94006573198634,1.0,0.7272727272727273,11,8
59,10,NFIB,59,-1.0,5.707556040234507,0.24260828083104408,2.2672280040739337e-06,-10.159294425468733,8.645082491676403,1.0,0.7272727272727273,11,8
9015,10,TCF21,9015,-1.0,2.967116941497895,0.40639662731839227,3.4627723812109547e-16,-11.230234211242982,11.962694593456863,1.0,1.0,8,8
9019,10,TCF21,9019,-1.0,2.967116941497895,0.28595039088873286,2.0621403885412813e-08,-10.020516257357889,8.567848559321629,1.0,1.0,8,8
9016,10,TCF21,9016,-1.0,2.967116941497895,0.8226059206403689,1.6961660992404045e-92,-3.00732435524094,2.117616749222094,1.0,1.0,8,8
9018,10,TCF21,9018,-1.0,2.967116941497895,0.31231779628909356,7.75446611650126e-10,-7.429176743509941,6.514085318506708,1.0,1.0,8,8
9014,10,TCF21,9014,-1.0,2.967116941497895,0.35940350627772194,9.38889755112152e-13,-4.184814031725278,3.238404641760505,1.0,1.0,8,8
9020,10,TCF21,9020,-1.0,2.967116941497895,0.5031086034285803,3.373234825905765e-25,-7.246405156183905,6.030211674497003,1.0,1.0,8,8
9017,10,TCF21,9017,-1.0,2.967116941497895,0.24622996721204005,1.580058383340326e-06,-7.938085750483771,6.932999559972348,1.0,1.0,8,8
9021,10,TCF21,9021,-1.0,2.967116941497895,0.1991263974263436,0.00011281329360842222,-11.230587144760797,9.070067747000767,1.0,1.0,8,8
922,10,SMAD1,922,-1.0,6.165016691741424,0.5828994893511023,3.8357238747879917e-35,-9.691313899839288,7.6646473502956,0.9473684210526315,0.72,25,19
924,10,SMAD1,924,-1.0,6.165016691741424,0.7039230431196347,8.832720611548057e-57,-7.237676603183106,5.947434511921122,0.9473684210526315,0.72,25,19
908,10,SMAD1,908,-1.0,6.165016691741424,0.281700063684239,3.3939375832162226e-08,-6.249102451551266,4.9132065227894515,0.9473684210526315,0.72,25,19
914,10,SMAD1,914,-1.0,6.165016691741424,0.22745848187114165,9.666365259793926e-06,-5.857515228499279,4.810109746768365,0.9473684210526315,0.72,25,19
906,10,SMAD1,906,-1.0,6.165016691741424,0.23814239419838934,3.5117195721434806e-06,-7.609255619862585,6.401486480979862,0.9473684210526315,0.72,25,19
919,10,SMAD1,919,-1.0,6.165016691741424,0.3700456129549253,1.7495635327426072e-13,-7.208722039320712,6.871735553781217,0.9473684210526315,0.72,25,19
910,10,SMAD1,910,-1.0,6.165016691741424,0.3117009801732869,8.404958222545733e-10,-13.662351487241224,11.932409091538796,0.9473684210526315,0.72,25,19
907,10,SMAD1,907,-1.0,6.165016691741424,0.4002072675231531,1.0558863925253123e-15,-4.662489418438966,3.7111194896113955,0.9473684210526315,0.72,25,19
916,10,SMAD1,916,-1.0,6.165016691741424,0.2798748404956561,4.1929411270457296e-08,-8.2335692535998,6.4370814045269995,0.9473684210526315,0.72,25,19
904,10,SMAD1,904,-1.0,6.165016691741424,0.34180835039021285,1.320739750711077e-11,-3.6079522584190884,2.6927697904669823,0.9473684210526315,0.72,25,19
926,10,SMAD1,926,-1.0,6.165016691741424,0.5238594998789765,1.5536211486266747e-27,-7.703749868920417,6.393689548252287,0.9473684210526315,0.72,25,19
903,10,SMAD1,903,-1.0,6.165016691741424,0.4920286602575099,5.149588514125104e-24,-12.039398853056161,9.280372150923803,0.9473684210526315,0.72,25,19
923,10,SMAD1,923,-1.0,6.165016691741424,0.35116076862881496,3.3068110366055794e-12,-11.781700868432203,9.239280515777498,0.9473684210526315,0.72,25,19
917,10,SMAD1,917,-1.0,6.165016691741424,0.5781748708102938,1.7796293940876275e-34,-5.428261033138818,4.528735250902633,0.9473684210526315,0.72,25,19
927,10,SMAD1,927,-1.0,6.165016691741424,0.3221769199858062,2.0861769163576594e-10,-3.0412217970414033,2.1069927421406978,0.9473684210526315,0.72,25,19
909,10,SMAD1,909,-1.0,6.165016691741424,-0.6142499947125633,7.446186516946695e-40,5.263475470434902,4.149153154342526,0.9473684210526315,0.72,25,19
905,10,SMAD1,905,-1.0,6.165016691741424,0.3585394454536268,1.0731962848823938e-12,-11.712682533817263,14.50565533289712,0.9473684210526315,0.72,25,19
912,10,SMAD1,912,-1.0,6.165016691741424,0.5503566082385316,9.19711002637862e-31,-8.532934536101846,6.825916867560936,0.9473684210526315,0.72,25,19
6899,10,NFKB2,6899,-1.0,2.9060332952604124,0.3709275574156889,1.517887460722559e-13,-3.4364324818138656,2.509336672102589,0.8,0.6666666666666666,6,5
6900,10,NFKB2,6900,-1.0,2.9060332952604124,0.5340743578114242,9.565836861537966e-29,-6.759509458992345,6.425026826366356,0.8,0.6666666666666666,6,5
6898,10,NFKB2,6898,-1.0,2.9060332952604124,0.3524781628859535,2.710691381707153e-12,-12.653083529161577,9.757937690740551,0.8,0.6666666666666666,6,5
6903,10,NFKB2,6903,-1.0,2.9060332952604124,0.5065322169400075,1.4238546796801314e-25,-4.265251934486005,3.269863823039546,0.8,0.6666666666666666,6,5
3112,10,ZBTB7B,3112,-1.0,4.625196774983002,0.32812610889299876,9.228338216048415e-11,-8.281257293578719,7.120814303062046,1.0,0.875,8,7
3111,10,ZBTB7B,3111,-1.0,4.625196774983002,0.3458218674286842,7.331213933993357e-12,-12.030371046507295,9.267650308445988,1.0,0.875,8,7
3117,10,ZBTB7B,3117,-1.0,4.625196774983002,0.3166342762203992,4.3900743516444414e-10,-6.584221295948976,5.430839125485734,1.0,0.875,8,7
3116,10,ZBTB7B,3116,-1.0,4.625196774983002,0.31847735919555764,3.4336724139925204e-10,-8.412178188206102,6.753478568513378,1.0,0.875,8,7
3114,10,ZBTB7B,3114,-1.0,4.625196774983002,0.2504308673511352,1.0320454640140948e-06,-7.4968821335098035,5.925943068986183,1.0,0.875,8,7
3115,10,ZBTB7B,3115,-1.0,4.625196774983002,0.2579413776005377,4.7282298966335455e-07,-8.05196704381884,6.577343720516784,1.0,0.875,8,7
3113,10,ZBTB7B,3113,-1.0,4.625196774983002,0.18630295367970356,0.00030859467887547036,-4.335936341990302,3.3685031280254143,1.0,0.875,8,7
379,10,EBF1,379,-1.0,5.442661422534446,0.24612783377238642,1.5963536682934134e-06,-4.293865119326282,3.1871513249399595,1.0,0.88,25,22
382,10,EBF1,382,-1.0,5.442661422534446,0.5359075709045277,5.742075155704027e-29,-6.641843272494298,5.970912278907216,1.0,0.88,25,22
380,10,EBF1,380,-1.0,5.442661422534446,0.5140869066614655,2.0501296012357836e-26,-5.5174115532547425,4.5098365467481845,1.0,0.88,25,22
394,10,EBF1,394,-1.0,5.442661422534446,0.3468187255162301,6.325752282192073e-12,-2.9336824781152697,2.0400960715910776,1.0,0.88,25,22
384,10,EBF1,384,-1.0,5.442661422534446,0.4443947294829827,2.1735533217312724e-19,-10.060364631030088,8.332996525423567,1.0,0.88,25,22
389,10,EBF1,389,-1.0,5.442661422534446,0.32469021495193134,1.4813067721943745e-10,-7.8157181671584395,6.146125161707371,1.0,0.88,25,22
391,10,EBF1,391,-1.0,5.442661422534446,0.25138472095258463,9.359156167797749e-07,-4.51033756441628,3.4275117680796248,1.0,0.88,25,22
374,10,EBF1,374,-1.0,5.442661422534446,0.46074089914625527,6.7736719527834834e-21,-10.488269389928481,12.637493966515425,1.0,0.88,25,22
387,10,EBF1,387,-1.0,5.442661422534446,0.3812213744045759,2.8000379846562494e-14,-8.939805796966002,7.355902139182898,1.0,0.88,25,22
385,10,EBF1,385,-1.0,5.442661422534446,0.17025711042753042,0.0009934077653179407,-8.660140194935146,6.756803398376554,1.0,0.88,25,22
376,10,EBF1,376,-1.0,5.442661422534446,0.29373403487828326,8.102298282594832e-09,-12.457515344864527,10.802951818792796,1.0,0.88,25,22
393,10,EBF1,393,-1.0,5.442661422534446,0.36987876494875893,1.7971288549953303e-13,-4.066224061645691,3.028086210183507,1.0,0.88,25,22
386,10,EBF1,386,-1.0,5.442661422534446,0.273381163095101,8.786566723524208e-08,-10.334239153815284,9.360534503573223,1.0,0.88,25,22
390,10,EBF1,390,-1.0,5.442661422534446,0.34230583944521864,1.2283669783971234e-11,-5.195165180083687,4.208856203737345,1.0,0.88,25,22
392,10,EBF1,392,-1.0,5.442661422534446,0.4203411219235931,2.5763647322091347e-17,-5.962393906219971,5.242254421325007,1.0,0.88,25,22
395,10,EBF1,395,-1.0,5.442661422534446,0.2831076968630225,2.8803240045470883e-08,-4.1196771886367145,3.1800200305761908,1.0,0.88,25,22
378,10,EBF1,378,-1.0,5.442661422534446,0.7136822414972143,5.154132661795764e-59,-6.319680476611339,5.353891560058816,1.0,0.88,25,22
371,10,EBF1,371,-1.0,5.442661422534446,0.3663834167181703,3.141127239589579e-13,-12.228025200944764,9.481402181525956,1.0,0.88,25,22
375,10,EBF1,375,-1.0,5.442661422534446,0.3517341617767668,3.0330815814321968e-12,-7.71753315592636,6.47735097295095,1.0,0.88,25,22
372,10,EBF1,372,-1.0,5.442661422534446,0.3515955134336145,3.097168256131948e-12,-3.945741573584788,2.995987878529102,1.0,0.88,25,22
383,10,EBF1,383,-1.0,5.442661422534446,0.17251848840406359,0.0008475501103264596,-10.014812690646712,7.865504052980074,1.0,0.88,25,22
373,10,EBF1,373,-1.0,5.442661422534446,0.6704004587145184,9.3176022106329e-50,-3.644557220502356,2.7371442043820995,1.0,0.88,25,22
8527,10,TBX1,8527,-1.0,3.0477210601381217,0.5020410967055818,4.405366412854879e-25,-3.4736576046268826,2.5070970981322005,1.0,0.84,25,21
8515,10,TBX1,8515,-1.0,3.0477210601381217,0.5005935621305698,6.317429426263515e-25,-12.616879509247127,16.500873123751905,1.0,0.84,25,21
8532,10,TBX1,8532,-1.0,3.0477210601381217,0.4170013787448588,4.853721149221348e-17,-4.700778565326087,3.710513011866434,1.0,0.84,25,21
8519,10,TBX1,8519,-1.0,3.0477210601381217,0.3406003252257881,1.5741555638802233e-11,-7.1602154049227655,5.762318078531562,1.0,0.84,25,21
8529,10,TBX1,8529,-1.0,3.0477210601381217,0.3813033614178631,2.761928359695285e-14,-4.883535003807886,3.7375584507194444,1.0,0.84,25,21
8516,10,TBX1,8516,-1.0,3.0477210601381217,0.40836859094568373,2.4156214381899553e-16,-8.93483525508383,7.664014169414274,1.0,0.84,25,21
8520,10,TBX1,8520,-1.0,3.0477210601381217,0.5912788529863993,2.369634338448509e-36,-6.462599337108562,6.393748746457867,1.0,0.84,25,21
8533,10,TBX1,8533,-1.0,3.0477210601381217,0.4675325118159946,1.5161577596543065e-21,-7.287580998759688,7.795207763448225,1.0,0.84,25,21
8513,10,TBX1,8513,-1.0,3.0477210601381217,0.20500949360950638,6.9565892483694e-05,-7.696258895257802,7.081201983206782,1.0,0.84,25,21
8536,10,TBX1,8536,-1.0,3.0477210601381217,0.31841059336284666,3.464473732109614e-10,-4.3828284991018585,3.628570382409471,1.0,0.84,25,21
8512,10,TBX1,8512,-1.0,3.0477210601381217,0.44272837924774544,3.0635219172039824e-19,-4.581670703495786,3.6503862868347023,1.0,0.84,25,21
8523,10,TBX1,8523,-1.0,3.0477210601381217,0.3412895378555275,1.4242834538027219e-11,-5.595426848276533,4.694514754588706,1.0,0.84,25,21
8534,10,TBX1,8534,-1.0,3.0477210601381217,0.4540230510234448,2.882174728872805e-20,-3.12341626164773,2.1726709168987104,1.0,0.84,25,21
8522,10,TBX1,8522,-1.0,3.0477210601381217,0.3625124444981012,5.784120782149566e-13,-8.437832847336605,7.477582659735339,1.0,0.84,25,21
8535,10,TBX1,8535,-1.0,3.0477210601381217,0.5217746270787049,2.7128733920750057e-27,-3.299256434626219,2.391789460156743,1.0,0.84,25,21
8524,10,TBX1,8524,-1.0,3.0477210601381217,0.3149059988550753,5.519212044114983e-10,-4.936448266875543,3.9060928903569696,1.0,0.84,25,21
8526,10,TBX1,8526,-1.0,3.0477210601381217,0.3608554663851976,7.492850639607325e-13,-10.715062345835852,9.231549378522379,1.0,0.84,25,21
8531,10,TBX1,8531,-1.0,3.0477210601381217,0.3322282252869067,5.2042402283613044e-11,-3.7096898505277145,2.730785244342082,1.0,0.84,25,21
8518,10,TBX1,8518,-1.0,3.0477210601381217,0.16108934825965035,0.001853953490037752,-2.3615416791610206,1.5259399212058093,1.0,0.84,25,21
8521,10,TBX1,8521,-1.0,3.0477210601381217,0.3894867036003731,6.897784384363734e-15,-8.379601865433013,7.359717480384014,1.0,0.84,25,21
8514,10,TBX1,8514,-1.0,3.0477210601381217,0.6289321467984471,3.0060770731077666e-42,-3.555808995892456,2.6562049235193084,1.0,0.84,25,21
6486,10,PAX8,6486,-1.0,9.070001769250597,0.24740950845637397,1.4030384425225673e-06,-5.601729034651717,4.6634203255733855,0.9375,0.75,20,16
6496,10,PAX8,6496,-1.0,9.070001769250597,-0.15062427003997306,0.003636941874351741,2.95061605612649,2.0064875865937912,0.9375,0.75,20,16
6498,10,PAX8,6498,-1.0,9.070001769250597,0.21366626168817285,3.330080164114243e-05,-7.674922727227554,6.20865091792264,0.9375,0.75,20,16
6491,10,PAX8,6491,-1.0,9.070001769250597,0.25254090713615973,8.308781814941495e-07,-6.441229203193174,5.100736606575127,0.9375,0.75,20,16
6494,10,PAX8,6494,-1.0,9.070001769250597,0.2662877728611143,1.929007135630475e-07,-5.139190375621935,3.9435464335043737,0.9375,0.75,20,16
6499,10,PAX8,6499,-1.0,9.070001769250597,0.16836726301120705,0.0011326946263585476,-8.863334689918851,7.392842436806871,0.9375,0.75,20,16
6485,10,PAX8,6485,-1.0,9.070001769250597,0.2480508157927513,1.3149335561811895e-06,-7.883663282806198,6.570007453010934,0.9375,0.75,20,16
6493,10,PAX8,6493,-1.0,9.070001769250597,0.2634349069528619,2.629843745414914e-07,-9.324246737898942,14.335142195560575,0.9375,0.75,20,16
6483,10,PAX8,6483,-1.0,9.070001769250597,0.32362661766191897,1.7129440503347322e-10,-6.732136126991441,5.597364153908595,0.9375,0.75,20,16
6487,10,PAX8,6487,-1.0,9.070001769250597,0.33918014179730555,1.933058674297804e-11,-3.585082199361766,2.6187149309987463,0.9375,0.75,20,16
6492,10,PAX8,6492,-1.0,9.070001769250597,0.2227211734819769,1.4914770813613562e-05,-3.7740606985445755,2.9901919674117874,0.9375,0.75,20,16
6488,10,PAX8,6488,-1.0,9.070001769250597,0.1414690144452774,0.006344381223198986,-9.944258377636231,7.832419910932024,0.9375,0.75,20,16
6489,10,PAX8,6489,-1.0,9.070001769250597,0.1962045603555038,0.00014269680084621887,-4.4682148240452655,3.549919593712699,0.9375,0.75,20,16
6482,10,PAX8,6482,-1.0,9.070001769250597,0.19189471185819332,0.00020057308582791835,-12.082732329957858,9.308194688455321,0.9375,0.75,20,16
6484,10,PAX8,6484,-1.0,9.070001769250597,0.3794845101601036,3.7398348182702083e-14,-10.469189803012089,13.759719962574705,0.9375,0.75,20,16
1595,10,MEOX2,1595,-1.0,5.80251179490536,0.11268251214497521,0.0300060914867769,-8.109015832223804,6.716382370391037,1.0,0.96,25,24
1601,10,MEOX2,1601,-1.0,5.80251179490536,0.3168132952089879,4.286854561544586e-10,-7.779291010781238,6.096504393071916,1.0,0.96,25,24
1606,10,MEOX2,1606,-1.0,5.80251179490536,0.33663543747989977,2.7857158283412856e-11,-11.237966435292442,9.036484173166823,1.0,0.96,25,24
1599,10,MEOX2,1599,-1.0,5.80251179490536,0.40622002682501535,3.575852149812805e-16,-7.960746179199585,6.3757702861502565,1.0,0.96,25,24
1605,10,MEOX2,1605,-1.0,5.80251179490536,0.20112645970063636,9.5863364260449e-05,-9.291715836372246,7.282382705792966,1.0,0.96,25,24
1613,10,MEOX2,1613,-1.0,5.80251179490536,0.22211924117016055,1.574925662017468e-05,-2.2279630782993194,1.3971933862291976,1.0,0.96,25,24
1608,10,MEOX2,1608,-1.0,5.80251179490536,0.2720807309827412,1.0166345726405883e-07,-7.202849282777229,6.135609553506294,1.0,0.96,25,24
1609,10,MEOX2,1609,-1.0,5.80251179490536,0.2614807064255184,3.245053041681879e-07,-5.005727719339894,3.8875532773477457,1.0,0.96,25,24
1594,10,MEOX2,1594,-1.0,5.80251179490536,0.17868151223134812,0.00054439716142815,-11.96122279121741,9.210224442869524,1.0,0.96,25,24
1596,10,MEOX2,1596,-1.0,5.80251179490536,0.49591721514072856,2.0009866899949718e-24,-5.612978325703906,4.718057411383404,1.0,0.96,25,24
1602,10,MEOX2,1602,-1.0,5.80251179490536,0.04826915654171714,0.3538576098564401,-5.609680429997916,4.694081130288592,1.0,0.96,25,24
1604,10,MEOX2,1604,-1.0,5.80251179490536,0.20510202702825328,6.903126953552756e-05,-6.25035217188752,4.838449228838787,1.0,0.96,25,24
1616,10,MEOX2,1616,-1.0,5.80251179490536,0.18049569161773513,0.00047656045632229614,-8.71294381225223,6.764992846313642,1.0,0.96,25,24
1618,10,MEOX2,1618,-1.0,5.80251179490536,0.09421794944856565,0.06988179361129115,-9.421367409943276,8.653031973628,1.0,0.96,25,24
1603,10,MEOX2,1603,-1.0,5.80251179490536,0.3029482177509281,2.5841844259722266e-09,-6.197855571985157,5.349865782550435,1.0,0.96,25,24
1607,10,MEOX2,1607,-1.0,5.80251179490536,0.21158842332657649,3.985198790274706e-05,-4.010575022286115,3.0279020259947043,1.0,0.96,25,24
1598,10,MEOX2,1598,-1.0,5.80251179490536,0.23595282898602135,4.338523983290004e-06,-13.619989587189275,11.420207580510986,1.0,0.96,25,24
1614,10,MEOX2,1614,-1.0,5.80251179490536,-0.05475743281867905,0.29283032219041766,4.3827972321438144,3.3586989271202707,1.0,0.96,25,24
1611,10,MEOX2,1611,-1.0,5.80251179490536,0.20032335632589834,0.00010235938630404852,-2.3929994907056065,1.5325898113254546,1.0,0.96,25,24
1597,10,MEOX2,1597,-1.0,5.80251179490536,0.08565100429047855,0.09951366710259947,-5.8483334654128445,4.578928818061563,1.0,0.96,25,24
1600,10,MEOX2,1600,-1.0,5.80251179490536,0.38110468719805757,2.855166730557238e-14,-3.6347263548601565,2.7444121660612044,1.0,0.96,25,24
1617,10,MEOX2,1617,-1.0,5.80251179490536,0.32025248113123844,2.7057686617367045e-10,-11.398927931434837,9.296806318494436,1.0,0.96,25,24
1610,10,MEOX2,1610,-1.0,5.80251179490536,0.38546048020536017,1.3716553812295484e-14,-5.715411551177339,4.728126379859266,1.0,0.96,25,24
1615,10,MEOX2,1615,-1.0,5.80251179490536,0.2998440205223686,3.8148312736686745e-09,-4.6659911765623105,3.5462261405487334,1.0,0.96,25,24
4574,10,HBP1,4574,-1.0,4.61391200305251,0.608591497331607,5.7725210199076386e-39,-7.993426800075842,6.481600827060837,1.0,0.84,25,21
4566,10,HBP1,4566,-1.0,4.61391200305251,0.2904891936541359,1.2001444027805741e-08,-5.576237126451119,4.380248646462332,1.0,0.84,25,21
4551,10,HBP1,4551,-1.0,4.61391200305251,0.4281968430477256,5.64689022063933e-18,-11.674878200598627,8.982914586837406,1.0,0.84,25,21
4559,10,HBP1,4559,-1.0,4.61391200305251,0.35231507483485575,2.7783636327974204e-12,-5.780395989401692,5.0068729712312985,1.0,0.84,25,21
4553,10,HBP1,4553,-1.0,4.61391200305251,0.5447834148381927,4.639645522745602e-30,-5.405609072222251,4.469514379416747,1.0,0.84,25,21
4554,10,HBP1,4554,-1.0,4.61391200305251,0.30859831225016865,1.2568624642755247e-09,-14.676799765226386,13.876028440848248,1.0,0.84,25,21
4562,10,HBP1,4562,-1.0,4.61391200305251,0.4627656349506624,4.350470375581025e-21,-6.352542448257132,5.390748147068577,1.0,0.84,25,21
4572,10,HBP1,4572,-1.0,4.61391200305251,-0.31942510287002074,3.02413553384257e-10,6.263669811659469,5.0737923819567365,1.0,0.84,25,21
4575,10,HBP1,4575,-1.0,4.61391200305251,0.4447963396837408,2.0004356075990432e-19,-5.0782270183058715,3.8760565585753883,1.0,0.84,25,21
4560,10,HBP1,4560,-1.0,4.61391200305251,0.3384443655898312,2.1492080858997766e-11,-3.1989093101865635,2.2140126519944956,1.0,0.84,25,21
4571,10,HBP1,4571,-1.0,4.61391200305251,0.34883594141050017,4.685743069524426e-12,-2.947885953962644,2.023590824769052,1.0,0.84,25,21
4557,10,HBP1,4557,-1.0,4.61391200305251,0.1299959815480205,0.01220736244698437,-7.3056481745083754,6.3341278648194885,1.0,0.84,25,21
4565,10,HBP1,4565,-1.0,4.61391200305251,0.5237055767183583,1.619105460072296e-27,-11.220570257223901,9.111261699043348,1.0,0.84,25,21
4567,10,HBP1,4567,-1.0,4.61391200305251,-0.15902635963500236,0.0021241506250636666,3.4143211132376923,2.4149097708975504,1.0,0.84,25,21
4558,10,HBP1,4558,-1.0,4.61391200305251,0.6529765919297265,1.8538478559125057e-46,-9.466961075070321,7.564495822991643,1.0,0.84,25,21
4552,10,HBP1,4552,-1.0,4.61391200305251,0.20323074139264038,8.063295066791911e-05,-12.311187927172664,16.320161717880723,1.0,0.84,25,21
4555,10,HBP1,4555,-1.0,4.61391200305251,0.14158157810014171,0.006302293925747784,-6.162869753228612,4.907827317655725,1.0,0.84,25,21
4573,10,HBP1,4573,-1.0,4.61391200305251,0.2555366513370166,6.087020728132906e-07,-9.781770588797816,7.819040507428896,1.0,0.84,25,21
4561,10,HBP1,4561,-1.0,4.61391200305251,0.15329618811055207,0.003073943432371286,-6.514902064459513,5.5263377384640116,1.0,0.84,25,21
4569,10,HBP1,4569,-1.0,4.61391200305251,0.5352766034445888,6.847187353733359e-29,-6.214774807956102,5.03191142538797,1.0,0.84,25,21
4570,10,HBP1,4570,-1.0,4.61391200305251,-0.3324028227862677,5.077930306906553e-11,4.572268959314223,3.7974017489036607,1.0,0.84,25,21
561,10,STAT6,561,-1.0,5.552877107805517,0.34566653428491534,7.501325923397934e-12,-7.126614010380221,5.734972580124524,1.0,0.875,24,21
573,10,STAT6,573,-1.0,5.552877107805517,0.2125190053978855,3.678012292533946e-05,-4.374796846157341,3.490700632485231,1.0,0.875,24,21
558,10,STAT6,558,-1.0,5.552877107805517,0.3905742626375615,5.71959584925002e-15,-9.834149395473943,7.869992603541965,1.0,0.875,24,21
562,10,STAT6,562,-1.0,5.552877107805517,0.15927874661897792,0.002089265760770993,-2.343575118916469,1.4787066159747304,1.0,0.875,24,21
557,10,STAT6,557,-1.0,5.552877107805517,0.20245924561201498,8.593112546332498e-05,-5.454732118428727,4.281814698381111,1.0,0.875,24,21
567,10,STAT6,567,-1.0,5.552877107805517,0.20269776776167528,8.425908893499826e-05,-5.817031048761106,4.550405090394155,1.0,0.875,24,21
572,10,STAT6,572,-1.0,5.552877107805517,0.35733884480080463,1.2914206129398968e-12,-6.488051475222781,5.090404496471792,1.0,0.875,24,21
564,10,STAT6,564,-1.0,5.552877107805517,0.23807847496222423,3.533563202448252e-06,-4.132643310634737,3.150244176537538,1.0,0.875,24,21
555,10,STAT6,555,-1.0,5.552877107805517,0.321877533563474,2.1725702575781727e-10,-5.386394634525386,4.478226926413542,1.0,0.875,24,21
574,10,STAT6,574,-1.0,5.552877107805517,0.3343977139473184,3.8307889190186624e-11,-5.970639653843647,4.696814524449417,1.0,0.875,24,21
556,10,STAT6,556,-1.0,5.552877107805517,0.2580750910026625,4.661933697262554e-07,-7.757882181052517,6.545301238239025,1.0,0.875,24,21
554,10,STAT6,554,-1.0,5.552877107805517,0.2642343673993096,2.4119625659040514e-07,-10.99874723523944,15.743729766202932,1.0,0.875,24,21
559,10,STAT6,559,-1.0,5.552877107805517,0.2840312358267319,2.5850635030060604e-08,-5.932563495246124,5.031838809771969,1.0,0.875,24,21
565,10,STAT6,565,-1.0,5.552877107805517,0.23719817548180303,3.847910582794335e-06,-2.9019802979709866,1.979034138933988,1.0,0.875,24,21
563,10,STAT6,563,-1.0,5.552877107805517,0.4081313728300947,2.522884064420216e-16,-6.2195502458206855,4.828614563223437,1.0,0.875,24,21
569,10,STAT6,569,-1.0,5.552877107805517,0.41032906656765455,1.684674310733183e-16,-4.3340358148966756,3.3001334601003456,1.0,0.875,24,21
560,10,STAT6,560,-1.0,5.552877107805517,0.30115783116391764,3.236889999861156e-09,-7.057512751134476,5.76488123231102,1.0,0.875,24,21
570,10,STAT6,570,-1.0,5.552877107805517,0.23793183671455126,3.584166363760627e-06,-6.624356142642819,5.986554669791974,1.0,0.875,24,21
553,10,STAT6,553,-1.0,5.552877107805517,0.21812321842753982,2.2520438153342507e-05,-4.602025251710468,3.697952480017147,1.0,0.875,24,21
552,10,STAT6,552,-1.0,5.552877107805517,0.34254765155556394,1.1857745725627759e-11,-11.699627492438225,8.979757934944695,1.0,0.875,24,21
571,10,STAT6,571,-1.0,5.552877107805517,0.36564599553035343,3.53079763459365e-13,-5.119417426770951,3.9781433155891595,1.0,0.875,24,21
9145,10,EGR1,9145,-1.0,2.8933823830221588,0.6105504339223146,2.8541563311414367e-39,-4.009593929707649,3.2080757461341154,0.9,0.72,25,20
9132,10,EGR1,9132,-1.0,2.8933823830221588,0.2503862178846963,1.036769622730172e-06,-6.50808385537868,5.158547929490788,0.9,0.72,25,20
9129,10,EGR1,9129,-1.0,2.8933823830221588,-0.2563779412836017,5.573775009250426e-07,5.4883183763200485,4.357093559485139,0.9,0.72,25,20
9148,10,EGR1,9148,-1.0,2.8933823830221588,0.34580118767580725,7.353642063301017e-12,-11.423773117782002,9.664513281540788,0.9,0.72,25,20
9127,10,EGR1,9127,-1.0,2.8933823830221588,0.2814371018266332,3.499231263954847e-08,-11.59247301141765,13.967557029734305,0.9,0.72,25,20
9125,10,EGR1,9125,-1.0,2.8933823830221588,0.42092908489743547,2.3028403118553034e-17,-3.5731713382053742,2.6620800212104303,0.9,0.72,25,20
9141,10,EGR1,9141,-1.0,2.8933823830221588,0.3376124755309174,2.4220262390006467e-11,-9.31035425434671,7.514051552323916,0.9,0.72,25,20
9142,10,EGR1,9142,-1.0,2.8933823830221588,-0.2064076684283623,6.188868344362275e-05,3.914299947847373,3.290691603828042,0.9,0.72,25,20
9126,10,EGR1,9126,-1.0,2.8933823830221588,0.34177709576370563,1.3267639891822123e-11,-4.310109742430375,3.372737128446637,0.9,0.72,25,20
9138,10,EGR1,9138,-1.0,2.8933823830221588,-0.23290665676545166,5.802616871796554e-06,2.236663029438813,1.388155963149991,0.9,0.72,25,20
9147,10,EGR1,9147,-1.0,2.8933823830221588,-0.3397699847486823,1.7752272066803193e-11,2.8572300348635764,1.9305889201481425,0.9,0.72,25,20
9128,10,EGR1,9128,-1.0,2.8933823830221588,0.23590099098315775,4.360188014832511e-06,-8.681024651353976,7.217893237751636,0.9,0.72,25,20
9140,10,EGR1,9140,-1.0,2.8933823830221588,0.26222514140956016,2.995929751534468e-07,-7.727769348073398,6.036942463599157,0.9,0.72,25,20
9133,10,EGR1,9133,-1.0,2.8933823830221588,0.3332915821655931,4.479867036580153e-11,-7.462927556458414,6.107266785708315,0.9,0.72,25,20
9144,10,EGR1,9144,-1.0,2.8933823830221588,0.2149089268383243,2.9884394744420857e-05,-5.5169656764104404,4.302016127978078,0.9,0.72,25,20
9131,10,EGR1,9131,-1.0,2.8933823830221588,0.366209988790634,3.228802485176848e-13,-7.467390349575925,6.298372705165735,0.9,0.72,25,20
9143,10,EGR1,9143,-1.0,2.8933823830221588,0.3380107957709905,2.287428901478361e-11,-9.173729106738442,12.314687153465563,0.9,0.72,25,20
9135,10,EGR1,9135,-1.0,2.8933823830221588,0.40738361176583937,2.8925195075255665e-16,-7.322591793321939,7.1057578207426495,0.9,0.72,25,20
5652,10,HOXD11,5652,-1.0,5.704314726332889,0.22268320318483603,1.4966145107950402e-05,-5.969606580844646,4.96691590553218,1.0,0.8333333333333334,24,20
5656,10,HOXD11,5656,-1.0,5.704314726332889,0.16994016306975263,0.0010156068721102265,-6.259476388398148,6.16990593000485,1.0,0.8333333333333334,24,20
5648,10,HOXD11,5648,-1.0,5.704314726332889,0.3065910910765033,1.6265245063917593e-09,-7.7423630009579245,6.563761861785931,1.0,0.8333333333333334,24,20
5663,10,HOXD11,5663,-1.0,5.704314726332889,0.18036022039281238,0.0004813411693960965,-10.222450265130771,7.949596349753393,1.0,0.8333333333333334,24,20
5649,10,HOXD11,5649,-1.0,5.704314726332889,0.27717453829773564,5.716617594828919e-08,-7.084943263230962,5.797563598791926,1.0,0.8333333333333334,24,20
5653,10,HOXD11,5653,-1.0,5.704314726332889,-0.28180474660100036,3.352878503401406e-08,5.419573171087497,4.28747094378308,1.0,0.8333333333333334,24,20
5668,10,HOXD11,5668,-1.0,5.704314726332889,0.31920018082808604,3.1168000947620814e-10,-3.803300568544611,2.7907499618421636,1.0,0.8333333333333334,24,20
5660,10,HOXD11,5660,-1.0,5.704314726332889,0.10256581811160526,0.048370419412433883,-3.1672942236663517,2.222747642853253,1.0,0.8333333333333334,24,20
5650,10,HOXD11,5650,-1.0,5.704314726332889,0.30725657994406214,1.4935854149879397e-09,-6.5421200684794885,5.220133817439774,1.0,0.8333333333333334,24,20
5665,10,HOXD11,5665,-1.0,5.704314726332889,0.15898938556521716,0.002129305609764595,-6.639909249676331,7.169015603903499,1.0,0.8333333333333334,24,20
5658,10,HOXD11,5658,-1.0,5.704314726332889,0.11822035146455447,0.022762799604547763,-5.763578145511289,6.05573399192709,1.0,0.8333333333333334,24,20
5647,10,HOXD11,5647,-1.0,5.704314726332889,0.3333603431100464,4.43657030765102e-11,-8.116405396354274,7.121912797365153,1.0,0.8333333333333334,24,20
5646,10,HOXD11,5646,-1.0,5.704314726332889,0.2551825896577553,6.316326063156753e-07,-11.366784435883078,8.724941596646595,1.0,0.8333333333333334,24,20
5657,10,HOXD11,5657,-1.0,5.704314726332889,0.2071922001278048,5.793828029889123e-05,-7.098571718970745,5.638121951559417,1.0,0.8333333333333334,24,20
5664,10,HOXD11,5664,-1.0,5.704314726332889,0.25943451431166875,4.036686734250112e-07,-7.376072512555108,6.520063925254617,1.0,0.8333333333333334,24,20
5662,10,HOXD11,5662,-1.0,5.704314726332889,0.14754158005072668,0.0044013838493711125,-5.584322270870142,5.701297799467783,1.0,0.8333333333333334,24,20
5655,10,HOXD11,5655,-1.0,5.704314726332889,0.2881288767634888,1.592224002567956e-08,-8.05216324417707,7.046444854428263,1.0,0.8333333333333334,24,20
5669,10,HOXD11,5669,-1.0,5.704314726332889,0.31714098652396017,4.1039905533124037e-10,-8.130538937990538,9.141593255593408,1.0,0.8333333333333334,24,20
5654,10,HOXD11,5654,-1.0,5.704314726332889,0.26901993710933153,1.4287426752470078e-07,-2.437545969425697,1.5670267505891025,1.0,0.8333333333333334,24,20
5666,10,HOXD11,5666,-1.0,5.704314726332889,0.2201267069506615,1.883919213653124e-05,-10.476458945860793,15.093425805176842,1.0,0.8333333333333334,24,20
6083,10,TCF7L2,6083,-1.0,11.054216318723157,0.37801013777885356,4.774848967062508e-14,-6.317022301313837,4.908088294760594,1.0,0.9565217391304348,23,22
6080,10,TCF7L2,6080,-1.0,11.054216318723157,0.50301195900709,3.4558854033260976e-25,-7.878984622059095,6.2635253573956495,1.0,0.9565217391304348,23,22
6078,10,TCF7L2,6078,-1.0,11.054216318723157,0.2837635740252904,2.6674836308360594e-08,-6.772754668226067,5.511652055544586,1.0,0.9565217391304348,23,22
6094,10,TCF7L2,6094,-1.0,11.054216318723157,0.3863236334325805,1.1846459995239772e-14,-10.13477118760839,8.00658619665089,1.0,0.9565217391304348,23,22
6087,10,TCF7L2,6087,-1.0,11.054216318723157,0.3219884522379958,2.1401643224220185e-10,-4.64475788186237,3.5770414058143785,1.0,0.9565217391304348,23,22
6095,10,TCF7L2,6095,-1.0,11.054216318723157,0.2041747251120349,7.456837456102495e-05,-6.584516330492902,5.887587058348189,1.0,0.9565217391304348,23,22
6089,10,TCF7L2,6089,-1.0,11.054216318723157,0.19524953176809537,0.00015397599441057804,-4.300963604520057,3.3257517052600756,1.0,0.9565217391304348,23,22
6079,10,TCF7L2,6079,-1.0,11.054216318723157,0.36897919569861143,2.076214523331604e-13,-7.601373466720643,6.00916684591911,1.0,0.9565217391304348,23,22
6084,10,TCF7L2,6084,-1.0,11.054216318723157,0.40354023269421935,5.809425143213393e-16,-5.643644236626628,4.599736734114386,1.0,0.9565217391304348,23,22
6096,10,TCF7L2,6096,-1.0,11.054216318723157,-0.3646216427713689,4.151506863648285e-13,4.884937492306786,3.727740506632179,1.0,0.9565217391304348,23,22
6092,10,TCF7L2,6092,-1.0,11.054216318723157,0.3223792525679318,2.029692746851756e-10,-6.041697381701006,4.757481900084128,1.0,0.9565217391304348,23,22
6093,10,TCF7L2,6093,-1.0,11.054216318723157,0.4234106552426699,1.430478099923853e-17,-7.610750776755579,6.171136055402083,1.0,0.9565217391304348,23,22
6082,10,TCF7L2,6082,-1.0,11.054216318723157,0.44387961563859313,2.4173161235024426e-19,-5.89963417332477,4.563947433965986,1.0,0.9565217391304348,23,22
6086,10,TCF7L2,6086,-1.0,11.054216318723157,0.2690019904262144,1.4315785225445943e-07,-7.048542177092606,5.969099956699218,1.0,0.9565217391304348,23,22
6077,10,TCF7L2,6077,-1.0,11.054216318723157,0.3786909246434505,4.2661064554904516e-14,-10.073562433319955,9.003687043582262,1.0,0.9565217391304348,23,22
6090,10,TCF7L2,6090,-1.0,11.054216318723157,0.5695944183467009,2.7128002216573535e-33,-8.674808931464696,6.804863698990141,1.0,0.9565217391304348,23,22
6085,10,TCF7L2,6085,-1.0,11.054216318723157,0.25657698390504236,5.458569235651239e-07,-6.978606606000171,6.062948397460414,1.0,0.9565217391304348,23,22
6081,10,TCF7L2,6081,-1.0,11.054216318723157,0.3461959829580037,6.936809071461722e-12,-6.4776597265131866,5.372039333295699,1.0,0.9565217391304348,23,22
6074,10,TCF7L2,6074,-1.0,11.054216318723157,0.581412427121496,6.234376492440014e-35,-11.95960993962928,9.169765357362495,1.0,0.9565217391304348,23,22
6076,10,TCF7L2,6076,-1.0,11.054216318723157,0.30306083842298087,2.5477044345059583e-09,-4.113006909045801,3.204035014594198,1.0,0.9565217391304348,23,22
6075,10,TCF7L2,6075,-1.0,11.054216318723157,0.2348954379995159,4.8014199352216815e-06,-8.449883256725924,7.89200835192257,1.0,0.9565217391304348,23,22
6088,10,TCF7L2,6088,-1.0,11.054216318723157,0.44165513222117003,3.8175698288599446e-19,-9.963278248727821,8.149011817388713,1.0,0.9565217391304348,23,22
9277,10,SOX30,9277,-1.0,2.3106933714807694,0.33853558794182864,2.1211813179966565e-11,-4.047872211852124,3.1318370222645298,1.0,0.9473684210526315,19,18
9282,10,SOX30,9282,-1.0,2.3106933714807694,0.4117476859236578,1.296041038016117e-16,-5.283867121833567,4.269688777754397,1.0,0.9473684210526315,19,18
9294,10,SOX30,9294,-1.0,2.3106933714807694,0.3574918581816969,1.2613662820508835e-12,-7.817863345277542,6.428458859061339,1.0,0.9473684210526315,19,18
9295,10,SOX30,9295,-1.0,2.3106933714807694,0.3101948452990095,1.0223975313129404e-09,-5.081871667727165,4.019819737766654,1.0,0.9473684210526315,19,18
9293,10,SOX30,9293,-1.0,2.3106933714807694,0.2886270103182213,1.5003337165850845e-08,-6.911308496640812,5.621712501856998,1.0,0.9473684210526315,19,18
9290,10,SOX30,9290,-1.0,2.3106933714807694,0.25739897407805074,5.00656467049008e-07,-9.117142611780006,7.219655055193617,1.0,0.9473684210526315,19,18
9284,10,SOX30,9284,-1.0,2.3106933714807694,0.33873189554171407,2.06207183738877e-11,-8.19875021421288,6.821727321136224,1.0,0.9473684210526315,19,18
9292,10,SOX30,9292,-1.0,2.3106933714807694,0.34852434737561283,4.908759406454627e-12,-8.59505036889285,7.9467058253689205,1.0,0.9473684210526315,19,18
9283,10,SOX30,9283,-1.0,2.3106933714807694,0.36890606370953166,2.1006822973247595e-13,-10.726940298358766,8.367176019874654,1.0,0.9473684210526315,19,18
9288,10,SOX30,9288,-1.0,2.3106933714807694,0.3317090236570716,5.598203692409205e-11,-10.079743668989547,8.299246320635495,1.0,0.9473684210526315,19,18
9287,10,SOX30,9287,-1.0,2.3106933714807694,0.30899099869308966,1.1947654803066387e-09,-5.735684045731554,5.132480794884531,1.0,0.9473684210526315,19,18
9289,10,SOX30,9289,-1.0,2.3106933714807694,0.2756052334636909,6.834581711506721e-08,-5.890858362366823,5.056500438200597,1.0,0.9473684210526315,19,18
9280,10,SOX30,9280,-1.0,2.3106933714807694,0.2988948078274597,4.293395197349786e-09,-11.606794881144078,9.889487532481771,1.0,0.9473684210526315,19,18
9286,10,SOX30,9286,-1.0,2.3106933714807694,0.20161015062379986,9.214015080192941e-05,-7.494934562283787,7.030651724292814,1.0,0.9473684210526315,19,18
9285,10,SOX30,9285,-1.0,2.3106933714807694,0.273355437273794,8.812021841126394e-08,-11.969063932465195,10.478973039019436,1.0,0.9473684210526315,19,18
9281,10,SOX30,9281,-1.0,2.3106933714807694,0.3516333586474886,3.0795452248494622e-12,-6.433135720088547,5.849247496257308,1.0,0.9473684210526315,19,18
9278,10,SOX30,9278,-1.0,2.3106933714807694,0.39742089491022625,1.7310896743739406e-15,-12.303104470416832,13.041612508480908,1.0,0.9473684210526315,19,18
9279,10,SOX30,9279,-1.0,2.3106933714807694,0.29389859622146575,7.941413853862872e-09,-8.700175695453332,7.177243435940809,1.0,0.9473684210526315,19,18
3483,10,SOX5,3483,-1.0,5.850905023256916,0.5129344804329589,2.763989769976588e-26,-4.410563462632799,3.4380521248010973,1.0,0.72,25,18
3501,10,SOX5,3501,-1.0,5.850905023256916,0.4237796008337701,1.3322689136389826e-17,-7.985367242853034,6.773486336990849,1.0,0.72,25,18
3498,10,SOX5,3498,-1.0,5.850905023256916,-0.14590623142053455,0.004863271736625704,3.1596167781604323,2.1842921543193725,1.0,0.72,25,18
3494,10,SOX5,3494,-1.0,5.850905023256916,0.2739124917457237,8.276410544494913e-08,-8.127160240920439,6.461286732734813,1.0,0.72,25,18
3491,10,SOX5,3491,-1.0,5.850905023256916,0.5103612611829289,5.363972618311815e-26,-6.169996601592925,5.109400909861361,1.0,0.72,25,18
3480,10,SOX5,3480,-1.0,5.850905023256916,0.08651468614950052,0.096134756759894,-12.781602431700207,16.75433115499166,1.0,0.72,25,18
3490,10,SOX5,3490,-1.0,5.850905023256916,0.3994921710685557,1.1992544472835836e-15,-9.823675491547139,7.560694820510634,1.0,0.72,25,18
3481,10,SOX5,3481,-1.0,5.850905023256916,0.45306377588787816,3.535042752454603e-20,-4.586536514185753,3.6571477842426168,1.0,0.72,25,18
3493,10,SOX5,3493,-1.0,5.850905023256916,0.29295055424087685,8.912567446933108e-09,-10.183333464124878,8.124071029775306,1.0,0.72,25,18
3492,10,SOX5,3492,-1.0,5.850905023256916,0.5143287187718107,1.9252724633892367e-26,-6.007312178834081,4.994426531923599,1.0,0.72,25,18
3496,10,SOX5,3496,-1.0,5.850905023256916,0.2716109292493955,1.0714403724457719e-07,-8.88558135230975,6.904036914348807,1.0,0.72,25,18
3488,10,SOX5,3488,-1.0,5.850905023256916,0.41606910797415975,5.785125658451249e-17,-8.508230204521821,6.933224672751358,1.0,0.72,25,18
3485,10,SOX5,3485,-1.0,5.850905023256916,0.3660006062927548,3.3378475932702796e-13,-8.497596025272996,6.783999126701381,1.0,0.72,25,18
3500,10,SOX5,3500,-1.0,5.850905023256916,0.3095890604107281,1.1058761191121575e-09,-12.017982281308903,9.557686701870148,1.0,0.72,25,18
3489,10,SOX5,3489,-1.0,5.850905023256916,0.00045401457452583444,0.9930461818955374,-6.490803764983518,5.186220048268878,1.0,0.72,25,18
3486,10,SOX5,3486,-1.0,5.850905023256916,0.2104428052084778,4.396704309144759e-05,-4.525744042233725,3.3892406642781396,1.0,0.72,25,18
3503,10,SOX5,3503,-1.0,5.850905023256916,0.37631134307945024,6.317620779866071e-14,-5.589673860019558,4.919117899843004,1.0,0.72,25,18
3479,10,SOX5,3479,-1.0,5.850905023256916,0.31310837835487865,6.991893814628271e-10,-11.70480740398273,9.000480130880842,1.0,0.72,25,18
2481,10,HES1,2481,-1.0,5.58603484806806,0.2608555777758456,3.469526042539742e-07,-11.865525831664064,9.172605407309273,1.0,0.75,4,3
2483,10,HES1,2483,-1.0,5.58603484806806,0.3393498097697733,1.8863079293246313e-11,-3.019901688194958,2.1212774249445183,1.0,0.75,4,3
2482,10,HES1,2482,-1.0,5.58603484806806,0.23803500048174428,3.5484941512429062e-06,-7.951036067999097,7.49289392923434,1.0,0.75,4,3
3822,10,ZSCAN26,3822,-1.0,4.605113680911712,0.16799173749873691,0.001162428460036773,-2.8313090694484,1.8963172005888675,1.0,0.9583333333333334,24,23
3811,10,ZSCAN26,3811,-1.0,4.605113680911712,0.36744489903345656,2.6530829739104103e-13,-5.914333473902151,4.667717889228025,1.0,0.9583333333333334,24,23
3812,10,ZSCAN26,3812,-1.0,4.605113680911712,0.7094257373624385,4.987582076807169e-58,-10.198542066943546,7.863122133932396,1.0,0.9583333333333334,24,23
3819,10,ZSCAN26,3819,-1.0,4.605113680911712,0.23448442791108648,4.9937641920348944e-06,-5.779458833937682,4.594139631412226,1.0,0.9583333333333334,24,23
3825,10,ZSCAN26,3825,-1.0,4.605113680911712,0.2647285664936304,2.2860774591895508e-07,-3.328013917370889,2.3772949448008807,1.0,0.9583333333333334,24,23
3826,10,ZSCAN26,3826,-1.0,4.605113680911712,0.5364445394877532,4.941819711644353e-29,-7.3984472421685386,5.744335878348925,1.0,0.9583333333333334,24,23
3807,10,ZSCAN26,3807,-1.0,4.605113680911712,0.40003642456472643,1.088527965319464e-15,-10.686609895350623,12.349804661990103,1.0,0.9583333333333334,24,23
3820,10,ZSCAN26,3820,-1.0,4.605113680911712,0.3764737261389726,6.151222058392105e-14,-5.608476703121319,4.40197113134293,1.0,0.9583333333333334,24,23
3814,10,ZSCAN26,3814,-1.0,4.605113680911712,0.4940536310591089,3.1524221373160495e-24,-9.091447475362921,7.00892273894668,1.0,0.9583333333333334,24,23
3827,10,ZSCAN26,3827,-1.0,4.605113680911712,0.5972904823787356,3.056299953326489e-37,-8.402997092825398,6.76974816740428,1.0,0.9583333333333334,24,23
3809,10,ZSCAN26,3809,-1.0,4.605113680911712,0.38704953975799994,1.0469085028424166e-14,-7.887083434481171,6.426926254786681,1.0,0.9583333333333334,24,23
3816,10,ZSCAN26,3816,-1.0,4.605113680911712,0.4042903437303924,5.073779794396349e-16,-8.321718810776801,6.919017004222767,1.0,0.9583333333333334,24,23
3808,10,ZSCAN26,3808,-1.0,4.605113680911712,0.5762429588966412,3.3093999418070904e-34,-8.678648718244641,7.176490269707197,1.0,0.9583333333333334,24,23
3824,10,ZSCAN26,3824,-1.0,4.605113680911712,0.44363286858722045,2.543422394587201e-19,-3.2170810835828596,2.229481987443596,1.0,0.9583333333333334,24,23
3815,10,ZSCAN26,3815,-1.0,4.605113680911712,0.3545360332944022,1.9834515717122064e-12,-4.757930958570768,3.6666950903239783,1.0,0.9583333333333334,24,23
3823,10,ZSCAN26,3823,-1.0,4.605113680911712,0.3389982539708651,1.9844312865439784e-11,-8.324148367583069,7.084784670034085,1.0,0.9583333333333334,24,23
3817,10,ZSCAN26,3817,-1.0,4.605113680911712,0.16897520074635108,0.0010860394318090527,-6.123930026306202,5.868747238685242,1.0,0.9583333333333334,24,23
3818,10,ZSCAN26,3818,-1.0,4.605113680911712,0.3467016969147219,6.436427267480179e-12,-8.654981752806465,7.245196362373721,1.0,0.9583333333333334,24,23
3805,10,ZSCAN26,3805,-1.0,4.605113680911712,0.6271245508616172,6.020709000655244e-42,-11.26578800163884,8.69269289588784,1.0,0.9583333333333334,24,23
3821,10,ZSCAN26,3821,-1.0,4.605113680911712,0.21425633963674132,3.163486755921922e-05,-6.39578766958173,5.371620624457082,1.0,0.9583333333333334,24,23
3813,10,ZSCAN26,3813,-1.0,4.605113680911712,0.3309911946552239,6.191071708816748e-11,-3.9908458651225636,3.024684647412491,1.0,0.9583333333333334,24,23
3806,10,ZSCAN26,3806,-1.0,4.605113680911712,0.4059957183511657,3.724717054814937e-16,-8.933609720398268,8.974079302646807,1.0,0.9583333333333334,24,23
3810,10,ZSCAN26,3810,-1.0,4.605113680911712,0.5777887704241935,2.0151960896006454e-34,-12.916304927373577,10.910502433650317,1.0,0.9583333333333334,24,23
3237,10,NFIL3,3237,-1.0,2.486409182339438,0.26970486702683905,1.324467482358708e-07,-5.266521957179977,4.352155323778864,1.0,0.7,10,7
3228,10,NFIL3,3228,-1.0,2.486409182339438,0.178443942594886,0.0005539158777236462,-11.885947206578681,9.095709551248374,1.0,0.7,10,7
3235,10,NFIL3,3235,-1.0,2.486409182339438,0.15727915551409163,0.002380610003394823,-6.122616758086425,4.952436001069278,1.0,0.7,10,7
3234,10,NFIL3,3234,-1.0,2.486409182339438,0.28199216519362597,3.2805640836837265e-08,-6.271608349616209,5.511831297655117,1.0,0.7,10,7
3233,10,NFIL3,3233,-1.0,2.486409182339438,0.13890637006887768,0.007373248708011719,-4.097427616136894,3.1326782058197793,1.0,0.7,10,7
3229,10,NFIL3,3229,-1.0,2.486409182339438,0.2313826999767353,6.701383294628998e-06,-9.040054917113805,8.402452315867395,1.0,0.7,10,7
3230,10,NFIL3,3230,-1.0,2.486409182339438,0.2404726263521151,2.7978740611837195e-06,-8.60260552668409,7.641712892712696,1.0,0.7,10,7
9243,10,TNFRSF4,9243,-1.0,6.826597938639851,0.36548737242589957,3.6205990354889823e-13,-9.810513452413124,8.695633956106093,0.8888888888888888,0.7272727272727273,11,9
9252,10,TNFRSF4,9252,-1.0,6.826597938639851,0.4317302608233832,2.816143507181209e-18,-5.124418046189449,4.38528433089003,0.8888888888888888,0.7272727272727273,11,9
9247,10,TNFRSF4,9247,-1.0,6.826597938639851,0.23909695279141419,3.2004636028242033e-06,-2.424226170229627,1.5539170087805214,0.8888888888888888,0.7272727272727273,11,9
9244,10,TNFRSF4,9244,-1.0,6.826597938639851,0.31459685056763576,5.748984062535548e-10,-3.9201332546512155,3.0034145001563584,0.8888888888888888,0.7272727272727273,11,9
9245,10,TNFRSF4,9245,-1.0,6.826597938639851,0.3119301024352759,8.157366200378415e-10,-9.035854118556333,7.712764480018858,0.8888888888888888,0.7272727272727273,11,9
9249,10,TNFRSF4,9249,-1.0,6.826597938639851,0.22335519590540895,1.4081285503698472e-05,-7.392851645576107,5.762319797395785,0.8888888888888888,0.7272727272727273,11,9
9248,10,TNFRSF4,9248,-1.0,6.826597938639851,0.24453831276716242,1.8716616109499295e-06,-11.898194571723108,10.337058293675911,0.8888888888888888,0.7272727272727273,11,9
9251,10,TNFRSF4,9251,-1.0,6.826597938639851,0.1049039213981393,0.04345100346593994,-9.0140750761797,7.553927515302706,0.8888888888888888,0.7272727272727273,11,9
1555,10,TFE3,1555,-1.0,6.830206858379785,-0.251307171879296,9.433987676412429e-07,2.878441934971296,1.9493102174519117,1.0,0.7142857142857143,7,5
1554,10,TFE3,1554,-1.0,6.830206858379785,0.5356563589065111,6.159183324341529e-29,-4.7537612772735764,3.6124818287798677,1.0,0.7142857142857143,7,5
1550,10,TFE3,1550,-1.0,6.830206858379785,0.5882430904950687,6.558701065837057e-36,-11.03888008199568,10.507702005869964,1.0,0.7142857142857143,7,5
1553,10,TFE3,1553,-1.0,6.830206858379785,0.6033529399323678,3.706779186156213e-38,-4.54944204803937,3.5402880841713,1.0,0.7142857142857143,7,5
1549,10,TFE3,1549,-1.0,6.830206858379785,0.7003127812622639,5.616770649779576e-56,-11.564420323281427,8.839896596046367,1.0,0.7142857142857143,7,5
3126,10,TEAD4,3126,-1.0,2.4598644108269556,0.5149855359228457,1.6227758525357043e-26,-10.905202348143073,13.81319900546014,0.8,0.631578947368421,19,15
3136,10,TEAD4,3136,-1.0,2.4598644108269556,0.3016087907749503,3.0588334114387826e-09,-7.562823589591105,6.304707269074575,0.8,0.631578947368421,19,15
3133,10,TEAD4,3133,-1.0,2.4598644108269556,0.3439996992035945,9.587221982501682e-12,-4.921922404078333,3.877639666282996,0.8,0.631578947368421,19,15
3128,10,TEAD4,3128,-1.0,2.4598644108269556,0.4320270622766058,2.6552948404603104e-18,-7.574269586912291,6.415724351795714,0.8,0.631578947368421,19,15
3137,10,TEAD4,3137,-1.0,2.4598644108269556,0.4307089630278919,3.4463034293815397e-18,-5.415423742479631,4.5797030059951584,0.8,0.631578947368421,19,15
3122,10,TEAD4,3122,-1.0,2.4598644108269556,0.20472532353238382,7.123220990064425e-05,-12.275843937729519,9.43445589843357,0.8,0.631578947368421,19,15
3132,10,TEAD4,3132,-1.0,2.4598644108269556,0.33171710098064333,5.5918578687146295e-11,-7.134098351066056,5.892685873192891,0.8,0.631578947368421,19,15
3123,10,TEAD4,3123,-1.0,2.4598644108269556,0.5073516521477569,1.1565961807731203e-25,-3.84876920786795,2.9387677986990535,0.8,0.631578947368421,19,15
3130,10,TEAD4,3130,-1.0,2.4598644108269556,0.1997699377492439,0.00010707420494343664,-8.098972306884143,6.762987129197058,0.8,0.631578947368421,19,15
3129,10,TEAD4,3129,-1.0,2.4598644108269556,0.18043601378963522,0.0004786609958809282,-9.801013166568227,8.258003372149817,0.8,0.631578947368421,19,15
3124,10,TEAD4,3124,-1.0,2.4598644108269556,0.4469444490138343,1.2808918593155168e-19,-4.022130235899325,3.065601921481297,0.8,0.631578947368421,19,15
3127,10,TEAD4,3127,-1.0,2.4598644108269556,0.14343077100228654,0.005645805340170478,-7.174284530071626,5.9241224171400635,0.8,0.631578947368421,19,15
7223,10,MZF1,7223,-1.0,9.195006862128029,0.3335632389192949,4.3111758858497626e-11,-6.056174874735133,4.776369847872782,1.0,0.92,25,23
7230,10,MZF1,7230,-1.0,9.195006862128029,0.3888721779774732,7.665498302778064e-15,-7.778741604207663,6.261095014181232,1.0,0.92,25,23
7236,10,MZF1,7236,-1.0,9.195006862128029,0.3084300542608516,1.2844184812426925e-09,-7.105968753028194,5.643974864594946,1.0,0.92,25,23
7225,10,MZF1,7225,-1.0,9.195006862128029,0.28756324361923874,1.7031697457823676e-08,-6.039195945883664,5.081898503284174,1.0,0.92,25,23
7238,10,MZF1,7238,-1.0,9.195006862128029,0.29350232764718465,8.334189087310376e-09,-3.0761044877047015,2.166696955381836,1.0,0.92,25,23
7226,10,MZF1,7226,-1.0,9.195006862128029,0.4524847428073235,3.997463359447051e-20,-7.439365418692109,6.409783579671217,1.0,0.92,25,23
7237,10,MZF1,7237,-1.0,9.195006862128029,0.2718962158402207,1.0378294324920849e-07,-7.414455787537839,6.982370691136362,1.0,0.92,25,23
7222,10,MZF1,7222,-1.0,9.195006862128029,0.4868641269736827,1.7740272832783578e-23,-14.402235090365748,12.418673430231266,1.0,0.92,25,23
7224,10,MZF1,7224,-1.0,9.195006862128029,0.3044600117028602,2.1341191268662777e-09,-5.429947327572493,4.369970267958478,1.0,0.92,25,23
7218,10,MZF1,7218,-1.0,9.195006862128029,0.19191515661387848,0.00020025287331534812,-3.8115152232010736,2.903334583479816,1.0,0.92,25,23
7232,10,MZF1,7232,-1.0,9.195006862128029,0.4659148323177538,2.172222577089393e-21,-11.049278403477631,8.419750927280997,1.0,0.92,25,23
7239,10,MZF1,7239,-1.0,9.195006862128029,0.31093817928875755,9.282981852813468e-10,-3.4334964270214257,2.4498724582896916,1.0,0.92,25,23
7231,10,MZF1,7231,-1.0,9.195006862128029,0.28590815839750716,2.072459834329124e-08,-5.498064754375774,4.557088536664713,1.0,0.92,25,23
7221,10,MZF1,7221,-1.0,9.195006862128029,0.3656239057943258,3.5431714879494574e-13,-7.825286245507776,6.713449368634355,1.0,0.92,25,23
7233,10,MZF1,7233,-1.0,9.195006862128029,0.354095413559808,2.1210498004241627e-12,-5.489629069432595,6.650581085728581,1.0,0.92,25,23
7217,10,MZF1,7217,-1.0,9.195006862128029,0.5229300859854725,1.9928310230675404e-27,-12.104848503653553,9.32554033850585,1.0,0.92,25,23
7241,10,MZF1,7241,-1.0,9.195006862128029,0.4124846958078851,1.130400386038622e-16,-6.90632472575049,5.620150965720053,1.0,0.92,25,23
7227,10,MZF1,7227,-1.0,9.195006862128029,0.4918836669901795,5.3330874143398395e-24,-11.714655472852757,9.765457095276634,1.0,0.92,25,23
7228,10,MZF1,7228,-1.0,9.195006862128029,0.35864425420116236,1.0559550105598814e-12,-12.999884795295548,11.421526120304753,1.0,0.92,25,23
7219,10,MZF1,7219,-1.0,9.195006862128029,0.33441369375635965,3.822118931177103e-11,-7.130079579505076,6.7871106114719115,1.0,0.92,25,23
7229,10,MZF1,7229,-1.0,9.195006862128029,0.2347156651478015,4.88466397854868e-06,-4.069296910864758,3.122735488649001,1.0,0.92,25,23
7235,10,MZF1,7235,-1.0,9.195006862128029,0.36948772962163107,1.913618461397064e-13,-9.58908686574176,7.388277851280251,1.0,0.92,25,23
7220,10,MZF1,7220,-1.0,9.195006862128029,0.5148316127622276,1.689154742048049e-26,-10.928054996898526,12.457108110607392,1.0,0.92,25,23
7863,10,NFIA,7863,-1.0,2.9830410153878026,0.45743989359327164,1.3854373572522868e-20,-6.260819060030936,5.125568752933603,0.4444444444444444,0.32,25,18
7862,10,NFIA,7862,-1.0,2.9830410153878026,0.1413517508465774,0.006388493564103832,-3.283967341712197,2.311054682748454,0.4444444444444444,0.32,25,18
7860,10,NFIA,7860,-1.0,2.9830410153878026,0.2333792361181284,5.548095843455663e-06,-7.00464819422655,5.678834775527712,0.4444444444444444,0.32,25,18
7849,10,NFIA,7849,-1.0,2.9830410153878026,-0.28664463959655684,1.899456493372453e-08,5.62615084474875,4.465769530622494,0.4444444444444444,0.32,25,18
7857,10,NFIA,7857,-1.0,2.9830410153878026,0.625468055656735,1.1332926438156807e-41,-6.407301887203076,5.197072882632889,0.4444444444444444,0.32,25,18
7847,10,NFIA,7847,-1.0,2.9830410153878026,0.4147362039023634,7.428510846622892e-17,-4.77593136052341,3.813931102256591,0.4444444444444444,0.32,25,18
7855,10,NFIA,7855,-1.0,2.9830410153878026,-0.32177530978504804,2.2028582593863165e-10,4.094216409649367,3.2598687269192252,0.4444444444444444,0.32,25,18
7853,10,NFIA,7853,-1.0,2.9830410153878026,0.10883753939140428,0.036125367809850865,-9.370265673915666,7.725090217972595,0.4444444444444444,0.32,25,18
2878,10,MSC,2878,-1.0,6.790543260107698,0.31345875916782795,6.677711975522935e-10,-12.015255222369317,9.269394722914397,1.0,0.8333333333333334,12,10
2879,10,MSC,2879,-1.0,6.790543260107698,0.6666014941121454,5.09998510703118e-49,-2.9915013015291025,2.1003392166657626,1.0,0.8333333333333334,12,10
2881,10,MSC,2881,-1.0,6.790543260107698,0.1381402792236633,0.007708518787019459,-7.570713442787447,6.128983458307125,1.0,0.8333333333333334,12,10
2885,10,MSC,2885,-1.0,6.790543260107698,0.35125124254765155,3.2620711654434902e-12,-2.9172210749293486,1.9998140317673363,1.0,0.8333333333333334,12,10
2886,10,MSC,2886,-1.0,6.790543260107698,0.1688447773049112,0.001095896813962226,-9.364941058407576,7.605781394928615,1.0,0.8333333333333334,12,10
2884,10,MSC,2884,-1.0,6.790543260107698,0.3891945941246002,7.25281879534051e-15,-4.98225082185382,3.856999383888223,1.0,0.8333333333333334,12,10
2880,10,MSC,2880,-1.0,6.790543260107698,0.5360535041606254,5.512717810837007e-29,-11.15327190203945,12.643140827940382,1.0,0.8333333333333334,12,10
2887,10,MSC,2887,-1.0,6.790543260107698,0.5759910419070492,3.5871487732786487e-34,-4.558353989045567,3.6176287329341252,1.0,0.8333333333333334,12,10
2882,10,MSC,2882,-1.0,6.790543260107698,0.5998456068449982,1.2630756175516327e-37,-8.922736645624521,7.972464226952366,1.0,0.8333333333333334,12,10
2888,10,MSC,2888,-1.0,6.790543260107698,0.28371210964028987,2.6836193634352597e-08,-4.4254945501736636,3.405508136174873,1.0,0.8333333333333334,12,10
241,10,LHX9,241,-1.0,7.692547498289724,0.2946971745882994,7.20360125593978e-09,-12.654238533711329,10.59731639801771,1.0,1.0,14,14
250,10,LHX9,250,-1.0,7.692547498289724,0.15736060080038666,0.0023680542994844937,-2.8585146304131146,2.0228046571846137,1.0,1.0,14,14
243,10,LHX9,243,-1.0,7.692547498289724,0.3007389332169648,3.4112637125297295e-09,-3.2711865386106167,2.306293449820995,1.0,1.0,14,14
249,10,LHX9,249,-1.0,7.692547498289724,0.1880837736974175,0.0002693850163949107,-10.888525131199618,9.748393903605802,1.0,1.0,14,14
244,10,LHX9,244,-1.0,7.692547498289724,0.30334855551779816,2.45676084036522e-09,-8.480542838759005,6.831001562448848,1.0,1.0,14,14
247,10,LHX9,247,-1.0,7.692547498289724,0.2893350271352496,1.3785032836401429e-08,-7.2426356336438324,5.907692982785446,1.0,1.0,14,14
246,10,LHX9,246,-1.0,7.692547498289724,0.31673359339936247,4.3325147728077743e-10,-7.9120118840376135,6.49887822916035,1.0,1.0,14,14
252,10,LHX9,252,-1.0,7.692547498289724,0.2847004385250557,2.389623942637035e-08,-5.643233297469082,4.431198195999477,1.0,1.0,14,14
242,10,LHX9,242,-1.0,7.692547498289724,0.11753618503710173,0.02356671570205395,-6.4154235863052245,5.436815308935571,1.0,1.0,14,14
251,10,LHX9,251,-1.0,7.692547498289724,0.13995548007333433,0.006935265555432655,-6.529197085005082,5.056090531070355,1.0,1.0,14,14
240,10,LHX9,240,-1.0,7.692547498289724,0.29513328682636086,6.8291680076751e-09,-4.9995741661787,4.029857465619656,1.0,1.0,14,14
248,10,LHX9,248,-1.0,7.692547498289724,0.2796628779762166,4.296731675469742e-08,-10.307710597186567,9.016002320835309,1.0,1.0,14,14
239,10,LHX9,239,-1.0,7.692547498289724,0.17778924501459745,0.0005809525974803575,-11.66592099849266,8.981937503156788,1.0,1.0,14,14
245,10,LHX9,245,-1.0,7.692547498289724,0.09615399334252699,0.06429974428419714,-8.859067788953775,6.9670284831771445,1.0,1.0,14,14
253,10,CREB3L1,253,-1.0,5.32914958380519,0.3549686631244757,1.856848832120155e-12,-11.443693485267636,8.71745871665328,0.8571428571428571,0.8571428571428571,7,7
254,10,CREB3L1,254,-1.0,5.32914958380519,0.2790890098863319,4.59033759249445e-08,-6.821022950662569,6.022207385584365,0.8571428571428571,0.8571428571428571,7,7
255,10,CREB3L1,255,-1.0,5.32914958380519,0.5271807151904535,6.34203283469913e-28,-4.073406662215951,3.126174704493838,0.8571428571428571,0.8571428571428571,7,7
256,10,CREB3L1,256,-1.0,5.32914958380519,0.6389108350155216,5.974980874503301e-44,-12.938487182921802,15.160848025094863,0.8571428571428571,0.8571428571428571,7,7
259,10,CREB3L1,259,-1.0,5.32914958380519,0.1408584917410237,0.006577073166704789,-4.616530509075102,3.556653500488222,0.8571428571428571,0.8571428571428571,7,7
258,10,CREB3L1,258,-1.0,5.32914958380519,0.7099526010664173,3.774384503636575e-58,-3.576090590360936,2.6653729508814403,0.8571428571428571,0.8571428571428571,7,7
2065,10,TTF1,2065,-1.0,9.086892428409376,0.347148896570686,6.0234239978951804e-12,-2.1931434535547263,1.3494772363332572,1.0,0.8636363636363636,22,19
2066,10,TTF1,2066,-1.0,9.086892428409376,0.35065387968613776,3.5687742106141267e-12,-4.384677489373394,3.5004025647749337,1.0,0.8636363636363636,22,19
2052,10,TTF1,2052,-1.0,9.086892428409376,0.7527265549176688,5.586158255430455e-69,-12.632245010147097,15.374428215900872,1.0,0.8636363636363636,22,19
2054,10,TTF1,2054,-1.0,9.086892428409376,0.7485654596427573,7.87408125754924e-68,-14.892541575265987,13.75467889225704,1.0,0.8636363636363636,22,19
2050,10,TTF1,2050,-1.0,9.086892428409376,0.2830275628206243,2.9074270078351546e-08,-4.171680540894878,3.217247521223534,1.0,0.8636363636363636,22,19
2064,10,TTF1,2064,-1.0,9.086892428409376,0.35070510907394653,3.5414041593188764e-12,-4.220532079754446,3.28142231862352,1.0,0.8636363636363636,22,19
2047,10,TTF1,2047,-1.0,9.086892428409376,0.7728944839109173,6.842698561801702e-75,-11.6986238480385,9.002377346420404,1.0,0.8636363636363636,22,19
2068,10,TTF1,2068,-1.0,9.086892428409376,0.287071159499644,1.805740484336815e-08,-5.2273540323175895,4.707747782402123,1.0,0.8636363636363636,22,19
2067,10,TTF1,2067,-1.0,9.086892428409376,0.5320113174647564,1.692588892520191e-28,-6.470267778585872,5.376351523444396,1.0,0.8636363636363636,22,19
2053,10,TTF1,2053,-1.0,9.086892428409376,0.5587074684457521,7.683001813326942e-32,-7.412221175154558,6.147489199349455,1.0,0.8636363636363636,22,19
2060,10,TTF1,2060,-1.0,9.086892428409376,0.5969892159788691,3.3901449167537908e-37,-7.6647796068445455,6.123057665478442,1.0,0.8636363636363636,22,19
2063,10,TTF1,2063,-1.0,9.086892428409376,0.5237941706596607,1.5810886922818272e-27,-7.641545416736068,6.059570338657367,1.0,0.8636363636363636,22,19
2057,10,TTF1,2057,-1.0,9.086892428409376,0.6411982976803428,2.3842340773337276e-44,-6.180471039560291,4.791083517534858,1.0,0.8636363636363636,22,19
2059,10,TTF1,2059,-1.0,9.086892428409376,0.5358572815054861,5.82327721410697e-29,-5.173259061871941,4.1880162789491235,1.0,0.8636363636363636,22,19
2048,10,TTF1,2048,-1.0,9.086892428409376,0.37202710927604415,1.2707621501626523e-13,-3.9073772525952677,3.0061178772345594,1.0,0.8636363636363636,22,19
2055,10,TTF1,2055,-1.0,9.086892428409376,0.5577980293135497,1.010235856633025e-31,-5.2980617297227095,4.1037154368164375,1.0,0.8636363636363636,22,19
2049,10,TTF1,2049,-1.0,9.086892428409376,0.5341194772722466,9.446780233870619e-29,-7.451007305240857,6.960663593043123,1.0,0.8636363636363636,22,19
2051,10,TTF1,2051,-1.0,9.086892428409376,0.6210576283613412,5.994050034158839e-41,-7.944745230333143,6.587100689689158,1.0,0.8636363636363636,22,19
2058,10,TTF1,2058,-1.0,9.086892428409376,0.16728768591215337,0.0012201189458937252,-2.9859412647358385,2.04780002665353,1.0,0.8636363636363636,22,19
9236,10,CEBPA,9236,-1.0,4.11858602930614,0.30162947052782724,3.050900224541873e-09,-7.553228706871466,6.094730912038891,0.391304347826087,0.36,25,23
9224,10,CEBPA,9224,-1.0,4.11858602930614,0.39374695972383134,3.298669653902594e-15,-6.724931641079147,5.644815220472988,0.391304347826087,0.36,25,23
9231,10,CEBPA,9231,-1.0,4.11858602930614,0.37346693707010203,1.0059153827921264e-13,-3.456486302820134,2.4570146635345425,0.391304347826087,0.36,25,23
9229,10,CEBPA,9229,-1.0,4.11858602930614,0.2861704152635376,2.0091763193051328e-08,-12.842726711336427,10.237122684233077,0.391304347826087,0.36,25,23
9220,10,CEBPA,9220,-1.0,4.11858602930614,0.3066821451483655,1.60767949103828e-09,-7.839857729749299,6.4609147613693665,0.391304347826087,0.36,25,23
9228,10,CEBPA,9228,-1.0,4.11858602930614,0.6749509443362152,1.176067048525879e-50,-6.09634157295311,4.905989807619845,0.391304347826087,0.36,25,23
9222,10,CEBPA,9222,-1.0,4.11858602930614,0.3530950305143854,2.4689841779528533e-12,-11.459023060648944,9.963567317703015,0.391304347826087,0.36,25,23
9223,10,CEBPA,9223,-1.0,4.11858602930614,0.26110561478790334,3.3780065213983297e-07,-9.998858052408968,7.732354369257658,0.391304347826087,0.36,25,23
9240,10,CEBPA,9240,-1.0,4.11858602930614,0.22751864115223824,9.6126970046304e-06,-5.287427777727301,4.088813402273928,0.391304347826087,0.36,25,23
3680,10,RUNX1,3680,-1.0,9.09050343984996,0.53219626025469,1.6084372726643758e-28,-4.070895506048632,3.118707394821658,0.9565217391304348,0.88,25,23
3683,10,RUNX1,3683,-1.0,9.09050343984996,0.6436683531631797,8.763661475311962e-45,-12.521234291208534,17.790830588377318,0.9565217391304348,0.88,25,23
3694,10,RUNX1,3694,-1.0,9.09050343984996,0.4773371058215855,1.645553192212951e-22,-6.95413994867148,5.788269477141285,0.9565217391304348,0.88,25,23
3687,10,RUNX1,3687,-1.0,9.09050343984996,0.36064901524426785,7.737617006349602e-13,-6.829230058464423,6.105404205500171,0.9565217391304348,0.88,25,23
3692,10,RUNX1,3692,-1.0,9.09050343984996,0.5612073685719456,3.6043264541215855e-32,-6.507317677683282,6.245101869322016,0.9565217391304348,0.88,25,23
3703,10,RUNX1,3703,-1.0,9.09050343984996,0.3056925719737649,1.8243604918985183e-09,-3.5050484212033313,2.5329575009784504,0.9565217391304348,0.88,25,23
3693,10,RUNX1,3693,-1.0,9.09050343984996,0.3558160629980472,1.6313324325711299e-12,-6.621787452210599,5.5170103568736675,0.9565217391304348,0.88,25,23
3701,10,RUNX1,3701,-1.0,9.09050343984996,0.40271186759318234,6.743678199449093e-16,-4.416264308117553,3.833841405538069,0.9565217391304348,0.88,25,23
3681,10,RUNX1,3681,-1.0,9.09050343984996,0.439736615147449,5.64647472498851e-19,-7.750456869028363,6.997216708186879,0.9565217391304348,0.88,25,23
3688,10,RUNX1,3688,-1.0,9.09050343984996,0.38048207323922484,3.1677803327061316e-14,-9.915428563613341,8.07809355900946,0.9565217391304348,0.88,25,23
3685,10,RUNX1,3685,-1.0,9.09050343984996,0.35930271633253985,9.536668851878324e-13,-6.676544068440276,5.555568150877448,0.9565217391304348,0.88,25,23
3684,10,RUNX1,3684,-1.0,9.09050343984996,0.6406552191701309,2.967437160685322e-44,-6.664605700577162,5.408691021746447,0.9565217391304348,0.88,25,23
3689,10,RUNX1,3689,-1.0,9.09050343984996,-0.3943899120405511,2.9483938769441097e-15,4.478506310406695,3.4123715481708916,0.9565217391304348,0.88,25,23
3696,10,RUNX1,3696,-1.0,9.09050343984996,0.3385703240846272,2.1106030885660603e-11,-10.170251534812676,7.887640847578371,0.9565217391304348,0.88,25,23
3679,10,RUNX1,3679,-1.0,9.09050343984996,0.5661679242933048,7.875123792967079e-33,-11.869755415582578,9.132497212727962,0.9565217391304348,0.88,25,23
3699,10,RUNX1,3699,-1.0,9.09050343984996,-0.4668980605681763,1.7461799603488547e-21,6.127687810691112,4.757780830981413,0.9565217391304348,0.88,25,23
3698,10,RUNX1,3698,-1.0,9.09050343984996,0.1969861610153759,0.00013404743234532443,-4.507589714081502,3.4887397498296018,0.9565217391304348,0.88,25,23
3682,10,RUNX1,3682,-1.0,9.09050343984996,0.5049497458505371,2.1238836376983115e-25,-3.6526048002798652,2.7598553392143446,0.9565217391304348,0.88,25,23
3690,10,RUNX1,3690,-1.0,9.09050343984996,0.41871400136768366,3.5107726953003184e-17,-6.266676632149399,4.842843806661165,0.9565217391304348,0.88,25,23
3686,10,RUNX1,3686,-1.0,9.09050343984996,0.5432216235015992,7.262656061524044e-30,-6.3070170741741425,5.01380987756483,0.9565217391304348,0.88,25,23
3702,10,RUNX1,3702,-1.0,9.09050343984996,0.3055699034396539,1.8531186436953215e-09,-8.1865785116901,6.620784912503199,0.9565217391304348,0.88,25,23
3700,10,RUNX1,3700,-1.0,9.09050343984996,0.5061237918206878,1.5789712224597358e-25,-6.748705493185349,5.5586569743024015,0.9565217391304348,0.88,25,23
7892,10,ZBTB16,7892,1.0,2.433236160231004,-0.26596935166624763,1.9972606661255795e-07,-8.309510631982267,6.891488796435569,0.6842105263157895,0.52,25,19
7893,10,ZBTB16,7893,1.0,2.433236160231004,-0.12417933105699387,0.016708464753148265,-12.41199183911308,15.166783447115264,0.6842105263157895,0.52,25,19
7898,10,ZBTB16,7898,1.0,2.433236160231004,-0.1900868784618024,0.0002308602685396136,-5.5970196697504875,4.7015008730993095,0.6842105263157895,0.52,25,19
7899,10,ZBTB16,7899,1.0,2.433236160231004,-0.34765978046562346,5.583216245262022e-12,-11.534501343627285,9.627341677534183,0.6842105263157895,0.52,25,19
7897,10,ZBTB16,7897,1.0,2.433236160231004,-0.20412937065402068,7.484964682969312e-05,-10.440776446424122,8.121075905616074,0.6842105263157895,0.52,25,19
7891,10,ZBTB16,7891,1.0,2.433236160231004,-0.2702719152506128,1.2437236660702222e-07,-7.47997984537905,6.140447348169625,0.6842105263157895,0.52,25,19
7910,10,ZBTB16,7910,1.0,2.433236160231004,-0.1292470454978063,0.012719357700937024,-9.56492559195482,7.893812495889642,0.6842105263157895,0.52,25,19
7906,10,ZBTB16,7906,1.0,2.433236160231004,-0.10300702406606242,0.04740800058911102,-7.279386634250486,6.154729516177052,0.6842105263157895,0.52,25,19
7908,10,ZBTB16,7908,1.0,2.433236160231004,-0.3031050178950362,2.533530690279075e-09,-3.3644701026795443,2.4268242698542806,0.6842105263157895,0.52,25,19
7896,10,ZBTB16,7896,1.0,2.433236160231004,-0.23361493830148733,5.4251649524926395e-06,-14.412825033921624,12.606500135194237,0.6842105263157895,0.52,25,19
7890,10,ZBTB16,7890,1.0,2.433236160231004,-0.44813917473686193,9.982405578695317e-20,-7.998604111730276,7.666603595667153,0.6842105263157895,0.52,25,19
7900,10,ZBTB16,7900,1.0,2.433236160231004,-0.28765066257458227,1.6855473814797232e-08,-6.015063709519691,4.945773498763639,0.6842105263157895,0.52,25,19
7901,10,ZBTB16,7901,1.0,2.433236160231004,-0.3351064654777376,3.464089789542721e-11,-6.442780474271651,5.393277476421098,0.6842105263157895,0.52,25,19
7992,10,OSR2,7992,-1.0,4.704886966071074,0.18255843135721303,0.00040900737524274467,-8.142554286528494,7.4178509191357325,1.0,1.0,8,8
7994,10,OSR2,7994,-1.0,4.704886966071074,0.04504291756835097,0.38698427119379875,-3.5727209391146637,2.6561748816082686,1.0,1.0,8,8
7999,10,OSR2,7999,-1.0,4.704886966071074,0.11727399354663542,0.023881239292585475,-6.5366304271228834,6.910540856567527,1.0,1.0,8,8
7993,10,OSR2,7993,-1.0,4.704886966071074,0.20427713460404237,7.393692462391559e-05,-7.887777000232368,6.548215703952455,1.0,1.0,8,8
7995,10,OSR2,7995,-1.0,4.704886966071074,0.23827631708563565,3.46637040475354e-06,-4.6544117969934815,3.639148803559945,1.0,1.0,8,8
7996,10,OSR2,7996,-1.0,4.704886966071074,0.16335011660237442,0.0015942395568159997,-7.187032353989384,5.609385074870917,1.0,1.0,8,8
7998,10,OSR2,7998,-1.0,4.704886966071074,-0.22817788510858555,9.042857936334108e-06,3.421424813976408,2.435726857993487,1.0,1.0,8,8
7997,10,OSR2,7997,-1.0,4.704886966071074,0.07436259112048683,0.15286888078795002,-2.240718353294573,1.3918435999628807,1.0,1.0,8,8
