,Mutation,Regulator,Regulon,MutationRegulatorEdge,-log10(p)_MutationRegulatorEdge,RegulatorRegulon_Spearman_R,RegulatorRegulon_Spearman_p-value,Regulon_stratification_t-statistic,-log10(p)_Regulon_stratification,Fraction_of_edges_correctly_aligned,Fraction_of_aligned_and_diff_exp_edges,number_downstream_regulons,number_differentially_expressed_regulons
4692,4,TFAP2C,4692,1.0,2.4569521316013567,-0.20869505869570612,2.402195329496267e-06,-4.311554507413089,3.662059316452202,0.6923076923076923,0.391304347826087,23,13
4704,4,TFAP2C,4704,1.0,2.4569521316013567,-0.3497502946630639,6.852957498797564e-16,-5.867618353301954,5.190173390868864,0.6923076923076923,0.391304347826087,23,13
4698,4,TFAP2C,4698,1.0,2.4569521316013567,0.24393681331150913,3.099740030039178e-08,3.511870423447224,2.6962180428005436,0.6923076923076923,0.391304347826087,23,13
4702,4,TFAP2C,4702,1.0,2.4569521316013567,0.3276023891007558,5.052622257805238e-14,2.91302962634878,2.0769783779119404,0.6923076923076923,0.391304347826087,23,13
4696,4,TFAP2C,4696,1.0,2.4569521316013567,0.14768734255724808,0.0009035465814234125,3.24882247529653,2.418211225551032,0.6923076923076923,0.391304347826087,23,13
4691,4,TFAP2C,4691,1.0,2.4569521316013567,-0.2274825413527851,2.5797454922593906e-07,-6.1810605502450295,6.203393450368055,0.6923076923076923,0.391304347826087,23,13
4701,4,TFAP2C,4701,1.0,2.4569521316013567,0.2783821440941867,2.1869400303615548e-10,2.095457668034079,1.3250826220801926,0.6923076923076923,0.391304347826087,23,13
4713,4,TFAP2C,4713,1.0,2.4569521316013567,0.1947463535697806,1.1096186872522058e-05,3.3261904685813057,2.5515764847162656,0.6923076923076923,0.391304347826087,23,13
4694,4,TFAP2C,4694,1.0,2.4569521316013567,-0.24363042348528294,3.229114036606305e-08,-3.250426481914162,2.447281017719288,0.6923076923076923,0.391304347826087,23,13
2130,4,MGA,2130,-1.0,3.9526059658627486,0.325468189503151,7.510115993335255e-14,-6.772654723898527,7.089290228075363,0.6666666666666666,0.4,5,3
2132,4,MGA,2132,-1.0,3.9526059658627486,0.30724444515482197,1.9544380330248184e-12,-3.3064820148840743,2.5223022666645667,0.6666666666666666,0.4,5,3
8832,4,NFATC4,8832,1.0,3.8427429433687683,-0.24275621647645915,3.6276115477750485e-08,-3.334361917381432,2.5295703969908594,0.7142857142857143,0.4,25,14
8846,4,NFATC4,8846,1.0,3.8427429433687683,0.5801652143109092,1.7069726776017045e-46,4.204060769907463,3.4009169930246657,0.7142857142857143,0.4,25,14
8823,4,NFATC4,8823,1.0,3.8427429433687683,0.7339739505093162,4.758861897834193e-86,4.558226578635995,3.7675769826673537,0.7142857142857143,0.4,25,14
8826,4,NFATC4,8826,1.0,3.8427429433687683,0.3383802915265996,6.506881813118045e-15,4.801180535006337,4.089857707433709,0.7142857142857143,0.4,25,14
8829,4,NFATC4,8829,1.0,3.8427429433687683,0.4406454372033419,2.922150140492649e-25,5.364003638980535,4.735500959651806,0.7142857142857143,0.4,25,14
8837,4,NFATC4,8837,1.0,3.8427429433687683,0.43834798779430206,5.49132080655189e-25,2.745274256487729,1.9215572777534244,0.7142857142857143,0.4,25,14
8839,4,NFATC4,8839,1.0,3.8427429433687683,0.5377612417913256,5.732767923998139e-39,3.7444217250580754,2.9654023728597565,0.7142857142857143,0.4,25,14
8827,4,NFATC4,8827,1.0,3.8427429433687683,0.6082940769392283,3.963363673217355e-52,2.5151305072030623,1.6945982721851658,0.7142857142857143,0.4,25,14
8831,4,NFATC4,8831,1.0,3.8427429433687683,0.6126962252536265,4.619976178030471e-53,3.5044328520900576,2.673219427644764,0.7142857142857143,0.4,25,14
8836,4,NFATC4,8836,1.0,3.8427429433687683,0.4137527579234378,3.507309360189475e-22,2.3299866141278813,1.5336569630299883,0.7142857142857143,0.4,25,14
3434,4,NKX2-5,3434,1.0,1.672036329446035,0.280731950961584,1.519201318330312e-10,4.279836069530835,3.4166751810396274,0.6,0.3,10,5
3430,4,NKX2-5,3430,1.0,1.672036329446035,0.19026081540350367,1.774730719004267e-05,2.0759404337001377,1.317902814317785,0.6,0.3,10,5
3435,4,NKX2-5,3435,1.0,1.672036329446035,0.2818107439433677,1.283733281416321e-10,4.010068007359913,3.1871139510224826,0.6,0.3,10,5
2362,4,OTX1,2362,1.0,1.4537598068701831,0.33792250908035576,7.110433353299277e-15,2.6870493270102687,1.8642650716758429,0.6,0.36,25,15
2352,4,OTX1,2352,1.0,1.4537598068701831,0.7099751847955139,3.600720000204759e-78,2.8213609359303193,2.051977798391949,0.6,0.36,25,15
2368,4,OTX1,2368,1.0,1.4537598068701831,0.41993206208747946,7.273013149436572e-23,2.509911895879551,1.6830969325067398,0.6,0.36,25,15
2371,4,OTX1,2371,1.0,1.4537598068701831,0.1382491130465104,0.001904592993498886,3.167043350405078,2.376900286585978,0.6,0.36,25,15
2364,4,OTX1,2364,1.0,1.4537598068701831,0.45902873191938387,1.572991583927936e-27,3.2507832141125226,2.490545714419781,0.6,0.36,25,15
2358,4,OTX1,2358,1.0,1.4537598068701831,0.6400015347948571,3.39660166937986e-59,4.520532445663967,4.000901540592865,0.6,0.36,25,15
2365,4,OTX1,2365,1.0,1.4537598068701831,0.34877041636432804,8.350235485619877e-16,4.305112400999318,3.5728022124457346,0.6,0.36,25,15
2351,4,OTX1,2351,1.0,1.4537598068701831,0.5589711012262185,1.3466145506583731e-42,3.11995820451498,2.359872172977959,0.6,0.36,25,15
2374,4,OTX1,2374,1.0,1.4537598068701831,0.11412437653108948,0.010497718860706934,2.8183061977474613,1.9874261645759468,0.6,0.36,25,15
7383,4,PAX3,7383,1.0,3.837853803946288,0.1479418853695211,0.0008850101135610867,2.79308518902097,2.0217431838169757,1.0,0.8333333333333334,6,5
7385,4,PAX3,7385,1.0,3.837853803946288,0.17474366331804442,8.293523271012692e-05,6.028015827117657,5.315035577218733,1.0,0.8333333333333334,6,5
7381,4,PAX3,7381,1.0,3.837853803946288,0.1698331950374744,0.00013157155803325324,3.284395717333254,2.533454749858911,1.0,0.8333333333333334,6,5
7386,4,PAX3,7386,1.0,3.837853803946288,0.2308690586668502,1.689289189587579e-07,2.4172338069139885,1.5991748118836135,1.0,0.8333333333333334,6,5
7382,4,PAX3,7382,1.0,3.837853803946288,0.32126642354437474,1.624007540860625e-13,5.350196511908025,4.605751012394873,1.0,0.8333333333333334,6,5
7030,4,NFKB1,7030,1.0,3.965829603171718,0.37198281314332676,6.405233273138438e-18,3.0296300254029394,2.237697105985413,0.6,0.36,25,15
7018,4,NFKB1,7018,1.0,3.965829603171718,0.47918889791247504,3.506254521714437e-30,3.720449878847262,2.9243743086127125,0.6,0.36,25,15
7025,4,NFKB1,7025,1.0,3.965829603171718,0.2986619254342969,8.404531265760379e-12,3.554579208136052,2.7272880464345333,0.6,0.36,25,15
7013,4,NFKB1,7013,1.0,3.965829603171718,0.32315414002612664,1.150151100043703e-13,5.190093000633479,4.540838052207885,0.6,0.36,25,15
7026,4,NFKB1,7026,1.0,3.965829603171718,-0.1502795143161595,0.0007304850953177242,-2.7901932700828525,1.9655157417331512,0.6,0.36,25,15
7024,4,NFKB1,7024,1.0,3.965829603171718,0.514842334214291,2.516401229542642e-35,2.843447730940611,2.0086889936958534,0.6,0.36,25,15
7009,4,NFKB1,7009,1.0,3.965829603171718,0.4497987146899361,2.2552814217024069e-26,3.2855417980020354,2.5246369471877648,0.6,0.36,25,15
7020,4,NFKB1,7020,1.0,3.965829603171718,0.1830460565091926,3.692902052681863e-05,3.3634769362394303,2.690934096562408,0.6,0.36,25,15
7022,4,NFKB1,7022,1.0,3.965829603171718,0.40077292762261274,8.604416350752851e-21,3.2013792086850765,2.4056236114717424,0.6,0.36,25,15
3499,4,GABPB1,3499,1.0,2.3778216635863125,0.2561434598743868,5.811777631912654e-09,4.361253443675832,3.5333543206822173,0.9,0.36,25,10
3487,4,GABPB1,3487,1.0,2.3778216635863125,0.4838296129181918,8.110343376984648e-31,2.862847956372415,2.0741814710570106,0.9,0.36,25,10
3488,4,GABPB1,3488,1.0,2.3778216635863125,0.17835459272420917,5.859464492578859e-05,4.206092554933585,3.3903101325053986,0.9,0.36,25,10
3502,4,GABPB1,3502,1.0,2.3778216635863125,0.6346142910174992,6.168314803270536e-58,2.2968640397066076,1.5338882715381448,0.9,0.36,25,10
3493,4,GABPB1,3493,1.0,2.3778216635863125,0.1882108593755595,2.1917026809571595e-05,3.579531801932444,2.7737233970046944,0.9,0.36,25,10
3496,4,GABPB1,3496,1.0,2.3778216635863125,0.5323239132374206,4.444640548814028e-38,4.105205713966212,3.4968189725763894,0.9,0.36,25,10
3498,4,GABPB1,3498,1.0,2.3778216635863125,0.1516156775026061,0.0006537908423266951,3.769741532359266,2.971511774268261,0.9,0.36,25,10
3505,4,GABPB1,3505,1.0,2.3778216635863125,0.20753153621629716,2.740388038726951e-06,3.7910009602431622,2.9355388791515606,0.9,0.36,25,10
3503,4,GABPB1,3503,1.0,2.3778216635863125,0.24170377216624864,4.170662206548631e-08,5.432651152742653,4.894649969007881,0.9,0.36,25,10
8391,4,LHX9,8391,1.0,2.3968394113552995,-0.16212051822372298,0.0002648352855567333,-3.254830438466338,2.4736259092973114,1.0,1.0,1,1
7992,4,IRF8,7992,-1.0,2.944843604871871,0.7877873868984011,2.6734196025738288e-107,-2.0954900658280757,1.325866616846315,0.625,0.4166666666666667,24,16
7978,4,IRF8,7978,-1.0,2.944843604871871,0.9066194952810985,1.6775955021507928e-189,-4.380025414913453,3.680388613694942,0.625,0.4166666666666667,24,16
7993,4,IRF8,7993,-1.0,2.944843604871871,0.4417021501024627,2.1826536894059673e-25,-3.28147105309074,2.489399513402745,0.625,0.4166666666666667,24,16
7974,4,IRF8,7974,-1.0,2.944843604871871,0.94583350387927,1.9294182443835907e-246,-4.006195757163911,3.2935069393079943,0.625,0.4166666666666667,24,16
7986,4,IRF8,7986,-1.0,2.944843604871871,0.49510475852331676,2.1044639073187827e-32,-3.176043767225724,2.3589301200898567,0.625,0.4166666666666667,24,16
7983,4,IRF8,7983,-1.0,2.944843604871871,0.39313101518284904,5.306594948854277e-20,-4.7145683589828895,3.9130705428425268,0.625,0.4166666666666667,24,16
7975,4,IRF8,7975,-1.0,2.944843604871871,0.5478120612394531,1.177366377207798e-40,-4.611971781739189,3.815167354986889,0.625,0.4166666666666667,24,16
7988,4,IRF8,7988,-1.0,2.944843604871871,-0.2374772051423596,7.255893849594701e-08,3.0575093670398013,2.222896100087239,0.625,0.4166666666666667,24,16
7991,4,IRF8,7991,-1.0,2.944843604871871,0.13150028426430704,0.003159337849245829,-2.856545821781785,2.0335559338293296,0.625,0.4166666666666667,24,16
7987,4,IRF8,7987,-1.0,2.944843604871871,0.7509078221464922,3.817928952893314e-92,-2.5000373474433726,1.7216736856960893,0.625,0.4166666666666667,24,16
901,4,MYCN,901,-1.0,5.342830393875135,-0.16295695426476967,0.0002458512132895209,6.57293994465029,6.554879962449276,0.5,0.375,8,6
895,4,MYCN,895,-1.0,5.342830393875135,0.18120925246139985,4.430635749373523e-05,-6.364553014099682,6.587806766608421,0.5,0.375,8,6
897,4,MYCN,897,-1.0,5.342830393875135,0.5395152087228742,2.9374514622025106e-39,-3.194554270352808,2.397983698503231,0.5,0.375,8,6
5324,4,DBP,5324,-1.0,5.3782776974799145,-0.28409825893269813,8.960607573079511e-11,7.86980560309978,7.576549246212573,0.8333333333333334,0.45454545454545453,11,6
5318,4,DBP,5318,-1.0,5.3782776974799145,-0.5564465628871521,3.75791820508855e-42,4.207752517374627,3.399129263024021,0.8333333333333334,0.45454545454545453,11,6
5314,4,DBP,5314,-1.0,5.3782776974799145,0.48177073020047056,1.557106575892975e-30,-5.016733820886819,4.7569608013555635,0.8333333333333334,0.45454545454545453,11,6
5321,4,DBP,5321,-1.0,5.3782776974799145,0.2355833745291687,9.268073481196378e-08,-3.047694726487659,2.232463545233926,0.8333333333333334,0.45454545454545453,11,6
5322,4,DBP,5322,-1.0,5.3782776974799145,-0.19888716938533885,7.123605468124727e-06,4.188014085044799,3.3475297872498584,0.8333333333333334,0.45454545454545453,11,6
5447,4,HENMT1,5447,-1.0,6.404055825354153,-0.2141339049701125,1.284980920285967e-06,4.484485602716773,3.6786687510842135,1.0,0.4444444444444444,9,4
5439,4,HENMT1,5439,-1.0,6.404055825354153,0.4026561341922935,5.455666257745203e-21,-7.2524850910810015,7.563226142806741,1.0,0.4444444444444444,9,4
5441,4,HENMT1,5441,-1.0,6.404055825354153,0.2743658762172771,4.044071552418404e-10,-2.5032018338824633,1.7437482244573763,1.0,0.4444444444444444,9,4
5445,4,HENMT1,5445,-1.0,6.404055825354153,-0.1549430899869291,0.0004940478467947813,7.1583952254465695,6.708267088243387,1.0,0.4444444444444444,9,4
541,4,KLF7,541,1.0,5.212346845626835,-0.15510501179292543,0.00048728819391799554,-2.0999411617629855,1.323490707953405,1.0,0.5833333333333334,24,14
537,4,KLF7,537,1.0,5.212346845626835,0.5466908452190214,1.8280618318509305e-40,5.825442201907727,5.3253077193198,1.0,0.5833333333333334,24,14
550,4,KLF7,550,1.0,5.212346845626835,0.45970373811239484,1.2905048374915101e-27,4.838496022558514,4.001766435356294,1.0,0.5833333333333334,24,14
529,4,KLF7,529,1.0,5.212346845626835,0.10978559304762593,0.013851304241881121,2.9182254317668557,2.164746290675508,1.0,0.5833333333333334,24,14
544,4,KLF7,544,1.0,5.212346845626835,0.696859803082405,3.392762167815817e-74,2.9852919331402945,2.1713104705354516,1.0,0.5833333333333334,24,14
532,4,KLF7,532,1.0,5.212346845626835,0.1832708688584669,3.611048581715529e-05,4.403976361795834,3.6052719202717007,1.0,0.5833333333333334,24,14
542,4,KLF7,542,1.0,5.212346845626835,-0.18818761928038136,2.1969240953887725e-05,-3.030586791624174,2.1865378263841966,1.0,0.5833333333333334,24,14
538,4,KLF7,538,1.0,5.212346845626835,0.3629366298096148,4.481819862789266e-17,2.133863393365802,1.3470814187706224,1.0,0.5833333333333334,24,14
533,4,KLF7,533,1.0,5.212346845626835,0.6245163273762963,1.2137684338468153e-55,4.868212569762265,4.3858023324560405,1.0,0.5833333333333334,24,14
548,4,KLF7,548,1.0,5.212346845626835,0.3771977007862409,2.028732966631769e-18,3.297573767608824,2.4684031242219517,1.0,0.5833333333333334,24,14
539,4,KLF7,539,1.0,5.212346845626835,-0.3161465398984294,4.089810498784495e-13,-2.2464580403231826,1.4428054540384645,1.0,0.5833333333333334,24,14
549,4,KLF7,549,1.0,5.212346845626835,-0.16035926531134542,0.0003093752159703299,-3.211525416892277,2.4095759244648227,1.0,0.5833333333333334,24,14
528,4,KLF7,528,1.0,5.212346845626835,-0.46771625892710156,1.1899951378009124e-28,-7.308266807043273,7.851659447730938,1.0,0.5833333333333334,24,14
540,4,KLF7,540,1.0,5.212346845626835,0.26912053930680296,8.891954321593972e-10,4.2695116522086956,3.4243166933585583,1.0,0.5833333333333334,24,14
7661,4,FOXP3,7661,-1.0,3.087951675762372,0.844066549957122,2.0159614586542251e-137,-3.4046478600893018,2.630196872460769,0.38461538461538464,0.20833333333333334,24,13
7668,4,FOXP3,7668,-1.0,3.087951675762372,-0.1739925691455675,8.907376900522822e-05,2.7912093841390995,1.9641758493400072,0.38461538461538464,0.20833333333333334,24,13
7657,4,FOXP3,7657,-1.0,3.087951675762372,0.8689115397080031,7.96680320776295e-155,-2.910360865851959,2.1142102379183507,0.38461538461538464,0.20833333333333334,24,13
7659,4,FOXP3,7659,-1.0,3.087951675762372,0.5964700856577737,1.0819984544268708e-49,-4.613926406793668,3.828210135244756,0.38461538461538464,0.20833333333333334,24,13
7676,4,FOXP3,7676,-1.0,3.087951675762372,-0.3049256528012307,2.912297308631039e-12,2.127807746132466,1.3384657116912437,0.38461538461538464,0.20833333333333334,24,13
2602,4,NR2C2,2602,-1.0,5.624776027108341,0.4090612941384544,1.1332516827207499e-21,-4.437177589338709,3.772145103876882,0.35294117647058826,0.24,25,17
2610,4,NR2C2,2610,-1.0,5.624776027108341,0.23920844994683474,5.7906843705687755e-08,-3.8315195430958116,3.0809014530951386,0.35294117647058826,0.24,25,17
2618,4,NR2C2,2618,-1.0,5.624776027108341,-0.30873095752844143,1.5106779811480876e-12,3.4335580284172806,2.6071781758921504,0.35294117647058826,0.24,25,17
2609,4,NR2C2,2609,-1.0,5.624776027108341,0.46378014566417364,3.8682056991217496e-28,-2.2037086333494833,1.4236711205174113,0.35294117647058826,0.24,25,17
2600,4,NR2C2,2600,-1.0,5.624776027108341,0.27921869266306876,1.9216757585184173e-10,-7.007931416074881,7.29710610559689,0.35294117647058826,0.24,25,17
2623,4,NR2C2,2623,-1.0,5.624776027108341,0.24603544133486172,2.3391004951363516e-08,-4.027937216757565,3.297078986681953,0.35294117647058826,0.24,25,17
5305,4,E2F2,5305,-1.0,5.6889339605823155,0.6471332085735462,6.682356192803221e-61,-3.4304801671366483,2.738860681408944,0.6,0.3333333333333333,9,5
5312,4,E2F2,5312,-1.0,5.6889339605823155,-0.4079856097330657,1.4790513059561343e-21,2.561962762560826,1.7770383378533523,0.6,0.3333333333333333,9,5
5307,4,E2F2,5307,-1.0,5.6889339605823155,-0.1727477537618007,0.00010019884674437327,4.678851214529675,3.8926453525072984,0.6,0.3333333333333333,9,5
6338,4,FLI1,6338,-1.0,2.892780314055691,0.7733419128808513,5.0607086987528465e-101,-3.741951383619775,2.984909841054016,0.36363636363636365,0.16666666666666666,24,11
6353,4,FLI1,6353,-1.0,2.892780314055691,0.13044812452669055,0.003411816007269954,-2.4105828587778406,1.592749795238483,0.36363636363636365,0.16666666666666666,24,11
6335,4,FLI1,6335,-1.0,2.892780314055691,0.8356431063166532,3.3410821507606233e-132,-3.7074385299795916,2.9676312961602638,0.36363636363636365,0.16666666666666666,24,11
6339,4,FLI1,6339,-1.0,2.892780314055691,0.45487805092056627,5.262025665273839e-27,-5.231352579893943,4.5025910176686965,0.36363636363636365,0.16666666666666666,24,11
4434,4,RBPJ,4434,-1.0,5.450941926535585,0.5405351605802833,1.9875455897262683e-39,-3.7748323567923996,3.0466023514291205,0.3333333333333333,0.25,8,6
4432,4,RBPJ,4432,-1.0,5.450941926535585,0.245825047330351,2.4063457767183623e-08,-6.760652263683553,7.323782757765749,0.3333333333333333,0.25,8,6
7851,4,SREBF2,7851,1.0,2.2027884448429162,0.5188408637328402,6.097310968031971e-36,3.4343301273022595,2.702562021533017,0.75,0.3333333333333333,9,4
7855,4,SREBF2,7855,1.0,2.2027884448429162,0.28106898366937483,1.4414479275316204e-10,4.089863541155709,3.3547497245889866,0.75,0.3333333333333333,9,4
7858,4,SREBF2,7858,1.0,2.2027884448429162,0.3161221615128752,4.1076628580598934e-13,3.364388537578186,2.5128833578578824,0.75,0.3333333333333333,9,4
1174,4,ZNF524,1174,-1.0,5.6659838424511815,0.4745912482259863,1.462952096819482e-29,-3.053885867526064,2.230960937733356,1.0,0.8571428571428571,7,6
1168,4,ZNF524,1168,-1.0,5.6659838424511815,0.5117478918269376,7.441344060745197e-35,-6.1669910258274845,6.481570200155146,1.0,0.8571428571428571,7,6
1171,4,ZNF524,1171,-1.0,5.6659838424511815,-0.4232896392667684,3.0512908077782553e-23,2.800273006832033,1.9974229214206642,1.0,0.8571428571428571,7,6
1169,4,ZNF524,1169,-1.0,5.6659838424511815,-0.206144908823178,3.2030336174559163e-06,2.782458151390727,1.998784042753301,1.0,0.8571428571428571,7,6
1173,4,ZNF524,1173,-1.0,5.6659838424511815,-0.36701901338586795,1.8769977456128658e-17,5.3762953006773735,4.583254358387191,1.0,0.8571428571428571,7,6
1170,4,ZNF524,1170,-1.0,5.6659838424511815,-0.08475420824766315,0.05774485233308192,4.027917847085579,3.211111463187843,1.0,0.8571428571428571,7,6
4768,4,HOXB3,4768,1.0,1.5380178036542012,0.5522706497849983,2.0132100905875874e-41,2.1647197032068295,1.3952106069934336,0.5,0.2,25,10
4775,4,HOXB3,4775,1.0,1.5380178036542012,0.4424622435010852,1.7683237091717758e-25,2.857675742748204,2.0772891362295653,0.5,0.2,25,10
4767,4,HOXB3,4767,1.0,1.5380178036542012,0.37206543405312337,6.2906355925943605e-18,3.907032204085645,3.262765573947258,0.5,0.2,25,10
4789,4,HOXB3,4789,1.0,1.5380178036542012,0.21032945396068375,1.9939124861482768e-06,4.099193594570907,3.2445203982584943,0.5,0.2,25,10
4776,4,HOXB3,4776,1.0,1.5380178036542012,0.2750423052732582,3.6488564548618653e-10,2.675827997764186,1.8228206066951103,0.5,0.2,25,10
5448,4,CREM,5448,-1.0,5.930631018877473,0.3281091180331708,4.596723108790152e-14,-7.44106910515457,8.201082170772217,0.3333333333333333,0.1111111111111111,9,3
4033,4,RREB1,4033,1.0,3.7555225575945883,0.47052527500265484,5.082711620187681e-29,3.4088810877936657,2.6685788120179317,0.8888888888888888,0.64,25,18
4045,4,RREB1,4045,1.0,3.7555225575945883,-0.6558384739396245,4.7794097448458216e-63,-4.308384539782678,3.5872682748051434,0.8888888888888888,0.64,25,18
4037,4,RREB1,4037,1.0,3.7555225575945883,0.283118854921619,1.045592531549485e-10,3.300702564554306,2.588942599352202,0.8888888888888888,0.64,25,18
4039,4,RREB1,4039,1.0,3.7555225575945883,0.45432759266620387,6.1682678274659144e-27,4.93231940896745,4.224746138114186,0.8888888888888888,0.64,25,18
4044,4,RREB1,4044,1.0,3.7555225575945883,0.6290793540638461,1.1429655693562987e-56,3.61691326898832,2.8443089493052214,0.8888888888888888,0.64,25,18
4049,4,RREB1,4049,1.0,3.7555225575945883,0.471602477128545,3.6602323697840464e-29,4.862700324467367,4.243188058513538,0.8888888888888888,0.64,25,18
4046,4,RREB1,4046,1.0,3.7555225575945883,0.5142979468419343,3.047670224369422e-35,5.1887705635265595,4.705905373017014,0.8888888888888888,0.64,25,18
4052,4,RREB1,4052,1.0,3.7555225575945883,0.3524971790555899,3.9236719530010395e-16,2.959986910937374,2.1446660607356347,0.8888888888888888,0.64,25,18
4032,4,RREB1,4032,1.0,3.7555225575945883,-0.2739914735410805,4.280420982637109e-10,-6.425418067470226,6.518494550896427,0.8888888888888888,0.64,25,18
4053,4,RREB1,4053,1.0,3.7555225575945883,-0.40388434950807595,4.046822890004354e-21,-4.553917350962417,4.121184749374228,0.8888888888888888,0.64,25,18
4042,4,RREB1,4042,1.0,3.7555225575945883,0.21548970366554637,1.0966112811590543e-06,6.5527856248725165,6.08951611913659,0.8888888888888888,0.64,25,18
4051,4,RREB1,4051,1.0,3.7555225575945883,-0.4011243747762252,7.904778493701987e-21,-3.930097781282733,3.1753121915291396,0.8888888888888888,0.64,25,18
4038,4,RREB1,4038,1.0,3.7555225575945883,-0.3801732866868261,1.0429287677684475e-18,-3.1307238372315394,2.341432936851637,0.8888888888888888,0.64,25,18
4050,4,RREB1,4050,1.0,3.7555225575945883,0.4186334624834432,1.0150354156372591e-22,3.924748392765508,3.1675606369196165,0.8888888888888888,0.64,25,18
4048,4,RREB1,4048,1.0,3.7555225575945883,0.4086826228733475,1.24476886843154e-21,3.3844766219008067,2.5863536847968565,0.8888888888888888,0.64,25,18
4054,4,RREB1,4054,1.0,3.7555225575945883,0.4397042607773926,3.7860988106291786e-25,3.3788574998212493,2.5615928605749025,0.8888888888888888,0.64,25,18
4597,4,TBX4,4597,1.0,4.18785405447208,0.3831493015381699,5.324266465155288e-19,3.8641367397722632,3.1825687654854917,0.5,0.4,5,4
4600,4,TBX4,4600,1.0,4.18785405447208,-0.17732387006530315,6.474851790490757e-05,-4.58080212260162,3.7928147584724066,0.5,0.4,5,4
7599,4,GTF2A1,7599,1.0,3.49162138769592,0.6539744285912741,1.3956398246175232e-62,3.14335625324275,2.373229289676657,1.0,0.42857142857142855,7,3
7600,4,GTF2A1,7600,1.0,3.49162138769592,0.25847097912086137,4.181400859172943e-09,4.282363111834082,3.478970267275595,1.0,0.42857142857142855,7,3
7602,4,GTF2A1,7602,1.0,3.49162138769592,0.2446605762756287,2.8137262669329763e-08,3.500569492358251,2.6785301807303163,1.0,0.42857142857142855,7,3
8704,4,SPI1,8704,-1.0,2.8808689885976784,0.9630185582594325,6.245921214846691e-287,-3.7033069196461854,2.9396034310080785,0.625,0.4,25,16
8705,4,SPI1,8705,-1.0,2.8808689885976784,0.5726276451556188,4.473968651368848e-45,-4.7847107608077115,4.006171035587654,0.625,0.4,25,16
8707,4,SPI1,8707,-1.0,2.8808689885976784,0.5750724083108287,1.5654732681253383e-45,-4.535353922281247,3.9439956358540735,0.625,0.4,25,16
8714,4,SPI1,8714,-1.0,2.8808689885976784,0.2954235841719016,1.4392880435559432e-11,-2.9227030867219335,2.0783070237747245,0.625,0.4,25,16
8721,4,SPI1,8721,-1.0,2.8808689885976784,0.5596882241631443,1.0044740151860165e-42,-2.257450765932254,1.484655731576365,0.625,0.4,25,16
8716,4,SPI1,8716,-1.0,2.8808689885976784,-0.23657776603019948,8.152439388798903e-08,6.011809531686812,5.465323264480999,0.625,0.4,25,16
8723,4,SPI1,8723,-1.0,2.8808689885976784,-0.2660884183175395,1.3914284529120332e-09,5.0155666711290525,4.227393831041184,0.625,0.4,25,16
8724,4,SPI1,8724,-1.0,2.8808689885976784,0.669153625613734,1.804363451660727e-66,-3.3183126511345726,2.533361913908651,0.625,0.4,25,16
8718,4,SPI1,8718,-1.0,2.8808689885976784,0.17089385816930372,0.00011921563966318256,-3.9884584908854803,3.160519786397575,0.625,0.4,25,16
8700,4,SPI1,8700,-1.0,2.8808689885976784,0.8918897332421247,1.9606245158992034e-174,-3.920110589080428,3.204295260041003,0.625,0.4,25,16
2978,4,E2F8,2978,1.0,2.33600123730494,0.5613244217212173,5.132344241924004e-43,2.736024830454273,1.9509850966728552,0.4,0.2857142857142857,7,5
2980,4,E2F8,2980,1.0,2.33600123730494,0.3323337879064331,2.07521993564782e-14,2.4468145236267467,1.6645306598656682,0.4,0.2857142857142857,7,5
9657,4,SOX9,9657,1.0,2.1508428102305723,0.17771582210816972,6.23398076555039e-05,5.431199078499223,4.791445026880582,1.0,0.64,25,16
9671,4,SOX9,9671,1.0,2.1508428102305723,0.2902547972892184,3.3496675931141526e-11,2.4856102821248585,1.6687843731100127,1.0,0.64,25,16
9658,4,SOX9,9658,1.0,2.1508428102305723,0.2736662070661178,4.4966211681362884e-10,4.635805148968939,4.0421545385879405,1.0,0.64,25,16
9653,4,SOX9,9653,1.0,2.1508428102305723,0.30533704991464955,2.714039138023946e-12,2.9051666689803173,2.1265277966592953,1.0,0.64,25,16
9668,4,SOX9,9668,1.0,2.1508428102305723,0.19891145291336174,7.10492000131061e-06,3.996668199503319,3.1316332088053085,1.0,0.64,25,16
9660,4,SOX9,9660,1.0,2.1508428102305723,0.3314256219013898,2.4646900739287344e-14,3.4426603299866936,2.634177443466867,1.0,0.64,25,16
9661,4,SOX9,9661,1.0,2.1508428102305723,0.3624575992763509,4.959687558826087e-17,3.7631588613851434,3.0031298977921552,1.0,0.64,25,16
9654,4,SOX9,9654,1.0,2.1508428102305723,0.32294184887098903,1.1957969814306736e-13,2.3154155541380796,1.5353081191334383,1.0,0.64,25,16
9673,4,SOX9,9673,1.0,2.1508428102305723,0.34043898452925836,4.3585193563312e-15,4.6869120024492394,3.9764654043061918,1.0,0.64,25,16
9665,4,SOX9,9665,1.0,2.1508428102305723,0.3013565433270549,5.343958682126022e-12,2.9483081621850804,2.1370923755218603,1.0,0.64,25,16
9656,4,SOX9,9656,1.0,2.1508428102305723,0.19379550167563458,1.226881081092994e-05,3.9109086734973393,3.1706355352766376,1.0,0.64,25,16
9669,4,SOX9,9669,1.0,2.1508428102305723,0.24891579027398222,1.5826945347097465e-08,3.6737986067180497,2.897039119207279,1.0,0.64,25,16
9662,4,SOX9,9662,1.0,2.1508428102305723,0.2594136732673122,3.6560140097544617e-09,4.0519551198869745,3.291979407978057,1.0,0.64,25,16
9655,4,SOX9,9655,1.0,2.1508428102305723,0.22529844669369567,3.377997584249e-07,5.1671460616656235,4.507361558102892,1.0,0.64,25,16
9664,4,SOX9,9664,1.0,2.1508428102305723,0.1723602607462793,0.00010392059666370517,4.59978081176292,3.9558834088535146,1.0,0.64,25,16
9667,4,SOX9,9667,1.0,2.1508428102305723,0.2475003261913359,1.9188121614742948e-08,2.5226065839319776,1.729144404748753,1.0,0.64,25,16
2861,4,HLF,2861,-1.0,2.6258769576265277,-0.2490587405737107,1.552108596618741e-08,2.481070661678561,1.6915886865145646,0.4,0.23529411764705882,17,10
2849,4,HLF,2849,-1.0,2.6258769576265277,0.48168308184151293,1.6007929357511208e-30,-4.520107016392005,4.123787030636453,0.4,0.23529411764705882,17,10
2859,4,HLF,2859,-1.0,2.6258769576265277,-0.360401657142101,7.646403536033297e-17,4.677917996767762,3.902014988077143,0.4,0.23529411764705882,17,10
2856,4,HLF,2856,-1.0,2.6258769576265277,-0.2448251540925025,2.7523453674768243e-08,3.4295861361410567,2.5881008582040224,0.4,0.23529411764705882,17,10
3636,4,KLF13,3636,1.0,3.644736964907149,0.469729894602374,6.472225761046569e-29,3.4052999788228195,2.5988330950868117,1.0,0.625,24,15
3640,4,KLF13,3640,1.0,3.644736964907149,-0.3125640555123348,7.723802528332313e-13,-3.6263589629421524,2.819499753840259,1.0,0.625,24,15
3629,4,KLF13,3629,1.0,3.644736964907149,0.2933596740050192,2.0207996905241757e-11,3.3522990828018755,2.577637959325852,1.0,0.625,24,15
3647,4,KLF13,3647,1.0,3.644736964907149,0.13655979527088727,0.0021663841935660034,4.021252835696757,3.1999508496920614,1.0,0.625,24,15
3637,4,KLF13,3637,1.0,3.644736964907149,0.10613917468540857,0.017365289129720882,2.680579569520148,1.8364024762657347,1.0,0.625,24,15
3625,4,KLF13,3625,1.0,3.644736964907149,0.4268848345620625,1.1907850523653114e-23,3.149374093952258,2.387096453241291,1.0,0.625,24,15
3624,4,KLF13,3624,1.0,3.644736964907149,-0.24682076683682053,2.1037955673721998e-08,-6.825980981775342,7.276503557980083,1.0,0.625,24,15
3643,4,KLF13,3643,1.0,3.644736964907149,-0.1971441622469776,8.594299517661091e-06,-2.148068949203009,1.3652270941823514,1.0,0.625,24,15
3627,4,KLF13,3627,1.0,3.644736964907149,0.2269671803850182,2.7498553218298833e-07,3.1314775400432087,2.384325561995071,1.0,0.625,24,15
3634,4,KLF13,3634,1.0,3.644736964907149,0.735485979558866,1.420312505407731e-86,2.994902884689116,2.1630080524470277,1.0,0.625,24,15
3630,4,KLF13,3630,1.0,3.644736964907149,-0.16747623617267696,0.00016346504776179518,-2.363539992706935,1.5746399931369857,1.0,0.625,24,15
3639,4,KLF13,3639,1.0,3.644736964907149,-0.3404274119104349,4.368385025256413e-15,-2.411857886774661,1.6284312538543466,1.0,0.625,24,15
3635,4,KLF13,3635,1.0,3.644736964907149,0.5612444568222984,5.304027844046825e-43,4.357511989102861,3.594721279408819,1.0,0.625,24,15
3633,4,KLF13,3633,1.0,3.644736964907149,0.5842524356212606,2.802257442158495e-47,4.057620441730836,3.264862485482249,1.0,0.625,24,15
3626,4,KLF13,3626,1.0,3.644736964907149,0.2413745216749696,4.356130043078947e-08,4.186211946567523,3.374573537630646,1.0,0.625,24,15
7465,4,NFIX,7465,1.0,2.3496950610178313,0.4787482846794036,4.024444861890509e-30,2.509623818954385,1.7089494962497833,0.8571428571428571,0.5454545454545454,22,14
7478,4,NFIX,7478,1.0,2.3496950610178313,-0.344460564427923,1.9752226777126135e-15,-5.401104259177878,4.840167809102234,0.8571428571428571,0.5454545454545454,22,14
7463,4,NFIX,7463,1.0,2.3496950610178313,0.3426049613998619,2.8499206023242432e-15,4.687497930212759,3.9060113323615813,0.8571428571428571,0.5454545454545454,22,14
7471,4,NFIX,7471,1.0,2.3496950610178313,0.3780173647145445,1.6901319326398644e-18,3.6130993694766453,2.8524807364404845,0.8571428571428571,0.5454545454545454,22,14
7461,4,NFIX,7461,1.0,2.3496950610178313,0.565617673589638,8.65686058945594e-44,2.9977726500063655,2.2307246034473467,0.8571428571428571,0.5454545454545454,22,14
7480,4,NFIX,7480,1.0,2.3496950610178313,0.32224217971982977,1.3591605456008332e-13,4.128324358141366,3.300820636118636,0.8571428571428571,0.5454545454545454,22,14
7473,4,NFIX,7473,1.0,2.3496950610178313,0.24071564126228623,4.75151330617007e-08,2.385337377697377,1.5647131026442296,0.8571428571428571,0.5454545454545454,22,14
7466,4,NFIX,7466,1.0,2.3496950610178313,0.2816651632538429,1.313298352609249e-10,2.7325235258266236,1.9175538790516315,0.8571428571428571,0.5454545454545454,22,14
7470,4,NFIX,7470,1.0,2.3496950610178313,0.2757037468392878,3.2988726106470483e-10,3.8783423842734157,3.0732678801641886,0.8571428571428571,0.5454545454545454,22,14
7472,4,NFIX,7472,1.0,2.3496950610178313,0.3008040930645343,5.8660670675123435e-12,3.62226997885189,2.8992231613762436,0.8571428571428571,0.5454545454545454,22,14
7482,4,NFIX,7482,1.0,2.3496950610178313,0.4339333182857669,1.8209559254358982e-24,2.527141039686128,1.7124160931979242,0.8571428571428571,0.5454545454545454,22,14
7469,4,NFIX,7469,1.0,2.3496950610178313,0.25501304267341535,6.811565300669039e-09,4.055418455587543,3.308140566487987,0.8571428571428571,0.5454545454545454,22,14
832,4,FOXD3,832,-1.0,5.248409126060438,-0.36918356518481665,1.1771856611911927e-17,5.033503945040652,4.263351031518007,0.6,0.36,25,15
836,4,FOXD3,836,-1.0,5.248409126060438,0.1980580900623506,7.790414611898337e-06,-2.457796983922287,1.635920380185135,0.6,0.36,25,15
837,4,FOXD3,837,-1.0,5.248409126060438,-0.47756725418281293,5.817479619758605e-30,4.396838505618734,3.6336165149380144,0.6,0.36,25,15
818,4,FOXD3,818,-1.0,5.248409126060438,0.25274237036977687,9.348109720293228e-09,-3.7320873950166766,2.998781711500948,0.6,0.36,25,15
828,4,FOXD3,828,-1.0,5.248409126060438,0.19153348161159314,1.555040771047169e-05,-8.157625275991618,7.949062917969855,0.6,0.36,25,15
816,4,FOXD3,816,-1.0,5.248409126060438,0.6050099449668437,1.9273558627893382e-51,-6.043686974095105,6.212723083568116,0.6,0.36,25,15
821,4,FOXD3,821,-1.0,5.248409126060438,-0.4107796397413226,7.390923013920305e-22,2.8124402273158444,2.0243175585110094,0.6,0.36,25,15
838,4,FOXD3,838,-1.0,5.248409126060438,-0.3759243672798445,2.691394361998739e-18,5.335226655584268,4.697628972948694,0.6,0.36,25,15
840,4,FOXD3,840,-1.0,5.248409126060438,-0.28968587042727295,3.672222964051577e-11,4.765548274836218,4.1860132615039625,0.6,0.36,25,15
2345,4,VAX2,2345,1.0,1.9459864192244798,0.23502607955749488,9.95631507978338e-08,3.157448650797789,2.4138413029904044,0.3333333333333333,0.16666666666666666,6,3
7367,4,ZFX,7367,1.0,3.8688062715007754,-0.32755884949387104,5.09380108101575e-14,-2.7827107447816553,1.9578055718971237,0.9230769230769231,0.48,25,13
7358,4,ZFX,7358,1.0,3.8688062715007754,0.2479940596419574,1.7943927204733215e-08,4.362369532754553,3.5706936523210167,0.9230769230769231,0.48,25,13
7364,4,ZFX,7364,1.0,3.8688062715007754,0.4802247421547012,2.53377942872085e-30,4.599622366939602,3.9216561956773606,0.9230769230769231,0.48,25,13
7374,4,ZFX,7374,1.0,3.8688062715007754,0.4448536967236825,9.086850787411743e-26,4.286717694114964,3.5555243216278347,0.9230769230769231,0.48,25,13
7368,4,ZFX,7368,1.0,3.8688062715007754,0.1493496259364395,0.0007886882407743029,4.88880435663326,4.214733725791424,0.9230769230769231,0.48,25,13
7360,4,ZFX,7360,1.0,3.8688062715007754,0.4619999543735275,6.5596709046882455e-28,3.2935433010456854,2.514818549418837,0.9230769230769231,0.48,25,13
7377,4,ZFX,7377,1.0,3.8688062715007754,0.26456936981067053,1.7376841642899744e-09,4.520455032336184,3.839254499076796,0.9230769230769231,0.48,25,13
7369,4,ZFX,7369,1.0,3.8688062715007754,-0.2558199956925195,6.082317921271887e-09,-4.314473642251628,3.6751395443241073,0.9230769230769231,0.48,25,13
7365,4,ZFX,7365,1.0,3.8688062715007754,-0.28790745281869395,4.888358613262654e-11,-5.273231208910128,4.771330996057146,0.9230769230769231,0.48,25,13
7376,4,ZFX,7376,1.0,3.8688062715007754,-0.3174475109407491,3.239702708830969e-13,-3.4111385763058615,2.5895150480663562,0.9230769230769231,0.48,25,13
7356,4,ZFX,7356,1.0,3.8688062715007754,0.6956988417563422,7.44699986418485e-74,2.953234879281175,2.1730762689045555,0.9230769230769231,0.48,25,13
7380,4,ZFX,7380,1.0,3.8688062715007754,0.5695158438400303,1.6813852181275253e-44,3.6671760013132944,2.8844418450665956,0.9230769230769231,0.48,25,13
2069,4,HOXB8,2069,1.0,1.8914563092563204,0.08649416102039847,0.052778078191691474,3.816091816675645,2.9499212306885143,0.6363636363636364,0.4375,16,11
2063,4,HOXB8,2063,1.0,1.8914563092563204,0.2109237375121418,1.8626449310264221e-06,4.408930717748806,3.5470969887494577,0.6363636363636364,0.4375,16,11
2073,4,HOXB8,2073,1.0,1.8914563092563204,0.1307532383495965,0.0033367778193035573,4.187779382748024,3.44937872192519,0.6363636363636364,0.4375,16,11
2061,4,HOXB8,2061,1.0,1.8914563092563204,0.35949896049359376,9.237917009960732e-17,2.5428884668851026,1.7645444368269285,0.6363636363636364,0.4375,16,11
2064,4,HOXB8,2064,1.0,1.8914563092563204,0.2272425721957852,2.657653881106972e-07,2.114234608693682,1.3288031891640124,0.6363636363636364,0.4375,16,11
2070,4,HOXB8,2070,1.0,1.8914563092563204,-0.1021435091918065,0.022088307096829043,-3.2418450477452954,2.429882675150631,0.6363636363636364,0.4375,16,11
2068,4,HOXB8,2068,1.0,1.8914563092563204,-0.208037577500018,2.588050564244043e-06,-3.195548401350882,2.3436393091758787,0.6363636363636364,0.4375,16,11
5236,4,ELK3,5236,1.0,4.766989824365236,-0.4535733804345244,7.66503651819903e-27,-5.5254246442013,4.925881162522356,1.0,0.75,8,6
5239,4,ELK3,5239,1.0,4.766989824365236,0.2941984991546534,1.7610398378043223e-11,4.307362266032413,3.598771597427391,1.0,0.75,8,6
5235,4,ELK3,5235,1.0,4.766989824365236,-0.2681767068699761,1.0227994261016832e-09,-3.3480617904123045,2.549782060665184,1.0,0.75,8,6
5234,4,ELK3,5234,1.0,4.766989824365236,-0.4963263338119054,1.4052507346537975e-32,-5.586756642617729,5.066702737745682,1.0,0.75,8,6
5233,4,ELK3,5233,1.0,4.766989824365236,0.21240047844241658,1.5713329916952743e-06,2.7724261513229407,1.9746958787960036,1.0,0.75,8,6
5232,4,ELK3,5232,1.0,4.766989824365236,-0.4662042298775518,1.8749910203825583e-28,-9.33585751929609,11.29565746449105,1.0,0.75,8,6
694,4,ETV5,694,1.0,1.561302806815129,0.12746295801544003,0.004230945871523691,2.898171710960779,2.0793914135067864,0.75,0.3333333333333333,9,4
696,4,ETV5,696,1.0,1.561302806815129,0.3450886161429211,1.7437576701507844e-15,3.9951158966336378,3.264678967301025,0.75,0.3333333333333333,9,4
689,4,ETV5,689,1.0,1.561302806815129,0.35566276459144786,2.0494702628425089e-16,2.9124558858080025,2.1283334597010617,0.75,0.3333333333333333,9,4
889,4,FOXA1,889,-1.0,2.4359701327985994,-0.502495583077625,1.7828602558561735e-33,4.755249643330991,4.144312420686303,0.5714285714285714,0.32,25,14
877,4,FOXA1,877,-1.0,2.4359701327985994,-0.5032576684844058,1.3774722760407927e-33,2.751944981825367,1.9623773395143507,0.5714285714285714,0.32,25,14
893,4,FOXA1,893,-1.0,2.4359701327985994,-0.21322222923640968,1.4286939419348524e-06,4.026005366925366,3.2453627375786405,0.5714285714285714,0.32,25,14
872,4,FOXA1,872,-1.0,2.4359701327985994,0.19965352338102973,6.555938388216264e-06,-3.5132428075009017,2.7567987144931156,0.5714285714285714,0.32,25,14
870,4,FOXA1,870,-1.0,2.4359701327985994,0.5270038285922511,3.1815623521796375e-37,-6.267429826921192,6.47818923703466,0.5714285714285714,0.32,25,14
894,4,FOXA1,894,-1.0,2.4359701327985994,-0.2201568839225069,6.304531985101243e-07,4.002663430112408,3.1705865219308325,0.5714285714285714,0.32,25,14
886,4,FOXA1,886,-1.0,2.4359701327985994,0.17763149376280904,6.285078799198137e-05,-2.460611542528784,1.6402298493493412,0.5714285714285714,0.32,25,14
887,4,FOXA1,887,-1.0,2.4359701327985994,-0.2681902714969576,1.0207477627362832e-09,6.5054197798427085,5.996003276888643,0.5714285714285714,0.32,25,14
3706,4,NFYC,3706,-1.0,5.589398225573267,0.45005416602183307,2.097328965905836e-26,-2.72297912317063,1.9186394641198423,0.8571428571428571,0.375,16,7
3695,4,NFYC,3695,-1.0,5.589398225573267,0.4106923693898351,7.553568255306477e-22,-5.463746902516238,5.272927458771906,0.8571428571428571,0.375,16,7
3701,4,NFYC,3701,-1.0,5.589398225573267,0.3963088373402499,2.5046947123841316e-20,-4.107452330008657,3.5226763087203348,0.8571428571428571,0.375,16,7
3710,4,NFYC,3710,-1.0,5.589398225573267,0.2251093956337363,3.4573112350442925e-07,-2.779998051515377,1.9632592878837085,0.8571428571428571,0.375,16,7
3705,4,NFYC,3705,-1.0,5.589398225573267,0.30029006010220616,6.3964411989967075e-12,-2.3823543350799605,1.5727561225828992,0.8571428571428571,0.375,16,7
3708,4,NFYC,3708,-1.0,5.589398225573267,0.29985684575657917,6.879576514746788e-12,-4.742794648728166,4.058059207314658,0.8571428571428571,0.375,16,7
9433,4,MEIS3,9433,1.0,3.716311054711492,0.26896041979390206,9.105993534453425e-10,5.3884687518572765,4.665355767589761,0.8571428571428571,0.35294117647058826,17,7
9428,4,MEIS3,9428,1.0,3.716311054711492,0.25292380554566535,9.115653883330164e-09,3.4512711173820274,2.6839578323821014,0.8571428571428571,0.35294117647058826,17,7
9426,4,MEIS3,9426,1.0,3.716311054711492,0.23097500594163864,1.6668850396115924e-07,2.400108925164175,1.6103756721639273,0.8571428571428571,0.35294117647058826,17,7
9430,4,MEIS3,9430,1.0,3.716311054711492,0.7137225315710765,2.3977171529681042e-79,2.759830917705735,1.921826136985769,0.8571428571428571,0.35294117647058826,17,7
9429,4,MEIS3,9429,1.0,3.716311054711492,0.3991965851668148,1.2571388157914716e-20,5.54420221200073,5.010582213591047,0.8571428571428571,0.35294117647058826,17,7
9424,4,MEIS3,9424,1.0,3.716311054711492,0.6631960035004326,6.451612549740949e-65,4.507758104674953,3.7107640183497135,0.8571428571428571,0.35294117647058826,17,7
4372,4,SOX2,4372,1.0,2.0072897965824645,0.5586156700562899,1.5567726425160057e-42,2.5907412032209076,1.7796153584486332,0.6666666666666666,0.32,25,12
4375,4,SOX2,4375,1.0,2.0072897965824645,0.20439981481912728,3.89200016501238e-06,3.6228535876945203,2.8346404978018382,0.6666666666666666,0.32,25,12
4366,4,SOX2,4366,1.0,2.0072897965824645,0.823480758220911,3.6264719745788777e-125,2.2958525019263973,1.522438336920016,0.6666666666666666,0.32,25,12
4382,4,SOX2,4382,1.0,2.0072897965824645,0.5711573534198582,8.377717557685788e-45,5.968797994295911,5.699479474097745,0.6666666666666666,0.32,25,12
4365,4,SOX2,4365,1.0,2.0072897965824645,0.526359556239394,4.028410929137613e-37,3.111440515137712,2.350151996029995,0.6666666666666666,0.32,25,12
4369,4,SOX2,4369,1.0,2.0072897965824645,-0.22490137306750901,3.546654709570701e-07,-4.354734336337254,3.545654326064663,0.6666666666666666,0.32,25,12
4381,4,SOX2,4381,1.0,2.0072897965824645,0.3640923739714539,3.507451853842494e-17,2.1102955512319723,1.3273572146485133,0.6666666666666666,0.32,25,12
4374,4,SOX2,4374,1.0,2.0072897965824645,0.4496272122732745,2.367864832168719e-26,3.8362990792189064,3.1746940480017076,0.6666666666666666,0.32,25,12
9291,4,MSC,9291,1.0,2.066960775996536,0.33950122297443713,5.233286359796986e-15,2.217064834348943,1.4269598072501153,0.75,0.2727272727272727,11,4
9290,4,MSC,9290,1.0,2.066960775996536,0.40359399060464607,4.3434302112962146e-21,3.7466865752237406,2.9913055229071905,0.75,0.2727272727272727,11,4
9288,4,MSC,9288,1.0,2.066960775996536,0.4954913029635248,1.8523361913231246e-32,4.0539889198856836,3.2287442818247087,0.75,0.2727272727272727,11,4
3769,4,PBX1,3769,-1.0,3.2704499944986196,-0.2967224683485318,1.1608886395628702e-11,5.860988319357759,5.391016154978706,0.35714285714285715,0.2,25,14
3755,4,PBX1,3755,-1.0,3.2704499944986196,0.5011954657530874,2.764382177873019e-33,-4.501743845739035,4.072804220855752,0.35714285714285715,0.2,25,14
3776,4,PBX1,3776,-1.0,3.2704499944986196,0.3194745215279405,2.2482598903071796e-13,-2.521273682257439,1.6949981679126318,0.35714285714285715,0.2,25,14
3760,4,PBX1,3760,-1.0,3.2704499944986196,-0.4184243016268399,1.0708765866380435e-22,3.0130863780997306,2.2243749722195227,0.35714285714285715,0.2,25,14
3757,4,PBX1,3757,-1.0,3.2704499944986196,0.3822776061620591,6.487798336605738e-19,-3.2427236686467014,2.4578268889422437,0.35714285714285715,0.2,25,14
3125,4,NRL,3125,-1.0,3.9439956358540735,-0.23247660066274112,1.3785584424334325e-07,2.7926184493727186,1.981344007381526,0.42857142857142855,0.23076923076923078,13,7
3122,4,NRL,3122,-1.0,3.9439956358540735,0.31332841749986756,6.748826060909987e-13,-3.610055190905076,2.860764079362842,0.42857142857142855,0.23076923076923078,13,7
3120,4,NRL,3120,-1.0,3.9439956358540735,0.5352895390972152,1.4611872444123698e-38,-4.686789252085196,4.283138429302206,0.42857142857142855,0.23076923076923078,13,7
4084,4,RARB,4084,-1.0,4.291416982072811,0.48758824773998377,2.437298733391674e-31,-4.061829098989163,3.3747836484255864,0.25,0.12,25,12
4082,4,RARB,4082,-1.0,4.291416982072811,0.2922733655561206,2.4133283221693212e-11,-6.333212430511397,6.494094269820525,0.25,0.12,25,12
4097,4,RARB,4097,-1.0,4.291416982072811,0.26972155662536934,8.131334660250395e-10,-2.242013248813367,1.4527828802964085,0.25,0.12,25,12
7574,4,ZEB1,7574,1.0,3.797131130043868,0.4343950847483271,1.60768289843576e-24,3.2004167311886795,2.4447815832048754,0.8947368421052632,0.68,25,19
7596,4,ZEB1,7596,1.0,3.797131130043868,0.40609595285125377,2.355830656674486e-21,4.408821197573881,3.707229534229189,0.8947368421052632,0.68,25,19
7578,4,ZEB1,7578,1.0,3.797131130043868,0.30918523024602584,1.3959334822205404e-12,2.4245017046440527,1.6377229871019299,0.8947368421052632,0.68,25,19
7583,4,ZEB1,7583,1.0,3.797131130043868,0.44297883761675955,1.53212719840578e-25,2.286207792044352,1.4861004093457453,0.8947368421052632,0.68,25,19
7592,4,ZEB1,7592,1.0,3.797131130043868,-0.37700618343046666,2.117006635893203e-18,-9.289113072680168,9.464875526604743,0.8947368421052632,0.68,25,19
7576,4,ZEB1,7576,1.0,3.797131130043868,0.8850031713244164,4.022918348629329e-168,4.502937300858127,3.7065518579464856,0.8947368421052632,0.68,25,19
7588,4,ZEB1,7588,1.0,3.797131130043868,0.7026774154794496,6.232583157616728e-76,3.6367434351468955,2.833523354863284,0.8947368421052632,0.68,25,19
7577,4,ZEB1,7577,1.0,3.797131130043868,0.29615351287555813,1.2756812920306943e-11,2.303056593061443,1.5409657297014485,0.8947368421052632,0.68,25,19
7591,4,ZEB1,7591,1.0,3.797131130043868,0.4014908094197892,7.235033397682941e-21,4.4378384039352765,3.7203204518477233,0.8947368421052632,0.68,25,19
7585,4,ZEB1,7585,1.0,3.797131130043868,0.7805855185465208,4.1332878626490505e-104,5.53186663463024,4.955928370059812,0.8947368421052632,0.68,25,19
7584,4,ZEB1,7584,1.0,3.797131130043868,0.3441749484010601,2.0902204402873195e-15,2.976506419963269,2.157490277228383,0.8947368421052632,0.68,25,19
7595,4,ZEB1,7595,1.0,3.797131130043868,0.32931248067574226,3.6695523781721344e-14,3.45997872642248,2.707729881114739,0.8947368421052632,0.68,25,19
7598,4,ZEB1,7598,1.0,3.797131130043868,0.37285474357139836,5.292711997212323e-18,3.3259484637119314,2.4972100497638854,0.8947368421052632,0.68,25,19
7597,4,ZEB1,7597,1.0,3.797131130043868,0.6686210954327948,2.492534741604634e-66,4.364512359471046,3.5408571612728665,0.8947368421052632,0.68,25,19
7590,4,ZEB1,7590,1.0,3.797131130043868,0.26597857329624847,1.4140347969551322e-09,5.304416135020682,4.622572482106556,0.8947368421052632,0.68,25,19
7586,4,ZEB1,7586,1.0,3.797131130043868,0.34362961245338997,2.328337090083328e-15,2.898128051300506,2.0688654642326396,0.8947368421052632,0.68,25,19
7587,4,ZEB1,7587,1.0,3.797131130043868,-0.46552106593684545,2.300860416518168e-28,-2.4908255797320193,1.697429917342056,0.8947368421052632,0.68,25,19
1549,4,AHR,1549,1.0,3.6326618546356375,0.4626202277709557,5.459017985176546e-28,7.295491509030362,7.171996456941195,1.0,0.6666666666666666,9,6
1546,4,AHR,1546,1.0,3.6326618546356375,0.25747174988573224,4.818149390135723e-09,2.0982612244089114,1.327025077752624,1.0,0.6666666666666666,9,6
1551,4,AHR,1551,1.0,3.6326618546356375,0.4395320943580116,3.969458666375754e-25,5.389037778259622,4.68622831983743,1.0,0.6666666666666666,9,6
1545,4,AHR,1545,1.0,3.6326618546356375,0.4399788733306201,3.510803687138118e-25,2.9212496271678687,2.1380880857679316,1.0,0.6666666666666666,9,6
1547,4,AHR,1547,1.0,3.6326618546356375,0.2399116288266536,5.2811145488633904e-08,3.9823522759668406,3.3279592981161756,1.0,0.6666666666666666,9,6
1544,4,AHR,1544,1.0,3.6326618546356375,-0.10488145867737964,0.018746475805250344,-5.001353744724719,4.624327099324488,1.0,0.6666666666666666,9,6
7177,4,NR4A2,7177,-1.0,5.370027000546645,0.2696137984697678,8.262886860406326e-10,-3.790505270503462,3.0509301549082104,0.16666666666666666,0.04,25,6
9370,4,GLIS1,9370,1.0,3.6004486597836993,0.5601130910460135,8.440525393761296e-43,2.7831955967523565,1.9508156387180597,1.0,1.0,1,1
8541,4,IRX4,8541,1.0,1.4926329678280486,0.17360464267538944,9.240938639407981e-05,5.374727225400733,4.734842059658999,1.0,0.26666666666666666,15,4
8543,4,IRX4,8543,1.0,1.4926329678280486,0.22322591636429526,4.3518614294369344e-07,2.46075667672891,1.645351646052603,1.0,0.26666666666666666,15,4
8537,4,IRX4,8537,1.0,1.4926329678280486,-0.24922478765305378,1.5172991335987497e-08,-3.481846227701703,2.7298486797801536,1.0,0.26666666666666666,15,4
8540,4,IRX4,8540,1.0,1.4926329678280486,-0.2086583413580799,2.4122285687921734e-06,-3.3189852952187007,2.5283350567307696,1.0,0.26666666666666666,15,4
7140,4,NFATC2,7140,-1.0,2.8812069401198124,0.5156306002997213,1.9057160889782385e-35,-2.1453892917997024,1.3738431227581578,0.26666666666666666,0.16,25,15
7130,4,NFATC2,7130,-1.0,2.8812069401198124,0.29935153968713424,7.488256825245071e-12,-4.575683203741542,3.7887383548351647,0.26666666666666666,0.16,25,15
7128,4,NFATC2,7128,-1.0,2.8812069401198124,0.7719679015394002,1.8923987067441625e-100,-3.582468166884343,2.8246997434117103,0.26666666666666666,0.16,25,15
7132,4,NFATC2,7132,-1.0,2.8812069401198124,0.680000299749799,2.1550700804893426e-69,-3.7236836616393463,2.960543074634167,0.26666666666666666,0.16,25,15
4474,4,TLX2,4474,-1.0,5.609583381753198,0.2073174337697992,2.8073912528211748e-06,-7.51701520278137,7.109984296490821,0.5,0.24,25,12
4472,4,TLX2,4472,-1.0,5.609583381753198,-0.15499928657852996,0.0004916920254052258,5.64173060271821,5.046496327278063,0.5,0.24,25,12
4485,4,TLX2,4485,-1.0,5.609583381753198,-0.19981346342718456,6.443035131254896e-06,3.6310602122417763,2.778207634015701,0.5,0.24,25,12
4461,4,TLX2,4461,-1.0,5.609583381753198,0.5830041111880421,4.879283053221171e-47,-5.055974642121196,4.783345152004169,0.5,0.24,25,12
4465,4,TLX2,4465,-1.0,5.609583381753198,-0.4005745516487859,9.025928199627435e-21,2.8207698769142837,2.0308706974242177,0.5,0.24,25,12
4476,4,TLX2,4476,-1.0,5.609583381753198,-0.24610378917477505,2.3176494379850308e-08,5.4212285944387935,4.866023311925222,0.5,0.24,25,12
4685,4,HINFP,4685,-1.0,5.188249013691911,0.32504114089706104,8.126938277637811e-14,-5.086514624933338,4.352121291912104,1.0,0.5,10,5
4688,4,HINFP,4688,-1.0,5.188249013691911,0.41660057072930884,1.7054718072509101e-22,-3.3974579281645694,2.5701319489459866,1.0,0.5,10,5
4686,4,HINFP,4686,-1.0,5.188249013691911,0.3173493333958128,3.297306042886203e-13,-2.7860404973347834,1.9729979654119554,1.0,0.5,10,5
4681,4,HINFP,4681,-1.0,5.188249013691911,0.4140542151580343,3.250641856507079e-22,-5.932262761341923,5.745095216831,1.0,0.5,10,5
4690,4,HINFP,4690,-1.0,5.188249013691911,0.26809721625871363,1.0349032856135691e-09,-3.837138085624322,3.0090596246092156,1.0,0.5,10,5
6124,4,IRF4,6124,-1.0,2.8737137158756885,0.6488645482355527,2.534061556544618e-61,-3.9880450209673035,3.270901545212958,0.5,0.23809523809523808,21,10
6129,4,IRF4,6129,-1.0,2.8737137158756885,0.37135106198460643,7.352099650681944e-18,-3.2297817622035665,2.40310584733273,0.5,0.23809523809523808,21,10
6121,4,IRF4,6121,-1.0,2.8737137158756885,0.8602694494577968,2.1582715619283523e-148,-3.953617816799871,3.236097108390573,0.5,0.23809523809523808,21,10
6139,4,IRF4,6139,-1.0,2.8737137158756885,0.3392640791460887,5.480494361164478e-15,-3.569546214982349,2.7692278480227497,0.5,0.23809523809523808,21,10
6122,4,IRF4,6122,-1.0,2.8737137158756885,0.3835239392663273,4.889779494979326e-19,-4.601067980161257,3.807451929868081,0.5,0.23809523809523808,21,10
8321,4,ATF2,8321,1.0,2.41676966276208,0.730292624575566,8.731364246534783e-85,3.954058587901161,3.314244503357421,1.0,0.47058823529411764,17,8
8337,4,ATF2,8337,1.0,2.41676966276208,0.20514833559892642,3.5807134137699057e-06,2.461583860864524,1.6397963987141915,1.0,0.47058823529411764,17,8
8323,4,ATF2,8323,1.0,2.41676966276208,0.3363566958105365,9.620091668333036e-15,3.9008010500151675,3.06618095581114,1.0,0.47058823529411764,17,8
8335,4,ATF2,8335,1.0,2.41676966276208,0.6392442871221747,5.123325223190272e-59,3.037365172164811,2.214867790324247,1.0,0.47058823529411764,17,8
8334,4,ATF2,8334,1.0,2.41676966276208,0.33973201134818587,5.003224092086419e-15,2.427795686393963,1.6306876885455224,1.0,0.47058823529411764,17,8
8331,4,ATF2,8331,1.0,2.41676966276208,0.4424344502444028,1.7820043848116138e-25,2.834670987054703,2.0144739217892957,1.0,0.47058823529411764,17,8
8324,4,ATF2,8324,1.0,2.41676966276208,0.5423353668100422,9.941695977561878e-40,2.4170067443791154,1.669724600532351,1.0,0.47058823529411764,17,8
8332,4,ATF2,8332,1.0,2.41676966276208,0.40789483107557395,1.5126014431675926e-21,3.7050062786675855,2.837460002190966,1.0,0.47058823529411764,17,8
1950,4,TBX21,1950,-1.0,3.127290781523439,0.3314974290526137,2.431448575751194e-14,-2.140133985815584,1.3479308973312216,1.0,0.4166666666666667,12,5
1943,4,TBX21,1943,-1.0,3.127290781523439,0.2903391256345791,3.3042731099731205e-11,-4.879904140877061,4.644295810008346,1.0,0.4166666666666667,12,5
1945,4,TBX21,1945,-1.0,3.127290781523439,0.808704041703924,2.5841495806224174e-117,-3.8147027209187034,3.066436624522172,1.0,0.4166666666666667,12,5
1953,4,TBX21,1953,-1.0,3.127290781523439,-0.22226831771259029,4.888221158436961e-07,2.646991082660696,1.8190506388458918,1.0,0.4166666666666667,12,5
1944,4,TBX21,1944,-1.0,3.127290781523439,0.8472570830237222,1.7619293227219328e-139,-4.165678993523973,3.472894524254122,1.0,0.4166666666666667,12,5
8745,4,STAT4,8745,-1.0,2.912199803591264,0.23572831683705528,9.096740333684727e-08,-2.2949350773131827,1.4841244693681506,0.4,0.24,25,15
8725,4,STAT4,8725,-1.0,2.912199803591264,0.7204521042744179,1.6540110041255117e-81,-3.7261926185560545,2.9956529321659007,0.4,0.24,25,15
8729,4,STAT4,8729,-1.0,2.912199803591264,0.7269119021586301,1.2112287906236704e-83,-3.6170807497370903,2.840323912563863,0.4,0.24,25,15
8748,4,STAT4,8748,-1.0,2.912199803591264,0.6815887839696083,7.848087462445007e-70,-5.201721450777227,4.578538857649504,0.4,0.24,25,15
8743,4,STAT4,8743,-1.0,2.912199803591264,0.2456870296222522,2.451470468253563e-08,-3.1191119621266723,2.2754768122390145,0.4,0.24,25,15
8730,4,STAT4,8730,-1.0,2.912199803591264,0.5032382226904812,1.386580564756081e-33,-4.7751241419150885,3.9928850467417982,0.4,0.24,25,15
2431,4,MAX,2431,-1.0,4.813219357893251,0.2860609561136414,6.56496822396536e-11,-3.3257979601307377,2.4847498462344104,0.75,0.36,25,12
2420,4,MAX,2420,-1.0,4.813219357893251,0.292484518420882,2.3316156160394693e-11,-4.3829286967875545,3.7108272190357554,0.75,0.36,25,12
2442,4,MAX,2442,-1.0,4.813219357893251,0.2817283383697149,1.300387912362014e-10,-3.508298474283223,2.745278246882158,0.75,0.36,25,12
2418,4,MAX,2418,-1.0,4.813219357893251,0.3366440192729635,9.102169331768812e-15,-7.50738402284503,8.083176855478317,0.75,0.36,25,12
2428,4,MAX,2428,-1.0,4.813219357893251,0.3724174503519238,5.824574485468307e-18,-3.6935956275658697,3.052682002476827,0.75,0.36,25,12
2438,4,MAX,2438,-1.0,4.813219357893251,-0.1802312541242276,4.87826147236674e-05,6.225581611557779,5.3782309720272705,0.75,0.36,25,12
2441,4,MAX,2441,-1.0,4.813219357893251,0.26154161226784867,2.6947786455719327e-09,-2.986902033441684,2.151933318481042,0.75,0.36,25,12
2426,4,MAX,2426,-1.0,4.813219357893251,0.23854776724105586,6.312524106072324e-08,-4.079646351294281,3.2629395599221,0.75,0.36,25,12
2434,4,MAX,2434,-1.0,4.813219357893251,-0.1358303408548874,0.002289276074047584,3.798767246836382,2.996861916146435,0.75,0.36,25,12
8943,4,KLF12,8943,1.0,2.484614053938553,-0.15447430406704984,0.0005141126846894932,-5.536730918398028,4.928664707323025,1.0,0.38461538461538464,13,5
8942,4,KLF12,8942,1.0,2.484614053938553,0.16684031128257767,0.00017323805861111616,2.695303086750527,1.8725121532796718,1.0,0.38461538461538464,13,5
8941,4,KLF12,8941,1.0,2.484614053938553,-0.2737870555610441,4.41508213106684e-10,-5.970598915508069,5.360630779255045,1.0,0.38461538461538464,13,5
8932,4,KLF12,8932,1.0,2.484614053938553,0.4883528943001105,1.9049942284714636e-31,4.795762578419518,4.012154987112102,1.0,0.38461538461538464,13,5
8937,4,KLF12,8937,1.0,2.484614053938553,0.39493492085633014,3.468638839877046e-20,2.1513802264258675,1.3631961634082852,1.0,0.38461538461538464,13,5
5709,4,NKX6-2,5709,-1.0,4.824482234969736,-0.4593379674715502,1.4367025671940759e-27,3.989957205062087,3.2614906617033443,0.8125,0.52,25,16
5721,4,NKX6-2,5721,-1.0,4.824482234969736,-0.28686563255199343,5.774798257331142e-11,2.0984705449096146,1.3239790771046531,0.8125,0.52,25,16
5722,4,NKX6-2,5722,-1.0,4.824482234969736,-0.09907892862781797,0.026430367956459186,4.83589707590915,4.096748081543847,0.8125,0.52,25,16
5711,4,NKX6-2,5711,-1.0,4.824482234969736,-0.3284276496234085,4.3310513322139564e-14,5.972737708256181,5.368412953024999,0.8125,0.52,25,16
5723,4,NKX6-2,5723,-1.0,4.824482234969736,-0.37281480855070454,5.339230221993066e-18,4.7726638925841325,4.038080768486911,0.8125,0.52,25,16
5708,4,NKX6-2,5708,-1.0,4.824482234969736,-0.5223588449976241,1.724593892542058e-36,2.8829695380767237,2.084551289684692,0.8125,0.52,25,16
5715,4,NKX6-2,5715,-1.0,4.824482234969736,-0.30525926673895126,2.750483661967303e-12,2.791116094035084,1.9645103837245717,0.8125,0.52,25,16
5701,4,NKX6-2,5701,-1.0,4.824482234969736,0.13192420257186277,0.0030625042510604313,-4.48436859186596,4.033762386288415,0.8125,0.52,25,16
5718,4,NKX6-2,5718,-1.0,4.824482234969736,0.04834712885935573,0.2796230153187733,-3.8693188769406657,3.0172137340680085,0.8125,0.52,25,16
5714,4,NKX6-2,5714,-1.0,4.824482234969736,-0.3687027345671421,1.3061313305533879e-17,4.6793141506798985,3.973038031224846,0.8125,0.52,25,16
5707,4,NKX6-2,5707,-1.0,4.824482234969736,-0.3118193290337892,8.805750286887749e-13,5.1651666062611366,4.4876012516541195,0.8125,0.52,25,16
5702,4,NKX6-2,5702,-1.0,4.824482234969736,-0.3239661204943918,9.90791873414011e-14,3.568659856753522,2.8775185139557022,0.8125,0.52,25,16
5710,4,NKX6-2,5710,-1.0,4.824482234969736,-0.5126822385106306,5.37011050570157e-35,3.4435571235339477,2.659991742882896,0.8125,0.52,25,16
235,4,POU2F1,235,1.0,1.814660858463405,0.6050951015523388,1.8503409114191993e-51,2.4518680362753593,1.679822401620194,0.8571428571428571,0.48,25,14
241,4,POU2F1,241,1.0,1.814660858463405,0.5484506421404298,9.157162456454065e-41,2.9478637025665204,2.115352076441394,0.8571428571428571,0.48,25,14
248,4,POU2F1,248,1.0,1.814660858463405,0.40650782425232934,2.1290740765030283e-21,4.636537759019117,3.990955912203767,0.8571428571428571,0.48,25,14
246,4,POU2F1,246,1.0,1.814660858463405,0.5117208574305059,7.511797827036197e-35,4.4115216851568935,3.7424714593889634,0.8571428571428571,0.48,25,14
255,4,POU2F1,255,1.0,1.814660858463405,0.4851652069594504,5.299633319504186e-31,2.4388771720284836,1.6251047926438325,0.8571428571428571,0.48,25,14
233,4,POU2F1,233,1.0,1.814660858463405,0.8283828057254679,6.174384091271397e-128,3.1327929111891604,2.370579698600976,0.8571428571428571,0.48,25,14
256,4,POU2F1,256,1.0,1.814660858463405,0.45626714460950024,3.5192079006417204e-27,4.62302151984429,3.8252923576133786,0.8571428571428571,0.48,25,14
253,4,POU2F1,253,1.0,1.814660858463405,0.36016650532191063,8.032925956092697e-17,4.3387832345392905,3.5606939285248576,0.8571428571428571,0.48,25,14
245,4,POU2F1,245,1.0,1.814660858463405,0.3452568934035172,1.6864056802618473e-15,5.026997090642248,4.4411248739871025,0.8571428571428571,0.48,25,14
251,4,POU2F1,251,1.0,1.814660858463405,0.22476525251003696,3.6063151700342256e-07,5.082793171571986,4.409603720020711,0.8571428571428571,0.48,25,14
254,4,POU2F1,254,1.0,1.814660858463405,0.6211082859903346,6.910145635227053e-55,4.991994038749524,4.459953529984511,0.8571428571428571,0.48,25,14
250,4,POU2F1,250,1.0,1.814660858463405,0.19918094315989696,6.90066780171982e-06,4.716561965874112,3.9870288338433855,0.8571428571428571,0.48,25,14
2541,4,E2F6,2541,1.0,1.4735171378904914,0.43762583740821526,6.689035553875667e-25,3.120036960030756,2.2812119343089643,0.8,0.5714285714285714,7,5
2537,4,E2F6,2537,1.0,1.4735171378904914,0.6260183963850554,5.6006981005264535e-56,2.9980025863945037,2.234457960048948,0.8,0.5714285714285714,7,5
2540,4,E2F6,2540,1.0,1.4735171378904914,0.33880117439315255,5.9965090739634276e-15,3.81903740911658,3.0592225046810353,0.8,0.5714285714285714,7,5
2536,4,E2F6,2536,1.0,1.4735171378904914,0.5224575916877484,1.664177327315923e-36,3.854033778052296,3.182745129598971,0.8,0.5714285714285714,7,5
6577,4,REST,6577,1.0,2.4889140340677414,-0.4014039199210823,7.38859701918256e-21,-3.806088823713377,2.9940739268954655,0.9333333333333333,0.56,25,15
6555,4,REST,6555,1.0,2.4889140340677414,0.287187768728422,5.4851728478535053e-11,4.352768988424626,3.5487927207213787,0.9333333333333333,0.56,25,15
6559,4,REST,6559,1.0,2.4889140340677414,0.6680228289826374,3.5804045368907914e-66,3.868487738434706,3.0686917383734116,0.9333333333333333,0.56,25,15
6576,4,REST,6576,1.0,2.4889140340677414,0.6020599451220724,7.855866138262413e-51,3.4133754888033896,2.578228451038918,0.9333333333333333,0.56,25,15
6569,4,REST,6569,1.0,2.4889140340677414,-0.27129884765648066,6.42372019240129e-10,-3.4887418932230854,2.6960021528642675,0.9333333333333333,0.56,25,15
6560,4,REST,6560,1.0,2.4889140340677414,0.4190893477790604,9.030903792945239e-23,2.6152436921177764,1.7905870330500426,0.9333333333333333,0.56,25,15
6568,4,REST,6568,1.0,2.4889140340677414,0.717633981875856,1.35296711769034e-80,5.552220224351886,5.05085080884946,0.9333333333333333,0.56,25,15
6564,4,REST,6564,1.0,2.4889140340677414,0.39967978943145765,1.1194435469048422e-20,2.795518290095275,1.9955183174689952,0.9333333333333333,0.56,25,15
6573,4,REST,6573,1.0,2.4889140340677414,0.254971874504814,6.850957886424104e-09,3.4549078782707623,2.6258338082974206,0.9333333333333333,0.56,25,15
6553,4,REST,6553,1.0,2.4889140340677414,0.759663836291837,1.7107757396081632e-95,2.9187828837653824,2.1411308342812383,0.9333333333333333,0.56,25,15
6575,4,REST,6575,1.0,2.4889140340677414,0.48914571354704517,1.4745192046361599e-31,2.5727107569204075,1.7680792521363273,0.9333333333333333,0.56,25,15
6567,4,REST,6567,1.0,2.4889140340677414,0.25359482772236014,8.303635708312001e-09,4.181693566947335,3.3872821369775776,0.9333333333333333,0.56,25,15
6565,4,REST,6565,1.0,2.4889140340677414,-0.3407976408552526,4.063374177376922e-15,-3.382383349532193,2.58933991718062,0.9333333333333333,0.56,25,15
6571,4,REST,6571,1.0,2.4889140340677414,0.45770859965573346,2.3136713702855415e-27,2.228912085259477,1.4325752968150918,0.9333333333333333,0.56,25,15
9106,4,FOXC2,9106,1.0,1.749239182152556,0.5378144568664072,5.6179637176727756e-39,3.249612272568422,2.425316056554183,0.7894736842105263,0.6,25,19
9122,4,FOXC2,9122,1.0,1.749239182152556,0.4501954088859974,2.0147417449534323e-26,2.8753977561846793,2.0611576270900174,0.7894736842105263,0.6,25,19
9109,4,FOXC2,9109,1.0,1.749239182152556,0.5463864474009534,2.059408371911065e-40,2.087066481709936,1.329879189815299,0.7894736842105263,0.6,25,19
9108,4,FOXC2,9108,1.0,1.749239182152556,0.5067185455153232,4.233818954291274e-34,4.462678842023785,3.837698007696177,0.7894736842105263,0.6,25,19
9099,4,FOXC2,9099,1.0,1.749239182152556,0.32223933399388954,1.359867696703934e-13,4.616536549968087,3.824628379504284,0.7894736842105263,0.6,25,19
9120,4,FOXC2,9120,1.0,1.749239182152556,0.32627039964568816,6.472987626798586e-14,3.9061620593924267,3.138644362347396,0.7894736842105263,0.6,25,19
9105,4,FOXC2,9105,1.0,1.749239182152556,0.23613278935068643,8.634636407056006e-08,3.8477638364240048,3.0722923067476633,0.7894736842105263,0.6,25,19
9107,4,FOXC2,9107,1.0,1.749239182152556,0.3618378001665793,5.652938817714223e-17,5.25419323771183,4.589191116869424,0.7894736842105263,0.6,25,19
9118,4,FOXC2,9118,1.0,1.749239182152556,0.44502927801419173,8.651543160409871e-26,2.4041345301619867,1.5915227784336428,0.7894736842105263,0.6,25,19
9116,4,FOXC2,9116,1.0,1.749239182152556,0.3267919263529921,5.875471588633409e-14,4.758510622158887,4.070796924933616,0.7894736842105263,0.6,25,19
9121,4,FOXC2,9121,1.0,1.749239182152556,0.4339173822205019,1.8287947579584526e-24,5.160149889321726,4.3874457707466075,0.7894736842105263,0.6,25,19
9111,4,FOXC2,9111,1.0,1.749239182152556,0.23757367525173176,7.165591901353095e-08,2.634366282799272,1.8133358211012511,0.7894736842105263,0.6,25,19
9112,4,FOXC2,9112,1.0,1.749239182152556,0.23153381165875894,1.5533766840917896e-07,5.491121711853186,4.849201123671239,0.7894736842105263,0.6,25,19
9123,4,FOXC2,9123,1.0,1.749239182152556,0.2235727036260382,4.1719600671785134e-07,2.266985429869226,1.466505815252267,0.7894736842105263,0.6,25,19
9101,4,FOXC2,9101,1.0,1.749239182152556,0.5563963832530735,3.8350222238266225e-42,2.763548775465224,1.9695060021635191,0.7894736842105263,0.6,25,19
4431,4,TCF7L2,4431,1.0,2.6338388622428908,0.4419003074854307,2.0662026913404672e-25,2.9656615473255563,2.16963259951519,0.8461538461538461,0.44,25,13
4417,4,TCF7L2,4417,1.0,2.6338388622428908,0.33343451470009533,1.6834277162605058e-14,5.876683497830214,5.354763530984875,0.8461538461538461,0.44,25,13
4410,4,TCF7L2,4410,1.0,2.6338388622428908,0.3559368079994874,1.936757732743607e-16,4.910729084257155,4.1431198332426185,0.8461538461538461,0.44,25,13
4415,4,TCF7L2,4415,1.0,2.6338388622428908,0.39466154145101007,3.700126881558927e-20,3.182473917795003,2.339226840064222,0.8461538461538461,0.44,25,13
4420,4,TCF7L2,4420,1.0,2.6338388622428908,0.14494235531534885,0.0011275430348173256,3.1046101517730995,2.3070099417138543,0.8461538461538461,0.44,25,13
4427,4,TCF7L2,4427,1.0,2.6338388622428908,0.14158240669777644,0.0014710687699778908,4.325657583826105,3.5095196358310567,0.8461538461538461,0.44,25,13
4425,4,TCF7L2,4425,1.0,2.6338388622428908,0.3771706663898092,2.04097034495625e-18,2.3489284234408743,1.5419530397189978,0.8461538461538461,0.44,25,13
4408,4,TCF7L2,4408,1.0,2.6338388622428908,0.5461549950244853,2.2545347751694095e-40,3.1435518395336017,2.376114750394777,0.8461538461538461,0.44,25,13
4411,4,TCF7L2,4411,1.0,2.6338388622428908,0.4271922678211334,1.0981471476411577e-23,2.553898436063632,1.7712687881887237,0.8461538461538461,0.44,25,13
4426,4,TCF7L2,4426,1.0,2.6338388622428908,0.3934504953484001,4.922605647211153e-20,3.5601712592892416,2.7435184882107833,0.8461538461538461,0.44,25,13
4416,4,TCF7L2,4416,1.0,2.6338388622428908,0.4786737266597708,4.1193337263003636e-30,2.6881013329347936,1.8764206872595748,0.8461538461538461,0.44,25,13
5761,4,PURA,5761,1.0,2.425108108135301,0.1390824364593269,0.001786424404466586,3.8772807502289415,3.0361504464744264,0.6666666666666666,0.6666666666666666,3,3
5759,4,PURA,5759,1.0,2.425108108135301,0.5950920903000064,2.0492524376313742e-49,3.132969007358568,2.356306575121322,0.6666666666666666,0.6666666666666666,3,3
8893,4,GATA4,8893,1.0,2.0642440010664456,0.32987751315511243,3.300089077342109e-14,3.459321657659525,2.6576480962000892,0.8181818181818182,0.36,25,11
8890,4,GATA4,8890,1.0,2.0642440010664456,0.21176460419448828,1.6909743683559118e-06,4.245362854985531,3.4934512472328927,0.8181818181818182,0.36,25,11
8874,4,GATA4,8874,1.0,2.0642440010664456,0.343415987290597,2.428705762158272e-15,2.404374557154395,1.578974448830314,0.8181818181818182,0.36,25,11
8872,4,GATA4,8872,1.0,2.0642440010664456,0.33201928817681275,2.2027253707055273e-14,2.6341682435259273,1.866903239978491,0.8181818181818182,0.36,25,11
8891,4,GATA4,8891,1.0,2.0642440010664456,0.2184825783165172,7.700229787537815e-07,2.886823131928892,2.0746613758151873,0.8181818181818182,0.36,25,11
8882,4,GATA4,8882,1.0,2.0642440010664456,0.23413706356956246,1.1157431151782025e-07,4.341214556014313,3.4993930929654042,0.8181818181818182,0.36,25,11
8892,4,GATA4,8892,1.0,2.0642440010664456,0.20111014630407598,5.59374390297017e-06,2.3337472803065946,1.5240387527718586,0.8181818181818182,0.36,25,11
8889,4,GATA4,8889,1.0,2.0642440010664456,0.23784711392249813,6.91549499331418e-08,3.2409362302708558,2.4118478120896656,0.8181818181818182,0.36,25,11
8876,4,GATA4,8876,1.0,2.0642440010664456,0.2678868630126936,1.0676089976756505e-09,3.506447000930733,2.7845859961781185,0.8181818181818182,0.36,25,11
7456,4,ARNT,7456,1.0,2.4479137513880485,0.7157805605710158,5.315190243030008e-80,2.756066371281821,1.973512364677845,0.3333333333333333,0.2,5,3
4113,4,SMAD4,4113,1.0,2.4126409830555002,0.6985910478868801,1.0431733784363452e-74,3.1928514673070993,2.4238375234798983,0.625,0.3333333333333333,15,8
4114,4,SMAD4,4114,1.0,2.4126409830555002,0.2788557677481643,2.0326666782162484e-10,4.488181908080241,3.694557846972747,0.625,0.3333333333333333,15,8
4123,4,SMAD4,4123,1.0,2.4126409830555002,0.2557343393417201,6.155980579555155e-09,2.5899502567981725,1.7660210388591704,0.625,0.3333333333333333,15,8
4119,4,SMAD4,4119,1.0,2.4126409830555002,0.48600080695301906,4.057115792155366e-31,5.282504781891769,4.738200547721119,0.625,0.3333333333333333,15,8
4124,4,SMAD4,4124,1.0,2.4126409830555002,0.4491888756209551,2.6814804569857565e-26,3.518722102268765,2.7769968249973607,0.625,0.3333333333333333,15,8
6484,4,IKZF1,6484,-1.0,2.8429921479290963,0.9495458482257682,6.056451538477709e-254,-3.22925106635914,2.4503950636413845,0.38461538461538464,0.2,25,13
6504,4,IKZF1,6504,-1.0,2.8429921479290963,-0.2959979465241616,1.3089516728329077e-11,4.191732485165234,3.343738911899363,0.38461538461538464,0.2,25,13
6488,4,IKZF1,6488,-1.0,2.8429921479290963,0.8568190067553265,6.0641792188967575e-146,-3.5674537291871165,2.799283776610379,0.38461538461538464,0.2,25,13
6487,4,IKZF1,6487,-1.0,2.8429921479290963,0.47692588178731127,7.101985557306812e-30,-4.299572383778713,3.489779955284867,0.38461538461538464,0.2,25,13
6506,4,IKZF1,6506,-1.0,2.8429921479290963,0.4323632364270374,2.7773108970444988e-24,-2.1197262760219293,1.3377099774218741,0.38461538461538464,0.2,25,13
5866,4,CTCF,5866,1.0,2.428740314321115,-0.12489497492702017,0.005073641507708716,-4.01897892936529,3.2530093801203925,0.8125,0.52,25,16
5864,4,CTCF,5864,1.0,2.428740314321115,-0.2354406139445029,9.439870070214588e-08,-4.8851251726965526,4.237685161954448,0.8125,0.52,25,16
5862,4,CTCF,5862,1.0,2.428740314321115,0.3487052492402979,8.460491811724313e-16,2.3199311891208465,1.5084542408498895,0.8125,0.52,25,16
5853,4,CTCF,5853,1.0,2.428740314321115,-0.22763317511255202,2.5319694176228056e-07,-2.2345322978461692,1.440664809803553,0.8125,0.52,25,16
5856,4,CTCF,5856,1.0,2.428740314321115,0.28278277468808355,1.1023047939853578e-10,2.70694963143485,1.8677278064099787,0.8125,0.52,25,16
5855,4,CTCF,5855,1.0,2.428740314321115,-0.19523430071099038,1.0536649788471613e-05,-4.531823176147007,3.918928094810497,0.8125,0.52,25,16
5860,4,CTCF,5860,1.0,2.428740314321115,-0.09500906624570159,0.03331871772299384,-4.613863264547583,3.9484032554983335,0.8125,0.52,25,16
5845,4,CTCF,5845,1.0,2.428740314321115,0.15109557365827225,0.0006827106409279867,4.743200545825119,3.955464455688167,0.8125,0.52,25,16
5851,4,CTCF,5851,1.0,2.428740314321115,0.3846251403476462,3.8048966979342543e-19,2.5132695569106924,1.6969315121392416,0.8125,0.52,25,16
5857,4,CTCF,5857,1.0,2.428740314321115,0.3139091353067273,6.089647892203924e-13,2.451230993170733,1.6355916629404295,0.8125,0.52,25,16
5843,4,CTCF,5843,1.0,2.428740314321115,0.7895432946610245,4.271546314520026e-108,2.967278364090984,2.1915836014672707,0.8125,0.52,25,16
5854,4,CTCF,5854,1.0,2.428740314321115,0.18954446140865996,1.9110422152526418e-05,5.896949834535488,5.1322566463478445,0.8125,0.52,25,16
5865,4,CTCF,5865,1.0,2.428740314321115,0.11891714815954335,0.007648402831890057,2.530445350884864,1.719548307127614,0.8125,0.52,25,16
863,4,DEAF1,863,-1.0,2.8417443894758936,0.5067881709433264,4.133944183434381e-34,-5.823681744077792,5.847084956228505,1.0,0.3333333333333333,3,1
719,4,TP53,719,1.0,2.3561072906174165,0.3878942154501955,1.7967265717679565e-19,2.9964180189061764,2.219079133879896,0.2727272727272727,0.12,25,11
727,4,TP53,727,1.0,2.3561072906174165,0.34932334091450534,7.469797903133344e-16,2.2267848962599825,1.460509699446643,0.2727272727272727,0.12,25,11
721,4,TP53,721,1.0,2.3561072906174165,0.3334554782145214,1.6767190542325778e-14,2.0660508109444096,1.3060208104099884,0.2727272727272727,0.12,25,11
659,4,ATF4,659,-1.0,5.988972356643109,-0.28294109190788896,1.0752254998731856e-10,3.1358075454915606,2.3645463478787785,1.0,0.4666666666666667,15,7
665,4,ATF4,665,-1.0,5.988972356643109,-0.3208047086899127,1.766346580160606e-13,4.428072310826063,3.6644986637246073,1.0,0.4666666666666667,15,7
668,4,ATF4,668,-1.0,5.988972356643109,-0.1272959139027514,0.004281648840462055,4.446683061866749,3.8013015694721433,1.0,0.4666666666666667,15,7
669,4,ATF4,669,-1.0,5.988972356643109,-0.14713773802066765,0.0009448000733460147,3.2864242973517626,2.4492416079213437,1.0,0.4666666666666667,15,7
662,4,ATF4,662,-1.0,5.988972356643109,0.543239453941238,7.00937696692509e-40,-8.001470299921184,7.641046024353238,1.0,0.4666666666666667,15,7
657,4,ATF4,657,-1.0,5.988972356643109,0.5071666524933706,3.6304836654272803e-34,-6.291734330355471,6.69510880877544,1.0,0.4666666666666667,15,7
671,4,ATF4,671,-1.0,5.988972356643109,0.4742429313709081,1.6287276501087659e-29,-5.75371285535358,5.151077515421894,1.0,0.4666666666666667,15,7
6992,4,STAT3,6992,1.0,2.457014027462558,0.42878881493110665,7.201474617730396e-24,3.9028597228158097,3.1426427025416728,0.7692307692307693,0.4,25,13
6998,4,STAT3,6998,1.0,2.457014027462558,0.2333093549303696,1.240055464023139e-07,2.3894141691870376,1.576602029363763,0.7692307692307693,0.4,25,13
6988,4,STAT3,6988,1.0,2.457014027462558,0.18143243504357826,4.3340764669872495e-05,2.113981725977031,1.3206791891072684,0.7692307692307693,0.4,25,13
7002,4,STAT3,7002,1.0,2.457014027462558,-0.4174294358381524,1.3808397825718372e-22,-3.007206627374824,2.1771640416412557,0.7692307692307693,0.4,25,13
6993,4,STAT3,6993,1.0,2.457014027462558,0.2665516076430697,1.2999057471062677e-09,4.724416979298828,4.02364182202181,0.7692307692307693,0.4,25,13
6997,4,STAT3,6997,1.0,2.457014027462558,0.1792442615106413,5.3731128615224934e-05,2.5528145380163982,1.7351455668944278,0.7692307692307693,0.4,25,13
7001,4,STAT3,7001,1.0,2.457014027462558,0.2961315059282874,1.2803371877456475e-11,5.012652689590481,4.303067216644369,0.7692307692307693,0.4,25,13
6984,4,STAT3,6984,1.0,2.457014027462558,0.5455683011931513,2.835147462642948e-40,2.7204878381080135,1.9345388149728364,0.7692307692307693,0.4,25,13
7003,4,STAT3,7003,1.0,2.457014027462558,-0.27486511140471626,3.7485912250213253e-10,-2.5248342099687258,1.729158491350666,0.7692307692307693,0.4,25,13
6995,4,STAT3,6995,1.0,2.457014027462558,-0.2654619791805742,1.5252262267687282e-09,-2.274403867679229,1.5031583501569945,0.7692307692307693,0.4,25,13
2640,4,FOXO1,2640,1.0,2.0043231856098283,0.12380363902896052,0.005475475144672209,7.213879201683541,6.865572913398872,0.875,0.56,25,16
2643,4,FOXO1,2643,1.0,2.0043231856098283,-0.3789816863781407,1.3624863748633963e-18,-7.129333140660157,6.670165840948077,0.875,0.56,25,16
2625,4,FOXO1,2625,1.0,2.0043231856098283,-0.05916126686217119,0.18570763565388698,-5.711072924339368,5.737891036383365,0.875,0.56,25,16
2628,4,FOXO1,2628,1.0,2.0043231856098283,0.5388494473908512,3.78789284212543e-39,4.595168627388768,3.8002673217617984,0.875,0.56,25,16
2629,4,FOXO1,2629,1.0,2.0043231856098283,0.27456194673455553,3.925415798467849e-10,2.1319180581842683,1.3631524586884909,0.875,0.56,25,16
2626,4,FOXO1,2626,1.0,2.0043231856098283,0.44654016877336544,5.663976675561823e-26,3.1205151639017803,2.357222513889652,0.875,0.56,25,16
2632,4,FOXO1,2632,1.0,2.0043231856098283,0.32881134833767633,4.0309601935619935e-14,2.510778998794847,1.6936842137053896,0.875,0.56,25,16
2649,4,FOXO1,2649,1.0,2.0043231856098283,0.45045436994655397,1.8715859194458734e-26,4.774726533445709,3.944120697785322,0.875,0.56,25,16
2637,4,FOXO1,2637,1.0,2.0043231856098283,0.2412205679016058,4.445564332354491e-08,4.542357453984703,4.0158772203712445,0.875,0.56,25,16
2639,4,FOXO1,2639,1.0,2.0043231856098283,0.4515378326695125,1.3740025164925886e-26,4.313611983685976,3.612767505071749,0.875,0.56,25,16
2635,4,FOXO1,2635,1.0,2.0043231856098283,0.26279136024324506,2.2498925156837484e-09,3.6071479339590593,2.9178723511036426,0.875,0.56,25,16
2633,4,FOXO1,2633,1.0,2.0043231856098283,0.6251949381554981,8.562717747622804e-56,4.274291657870537,3.513250041181859,0.875,0.56,25,16
2645,4,FOXO1,2645,1.0,2.0043231856098283,0.2879309774864661,4.869959956408953e-11,4.121670952488539,3.3383865494014113,0.875,0.56,25,16
2641,4,FOXO1,2641,1.0,2.0043231856098283,0.5131125122727861,4.619514725005052e-35,3.448856189223321,2.6408533135860783,0.875,0.56,25,16
4607,4,KLF11,4607,-1.0,5.682964415252387,0.26051620235406986,3.122572455824876e-09,-6.716055696073307,7.11147318298622,0.1,0.05555555555555555,18,10
217,4,NR1H3,217,-1.0,1.4465637249976393,0.7100768720691097,3.3474161579868605e-78,-3.2794238322901164,2.503331603144367,1.0,0.4375,16,7
230,4,NR1H3,230,-1.0,1.4465637249976393,0.36131798089483946,6.307150676549387e-17,-2.2595183971054427,1.4642743911446259,1.0,0.4375,16,7
225,4,NR1H3,225,-1.0,1.4465637249976393,-0.3708254564034548,8.243796298172908e-18,6.498079411128081,6.076929636780842,1.0,0.4375,16,7
221,4,NR1H3,221,-1.0,1.4465637249976393,-0.2317721886350148,1.5072573149187648e-07,4.687164933239312,3.9432617508150516,1.0,0.4375,16,7
216,4,NR1H3,216,-1.0,1.4465637249976393,0.4581431420067993,2.0380848833866654e-27,-6.923644759089363,7.099932817952409,1.0,0.4375,16,7
227,4,NR1H3,227,-1.0,1.4465637249976393,0.2499816094961116,1.3679887718308296e-08,-2.2747837328407288,1.4828478958320697,1.0,0.4375,16,7
220,4,NR1H3,220,-1.0,1.4465637249976393,0.46511222997677276,2.600105412886527e-28,-5.194203453351221,4.484177293251962,1.0,0.4375,16,7
650,4,POU2AF1,650,-1.0,2.874140532823717,-0.34840938860005033,8.9793098525748e-16,2.5692493373701284,1.7802102154538064,0.6,0.2727272727272727,11,5
646,4,POU2AF1,646,-1.0,2.874140532823717,0.29324470667703584,2.0591964116740555e-11,-4.812896466886397,4.52767618630892,0.6,0.2727272727272727,11,5
648,4,POU2AF1,648,-1.0,2.874140532823717,0.582879942000311,5.155323920064079e-47,-3.7994036484355185,3.0614160687772776,0.6,0.2727272727272727,11,5
3991,4,HOXD3,3991,1.0,3.1820455620575956,0.19758060174867015,8.201020326381262e-06,3.5260131431275057,2.8067588462439255,0.6666666666666666,0.23529411764705882,17,6
3992,4,HOXD3,3992,1.0,3.1820455620575956,0.20230725767778043,4.905405719649e-06,2.8107716776184453,2.045046865194239,0.6666666666666666,0.23529411764705882,17,6
4005,4,HOXD3,4005,1.0,3.1820455620575956,0.12907648462352303,0.003768427343486696,3.3140631149114297,2.4875753522670325,0.6666666666666666,0.23529411764705882,17,6
3999,4,HOXD3,3999,1.0,3.1820455620575956,0.17655040247813406,6.976172636810494e-05,2.618387095670595,1.767481362520148,0.6666666666666666,0.23529411764705882,17,6
3553,4,HOXA7,3553,1.0,2.424311463133619,-0.23769566203703418,7.052957675152863e-08,-5.0953011415108245,4.313644057719978,0.8,0.5333333333333333,15,10
3560,4,HOXA7,3560,1.0,2.424311463133619,0.2383960900484442,6.438585905941156e-08,4.149628479506897,3.339459686926547,0.8,0.5333333333333333,15,10
3559,4,HOXA7,3559,1.0,2.424311463133619,0.26940577590354053,8.52272181142141e-10,4.000281956742116,3.269686820188151,0.8,0.5333333333333333,15,10
3556,4,HOXA7,3556,1.0,2.424311463133619,0.21728753845702178,8.87311399757069e-07,6.484580813107288,5.960021118029713,0.8,0.5333333333333333,15,10
3549,4,HOXA7,3549,1.0,2.424311463133619,0.2967927577792543,1.1474270046458862e-11,3.287271739383595,2.541530353639641,0.8,0.5333333333333333,15,10
3554,4,HOXA7,3554,1.0,2.424311463133619,0.4202099946543038,6.770936950870109e-23,3.138464179537712,2.4025851698910707,0.8,0.5333333333333333,15,10
3558,4,HOXA7,3558,1.0,2.424311463133619,0.33633535286598515,9.659697442357396e-15,2.337032142834909,1.5766541888224828,0.8,0.5333333333333333,15,10
3550,4,HOXA7,3550,1.0,2.424311463133619,0.38989438135601784,1.1305707420118235e-19,2.088894218352594,1.3274105657557764,0.8,0.5333333333333333,15,10
6664,4,GZF1,6664,1.0,2.1909529964405934,0.45521896888819996,4.7681456117890824e-27,2.812518598400758,2.0104384219808327,1.0,1.0,1,1
921,4,BACH1,921,1.0,2.4746351377586815,0.3933231965413426,5.072210848966171e-20,2.9933003600372565,2.187048856168617,1.0,0.34782608695652173,23,8
903,4,BACH1,903,1.0,2.4746351377586815,-0.3371020862918014,8.332516549861237e-15,-5.449673567791399,5.470194457796391,1.0,0.34782608695652173,23,8
906,4,BACH1,906,1.0,2.4746351377586815,0.2862827330219129,6.337238113940081e-11,2.500104094251446,1.7155657623904006,1.0,0.34782608695652173,23,8
914,4,BACH1,914,1.0,2.4746351377586815,0.4904929750646585,9.526715569304203e-32,3.212365816574075,2.4508244134407557,1.0,0.34782608695652173,23,8
912,4,BACH1,912,1.0,2.4746351377586815,0.5388092277975632,3.8464567290102776e-39,5.998030323399621,5.363649054439819,1.0,0.34782608695652173,23,8
918,4,BACH1,918,1.0,2.4746351377586815,0.3057591659291098,2.5243446624358785e-12,3.074506434694689,2.292916323699438,1.0,0.34782608695652173,23,8
919,4,BACH1,919,1.0,2.4746351377586815,0.15974601137123629,0.0003264597044000129,2.2305910878578366,1.445648144629861,1.0,0.34782608695652173,23,8
904,4,BACH1,904,1.0,2.4746351377586815,0.28721774370832526,5.458954977324229e-11,2.67527731547263,1.8853949358821096,1.0,0.34782608695652173,23,8
6537,4,IRF7,6537,-1.0,3.891263538187164,-0.2899378782770135,3.52577128178376e-11,4.765929572244839,3.943731144516595,1.0,0.68,25,17
6530,4,IRF7,6530,-1.0,3.891263538187164,-0.34588921370742554,1.4869890475480228e-15,5.541838507336374,4.919163987204194,1.0,0.68,25,17
6540,4,IRF7,6540,-1.0,3.891263538187164,-0.3869260046278144,2.245816618766274e-19,5.319083575816108,4.90452056472331,1.0,0.68,25,17
6522,4,IRF7,6522,-1.0,3.891263538187164,0.7483001886099724,3.5662225852181753e-91,-4.661412191257724,3.869774378268343,1.0,0.68,25,17
6542,4,IRF7,6542,-1.0,3.891263538187164,0.24272216262270832,3.644059733754204e-08,-6.8645943354046555,6.386059510314238,1.0,0.68,25,17
6533,4,IRF7,6533,-1.0,3.891263538187164,0.509403013652228,1.6798240264381793e-34,-3.6916215826535757,2.842623647920099,1.0,0.68,25,17
6541,4,IRF7,6541,-1.0,3.891263538187164,-0.149180115527936,0.0007997498193808469,4.7576366704301725,4.097765520760577,1.0,0.68,25,17
6526,4,IRF7,6526,-1.0,3.891263538187164,-0.46716295494679894,1.4057714781813053e-28,3.2144325953534088,2.436399575857946,1.0,0.68,25,17
6532,4,IRF7,6532,-1.0,3.891263538187164,0.2844643141461368,8.457060918176089e-11,-7.860388400766938,7.415068145246,1.0,0.68,25,17
6518,4,IRF7,6518,-1.0,3.891263538187164,-0.3048754731671521,2.937427807683019e-12,3.2105220916666233,2.4598289050209807,1.0,0.68,25,17
6519,4,IRF7,6519,-1.0,3.891263538187164,0.18388042335485383,3.39766655447989e-05,-3.6368930028689594,2.8996623466090603,1.0,0.68,25,17
6527,4,IRF7,6527,-1.0,3.891263538187164,0.335893696200069,1.0516127962230533e-14,-3.977813778588204,3.217201503564522,1.0,0.68,25,17
6520,4,IRF7,6520,-1.0,3.891263538187164,-0.44847175268402945,3.285332737946687e-26,2.249592192640917,1.489681079957,1.0,0.68,25,17
6535,4,IRF7,6535,-1.0,3.891263538187164,-0.25725575928687244,4.967666456601667e-09,4.549193779464662,3.7910133549553566,1.0,0.68,25,17
6539,4,IRF7,6539,-1.0,3.891263538187164,-0.25605391436480246,5.8854809385022976e-09,3.538080532186493,2.763821175721495,1.0,0.68,25,17
6534,4,IRF7,6534,-1.0,3.891263538187164,0.22737383462187016,2.6147617807252284e-07,-5.526566152253884,4.948296187978282,1.0,0.68,25,17
6536,4,IRF7,6536,-1.0,3.891263538187164,0.42437272255960146,2.3008612151597932e-23,-3.118574603998931,2.2783885297426343,1.0,0.68,25,17
4516,4,ETV1,4516,1.0,2.44482276740632,-0.1627954912887349,0.00024941369606927387,-3.735729887183992,2.96796348408283,0.7142857142857143,0.3333333333333333,15,7
4511,4,ETV1,4511,1.0,2.44482276740632,0.6284695149948651,1.5709424108131798e-56,4.192666901922562,3.361350819843236,0.7142857142857143,0.3333333333333333,15,7
4508,4,ETV1,4508,1.0,2.44482276740632,-0.022646524175793582,0.6127138215445169,-9.163502891566074,10.763251935182513,0.7142857142857143,0.3333333333333333,15,7
4509,4,ETV1,4509,1.0,2.44482276740632,0.4881770284370073,2.016186181459626e-31,2.6757997946506253,1.8828785429308117,0.7142857142857143,0.3333333333333333,15,7
4515,4,ETV1,4515,1.0,2.44482276740632,0.1870321596911363,2.4719323514838587e-05,4.533163121524956,3.8995785890650008,0.7142857142857143,0.3333333333333333,15,7
2414,4,GLI3,2414,1.0,2.7988656434950685,0.3588880155145184,1.0495486698567441e-16,3.5909900720201966,2.8054438498720375,1.0,0.5333333333333333,15,8
2404,4,GLI3,2404,1.0,2.7988656434950685,0.16504285592122767,0.00020390697685143528,2.3599630154086157,1.5816735984992414,1.0,0.5333333333333333,15,8
2417,4,GLI3,2417,1.0,2.7988656434950685,0.4400721182839267,3.4219009535152527e-25,2.079873634967391,1.3203046408607875,1.0,0.5333333333333333,15,8
2411,4,GLI3,2411,1.0,2.7988656434950685,-0.320726830656683,1.791530491805438e-13,-4.584511488431688,3.8582312767876505,1.0,0.5333333333333333,15,8
2403,4,GLI3,2403,1.0,2.7988656434950685,-0.32837984142761345,4.3699435300170675e-14,-6.460211447243034,6.5110992308909275,1.0,0.5333333333333333,15,8
2407,4,GLI3,2407,1.0,2.7988656434950685,0.4956236292197432,1.7730908660458407e-32,3.985498442210543,3.3246390743400007,1.0,0.5333333333333333,15,8
2412,4,GLI3,2412,1.0,2.7988656434950685,0.41237352941776306,4.96080938264939e-22,4.169026699752976,3.358641340798748,1.0,0.5333333333333333,15,8
2405,4,GLI3,2405,1.0,2.7988656434950685,0.4427746093517858,1.621526083831266e-25,4.9800440759662585,4.21418266818184,1.0,0.5333333333333333,15,8
8768,4,HLX,8768,-1.0,2.5103934992774963,-0.19977247472532936,6.471791404195665e-06,5.770774692056438,5.318281038544065,0.5625,0.36,25,16
8751,4,HLX,8751,-1.0,2.5103934992774963,0.5648038908282775,1.2154660855416608e-43,-3.255296842013782,2.481349213960278,0.5625,0.36,25,16
8760,4,HLX,8760,-1.0,2.5103934992774963,-0.3801598169173759,1.0460909607713155e-18,5.045096665372875,4.398274403839681,0.5625,0.36,25,16
8759,4,HLX,8759,-1.0,2.5103934992774963,-0.14859664685266744,0.0008389314413110064,2.583632727997747,1.8029660245841095,0.5625,0.36,25,16
8774,4,HLX,8774,-1.0,2.5103934992774963,-0.19698224044098128,8.744728022180626e-06,4.011123629443055,3.3265151663573236,0.5625,0.36,25,16
8757,4,HLX,8757,-1.0,2.5103934992774963,-0.1866456152509283,2.57100525833694e-05,3.039920906252618,2.215350083180714,0.5625,0.36,25,16
8756,4,HLX,8756,-1.0,2.5103934992774963,0.16739067467940882,0.00016474917675799835,-5.1303299120803665,4.384975937346179,0.5625,0.36,25,16
8773,4,HLX,8773,-1.0,2.5103934992774963,-0.22799685888770724,2.420107182968988e-07,2.2352432954720793,1.4426364945252244,0.5625,0.36,25,16
8771,4,HLX,8771,-1.0,2.5103934992774963,-0.20711169678258906,2.8732511331870865e-06,6.502255141656096,6.327149120991603,0.5625,0.36,25,16
395,4,HOXA3,395,-1.0,5.144084495013356,-0.3076959743008177,1.8076495136199543e-12,3.215486858992567,2.462592381457983,0.6666666666666666,0.34782608695652173,23,12
398,4,HOXA3,398,-1.0,5.144084495013356,-0.2872691633027222,5.4142647599004136e-11,4.706855927474354,3.9612548069165525,0.6666666666666666,0.34782608695652173,23,12
402,4,HOXA3,402,-1.0,5.144084495013356,0.27031224088330774,7.445615235317287e-10,-2.0880205026210388,1.3029723381080052,0.6666666666666666,0.34782608695652173,23,12
403,4,HOXA3,403,-1.0,5.144084495013356,-0.3228127079973747,1.224427571968804e-13,6.97094876265772,6.51015107790947,0.6666666666666666,0.34782608695652173,23,12
391,4,HOXA3,391,-1.0,5.144084495013356,0.510402634421366,1.188104272751218e-34,-5.310547098766217,5.14127725786509,0.6666666666666666,0.34782608695652173,23,12
411,4,HOXA3,411,-1.0,5.144084495013356,-0.3595410707153191,9.156914658219889e-17,2.7162698929414244,1.8785125864254353,0.6666666666666666,0.34782608695652173,23,12
396,4,HOXA3,396,-1.0,5.144084495013356,0.4712896007377641,4.0269440017351095e-29,-2.5993547462388817,1.8148484103741587,0.6666666666666666,0.34782608695652173,23,12
405,4,HOXA3,405,-1.0,5.144084495013356,-0.25771738957474455,4.653411717924586e-09,2.455186538510655,1.6577581450666172,0.6666666666666666,0.34782608695652173,23,12
3780,4,VENTX,3780,-1.0,2.3581395618873002,0.17265137202440636,0.0001011126614557552,-4.253316259070368,3.746101175593324,0.2,0.1111111111111111,9,5
7799,4,ZBTB33,7799,1.0,2.4039638599578144,0.6601505075992503,3.8904877570137884e-64,4.341063907830373,3.6096810662523118,0.75,0.42857142857142855,7,4
7795,4,ZBTB33,7795,1.0,2.4039638599578144,0.6275163865199669,2.5788519036731313e-56,2.4131286683137443,1.6348095968031826,0.75,0.42857142857142855,7,4
7793,4,ZBTB33,7793,1.0,2.4039638599578144,0.75000752931655,8.28349280664519e-92,2.755390754780335,1.9676652026508092,0.75,0.42857142857142855,7,4
3279,4,RFX5,3279,-1.0,5.439463644308831,0.4141141651178408,3.2018540610516874e-22,-6.519651117400994,7.103998774596709,0.5,0.125,16,4
3286,4,RFX5,3286,-1.0,5.439463644308831,-0.19506365201211087,1.0729209126456168e-05,4.769393070786226,4.036644504107616,0.5,0.125,16,4
1543,4,HIF1A,1543,1.0,4.113447326452179,0.24373087761097134,3.186132021773934e-08,3.3294302714022024,2.573742351862902,1.0,1.0,2,2
1542,4,HIF1A,1542,1.0,4.113447326452179,-0.540585055641768,1.9498576994802627e-39,-6.467907930250454,6.18249697403973,1.0,1.0,2,2
4864,4,IRF3,4864,-1.0,5.967688933978063,-0.36411618321182004,3.489747139742196e-17,4.037104432622104,3.2825001295163365,1.0,0.6,25,15
4860,4,IRF3,4860,-1.0,5.967688933978063,0.1776196365713916,6.292295180688756e-05,-4.649309419187033,3.857491483726173,1.0,0.6,25,15
4858,4,IRF3,4858,-1.0,5.967688933978063,0.5021065723416023,2.033280255361543e-33,-6.273532920965597,6.513325498852956,1.0,0.6,25,15
4869,4,IRF3,4869,-1.0,5.967688933978063,-0.4323316488691014,2.8009340672348478e-24,4.682232581171141,4.165960492265235,1.0,0.6,25,15
4878,4,IRF3,4878,-1.0,5.967688933978063,0.441627307510236,2.228303523403578e-25,-3.684915724958279,2.9221893538994133,1.0,0.6,25,15
4867,4,IRF3,4867,-1.0,5.967688933978063,-0.32553250290939906,7.421289112990321e-14,5.848796917514919,5.292675998806394,1.0,0.6,25,15
4876,4,IRF3,4876,-1.0,5.967688933978063,-0.2980920213860099,9.243637883510205e-12,3.4810429836734005,2.6908658876764227,1.0,0.6,25,15
4866,4,IRF3,4866,-1.0,5.967688933978063,-0.38130673932880044,8.079745265260089e-19,4.286190958784983,3.5902246467739545,1.0,0.6,25,15
4879,4,IRF3,4879,-1.0,5.967688933978063,-0.3526757009295706,3.7832999641571106e-16,3.868009586358558,3.0426113847807685,1.0,0.6,25,15
4877,4,IRF3,4877,-1.0,5.967688933978063,0.43501497871563,1.3597055884961374e-24,-3.02501307718205,2.2033499681892383,1.0,0.6,25,15
4871,4,IRF3,4871,-1.0,5.967688933978063,0.2645960247769769,1.7309423785355335e-09,-4.179309865977463,3.3615210790151187,1.0,0.6,25,15
4868,4,IRF3,4868,-1.0,5.967688933978063,-0.3935647038161327,4.792090705502814e-20,3.7085045379052324,2.918135460416897,1.0,0.6,25,15
4875,4,IRF3,4875,-1.0,5.967688933978063,0.10368720235781675,0.020145684863007177,-2.135767593249285,1.3692241704484829,1.0,0.6,25,15
4859,4,IRF3,4859,-1.0,5.967688933978063,-0.17956829483769662,5.2056465608314387e-05,3.0822057656761688,2.3153759083065624,1.0,0.6,25,15
4872,4,IRF3,4872,-1.0,5.967688933978063,0.5057132453981884,5.972582794765075e-34,-5.15086258328142,4.5496738721377845,1.0,0.6,25,15
6196,4,TFEC,6196,-1.0,2.8326802188976328,0.8595350624501673,7.256789060589637e-148,-4.073904352517932,3.368021387008612,0.5,0.5,2,2
9376,4,CREB5,9376,1.0,2.2294399172688673,0.24697547947043505,2.060221163733213e-08,2.621801363637525,1.8054704138372,1.0,0.5,6,3
9372,4,CREB5,9372,1.0,2.2294399172688673,0.35875236924470305,1.0796749082549425e-16,3.556522242685246,2.8083084516234202,1.0,0.5,6,3
9371,4,CREB5,9371,1.0,2.2294399172688673,0.38319592192295565,5.268193550771751e-19,4.458793362136166,3.6365506232672873,1.0,0.5,6,3
6678,4,RARG,6678,1.0,1.304671976653901,-0.21455421869147734,1.223493931997702e-06,-4.586267135996992,3.9050111152729285,0.7,0.2916666666666667,24,10
6677,4,RARG,6677,1.0,1.304671976653901,0.2779097535881166,2.3521473158985813e-10,3.1375593695872555,2.3916972958130094,0.7,0.2916666666666667,24,10
6672,4,RARG,6672,1.0,1.304671976653901,0.1954136763027532,1.0337791968649707e-05,5.390173590388258,4.86713579921801,0.7,0.2916666666666667,24,10
6670,4,RARG,6670,1.0,1.304671976653901,-0.1534662530815062,0.0005598504207551867,-8.222927396273603,7.994807000979838,0.7,0.2916666666666667,24,10
6665,4,RARG,6665,1.0,1.304671976653901,0.20472109727777382,3.7553456395852175e-06,3.4267186218059806,2.7238051035694513,0.7,0.2916666666666667,24,10
6669,4,RARG,6669,1.0,1.304671976653901,0.2810185194627023,1.4528381504807812e-10,4.186077278370299,3.6632039863183796,0.7,0.2916666666666667,24,10
6687,4,RARG,6687,1.0,1.304671976653901,0.16608429675780279,0.00018556910975523285,4.902384731849108,4.150699340851685,0.7,0.2916666666666667,24,10
9441,4,PITX3,9441,1.0,1.7127539402450964,0.36048868596291617,7.508039143423868e-17,4.151941377479502,3.341285344931144,1.0,0.5,6,3
9445,4,PITX3,9445,1.0,1.7127539402450964,0.30610007007546686,2.3806648047804977e-12,3.1492939712095955,2.3125121976087115,1.0,0.5,6,3
9446,4,PITX3,9446,1.0,1.7127539402450964,0.19841134292818427,7.499333889857605e-06,2.270534040156896,1.4770305924021507,1.0,0.5,6,3
5583,4,LHX1,5583,1.0,2.0203761942823064,0.28876566065904924,4.259125429058311e-11,5.080055445591978,4.399024210045464,0.75,0.48,25,16
5560,4,LHX1,5560,1.0,2.0203761942823064,-0.38448349770820406,3.929880001536568e-19,-4.125133464003365,3.6048852785521093,0.75,0.48,25,16
5577,4,LHX1,5577,1.0,2.0203761942823064,0.2797692563075224,1.7644851188066127e-10,8.438221265713912,8.139000711649661,0.75,0.48,25,16
5575,4,LHX1,5575,1.0,2.0203761942823064,0.4334311140858656,2.0846913270667207e-24,4.353558533747372,3.602550953653055,0.75,0.48,25,16
5564,4,LHX1,5564,1.0,2.0203761942823064,0.3072217672501685,1.9621100889469478e-12,3.963622593673561,3.218083054689109,0.75,0.48,25,16
5562,4,LHX1,5562,1.0,2.0203761942823064,0.6655402249745854,1.5949133977025726e-65,2.9120655959736075,2.128308802697052,0.75,0.48,25,16
5574,4,LHX1,5574,1.0,2.0203761942823064,0.4638335317739247,3.8072385112331425e-28,6.599679593705399,6.122204409310157,0.75,0.48,25,16
5566,4,LHX1,5566,1.0,2.0203761942823064,0.27186007917273647,5.904724290175067e-10,3.102630934700809,2.2817525407030184,0.75,0.48,25,16
5567,4,LHX1,5567,1.0,2.0203761942823064,-0.541061200396651,1.624019756250152e-39,-3.215575042092137,2.507316539842976,0.75,0.48,25,16
5582,4,LHX1,5582,1.0,2.0203761942823064,0.3877761101615207,1.846368717842039e-19,4.010737642940653,3.171105650671953,0.75,0.48,25,16
5568,4,LHX1,5568,1.0,2.0203761942823064,0.29870773161929015,8.34041528337084e-12,2.689838040170113,1.865860529236151,0.75,0.48,25,16
5569,4,LHX1,5569,1.0,2.0203761942823064,0.42967871429575466,5.686716105135319e-24,5.754707276241098,5.3466672144950165,0.75,0.48,25,16
6933,4,IRF6,6933,1.0,1.8780785950072942,0.20539363717497008,3.483983920638527e-06,5.873523278292616,5.330978838276203,0.6666666666666666,0.6666666666666666,3,3
6931,4,IRF6,6931,1.0,1.8780785950072942,0.23774280623010985,7.009887660318288e-08,2.576652160203639,1.7824611037744973,0.6666666666666666,0.6666666666666666,3,3
99,4,PARP1,99,-1.0,4.090405804388552,0.720916906177981,1.1665794590006288e-81,-4.486178056127,4.063982626131144,0.4444444444444444,0.19047619047619047,21,9
118,4,PARP1,118,-1.0,4.090405804388552,-0.2543726594793432,7.449953366637699e-09,5.461292630008615,4.781766504938045,0.4444444444444444,0.19047619047619047,21,9
113,4,PARP1,113,-1.0,4.090405804388552,0.1530152055199874,0.0005815151819680307,-3.01769802421557,2.2195482104321966,0.4444444444444444,0.19047619047619047,21,9
116,4,PARP1,116,-1.0,4.090405804388552,-0.31350162735209325,6.545230093397162e-13,4.580708180593731,3.7316116027261144,0.4444444444444444,0.19047619047619047,21,9
2046,4,ZBTB49,2046,-1.0,5.6684657806072,0.590181790190223,1.94605522051556e-48,-3.4248450698852584,2.68593153717905,0.5,0.2857142857142857,7,4
2048,4,ZBTB49,2048,-1.0,5.6684657806072,0.2901980724854774,3.38054462918416e-11,-4.0580236788007245,3.33637304498349,0.5,0.2857142857142857,7,4
8046,4,RFX7,8046,1.0,2.425146154749681,0.3663565283869937,2.163573796997164e-17,4.629325356713188,3.932480059460068,0.7142857142857143,0.38461538461538464,13,7
8051,4,RFX7,8051,1.0,2.425146154749681,-0.31314942133823015,6.965733409267711e-13,-6.8346898739788955,6.061721982304349,0.7142857142857143,0.38461538461538464,13,7
8040,4,RFX7,8040,1.0,2.425146154749681,0.7964013044617996,2.7873834169819944e-111,2.571735988966838,1.782495777244299,0.7142857142857143,0.38461538461538464,13,7
8049,4,RFX7,8049,1.0,2.425146154749681,0.009649429804264805,0.829248905247715,5.4292307702447395,4.5779777475162815,0.7142857142857143,0.38461538461538464,13,7
8041,4,RFX7,8041,1.0,2.425146154749681,0.23255438383843943,1.365014836685245e-07,4.406098638901103,3.595059852947272,0.7142857142857143,0.38461538461538464,13,7
285,4,ZSCAN16,285,-1.0,3.687701737682504,0.30720469984919074,1.9679034979615848e-12,-3.851568459431752,3.1182532540559444,0.6666666666666666,0.36363636363636365,11,6
292,4,ZSCAN16,292,-1.0,3.687701737682504,-0.15675600712588744,0.00042310636311018973,4.855400304650031,4.169002636762462,0.6666666666666666,0.36363636363636365,11,6
291,4,ZSCAN16,291,-1.0,3.687701737682504,-0.3816720356819884,7.44007934568619e-19,4.128869796585956,3.3582081953632064,0.6666666666666666,0.36363636363636365,11,6
283,4,ZSCAN16,283,-1.0,3.687701737682504,0.6392394493880764,5.136777092787118e-59,-5.118936104688644,4.958668464056172,0.6666666666666666,0.36363636363636365,11,6
961,4,ZNF652,961,1.0,2.5295510191293737,0.6626851956941701,8.733548054589736e-65,4.005435744571261,3.3105504550897207,0.7272727272727273,0.36363636363636365,22,11
953,4,ZNF652,953,1.0,2.5295510191293737,0.3337897561549613,1.5732210800999366e-14,4.346959012462001,3.5465095780691938,0.7272727272727273,0.36363636363636365,22,11
970,4,ZNF652,970,1.0,2.5295510191293737,0.25979851027195605,3.4604745976711387e-09,3.580108032834609,2.7457772009475936,0.7272727272727273,0.36363636363636365,22,11
972,4,ZNF652,972,1.0,2.5295510191293737,0.40516492618115774,2.9598824250694e-21,3.121357559839746,2.30516293903239,0.7272727272727273,0.36363636363636365,22,11
952,4,ZNF652,952,1.0,2.5295510191293737,0.6906662702886623,2.1543579623329703e-72,3.2681934737704585,2.5227484029152487,0.7272727272727273,0.36363636363636365,22,11
960,4,ZNF652,960,1.0,2.5295510191293737,0.5748848749713708,1.697320915819695e-45,3.5478380359973363,2.7659348274767215,0.7272727272727273,0.36363636363636365,22,11
967,4,ZNF652,967,1.0,2.5295510191293737,0.08849889901234813,0.047502046435583895,2.7642280572751137,1.9239334661201244,0.7272727272727273,0.36363636363636365,22,11
964,4,ZNF652,964,1.0,2.5295510191293737,0.12130082306457078,0.006507150017755251,3.9880377645902976,3.1882906416595103,0.7272727272727273,0.36363636363636365,22,11
7912,4,YY1,7912,1.0,1.5950094996280362,0.39783443101678123,1.7416597501204067e-20,2.332990699040444,1.5295252203037109,0.8,0.32,25,10
7907,4,YY1,7907,1.0,1.5950094996280362,0.5121178361991612,6.540513503426717e-35,3.2687539282222775,2.5183557490364326,0.8,0.32,25,10
7919,4,YY1,7919,1.0,1.5950094996280362,0.6073237792511577,6.336401347482987e-52,3.954006043245803,3.1400064842144335,0.8,0.32,25,10
7921,4,YY1,7921,1.0,1.5950094996280362,0.33963298008546755,5.100701765736585e-15,3.5102933538541836,2.721963084699621,0.8,0.32,25,10
7925,4,YY1,7925,1.0,1.5950094996280362,0.2563677030784732,5.631113111137262e-09,5.5209593069742935,4.857336403983593,0.8,0.32,25,10
7913,4,YY1,7913,1.0,1.5950094996280362,0.35137425559959423,4.931559531140563e-16,3.499975916262897,2.700144753130707,0.8,0.32,25,10
7928,4,YY1,7928,1.0,1.5950094996280362,0.49396400185142936,3.063998119231055e-32,4.753054922862579,4.143490416313018,0.8,0.32,25,10
7918,4,YY1,7918,1.0,1.5950094996280362,0.394216849344091,4.1096094938133275e-20,3.00751869123427,2.1858728925269464,0.8,0.32,25,10
3069,4,ZBTB3,3069,-1.0,5.377587176034178,0.2737458873924429,4.442696245362213e-10,-4.340342878641513,3.6695426302438148,0.7272727272727273,0.3333333333333333,24,11
3063,4,ZBTB3,3063,-1.0,5.377587176034178,0.25875175741362594,4.0176991138483725e-09,-2.1809984368266404,1.3837372454374912,0.7272727272727273,0.3333333333333333,24,11
3073,4,ZBTB3,3073,-1.0,5.377587176034178,0.15452562199150446,0.0005118798411950193,-3.356450490814858,2.571928339774583,0.7272727272727273,0.3333333333333333,24,11
3051,4,ZBTB3,3051,-1.0,5.377587176034178,0.4713657127303218,3.934522723848618e-29,-6.407378047166341,6.7429625894365275,0.7272727272727273,0.3333333333333333,24,11
3065,4,ZBTB3,3065,-1.0,5.377587176034178,-0.32082823335768484,1.7588076898331332e-13,3.1255114868665403,2.3014685213938937,0.7272727272727273,0.3333333333333333,24,11
3053,4,ZBTB3,3053,-1.0,5.377587176034178,0.24168461094491805,4.181243291865324e-08,-3.566982453211864,2.8052276389447135,0.7272727272727273,0.3333333333333333,24,11
3067,4,ZBTB3,3067,-1.0,5.377587176034178,-0.16677438529829683,0.00017428197841346302,4.342094757081958,3.5386063020802867,0.7272727272727273,0.3333333333333333,24,11
3061,4,ZBTB3,3061,-1.0,5.377587176034178,-0.3142114462591059,5.771873858428103e-13,3.3051237816174552,2.4979450569015604,0.7272727272727273,0.3333333333333333,24,11
1314,4,ZBTB18,1314,-1.0,3.329767192561577,0.5816779073631784,8.771868699661399e-47,-5.72472617497742,5.564364667098196,0.5,0.2857142857142857,21,12
1318,4,ZBTB18,1318,-1.0,3.329767192561577,-0.4073236938793794,1.741580958053059e-21,3.4495831705244413,2.696356550099581,0.5,0.2857142857142857,21,12
1322,4,ZBTB18,1322,-1.0,3.329767192561577,0.25654641466751654,5.4910435506917165e-09,-3.5510879157257462,2.7638720708967393,0.5,0.2857142857142857,21,12
1317,4,ZBTB18,1317,-1.0,3.329767192561577,0.43022789853905646,4.913791431196975e-24,-3.13355445046179,2.3413545542345764,0.5,0.2857142857142857,21,12
1333,4,ZBTB18,1333,-1.0,3.329767192561577,-0.28402664149653695,9.062487665663496e-11,3.2173691329077947,2.3617409093205746,0.5,0.2857142857142857,21,12
1330,4,ZBTB18,1330,-1.0,3.329767192561577,0.08594912856994541,0.05429410921908051,-2.8026448372953676,1.985054986962116,0.5,0.2857142857142857,21,12
5141,4,NFKB2,5141,-1.0,1.8341290240709769,0.4382643234516606,5.6184242583541895e-25,-5.421590896032404,5.07195947406235,0.8,0.5714285714285714,7,5
5146,4,NFKB2,5146,-1.0,1.8341290240709769,0.3889099498957777,1.4206521215820772e-19,-3.8507685053268554,3.082327433443351,0.8,0.5714285714285714,7,5
5142,4,NFKB2,5142,-1.0,1.8341290240709769,0.40963347476749357,9.831839014795687e-22,-4.009176603522753,3.2684159870357834,0.8,0.5714285714285714,7,5
5145,4,NFKB2,5145,-1.0,1.8341290240709769,0.2507404697468266,1.2326083457253022e-08,-3.435982995136952,2.583846317780936,0.8,0.5714285714285714,7,5
2279,4,CUX1,2279,1.0,3.58892539426275,0.43296197716485163,2.364980836000686e-24,3.3233277386614812,2.5867659633699702,1.0,0.76,25,19
2283,4,CUX1,2283,1.0,3.58892539426275,0.36532428873095846,2.6979643580646335e-17,5.694457020822751,5.100347484874521,1.0,0.76,25,19
2287,4,CUX1,2287,1.0,3.58892539426275,0.38380946043565883,4.582274249287281e-19,3.396684080776343,2.655301675590762,1.0,0.76,25,19
2285,4,CUX1,2285,1.0,3.58892539426275,0.37947959356014116,1.2186740019061573e-18,4.581906982905852,3.939657785079188,1.0,0.76,25,19
2280,4,CUX1,2280,1.0,3.58892539426275,0.2757511756049575,3.2750729102775424e-10,4.603680445359776,3.802708906489175,1.0,0.76,25,19
2302,4,CUX1,2302,1.0,3.58892539426275,-0.28853104622971903,4.422829241688923e-11,-5.379794879066395,4.864740012452332,1.0,0.76,25,19
2281,4,CUX1,2281,1.0,3.58892539426275,0.32838724031505795,4.363902183966225e-14,2.422546569239916,1.6491990908002192,1.0,0.76,25,19
2294,4,CUX1,2294,1.0,3.58892539426275,-0.2498385643388518,1.3950732092641637e-08,-2.8065711671814735,1.9790435440798582,1.0,0.76,25,19
2301,4,CUX1,2301,1.0,3.58892539426275,0.21265260976071665,1.526176979098731e-06,4.7379254653261675,3.8963281176872995,1.0,0.76,25,19
2286,4,CUX1,2286,1.0,3.58892539426275,0.25619563151662345,5.769249624409061e-09,4.767099865021281,3.9845061396373196,1.0,0.76,25,19
2278,4,CUX1,2278,1.0,3.58892539426275,-0.11841402381331924,0.007911010829286344,-5.564774349854717,5.494733206439901,1.0,0.76,25,19
2293,4,CUX1,2293,1.0,3.58892539426275,0.5046866023365022,8.47720663943999e-34,2.122223641151162,1.3397858630363142,1.0,0.76,25,19
2299,4,CUX1,2299,1.0,3.58892539426275,0.5823666678982335,6.470554044351002e-47,3.086358099708428,2.259743850635921,1.0,0.76,25,19
2295,4,CUX1,2295,1.0,3.58892539426275,0.4569042077899756,2.9245033286190134e-27,2.7553550360040973,1.9574824222375775,1.0,0.76,25,19
2298,4,CUX1,2298,1.0,3.58892539426275,0.28980678516870245,3.60122878652991e-11,2.6914827041929836,1.8750677758370156,1.0,0.76,25,19
2297,4,CUX1,2297,1.0,3.58892539426275,0.4463154512816224,6.033124420202246e-26,5.2839282317161596,4.674045220695167,1.0,0.76,25,19
2288,4,CUX1,2288,1.0,3.58892539426275,0.33318551368032945,1.7651537632502988e-14,4.248048370119637,3.4488909692424405,1.0,0.76,25,19
2290,4,CUX1,2290,1.0,3.58892539426275,0.3253757982676264,7.639548955603404e-14,4.561425419761731,3.880245356260007,1.0,0.76,25,19
2300,4,CUX1,2300,1.0,3.58892539426275,0.41337323294054884,3.859034980888762e-22,6.520568154566455,6.094441337436008,1.0,0.76,25,19
5494,4,GFI1B,5494,-1.0,5.6463013712671435,0.3158906442434839,4.28105120568832e-13,-2.983714546876116,2.185546035388147,0.25,0.2,10,8
5492,4,GFI1B,5492,-1.0,5.6463013712671435,0.4428562288369883,1.5851959511715333e-25,-4.167807770123113,3.6629235427781865,0.25,0.2,10,8
6200,4,ZNF423,6200,1.0,3.1668696420647753,0.8716625029743765,5.713373935497947e-157,4.241111457197311,3.4451608463553045,0.6666666666666666,0.3333333333333333,6,3
6197,4,ZNF423,6197,1.0,3.1668696420647753,0.4626567479205213,5.400238249764719e-28,2.955063348010119,2.167272606091135,0.6666666666666666,0.3333333333333333,6,3
4678,4,IKZF3,4678,-1.0,2.8677783111803423,-0.13307833415566908,0.0028123901598706685,2.6959759737375464,1.9200997481259592,0.5,0.3333333333333333,6,4
4675,4,IKZF3,4675,-1.0,2.8677783111803423,0.34465834238076565,1.8992552467543518e-15,-5.6696814793921275,5.412346158031373,0.5,0.3333333333333333,6,4
3167,4,ONECUT2,3167,1.0,2.471722167297176,0.3726740262288936,5.506452285616408e-18,3.4378170594151385,2.7127747109776523,0.6666666666666666,0.11764705882352941,17,3
3169,4,ONECUT2,3169,1.0,2.471722167297176,0.30202034152145524,4.776453327995213e-12,2.092114898772622,1.3364072828846356,0.6666666666666666,0.11764705882352941,17,3
2329,4,TNFRSF4,2329,-1.0,6.5416266078575,0.6537133806650282,1.620640035998936e-62,-3.6007298206857725,2.839617121937109,0.5454545454545454,0.35294117647058826,17,11
2340,4,TNFRSF4,2340,-1.0,6.5416266078575,-0.2670430645129391,1.2091983328424353e-09,4.620893364863778,3.977184140689243,0.5454545454545454,0.35294117647058826,17,11
2327,4,TNFRSF4,2327,-1.0,6.5416266078575,0.21173856258873033,1.696055668467095e-06,-3.7058413194817255,3.0318874093773736,0.5454545454545454,0.35294117647058826,17,11
2338,4,TNFRSF4,2338,-1.0,6.5416266078575,-0.2675328139472443,1.1249385730862835e-09,5.466961535282918,4.876279982499944,0.5454545454545454,0.35294117647058826,17,11
2331,4,TNFRSF4,2331,-1.0,6.5416266078575,0.37459983757544907,3.606549056589107e-18,-4.325634526801261,3.497705138403466,0.5454545454545454,0.35294117647058826,17,11
2339,4,TNFRSF4,2339,-1.0,6.5416266078575,0.2504909944394041,1.275615539010068e-08,-3.987398279630867,3.1837582198648433,0.5454545454545454,0.35294117647058826,17,11
7568,4,PEG10,7568,1.0,2.162928611593867,0.3708143580722882,8.263728453800786e-18,4.641466904956409,3.862522372767684,1.0,0.42857142857142855,7,3
7567,4,PEG10,7567,1.0,2.162928611593867,0.4363361544121249,9.503427311519364e-25,4.25347142287169,3.706409025040915,1.0,0.42857142857142855,7,3
7569,4,PEG10,7569,1.0,2.162928611593867,0.4600512961072224,1.1652548484225163e-27,3.0282838118136612,2.2271219932287694,1.0,0.42857142857142855,7,3
4154,4,TP73,4154,-1.0,5.833624957843445,0.32623036976746295,6.521235963512818e-14,-6.832652561951748,7.058704237752027,0.6666666666666666,0.4,5,3
4156,4,TP73,4156,-1.0,5.833624957843445,0.3558084657595852,1.988764540279472e-16,-2.4152549172905893,1.6449838703868525,0.6666666666666666,0.4,5,3
6511,4,GLI1,6511,1.0,1.5521093470570526,0.2939013105089671,1.8491065328836967e-11,2.063797819366829,1.3038500710828844,1.0,0.5,8,4
6509,4,GLI1,6509,1.0,1.5521093470570526,0.28761130760585235,5.125853341880203e-11,4.3615913245114495,3.559990075259992,1.0,0.5,8,4
6510,4,GLI1,6510,1.0,1.5521093470570526,0.3759433047918088,2.680128881855286e-18,2.1487182382218246,1.3964597111048127,1.0,0.5,8,4
6508,4,GLI1,6508,1.0,1.5521093470570526,0.23611182583626042,8.658019648445399e-08,2.979161394338837,2.200571202448104,1.0,0.5,8,4
3092,4,TFCP2,3092,1.0,2.3579612095431726,0.25916533625026567,3.787844701991565e-09,4.779095395050412,3.952111157435365,0.7,0.30434782608695654,23,10
3096,4,TFCP2,3096,1.0,2.3579612095431726,0.34145633155287325,3.571552391915135e-15,2.4901330877976773,1.683344142217287,0.7,0.30434782608695654,23,10
3091,4,TFCP2,3091,1.0,2.3579612095431726,0.10528925120460765,0.018288506567083106,4.147186527138047,3.3488044489052733,0.7,0.30434782608695654,23,10
3088,4,TFCP2,3088,1.0,2.3579612095431726,0.2621705177006288,2.46116561298689e-09,3.6044395794926687,2.767860752162404,0.7,0.30434782608695654,23,10
3082,4,TFCP2,3082,1.0,2.3579612095431726,0.22972563739636753,1.95031408211261e-07,5.342865657343065,4.729651549808807,0.7,0.30434782608695654,23,10
3076,4,TFCP2,3076,1.0,2.3579612095431726,0.5999098094592025,2.1675928371344222e-50,3.085158054685685,2.3109988980116447,0.7,0.30434782608695654,23,10
3089,4,TFCP2,3089,1.0,2.3579612095431726,0.2904421409136137,3.24963331836192e-11,4.356886471270326,3.5837630044720203,0.7,0.30434782608695654,23,10
5833,4,NF1,5833,1.0,2.4403673702249873,0.5560876219885639,4.3451911113323063e-42,3.232597695621934,2.3649494320493116,1.0,0.4583333333333333,24,11
5836,4,NF1,5836,1.0,2.4403673702249873,0.46631246232081003,1.81508909387398e-28,2.6365595911886137,1.8474589111285304,1.0,0.4583333333333333,24,11
5831,4,NF1,5831,1.0,2.4403673702249873,0.6649525752657754,2.26673341688901e-65,4.1411491731871015,3.3510007079294386,1.0,0.4583333333333333,24,11
5829,4,NF1,5829,1.0,2.4403673702249873,0.5895198743365367,2.6281754446922478e-48,3.181131184599761,2.3917676585817844,1.0,0.4583333333333333,24,11
5828,4,NF1,5828,1.0,2.4403673702249873,0.6697207787936124,1.278093877916934e-66,3.219195534549724,2.398130369490555,1.0,0.4583333333333333,24,11
5840,4,NF1,5840,1.0,2.4403673702249873,0.5867365646519764,9.228156827334314e-48,4.979610978392414,4.288312426294757,1.0,0.4583333333333333,24,11
5826,4,NF1,5826,1.0,2.4403673702249873,0.390059338603017,1.0880382528050466e-19,4.343606539241364,3.556388571097853,1.0,0.4583333333333333,24,11
5830,4,NF1,5830,1.0,2.4403673702249873,0.3330701669222208,1.804319240505766e-14,3.0849973557660566,2.2594349708651156,1.0,0.4583333333333333,24,11
5821,4,NF1,5821,1.0,2.4403673702249873,0.37657458166287244,2.330036434633399e-18,4.432678690899278,3.6267617428929992,1.0,0.4583333333333333,24,11
5819,4,NF1,5819,1.0,2.4403673702249873,0.8142673410594476,3.454793195451436e-120,2.9323117787673825,2.167009671717179,1.0,0.4583333333333333,24,11
5835,4,NF1,5835,1.0,2.4403673702249873,-0.3630096701087461,4.413051433601841e-17,-6.525833734957923,6.071893443007264,1.0,0.4583333333333333,24,11
7848,4,NKX1-2,7848,1.0,3.261168533144459,0.22222225911136934,4.915559600656257e-07,3.032070405781012,2.262813414015378,1.0,0.6666666666666666,3,2
7849,4,NKX1-2,7849,1.0,3.261168533144459,0.3729417054692886,5.192790196545476e-18,2.6104425729232905,1.8310889657458442,1.0,0.6666666666666666,3,2
3872,4,PATZ1,3872,-1.0,2.647612349777376,0.6607512403452226,2.7340348583842703e-64,-5.851291577812375,5.808014864869924,0.5,0.2222222222222222,9,4
3879,4,PATZ1,3879,-1.0,2.647612349777376,0.2807825139247299,1.5072812354911572e-10,-2.5152219930786095,1.7001498481585962,0.5,0.2222222222222222,9,4
6976,4,BBX,6976,1.0,2.484687077790945,0.3616727480620488,5.853081017328373e-17,3.1958770907173064,2.400228289091914,0.8888888888888888,0.64,25,18
6975,4,BBX,6975,1.0,2.484687077790945,0.39622830329614267,2.553063803734598e-20,3.3311859915264126,2.517885157100202,0.8888888888888888,0.64,25,18
6959,4,BBX,6959,1.0,2.484687077790945,0.7583701692794305,5.456750856533307e-95,3.1152461284578767,2.3664130603767943,0.8888888888888888,0.64,25,18
6978,4,BBX,6978,1.0,2.484687077790945,0.35393389122525626,2.924661304396693e-16,4.573848383334038,3.912001668155245,0.8888888888888888,0.64,25,18
6971,4,BBX,6971,1.0,2.484687077790945,0.6112834171818576,9.242904658024613e-53,3.5862768221133132,2.8106689690411013,0.8888888888888888,0.64,25,18
6962,4,BBX,6962,1.0,2.484687077790945,0.46203182650405744,6.498112935596838e-28,2.756120043478228,1.9685786591779855,0.8888888888888888,0.64,25,18
6961,4,BBX,6961,1.0,2.484687077790945,0.2753024994817222,3.507070081296358e-10,4.745510661674581,3.9545325810043734,0.8888888888888888,0.64,25,18
6973,4,BBX,6973,1.0,2.484687077790945,0.5251097134064663,6.358252825314018e-37,6.157891362600992,5.598833107020297,0.8888888888888888,0.64,25,18
6982,4,BBX,6982,1.0,2.484687077790945,0.3674135258587085,1.7244413638529644e-17,5.210665414848069,4.54327332929229,0.8888888888888888,0.64,25,18
6974,4,BBX,6974,1.0,2.484687077790945,0.38010982699836005,1.0579094547335024e-18,2.1521816563673064,1.3660069280749552,0.8888888888888888,0.64,25,18
6980,4,BBX,6980,1.0,2.484687077790945,-0.180242257597863,4.8729955488372336e-05,-7.183174332975514,6.762154650472817,0.8888888888888888,0.64,25,18
6970,4,BBX,6970,1.0,2.484687077790945,0.31353501720312477,6.506679658817882e-13,4.936304043602615,4.253205683200129,0.8888888888888888,0.64,25,18
6969,4,BBX,6969,1.0,2.484687077790945,0.33227564023972206,2.098235893592844e-14,5.860031611053768,5.289858455854052,0.8888888888888888,0.64,25,18
6972,4,BBX,6972,1.0,2.484687077790945,0.5572880440476637,2.671827500811405e-42,3.4702331959270114,2.7556184350797026,0.8888888888888888,0.64,25,18
6983,4,BBX,6983,1.0,2.484687077790945,0.17767123906844023,6.260946420652676e-05,3.516555368222045,2.6323353236568043,0.8888888888888888,0.64,25,18
6965,4,BBX,6965,1.0,2.484687077790945,0.14433868198590502,0.0011832194877601033,3.0598857157704713,2.273627808371607,0.8888888888888888,0.64,25,18
5021,4,FOSL1,5021,1.0,2.879484304043935,0.6831596246885887,2.8720280140166687e-70,3.3090604264899275,2.5075515525088377,0.5833333333333334,0.28,25,12
5008,4,FOSL1,5008,1.0,2.879484304043935,-0.4615516576804175,7.489135752279263e-28,-5.075529154516809,4.874001984589866,0.5833333333333334,0.28,25,12
5020,4,FOSL1,5020,1.0,2.879484304043935,0.3097441308206775,1.2664111607292936e-12,2.7906675865154114,1.9453504815824787,0.5833333333333334,0.28,25,12
5015,4,FOSL1,5015,1.0,2.879484304043935,-0.25094811288292856,1.1978867584465872e-08,-2.790024394510898,1.9853829366358,0.5833333333333334,0.28,25,12
5010,4,FOSL1,5010,1.0,2.879484304043935,-0.3687143071859655,1.3028705364276834e-17,-3.656147595098391,2.902754297129394,0.5833333333333334,0.28,25,12
5017,4,FOSL1,5017,1.0,2.879484304043935,0.34345659231622694,2.4093066257343265e-15,6.516840570337825,6.00137557070116,0.5833333333333334,0.28,25,12
5031,4,FOSL1,5031,1.0,2.879484304043935,0.34557921929500834,1.581675823662767e-15,5.120156128132185,4.278593976484465,0.5833333333333334,0.28,25,12
74,4,LEF1,74,-1.0,3.721140222195785,0.3412998166261633,3.682838080075587e-15,-5.751739382315337,5.765027399595745,0.2,0.12,25,15
76,4,LEF1,76,-1.0,3.721140222195785,0.3982529424450506,1.5759180258082784e-20,-3.3235551388241173,2.5449447065481547,0.2,0.12,25,15
84,4,LEF1,84,-1.0,3.721140222195785,0.2531714785599925,8.80735843689314e-09,-4.121646510491488,3.422172758689863,0.2,0.12,25,15
2565,4,NR2F6,2565,-1.0,6.0469298049838205,-0.3570003506408646,1.5542078396319432e-16,3.1243272978908814,2.2860564802282473,1.0,0.72,25,18
2558,4,NR2F6,2558,-1.0,6.0469298049838205,0.27220008906173615,5.610393431470279e-10,-5.232250197250328,4.733811321558881,1.0,0.72,25,18
2548,4,NR2F6,2548,-1.0,6.0469298049838205,-0.40765977411291493,1.603002235465675e-21,3.5018020947740927,2.6897182475700676,1.0,0.72,25,18
2561,4,NR2F6,2561,-1.0,6.0469298049838205,-0.34768353877024133,1.0388189034192815e-15,3.756088625562863,2.8970684600846166,1.0,0.72,25,18
2542,4,NR2F6,2542,-1.0,6.0469298049838205,0.4363168034757317,9.553526397297511e-25,-6.2454532103923475,6.384230988863099,1.0,0.72,25,18
2556,4,NR2F6,2556,-1.0,6.0469298049838205,-0.439700751048733,3.7897518151015544e-25,3.1007139904152736,2.2865882652741325,1.0,0.72,25,18
2553,4,NR2F6,2553,-1.0,6.0469298049838205,-0.3698261323107944,1.0242368853684124e-17,5.603731256845694,4.974579371556577,1.0,0.72,25,18
2563,4,NR2F6,2563,-1.0,6.0469298049838205,-0.2962181108544003,1.262109921865295e-11,5.545110905005537,4.823440057397962,1.0,0.72,25,18
2566,4,NR2F6,2566,-1.0,6.0469298049838205,0.17570825731490297,7.56353962255228e-05,-2.137545607931073,1.3488617480725515,1.0,0.72,25,18
2564,4,NR2F6,2564,-1.0,6.0469298049838205,0.49241924695356737,5.084374329012557e-32,-2.8192998052903384,1.993783620406156,1.0,0.72,25,18
2557,4,NR2F6,2557,-1.0,6.0469298049838205,-0.32178553556396194,1.477370320018156e-13,3.1296178603224782,2.293002798220953,1.0,0.72,25,18
2545,4,NR2F6,2545,-1.0,6.0469298049838205,-0.4634437808580443,4.275161187360784e-28,3.80638475093346,3.1120645931193427,1.0,0.72,25,18
2544,4,NR2F6,2544,-1.0,6.0469298049838205,-0.3544341698455402,2.6392762385029495e-16,4.398396561190339,3.597748321642252,1.0,0.72,25,18
2552,4,NR2F6,2552,-1.0,6.0469298049838205,-0.3499024461433323,6.645462389696673e-16,2.804116603621842,1.9823921687625556,1.0,0.72,25,18
2549,4,NR2F6,2549,-1.0,6.0469298049838205,-0.4440418111129487,1.1398161940886802e-25,7.056406999130577,6.853979404178731,1.0,0.72,25,18
2560,4,NR2F6,2560,-1.0,6.0469298049838205,-0.21130876311423158,1.78206256819697e-06,4.987305067365539,4.406684436890272,1.0,0.72,25,18
2543,4,NR2F6,2543,-1.0,6.0469298049838205,-0.1099346142293601,0.013722076096200062,2.801693809544623,2.023445245723311,1.0,0.72,25,18
2562,4,NR2F6,2562,-1.0,6.0469298049838205,0.4186030132158832,1.0229822575549859e-22,-2.756212974378051,1.9496534155335836,1.0,0.72,25,18
1984,4,BRCA1,1984,-1.0,4.527835830434132,0.6045844834611389,2.3624675364607012e-51,-5.097990244755163,4.947081409339376,0.375,0.25,12,8
1995,4,BRCA1,1995,-1.0,4.527835830434132,-0.2643558455076256,1.7926189220958835e-09,3.399720638134372,2.640613437488916,0.375,0.25,12,8
1986,4,BRCA1,1986,-1.0,4.527835830434132,0.15965779386709064,0.0003289885438901629,-3.534423666786805,2.8037339864374062,0.375,0.25,12,8
163,4,NFAT5,163,1.0,3.2899744056867406,0.3767847859523205,2.223771660349488e-18,2.4457427558744564,1.6265987613124613,1.0,0.7222222222222222,18,13
156,4,NFAT5,156,1.0,3.2899744056867406,0.369119159129722,1.1937022153506983e-17,5.7776453387144135,5.481548687508733,1.0,0.7222222222222222,18,13
152,4,NFAT5,152,1.0,3.2899744056867406,0.23195915282928475,1.4720115645168424e-07,3.4232888502470615,2.6759699021215964,1.0,0.7222222222222222,18,13
162,4,NFAT5,162,1.0,3.2899744056867406,0.259186963767411,3.776182663782945e-09,6.123862610944713,5.614472265705554,1.0,0.7222222222222222,18,13
154,4,NFAT5,154,1.0,3.2899744056867406,0.2445574661390628,2.8528546843950632e-08,4.6436092987559565,4.0567070433420716,1.0,0.7222222222222222,18,13
151,4,NFAT5,151,1.0,3.2899744056867406,0.23372748692851358,1.1756740813120323e-07,4.995272363513636,4.257728750188782,1.0,0.7222222222222222,18,13
164,4,NFAT5,164,1.0,3.2899744056867406,0.38097559168689465,8.706232804672157e-19,5.651836643378378,4.954842250869485,1.0,0.7222222222222222,18,13
166,4,NFAT5,166,1.0,3.2899744056867406,0.31532033080046334,4.739312762571284e-13,5.484050027908871,4.913993776045275,1.0,0.7222222222222222,18,13
150,4,NFAT5,150,1.0,3.2899744056867406,0.5154974203257208,1.9974534005027128e-35,3.8015854845720627,3.1320242268133884,1.0,0.7222222222222222,18,13
149,4,NFAT5,149,1.0,3.2899744056867406,-0.09602176525028089,0.03147532647087286,-5.576626620984803,5.705226172929384,1.0,0.7222222222222222,18,13
161,4,NFAT5,161,1.0,3.2899744056867406,-0.23109870016250517,1.6410903745054594e-07,-3.493277132226001,2.716652354056763,1.0,0.7222222222222222,18,13
160,4,NFAT5,160,1.0,3.2899744056867406,0.19612880723152082,9.579944956622573e-06,2.9511673126993183,2.1721548892837212,1.0,0.7222222222222222,18,13
158,4,NFAT5,158,1.0,3.2899744056867406,0.4699867687972411,5.98668894677563e-29,2.8387986321080465,2.011089784651332,1.0,0.7222222222222222,18,13
1698,4,SPIB,1698,-1.0,3.1648088585036063,0.4134349475690399,3.799559440919699e-22,-3.452672800930088,2.674675803117214,0.9166666666666666,0.44,25,12
1687,4,SPIB,1687,-1.0,3.1648088585036063,0.44752190740666853,4.2962211042464385e-26,-5.470081343477058,4.752166822055739,0.9166666666666666,0.44,25,12
1692,4,SPIB,1692,-1.0,3.1648088585036063,0.22840271225197226,2.3008945483872633e-07,-2.5578066888154103,1.7263890977843936,0.9166666666666666,0.44,25,12
1683,4,SPIB,1683,-1.0,3.1648088585036063,0.8132611590817518,1.1623060815590476e-119,-4.057911848202371,3.356145365761911,0.9166666666666666,0.44,25,12
1700,4,SPIB,1700,-1.0,3.1648088585036063,-0.21727037439628227,8.891148824510226e-07,3.96466772894731,3.1218165010028627,0.9166666666666666,0.44,25,12
1703,4,SPIB,1703,-1.0,3.1648088585036063,0.8398521446138201,8.988496824367285e-135,-3.4467856823481977,2.764949155411147,0.9166666666666666,0.44,25,12
1681,4,SPIB,1681,-1.0,3.1648088585036063,0.26286435934727687,2.2262397864424774e-09,-6.0061728269906265,6.112941101537544,0.9166666666666666,0.44,25,12
1688,4,SPIB,1688,-1.0,3.1648088585036063,-0.14740675747520648,0.0009243947819823533,3.744815058532107,3.043882178223144,0.9166666666666666,0.44,25,12
1696,4,SPIB,1696,-1.0,3.1648088585036063,0.5876857704759295,6.021254699927318e-48,-2.1322108332222225,1.357315465364668,0.9166666666666666,0.44,25,12
1704,4,SPIB,1704,-1.0,3.1648088585036063,-0.24317900226047887,3.429288183879319e-08,3.602353587275894,2.8248792474476585,0.9166666666666666,0.44,25,12
1686,4,SPIB,1686,-1.0,3.1648088585036063,0.6540596261650375,1.3291495442019805e-62,-3.665152408280448,2.90114832229963,0.9166666666666666,0.44,25,12
584,4,PPARG,584,1.0,1.6377557620677468,0.25151820664627833,1.1073587839591555e-08,3.0928386411290867,2.355672448159839,0.6875,0.44,25,16
583,4,PPARG,583,1.0,1.6377557620677468,-0.28274615968098654,1.1086615926909836e-10,-2.686868694468551,1.868015850512535,0.6875,0.44,25,16
570,4,PPARG,570,1.0,1.6377557620677468,0.27134675070980707,6.377743772570219e-10,4.802259254609583,4.017454636766296,0.6875,0.44,25,16
588,4,PPARG,588,1.0,1.6377557620677468,0.2230946216680877,4.4219009447305195e-07,5.584198850342456,4.822226706886527,0.6875,0.44,25,16
576,4,PPARG,576,1.0,1.6377557620677468,-0.16648563897289972,0.00017892407066082039,-5.13962993730039,4.366257440097361,0.6875,0.44,25,16
571,4,PPARG,571,1.0,1.6377557620677468,0.5523640844533676,1.9395078718971252e-41,2.137422460585871,1.3721212067105344,0.6875,0.44,25,16
582,4,PPARG,582,1.0,1.6377557620677468,0.13055483924944736,0.0033853986967230768,2.3475689918225693,1.5423584420433403,0.6875,0.44,25,16
578,4,PPARG,578,1.0,1.6377557620677468,0.3776780593249435,1.8229569901005653e-18,2.338611083485924,1.5474783101291,0.6875,0.44,25,16
568,4,PPARG,568,1.0,1.6377557620677468,0.3635266436545458,3.9551100975801806e-17,3.003343828174939,2.243030799811896,0.6875,0.44,25,16
580,4,PPARG,580,1.0,1.6377557620677468,0.4600513909647538,1.1652223615857974e-27,2.8961917961165478,2.099622012598238,0.6875,0.44,25,16
586,4,PPARG,586,1.0,1.6377557620677468,0.1564224880456982,0.0004354003594670972,3.887568515844244,3.1225313597428506,0.6875,0.44,25,16
3717,4,ETV7,3717,-1.0,3.8269112275222397,0.21267641900108286,1.5219776798628267e-06,-5.169284644327047,4.43701023538142,1.0,0.8571428571428571,14,12
3712,4,ETV7,3712,-1.0,3.8269112275222397,0.5219076077210426,2.0295202539082286e-36,-4.075677612457757,3.372692504805434,1.0,0.8571428571428571,14,12
3723,4,ETV7,3723,-1.0,3.8269112275222397,0.23955762051969504,5.5319842161332464e-08,-3.252392491219124,2.4247266597328188,1.0,0.8571428571428571,14,12
3715,4,ETV7,3715,-1.0,3.8269112275222397,0.542253979048153,1.0258917382607047e-39,-3.99506958446479,3.178466674229458,1.0,0.8571428571428571,14,12
3711,4,ETV7,3711,-1.0,3.8269112275222397,0.2228604184232108,4.5495378225943385e-07,-8.182667425040664,9.101541662623532,1.0,0.8571428571428571,14,12
3722,4,ETV7,3722,-1.0,3.8269112275222397,-0.19209062726487178,1.4672307280177382e-05,3.5479463508719493,2.7564021764786384,1.0,0.8571428571428571,14,12
3714,4,ETV7,3714,-1.0,3.8269112275222397,0.2530824073380648,8.917049465606289e-09,-7.2924520451605375,6.965324891135933,1.0,0.8571428571428571,14,12
3716,4,ETV7,3716,-1.0,3.8269112275222397,-0.2500740955891675,1.3507491262376922e-08,4.886932100713988,4.307362375957188,1.0,0.8571428571428571,14,12
3720,4,ETV7,3720,-1.0,3.8269112275222397,0.43101606976695545,3.9825355290140045e-24,-3.465576085166259,2.661624499310369,1.0,0.8571428571428571,14,12
3719,4,ETV7,3719,-1.0,3.8269112275222397,-0.34422730975835947,2.0686571092570694e-15,3.1576384523035115,2.3019216398306246,1.0,0.8571428571428571,14,12
3713,4,ETV7,3713,-1.0,3.8269112275222397,0.6547582363727315,8.90186646843466e-63,-4.226960092218046,3.4878864710978235,1.0,0.8571428571428571,14,12
3718,4,ETV7,3718,-1.0,3.8269112275222397,0.1995743173423614,6.612546960223609e-06,-2.75302257322631,1.9162957728790213,1.0,0.8571428571428571,14,12
7758,4,TEF,7758,-1.0,6.3424211658587755,-0.29211391004593906,2.4768807067078656e-11,4.332166150771971,3.5705769530942595,0.1,0.04,25,10
3198,4,NKX3-1,3198,1.0,2.2773040916372445,0.2562233299157746,5.7467939347412695e-09,3.24117928100993,2.491525809580711,0.5833333333333334,0.28,25,12
3211,4,NKX3-1,3211,1.0,2.2773040916372445,0.2930565093348585,2.123592667566086e-11,4.553884885108023,3.9115093170763,0.5833333333333334,0.28,25,12
3207,4,NKX3-1,3207,1.0,2.2773040916372445,0.25507802008238284,6.749836861582509e-09,3.8668778949094125,3.2102779243442807,0.5833333333333334,0.28,25,12
3200,4,NKX3-1,3200,1.0,2.2773040916372445,0.34597790549922786,1.4609381130167453e-15,2.0434110231852785,1.312870148054339,0.5833333333333334,0.28,25,12
3217,4,NKX3-1,3217,1.0,2.2773040916372445,0.135087890957094,0.0024208649525949166,3.1343299988884676,2.3746965456948814,0.5833333333333334,0.28,25,12
3212,4,NKX3-1,3212,1.0,2.2773040916372445,0.30325473738668735,3.873512175759473e-12,2.3633228743644805,1.5678339219603445,0.5833333333333334,0.28,25,12
3210,4,NKX3-1,3210,1.0,2.2773040916372445,0.1754335499041441,7.765014695760635e-05,3.649057293164866,2.8355047346065967,0.5833333333333334,0.28,25,12
2186,4,GLIS3,2186,1.0,3.881940766756942,0.7950382965939838,1.2244972934988016e-110,3.9043322023948304,3.0744276849843475,1.0,0.5,4,2
2185,4,GLIS3,2185,1.0,3.881940766756942,-0.10317449740092735,0.02077372187728111,-6.817085980299069,7.22452266107154,1.0,0.5,4,2
1397,4,MAF,1397,1.0,3.071632982364658,0.41302311379237516,4.214253065862995e-22,2.8711835962252925,2.0151590941302424,0.8,0.32,25,10
1401,4,MAF,1401,1.0,3.071632982364658,0.2695684565697876,8.318857228126433e-10,3.2292080523432767,2.401758511598751,0.8,0.32,25,10
1388,4,MAF,1388,1.0,3.071632982364658,-0.2745035144952505,3.960418130825148e-10,-2.137685516352742,1.3602006651057534,0.8,0.32,25,10
1380,4,MAF,1380,1.0,3.071632982364658,-0.31941381270788327,2.2730855910064843e-13,-5.454187908855561,5.341008725360876,0.8,0.32,25,10
1386,4,MAF,1386,1.0,3.071632982364658,-0.22373747115797474,4.0890122086956153e-07,-6.944600475140171,6.424865641361561,0.8,0.32,25,10
1393,4,MAF,1393,1.0,3.071632982364658,0.30827516709035574,1.6350621546638567e-12,5.31746367844497,4.611408962123841,0.8,0.32,25,10
1398,4,MAF,1398,1.0,3.071632982364658,-0.25731836525755647,4.923871058717274e-09,-4.55278748303083,3.818907811656987,0.8,0.32,25,10
1389,4,MAF,1389,1.0,3.071632982364658,0.3808065555660478,9.04422603191624e-19,4.1055796260729815,3.4309452465563415,0.8,0.32,25,10
6551,4,ZBED6,6551,1.0,2.3313109518671022,0.6905850722418359,2.2732646631815726e-72,2.181294532768976,1.4066226521766747,1.0,0.5,2,1
6360,4,SP1,6360,-1.0,3.989029360885194,0.32035641199680276,1.9162116513692745e-13,-3.740716001232788,3.000686176922207,0.09090909090909091,0.04,25,11
2170,4,TEAD1,2170,1.0,2.0131309933716635,0.228342804304502,2.3181286071849428e-07,3.6400113387605963,2.8347407161639215,0.9230769230769231,0.48,25,13
2172,4,TEAD1,2172,1.0,2.0131309933716635,0.6204232248990017,9.776895136969443e-55,2.1196768969277593,1.3359931283127409,0.9230769230769231,0.48,25,13
2165,4,TEAD1,2165,1.0,2.0131309933716635,0.3606185963162742,7.306066944415691e-17,2.8684902096031304,2.086266227535067,0.9230769230769231,0.48,25,13
2178,4,TEAD1,2178,1.0,2.0131309933716635,0.6750852567634487,4.714501455612278e-68,4.4423192963792975,3.7046491065616305,0.9230769230769231,0.48,25,13
2169,4,TEAD1,2169,1.0,2.0131309933716635,0.3597112840290129,8.836551803759289e-17,6.194423871685598,5.631379992290885,0.9230769230769231,0.48,25,13
2161,4,TEAD1,2161,1.0,2.0131309933716635,0.5910327571038687,1.3211152926463403e-48,3.494889948152376,2.7853750282261838,0.9230769230769231,0.48,25,13
2168,4,TEAD1,2168,1.0,2.0131309933716635,0.5549793065923945,6.795846940360541e-42,2.9822237289282176,2.182768004399492,0.9230769230769231,0.48,25,13
2164,4,TEAD1,2164,1.0,2.0131309933716635,0.2392691587668919,5.7448811021140926e-08,2.542648255038257,1.748165831000837,0.9230769230769231,0.48,25,13
2182,4,TEAD1,2182,1.0,2.0131309933716635,0.2725770528912789,5.300751453598407e-10,4.061651330127415,3.196802509242473,0.9230769230769231,0.48,25,13
2179,4,TEAD1,2179,1.0,2.0131309933716635,0.3141822301394534,5.801861772895905e-13,2.582183117940065,1.7499050242459753,0.9230769230769231,0.48,25,13
2175,4,TEAD1,2175,1.0,2.0131309933716635,0.30015706984326834,6.5411168428627715e-12,3.6036396517116276,2.8454882379554376,0.9230769230769231,0.48,25,13
2162,4,TEAD1,2162,1.0,2.0131309933716635,0.36908852014709936,1.2016392252674241e-17,4.665113633311011,3.881862734722074,0.9230769230769231,0.48,25,13
2378,4,IRX5,2378,-1.0,3.8734002852961584,0.3446547377945747,1.900613771489762e-15,-5.518988086969582,5.38085043052031,0.45454545454545453,0.2,25,11
2400,4,IRX5,2400,-1.0,3.8734002852961584,-0.22785438287563547,2.463350998289046e-07,3.5694108595125207,2.7392743150788204,0.45454545454545453,0.2,25,11
2391,4,IRX5,2391,-1.0,3.8734002852961584,0.3604739385809816,7.531311067308283e-17,-2.733131753872833,1.9613899917399882,0.45454545454545453,0.2,25,11
2385,4,IRX5,2385,-1.0,3.8734002852961584,-0.20192128238276047,5.117985404322241e-06,5.027010767058573,4.343550994907673,0.45454545454545453,0.2,25,11
2389,4,IRX5,2389,-1.0,3.8734002852961584,-0.256042341745979,5.895072048240771e-09,2.479298005354146,1.6662821432606352,0.45454545454545453,0.2,25,11
301,4,EHF,301,1.0,2.232483165125885,0.5912725569430947,1.1842629562964723e-48,5.755022597208005,5.421293271830261,0.8571428571428571,0.48,25,14
295,4,EHF,295,1.0,2.232483165125885,0.4162945603332079,1.8434675877852438e-22,2.9014955709291583,2.120899667632043,0.8571428571428571,0.48,25,14
294,4,EHF,294,1.0,2.232483165125885,-0.19242945836681608,1.4161558780507361e-05,-7.679726764677536,8.541227020765877,0.8571428571428571,0.48,25,14
298,4,EHF,298,1.0,2.232483165125885,-0.3898829035947258,1.133590381192522e-19,-4.868906782575332,4.340413589413603,0.8571428571428571,0.48,25,14
311,4,EHF,311,1.0,2.232483165125885,-0.33832147985716926,6.581510784770018e-15,-4.008503774357202,3.195319128368775,0.8571428571428571,0.48,25,14
302,4,EHF,302,1.0,2.232483165125885,-0.37479382122703814,3.4555071373930337e-18,-7.816201139813475,7.357117687488168,0.8571428571428571,0.48,25,14
317,4,EHF,317,1.0,2.232483165125885,0.06680071300612007,0.13501037246942338,4.054236445019779,3.2285256934640154,0.8571428571428571,0.48,25,14
309,4,EHF,309,1.0,2.232483165125885,0.26361216246192476,1.997437041258683e-09,5.626653390847352,5.215832165196784,0.8571428571428571,0.48,25,14
310,4,EHF,310,1.0,2.232483165125885,0.34938879261112954,7.371815174237344e-16,3.9699019562171687,3.2583095338293453,0.8571428571428571,0.48,25,14
296,4,EHF,296,1.0,2.232483165125885,0.2855799335722194,7.086665540756618e-11,2.4078957082104386,1.636349232100297,0.8571428571428571,0.48,25,14
300,4,EHF,300,1.0,2.232483165125885,0.28407805427852284,8.989236296687779e-11,4.323358190240309,3.5321606450693976,0.8571428571428571,0.48,25,14
297,4,EHF,297,1.0,2.232483165125885,0.28558078729000147,7.085704762537034e-11,3.4958012835681753,2.7058394272040256,0.8571428571428571,0.48,25,14
6639,4,RUNX2,6639,1.0,2.4790188557483464,0.20335438996623592,4.370317960663354e-06,3.2596037228963186,2.5186295765283075,0.7333333333333333,0.44,25,15
6650,4,RUNX2,6650,1.0,2.4790188557483464,0.33531354753839726,1.1755110552288165e-14,5.023745114906693,4.366512823063415,0.7333333333333333,0.44,25,15
6661,4,RUNX2,6661,1.0,2.4790188557483464,0.5145374621085662,2.8014703296198604e-35,5.263143863143547,4.723854280496528,0.7333333333333333,0.44,25,15
6660,4,RUNX2,6660,1.0,2.4790188557483464,0.29067378300514446,3.12996946812347e-11,3.3830526264732272,2.5786839850919905,0.7333333333333333,0.44,25,15
6647,4,RUNX2,6647,1.0,2.4790188557483464,0.3008653710297795,5.805782719647159e-12,2.294617952778575,1.4977580794476981,0.7333333333333333,0.44,25,15
6651,4,RUNX2,6651,1.0,2.4790188557483464,0.6798343939274863,2.393977117225187e-69,2.5223019284309802,1.7263846609949962,0.7333333333333333,0.44,25,15
6653,4,RUNX2,6653,1.0,2.4790188557483464,0.31295240224563825,7.212371348052765e-13,4.631160504757599,3.9516359595797144,0.7333333333333333,0.44,25,15
6656,4,RUNX2,6656,1.0,2.4790188557483464,0.6386100696676396,7.222233711463327e-59,5.51898674483454,4.89631683608874,0.7333333333333333,0.44,25,15
6642,4,RUNX2,6642,1.0,2.4790188557483464,0.4738277399562356,1.850748367148085e-29,2.504642946795345,1.7215582021988347,0.7333333333333333,0.44,25,15
6658,4,RUNX2,6658,1.0,2.4790188557483464,0.16514672491804427,0.0002020045650179868,4.303153560569782,3.481879345836145,0.7333333333333333,0.44,25,15
6641,4,RUNX2,6641,1.0,2.4790188557483464,0.6770395116241027,1.392449942553955e-68,4.171311857555248,3.353799247235755,0.7333333333333333,0.44,25,15
4326,4,EP300,4326,1.0,2.4616186526868087,0.3577279079062377,1.3363675586458157e-16,4.673079711594376,3.8736268912177083,0.6,0.3333333333333333,9,5
4325,4,EP300,4325,1.0,2.4616186526868087,0.8156494152910624,6.448052805057673e-121,4.190575060912638,3.5374706281058383,0.6,0.3333333333333333,9,5
4330,4,EP300,4330,1.0,2.4616186526868087,0.6596518415569991,5.210825701332755e-64,5.783262046461686,5.145620632787244,0.6,0.3333333333333333,9,5
5468,4,NR3C2,5468,-1.0,6.1235221619407145,-0.30775677797984813,1.7887255522569018e-12,3.564600027032185,2.8265499038707294,0.5,0.4,5,4
5465,4,NR3C2,5465,-1.0,6.1235221619407145,0.45921148584342625,1.4909748542035718e-27,-6.2063243611404335,6.453264183994167,0.5,0.4,5,4
1613,4,ZBTB14,1613,-1.0,6.009190497323698,0.4234444467579143,2.930814028271886e-23,-2.512141951634976,1.7155541919204391,0.3,0.15,20,10
1603,4,ZBTB14,1603,-1.0,6.009190497323698,0.5879628828171322,5.314194080333157e-48,-5.878433239817463,5.972629017632216,0.3,0.15,20,10
1621,4,ZBTB14,1621,-1.0,6.009190497323698,0.2138831016572512,1.3230707677866787e-06,-2.2621642563219155,1.4490655705806619,0.3,0.15,20,10
6740,4,ARID3A,6740,1.0,2.235998047386633,0.25652934031187546,5.504278609373097e-09,3.8396274027997377,3.060302345129094,1.0,0.52,25,13
6741,4,ARID3A,6741,1.0,2.235998047386633,0.25886492244851383,3.9534942090489955e-09,4.167703974124992,3.3023069541710353,1.0,0.52,25,13
6743,4,ARID3A,6743,1.0,2.235998047386633,0.18078873183590918,4.618125738075742e-05,4.406906159046187,3.624968699529178,1.0,0.52,25,13
6736,4,ARID3A,6736,1.0,2.235998047386633,0.22927620241288155,2.0632079918797794e-07,4.791472254599789,4.091118276831463,1.0,0.52,25,13
6752,4,ARID3A,6752,1.0,2.235998047386633,0.243171787321257,3.432582954512112e-08,4.199131402294821,3.4346797074746056,1.0,0.52,25,13
6747,4,ARID3A,6747,1.0,2.235998047386633,0.41289875556878924,4.348033205374766e-22,4.817432062329249,4.222231907021926,1.0,0.52,25,13
6734,4,ARID3A,6734,1.0,2.235998047386633,-0.3053600054372337,2.703374086240162e-12,-4.8559841588911965,4.073291089313117,1.0,0.52,25,13
6735,4,ARID3A,6735,1.0,2.235998047386633,0.2906362194227341,3.149078020642408e-11,4.267029089742176,3.51488468042075,1.0,0.52,25,13
6729,4,ARID3A,6729,1.0,2.235998047386633,0.31645473201775104,3.8705666423503003e-13,2.3400249849999097,1.562305869910789,1.0,0.52,25,13
6728,4,ARID3A,6728,1.0,2.235998047386633,0.361446133419679,6.139265958582621e-17,3.442548789564711,2.7164118697275765,1.0,0.52,25,13
6745,4,ARID3A,6745,1.0,2.235998047386633,0.20949167224389426,2.194099030299327e-06,4.600126318592849,3.9408893199764248,1.0,0.52,25,13
6737,4,ARID3A,6737,1.0,2.235998047386633,0.2518936527553196,1.0513986946578146e-08,4.678329595695595,4.034451548993818,1.0,0.52,25,13
6739,4,ARID3A,6739,1.0,2.235998047386633,0.18565454376349436,2.8425084370757783e-05,2.6031328150164423,1.7818780914241859,1.0,0.52,25,13
4531,4,EWSR1,4531,-1.0,3.5642164388474358,0.212235141765292,1.6016365206409079e-06,-4.681300561831479,3.901935103789013,0.5,0.24,25,12
4523,4,EWSR1,4523,-1.0,3.5642164388474358,0.6808319157270514,1.2709782546476105e-69,-6.402912435553039,6.573585343972544,0.5,0.24,25,12
4538,4,EWSR1,4538,-1.0,3.5642164388474358,0.2484618021289919,1.683750317598872e-08,-2.4515247929147805,1.629592792842302,0.5,0.24,25,12
4542,4,EWSR1,4542,-1.0,3.5642164388474358,-0.17680718181546975,6.805816774565893e-05,4.06348953364259,3.2265855915209456,0.5,0.24,25,12
4541,4,EWSR1,4541,-1.0,3.5642164388474358,0.3776493174929477,1.8346693131151906e-18,-4.496730369987521,3.6862701811735787,0.5,0.24,25,12
4539,4,EWSR1,4539,-1.0,3.5642164388474358,-0.22846659338289987,2.282653489457515e-07,5.372342841093837,4.722460831357858,0.5,0.24,25,12
8413,4,IRF1,8413,-1.0,3.858702535443697,0.24274492843022977,3.6330557618755044e-08,-2.9014005016912687,2.0775877005073786,0.9230769230769231,0.48,25,13
8400,4,IRF1,8400,-1.0,3.858702535443697,0.48901784559479966,1.536780020310465e-31,-2.7284280204837414,1.893391951144523,0.9230769230769231,0.48,25,13
8416,4,IRF1,8416,-1.0,3.858702535443697,-0.33565797523469054,1.100327081849795e-14,4.5110026176374225,3.814215158731288,0.9230769230769231,0.48,25,13
8395,4,IRF1,8395,-1.0,3.858702535443697,-0.16735652596812664,0.00016526432644541745,2.4915240941494607,1.6783657808114172,0.9230769230769231,0.48,25,13
8398,4,IRF1,8398,-1.0,3.858702535443697,0.5648943849131752,1.1705065646827887e-43,-4.004797784300391,3.1800849155553976,0.9230769230769231,0.48,25,13
8397,4,IRF1,8397,-1.0,3.858702535443697,0.24123915997774828,4.43467039547744e-08,-7.478874655744759,7.1567595727482285,0.9230769230769231,0.48,25,13
8409,4,IRF1,8409,-1.0,3.858702535443697,0.21950986070124093,6.812347196976076e-07,-3.3013607867147514,2.4862454624476573,0.9230769230769231,0.48,25,13
8403,4,IRF1,8403,-1.0,3.858702535443697,0.3251875060679177,7.910135730656252e-14,-4.240230747276125,3.7052225151316955,0.9230769230769231,0.48,25,13
8393,4,IRF1,8393,-1.0,3.858702535443697,0.806227975563372,4.5838007303087365e-116,-4.701371251796298,3.9163299946228483,0.9230769230769231,0.48,25,13
8394,4,IRF1,8394,-1.0,3.858702535443697,0.6613414439052162,1.931720004355148e-64,-3.779667510804619,3.0317045917360645,0.9230769230769231,0.48,25,13
8412,4,IRF1,8412,-1.0,3.858702535443697,0.23237709511236607,1.3960733752123733e-07,-2.37886884679936,1.5616098511275036,0.9230769230769231,0.48,25,13
8392,4,IRF1,8392,-1.0,3.858702535443697,0.6232904834987972,2.2745980407108086e-55,-3.841841955126881,3.1201573239029234,0.9230769230769231,0.48,25,13
2531,4,BATF3,2531,-1.0,2.4945810103268844,0.5081298358665907,2.606844086783223e-34,-5.59471823617054,4.864421637057404,0.8,0.8,5,5
2528,4,BATF3,2528,-1.0,2.4945810103268844,0.34942313103747435,7.320915807505497e-16,-6.041086060459309,5.838995448607278,0.8,0.8,5,5
2532,4,BATF3,2532,-1.0,2.4945810103268844,-0.22994893202514044,1.8964616879278541e-07,2.177455834197289,1.3824160648269626,0.8,0.8,5,5
2530,4,BATF3,2530,-1.0,2.4945810103268844,-0.43007384990816133,5.119469918779667e-24,4.992373951324727,4.219692560098246,0.8,0.8,5,5
1247,4,MYB,1247,-1.0,3.443822234067933,-0.311642609452904,9.083501577361248e-13,2.1541202603466596,1.364253790345189,0.8181818181818182,0.36,25,11
1246,4,MYB,1246,-1.0,3.443822234067933,-0.3768985201323965,2.1682796208996797e-18,7.361492158608514,6.818195156600794,0.8181818181818182,0.36,25,11
1225,4,MYB,1225,-1.0,3.443822234067933,0.6566446680984779,2.999606641801475e-63,-5.505034318413895,5.262992064449313,0.8181818181818182,0.36,25,11
1245,4,MYB,1245,-1.0,3.443822234067933,0.2169488970701402,9.235508870254219e-07,-2.1204827815043132,1.3383063382196507,0.8181818181818182,0.36,25,11
1236,4,MYB,1236,-1.0,3.443822234067933,-0.35904187443035085,1.0163770494303288e-16,4.136173285746381,3.356421564651164,0.8181818181818182,0.36,25,11
1243,4,MYB,1243,-1.0,3.443822234067933,-0.41266853634022854,4.606845010953694e-22,3.917649577059918,3.120505467349374,0.8181818181818182,0.36,25,11
1227,4,MYB,1227,-1.0,3.443822234067933,0.3966129505857239,2.3300530153260692e-20,-3.8125837594430734,3.070086078328596,0.8181818181818182,0.36,25,11
1233,4,MYB,1233,-1.0,3.443822234067933,0.24756302701955124,1.9025606571217306e-08,-4.153054165295784,3.4271780695095875,0.8181818181818182,0.36,25,11
1234,4,MYB,1234,-1.0,3.443822234067933,0.8004168134784584,3.331891779108124e-113,-2.6705126116968905,1.912199918917676,0.8181818181818182,0.36,25,11
1536,4,NRF1,1536,-1.0,5.509137563861533,0.2167404950737875,9.465546103516424e-07,-3.4240551404215203,2.586536707803082,0.7142857142857143,0.4166666666666667,24,14
1524,4,NRF1,1524,-1.0,5.509137563861533,0.7668858144403612,2.2972060382317042e-98,-2.243698018751792,1.46444581601978,0.7142857142857143,0.4166666666666667,24,14
1535,4,NRF1,1535,-1.0,5.509137563861533,0.5695566325785062,1.652609146575869e-44,-3.332321890618771,2.5652147483853076,0.7142857142857143,0.4166666666666667,24,14
1529,4,NRF1,1529,-1.0,5.509137563861533,0.3797202471171492,1.1546302326293823e-18,-3.0177783409892216,2.1694947572440695,0.7142857142857143,0.4166666666666667,24,14
1525,4,NRF1,1525,-1.0,5.509137563861533,0.6894028628287531,4.960019959244016e-72,-2.142544903350731,1.3654779372943928,0.7142857142857143,0.4166666666666667,24,14
1526,4,NRF1,1526,-1.0,5.509137563861533,0.3244627945284848,9.042034636458693e-14,-4.980084707883338,4.38049603177824,0.7142857142857143,0.4166666666666667,24,14
1531,4,NRF1,1531,-1.0,5.509137563861533,0.3547367653705128,2.4801361356506157e-16,-3.8288982792791444,3.0615830299306754,0.7142857142857143,0.4166666666666667,24,14
1522,4,NRF1,1522,-1.0,5.509137563861533,0.2364250454047431,8.314928075381327e-08,-7.386653477184182,7.125640668336835,0.7142857142857143,0.4166666666666667,24,14
1530,4,NRF1,1530,-1.0,5.509137563861533,0.5331932825121461,3.2114638985419045e-38,-4.204352124435811,3.7490331089716977,0.7142857142857143,0.4166666666666667,24,14
1518,4,NRF1,1518,-1.0,5.509137563861533,0.74723768940144,8.793748354121676e-91,-7.270296405299087,7.896681815153339,0.7142857142857143,0.4166666666666667,24,14
4107,4,E2F7,4107,-1.0,5.093532731416795,0.6955871944419558,8.030261246702983e-74,-3.8003065310494804,3.1400725098826885,0.25,0.2,5,4
1496,4,NR1H4,1496,-1.0,1.3079268518236056,0.15118916090118517,0.0006774208853481035,-2.1835063482459716,1.4007516122839654,1.0,1.0,2,2
1495,4,NR1H4,1495,-1.0,1.3079268518236056,0.162927919978683,0.00024648828960804843,-6.618035509696689,6.985013134916209,1.0,1.0,2,2
9350,4,PRRX2,9350,1.0,2.025504871523631,0.23046827700922362,1.77669559407657e-07,2.2698062326475315,1.4722571153189976,0.6153846153846154,0.32,25,13
9365,4,PRRX2,9365,1.0,2.025504871523631,-0.14386097945807988,0.0012290607759946892,-2.218188642876085,1.4140046410768206,0.6153846153846154,0.32,25,13
9369,4,PRRX2,9369,1.0,2.025504871523631,0.27317968278787796,4.839970036096178e-10,2.5477186349967638,1.7546147997109216,0.6153846153846154,0.32,25,13
9366,4,PRRX2,9366,1.0,2.025504871523631,-0.21914987636980796,7.111660645777279e-07,-2.2287668189692775,1.4265433873941091,0.6153846153846154,0.32,25,13
9355,4,PRRX2,9355,1.0,2.025504871523631,0.2519483855509024,1.0434731711720131e-08,3.55644015172371,2.7223847322978836,0.6153846153846154,0.32,25,13
9353,4,PRRX2,9353,1.0,2.025504871523631,0.24632627452594832,2.2491324755174173e-08,4.494374656246185,3.6491166145045004,0.6153846153846154,0.32,25,13
9345,4,PRRX2,9345,1.0,2.025504871523631,0.36037538160592003,7.688668740426401e-17,4.748282150118847,3.9591164401242844,0.6153846153846154,0.32,25,13
9352,4,PRRX2,9352,1.0,2.025504871523631,-0.18154484121821543,4.286201205565602e-05,-3.8761080672824337,3.023614160245101,0.6153846153846154,0.32,25,13
3045,4,RFX3,3045,-1.0,1.5669448592820814,0.4394432128511466,4.067524668952545e-25,-2.2935811248924107,1.4974368628079118,0.3333333333333333,0.16,25,12
3028,4,RFX3,3028,-1.0,1.5669448592820814,0.3539475507097691,2.9164808956394344e-16,-3.448284330556294,2.660815853615501,0.3333333333333333,0.16,25,12
3022,4,RFX3,3022,-1.0,1.5669448592820814,0.3537756688629822,3.0210766676865043e-16,-6.327365106256636,6.626970495941053,0.3333333333333333,0.16,25,12
3046,4,RFX3,3046,-1.0,1.5669448592820814,-0.24223260290346574,3.888640485328069e-08,2.5182648770383103,1.6920049582732,0.3333333333333333,0.16,25,12
4129,4,HIC1,4129,1.0,2.0082613605577873,0.4259901383264694,1.5065678527376538e-23,4.625797146622392,3.8510277744490464,0.5,0.32,25,16
4132,4,HIC1,4132,1.0,2.0082613605577873,0.27143515792901535,6.293731280493529e-10,2.6573510891523617,1.8291802620156494,0.5,0.32,25,16
4142,4,HIC1,4142,1.0,2.0082613605577873,0.254505934310875,7.3124877753957165e-09,4.086794458767329,3.3115187972633757,0.5,0.32,25,16
4137,4,HIC1,4137,1.0,2.0082613605577873,0.3566875105025073,1.6582773300182034e-16,3.4684713316282827,2.646668882951064,0.5,0.32,25,16
4150,4,HIC1,4150,1.0,2.0082613605577873,0.10568186652682136,0.017856839761376,2.0909355343592337,1.3123034826509692,0.5,0.32,25,16
4143,4,HIC1,4143,1.0,2.0082613605577873,0.34368282752847135,2.3039752466812867e-15,5.167105910648289,4.392828973299659,0.5,0.32,25,16
4148,4,HIC1,4148,1.0,2.0082613605577873,0.3271753404946659,5.4710172782619894e-14,4.336609502209427,3.5317094199964565,0.5,0.32,25,16
4149,4,HIC1,4149,1.0,2.0082613605577873,0.4550763031610656,4.968983585770835e-27,2.424689934067229,1.6211215405184247,0.5,0.32,25,16
6253,4,ZBTB6,6253,1.0,2.327106846092706,0.5944107286523955,2.8070400646296857e-49,3.1293091514769755,2.3648125899892656,1.0,1.0,1,1
1965,4,SOX12,1965,1.0,2.7325032765876194,-0.26521961818800205,1.5802761149828619e-09,-4.261036829279661,3.4506834979708025,0.5714285714285714,0.32,25,14
1966,4,SOX12,1966,1.0,2.7325032765876194,0.39966726823732085,1.1228164224781716e-20,4.067980102711218,3.4964554732867312,0.5714285714285714,0.32,25,14
1975,4,SOX12,1975,1.0,2.7325032765876194,0.23828823703531132,6.52970021235785e-08,5.462292973306305,4.687593289731341,0.5714285714285714,0.32,25,14
1971,4,SOX12,1971,1.0,2.7325032765876194,-0.1573307489082728,0.00040267591005456834,-4.322141265309717,3.4921046233490816,0.5714285714285714,0.32,25,14
1968,4,SOX12,1968,1.0,2.7325032765876194,0.40641173357308263,2.1799707235753084e-21,3.6759303037969606,2.873768094053452,0.5714285714285714,0.32,25,14
1960,4,SOX12,1960,1.0,2.7325032765876194,0.39352201792703,4.84046716717083e-20,2.7051227231917077,1.9431364451105484,0.5714285714285714,0.32,25,14
1979,4,SOX12,1979,1.0,2.7325032765876194,0.41263875107538794,4.641420919450604e-22,5.4372508909636625,4.624000037010749,0.5714285714285714,0.32,25,14
1970,4,SOX12,1970,1.0,2.7325032765876194,0.2087586132417035,2.3849229936150074e-06,3.455175415870163,2.6192070340851776,0.5714285714285714,0.32,25,14
3373,4,E2F1,3373,-1.0,5.190845299349545,-0.30607067806202837,2.3927307669129977e-12,4.504655101282257,3.8433678031706036,0.8333333333333334,0.4166666666666667,24,12
3379,4,E2F1,3379,-1.0,5.190845299349545,-0.32198900496868493,1.4235044673659083e-13,4.636022807825555,3.9304236095220397,0.8333333333333334,0.4166666666666667,24,12
3363,4,E2F1,3363,-1.0,5.190845299349545,-0.19859311103818675,7.353626434199774e-06,2.6772606494569096,1.8901550674857284,0.8333333333333334,0.4166666666666667,24,12
3371,4,E2F1,3371,-1.0,5.190845299349545,0.7655351380516197,8.05743438504153e-98,-2.758706213787798,1.940664943794453,0.8333333333333334,0.4166666666666667,24,12
3369,4,E2F1,3369,-1.0,5.190845299349545,0.48246271589159134,1.2511900697128045e-30,-2.252541781557115,1.4683462353899936,0.8333333333333334,0.4166666666666667,24,12
3359,4,E2F1,3359,-1.0,5.190845299349545,0.7990185186089845,1.5743877242065705e-112,-5.189448133698701,4.861461275562144,0.8333333333333334,0.4166666666666667,24,12
3367,4,E2F1,3367,-1.0,5.190845299349545,-0.4186310910451598,1.0156521346470934e-22,4.117104521292733,3.299230140143802,0.8333333333333334,0.4166666666666667,24,12
3378,4,E2F1,3378,-1.0,5.190845299349545,0.30826700934266055,1.637377216154651e-12,-4.335821752855527,3.549156001926927,0.8333333333333334,0.4166666666666667,24,12
3368,4,E2F1,3368,-1.0,5.190845299349545,0.5420967052611924,1.0900614084886888e-39,-4.162419185885345,3.4445124980803317,0.8333333333333334,0.4166666666666667,24,12
3375,4,E2F1,3375,-1.0,5.190845299349545,0.6063434266647652,1.0162973138807477e-51,-2.146024518440017,1.36209702297234,0.8333333333333334,0.4166666666666667,24,12
416,4,HOXA1,416,1.0,2.2466597467688065,0.1790094891205763,5.497613079268993e-05,4.492630197415198,3.7622742420706725,1.0,0.7777777777777778,9,7
419,4,HOXA1,419,1.0,2.2466597467688065,0.27503158637221686,3.6548155523811367e-10,3.9182669759477355,3.1371342093552768,1.0,0.7777777777777778,9,7
422,4,HOXA1,422,1.0,2.2466597467688065,0.33978114754941974,4.955539702511998e-15,5.896041553810832,5.339849966962483,1.0,0.7777777777777778,9,7
415,4,HOXA1,415,1.0,2.2466597467688065,0.3596960119664673,8.864839856601252e-17,3.8853263884005917,3.185017318217091,1.0,0.7777777777777778,9,7
418,4,HOXA1,418,1.0,2.2466597467688065,0.21614327205647477,1.015563550328772e-06,6.7543102853911545,6.253793338633183,1.0,0.7777777777777778,9,7
417,4,HOXA1,417,1.0,2.2466597467688065,0.3442608893244536,2.0549435596984165e-15,2.8212822041037877,2.0027410462199726,1.0,0.7777777777777778,9,7
414,4,HOXA1,414,1.0,2.2466597467688065,-0.03802473229900365,0.3952465206463648,-5.0954451018153435,4.859765499522688,1.0,0.7777777777777778,9,7
6934,4,PLAG1,6934,1.0,2.087304222200761,0.3021108504162657,4.703788645291219e-12,3.380906756286393,2.654334429497051,0.8888888888888888,0.32,25,9
6944,4,PLAG1,6944,1.0,2.087304222200761,0.33528774628987296,1.1813417944391853e-14,2.8433477827768145,2.008407214403779,0.8888888888888888,0.32,25,9
6946,4,PLAG1,6946,1.0,2.087304222200761,0.2813895072677706,1.3711078442050915e-10,4.504856856164197,3.835001530451424,0.8888888888888888,0.32,25,9
6940,4,PLAG1,6940,1.0,2.087304222200761,0.3513146850699131,4.991609127164618e-16,2.1337133605939,1.3506165636130836,0.8888888888888888,0.32,25,9
6945,4,PLAG1,6945,1.0,2.087304222200761,0.2752706273511921,3.5241454327804954e-10,3.164814712193098,2.329092491248738,0.8888888888888888,0.32,25,9
6935,4,PLAG1,6935,1.0,2.087304222200761,0.356457386131478,1.7391735672028064e-16,2.385960128976218,1.614663674700095,0.8888888888888888,0.32,25,9
6939,4,PLAG1,6939,1.0,2.087304222200761,-0.2768504795356496,2.7680031409444565e-10,-5.17146948558521,4.448226414699096,0.8888888888888888,0.32,25,9
6942,4,PLAG1,6942,1.0,2.087304222200761,0.38106712920463715,8.528424166370116e-19,5.1736480739026485,4.351845057882052,0.8888888888888888,0.32,25,9
8657,4,LHX8,8657,1.0,3.7760086171694485,0.4539009524374328,6.975322213237361e-27,4.470106954918022,3.6920224058472377,0.8181818181818182,0.5,18,11
8651,4,LHX8,8651,1.0,3.7760086171694485,0.26894092407927805,9.132393986966461e-10,5.9592330318218245,5.270075033475835,0.8181818181818182,0.5,18,11
8650,4,LHX8,8650,1.0,3.7760086171694485,0.34646447990054274,1.3257972676366633e-15,2.55441943957843,1.7329440589604248,0.8181818181818182,0.5,18,11
8649,4,LHX8,8649,1.0,3.7760086171694485,0.2317183177583995,1.517562931041659e-07,3.9871560970801285,3.221210420448281,0.8181818181818182,0.5,18,11
8652,4,LHX8,8652,1.0,3.7760086171694485,-0.21642553912008197,9.823665512464339e-07,-4.531527782604832,3.80730447989394,0.8181818181818182,0.5,18,11
8643,4,LHX8,8643,1.0,3.7760086171694485,0.6288834949503345,1.2659843579107723e-56,4.544928676325896,3.7572360899730763,0.8181818181818182,0.5,18,11
8656,4,LHX8,8656,1.0,3.7760086171694485,0.3705582162670347,8.737154748474958e-18,3.699419416771266,2.9221067668056144,0.8181818181818182,0.5,18,11
8646,4,LHX8,8646,1.0,3.7760086171694485,-0.20219858890420211,4.964387740240761e-06,-6.953967277153816,6.601287186445456,0.8181818181818182,0.5,18,11
8647,4,LHX8,8647,1.0,3.7760086171694485,0.38867682515672447,1.499436844522233e-19,5.82415166537985,5.2937563498128775,0.8181818181818182,0.5,18,11
2492,4,CEBPD,2492,-1.0,5.6135504616496,0.28841503546889097,4.5060284680463354e-11,-4.365338366859225,3.9032968924421034,1.0,0.5454545454545454,11,6
2500,4,CEBPD,2500,-1.0,5.6135504616496,-0.07626550262563275,0.0878252502311869,4.411432543271122,3.6258728385834473,1.0,0.5454545454545454,11,6
2499,4,CEBPD,2499,-1.0,5.6135504616496,-0.18533468416781795,2.9357857652399234e-05,3.1468526093062383,2.324114674875626,1.0,0.5454545454545454,11,6
2498,4,CEBPD,2498,-1.0,5.6135504616496,-0.19512673227045152,1.0657642549565253e-05,4.101345453105931,3.376557013737512,1.0,0.5454545454545454,11,6
2497,4,CEBPD,2497,-1.0,5.6135504616496,-0.20645651581362792,3.0929769208810413e-06,3.2983736394621057,2.452902100362933,1.0,0.5454545454545454,11,6
2493,4,CEBPD,2493,-1.0,5.6135504616496,-0.22103773095852447,5.671347074846685e-07,4.565452740857411,3.7871236024272847,1.0,0.5454545454545454,11,6
2729,4,TRIM28,2729,-1.0,1.3654779372943928,-0.2138040853336455,1.3352937306992709e-06,4.576527601032338,3.9680697278992825,0.7,0.4117647058823529,17,10
2734,4,TRIM28,2734,-1.0,1.3654779372943928,0.32303926755567464,1.17463425077418e-13,-2.4323033448217237,1.6177534577982149,0.7,0.4117647058823529,17,10
2732,4,TRIM28,2732,-1.0,1.3654779372943928,0.3922205725970536,6.570265523007869e-20,-2.6150924506666002,1.8268784674039757,0.7,0.4117647058823529,17,10
2741,4,TRIM28,2741,-1.0,1.3654779372943928,-0.19564854355034947,1.0082813301455602e-05,3.915083205963273,3.1264605974039856,0.7,0.4117647058823529,17,10
2739,4,TRIM28,2739,-1.0,1.3654779372943928,0.1993514021437138,6.774377705514607e-06,-2.8205565947694,1.9940485215784765,0.7,0.4117647058823529,17,10
2726,4,TRIM28,2726,-1.0,1.3654779372943928,0.5849443264548502,2.058577494100941e-47,-5.094122736477496,4.824482234969736,0.7,0.4117647058823529,17,10
2737,4,TRIM28,2737,-1.0,1.3654779372943928,-0.2821828956598933,1.2110724619412017e-10,3.5496161611325574,2.7305408246526524,0.7,0.4117647058823529,17,10
1218,4,NKX2-3,1218,-1.0,2.922564263514454,0.27404169091566877,4.247956645338464e-10,-2.2981214767663065,1.5007108509334641,0.5384615384615384,0.28,25,13
1207,4,NKX2-3,1207,-1.0,2.922564263514454,-0.35569943487912903,2.0340224181083729e-16,4.9711992481510725,4.238282662041668,0.5384615384615384,0.28,25,13
1202,4,NKX2-3,1202,-1.0,2.922564263514454,0.18250898105315216,3.8956165885638624e-05,-4.185141686546625,3.4956738572893196,0.5384615384615384,0.28,25,13
1200,4,NKX2-3,1200,-1.0,2.922564263514454,0.485829883747431,4.285260175794483e-31,-4.869104628653286,4.591162106561503,0.5384615384615384,0.28,25,13
1213,4,NKX2-3,1213,-1.0,2.922564263514454,-0.3334846763338856,1.66741886377386e-14,2.7975257224595613,1.9591166954618897,0.5384615384615384,0.28,25,13
1219,4,NKX2-3,1219,-1.0,2.922564263514454,-0.3301892133963804,3.1121505832915036e-14,4.423070137053141,3.6752740471287844,0.5384615384615384,0.28,25,13
1204,4,NKX2-3,1204,-1.0,2.922564263514454,-0.441148872178951,2.543241438802154e-25,2.639368329372922,1.8504943085948617,0.5384615384615384,0.28,25,13
6254,4,PROX1,6254,1.0,2.546363578404103,0.414226571292478,3.1123163521971665e-22,3.021510755167807,2.2448805381663113,0.6666666666666666,0.4,5,3
6257,4,PROX1,6257,1.0,2.546363578404103,0.48173515862621824,1.5746923354562726e-30,5.300698439100451,4.57556044235972,0.6666666666666666,0.4,5,3
8850,4,STAT1,8850,-1.0,2.464351812564757,0.9009476789097227,2.0232194816091885e-183,-4.622285414350065,3.8336239690805947,0.45454545454545453,0.2,25,11
8851,4,STAT1,8851,-1.0,2.464351812564757,0.587235610124353,7.373987413766703e-48,-3.7505447059428025,2.9880568297603483,0.45454545454545453,0.2,25,11
8863,4,STAT1,8863,-1.0,2.464351812564757,0.4278622465649835,9.202047532286933e-24,-2.0894954096234812,1.313429592381536,0.45454545454545453,0.2,25,11
8861,4,STAT1,8861,-1.0,2.464351812564757,0.10876502086794547,0.014765471494096823,-3.1065946858491102,2.28648954354734,0.45454545454545453,0.2,25,11
8847,4,STAT1,8847,-1.0,2.464351812564757,0.48654832462390996,3.4042195204621787e-31,-3.6960549354712247,2.9640267052951117,0.45454545454545453,0.2,25,11
6711,4,SOX5,6711,1.0,1.6366085356790054,-0.22451492011799387,3.7185640585195546e-07,-3.412799415339003,2.589070064313629,0.9411764705882353,0.64,25,17
6712,4,SOX5,6712,1.0,1.6366085356790054,0.2708980148603442,6.821277672973434e-10,4.366902977674103,3.580074289612014,0.9411764705882353,0.64,25,17
6704,4,SOX5,6704,1.0,1.6366085356790054,0.3086001205593858,1.5454034616213791e-12,3.1006109193273983,2.2831595605596995,0.9411764705882353,0.64,25,17
6705,4,SOX5,6705,1.0,1.6366085356790054,-0.2909262980796581,3.004420310168778e-11,-6.660716060095722,6.2752012043247145,0.9411764705882353,0.64,25,17
6713,4,SOX5,6713,1.0,1.6366085356790054,0.5461915890849893,2.2225068802068425e-40,4.15409914247441,3.4189982909325987,0.9411764705882353,0.64,25,17
6698,4,SOX5,6698,1.0,1.6366085356790054,0.3602462000813364,7.899825866134946e-17,7.327146525077458,7.163024521984074,0.9411764705882353,0.64,25,17
6702,4,SOX5,6702,1.0,1.6366085356790054,0.5772319871151205,6.146066679973728e-46,5.730637321241611,5.131487439073145,0.9411764705882353,0.64,25,17
6691,4,SOX5,6691,1.0,1.6366085356790054,0.6681895739773918,3.236904298216865e-66,4.694142931749956,3.906129633629512,0.9411764705882353,0.64,25,17
6703,4,SOX5,6703,1.0,1.6366085356790054,0.3876715271628355,1.8914535565390442e-19,3.683100149884864,2.9198310930738405,0.9411764705882353,0.64,25,17
6709,4,SOX5,6709,1.0,1.6366085356790054,0.5033549832391894,1.3327732485693048e-33,3.3864279471769496,2.5896404156424526,0.9411764705882353,0.64,25,17
6700,4,SOX5,6700,1.0,1.6366085356790054,0.7300322300075694,1.070703609725023e-84,2.3665236013656132,1.5621766630132725,0.9411764705882353,0.64,25,17
6692,4,SOX5,6692,1.0,1.6366085356790054,0.6257937714455944,6.289117638464095e-56,2.274540940005021,1.494070764650888,0.9411764705882353,0.64,25,17
6708,4,SOX5,6708,1.0,1.6366085356790054,0.3002136643953493,6.479162883061829e-12,2.163440489863453,1.3708063251374663,0.9411764705882353,0.64,25,17
6710,4,SOX5,6710,1.0,1.6366085356790054,0.4279869125905435,8.903883110953054e-24,3.5159325968773754,2.729969346320953,0.9411764705882353,0.64,25,17
6689,4,SOX5,6689,1.0,1.6366085356790054,0.5726193461101707,4.4898779666909867e-45,3.3494122020829997,2.610898581719325,0.9411764705882353,0.64,25,17
6699,4,SOX5,6699,1.0,1.6366085356790054,0.5075873875141672,3.1418464908974488e-34,3.3662119834946425,2.5808498656085477,0.9411764705882353,0.64,25,17
5279,4,MTF1,5279,1.0,1.4462705880199649,0.36342353351797985,4.0425496774343557e-17,3.7877295174124805,3.0164387875056766,0.8333333333333334,0.6,25,18
5276,4,MTF1,5276,1.0,1.4462705880199649,0.17401704238865304,8.88671829833493e-05,3.64365005619529,2.8580800850253425,0.8333333333333334,0.6,25,18
5261,4,MTF1,5261,1.0,1.4462705880199649,0.5214908985858687,2.358280441984047e-36,4.350204758466954,3.6594665141676668,0.8333333333333334,0.6,25,18
5268,4,MTF1,5268,1.0,1.4462705880199649,-0.40984785278832053,9.321594388645042e-22,-5.068224212317771,4.535841060549628,0.8333333333333334,0.6,25,18
5256,4,MTF1,5256,1.0,1.4462705880199649,0.3781365057739068,1.6457911544363266e-18,3.1632197339368986,2.406185150764914,0.8333333333333334,0.6,25,18
5260,4,MTF1,5260,1.0,1.4462705880199649,-0.4210879011068499,5.39922762322903e-23,-8.889300621146832,8.958398525357554,0.8333333333333334,0.6,25,18
5265,4,MTF1,5265,1.0,1.4462705880199649,0.26056021624861136,3.1029268791263847e-09,5.601782050805851,4.992045955852163,0.8333333333333334,0.6,25,18
5255,4,MTF1,5255,1.0,1.4462705880199649,-0.3060958153078333,2.382407775020249e-12,-6.338134632012599,6.566278451952812,0.8333333333333334,0.6,25,18
5269,4,MTF1,5269,1.0,1.4462705880199649,0.4830028346750377,1.0544492002698016e-30,4.917488563703676,4.210846764941857,0.8333333333333334,0.6,25,18
5271,4,MTF1,5271,1.0,1.4462705880199649,0.26651508749350405,1.3069040786431393e-09,2.206485682596249,1.4112179849181214,0.8333333333333334,0.6,25,18
5273,4,MTF1,5273,1.0,1.4462705880199649,0.582522423964693,6.039671101650653e-47,6.429058299571084,5.979789813652832,0.8333333333333334,0.6,25,18
5278,4,MTF1,5278,1.0,1.4462705880199649,0.2620106827603219,2.518602191788532e-09,3.2580834920720774,2.460092317561416,0.8333333333333334,0.6,25,18
5274,4,MTF1,5274,1.0,1.4462705880199649,0.48715019566025847,2.8060430136745095e-31,3.76402718736102,2.9275932219723724,0.8333333333333334,0.6,25,18
5275,4,MTF1,5275,1.0,1.4462705880199649,0.4061657679943195,2.315783605391614e-21,5.962374601226509,5.734793998410424,0.8333333333333334,0.6,25,18
5277,4,MTF1,5277,1.0,1.4462705880199649,0.24780349086149656,1.8414610284961267e-08,3.5400845169090562,2.703128150071648,0.8333333333333334,0.6,25,18
6714,4,C10orf90,6714,1.0,1.7787156966818656,0.2773552936068448,2.561592828476664e-10,3.3100863041287396,2.5578748932417446,1.0,0.5,14,7
6721,4,C10orf90,6721,1.0,1.7787156966818656,0.21139181494486387,1.7651239252293534e-06,3.3249737721617834,2.464782197078131,1.0,0.5,14,7
6715,4,C10orf90,6715,1.0,1.7787156966818656,0.4421069293711373,1.9513141224750508e-25,2.213388022579619,1.4373313830162522,1.0,0.5,14,7
6717,4,C10orf90,6717,1.0,1.7787156966818656,0.5138505154986027,3.5663820825645125e-35,2.3245860965263465,1.5213017166060248,1.0,0.5,14,7
6718,4,C10orf90,6718,1.0,1.7787156966818656,0.32311725572111594,1.1579573685536388e-13,4.298012172392407,3.5400855917183724,1.0,0.5,14,7
6720,4,C10orf90,6720,1.0,1.7787156966818656,0.42312646838331797,3.183569358834578e-23,3.461132344375458,2.7550576028643268,1.0,0.5,14,7
6725,4,C10orf90,6725,1.0,1.7787156966818656,0.03947576426520804,0.3774482422838281,3.0985935063612278,2.270071258085559,1.0,0.5,14,7
7086,4,FOXK1,7086,1.0,1.6414373656829697,0.400510836263522,9.165582464012939e-21,4.153246442150321,3.4350891468453226,0.9285714285714286,0.52,25,14
7099,4,FOXK1,7099,1.0,1.6414373656829697,0.312834114904058,7.364533596259489e-13,4.009181251656049,3.1845249133289615,0.9285714285714286,0.52,25,14
7090,4,FOXK1,7090,1.0,1.6414373656829697,-0.2679388041813769,1.0594409875294008e-09,-9.081896657516932,9.011787243501905,0.9285714285714286,0.52,25,14
7097,4,FOXK1,7097,1.0,1.6414373656829697,0.16300522129052628,0.00024479553495437145,4.117577854648409,3.3379338303272177,0.9285714285714286,0.52,25,14
7092,4,FOXK1,7092,1.0,1.6414373656829697,0.26046716101036743,3.144604252767496e-09,3.700946325153723,2.9021681829542234,0.9285714285714286,0.52,25,14
7078,4,FOXK1,7078,1.0,1.6414373656829697,0.44521804450155705,8.206517861503854e-26,2.6785788762881277,1.9198550072581961,0.9285714285714286,0.52,25,14
7077,4,FOXK1,7077,1.0,1.6414373656829697,0.22489909648675688,3.547644660028168e-07,4.538290096497319,3.7406587444682082,0.9285714285714286,0.52,25,14
7084,4,FOXK1,7084,1.0,1.6414373656829697,0.2828663441731935,1.0879289111588823e-10,5.118273196205069,4.486223585296605,0.9285714285714286,0.52,25,14
7085,4,FOXK1,7085,1.0,1.6414373656829697,0.36265604123191286,4.755936086540103e-17,5.615135480397964,5.018962155998121,0.9285714285714286,0.52,25,14
7096,4,FOXK1,7096,1.0,1.6414373656829697,0.21199998994510166,1.6457024079629997e-06,4.871934173178467,4.185699103601651,0.9285714285714286,0.52,25,14
7087,4,FOXK1,7087,1.0,1.6414373656829697,0.48069940924152343,2.182536042264673e-30,3.94616557580449,3.3730380237418087,0.9285714285714286,0.52,25,14
7098,4,FOXK1,7098,1.0,1.6414373656829697,0.5112713275894885,8.784978228163835e-35,4.750397608803738,4.123213390893967,0.9285714285714286,0.52,25,14
7076,4,FOXK1,7076,1.0,1.6414373656829697,0.6191763226495454,1.8346987137587093e-54,3.255713785985998,2.5057489083668623,0.9285714285714286,0.52,25,14
6386,4,BDP1,6386,1.0,2.4982902303327243,0.16324454684209555,0.00023962343309056908,3.8812621551541264,3.1333288441001352,0.7857142857142857,0.5,22,14
6387,4,BDP1,6387,1.0,2.4982902303327243,-0.36655221947414685,2.0747162706481203e-17,-2.419289105760257,1.6102078964437978,0.7857142857142857,0.5,22,14
6393,4,BDP1,6393,1.0,2.4982902303327243,0.40277944898303475,5.294764903191727e-21,2.461493172463127,1.636717094021328,0.7857142857142857,0.5,22,14
6383,4,BDP1,6383,1.0,2.4982902303327243,0.7316242346005083,3.0650654645957193e-85,3.314473093798431,2.557032890800082,0.7857142857142857,0.5,22,14
6396,4,BDP1,6396,1.0,2.4982902303327243,-0.31354905611776296,6.490537394075397e-13,-3.205714049549674,2.3567384181700155,0.7857142857142857,0.5,22,14
6402,4,BDP1,6402,1.0,2.4982902303327243,0.24488472462218366,2.730448877074572e-08,2.8540169223632694,2.0429709139884693,0.7857142857142857,0.5,22,14
6400,4,BDP1,6400,1.0,2.4982902303327243,-0.24415195019258687,3.0119091115200755e-08,-4.596832664805811,3.7739062564997123,0.7857142857142857,0.5,22,14
6391,4,BDP1,6391,1.0,2.4982902303327243,-0.06597459876568534,0.139914901770491,-7.099868458388723,6.563848922227745,0.7857142857142857,0.5,22,14
6394,4,BDP1,6394,1.0,2.4982902303327243,-0.1928184691028389,1.3596020005826214e-05,-2.56193884963619,1.7357467663194164,0.7857142857142857,0.5,22,14
6397,4,BDP1,6397,1.0,2.4982902303327243,0.13069418496298493,0.003351183104498139,4.899264154051198,4.226996826261666,0.7857142857142857,0.5,22,14
6395,4,BDP1,6395,1.0,2.4982902303327243,-0.2111734962745416,1.809984450779265e-06,-2.974334740050807,2.1683069082517887,0.7857142857142857,0.5,22,14
6602,4,PPARA,6602,1.0,2.3895926142858768,0.41660588275106386,1.7031686801733033e-22,2.9663267512905493,2.136846143670762,0.8823529411764706,0.6,25,17
6588,4,PPARA,6588,1.0,2.3895926142858768,0.20353737014418963,4.282730948684e-06,5.550454819491061,5.028596849168331,0.8823529411764706,0.6,25,17
6595,4,PPARA,6595,1.0,2.3895926142858768,0.28819515571124626,4.667928415360916e-11,5.215142758121855,4.450215289179727,0.8823529411764706,0.6,25,17
6587,4,PPARA,6587,1.0,2.3895926142858768,-0.45529969264736986,4.6580837690315956e-27,-3.4365703353139927,2.6426322825065007,0.8823529411764706,0.6,25,17
6597,4,PPARA,6597,1.0,2.3895926142858768,-0.34273207049185667,2.77945910532979e-15,-2.9456038323996534,2.1186481935386343,0.8823529411764706,0.6,25,17
6580,4,PPARA,6580,1.0,2.3895926142858768,0.2226903388695192,4.6444413704065935e-07,4.502132458330417,3.7052149970683104,0.8823529411764706,0.6,25,17
6591,4,PPARA,6591,1.0,2.3895926142858768,0.4160138768979747,1.9796994168441427e-22,4.843643598783806,4.1840509999582665,0.8823529411764706,0.6,25,17
6593,4,PPARA,6593,1.0,2.3895926142858768,0.3638156745525369,3.71979953754629e-17,4.119886015313424,3.355626135086794,0.8823529411764706,0.6,25,17
6594,4,PPARA,6594,1.0,2.3895926142858768,0.3258553979460783,6.990651085902132e-14,3.750558356972336,2.9155235524101326,0.8823529411764706,0.6,25,17
6578,4,PPARA,6578,1.0,2.3895926142858768,0.6855486116153712,6.150764317589963e-71,2.935002108812761,2.1776671147129387,0.8823529411764706,0.6,25,17
6599,4,PPARA,6599,1.0,2.3895926142858768,0.5875428536683613,6.421626369345845e-48,5.195754663932116,4.7057761761347825,0.8823529411764706,0.6,25,17
6600,4,PPARA,6600,1.0,2.3895926142858768,0.530965079100984,7.372441179907125e-38,3.523395953635057,2.7103614046845905,0.8823529411764706,0.6,25,17
6585,4,PPARA,6585,1.0,2.3895926142858768,-0.3645220785884213,3.201096348269186e-17,-7.46167258476137,6.907909036637837,0.8823529411764706,0.6,25,17
6589,4,PPARA,6589,1.0,2.3895926142858768,0.5714499889040403,7.396259912056365e-45,2.899489805922172,2.0900923138641363,0.8823529411764706,0.6,25,17
6598,4,PPARA,6598,1.0,2.3895926142858768,0.6076108181409907,5.5161098958385634e-52,5.681611401175259,5.422663294516571,0.8823529411764706,0.6,25,17
3607,4,DLX1,3607,1.0,4.044173441666827,-0.4534254608671057,7.998180601694853e-27,-2.269842291033557,1.4897316804986078,0.8666666666666667,0.6190476190476191,21,15
3601,4,DLX1,3601,1.0,4.044173441666827,-0.1945898432576487,1.128157222895342e-05,-3.2147044695879456,2.4222290223140193,0.8666666666666667,0.6190476190476191,21,15
3608,4,DLX1,3608,1.0,4.044173441666827,0.19130620744616944,1.5922761444230298e-05,5.029148572522446,4.358244609048626,0.8666666666666667,0.6190476190476191,21,15
3613,4,DLX1,3613,1.0,4.044173441666827,0.17310266732033,9.690041019771748e-05,3.8427847234605648,3.021514026909026,0.8666666666666667,0.6190476190476191,21,15
3610,4,DLX1,3610,1.0,4.044173441666827,0.22528379654757003,3.3840807136006424e-07,2.5693329938391742,1.7561925024997294,0.8666666666666667,0.6190476190476191,21,15
3602,4,DLX1,3602,1.0,4.044173441666827,0.1681838299160789,0.00015319950825717454,4.427377112832533,3.6244842759011053,0.8666666666666667,0.6190476190476191,21,15
3604,4,DLX1,3604,1.0,4.044173441666827,0.46939463178925916,7.164938286780173e-29,3.27902080431877,2.5001288963855757,0.8666666666666667,0.6190476190476191,21,15
3611,4,DLX1,3611,1.0,4.044173441666827,0.2326910790592249,1.3415237711763542e-07,5.664441270144746,5.134180282914918,0.8666666666666667,0.6190476190476191,21,15
3620,4,DLX1,3620,1.0,4.044173441666827,0.4616065911377785,7.368587595468396e-28,2.5377456592403393,1.7252844280479398,0.8666666666666667,0.6190476190476191,21,15
3616,4,DLX1,3616,1.0,4.044173441666827,0.034581357302693794,0.43945883640228534,2.564244379826758,1.7184603298088588,0.8666666666666667,0.6190476190476191,21,15
3600,4,DLX1,3600,1.0,4.044173441666827,-0.3055761455689403,2.6049445740443687e-12,-5.069961790331203,4.9539158174244715,0.8666666666666667,0.6190476190476191,21,15
3612,4,DLX1,3612,1.0,4.044173441666827,-0.24171340593776391,4.165352091025236e-08,-2.9053556134909524,2.116829033157924,0.8666666666666667,0.6190476190476191,21,15
3618,4,DLX1,3618,1.0,4.044173441666827,0.19329176533925177,1.2936892129260973e-05,4.064127788805326,3.2174118247209345,0.8666666666666667,0.6190476190476191,21,15
7047,4,BPTF,7047,1.0,2.4849473105669033,0.6164753493021877,7.104188240352695e-54,3.7767070853814633,3.1369043518969315,0.9166666666666666,0.44,25,12
7058,4,BPTF,7058,1.0,2.4849473105669033,0.6163858037926033,7.428636305253013e-54,6.21066863710233,5.925098097880882,0.9166666666666666,0.44,25,12
7050,4,BPTF,7050,1.0,2.4849473105669033,0.5597657227662486,9.731112495577215e-43,4.5938825509126575,3.8405424390737477,0.9166666666666666,0.44,25,12
7034,4,BPTF,7034,1.0,2.4849473105669033,0.8365790655783789,9.092649815646113e-133,2.9426031465778677,2.1677979457756655,0.9166666666666666,0.44,25,12
7052,4,BPTF,7052,1.0,2.4849473105669033,0.34812178056502935,9.513561698608692e-16,3.4428135718177835,2.6756957800867847,0.9166666666666666,0.44,25,12
7057,4,BPTF,7057,1.0,2.4849473105669033,-0.2706423386820807,7.087258273162987e-10,-5.219656138167188,4.743483173461564,0.9166666666666666,0.44,25,12
7053,4,BPTF,7053,1.0,2.4849473105669033,0.3834857116811975,4.932463551562473e-19,3.4354793382661555,2.626957827871942,0.9166666666666666,0.44,25,12
7054,4,BPTF,7054,1.0,2.4849473105669033,0.23549041414845612,9.379594848960603e-08,4.068081143402124,3.281193875484597,0.9166666666666666,0.44,25,12
7046,4,BPTF,7046,1.0,2.4849473105669033,-0.3694002219950806,1.1232586695117546e-17,-9.312488519785415,9.513281709923016,0.9166666666666666,0.44,25,12
7051,4,BPTF,7051,1.0,2.4849473105669033,0.31510452991666626,4.924955383764827e-13,6.1345495382804724,5.6707265972397005,0.9166666666666666,0.44,25,12
7037,4,BPTF,7037,1.0,2.4849473105669033,0.24954479056429368,1.4523350299025225e-08,4.733184954635415,3.9548611441473627,0.9166666666666666,0.44,25,12
5796,4,EBF1,5796,1.0,3.6138318379170657,0.8553529836084763,6.364766921694537e-145,4.593214156445164,3.801083187043559,0.8333333333333334,0.6,25,18
5811,4,EBF1,5811,1.0,3.6138318379170657,-0.28075547952829816,1.513643140795053e-10,-6.840562651310066,6.541703166482746,0.8333333333333334,0.6,25,18
5815,4,EBF1,5815,1.0,3.6138318379170657,0.24188248375529203,4.073213764887401e-08,2.064451385050328,1.308487727694671,0.8333333333333334,0.6,25,18
5801,4,EBF1,5801,1.0,3.6138318379170657,0.6694098358058819,1.5442257571080382e-66,2.46004165973995,1.643989343193625,0.8333333333333334,0.6,25,18
5809,4,EBF1,5809,1.0,3.6138318379170657,0.7496275300460045,1.1475322515742239e-91,2.5105669882234594,1.7123355646605694,0.8333333333333334,0.6,25,18
5817,4,EBF1,5817,1.0,3.6138318379170657,0.4219382988753075,4.333305680041515e-23,3.9163461510854964,3.118100859245953,0.8333333333333334,0.6,25,18
5812,4,EBF1,5812,1.0,3.6138318379170657,0.7657423069000648,6.65033208151609e-98,3.5473525841915046,2.7360585488207096,0.8333333333333334,0.6,25,18
5807,4,EBF1,5807,1.0,3.6138318379170657,0.5519553433508262,2.2830318168148794e-41,3.339317642667384,2.5070582753056785,0.8333333333333334,0.6,25,18
5802,4,EBF1,5802,1.0,3.6138318379170657,0.45080610167276036,1.6931250329537855e-26,2.389092702785569,1.5847365749271785,0.8333333333333334,0.6,25,18
5803,4,EBF1,5803,1.0,3.6138318379170657,0.7461545112510755,2.1966105542579905e-90,2.0980265395066002,1.3228348313345317,0.8333333333333334,0.6,25,18
5806,4,EBF1,5806,1.0,3.6138318379170657,0.4834539770940879,9.138311957095688e-31,2.9664653540132035,2.1632052815071363,0.8333333333333334,0.6,25,18
5805,4,EBF1,5805,1.0,3.6138318379170657,-0.17209314193802758,0.0001065615120786083,-3.065636923914793,2.2339092584646103,0.8333333333333334,0.6,25,18
5794,4,EBF1,5794,1.0,3.6138318379170657,0.36017437849701184,8.019679238668261e-17,2.7930676985464125,2.020869819017615,0.8333333333333334,0.6,25,18
5814,4,EBF1,5814,1.0,3.6138318379170657,0.6565829158455759,3.108727910410616e-63,2.0826656735097213,1.3110489320289687,0.8333333333333334,0.6,25,18
5818,4,EBF1,5818,1.0,3.6138318379170657,0.28682133408485794,5.815774537495313e-11,4.308175858423642,3.6094169536577443,0.8333333333333334,0.6,25,18
7453,4,GLI2,7453,1.0,1.7438208253387195,0.5755610194547579,1.2677681004252695e-45,2.348801364678317,1.546691899249436,0.8333333333333334,0.5555555555555556,9,6
7452,4,GLI2,7452,1.0,1.7438208253387195,-0.33349816410362404,1.6631398397467537e-14,-4.63998467531578,3.9152839024424138,0.8333333333333334,0.5555555555555556,9,6
7447,4,GLI2,7447,1.0,1.7438208253387195,0.3762831793265979,2.4856600875782546e-18,3.0232860740249956,2.2446012683977554,0.8333333333333334,0.5555555555555556,9,6
7448,4,GLI2,7448,1.0,1.7438208253387195,0.2878700789513462,4.9177282370833644e-11,4.340240959715687,3.522233137956027,0.8333333333333334,0.5555555555555556,9,6
7451,4,GLI2,7451,1.0,1.7438208253387195,0.4721059809048943,3.1382471650996815e-29,2.2101139472027826,1.4488045368824984,0.8333333333333334,0.5555555555555556,9,6
8590,4,NKX3-2,8590,1.0,3.373340433300896,0.48685901191000847,3.0811793233950018e-31,2.8861305065346965,2.045519485034107,0.8461538461538461,0.44,25,13
8579,4,NKX3-2,8579,1.0,3.373340433300896,-0.15108881497772958,0.0006830941345701592,-4.76850606643131,4.207297940260646,0.8461538461538461,0.44,25,13
8587,4,NKX3-2,8587,1.0,3.373340433300896,0.29137947709376616,2.791312345688773e-11,2.411758907803795,1.598017426017594,0.8461538461538461,0.44,25,13
8568,4,NKX3-2,8568,1.0,3.373340433300896,0.6787695013013471,4.693204028379142e-69,4.7342012890497225,3.9440610152152216,0.8461538461538461,0.44,25,13
8569,4,NKX3-2,8569,1.0,3.373340433300896,0.41986757870740304,7.394652988392954e-23,2.8822597567268624,2.075116242420647,0.8461538461538461,0.44,25,13
8573,4,NKX3-2,8573,1.0,3.373340433300896,0.5227257129736492,1.5105055273531785e-36,2.6027820123732277,1.776678158229053,0.8461538461538461,0.44,25,13
8574,4,NKX3-2,8574,1.0,3.373340433300896,0.27646992619010946,2.934222870188151e-10,3.1811577295424636,2.4568847755357504,0.8461538461538461,0.44,25,13
8580,4,NKX3-2,8580,1.0,3.373340433300896,0.49515067515615474,2.0728209123487206e-32,3.3191283664705344,2.488020265182576,0.8461538461538461,0.44,25,13
8583,4,NKX3-2,8583,1.0,3.373340433300896,0.6269411753723855,3.475180268075624e-56,2.1942744004307158,1.400115194861787,0.8461538461538461,0.44,25,13
8584,4,NKX3-2,8584,1.0,3.373340433300896,0.4028481883794085,5.2071142924430706e-21,2.4484345554404117,1.6300083671452452,0.8461538461538461,0.44,25,13
8591,4,NKX3-2,8591,1.0,3.373340433300896,0.5111948267861178,9.021988758208023e-35,3.177333631429773,2.327848589058735,0.8461538461538461,0.44,25,13
7937,4,ETV3,7937,1.0,2.459247719297942,-0.3547258567544088,2.485705735527672e-16,-3.3120596267855205,2.51189407543094,1.0,0.47058823529411764,17,8
7943,4,ETV3,7943,1.0,2.459247719297942,0.5353438924626727,1.43154958909457e-38,2.951074810717904,2.157398676385575,1.0,0.47058823529411764,17,8
7933,4,ETV3,7933,1.0,2.459247719297942,-0.4274566357609763,1.0242025443173148e-23,-5.775203882743095,5.288464050250323,1.0,0.47058823529411764,17,8
7938,4,ETV3,7938,1.0,2.459247719297942,-0.3476921708055932,1.0370222215199354e-15,-5.123561455151542,4.469882456536192,1.0,0.47058823529411764,17,8
7936,4,ETV3,7936,1.0,2.459247719297942,-0.485148322318872,5.3282803804168844e-31,-4.911525459393048,4.229871248002871,1.0,0.47058823529411764,17,8
7946,4,ETV3,7946,1.0,2.459247719297942,-0.3686722852995821,1.314749365521868e-17,-6.145600339255976,5.871452731861605,1.0,0.47058823529411764,17,8
7932,4,ETV3,7932,1.0,2.459247719297942,0.6762291437338704,2.3115778185059473e-68,3.046619758778642,2.2684030022617283,1.0,0.47058823529411764,17,8
7939,4,ETV3,7939,1.0,2.459247719297942,0.31574510282580115,4.393696985242213e-13,3.568364281920017,2.7730513166469914,1.0,0.47058823529411764,17,8
4640,4,LHX2,4640,-1.0,5.473898019460173,-0.22148390769647866,5.374404006313765e-07,5.428662237207876,4.982915064593058,0.5714285714285714,0.32,25,14
4643,4,LHX2,4643,-1.0,5.473898019460173,0.337599575113969,7.568905100989012e-15,-2.5088065762960707,1.6995011969165104,0.5714285714285714,0.32,25,14
4641,4,LHX2,4641,-1.0,5.473898019460173,0.49633130652521806,1.4029378033860585e-32,-3.236156565510353,2.4663922834511793,0.5714285714285714,0.32,25,14
4629,4,LHX2,4629,-1.0,5.473898019460173,-0.30081626491240826,5.85404410698407e-12,2.9036359994092167,2.1201153101893992,0.5714285714285714,0.32,25,14
4647,4,LHX2,4647,-1.0,5.473898019460173,0.3026343079796192,4.3042487830233725e-12,-5.010678967268733,4.208732345718498,0.5714285714285714,0.32,25,14
4625,4,LHX2,4625,-1.0,5.473898019460173,0.5313599386167263,6.36576126623447e-38,-4.1596692839898255,3.6112939367332877,0.5714285714285714,0.32,25,14
4644,4,LHX2,4644,-1.0,5.473898019460173,-0.25158145605607135,1.097733495309222e-08,2.3325819012049043,1.5448376499599275,0.5714285714285714,0.32,25,14
4627,4,LHX2,4627,-1.0,5.473898019460173,0.18868068515199657,2.0886374730163725e-05,-3.63768509018847,2.8928752232515484,0.5714285714285714,0.32,25,14
3650,4,SOX7,3650,1.0,1.9392027504781033,0.2263728030936456,2.959466928001836e-07,4.423793578582025,3.7422789102678475,0.9166666666666666,0.44,25,12
3656,4,SOX7,3656,1.0,1.9392027504781033,0.2380454017550825,6.739429092619554e-08,4.85569498169257,4.138820873666063,0.9166666666666666,0.44,25,12
3660,4,SOX7,3660,1.0,1.9392027504781033,0.267041357077375,1.2095025573272825e-09,4.95926948459994,4.284819412490737,0.9166666666666666,0.44,25,12
3661,4,SOX7,3661,1.0,1.9392027504781033,0.17546807804555162,7.739416029362883e-05,6.359214996678127,6.265865272218459,0.9166666666666666,0.44,25,12
3652,4,SOX7,3652,1.0,1.9392027504781033,0.3015722493533206,5.1526734901636965e-12,6.368049020910904,5.850792087892549,0.9166666666666666,0.44,25,12
3664,4,SOX7,3664,1.0,1.9392027504781033,0.36401553937106895,3.5651912634606416e-17,2.9153597135073204,2.1085939755329233,0.9166666666666666,0.44,25,12
3662,4,SOX7,3662,1.0,1.9392027504781033,0.1568798910618167,0.0004186227199526864,5.178507960990677,4.645719731031145,0.9166666666666666,0.44,25,12
3648,4,SOX7,3648,1.0,1.9392027504781033,-0.08473381387842518,0.0578052901072693,-5.386630138263998,5.257847920518947,0.9166666666666666,0.44,25,12
3658,4,SOX7,3658,1.0,1.9392027504781033,0.20154507741346844,5.333628507591227e-06,2.3894747408337333,1.5769109427528987,0.9166666666666666,0.44,25,12
3665,4,SOX7,3665,1.0,1.9392027504781033,0.3157795361096773,4.366787181813778e-13,3.3180066309562766,2.5047716296902967,0.9166666666666666,0.44,25,12
3668,4,SOX7,3668,1.0,1.9392027504781033,-0.22526970486169984,3.389941902145285e-07,-4.458939202616584,3.991820738042507,0.9166666666666666,0.44,25,12
5063,4,OSR1,5063,1.0,2.4354840969315457,-0.1816397159794507,4.246182485072014e-05,-4.820211762000585,4.055009659339204,0.6666666666666666,0.4444444444444444,9,6
5061,4,OSR1,5061,1.0,2.4354840969315457,0.5223483653603241,1.731131870001971e-36,2.3730934969179716,1.5908486113840443,0.6666666666666666,0.4444444444444444,9,6
5065,4,OSR1,5065,1.0,2.4354840969315457,0.3975308297677587,1.8725349480471566e-20,2.4902442668964073,1.6804848772994803,0.6666666666666666,0.4444444444444444,9,6
5059,4,OSR1,5059,1.0,2.4354840969315457,0.32295952300696273,1.1919300017660676e-13,3.3812519170586883,2.652416329901761,0.6666666666666666,0.4444444444444444,9,6
749,4,ZNF740,749,-1.0,6.30381571835973,-0.3369940435636058,8.50808538191512e-15,3.0119251005608585,2.2538917522634274,0.38461538461538464,0.2,25,13
757,4,ZNF740,757,-1.0,6.30381571835973,0.2368283796279982,7.892417970197955e-08,-3.1701302285337825,2.32986036201302,0.38461538461538464,0.2,25,13
762,4,ZNF740,762,-1.0,6.30381571835973,-0.32814250788420235,4.568141326629446e-14,5.198835190253137,4.441858787906417,0.38461538461538464,0.2,25,13
745,4,ZNF740,745,-1.0,6.30381571835973,0.5503142132011234,4.3840984725424736e-41,-3.928127826759928,3.2035897396599733,0.38461538461538464,0.2,25,13
743,4,ZNF740,743,-1.0,6.30381571835973,0.6143807052951513,2.011701679142115e-53,-5.912203320451974,5.985487266374288,0.38461538461538464,0.2,25,13
9138,4,PAX7,9138,1.0,3.5575681074337413,0.3188514839881091,2.5161756517961555e-13,3.0760314034973146,2.2055543764399252,1.0,0.6363636363636364,11,7
9136,4,PAX7,9136,1.0,3.5575681074337413,0.3512639097426399,5.043359454984578e-16,2.656039710221999,1.8519780827817927,1.0,0.6363636363636364,11,7
9139,4,PAX7,9139,1.0,3.5575681074337413,0.20496273238677057,3.655602622494519e-06,3.6564824087608723,2.8127443727588886,1.0,0.6363636363636364,11,7
9129,4,PAX7,9129,1.0,3.5575681074337413,0.384969261387497,3.5173281756959958e-19,4.997016042355198,4.2289507342705805,1.0,0.6363636363636364,11,7
9133,4,PAX7,9133,1.0,3.5575681074337413,0.28557755684000913,7.08934099605148e-11,2.56699774273028,1.7523678588025482,1.0,0.6363636363636364,11,7
9134,4,PAX7,9134,1.0,3.5575681074337413,0.16332073899294597,0.00023799840309437896,2.499183618020659,1.7072326406253227,1.0,0.6363636363636364,11,7
9135,4,PAX7,9135,1.0,3.5575681074337413,0.3494751152010318,7.244516646216324e-16,3.452531535972617,2.649177760707745,1.0,0.6363636363636364,11,7
5550,4,E4F1,5550,-1.0,6.109530457040704,0.5320456960980023,4.930784458212669e-38,-5.80816807791922,5.499017709190577,1.0,0.5,2,1
8023,4,ISL1,8023,-1.0,5.276779934558102,0.19492695329353796,1.0885871311595912e-05,-2.4709280404040137,1.6681268717288182,0.5,0.5,2,2
5787,4,CREB3L1,5787,1.0,3.769920285379191,0.6686969814578664,2.380475443318686e-66,3.260290477865755,2.431616386976543,0.75,0.5,6,4
5783,4,CREB3L1,5783,1.0,3.769920285379191,0.28395986179447397,9.158502553827902e-11,4.1368581416788315,3.5374179223875037,0.75,0.5,6,4
5784,4,CREB3L1,5784,1.0,3.769920285379191,0.7972596702628896,1.0911587960936664e-111,5.205111412855913,4.492025313595204,0.75,0.5,6,4
3421,4,SOX21,3421,1.0,1.476456235534261,0.4528006835056026,9.570486210516402e-27,4.343735693576841,3.602742676518565,0.5333333333333333,0.32,25,15
3407,4,SOX21,3407,1.0,1.476456235534261,-0.2705300440907472,7.207241709737949e-10,-4.463167073453732,3.6593055435762745,0.5333333333333333,0.32,25,15
3412,4,SOX21,3412,1.0,1.476456235534261,0.593670458976828,3.9477276384493696e-49,4.191392443606206,3.5976648453066153,0.5333333333333333,0.32,25,15
3416,4,SOX21,3416,1.0,1.476456235534261,0.3182362793528489,2.811313276046233e-13,5.204369198530185,4.681506419464135,0.5333333333333333,0.32,25,15
3402,4,SOX21,3402,1.0,1.476456235534261,0.4428833736810063,1.5732924890271e-25,3.2377485027628103,2.489038105086964,0.5333333333333333,0.32,25,15
3409,4,SOX21,3409,1.0,1.476456235534261,-0.1664664697993041,0.00017923631504607057,-3.262625349280439,2.430359662087322,0.5333333333333333,0.32,25,15
3425,4,SOX21,3425,1.0,1.476456235534261,0.1490637132577607,0.0008074287117338794,2.828985412546488,2.0109043260780317,0.5333333333333333,0.32,25,15
3403,4,SOX21,3403,1.0,1.476456235534261,0.7394124029856433,5.911705179901743e-88,2.4005081000261552,1.6154111100383282,0.5333333333333333,0.32,25,15
7114,4,BCL6B,7114,1.0,3.6482513158902825,0.4346142056457211,1.515304180387101e-24,5.637260534729612,4.9038038799883665,0.875,0.56,25,16
7110,4,BCL6B,7110,1.0,3.6482513158902825,-0.20265557453285865,4.720826618422949e-06,-3.2675124957560113,2.467866984360088,0.875,0.56,25,16
7101,4,BCL6B,7101,1.0,3.6482513158902825,0.39914422380951553,1.2730272614841562e-20,3.2533466673427083,2.4944081681889503,0.875,0.56,25,16
7109,4,BCL6B,7109,1.0,3.6482513158902825,0.3349608672368774,1.2577147348205068e-14,2.5022796991193506,1.6833286828822072,0.875,0.56,25,16
7107,4,BCL6B,7107,1.0,3.6482513158902825,0.48202039522295576,1.4390290934847406e-30,3.134502825351431,2.3128540934637956,0.875,0.56,25,16
7125,4,BCL6B,7125,1.0,3.6482513158902825,0.3933920631090951,4.990729066485722e-20,2.206145386341816,1.4311076370338205,0.875,0.56,25,16
7108,4,BCL6B,7108,1.0,3.6482513158902825,0.30896914478963466,1.449409530792187e-12,3.5826642895157876,2.777496097805206,0.875,0.56,25,16
7115,4,BCL6B,7115,1.0,3.6482513158902825,0.6775872190100564,9.876407711098716e-69,2.4576067706299436,1.6419009807635974,0.875,0.56,25,16
7112,4,BCL6B,7112,1.0,3.6482513158902825,0.2898933900948153,3.551204218686933e-11,3.8694113904368397,3.083548148077477,0.875,0.56,25,16
7122,4,BCL6B,7122,1.0,3.6482513158902825,0.3182956321284546,2.78142247418956e-13,2.142398488693251,1.3552475130068262,0.875,0.56,25,16
7119,4,BCL6B,7119,1.0,3.6482513158902825,0.2183709063224489,7.80318877939835e-07,2.44030969098506,1.6425434957271188,0.875,0.56,25,16
7102,4,BCL6B,7102,1.0,3.6482513158902825,0.6242184747278905,1.414243669767756e-55,4.705221499156252,3.9138136814737567,0.875,0.56,25,16
7113,4,BCL6B,7113,1.0,3.6482513158902825,0.5322772433320017,4.522738382098868e-38,5.3677463829498295,4.745596540994461,0.875,0.56,25,16
7111,4,BCL6B,7111,1.0,3.6482513158902825,0.6135389395620456,3.0498061011363235e-53,4.117253377091643,3.319358689205449,0.875,0.56,25,16
1732,4,RUNX3,1732,-1.0,2.5448608331885665,0.5850601475006155,1.9548543174274154e-47,-3.7485030817447322,3.007069074696388,0.46153846153846156,0.24,25,13
1737,4,RUNX3,1737,-1.0,2.5448608331885665,0.3012829338827355,5.410809142785007e-12,-4.298403149438685,3.50125205922731,0.46153846153846156,0.24,25,13
1738,4,RUNX3,1738,-1.0,2.5448608331885665,0.505206421608242,7.100834526791441e-34,-3.675998221294532,2.9106780179457243,0.46153846153846156,0.24,25,13
1730,4,RUNX3,1730,-1.0,2.5448608331885665,0.40598923812849697,2.41836736247441e-21,-6.016352799603085,6.096051857455958,0.46153846153846156,0.24,25,13
1743,4,RUNX3,1743,-1.0,2.5448608331885665,0.31083385414070436,1.0467941137700225e-12,-3.2867846809173606,2.4866285117551516,0.46153846153846156,0.24,25,13
1742,4,RUNX3,1742,-1.0,2.5448608331885665,0.2977217924411923,9.832027793270565e-12,-2.486083887995476,1.6674189859950745,0.46153846153846156,0.24,25,13
1148,4,MEIS2,1148,1.0,2.461067674750384,0.17848151210114127,5.787626098945298e-05,2.237609020667594,1.426819568526576,0.8888888888888888,0.34782608695652173,23,9
1128,4,MEIS2,1128,1.0,2.461067674750384,0.4954448227731685,1.8809954827713274e-32,3.352586848405558,2.604307821736124,0.8888888888888888,0.34782608695652173,23,9
1129,4,MEIS2,1129,1.0,2.461067674750384,0.3391101253727249,5.647079416530687e-15,4.824839468362148,4.054494811738446,0.8888888888888888,0.34782608695652173,23,9
1147,4,MEIS2,1147,1.0,2.461067674750384,0.30641766691166783,2.2540215808592703e-12,3.437754636908381,2.6451390946217335,0.8888888888888888,0.34782608695652173,23,9
1133,4,MEIS2,1133,1.0,2.461067674750384,0.34486788266749435,1.82189951347628e-15,5.531568310589689,4.967716253989256,0.8888888888888888,0.34782608695652173,23,9
1142,4,MEIS2,1142,1.0,2.461067674750384,0.22767946558784563,2.5174595674169165e-07,2.542901163859486,1.7108320352717257,0.8888888888888888,0.34782608695652173,23,9
1130,4,MEIS2,1130,1.0,2.461067674750384,0.529425351652283,1.304494162582281e-37,2.3942673169111632,1.6080096164665865,0.8888888888888888,0.34782608695652173,23,9
1137,4,MEIS2,1137,1.0,2.461067674750384,0.1909753872689146,1.647993409181441e-05,4.554047627422431,3.9090192176915735,0.8888888888888888,0.34782608695652173,23,9
14,4,ETS1,14,1.0,2.6680791439878493,0.3395696152545329,5.164047842828339e-15,5.909187173828853,5.396340586336954,0.6666666666666666,0.32,25,12
5,4,ETS1,5,1.0,2.6680791439878493,0.6314467134734831,3.3029471848576537e-57,2.7500671271188875,1.9653273596386414,0.6666666666666666,0.32,25,12
1,4,ETS1,1,1.0,2.6680791439878493,0.25782680162553556,4.581806261513269e-09,3.138379757454514,2.3782532541351493,0.6666666666666666,0.32,25,12
23,4,ETS1,23,1.0,2.6680791439878493,-0.17492340610060086,8.152652135327798e-05,-2.801189334568035,1.9714149944606416,0.6666666666666666,0.32,25,12
18,4,ETS1,18,1.0,2.6680791439878493,-0.23400779093362148,1.1343330923469445e-07,-3.3275169511939446,2.5011068592490275,0.6666666666666666,0.32,25,12
22,4,ETS1,22,1.0,2.6680791439878493,0.5358478705266789,1.1836168800136797e-38,3.5149236448334134,2.7488778606344106,0.6666666666666666,0.32,25,12
3,4,ETS1,3,1.0,2.6680791439878493,0.5416825572793645,1.2787046947367893e-39,4.7373531513083496,3.9521034173627214,0.6666666666666666,0.32,25,12
0,4,ETS1,0,1.0,2.6680791439878493,-0.29369888453708887,1.911538360518201e-11,-7.6059765444978025,8.499985249520181,0.6666666666666666,0.32,25,12
5248,4,HOXB6,5248,1.0,1.8547695444236685,0.2181004252439517,8.05807414306903e-07,4.230876707917216,3.4869121485801466,0.5,0.2,15,6
5242,4,HOXB6,5242,1.0,1.8547695444236685,0.21488143484161326,1.1775899180724717e-06,2.5940599501634622,1.8273829575413092,0.5,0.2,15,6
5252,4,HOXB6,5252,1.0,1.8547695444236685,0.32554882612497904,7.398908530056087e-14,2.460152048925784,1.6500936015195888,0.5,0.2,15,6
6416,4,MEF2D,6416,1.0,1.8636806767315892,0.466248433487156,1.8502936530250217e-28,2.3952244742563393,1.5843209369213564,0.8666666666666667,0.52,25,15
6405,4,MEF2D,6405,1.0,1.8636806767315892,0.501486868089362,2.5059690379132812e-33,3.151470621520474,2.392835829975208,0.8666666666666667,0.52,25,15
6420,4,MEF2D,6420,1.0,1.8636806767315892,0.1774989777915279,6.366175102298234e-05,2.4600081894613317,1.6645436010703294,0.8666666666666667,0.52,25,15
6408,4,MEF2D,6408,1.0,1.8636806767315892,0.5522347936381521,2.042225313511411e-41,4.476634588261632,3.6729653072238113,0.8666666666666667,0.52,25,15
6427,4,MEF2D,6427,1.0,1.8636806767315892,0.2187227329061867,7.483214373486823e-07,6.365414363771841,5.749285443522572,0.8666666666666667,0.52,25,15
6422,4,MEF2D,6422,1.0,1.8636806767315892,0.4197410190193619,7.639258982985163e-23,2.7018349495820857,1.8711727829737355,0.8666666666666667,0.52,25,15
6417,4,MEF2D,6417,1.0,1.8636806767315892,0.2623204874576764,2.4084319337711725e-09,2.8653344244498986,2.032365428567216,0.8666666666666667,0.52,25,15
6414,4,MEF2D,6414,1.0,1.8636806767315892,0.43123737238757026,3.753992485699717e-24,3.12183949577943,2.2964988881413118,0.8666666666666667,0.52,25,15
6411,4,MEF2D,6411,1.0,1.8636806767315892,0.5196250509444229,4.6072138160075695e-36,3.622816857632213,2.806391075262038,0.8666666666666667,0.52,25,15
6426,4,MEF2D,6426,1.0,1.8636806767315892,0.5939489621898354,3.472760027979913e-49,3.241296488700626,2.4558084235710074,0.8666666666666667,0.52,25,15
6409,4,MEF2D,6409,1.0,1.8636806767315892,0.3496825663856876,6.947355925844933e-16,2.2785285115202685,1.511478237203874,0.8666666666666667,0.52,25,15
6423,4,MEF2D,6423,1.0,1.8636806767315892,0.3015954894484988,5.1324682317751545e-12,3.1612705198873905,2.3806366601705564,0.8666666666666667,0.52,25,15
6428,4,MEF2D,6428,1.0,1.8636806767315892,0.1788030791323818,5.609318816811578e-05,4.95505527518212,4.235142505250807,0.8666666666666667,0.52,25,15
3983,4,RFC5,3983,-1.0,5.558103832880715,0.709699339094379,4.387905017083772e-78,-5.0648706610924785,5.040411256615909,0.5,0.14285714285714285,7,2
5987,4,SMAD1,5987,1.0,2.5023411268395344,-0.30773087457553033,1.7967636742458262e-12,-3.87453979206967,3.126456634402955,0.9375,0.6,25,16
5968,4,SMAD1,5968,1.0,2.5023411268395344,0.30081784740657846,5.852482739921463e-12,4.718852416019111,3.937188376622556,0.9375,0.6,25,16
5988,4,SMAD1,5988,1.0,2.5023411268395344,0.37132269958273595,7.397695386062133e-18,2.839292606442805,2.005499589307047,0.9375,0.6,25,16
5974,4,SMAD1,5974,1.0,2.5023411268395344,0.5993548929008672,2.813168404560649e-50,2.2977708423357477,1.4983512499199019,0.9375,0.6,25,16
5982,4,SMAD1,5982,1.0,2.5023411268395344,0.18689205511734802,2.5074158232150846e-05,4.501975756557177,3.759074986527354,0.9375,0.6,25,16
5986,4,SMAD1,5986,1.0,2.5023411268395344,0.3378186400835391,7.254841398762485e-15,5.251621813323658,4.560541525969921,0.9375,0.6,25,16
5983,4,SMAD1,5983,1.0,2.5023411268395344,-0.3215819713017076,1.533257960599898e-13,-7.90168154965076,7.6734049275672795,0.9375,0.6,25,16
5977,4,SMAD1,5977,1.0,2.5023411268395344,0.4539157212651282,6.945715171725955e-27,4.646519404718366,3.9583765797229655,0.9375,0.6,25,16
5981,4,SMAD1,5981,1.0,2.5023411268395344,0.4335306480652313,2.0295846383637764e-24,4.450401879755665,3.689573796157947,0.9375,0.6,25,16
5978,4,SMAD1,5978,1.0,2.5023411268395344,0.45455866561254654,5.770443401578438e-27,3.5633067692997225,2.9277764762262732,0.9375,0.6,25,16
5969,4,SMAD1,5969,1.0,2.5023411268395344,0.47279170599894677,2.543922754161414e-29,2.7880018584357042,2.0098005045755922,0.9375,0.6,25,16
5989,4,SMAD1,5989,1.0,2.5023411268395344,0.34687535260322977,1.2213034670998043e-15,4.092793413804627,3.3292875950785854,0.9375,0.6,25,16
5966,4,SMAD1,5966,1.0,2.5023411268395344,0.7080757575879741,1.398378257901071e-77,3.062224462808091,2.2941142223425466,0.9375,0.6,25,16
5975,4,SMAD1,5975,1.0,2.5023411268395344,0.3968999894755569,2.176252722387269e-20,3.1318630742107505,2.3013553816122485,0.9375,0.6,25,16
5980,4,SMAD1,5980,1.0,2.5023411268395344,0.27531454638820224,3.500636999870311e-10,3.4490448757698546,2.6441497149173867,0.9375,0.6,25,16
6627,4,DMRT2,6627,1.0,1.5187107237980768,0.1907041130092682,1.6950593284304587e-05,4.943739413725218,4.150124320274144,1.0,0.5555555555555556,18,10
6625,4,DMRT2,6625,1.0,1.5187107237980768,0.3331163048840683,1.7885520700561977e-14,2.657417951225361,1.8240348319924977,1.0,0.5555555555555556,18,10
6611,4,DMRT2,6611,1.0,1.5187107237980768,0.4473946351154998,4.4531766758361734e-26,2.294393468254425,1.5207983614421634,1.0,0.5555555555555556,18,10
6620,4,DMRT2,6620,1.0,1.5187107237980768,0.16052059514148334,0.00030502149213526347,4.285833800436955,3.579450471336283,1.0,0.5555555555555556,18,10
6617,4,DMRT2,6617,1.0,1.5187107237980768,0.2597864681908961,3.4664364687911256e-09,4.711107254936173,3.9707339616936568,1.0,0.5555555555555556,18,10
6610,4,DMRT2,6610,1.0,1.5187107237980768,0.28431281156317056,8.662030542160417e-11,3.0467466498188416,2.283490168042604,1.0,0.5555555555555556,18,10
6615,4,DMRT2,6615,1.0,1.5187107237980768,0.4259691230434659,1.514901967598176e-23,2.847812665765454,2.0591422792619314,1.0,0.5555555555555556,18,10
6621,4,DMRT2,6621,1.0,1.5187107237980768,0.25043417354886643,1.2856122602932036e-08,3.5340417058460476,2.7659048942919697,1.0,0.5555555555555556,18,10
6614,4,DMRT2,6614,1.0,1.5187107237980768,-0.18849964762329927,2.1277944643130543e-05,-4.085569229422907,3.2609719959495727,1.0,0.5555555555555556,18,10
6624,4,DMRT2,6624,1.0,1.5187107237980768,0.20673269503108552,2.9984643396805775e-06,5.884356712788138,5.395436191041263,1.0,0.5555555555555556,18,10
8254,4,TCF4,8254,1.0,3.7502248583899402,-0.4394897878990342,4.015842024715206e-25,-2.584028180610922,1.7504012802148885,0.8823529411764706,0.6,25,17
8257,4,TCF4,8257,1.0,3.7502248583899402,0.35107697209637656,5.238469364710202e-16,5.611683093162623,4.871255931016424,0.8823529411764706,0.6,25,17
8243,4,TCF4,8243,1.0,3.7502248583899402,0.609979695271129,1.7473446116481403e-52,3.4899246064584366,2.761250300387086,0.8823529411764706,0.6,25,17
8256,4,TCF4,8256,1.0,3.7502248583899402,0.6770074497785101,1.4206998359606388e-68,5.224201206736135,4.533256265698155,0.8823529411764706,0.6,25,17
8260,4,TCF4,8260,1.0,3.7502248583899402,-0.38107689953036505,8.509658157617871e-19,-5.729276030890686,5.094500149762922,0.8823529411764706,0.6,25,17
8267,4,TCF4,8267,1.0,3.7502248583899402,0.3608129593979886,7.013826336205107e-17,3.9199065054590205,3.169388716364692,0.8823529411764706,0.6,25,17
8263,4,TCF4,8263,1.0,3.7502248583899402,-0.3158781879422703,4.290580411073616e-13,-2.7795536981710605,1.9579241745307614,0.8823529411764706,0.6,25,17
8264,4,TCF4,8264,1.0,3.7502248583899402,0.3658115718694489,2.4312253268965225e-17,2.3786038951374096,1.5644263661668154,0.8823529411764706,0.6,25,17
8262,4,TCF4,8262,1.0,3.7502248583899402,0.21069446574127768,1.9122753457860353e-06,2.2659358862316923,1.4715769846362392,0.8823529411764706,0.6,25,17
8258,4,TCF4,8258,1.0,3.7502248583899402,0.4275751128176192,9.926805583363367e-24,3.848965157640868,2.9943581604516316,0.8823529411764706,0.6,25,17
8266,4,TCF4,8266,1.0,3.7502248583899402,-0.2793835550525366,1.8732283756383384e-10,-2.132610623713592,1.350169715384021,0.8823529411764706,0.6,25,17
8253,4,TCF4,8253,1.0,3.7502248583899402,0.6154542079773192,1.1811729798347e-53,3.7776014998814382,3.002153456748576,0.8823529411764706,0.6,25,17
8252,4,TCF4,8252,1.0,3.7502248583899402,0.37911941951364553,1.321111738328423e-18,5.372397616617466,4.740810219953927,0.8823529411764706,0.6,25,17
8259,4,TCF4,8259,1.0,3.7502248583899402,0.284116661293778,8.934609937205079e-11,3.042602112793309,2.227962184980275,0.8823529411764706,0.6,25,17
8245,4,TCF4,8245,1.0,3.7502248583899402,0.7950064244634538,1.2674461335356699e-110,4.911813474364273,4.13673067367767,0.8823529411764706,0.6,25,17
6609,4,ATF7,6609,1.0,2.4599943184702373,-0.36917322792258545,1.1798213610221761e-17,-5.285252283372535,4.639602915257539,1.0,0.2857142857142857,7,2
6603,4,ATF7,6603,1.0,2.4599943184702373,0.7217538341769882,6.210386498927745e-82,3.226888125452785,2.483395409804818,1.0,0.2857142857142857,7,2
1302,4,BARX1,1302,1.0,1.8189383749944887,0.19917468217141288,6.905348940862405e-06,2.3857305435051206,1.5849691117588987,0.5714285714285714,0.32,25,14
1286,4,BARX1,1286,1.0,1.8189383749944887,0.3812690720050536,8.14870646317258e-19,4.8142381304415,4.033122556318277,0.5714285714285714,0.32,25,14
1292,4,BARX1,1292,1.0,1.8189383749944887,0.32094098146576683,1.723110895051057e-13,3.604199687403749,2.795380044383262,0.5714285714285714,0.32,25,14
1296,4,BARX1,1296,1.0,1.8189383749944887,0.2621001628657451,2.4862891222886527e-09,3.1775047267183427,2.3418051319364723,0.5714285714285714,0.32,25,14
1288,4,BARX1,1288,1.0,1.8189383749944887,0.2546922604423182,7.1244179023997525e-09,2.4245114822025946,1.64380343920654,0.5714285714285714,0.32,25,14
1300,4,BARX1,1300,1.0,1.8189383749944887,0.2529038156982079,9.140987765774314e-09,3.1284566942122156,2.2917667845291434,0.5714285714285714,0.32,25,14
1305,4,BARX1,1305,1.0,1.8189383749944887,0.3249267071079661,8.300488957443693e-14,3.939602200304113,3.1499554934935707,0.5714285714285714,0.32,25,14
1290,4,BARX1,1290,1.0,1.8189383749944887,0.21766157007978215,8.488717389828635e-07,3.300893200608999,2.531859051212768,0.5714285714285714,0.32,25,14
6307,4,SATB1,6307,1.0,2.4644446720506137,0.5106711639887042,1.0823432910041868e-34,3.9338988001907804,3.157380080448988,0.8571428571428571,0.48,25,14
6300,4,SATB1,6300,1.0,2.4644446720506137,0.6943644808629911,1.829750009904227e-73,2.6207612248956487,1.8078747848990584,0.8571428571428571,0.48,25,14
6301,4,SATB1,6301,1.0,2.4644446720506137,0.5470223722910528,1.6053385173444887e-40,3.147559278945707,2.3324013900672016,0.8571428571428571,0.48,25,14
6305,4,SATB1,6305,1.0,2.4644446720506137,0.15015506123504221,0.000738037284922516,4.955486229979797,4.18442104902106,0.8571428571428571,0.48,25,14
6299,4,SATB1,6299,1.0,2.4644446720506137,0.5488589089553145,7.795679355879822e-41,5.429828792619174,4.783011544621851,0.8571428571428571,0.48,25,14
6287,4,SATB1,6287,1.0,2.4644446720506137,0.532486973333793,4.1821214116343786e-38,2.3867237786052002,1.616078649218558,0.8571428571428571,0.48,25,14
6284,4,SATB1,6284,1.0,2.4644446720506137,0.5885566909633166,4.0645532044098234e-48,3.0539764022215734,2.2880625363469647,0.8571428571428571,0.48,25,14
6295,4,SATB1,6295,1.0,2.4644446720506137,0.29568036350923727,1.379523490347756e-11,3.1225580431682096,2.2962116211594488,0.8571428571428571,0.48,25,14
6298,4,SATB1,6298,1.0,2.4644446720506137,0.4210605821378241,5.437452283283363e-23,3.4556703497149006,2.762364482845527,0.8571428571428571,0.48,25,14
6286,4,SATB1,6286,1.0,2.4644446720506137,0.482635356598629,1.1846486651661927e-30,4.9222790396012694,4.145838086068542,0.8571428571428571,0.48,25,14
6306,4,SATB1,6306,1.0,2.4644446720506137,0.1342878625377776,0.0025703552024322956,2.6896731710206074,1.8615932510454443,0.8571428571428571,0.48,25,14
6308,4,SATB1,6308,1.0,2.4644446720506137,0.2900495255913999,3.46272497635849e-11,2.4002028010422856,1.5974859827211907,0.8571428571428571,0.48,25,14
7283,4,SP3,7283,1.0,2.4905339552564625,0.5590397780789083,1.3093782037857079e-42,2.075729353422324,1.3155878432310668,0.9230769230769231,0.48,25,13
7295,4,SP3,7295,1.0,2.4905339552564625,-0.1516429016141005,0.0006523088178729909,-7.716580457701654,7.3671487095769015,0.9230769230769231,0.48,25,13
7290,4,SP3,7290,1.0,2.4905339552564625,0.39218566502552066,6.624208515231005e-20,5.843881891029383,5.208783993183262,0.9230769230769231,0.48,25,13
7296,4,SP3,7296,1.0,2.4905339552564625,0.48450907741517596,6.533259043175561e-31,3.24126793404003,2.401184822205936,0.9230769230769231,0.48,25,13
7297,4,SP3,7297,1.0,2.4905339552564625,0.5111653717269824,9.114924039125421e-35,3.4905564785878695,2.6861821615721677,0.9230769230769231,0.48,25,13
7289,4,SP3,7289,1.0,2.4905339552564625,-0.1751072399963366,8.010909082394922e-05,-5.4512566506326054,4.8219301558468075,0.9230769230769231,0.48,25,13
7281,4,SP3,7281,1.0,2.4905339552564625,0.7847109674420021,6.374405589101798e-106,3.3067474797881133,2.560289896915377,0.9230769230769231,0.48,25,13
7303,4,SP3,7303,1.0,2.4905339552564625,0.37423235949904027,3.910706184813713e-18,3.2876486193604744,2.4767448401777883,0.9230769230769231,0.48,25,13
7291,4,SP3,7291,1.0,2.4905339552564625,-0.44771109014021887,4.072966421925993e-26,-4.884816251553082,4.099266670272896,0.9230769230769231,0.48,25,13
7282,4,SP3,7282,1.0,2.4905339552564625,0.18060062935126317,4.704397674978779e-05,4.255002376871563,3.440113123053188,0.9230769230769231,0.48,25,13
7292,4,SP3,7292,1.0,2.4905339552564625,0.6331364106792315,1.352773514866758e-57,3.7012084110893837,2.911585137033483,0.9230769230769231,0.48,25,13
7299,4,SP3,7299,1.0,2.4905339552564625,-0.16987859801137825,0.0001310188820535002,-3.508088476469124,2.753329199987807,0.9230769230769231,0.48,25,13
3692,4,KLF1,3692,-1.0,3.023925332759742,-0.16742873664288532,0.00016417676897107836,3.5191362530162738,2.687088717213675,1.0,0.5454545454545454,22,12
3685,4,KLF1,3685,-1.0,3.023925332759742,-0.07147035885573665,0.10973780533913247,4.030527608696094,3.2662227632806564,1.0,0.5454545454545454,22,12
3680,4,KLF1,3680,-1.0,3.023925332759742,-0.10223858559437198,0.021964129599657812,6.192059966775349,5.7130655517646005,1.0,0.5454545454545454,22,12
3687,4,KLF1,3687,-1.0,3.023925332759742,0.2847031967078824,8.143443067945917e-11,-2.7690053432573203,1.9351299972872853,1.0,0.5454545454545454,22,12
3688,4,KLF1,3688,-1.0,3.023925332759742,-0.17707942068422244,6.629494594317213e-05,3.569590494434933,2.760407659796398,1.0,0.5454545454545454,22,12
3690,4,KLF1,3690,-1.0,3.023925332759742,0.4284695734061884,7.836814282865484e-24,-3.047317186209241,2.2762478822792476,1.0,0.5454545454545454,22,12
3684,4,KLF1,3684,-1.0,3.023925332759742,-0.35418853928419736,2.775800403923795e-16,3.4297745103179147,2.607422840498383,1.0,0.5454545454545454,22,12
3674,4,KLF1,3674,-1.0,3.023925332759742,0.41422866375068373,3.110673236918057e-22,-4.485478174848957,3.8482504420659582,1.0,0.5454545454545454,22,12
3679,4,KLF1,3679,-1.0,3.023925332759742,0.29819340377733555,9.088607320698967e-12,-3.257180714861347,2.447831494709018,1.0,0.5454545454545454,22,12
3673,4,KLF1,3673,-1.0,3.023925332759742,0.5608108867580828,6.3389710793374614e-43,-6.979445901725813,7.268208269957974,1.0,0.5454545454545454,22,12
3682,4,KLF1,3682,-1.0,3.023925332759742,-0.2854753425174485,7.205338877495866e-11,3.517475295709086,2.761877154058674,1.0,0.5454545454545454,22,12
3694,4,KLF1,3694,-1.0,3.023925332759742,0.36418876684512674,3.436314094274837e-17,-3.451737406407755,2.5905257733943747,1.0,0.5454545454545454,22,12
8928,4,TBX2,8928,1.0,1.9142603294548464,0.45370504268802336,7.380068409570206e-27,3.667665729209195,2.8621757868165165,1.0,0.5555555555555556,9,5
8930,4,TBX2,8930,1.0,1.9142603294548464,0.1890373530461196,2.0134853995351643e-05,2.615109134785178,1.8178762815725196,1.0,0.5555555555555556,9,5
8924,4,TBX2,8924,1.0,1.9142603294548464,0.2920081438984956,2.51993265709261e-11,2.712292070672801,1.9329896772503836,1.0,0.5555555555555556,9,5
8923,4,TBX2,8923,1.0,1.9142603294548464,0.6590421922030808,7.442570034047707e-64,4.83905481581119,4.034342604372038,1.0,0.5555555555555556,9,5
8931,4,TBX2,8931,1.0,1.9142603294548464,0.25880582620648934,3.986897612603945e-09,2.149473579302703,1.3572308846814436,1.0,0.5555555555555556,9,5
7838,4,ZNF281,7838,1.0,4.331360852429752,0.3605479274554263,7.415264221746675e-17,3.835830227807865,3.049354401250345,1.0,0.72,25,18
7825,4,ZNF281,7825,1.0,4.331360852429752,0.5414071858658863,1.4217005001910457e-39,4.129323170543166,3.474482849184373,1.0,0.72,25,18
7829,4,ZNF281,7829,1.0,4.331360852429752,0.4439089157115423,1.182823536067474e-25,2.6491405212408807,1.830122993376293,1.0,0.72,25,18
7828,4,ZNF281,7828,1.0,4.331360852429752,0.43699275824405615,7.94900097692802e-25,3.599716728245597,2.7977149328512367,1.0,0.72,25,18
7823,4,ZNF281,7823,1.0,4.331360852429752,0.47459665510527266,1.460515037109847e-29,3.2476593934333837,2.48912456216101,1.0,0.72,25,18
7844,4,ZNF281,7844,1.0,4.331360852429752,-0.2424933662571177,3.756454236970498e-08,-3.8982441084802155,3.0915396932333064,1.0,0.72,25,18
7831,4,ZNF281,7831,1.0,4.331360852429752,0.4756141918439503,1.0666221306449929e-29,5.898011840197674,5.111100426022037,1.0,0.72,25,18
7837,4,ZNF281,7837,1.0,4.331360852429752,0.4570036184828193,2.8411354337991623e-27,2.9047758371693786,2.1026388320782137,1.0,0.72,25,18
7833,4,ZNF281,7833,1.0,4.331360852429752,0.566191182224116,6.811575911844289e-44,4.080353672317121,3.271435285688579,1.0,0.72,25,18
7836,4,ZNF281,7836,1.0,4.331360852429752,0.3109023412783314,1.0343117904452134e-12,6.225554825383365,5.89651214917722,1.0,0.72,25,18
7830,4,ZNF281,7830,1.0,4.331360852429752,0.21311494536846484,1.4465857229870682e-06,3.6249525199243795,2.9296293113852743,1.0,0.72,25,18
7824,4,ZNF281,7824,1.0,4.331360852429752,0.4194636555977255,8.203602078655479e-23,4.530334359835279,3.730811474813345,1.0,0.72,25,18
7846,4,ZNF281,7846,1.0,4.331360852429752,0.3723803610571701,5.872032261796792e-18,3.19272324842575,2.3950428542634428,1.0,0.72,25,18
7847,4,ZNF281,7847,1.0,4.331360852429752,0.306017462986947,2.414728856798816e-12,4.579118861249913,3.78697810412927,1.0,0.72,25,18
7841,4,ZNF281,7841,1.0,4.331360852429752,-0.16981068001893926,0.00013184643784867433,-2.5202044612382895,1.7070484044955634,1.0,0.72,25,18
7842,4,ZNF281,7842,1.0,4.331360852429752,0.40704405387699094,1.8658415532439902e-21,5.041404176803886,4.508487016650329,1.0,0.72,25,18
7835,4,ZNF281,7835,1.0,4.331360852429752,0.7180399721099886,1.0011113985594314e-80,5.812227948879955,5.281999175850507,1.0,0.72,25,18
7845,4,ZNF281,7845,1.0,4.331360852429752,0.23411687709466178,1.1186265275064864e-07,3.4999714218492732,2.7046579842192577,1.0,0.72,25,18
1421,4,PKNOX1,1421,-1.0,1.9537144688091832,0.13631164796890344,0.0022074962425353397,-3.9117002114782644,3.0614983321019986,0.3333333333333333,0.2,10,6
1415,4,PKNOX1,1415,-1.0,1.9537144688091832,0.35789751317227253,1.2900697052173648e-16,-5.662136458058242,5.362511610754775,0.3333333333333333,0.2,10,6
5868,4,RARA,5868,1.0,2.9884538597353463,0.23631662324642216,8.432178009625364e-08,3.396661870019639,2.677454427467422,1.0,0.48,25,12
5871,4,RARA,5871,1.0,2.9884538597353463,0.4115667661137215,6.071672030421659e-22,2.180099885105357,1.4101961767941538,1.0,0.48,25,12
5886,4,RARA,5886,1.0,2.9884538597353463,0.2164687282465002,9.77379923274748e-07,5.820711732306192,5.182712472182419,1.0,0.48,25,12
5877,4,RARA,5877,1.0,2.9884538597353463,0.4187481452388326,9.856479015976459e-23,3.011951392721089,2.197404782157376,1.0,0.48,25,12
5878,4,RARA,5878,1.0,2.9884538597353463,0.4227177432103232,3.5402759653701347e-23,2.7751417285330766,1.9774658232465558,1.0,0.48,25,12
5881,4,RARA,5881,1.0,2.9884538597353463,0.5393602551971137,3.116694068959058e-39,3.069403291123124,2.24364656243282,1.0,0.48,25,12
5890,4,RARA,5890,1.0,2.9884538597353463,0.3458194934218911,1.507787337253375e-15,4.509292291515767,3.848684249648983,1.0,0.48,25,12
5880,4,RARA,5880,1.0,2.9884538597353463,0.545100653563648,3.4022051736670803e-40,5.810642991449979,5.239748038809045,1.0,0.48,25,12
5887,4,RARA,5887,1.0,2.9884538597353463,0.2588387417698642,3.968258864240578e-09,5.624576389237654,4.956653932284725,1.0,0.48,25,12
5888,4,RARA,5888,1.0,2.9884538597353463,0.5990124572127319,3.3033272052221393e-50,4.489877669568733,3.704673611176744,1.0,0.48,25,12
5875,4,RARA,5875,1.0,2.9884538597353463,0.31169212508426314,9.004824586448825e-13,3.7494605022591583,2.9726596473072475,1.0,0.48,25,12
5869,4,RARA,5869,1.0,2.9884538597353463,0.5069879409043271,3.8601512343969605e-34,4.659540719629263,3.878180062983166,1.0,0.48,25,12
6885,4,NFYA,6885,1.0,1.4534588335544523,0.511467398106767,8.205312204174549e-35,3.3536504024237983,2.6243471813565504,0.8333333333333334,0.4,25,12
6884,4,NFYA,6884,1.0,1.4534588335544523,0.360418446925148,7.619516234569894e-17,4.897015580676354,4.204325339527897,0.8333333333333334,0.4,25,12
6869,4,NFYA,6869,1.0,1.4534588335544523,0.33340368600241005,1.693341247624342e-14,2.3962288103728255,1.586468612805182,0.8333333333333334,0.4,25,12
6875,4,NFYA,6875,1.0,1.4534588335544523,0.44972614867846145,2.3022569512583308e-26,3.9897906788357504,3.2183690023166704,0.8333333333333334,0.4,25,12
6864,4,NFYA,6864,1.0,1.4534588335544523,0.23646080669405803,8.276601443139748e-08,4.563374496525164,3.7680674339167513,0.8333333333333334,0.4,25,12
6861,4,NFYA,6861,1.0,1.4534588335544523,0.5597190528608296,9.918797108159631e-43,3.407317868167695,2.6761737952964757,0.8333333333333334,0.4,25,12
6872,4,NFYA,6872,1.0,1.4534588335544523,0.44619355935385135,6.243202648843352e-26,5.492682635655,4.970656111755247,0.8333333333333334,0.4,25,12
6863,4,NFYA,6863,1.0,1.4534588335544523,0.3380991338037097,6.871323268173919e-15,2.5010628570200106,1.719003717339707,0.8333333333333334,0.4,25,12
6878,4,NFYA,6878,1.0,1.4534588335544523,0.390465708267275,9.898701479454586e-20,4.22561274569789,3.59822748081515,0.8333333333333334,0.4,25,12
6874,4,NFYA,6874,1.0,1.4534588335544523,0.3885668502049231,1.538082192467752e-19,4.923050066294767,4.234898591610713,0.8333333333333334,0.4,25,12
2841,4,FOXG1,2841,-1.0,5.227244841407941,0.20703177171321518,2.8992329901440025e-06,-2.247433933456473,1.441991248954677,0.7692307692307693,0.4,25,13
2832,4,FOXG1,2832,-1.0,5.227244841407941,0.21580560695785855,1.0566909621716673e-06,-3.1428395080101694,2.3441812289718196,0.7692307692307693,0.4,25,13
2831,4,FOXG1,2831,-1.0,5.227244841407941,-0.2478798814898664,1.822451622927011e-08,4.4268222638568595,3.6546661803026765,0.7692307692307693,0.4,25,13
2844,4,FOXG1,2844,-1.0,5.227244841407941,-0.2126430757869259,1.527861623454656e-06,4.120229722232337,3.306928791787305,0.7692307692307693,0.4,25,13
2842,4,FOXG1,2842,-1.0,5.227244841407941,0.22673485372993818,2.8300266863055777e-07,-4.845987670653939,4.1014960290715345,0.7692307692307693,0.4,25,13
2837,4,FOXG1,2837,-1.0,5.227244841407941,0.2401547961005077,5.1152000878410205e-08,-2.5777273267663148,1.7546258158300656,0.7692307692307693,0.4,25,13
2845,4,FOXG1,2845,-1.0,5.227244841407941,0.19776792840194915,8.037532862912748e-06,-2.219336945775095,1.426288118767371,0.7692307692307693,0.4,25,13
2833,4,FOXG1,2833,-1.0,5.227244841407941,-0.24823008224102217,1.7377106512314185e-08,6.436842286133823,6.002701021828462,0.7692307692307693,0.4,25,13
2824,4,FOXG1,2824,-1.0,5.227244841407941,0.3642721039714265,3.3759565810712017e-17,-5.93339124839533,6.12920398764033,0.7692307692307693,0.4,25,13
2843,4,FOXG1,2843,-1.0,5.227244841407941,0.2260535611773,3.078315046145055e-07,-2.4782941983042934,1.6693623045519104,0.7692307692307693,0.4,25,13
8029,4,ELK4,8029,1.0,2.4326902610547423,-0.2844685827350471,8.451354924143093e-11,-3.4293563245860987,2.619236872672511,0.875,0.4375,16,8
8025,4,ELK4,8025,1.0,2.4326902610547423,-0.3022382440808545,4.603338709931413e-12,-5.565742925387421,5.041517015187714,0.875,0.4375,16,8
8037,4,ELK4,8037,1.0,2.4326902610547423,-0.07517606387819989,0.09246628434227393,-5.142877129889143,4.474057120002792,0.875,0.4375,16,8
8024,4,ELK4,8024,1.0,2.4326902610547423,0.8254300804899354,2.943117135945426e-126,3.00388050125417,2.213260564229273,0.875,0.4375,16,8
8033,4,ELK4,8033,1.0,2.4326902610547423,0.35503708431473324,2.3315284516636725e-16,3.323937558231479,2.5100243175203407,0.875,0.4375,16,8
8034,4,ELK4,8034,1.0,2.4326902610547423,-0.2686458722199807,9.541146654028245e-10,-2.9412595372826718,2.140540498760778,0.875,0.4375,16,8
8032,4,ELK4,8032,1.0,2.4326902610547423,-0.2772587463505343,2.5998740849757597e-10,-5.300438296746592,4.681842284462576,0.875,0.4375,16,8
3512,4,ZBTB7C,3512,1.0,1.4661897637252592,0.40349372619402035,4.4507516015937886e-21,2.5402338649275578,1.733045225358588,0.5,0.5,2,2
7495,4,ZBTB4,7495,1.0,3.3269109237624575,-0.4568305983456562,2.9877878109404263e-27,-2.4083373195847666,1.5893826724806746,1.0,0.6842105263157895,19,13
7484,4,ZBTB4,7484,1.0,3.3269109237624575,0.29338120666463324,2.013686342812978e-11,4.45247400357522,3.6719691500192413,1.0,0.6842105263157895,19,13
7497,4,ZBTB4,7497,1.0,3.3269109237624575,0.28587579421246695,6.761195910863716e-11,2.5579097971559666,1.7309087505199823,1.0,0.6842105263157895,19,13
7491,4,ZBTB4,7491,1.0,3.3269109237624575,0.4241329227203755,2.4494659485823917e-23,5.329631571811169,4.766614109223439,1.0,0.6842105263157895,19,13
7486,4,ZBTB4,7486,1.0,3.3269109237624575,0.15246967985725457,0.0006087571768494842,4.908889886288194,4.35430407797924,1.0,0.6842105263157895,19,13
7487,4,ZBTB4,7487,1.0,3.3269109237624575,0.21127470926048073,1.7890528659352247e-06,4.098178077288288,3.366755638301446,1.0,0.6842105263157895,19,13
7494,4,ZBTB4,7494,1.0,3.3269109237624575,0.37135324370782724,7.348603763040746e-18,5.653197723968123,5.16932666719456,1.0,0.6842105263157895,19,13
7485,4,ZBTB4,7485,1.0,3.3269109237624575,0.29796633515698523,9.439422419344672e-12,2.6672056624811677,1.855734887347904,1.0,0.6842105263157895,19,13
7492,4,ZBTB4,7492,1.0,3.3269109237624575,-0.46226441717090166,6.0658538963981125e-28,-6.588890659881453,6.178010203153776,1.0,0.6842105263157895,19,13
7483,4,ZBTB4,7483,1.0,3.3269109237624575,0.4679239020632034,1.1177697512835961e-28,3.1221254913630783,2.360307349905079,1.0,0.6842105263157895,19,13
7490,4,ZBTB4,7490,1.0,3.3269109237624575,0.5206730369506605,3.164486658188422e-36,3.42490234223094,2.618056869815854,1.0,0.6842105263157895,19,13
7488,4,ZBTB4,7488,1.0,3.3269109237624575,0.24786106938301955,1.827115208450182e-08,3.2014847453245276,2.4227782726911795,1.0,0.6842105263157895,19,13
7496,4,ZBTB4,7496,1.0,3.3269109237624575,0.22624759115227758,3.00554490679077e-07,5.494953417646235,4.678344382043563,1.0,0.6842105263157895,19,13
3385,4,ETS2,3385,1.0,1.3279092348444301,-0.22097114097152418,5.716995125805598e-07,-2.3543052104058355,1.5449418883267008,1.0,1.0,4,4
3383,4,ETS2,3383,1.0,1.3279092348444301,-0.2025428837856275,4.7798051682733296e-06,-8.827648492374962,10.623800678482546,1.0,1.0,4,4
3386,4,ETS2,3386,1.0,1.3279092348444301,-0.27891192340671717,2.0150935960678398e-10,-4.012398805636412,3.1856511017842615,1.0,1.0,4,4
3384,4,ETS2,3384,1.0,1.3279092348444301,-0.21059353732793262,1.9345225860945905e-06,-4.919902417967901,4.280560325593203,1.0,1.0,4,4
3582,4,HESX1,3582,-1.0,4.745845154265306,-0.22635650009884334,2.965427688940572e-07,3.446787714517933,2.610940439411669,0.8333333333333334,0.45454545454545453,22,12
3564,4,HESX1,3564,-1.0,4.745845154265306,0.46940456618766174,7.143394855695012e-29,-3.3016822508626564,2.5249788600553713,0.8333333333333334,0.45454545454545453,22,12
3568,4,HESX1,3568,-1.0,4.745845154265306,-0.2327728562769014,1.3276572717718945e-07,3.0415751984896717,2.204100622149854,0.8333333333333334,0.45454545454545453,22,12
3572,4,HESX1,3572,-1.0,4.745845154265306,0.5948157678524644,2.3283792117729805e-49,-2.7236801166935796,1.8939608238181291,0.8333333333333334,0.45454545454545453,22,12
3569,4,HESX1,3569,-1.0,4.745845154265306,-0.12603123821247816,0.004683691373475859,5.057583547400854,4.546199706575578,0.8333333333333334,0.45454545454545453,22,12
3579,4,HESX1,3579,-1.0,4.745845154265306,-0.053948396814479965,0.22758675140486245,3.994254393809495,3.16694234451756,0.8333333333333334,0.45454545454545453,22,12
3580,4,HESX1,3580,-1.0,4.745845154265306,-0.14241579765666393,0.001377885445785166,2.6695157602441166,1.8558516753229977,0.8333333333333334,0.45454545454545453,22,12
3563,4,HESX1,3563,-1.0,4.745845154265306,0.48592790226601723,4.152918585171233e-31,-4.427905184687744,3.9471178430914313,0.8333333333333334,0.45454545454545453,22,12
3578,4,HESX1,3578,-1.0,4.745845154265306,-0.36172480669334306,5.789213951819608e-17,3.4591026502074858,2.636345034311956,0.8333333333333334,0.45454545454545453,22,12
3570,4,HESX1,3570,-1.0,4.745845154265306,-0.3615610825165989,5.992421577759068e-17,4.287161354921267,3.5007295334807043,0.8333333333333334,0.45454545454545453,22,12
2014,4,MECOM,2014,-1.0,3.5833305896845,0.14799676782447713,0.0008810597718702096,-2.5721852116620165,1.7428588271097334,0.3076923076923077,0.16,25,13
1996,4,MECOM,1996,-1.0,3.5833305896845,0.4487020667701214,3.078038128377969e-26,-6.127173693742543,6.370443447287771,0.3076923076923077,0.16,25,13
2004,4,MECOM,2004,-1.0,3.5833305896845,0.24759821916367816,1.893497626038373e-08,-3.373670381468224,2.5850090332226725,0.3076923076923077,0.16,25,13
1998,4,MECOM,1998,-1.0,3.5833305896845,0.37545772908888253,2.984193659834718e-18,-3.6783840970468566,2.9326499438617817,0.3076923076923077,0.16,25,13
9045,4,DLX5,9045,1.0,2.104088471128686,-0.27877172397539757,2.0592461045221022e-10,-3.995753128434472,3.1533108500020854,0.3333333333333333,0.14285714285714285,7,3
178,4,THRA,178,1.0,2.3475008845134795,0.2158712206565934,1.0485761584923266e-06,4.891295736072156,4.159264865475184,0.7777777777777778,0.2916666666666667,24,9
169,4,THRA,169,1.0,2.3475008845134795,0.327663097920813,4.995749404512125e-14,5.016337897208911,4.24518900525649,0.7777777777777778,0.2916666666666667,24,9
168,4,THRA,168,1.0,2.3475008845134795,0.3748271162205382,3.4302161855248454e-18,2.7170884870027026,1.9286533343369232,0.7777777777777778,0.2916666666666667,24,9
184,4,THRA,184,1.0,2.3475008845134795,-0.23856986904585797,6.294355060976946e-08,-3.460923899637464,2.611330563089165,0.7777777777777778,0.2916666666666667,24,9
180,4,THRA,180,1.0,2.3475008845134795,0.38592696510774793,2.824977872886088e-19,3.494246508835054,2.743009064095408,0.7777777777777778,0.2916666666666667,24,9
183,4,THRA,183,1.0,2.3475008845134795,0.26742164092051457,1.1435497758061462e-09,2.6675816003486488,1.8334876402637135,0.7777777777777778,0.2916666666666667,24,9
181,4,THRA,181,1.0,2.3475008845134795,0.16657556391260944,0.00017746608909426488,3.1377952407336855,2.3127475209555066,0.7777777777777778,0.2916666666666667,24,9
339,4,MEIS1,339,-1.0,5.30041211866556,0.5052215039557251,7.06439438330369e-34,-5.41824582721095,5.234235823040356,0.6666666666666666,0.4,15,9
345,4,MEIS1,345,-1.0,5.30041211866556,0.19681605004607466,8.901728998839168e-06,-2.655499644473799,1.8341290240709769,0.6666666666666666,0.4,15,9
342,4,MEIS1,342,-1.0,5.30041211866556,-0.34998686934622436,6.533006421329782e-16,3.083572009187197,2.3225963295569985,0.6666666666666666,0.4,15,9
353,4,MEIS1,353,-1.0,5.30041211866556,-0.06413312950979383,0.15133813572143134,2.5298422935155034,1.6962647812355656,0.6666666666666666,0.4,15,9
341,4,MEIS1,341,-1.0,5.30041211866556,0.2704367824116683,7.308388653248185e-10,-3.6136386003201,2.867577654547077,0.6666666666666666,0.4,15,9
346,4,MEIS1,346,-1.0,5.30041211866556,-0.2923200354615395,2.395030629619595e-11,3.6482979330790917,2.787431072749621,0.6666666666666666,0.4,15,9
3748,4,MSX2,3748,1.0,4.023131903068714,0.31494260811066993,5.068904638201437e-13,2.9326149247941906,2.100538260755825,0.8888888888888888,0.64,25,18
3739,4,MSX2,3739,1.0,4.023131903068714,0.6083039421224875,3.944468187262645e-52,4.375533063326301,3.7580029202317977,0.8888888888888888,0.64,25,18
3744,4,MSX2,3744,1.0,4.023131903068714,0.2464929392085116,2.199094594682468e-08,6.557465192453226,5.998213525304676,0.8888888888888888,0.64,25,18
3725,4,MSX2,3725,1.0,4.023131903068714,-0.3902858583878555,1.0321910925288343e-19,-4.786620273122879,4.4349536066129405,0.8888888888888888,0.64,25,18
3733,4,MSX2,3733,1.0,4.023131903068714,0.39721984907123337,2.0166370196981968e-20,3.4285634262860016,2.604644847387806,0.8888888888888888,0.64,25,18
3735,4,MSX2,3735,1.0,4.023131903068714,0.3202836562702654,1.9416808279051072e-13,5.140645809843846,4.46243364400231,0.8888888888888888,0.64,25,18
3745,4,MSX2,3745,1.0,4.023131903068714,0.29835951962438695,8.840061968434785e-12,4.583731769061154,3.8873198460779115,0.8888888888888888,0.64,25,18
3729,4,MSX2,3729,1.0,4.023131903068714,0.453410604910746,8.032419824906094e-27,3.3325879110245826,2.561227165136683,0.8888888888888888,0.64,25,18
3738,4,MSX2,3738,1.0,4.023131903068714,-0.29826902553948914,8.974625708205107e-12,-2.6502869853433073,1.8382239542891228,0.8888888888888888,0.64,25,18
3736,4,MSX2,3736,1.0,4.023131903068714,0.45438991406429385,6.058378017644687e-27,4.296618359782206,3.5228774748331593,0.8888888888888888,0.64,25,18
3732,4,MSX2,3732,1.0,4.023131903068714,0.32895600607296893,3.9231972339181795e-14,5.726591751616429,5.132528465508116,0.8888888888888888,0.64,25,18
3737,4,MSX2,3737,1.0,4.023131903068714,-0.2386429093449893,6.234670032173696e-08,-2.9589136623167143,2.148315318272001,0.8888888888888888,0.64,25,18
3727,4,MSX2,3727,1.0,4.023131903068714,0.4114292226932794,6.284139883514361e-22,4.748897448763174,3.9551135395001835,0.8888888888888888,0.64,25,18
3742,4,MSX2,3742,1.0,4.023131903068714,0.21866913840097996,7.53112975564202e-07,2.6776231642537844,1.870786486439086,0.8888888888888888,0.64,25,18
3726,4,MSX2,3726,1.0,4.023131903068714,-0.1111377871568689,0.012717015840658923,-3.2243317680388266,2.4387624267692294,0.8888888888888888,0.64,25,18
3734,4,MSX2,3734,1.0,4.023131903068714,-0.4998483939505368,4.3460750488570374e-33,-3.299645164005445,2.5728292304786886,0.8888888888888888,0.64,25,18
6178,4,BCL6,6178,1.0,1.540748346490426,0.23963891342405286,5.473376750491963e-08,3.753717638084779,2.9468285568898094,0.7857142857142857,0.44,25,14
6189,4,BCL6,6189,1.0,1.540748346490426,0.5011142677062609,2.8409744447319434e-33,5.260594519321636,4.798381546687988,0.7857142857142857,0.44,25,14
6190,4,BCL6,6190,1.0,1.540748346490426,0.41276766246047825,4.493595556555542e-22,4.365635996418374,3.6593667871289073,0.7857142857142857,0.44,25,14
6184,4,BCL6,6184,1.0,1.540748346490426,0.49041955533540177,9.756703854692065e-32,2.505834007849109,1.6845534334925552,0.7857142857142857,0.44,25,14
6167,4,BCL6,6167,1.0,1.540748346490426,0.7308661332100439,5.566814519548205e-85,2.3705934811013094,1.6082605421372909,0.7857142857142857,0.44,25,14
6175,4,BCL6,6175,1.0,1.540748346490426,0.5632134146003099,2.3529542115480785e-43,2.9519217907693727,2.1390957774063755,0.7857142857142857,0.44,25,14
6181,4,BCL6,6181,1.0,1.540748346490426,0.08582116576016857,0.05465524625296661,2.6979896230337532,1.8804012814788136,0.7857142857142857,0.44,25,14
6172,4,BCL6,6172,1.0,1.540748346490426,-0.22130959264334313,5.488591873928791e-07,-4.637476826028884,3.853885958601887,0.7857142857142857,0.44,25,14
6180,4,BCL6,6180,1.0,1.540748346490426,-0.2397907803317272,5.365492709409138e-08,-8.982051341794241,9.256343991106476,0.7857142857142857,0.44,25,14
6166,4,BCL6,6166,1.0,1.540748346490426,0.6200389570395457,1.1873448899398351e-54,3.090359228720587,2.32699812363785,0.7857142857142857,0.44,25,14
6182,4,BCL6,6182,1.0,1.540748346490426,0.1946887750482576,1.1164048509530204e-05,4.056149964396529,3.3323637060121443,0.7857142857142857,0.44,25,14
3846,4,ZNF784,3846,-1.0,5.676545309940057,0.45701187108804575,2.83432119311023e-27,-6.656578597489735,6.9852081793819085,1.0,1.0,1,1
8532,4,SP100,8532,-1.0,2.413599801087632,-0.25192723232141373,1.0465293543863537e-08,2.9670571197149505,2.2545430574549457,0.6666666666666666,0.3333333333333333,6,3
8531,4,SP100,8531,-1.0,2.413599801087632,0.17822691448702635,5.932581325913669e-05,-2.215006696668632,1.4423879623382432,0.6666666666666666,0.3333333333333333,6,3
8017,4,EOMES,8017,-1.0,3.0394844878429303,-0.21306258401116548,1.4553958607761637e-06,4.598568181536536,3.776209830304123,0.5714285714285714,0.19047619047619047,21,7
8001,4,EOMES,8001,-1.0,3.0394844878429303,0.4260624197653499,1.4782470289654423e-23,-4.0830569093306845,3.248639035671081,0.5714285714285714,0.19047619047619047,21,7
7998,4,EOMES,7998,-1.0,3.0394844878429303,0.70994302809239,3.6847208407480845e-78,-3.716270063679037,2.9721459896284923,0.5714285714285714,0.19047619047619047,21,7
8000,4,EOMES,8000,-1.0,3.0394844878429303,0.6132654652991941,3.4903100173115203e-53,-3.723561272784118,2.953351674936395,0.5714285714285714,0.19047619047619047,21,7
8268,4,SIX4,8268,1.0,1.9862047400268135,0.5848461489099139,2.1507634591229723e-47,3.015198925814236,2.2434109766749155,1.0,0.5,4,2
8269,4,SIX4,8269,1.0,1.9862047400268135,0.26286402111225105,2.2263488204242915e-09,4.196702286298356,3.3763060553925826,1.0,0.5,4,2
5110,4,GBX1,5110,-1.0,6.318491197427326,0.27500306828661103,3.6707161452428694e-10,-2.1227925461445922,1.3421911910442559,1.0,0.625,8,5
5109,4,GBX1,5109,-1.0,6.318491197427326,0.2469181722783731,2.0762587431557684e-08,-3.6415039494851573,2.877412802544644,1.0,0.625,8,5
5113,4,GBX1,5113,-1.0,6.318491197427326,0.12475000021799745,0.005125444684621794,-6.525003260273245,6.1045760576772015,1.0,0.625,8,5
5114,4,GBX1,5114,-1.0,6.318491197427326,-0.05531872021704874,0.21597816062084652,3.321633470829917,2.492438482145723,1.0,0.625,8,5
5108,4,GBX1,5108,-1.0,6.318491197427326,0.3353497971969565,1.1673667851043533e-14,-4.219736277785639,3.6870488929918293,1.0,0.625,8,5
30,4,HOXA6,30,-1.0,6.006783171397056,-0.2451785736235516,2.62488076790234e-08,2.4091980210028527,1.6153995205429483,0.25,0.15384615384615385,13,8
25,4,HOXA6,25,-1.0,6.006783171397056,0.4153913995329078,2.318270840546943e-22,-3.9683974842136616,3.407145246799936,0.25,0.15384615384615385,13,8
4725,4,DLX2,4725,1.0,4.105231858917399,-0.23139439380831356,1.580977629677066e-07,-2.9719737928400476,2.1235645454246903,1.0,0.5833333333333334,12,7
4715,4,DLX2,4715,1.0,4.105231858917399,-0.2826309036859103,1.1289055059578367e-10,-3.3702316243106893,2.597384470370534,1.0,0.5833333333333334,12,7
4722,4,DLX2,4722,1.0,4.105231858917399,0.22700030254869816,2.7386051659504134e-07,4.301124766329017,3.509033542201289,1.0,0.5833333333333334,12,7
4720,4,DLX2,4720,1.0,4.105231858917399,-0.3472947995288447,1.1229795793687595e-15,-2.151895592827375,1.3736830067019872,1.0,0.5833333333333334,12,7
4719,4,DLX2,4719,1.0,4.105231858917399,0.24631170899703436,2.2535574792304257e-08,2.672103763990225,1.8517440235917686,1.0,0.5833333333333334,12,7
4714,4,DLX2,4714,1.0,4.105231858917399,-0.35901493737789986,1.0221092400134911e-16,-4.464403237040734,4.030863733524235,1.0,0.5833333333333334,12,7
4717,4,DLX2,4717,1.0,4.105231858917399,0.40478138558900295,3.2510303690195723e-21,2.532385818162805,1.734978821038985,1.0,0.5833333333333334,12,7
6548,4,ARID5B,6548,1.0,2.461713557648577,0.5848629386929609,2.1347129487261243e-47,4.070298176475656,3.2607041297791604,0.8333333333333334,0.625,8,6
6549,4,ARID5B,6549,1.0,2.461713557648577,0.4493374225150327,2.5708543325047866e-26,3.1581960577683112,2.3183056552295755,0.8333333333333334,0.625,8,6
6545,4,ARID5B,6545,1.0,2.461713557648577,0.3604925306571241,7.501983699465488e-17,3.977497722912334,3.1474647655813546,0.8333333333333334,0.625,8,6
6543,4,ARID5B,6543,1.0,2.461713557648577,0.6905773887817974,2.28484861979807e-72,3.148146431875517,2.3818019501821412,0.8333333333333334,0.625,8,6
6546,4,ARID5B,6546,1.0,2.461713557648577,0.48824428242672696,1.97292574312926e-31,3.476848605946104,2.8168084499433026,0.8333333333333334,0.625,8,6
2215,4,HLTF,2215,-1.0,3.5610017349053207,-0.2172144033003591,8.950204245800379e-07,2.3438294662192947,1.5367475078980617,0.2857142857142857,0.18181818181818182,22,14
2225,4,HLTF,2225,-1.0,3.5610017349053207,0.4573147511856124,2.595104040533142e-27,-2.1625856013127054,1.38860161020283,0.2857142857142857,0.18181818181818182,22,14
2204,4,HLTF,2204,-1.0,3.5610017349053207,0.646983618246624,7.264167332512585e-61,-4.476021662655461,4.0389695319751775,0.2857142857142857,0.18181818181818182,22,14
2221,4,HLTF,2221,-1.0,3.5610017349053207,-0.011139072476418536,0.8033913750417129,4.400860269518612,3.6483686313187778,0.2857142857142857,0.18181818181818182,22,14
4031,4,RORA,4031,1.0,2.1304054561196715,0.2522902520938496,9.952638486423492e-09,2.6250435130218897,1.7875778181417494,0.8666666666666667,0.52,25,15
4018,4,RORA,4018,1.0,2.1304054561196715,0.2438794245050488,3.1235847628326814e-08,3.9076234163129526,3.079634831215236,0.8666666666666667,0.52,25,15
4023,4,RORA,4023,1.0,2.1304054561196715,0.39682002457663784,2.2180641575089235e-20,3.4916776476412332,2.68836612895816,0.8666666666666667,0.52,25,15
4020,4,RORA,4020,1.0,2.1304054561196715,0.37596844203761376,2.6652469968796284e-18,4.254770128087091,3.5587604984061425,0.8666666666666667,0.52,25,15
4030,4,RORA,4030,1.0,2.1304054561196715,-0.5272211471965497,2.9377777192510654e-37,-2.2213795735539823,1.4203819322333957,0.8666666666666667,0.52,25,15
4024,4,RORA,4024,1.0,2.1304054561196715,0.26557998194956034,1.4991020660666925e-09,2.2276506020880458,1.4364086713072872,0.8666666666666667,0.52,25,15
4010,4,RORA,4010,1.0,2.1304054561196715,0.26447517628205053,1.7617133040825273e-09,4.521164066310177,3.7186895325383453,0.8666666666666667,0.52,25,15
4022,4,RORA,4022,1.0,2.1304054561196715,0.15002899557589217,0.0007457609907815839,6.4518480059448775,6.042602390168136,0.8666666666666667,0.52,25,15
4014,4,RORA,4014,1.0,2.1304054561196715,-0.16442893797839914,0.00021549825223064664,-4.6286886984878866,3.846919806593449,0.8666666666666667,0.52,25,15
4008,4,RORA,4008,1.0,2.1304054561196715,0.37131577498294815,7.408869648231238e-18,3.1500310479273916,2.3966553375536863,0.8666666666666667,0.52,25,15
4016,4,RORA,4016,1.0,2.1304054561196715,0.5459003974103704,2.490390851849677e-40,4.567265038579134,4.0131927257348385,0.8666666666666667,0.52,25,15
4017,4,RORA,4017,1.0,2.1304054561196715,0.16353310345242997,0.00023352332675476034,5.429329540695663,4.834042081271635,0.8666666666666667,0.52,25,15
4007,4,RORA,4007,1.0,2.1304054561196715,-0.12109431821884498,0.006599602054608941,-5.84402147330656,5.787927715230484,0.8666666666666667,0.52,25,15
8696,4,LHX5,8696,1.0,2.7465934036656083,0.2995101024626972,7.29180119212686e-12,6.74781387164337,6.3790557732674324,0.8333333333333334,0.3333333333333333,15,6
8695,4,LHX5,8695,1.0,2.7465934036656083,0.23981318939363647,5.3497486277570846e-08,4.288005332429857,3.4479872658934827,0.8333333333333334,0.3333333333333333,15,6
8686,4,LHX5,8686,1.0,2.7465934036656083,0.2679770416100178,1.0534668140002276e-09,2.6842398139695036,1.8929443983848633,0.8333333333333334,0.3333333333333333,15,6
8685,4,LHX5,8685,1.0,2.7465934036656083,-0.2718656116113819,5.899817027696579e-10,-3.5064978635171355,2.754904722052969,0.8333333333333334,0.3333333333333333,15,6
8690,4,LHX5,8690,1.0,2.7465934036656083,0.3512630158685455,5.044275198673305e-16,3.4939674812253165,2.6083784313260767,0.8333333333333334,0.3333333333333333,15,6
5683,4,ZNF691,5683,-1.0,5.013555580791882,-0.1164552157911609,0.009011767568713198,2.094759517996825,1.3036505818008273,0.6923076923076923,0.375,24,13
5687,4,ZNF691,5687,-1.0,5.013555580791882,-0.1643618737037422,0.00021680119085124117,3.644393002824175,2.8484888341723753,0.6923076923076923,0.375,24,13
5677,4,ZNF691,5677,-1.0,5.013555580791882,0.7662465695366651,4.1648008727589157e-98,-6.846353256645708,7.148024105259172,0.6923076923076923,0.375,24,13
5688,4,ZNF691,5688,-1.0,5.013555580791882,-0.28002526625204754,1.6957284765139924e-10,4.685103876401037,4.075626303984646,0.6923076923076923,0.375,24,13
5685,4,ZNF691,5685,-1.0,5.013555580791882,-0.46385214253046025,3.786209105342432e-28,4.158567584101284,3.389041496102438,0.6923076923076923,0.375,24,13
5678,4,ZNF691,5678,-1.0,5.013555580791882,0.25953983378399353,3.590757928690546e-09,-3.43038998139455,2.662569407146196,0.6923076923076923,0.375,24,13
5695,4,ZNF691,5695,-1.0,5.013555580791882,-0.17121722749363968,0.00011567118976987809,4.580877111615844,3.855813754920634,0.6923076923076923,0.375,24,13
5680,4,ZNF691,5680,-1.0,5.013555580791882,-0.2337874368883201,1.166711886902398e-07,3.3152941091523944,2.527817111521605,0.6923076923076923,0.375,24,13
5700,4,ZNF691,5700,-1.0,5.013555580791882,-0.3119377112329008,8.624354623457914e-13,2.489920048007337,1.6594750835631211,0.6923076923076923,0.375,24,13
3250,4,TP63,3250,1.0,4.207491659281753,0.2739354127400589,4.3169481991021337e-10,5.0615432659730075,4.3519098191108405,1.0,0.7142857142857143,7,5
3253,4,TP63,3253,1.0,4.207491659281753,0.29517780830820123,1.498855727235301e-11,4.3641223239451685,3.5651037487473984,1.0,0.7142857142857143,7,5
3251,4,TP63,3251,1.0,4.207491659281753,0.47008485148464607,5.810956811143007e-29,5.212007763828191,4.4805983837488,1.0,0.7142857142857143,7,5
3247,4,TP63,3247,1.0,4.207491659281753,-0.1442810086068507,0.0011886691031323888,-7.3589565276059306,7.9671440099024835,1.0,0.7142857142857143,7,5
3248,4,TP63,3248,1.0,4.207491659281753,0.45771438596514535,2.3097701343601904e-27,3.2937136130796785,2.5524006284444853,1.0,0.7142857142857143,7,5
5631,4,TCF7L1,5631,-1.0,5.2990117514443265,0.37092553109901794,8.066189486975841e-18,-5.1864192788788195,5.003036731058118,0.1111111111111111,0.047619047619047616,21,9
2533,4,EPAS1,2533,1.0,3.8192883492718277,-0.3387105854507234,6.102930435265325e-15,-7.663331437342281,9.571807379733533,1.0,1.0,2,2
2534,4,EPAS1,2534,1.0,3.8192883492718277,0.3867574427946243,2.334586797121795e-19,3.5488286797009683,2.791745403907561,1.0,1.0,2,2
1009,4,POU4F1,1009,-1.0,5.900489076272329,-0.17179206513550271,0.00010961380426031116,4.335698380336042,3.64273382674568,0.5333333333333333,0.32,25,15
1000,4,POU4F1,1000,-1.0,5.900489076272329,0.4164463163902532,1.7737087094344204e-22,-4.434499027901079,4.042218169573174,0.5333333333333333,0.32,25,15
1017,4,POU4F1,1017,-1.0,5.900489076272329,-0.1412371115817767,0.0015113463284178676,8.928466953658308,9.039882409550607,0.5333333333333333,0.32,25,15
1019,4,POU4F1,1019,-1.0,5.900489076272329,0.282687702603857,1.1188845542537253e-10,-3.015940427523836,2.2534656639632566,0.5333333333333333,0.32,25,15
1024,4,POU4F1,1024,-1.0,5.900489076272329,-0.1779486197241114,6.094946742839143e-05,4.900226538773924,4.04646830969057,0.5333333333333333,0.32,25,15
1021,4,POU4F1,1021,-1.0,5.900489076272329,-0.20384728225865542,4.138198039080381e-06,4.885514968022778,4.229433020188097,0.5333333333333333,0.32,25,15
1010,4,POU4F1,1010,-1.0,5.900489076272329,0.20850252517525167,2.4552543351263084e-06,-2.426302781126276,1.6053032430185614,0.5333333333333333,0.32,25,15
1004,4,POU4F1,1004,-1.0,5.900489076272329,-0.2906912045126377,3.1211456164377424e-11,2.657566242064338,1.8688346532277764,0.5333333333333333,0.32,25,15
1844,4,SOX13,1844,1.0,1.4508046559731191,0.61523755337574,1.3153950862982242e-53,3.487047335737941,2.7729449339293546,0.8333333333333334,0.4,25,12
1856,4,SOX13,1856,1.0,1.4508046559731191,0.5126617492838612,5.408720739856873e-35,3.896552578934077,3.151841260751782,0.8333333333333334,0.4,25,12
1854,4,SOX13,1854,1.0,1.4508046559731191,0.7500190070778422,8.202268951679053e-92,4.575557659414526,4.10702376110199,0.8333333333333334,0.4,25,12
1858,4,SOX13,1858,1.0,1.4508046559731191,0.3529772530216985,3.5573140163721135e-16,6.573074200687258,6.213322989417481,0.8333333333333334,0.4,25,12
1864,4,SOX13,1864,1.0,1.4508046559731191,0.20772466615010415,2.681262979643353e-06,4.1515090912281405,3.360980859131732,0.8333333333333334,0.4,25,12
1845,4,SOX13,1845,1.0,1.4508046559731191,0.7552320924276608,8.826017463605875e-94,2.632669321668685,1.8620279326810631,0.8333333333333334,0.4,25,12
1850,4,SOX13,1850,1.0,1.4508046559731191,-0.25753653757963707,4.774158460471969e-09,-4.0910430216787095,3.268211910575126,0.8333333333333334,0.4,25,12
1867,4,SOX13,1867,1.0,1.4508046559731191,0.35195981114055225,4.377816635004306e-16,2.2115102328278473,1.4252553361018554,0.8333333333333334,0.4,25,12
1862,4,SOX13,1862,1.0,1.4508046559731191,0.09342921406124409,0.036378120631456075,4.242958306077528,3.446594278862213,0.8333333333333334,0.4,25,12
1855,4,SOX13,1855,1.0,1.4508046559731191,0.1628416869064972,0.00024838954739788257,3.995811821731221,3.251168888104051,0.8333333333333334,0.4,25,12
6762,4,ELF4,6762,1.0,2.0938860209707304,0.39600434466465045,2.6924672673067844e-20,3.8334786637398617,3.188399571969703,1.0,0.64,25,16
6757,4,ELF4,6757,1.0,2.0938860209707304,0.2673838876230415,1.149937774305672e-09,3.0484448599316365,2.2776928158126433,1.0,0.64,25,16
6772,4,ELF4,6772,1.0,2.0938860209707304,-0.27686451845028787,2.7620498816242606e-10,-3.0924001421104776,2.265462533449479,1.0,0.64,25,16
6775,4,ELF4,6775,1.0,2.0938860209707304,0.24751132966497122,1.9159504686274374e-08,2.4263728690845037,1.6258302706563423,1.0,0.64,25,16
6754,4,ELF4,6754,1.0,2.0938860209707304,0.5059837790775684,5.4450056066637495e-34,3.1531754614941847,2.390996709974517,1.0,0.64,25,16
6768,4,ELF4,6768,1.0,2.0938860209707304,0.5459418501515658,2.4503867262669358e-40,3.431078353075221,2.6372845856591707,1.0,0.64,25,16
6764,4,ELF4,6764,1.0,2.0938860209707304,0.252683057131126,9.42534064865008e-09,3.2565224280910754,2.4353737891409564,1.0,0.64,25,16
6778,4,ELF4,6778,1.0,2.0938860209707304,-0.21780242513713197,8.348145465963856e-07,-4.14807174145694,3.3654265313740095,1.0,0.64,25,16
6767,4,ELF4,6767,1.0,2.0938860209707304,0.2970664217571684,1.0964528641282914e-11,4.830686790842706,4.136803839920267,1.0,0.64,25,16
6759,4,ELF4,6759,1.0,2.0938860209707304,-0.26803166970455816,1.0449885611597636e-09,-8.503838048627888,8.496637445356935,1.0,0.64,25,16
6758,4,ELF4,6758,1.0,2.0938860209707304,0.4219769058905626,4.2901920239962254e-23,2.7749336260061757,1.9520095069354202,1.0,0.64,25,16
6776,4,ELF4,6776,1.0,2.0938860209707304,0.4740024675289627,1.753883259417918e-29,5.759539543698858,5.445691688491019,1.0,0.64,25,16
6765,4,ELF4,6765,1.0,2.0938860209707304,0.20661208216502452,3.0393950042136706e-06,2.1668963942405046,1.3769436859313793,1.0,0.64,25,16
6777,4,ELF4,6777,1.0,2.0938860209707304,0.6554108561883465,6.115477843327477e-63,4.967972408608243,4.387521325662516,1.0,0.64,25,16
6766,4,ELF4,6766,1.0,2.0938860209707304,0.421774385061153,4.5211658348800704e-23,5.4084732770522015,4.806286410494486,1.0,0.64,25,16
6769,4,ELF4,6769,1.0,2.0938860209707304,0.47627269282650836,8.69827198650009e-30,5.641730409586646,5.024419591879986,1.0,0.64,25,16
2264,4,SIX2,2264,-1.0,5.635279688740831,0.4346831670710048,1.487330546679827e-24,-4.194904194326876,3.6802471711938196,0.3333333333333333,0.2,5,3
1937,4,ELF2,1937,-1.0,4.759906950409071,0.154581113647338,0.0005094755424103394,-4.159947234891559,3.3072009871666106,0.3,0.12,25,10
1918,4,ELF2,1918,-1.0,4.759906950409071,0.2184939365405961,7.689831171259061e-07,-8.283368330324043,9.57534397747775,0.3,0.12,25,10
1920,4,ELF2,1920,-1.0,4.759906950409071,0.2996637158227722,7.106284005227142e-12,-3.6946881631846584,2.952064237768051,0.3,0.12,25,10
8298,4,GTF2I,8298,1.0,2.362134951504997,0.2280100440845634,2.4161424297183313e-07,4.51803346879812,3.7166169967458753,1.0,0.5,24,12
8306,4,GTF2I,8306,1.0,2.362134951504997,0.23114992322942846,1.630521584996915e-07,5.852221967271851,5.166938971167945,1.0,0.5,24,12
8316,4,GTF2I,8316,1.0,2.362134951504997,0.35632164500413127,1.788696795824168e-16,3.4705954314320064,2.6190944781378898,1.0,0.5,24,12
8314,4,GTF2I,8314,1.0,2.362134951504997,0.6094102655104988,2.305546496848543e-52,2.982747907777909,2.1579228508996753,1.0,0.5,24,12
8309,4,GTF2I,8309,1.0,2.362134951504997,-0.4069395208774549,1.9145033537969225e-21,-3.1698477145544244,2.34849233360983,1.0,0.5,24,12
8301,4,GTF2I,8301,1.0,2.362134951504997,0.4297807401363226,5.534568081671554e-24,2.2650267367459667,1.464118870648644,1.0,0.5,24,12
8315,4,GTF2I,8315,1.0,2.362134951504997,0.3966892160409208,2.288173660150494e-20,4.36083011758158,3.612243145743248,1.0,0.5,24,12
8297,4,GTF2I,8297,1.0,2.362134951504997,0.7732079740466,5.757389927948251e-101,3.541998781533949,2.81150658031249,1.0,0.5,24,12
8307,4,GTF2I,8307,1.0,2.362134951504997,0.2460661751750157,2.329430973410167e-08,4.640179154218526,3.9341743144633217,1.0,0.5,24,12
8318,4,GTF2I,8318,1.0,2.362134951504997,0.6891061484707235,6.02933295908274e-72,4.694351250241962,4.070051155661609,1.0,0.5,24,12
8319,4,GTF2I,8319,1.0,2.362134951504997,-0.2181463785457686,8.01421390725893e-07,-3.8469928776079856,3.0076873592927416,1.0,0.5,24,12
8304,4,GTF2I,8304,1.0,2.362134951504997,0.21763044843281365,8.520081598943423e-07,5.190549595983841,4.605435082068113,1.0,0.5,24,12
38,4,SNAI2,38,1.0,1.995055707936908,-0.29304835158716336,2.1264280395282746e-11,-7.515938165142406,8.260876059157026,1.0,1.0,1,1
2924,4,SOX30,2924,-1.0,5.484101639447917,-0.16262999811337808,0.00025311515253483556,4.719904283650057,4.106674963431572,0.8571428571428571,0.24,25,7
2905,4,SOX30,2905,-1.0,5.484101639447917,0.4584454205853488,1.8657824634680366e-27,-4.652472798215719,4.264336970590409,0.8571428571428571,0.24,25,7
2920,4,SOX30,2920,-1.0,5.484101639447917,-0.16278025650521954,0.0002497523134517801,5.062240377347466,4.342344931897424,0.8571428571428571,0.24,25,7
2916,4,SOX30,2916,-1.0,5.484101639447917,0.48898164432328534,1.5548748070539934e-31,-2.457563173417294,1.6542865379793255,0.8571428571428571,0.24,25,7
2919,4,SOX30,2919,-1.0,5.484101639447917,-0.1544485994257847,0.0005152344931145733,6.670992559793705,6.4060677554253145,0.8571428571428571,0.24,25,7
2907,4,SOX30,2907,-1.0,5.484101639447917,0.4081245112342861,1.429131619524627e-21,-3.777072836347633,3.0464778258082417,0.8571428571428571,0.24,25,7
1904,4,BORCS8-MEF2B,1904,-1.0,2.21423581799446,-0.211101214835661,1.8250761674175641e-06,5.250722690489141,4.614020448299661,0.7857142857142857,0.44,25,14
1896,4,BORCS8-MEF2B,1896,-1.0,2.21423581799446,-0.25747364703635905,4.816855651472615e-09,4.139737738999822,3.500411940383184,0.7857142857142857,0.44,25,14
1893,4,BORCS8-MEF2B,1893,-1.0,2.21423581799446,0.6679425795111242,3.758397307654069e-66,-6.700992278985674,7.042065260099749,0.7857142857142857,0.44,25,14
1899,4,BORCS8-MEF2B,1899,-1.0,2.21423581799446,0.2437678720481937,3.170442791007815e-08,-2.9697455492933766,2.157917171743597,0.7857142857142857,0.44,25,14
1915,4,BORCS8-MEF2B,1915,-1.0,2.21423581799446,0.3615298926198517,6.031920884184176e-17,-2.322528523883558,1.512394899622332,0.7857142857142857,0.44,25,14
1913,4,BORCS8-MEF2B,1913,-1.0,2.21423581799446,-0.22925381603548545,2.068992816661102e-07,3.0034053386795487,2.1690056982573527,0.7857142857142857,0.44,25,14
1901,4,BORCS8-MEF2B,1901,-1.0,2.21423581799446,-0.205809777164956,3.3255754608231812e-06,3.733619231209255,2.9398015252120198,0.7857142857142857,0.44,25,14
1917,4,BORCS8-MEF2B,1917,-1.0,2.21423581799446,-0.3449626453413024,1.7879401481659004e-15,3.260198272482407,2.4763756998011512,0.7857142857142857,0.44,25,14
1906,4,BORCS8-MEF2B,1906,-1.0,2.21423581799446,-0.4447701272385725,9.301572996398505e-26,5.220068046339759,4.559996986002551,0.7857142857142857,0.44,25,14
1894,4,BORCS8-MEF2B,1894,-1.0,2.21423581799446,0.28489487248088635,7.900026202498011e-11,-3.8257317404530133,3.1009188147529656,0.7857142857142857,0.44,25,14
1909,4,BORCS8-MEF2B,1909,-1.0,2.21423581799446,0.2660111094294979,1.407301849318404e-09,-2.528858819357478,1.7115247404640277,0.7857142857142857,0.44,25,14
2375,4,SH2D1A,2375,-1.0,2.9317298767875104,0.047213724765791436,0.2910632062296762,-9.203280547365443,11.004668847338506,0.5,0.3333333333333333,3,2
9205,4,PITX1,9205,1.0,1.591296380365099,0.14052901381225258,0.0015971296561350496,4.340342875865376,3.837756028470172,0.07142857142857142,0.041666666666666664,24,14
6217,4,ATF1,6217,1.0,2.397564870860359,0.22065583453735207,5.937978335024988e-07,4.311292371438344,3.447587789595265,0.9166666666666666,0.44,25,12
6214,4,ATF1,6214,1.0,2.397564870860359,0.2306221359250561,1.7426370104275222e-07,3.579111623610745,2.7681118428624347,0.9166666666666666,0.44,25,12
6206,4,ATF1,6206,1.0,2.397564870860359,0.4620414071147227,6.479720817618294e-28,2.3785285358684893,1.5679307528162238,0.9166666666666666,0.44,25,12
6220,4,ATF1,6220,1.0,2.397564870860359,0.41976881227604435,7.584866844533689e-23,3.0093331656514994,2.1553964929346554,0.9166666666666666,0.44,25,12
6215,4,ATF1,6215,1.0,2.397564870860359,0.14009191030784066,0.0016522904884540871,5.45963171532729,4.794541620956747,0.9166666666666666,0.44,25,12
6216,4,ATF1,6216,1.0,2.397564870860359,0.5303233679014729,9.355226398817693e-38,3.3387373768407733,2.5065462486947845,0.9166666666666666,0.44,25,12
6223,4,ATF1,6223,1.0,2.397564870860359,-0.17350528600707701,9.328244097397277e-05,-3.199248054878901,2.3717442678083795,0.9166666666666666,0.44,25,12
6227,4,ATF1,6227,1.0,2.397564870860359,-0.16272738358123323,0.0002509308363894042,-2.95109201129362,2.126107148781041,0.9166666666666666,0.44,25,12
6213,4,ATF1,6213,1.0,2.397564870860359,0.26928587598392756,8.676076650219164e-10,2.6909254229468957,1.8777252036141112,0.9166666666666666,0.44,25,12
6203,4,ATF1,6203,1.0,2.397564870860359,0.646742110971834,8.311453790198206e-61,3.6272385125368714,2.9144517264588066,0.9166666666666666,0.44,25,12
6219,4,ATF1,6219,1.0,2.397564870860359,0.46107680087853253,8.615851138212819e-28,2.4471280040056307,1.6548805083810922,0.9166666666666666,0.44,25,12
7422,4,ZNF148,7422,1.0,2.4558352075194874,0.7862226170614266,1.3505001443735563e-106,3.4152123452971037,2.7008577973192374,1.0,0.44,25,11
7436,4,ZNF148,7436,1.0,2.4558352075194874,0.42649440096306956,1.3196237654560844e-23,5.321781821185201,4.654365207813543,1.0,0.44,25,11
7423,4,ZNF148,7423,1.0,2.4558352075194874,0.21813120134075434,8.028674409820597e-07,4.513773448134203,3.712413187996336,1.0,0.44,25,11
7441,4,ZNF148,7441,1.0,2.4558352075194874,0.28122464487830273,1.4068591867481766e-10,3.151071320847594,2.28498198585104,1.0,0.44,25,11
7428,4,ZNF148,7428,1.0,2.4558352075194874,0.4528967616634805,9.310187870681452e-27,3.080896873533486,2.256071356134916,1.0,0.44,25,11
7434,4,ZNF148,7434,1.0,2.4558352075194874,0.7654110644006278,9.038075237669191e-98,3.471854715184999,2.716565386372389,1.0,0.44,25,11
7443,4,ZNF148,7443,1.0,2.4558352075194874,-0.24615296981619122,2.3023319341713674e-08,-2.4354545131712153,1.6304450354497746,1.0,0.44,25,11
7439,4,ZNF148,7439,1.0,2.4558352075194874,0.5801368519090386,1.728356436426306e-46,4.243491481620604,3.531081263932694,1.0,0.44,25,11
7446,4,ZNF148,7446,1.0,2.4558352075194874,0.4302407043057873,4.897065796669722e-24,3.207556659048485,2.3928122740523317,1.0,0.44,25,11
7437,4,ZNF148,7437,1.0,2.4558352075194874,0.1940535141608777,1.1939463924019211e-05,7.665534815065669,7.463697074099058,1.0,0.44,25,11
7440,4,ZNF148,7440,1.0,2.4558352075194874,0.7171728794160153,1.9035712763767424e-80,4.039137001057637,3.3111691954753737,1.0,0.44,25,11
4079,4,HOXD13,4079,1.0,1.4494834460490225,0.08789843518537106,0.04903383527306479,3.0582516653847196,2.213486126191159,0.8461538461538461,0.44,25,13
4074,4,HOXD13,4074,1.0,1.4494834460490225,0.18288610495255653,3.752205863988939e-05,2.6904430429370034,1.8656215109188312,0.8461538461538461,0.44,25,13
4062,4,HOXD13,4062,1.0,1.4494834460490225,0.3625836007610965,4.8293424850813674e-17,2.7202140408490445,1.9041640195377953,0.8461538461538461,0.44,25,13
4063,4,HOXD13,4063,1.0,1.4494834460490225,0.17603851001101678,7.327850263206131e-05,4.501624122699858,3.741134559246355,0.8461538461538461,0.44,25,13
4068,4,HOXD13,4068,1.0,1.4494834460490225,0.234385185656088,1.0808822217268743e-07,4.8811506485326746,4.2159403948500564,0.8461538461538461,0.44,25,13
4080,4,HOXD13,4080,1.0,1.4494834460490225,0.15503445626962664,0.0004902229920391283,4.699226813753593,3.888043199418067,0.8461538461538461,0.44,25,13
4072,4,HOXD13,4072,1.0,1.4494834460490225,0.2673511605691335,1.155503368640675e-09,2.4827134818683856,1.6977983534917993,0.8461538461538461,0.44,25,13
4076,4,HOXD13,4076,1.0,1.4494834460490225,0.1911814505460754,1.6130742917332345e-05,2.1645215355419136,1.3909267988675684,0.8461538461538461,0.44,25,13
4058,4,HOXD13,4058,1.0,1.4494834460490225,0.227816657460472,2.4749253185194163e-07,3.321270932096723,2.572844016273603,0.8461538461538461,0.44,25,13
4069,4,HOXD13,4069,1.0,1.4494834460490225,0.11238074307343118,0.011747494373730773,2.3904706089039696,1.5880347943355546,0.8461538461538461,0.44,25,13
4059,4,HOXD13,4059,1.0,1.4494834460490225,0.2758164223761317,3.2426051029509665e-10,2.3345735794703018,1.5512565666216505,0.8461538461538461,0.44,25,13
2146,4,GATA6,2146,1.0,2.0938726165088126,0.35695453445322767,1.5690377577277416e-16,3.2817408776666963,2.5075650155560996,0.7142857142857143,0.4,25,14
2157,4,GATA6,2157,1.0,2.0938726165088126,0.17070784255034718,0.00012130055885107655,2.4841003851114474,1.6699700692290567,0.7142857142857143,0.4,25,14
2143,4,GATA6,2143,1.0,2.0938726165088126,0.40370800935731604,4.224485091761309e-21,5.2775551567812125,4.617341979583436,0.7142857142857143,0.4,25,14
2140,4,GATA6,2140,1.0,2.0938726165088126,0.31170369770308654,8.986532833621053e-13,2.660469165167977,1.8719775551674174,0.7142857142857143,0.4,25,14
2149,4,GATA6,2149,1.0,2.0938726165088126,0.3189936887015811,2.452398776010988e-13,3.810340314241624,3.0282081283857583,0.7142857142857143,0.4,25,14
2147,4,GATA6,2147,1.0,2.0938726165088126,0.5689193796829681,2.1636123746272708e-44,2.6484518833600137,1.8300525436357682,0.7142857142857143,0.4,25,14
2145,4,GATA6,2145,1.0,2.0938726165088126,0.35528646476462455,2.2148063923795443e-16,2.4047111316452296,1.6051086988101073,0.7142857142857143,0.4,25,14
2138,4,GATA6,2138,1.0,2.0938726165088126,0.37737337693428147,1.9509528002368043e-18,4.755145002691659,3.9691392622185604,0.7142857142857143,0.4,25,14
2136,4,GATA6,2136,1.0,2.0938726165088126,0.19802235327211765,7.820454353368083e-06,2.9241459038724957,2.141062619250487,0.7142857142857143,0.4,25,14
2156,4,GATA6,2156,1.0,2.0938726165088126,0.40071164965736744,8.732505418442441e-21,2.310539740704731,1.5216380125161888,0.7142857142857143,0.4,25,14
2952,4,TGIF2,2952,-1.0,5.60736375962741,0.18803347579195487,2.2318558864400543e-05,-3.143229875110841,2.3022139990524133,0.5,0.3181818181818182,22,14
2960,4,TGIF2,2960,-1.0,5.60736375962741,-0.23477727522784658,1.0279268822944925e-07,4.3645003916457625,3.5301717171798845,0.5,0.3181818181818182,22,14
2956,4,TGIF2,2956,-1.0,5.60736375962741,-0.1838579421199264,3.405319662938837e-05,2.18975512191203,1.388499085685991,0.5,0.3181818181818182,22,14
2958,4,TGIF2,2958,-1.0,5.60736375962741,-0.31647303952129957,3.8579113978652186e-13,3.3985080425488077,2.6065506865296912,0.5,0.3181818181818182,22,14
2948,4,TGIF2,2948,-1.0,5.60736375962741,0.22892873927558535,2.1547770324686466e-07,-2.76750617809511,1.964555627432841,0.5,0.3181818181818182,22,14
2946,4,TGIF2,2946,-1.0,5.60736375962741,0.6027439627805606,5.678919867803487e-51,-6.4222386187247995,6.634474157437783,0.5,0.3181818181818182,22,14
2957,4,TGIF2,2957,-1.0,5.60736375962741,-0.3289833250419946,3.903165397376326e-14,2.920703401711911,2.061582670717156,0.5,0.3181818181818182,22,14
