,Mutation,Regulator,Regulon,MutationRegulatorEdge,-log10(p)_MutationRegulatorEdge,RegulatorRegulon_Spearman_R,RegulatorRegulon_Spearman_p-value,Regulon_stratification_t-statistic,-log10(p)_Regulon_stratification,Fraction_of_edges_correctly_aligned,Fraction_of_aligned_and_diff_exp_edges,number_downstream_regulons,number_differentially_expressed_regulons
4699,6,TFAP2C,4699,-1.0,6.483942322968778,-0.1690027784245217,0.00014207452192336556,3.5012736764106847,3.120022326167491,0.8125,0.5652173913043478,23,16
4710,6,TFAP2C,4710,-1.0,6.483942322968778,0.25661746295848975,5.436301687040948e-09,-3.845830324627988,3.586239478138265,0.8125,0.5652173913043478,23,16
4709,6,TFAP2C,4709,-1.0,6.483942322968778,-0.18524722552392306,2.9617910370375196e-05,2.321691703654128,1.6433455397401815,0.8125,0.5652173913043478,23,16
4695,6,TFAP2C,4695,-1.0,6.483942322968778,-0.22187655610815865,5.125498766287557e-07,3.584664524648212,3.2115812603604685,0.8125,0.5652173913043478,23,16
4708,6,TFAP2C,4708,-1.0,6.483942322968778,-0.1909248282047107,1.6566701495749158e-05,11.921264626388881,17.94471017489206,0.8125,0.5652173913043478,23,16
4704,6,TFAP2C,4704,-1.0,6.483942322968778,-0.3497502946630639,6.852957498797564e-16,9.161196264474817,12.50650188148931,0.8125,0.5652173913043478,23,16
4698,6,TFAP2C,4698,-1.0,6.483942322968778,0.24393681331150913,3.099740030039178e-08,-4.974872712254157,5.336114410647251,0.8125,0.5652173913043478,23,16
4702,6,TFAP2C,4702,-1.0,6.483942322968778,0.3276023891007558,5.052622257805238e-14,-9.395520660889824,12.898954824289277,0.8125,0.5652173913043478,23,16
4696,6,TFAP2C,4696,-1.0,6.483942322968778,0.14768734255724808,0.0009035465814234125,-3.7853377344049832,3.514853966130072,0.8125,0.5652173913043478,23,16
4693,6,TFAP2C,4693,-1.0,6.483942322968778,0.34800311379332377,9.742982578076301e-16,-4.443376966651723,4.502457554987228,0.8125,0.5652173913043478,23,16
4691,6,TFAP2C,4691,-1.0,6.483942322968778,-0.2274825413527851,2.5797454922593906e-07,7.189766827359725,9.345233326277365,0.8125,0.5652173913043478,23,16
4701,6,TFAP2C,4701,-1.0,6.483942322968778,0.2783821440941867,2.1869400303615548e-10,-11.67248005158815,17.173365153734625,0.8125,0.5652173913043478,23,16
4694,6,TFAP2C,4694,-1.0,6.483942322968778,-0.24363042348528294,3.229114036606305e-08,2.4606830242945863,1.7868855193088984,0.8125,0.5652173913043478,23,16
2133,6,MGA,2133,-1.0,10.271072864597523,0.5431633782011038,7.218866605799876e-40,-6.277601356955016,7.742931768363792,0.75,0.6,5,4
2134,6,MGA,2134,-1.0,10.271072864597523,0.5930943906899989,5.144348941263022e-49,-6.455700180583947,8.180562886726266,0.75,0.6,5,4
2131,6,MGA,2131,-1.0,10.271072864597523,0.8395175621842104,1.4478025828313255e-134,-11.451501747168452,16.87400471091212,0.75,0.6,5,4
8834,6,NFATC4,8834,-1.0,1.6786780675656154,0.5363706303818903,9.713832356441673e-39,-3.777245250775789,3.5385406988812083,0.55,0.44,25,20
8832,6,NFATC4,8832,-1.0,1.6786780675656154,-0.24275621647645915,3.6276115477750485e-08,3.246611638743957,2.7572789344269304,0.55,0.44,25,20
8835,6,NFATC4,8835,-1.0,1.6786780675656154,0.2751653354914054,3.581132288738748e-10,-5.318430781916285,5.943717894857575,0.55,0.44,25,20
8846,6,NFATC4,8846,-1.0,1.6786780675656154,0.5801652143109092,1.7069726776017045e-46,-5.088343826964263,5.633251759743067,0.55,0.44,25,20
8844,6,NFATC4,8844,-1.0,1.6786780675656154,0.486470067160555,3.49073864386812e-31,-2.890532469008017,2.3120486691187625,0.55,0.44,25,20
8823,6,NFATC4,8823,-1.0,1.6786780675656154,0.7339739505093162,4.758861897834193e-86,-2.877428709393041,2.2862691726050652,0.55,0.44,25,20
8829,6,NFATC4,8829,-1.0,1.6786780675656154,0.4406454372033419,2.922150140492649e-25,-7.9620565336494495,10.91438081994927,0.55,0.44,25,20
8839,6,NFATC4,8839,-1.0,1.6786780675656154,0.5377612417913256,5.732767923998139e-39,-5.320152998857964,6.0228443810740915,0.55,0.44,25,20
8840,6,NFATC4,8840,-1.0,1.6786780675656154,0.6087473062239678,3.181536708278111e-52,-6.200640322375916,7.613384193415468,0.55,0.44,25,20
8831,6,NFATC4,8831,-1.0,1.6786780675656154,0.6126962252536265,4.619976178030471e-53,-3.5588232777342172,3.182241016285431,0.55,0.44,25,20
8836,6,NFATC4,8836,-1.0,1.6786780675656154,0.4137527579234378,3.507309360189475e-22,-6.797340249993061,8.60156631054786,0.55,0.44,25,20
3431,6,NKX2-5,3431,-1.0,1.4875297129452598,0.20727567994886828,2.8206394395176487e-06,-3.1272114643277416,2.605467501720345,0.75,0.6,10,8
3437,6,NKX2-5,3437,-1.0,1.4875297129452598,0.12634589113573824,0.00458059901026254,-2.1776337081563564,1.490638844095039,0.75,0.6,10,8
3433,6,NKX2-5,3433,-1.0,1.4875297129452598,0.09279869501987764,0.037664116222344536,-2.1906026610774165,1.501619859800247,0.75,0.6,10,8
3430,6,NKX2-5,3430,-1.0,1.4875297129452598,0.19026081540350367,1.774730719004267e-05,-7.727938379301687,11.021480897591385,0.75,0.6,10,8
3435,6,NKX2-5,3435,-1.0,1.4875297129452598,0.2818107439433677,1.283733281416321e-10,-4.287212923141114,4.299378027548394,0.75,0.6,10,8
3438,6,NKX2-5,3438,-1.0,1.4875297129452598,0.20917624092139575,2.2743457996210647e-06,-3.5936627244623165,3.257717772395313,0.75,0.6,10,8
4497,6,HOXC6,4497,-1.0,2.3794519520242807,0.22619077149100528,3.0266816251481217e-07,-6.990760941095853,8.942221076098612,0.6470588235294118,0.5,22,17
4493,6,HOXC6,4493,-1.0,2.3794519520242807,0.23488332594788403,1.014039516824026e-07,-10.921696732926291,16.955136552870485,0.6470588235294118,0.5,22,17
4506,6,HOXC6,4506,-1.0,2.3794519520242807,0.40325791037111064,4.713580588752035e-21,-2.9508950368252265,2.3650544279331447,0.6470588235294118,0.5,22,17
4500,6,HOXC6,4500,-1.0,2.3794519520242807,0.2249418772333909,3.5290862149692525e-07,-2.445706492618482,1.76775652962712,0.6470588235294118,0.5,22,17
4487,6,HOXC6,4487,-1.0,2.3794519520242807,0.24164268391606608,4.204486554517477e-08,-11.710739106829479,17.408447606874244,0.6470588235294118,0.5,22,17
4488,6,HOXC6,4488,-1.0,2.3794519520242807,0.27538730211473955,3.462028700825999e-10,-8.811717590182226,13.283193266609223,0.6470588235294118,0.5,22,17
4490,6,HOXC6,4490,-1.0,2.3794519520242807,0.43925046234746495,4.288490965825457e-25,-3.1518824575832087,2.6579845524137604,0.6470588235294118,0.5,22,17
4491,6,HOXC6,4491,-1.0,2.3794519520242807,0.5461991986340895,2.215903710885642e-40,-2.1278224570660993,1.4363536219726194,0.6470588235294118,0.5,22,17
4502,6,HOXC6,4502,-1.0,2.3794519520242807,0.20878204305194434,2.3785854717145e-06,-7.966058890225443,10.447136065927264,0.6470588235294118,0.5,22,17
4503,6,HOXC6,4503,-1.0,2.3794519520242807,0.23601013856266465,8.772314353402645e-08,-5.642404870576231,6.497748385616582,0.6470588235294118,0.5,22,17
4504,6,HOXC6,4504,-1.0,2.3794519520242807,0.04985526875012065,0.26487876359538026,-2.8408399414251884,2.2349498892191035,0.6470588235294118,0.5,22,17
145,6,MTERF1,145,-1.0,3.9125010869201637,0.3617590684155676,5.747555088735525e-17,-5.043231711085495,5.6191038367161985,0.75,0.75,4,4
144,6,MTERF1,144,-1.0,3.9125010869201637,0.7006490768868195,2.5390549742584926e-75,-3.552223806734146,3.204453319544545,0.75,0.75,4,4
143,6,MTERF1,143,-1.0,3.9125010869201637,0.48767191208262506,2.3725357794640227e-31,-12.11383476495013,17.998151660992672,0.75,0.75,4,4
2362,6,OTX1,2362,-1.0,10.8849662719854,0.33792250908035576,7.110433353299277e-15,-11.769886932867124,16.90359440821583,0.7368421052631579,0.56,25,19
2353,6,OTX1,2353,-1.0,10.8849662719854,0.6757581760907703,3.1011187681296422e-68,-4.973338153775413,5.507023865285251,0.7368421052631579,0.56,25,19
2352,6,OTX1,2352,-1.0,10.8849662719854,0.7099751847955139,3.600720000204759e-78,-7.811929886281417,11.233370335225507,0.7368421052631579,0.56,25,19
2373,6,OTX1,2373,-1.0,10.8849662719854,0.3420581077316904,3.173598449784706e-15,-7.473974009904903,9.641234470520962,0.7368421052631579,0.56,25,19
2371,6,OTX1,2371,-1.0,10.8849662719854,0.1382491130465104,0.001904592993498886,-8.617873828649698,11.944997922769662,0.7368421052631579,0.56,25,19
2357,6,OTX1,2357,-1.0,10.8849662719854,0.6157270182374512,1.0313441609042077e-53,-2.0582751677901028,1.3683453595779325,0.7368421052631579,0.56,25,19
2356,6,OTX1,2356,-1.0,10.8849662719854,0.39124354002425793,8.256855304957599e-20,-2.5643914097594576,1.9120455785866661,0.7368421052631579,0.56,25,19
2364,6,OTX1,2364,-1.0,10.8849662719854,0.45902873191938387,1.572991583927936e-27,-9.234564447753934,13.202477650693604,0.7368421052631579,0.56,25,19
2358,6,OTX1,2358,-1.0,10.8849662719854,0.6400015347948571,3.39660166937986e-59,-8.966802025321664,13.254568907010206,0.7368421052631579,0.56,25,19
2365,6,OTX1,2365,-1.0,10.8849662719854,0.34877041636432804,8.350235485619877e-16,-9.55484603959094,13.327901411794805,0.7368421052631579,0.56,25,19
2351,6,OTX1,2351,-1.0,10.8849662719854,0.5589711012262185,1.3466145506583731e-42,-11.526994997693617,17.188263764299275,0.7368421052631579,0.56,25,19
2374,6,OTX1,2374,-1.0,10.8849662719854,0.11412437653108948,0.010497718860706934,-2.7784392190566507,2.149691066115157,0.7368421052631579,0.56,25,19
2354,6,OTX1,2354,-1.0,10.8849662719854,0.6674353762910525,5.105326741653707e-66,-8.722488415697484,12.39514686342214,0.7368421052631579,0.56,25,19
2363,6,OTX1,2363,-1.0,10.8849662719854,0.1735603982327852,9.279721110517667e-05,-2.9045186214767136,2.298739885732228,0.7368421052631579,0.56,25,19
8101,6,BACH2,8101,-1.0,5.241602425570722,0.3400356503060033,4.715605444757302e-15,-5.662407672193502,6.854420607600425,0.4166666666666667,0.25,20,12
8109,6,BACH2,8109,-1.0,5.241602425570722,0.5003507594365102,3.672135567520792e-33,-7.37307204805789,9.535929644439573,0.4166666666666667,0.25,20,12
8108,6,BACH2,8108,-1.0,5.241602425570722,0.5196599585159558,4.5500231322559716e-36,-2.854897619410627,2.2699396879514477,0.4166666666666667,0.25,20,12
8116,6,BACH2,8116,-1.0,5.241602425570722,0.2627617646934672,2.2595512578334923e-09,-5.865227182360029,6.757239722757809,0.4166666666666667,0.25,20,12
8097,6,BACH2,8097,-1.0,5.241602425570722,0.44788439484997594,3.8785324222432126e-26,-11.34668721766587,16.733673879214226,0.4166666666666667,0.25,20,12
7383,6,PAX3,7383,-1.0,9.881971250930029,0.1479418853695211,0.0008850101135610867,-8.507334446690173,12.663721545228656,0.8333333333333334,0.8333333333333334,6,6
7385,6,PAX3,7385,-1.0,9.881971250930029,0.17474366331804442,8.293523271012692e-05,-8.48242107282352,11.848007148930666,0.8333333333333334,0.8333333333333334,6,6
7381,6,PAX3,7381,-1.0,9.881971250930029,0.1698331950374744,0.00013157155803325324,-12.078522360586812,18.194358149184335,0.8333333333333334,0.8333333333333334,6,6
7384,6,PAX3,7384,-1.0,9.881971250930029,0.14055491482354818,0.0015939146994634163,-4.390589356522049,4.488260391089784,0.8333333333333334,0.8333333333333334,6,6
7382,6,PAX3,7382,-1.0,9.881971250930029,0.32126642354437474,1.624007540860625e-13,-3.2459926560077843,2.756568079119027,0.8333333333333334,0.8333333333333334,6,6
9482,6,PITX2,9482,-1.0,5.547894552930682,0.12509599008458094,0.005002594363912654,-6.508547218563082,7.925367526106691,0.875,0.7777777777777778,9,8
9479,6,PITX2,9479,-1.0,5.547894552930682,0.1849221377006714,3.060380300192237e-05,-8.42446478575497,11.300608159220996,0.875,0.7777777777777778,9,8
9475,6,PITX2,9475,-1.0,5.547894552930682,-0.10765967079934104,0.015814983922418303,5.191505847524825,5.649795939363898,0.875,0.7777777777777778,9,8
9481,6,PITX2,9481,-1.0,5.547894552930682,0.16294431534077547,0.00024612834967686654,-8.762993536238056,11.759641893968718,0.875,0.7777777777777778,9,8
9476,6,PITX2,9476,-1.0,5.547894552930682,0.12894327693324392,0.0038047995965366896,-8.060517927491773,10.593835516176432,0.875,0.7777777777777778,9,8
9478,6,PITX2,9478,-1.0,5.547894552930682,0.16130199620041458,0.0002847319742011778,-4.1390375689758985,3.982335337856994,0.875,0.7777777777777778,9,8
9477,6,PITX2,9477,-1.0,5.547894552930682,0.18101779393324988,4.515087370574642e-05,-3.857408432500027,3.600488504936959,0.875,0.7777777777777778,9,8
7030,6,NFKB1,7030,-1.0,11.395289760413613,0.37198281314332676,6.405233273138438e-18,-10.491278107623847,14.912592719031721,0.9523809523809523,0.8,25,21
7018,6,NFKB1,7018,-1.0,11.395289760413613,0.47918889791247504,3.506254521714437e-30,-5.59095391876611,6.488447447121722,0.9523809523809523,0.8,25,21
7015,6,NFKB1,7015,-1.0,11.395289760413613,0.2533216380321027,8.625391520288737e-09,-2.1750118695016902,1.4861066390024678,0.9523809523809523,0.8,25,21
7023,6,NFKB1,7023,-1.0,11.395289760413613,0.3111561800321956,9.893051271857173e-13,-5.095845544146798,5.607012030346514,0.9523809523809523,0.8,25,21
7019,6,NFKB1,7019,-1.0,11.395289760413613,0.36639077195580716,2.147759056177259e-17,-2.603679235574526,1.948398907239881,0.9523809523809523,0.8,25,21
7029,6,NFKB1,7029,-1.0,11.395289760413613,0.3855350137882536,3.0903930265030943e-19,-2.51709436308968,1.8495924839466973,0.9523809523809523,0.8,25,21
7025,6,NFKB1,7025,-1.0,11.395289760413613,0.2986619254342969,8.404531265760379e-12,-9.841839453064425,13.631853741837809,0.9523809523809523,0.8,25,21
7013,6,NFKB1,7013,-1.0,11.395289760413613,0.32315414002612664,1.150151100043703e-13,-5.90292615870645,7.0074957036809575,0.9523809523809523,0.8,25,21
7014,6,NFKB1,7014,-1.0,11.395289760413613,0.2376427315345468,7.10161848749996e-08,-6.934771646102928,8.9931027524086,0.9523809523809523,0.8,25,21
7026,6,NFKB1,7026,-1.0,11.395289760413613,-0.1502795143161595,0.0007304850953177242,11.58577095135313,16.9121037536461,0.9523809523809523,0.8,25,21
7033,6,NFKB1,7033,-1.0,11.395289760413613,0.307484244994048,1.8750866478766754e-12,-3.1339750622067992,2.591971491772011,0.9523809523809523,0.8,25,21
7024,6,NFKB1,7024,-1.0,11.395289760413613,0.514842334214291,2.516401229542642e-35,-8.076384058629195,10.780442041789197,0.9523809523809523,0.8,25,21
7028,6,NFKB1,7028,-1.0,11.395289760413613,0.30112129664933324,5.560484779900323e-12,-3.6961283567689605,3.326922106224375,0.9523809523809523,0.8,25,21
7032,6,NFKB1,7032,-1.0,11.395289760413613,0.3676947784391298,1.6231974057831737e-17,-5.5663172192156525,6.258421286074378,0.9523809523809523,0.8,25,21
7009,6,NFKB1,7009,-1.0,11.395289760413613,0.4497987146899361,2.2552814217024069e-26,-11.583703002552877,17.211429286452372,0.9523809523809523,0.8,25,21
7020,6,NFKB1,7020,-1.0,11.395289760413613,0.1830460565091926,3.692902052681863e-05,-7.897172167206373,11.011218167878017,0.9523809523809523,0.8,25,21
7017,6,NFKB1,7017,-1.0,11.395289760413613,0.4406847082213165,2.890687958896858e-25,-6.033768254974026,7.43321601794484,0.9523809523809523,0.8,25,21
7022,6,NFKB1,7022,-1.0,11.395289760413613,0.40077292762261274,8.604416350752851e-21,-10.117591359155385,14.57647586086412,0.9523809523809523,0.8,25,21
7016,6,NFKB1,7016,-1.0,11.395289760413613,0.5070406816917519,3.790915431583719e-34,-2.29560991249086,1.604795170880666,0.9523809523809523,0.8,25,21
7021,6,NFKB1,7021,-1.0,11.395289760413613,0.38347451849249947,4.945030920079061e-19,-8.876772526117223,12.01961098984424,0.9523809523809523,0.8,25,21
6325,6,TEAD3,6325,-1.0,4.462710146177768,0.2939303369135569,1.8403190446657648e-11,-6.170716871308653,7.268118545775665,0.9565217391304348,0.88,25,23
6327,6,TEAD3,6327,-1.0,4.462710146177768,0.04293560155397505,0.3370390688965056,-7.0046833816842256,8.700896343805116,0.9565217391304348,0.88,25,23
6329,6,TEAD3,6329,-1.0,4.462710146177768,0.19743546972572087,8.329856549715646e-06,-11.069742698573602,15.710594013454358,0.9565217391304348,0.88,25,23
6315,6,TEAD3,6315,-1.0,4.462710146177768,0.3016222392723365,5.1093074089560516e-12,-3.7117449835535457,3.409864177610595,0.9565217391304348,0.88,25,23
6331,6,TEAD3,6331,-1.0,4.462710146177768,0.23255609127400353,1.3647189821519738e-07,-10.220009085157171,14.29883609707292,0.9565217391304348,0.88,25,23
6313,6,TEAD3,6313,-1.0,4.462710146177768,0.24358565073049074,3.248451446709833e-08,-7.391000471314903,9.825791992826344,0.9565217391304348,0.88,25,23
6319,6,TEAD3,6319,-1.0,4.462710146177768,0.11452268330518357,0.010229339408225058,-2.6643781042104377,2.0245965723551755,0.9565217391304348,0.88,25,23
6328,6,TEAD3,6328,-1.0,4.462710146177768,0.21095570338258637,1.8558240782028633e-06,-9.005418126777402,13.649336114905376,0.9565217391304348,0.88,25,23
6316,6,TEAD3,6316,-1.0,4.462710146177768,0.12083725430891522,0.006716333761845718,-5.9399907297920125,7.034396010102135,0.9565217391304348,0.88,25,23
6314,6,TEAD3,6314,-1.0,4.462710146177768,0.13535197432434284,0.002373288913870177,-10.182040658387017,14.320785518624884,0.9565217391304348,0.88,25,23
6322,6,TEAD3,6322,-1.0,4.462710146177768,0.24547094416586104,2.523768183037299e-08,-6.984793752153059,8.821260121177243,0.9565217391304348,0.88,25,23
6333,6,TEAD3,6333,-1.0,4.462710146177768,0.16115739658003503,0.0002883888580213824,-7.619537746885769,10.217130160394216,0.9565217391304348,0.88,25,23
6312,6,TEAD3,6312,-1.0,4.462710146177768,0.2522009911568592,1.0076388432172019e-08,-2.058359865222538,1.3736984262019807,0.9565217391304348,0.88,25,23
6323,6,TEAD3,6323,-1.0,4.462710146177768,-0.07791109107930844,0.08117204399863238,10.343427176488682,15.843235877095534,0.9565217391304348,0.88,25,23
6317,6,TEAD3,6317,-1.0,4.462710146177768,0.13057523361868534,0.0033803712389739813,-8.48961502375559,11.344820357644261,0.9565217391304348,0.88,25,23
6324,6,TEAD3,6324,-1.0,4.462710146177768,0.2266728374652721,2.8518049466790375e-07,-4.3360507423373065,4.256613768379802,0.9565217391304348,0.88,25,23
6318,6,TEAD3,6318,-1.0,4.462710146177768,-0.10421157479106088,0.019520507736809294,11.880136694056093,18.646414904844814,0.9565217391304348,0.88,25,23
6321,6,TEAD3,6321,-1.0,4.462710146177768,0.23190100516257373,1.4828872960755316e-07,-3.25842052497859,2.7623385155016473,0.9565217391304348,0.88,25,23
6310,6,TEAD3,6310,-1.0,4.462710146177768,0.25781949759562245,4.5865529456374095e-09,-8.651693194069768,13.093324667839664,0.9565217391304348,0.88,25,23
6326,6,TEAD3,6326,-1.0,4.462710146177768,0.1337321871191915,0.0026790883121556065,-8.208300075103745,10.902350321410731,0.9565217391304348,0.88,25,23
6309,6,TEAD3,6309,-1.0,4.462710146177768,0.2660749485480893,1.394181551770595e-09,-11.45033513000098,16.836867018514372,0.9565217391304348,0.88,25,23
6330,6,TEAD3,6330,-1.0,4.462710146177768,0.20679544177310355,2.977379885321146e-06,-7.723497188094521,10.234723648041237,0.9565217391304348,0.88,25,23
3500,6,GABPB1,3500,-1.0,17.05907790211945,0.15659095502135695,0.00042914945649410004,-6.400223064081601,7.7767111842525845,0.6666666666666666,0.48,25,18
3492,6,GABPB1,3492,-1.0,17.05907790211945,0.1587408061116328,0.00035637945456115313,-6.720739116965081,8.26009649831742,0.6666666666666666,0.48,25,18
3487,6,GABPB1,3487,-1.0,17.05907790211945,0.4838296129181918,8.110343376984648e-31,-11.13340003789202,16.403622449853135,0.6666666666666666,0.48,25,18
3493,6,GABPB1,3493,-1.0,17.05907790211945,0.1882108593755595,2.1917026809571595e-05,-14.805842556389214,23.993186887986756,0.6666666666666666,0.48,25,18
3496,6,GABPB1,3496,-1.0,17.05907790211945,0.5323239132374206,4.444640548814028e-38,-5.52860126313983,6.5651000738538094,0.6666666666666666,0.48,25,18
3489,6,GABPB1,3489,-1.0,17.05907790211945,0.6765283243877147,1.9174371263176767e-68,-5.151988264897183,5.777568610336304,0.6666666666666666,0.48,25,18
3494,6,GABPB1,3494,-1.0,17.05907790211945,-0.3021410151112316,4.6798119451527345e-12,2.0349483816385905,1.340969442630073,0.6666666666666666,0.48,25,18
3495,6,GABPB1,3495,-1.0,17.05907790211945,0.17018783356354467,0.0001273122762980705,-5.066717653023125,5.536154744117883,0.6666666666666666,0.48,25,18
3506,6,GABPB1,3506,-1.0,17.05907790211945,0.19667888605575792,9.033327783135273e-06,-4.109828826054251,3.9257120769216356,0.6666666666666666,0.48,25,18
3505,6,GABPB1,3505,-1.0,17.05907790211945,0.20753153621629716,2.740388038726951e-06,-6.139704580531102,7.269213017103162,0.6666666666666666,0.48,25,18
3490,6,GABPB1,3490,-1.0,17.05907790211945,0.2536320118746452,8.260750995105818e-09,-8.272337949761146,10.996476424095494,0.6666666666666666,0.48,25,18
3503,6,GABPB1,3503,-1.0,17.05907790211945,0.24170377216624864,4.170662206548631e-08,-11.462314363622287,16.442763987518067,0.6666666666666666,0.48,25,18
895,6,MYCN,895,1.0,4.52054083152003,0.18120925246139985,4.430635749373523e-05,9.657080404990618,13.90561195138736,0.2,0.125,8,5
3960,6,LHX6,3960,1.0,1.4953749138781451,0.4017366422391919,6.81740470092618e-21,3.8063364012128957,3.564898089817213,0.16666666666666666,0.13043478260869565,23,18
3965,6,LHX6,3965,1.0,1.4953749138781451,-0.24743616093918075,1.9355823260381072e-08,-4.954153371170278,5.310261678907546,0.16666666666666666,0.13043478260869565,23,18
3982,6,LHX6,3982,1.0,1.4953749138781451,-0.08528408444018441,0.05619285265539075,-2.578495440267125,1.9203516810652308,0.16666666666666666,0.13043478260869565,23,18
8390,6,FOXF1,8390,-1.0,4.500348977910384,0.21978845727078472,6.589050420063908e-07,-8.46106067892545,11.205832001641092,0.782608695652174,0.72,25,23
8385,6,FOXF1,8385,-1.0,4.500348977910384,0.5715526247529495,7.079785511812662e-45,-7.595815437189838,10.206688842145711,0.782608695652174,0.72,25,23
8375,6,FOXF1,8375,-1.0,4.500348977910384,-0.2791609244264831,1.9389388962765338e-10,13.298543872832722,20.836214873677918,0.782608695652174,0.72,25,23
8382,6,FOXF1,8382,-1.0,4.500348977910384,0.3099666665891997,1.218179505094237e-12,-3.1289866924155616,2.5834255923940495,0.782608695652174,0.72,25,23
8389,6,FOXF1,8389,-1.0,4.500348977910384,0.3385904009585164,6.246984825688387e-15,-11.080704351414058,16.43525050330302,0.782608695652174,0.72,25,23
8379,6,FOXF1,8379,-1.0,4.500348977910384,0.6911558300079049,1.5576855135251973e-72,-4.396595860097683,4.46991712319706,0.782608695652174,0.72,25,23
8374,6,FOXF1,8374,-1.0,4.500348977910384,0.44527211329442057,8.083269372912155e-26,-3.8130858743407625,3.57289566419084,0.782608695652174,0.72,25,23
8366,6,FOXF1,8366,-1.0,4.500348977910384,0.4463992104817952,5.892832174559969e-26,-11.879130122512697,17.66758717008695,0.782608695652174,0.72,25,23
8372,6,FOXF1,8372,-1.0,4.500348977910384,0.35521712390921545,2.2466721142783555e-16,-4.893524272530669,5.282432462271223,0.782608695652174,0.72,25,23
8388,6,FOXF1,8388,-1.0,4.500348977910384,0.2556280989066199,6.248547765738547e-09,-10.150444906853842,14.412119655270354,0.782608695652174,0.72,25,23
8371,6,FOXF1,8371,-1.0,4.500348977910384,0.19625269116745006,9.454159028234222e-06,-6.647941440983171,8.43410038109726,0.782608695652174,0.72,25,23
8377,6,FOXF1,8377,-1.0,4.500348977910384,0.309475684006987,1.3270837190456324e-12,-2.8774734201640184,2.2760364420279453,0.782608695652174,0.72,25,23
8376,6,FOXF1,8376,-1.0,4.500348977910384,0.4724468988725281,2.8273519561247126e-29,-9.283027540166012,13.387992118233905,0.782608695652174,0.72,25,23
8378,6,FOXF1,8378,-1.0,4.500348977910384,0.3165863942712501,3.78045094130467e-13,-2.2976185630219352,1.6117813879917706,0.782608695652174,0.72,25,23
8368,6,FOXF1,8368,-1.0,4.500348977910384,0.5811990665449771,1.0833798430971037e-46,-2.2400183605985444,1.5528874654627138,0.782608695652174,0.72,25,23
8381,6,FOXF1,8381,-1.0,4.500348977910384,0.2671893348262644,1.1834106926773528e-09,-4.539751821334548,4.69374790170211,0.782608695652174,0.72,25,23
8384,6,FOXF1,8384,-1.0,4.500348977910384,0.36821507199852627,1.451084856943755e-17,-11.161423307377694,16.358459211183707,0.782608695652174,0.72,25,23
8369,6,FOXF1,8369,-1.0,4.500348977910384,0.45941347406649635,1.4052392615874667e-27,-5.7871730307690505,7.056185944395647,0.782608695652174,0.72,25,23
5324,6,DBP,5324,1.0,6.114229317901682,-0.28409825893269813,8.960607573079511e-11,-8.40116431411296,11.639129626032151,0.5714285714285714,0.36363636363636365,11,7
5318,6,DBP,5318,1.0,6.114229317901682,-0.5564465628871521,3.75791820508855e-42,-8.916883126924866,12.057266171643374,0.5714285714285714,0.36363636363636365,11,7
5314,6,DBP,5314,1.0,6.114229317901682,0.48177073020047056,1.557106575892975e-30,2.8852302556913147,2.3053941278840893,0.5714285714285714,0.36363636363636365,11,7
5322,6,DBP,5322,1.0,6.114229317901682,-0.19888716938533885,7.123605468124727e-06,-10.452832069248274,14.641801042670064,0.5714285714285714,0.36363636363636365,11,7
5447,6,HENMT1,5447,1.0,7.098421771672335,-0.2141339049701125,1.284980920285967e-06,-10.91475868977474,16.60187249056825,0.6666666666666666,0.4444444444444444,9,6
5439,6,HENMT1,5439,1.0,7.098421771672335,0.4026561341922935,5.455666257745203e-21,9.74975183035484,13.959200519001152,0.6666666666666666,0.4444444444444444,9,6
5444,6,HENMT1,5444,1.0,7.098421771672335,0.37505003141918586,3.265520566703903e-18,7.124148998531153,9.138238722914004,0.6666666666666666,0.4444444444444444,9,6
5445,6,HENMT1,5445,1.0,7.098421771672335,-0.1549430899869291,0.0004940478467947813,-9.385051761977273,13.017906711505098,0.6666666666666666,0.4444444444444444,9,6
7818,6,XBP1,7818,-1.0,2.7222462352303616,0.326111323565632,6.666815669839103e-14,-2.2664713625907895,1.5742610820645782,1.0,0.8260869565217391,23,19
7806,6,XBP1,7806,-1.0,2.7222462352303616,0.32177320408488785,1.4806983291792915e-13,-5.575026646115169,6.488118084839485,1.0,0.8260869565217391,23,19
7800,6,XBP1,7800,-1.0,2.7222462352303616,0.3419158214346813,3.26356896221893e-15,-12.149535032246265,18.129210461543654,1.0,0.8260869565217391,23,19
7809,6,XBP1,7809,-1.0,2.7222462352303616,0.4014637750233575,7.282472121888357e-21,-4.810831547816435,5.097137131761434,1.0,0.8260869565217391,23,19
7804,6,XBP1,7804,-1.0,2.7222462352303616,0.3054086673508108,2.6809012589006e-12,-10.035394896833337,14.41111422067691,1.0,0.8260869565217391,23,19
7803,6,XBP1,7803,-1.0,2.7222462352303616,0.25816752987810665,4.365596119772501e-09,-8.809630383438531,11.884698705381368,1.0,0.8260869565217391,23,19
7802,6,XBP1,7802,-1.0,2.7222462352303616,0.4033504913216979,4.608617899304304e-21,-8.178670890163072,11.928647561194703,1.0,0.8260869565217391,23,19
7808,6,XBP1,7808,-1.0,2.7222462352303616,0.2503416886850759,1.3020459738062456e-08,-8.839284220270052,13.262242813089536,1.0,0.8260869565217391,23,19
7801,6,XBP1,7801,-1.0,2.7222462352303616,0.3266476480478249,6.035136873441285e-14,-4.172943121492461,4.168851804490143,1.0,0.8260869565217391,23,19
7807,6,XBP1,7807,-1.0,2.7222462352303616,0.31422776175449624,5.755193432907093e-13,-2.9945320610644433,2.439742731178815,1.0,0.8260869565217391,23,19
7822,6,XBP1,7822,-1.0,2.7222462352303616,-0.3586278213060544,1.1080839715604446e-16,13.533655508894354,20.325338874381117,1.0,0.8260869565217391,23,19
7821,6,XBP1,7821,-1.0,2.7222462352303616,0.322371660250108,1.3273634809145894e-13,-12.222441956831878,18.326523635592675,1.0,0.8260869565217391,23,19
7817,6,XBP1,7817,-1.0,2.7222462352303616,0.1742554193649089,8.687843921351102e-05,-4.455367198454947,4.453431215242253,1.0,0.8260869565217391,23,19
7812,6,XBP1,7812,-1.0,2.7222462352303616,0.39021329237638086,1.0497671656384455e-19,-10.570106143238476,15.394205815905682,1.0,0.8260869565217391,23,19
7816,6,XBP1,7816,-1.0,2.7222462352303616,0.1697710295708394,0.00013233183161913425,-6.365030254882985,7.7784287069915035,1.0,0.8260869565217391,23,19
7820,6,XBP1,7820,-1.0,2.7222462352303616,0.2358306681133705,8.977599069117216e-08,-6.913018636794146,8.82785674760195,1.0,0.8260869565217391,23,19
7813,6,XBP1,7813,-1.0,2.7222462352303616,0.32816034110009407,4.552947503991145e-14,-8.86708625967581,13.179623880648872,1.0,0.8260869565217391,23,19
7811,6,XBP1,7811,-1.0,2.7222462352303616,0.3130071350412211,7.143009651394014e-13,-12.287596028946593,20.2947297847525,1.0,0.8260869565217391,23,19
7815,6,XBP1,7815,-1.0,2.7222462352303616,0.21704650546988838,9.129621740818011e-07,-3.455341712717051,3.0213250150750017,1.0,0.8260869565217391,23,19
541,6,KLF7,541,-1.0,7.540103429825028,-0.15510501179292543,0.00048728819391799554,8.75924043166016,12.629749342404503,0.8125,0.5416666666666666,24,16
537,6,KLF7,537,-1.0,7.540103429825028,0.5466908452190214,1.8280618318509305e-40,-9.366287767699417,13.209907895857715,0.8125,0.5416666666666666,24,16
529,6,KLF7,529,-1.0,7.540103429825028,0.10978559304762593,0.013851304241881121,-11.418542157821747,16.992722505189466,0.8125,0.5416666666666666,24,16
544,6,KLF7,544,-1.0,7.540103429825028,0.696859803082405,3.392762167815817e-74,-7.760688165756302,10.115031941898298,0.8125,0.5416666666666666,24,16
551,6,KLF7,551,-1.0,7.540103429825028,0.3481348709043542,9.488581173044981e-16,-3.61481061136427,3.2382719423623993,0.8125,0.5416666666666666,24,16
542,6,KLF7,542,-1.0,7.540103429825028,-0.18818761928038136,2.1969240953887725e-05,9.365928674801388,13.39129926106363,0.8125,0.5416666666666666,24,16
538,6,KLF7,538,-1.0,7.540103429825028,0.3629366298096148,4.481819862789266e-17,-4.365523451524302,4.315195914204986,0.8125,0.5416666666666666,24,16
547,6,KLF7,547,-1.0,7.540103429825028,-0.24926571970709321,1.5088351498038828e-08,6.148948301072611,7.459187021452542,0.8125,0.5416666666666666,24,16
548,6,KLF7,548,-1.0,7.540103429825028,0.3771977007862409,2.028732966631769e-18,-8.77829311054912,11.784816468154153,0.8125,0.5416666666666666,24,16
543,6,KLF7,543,-1.0,7.540103429825028,-0.5237372197855167,1.0472362107412642e-36,5.246957457919071,5.75781904664242,0.8125,0.5416666666666666,24,16
539,6,KLF7,539,-1.0,7.540103429825028,-0.3161465398984294,4.089810498784495e-13,12.751206342490526,19.065055568690145,0.8125,0.5416666666666666,24,16
549,6,KLF7,549,-1.0,7.540103429825028,-0.16035926531134542,0.0003093752159703299,8.96331752117161,12.297616966637605,0.8125,0.5416666666666666,24,16
528,6,KLF7,528,-1.0,7.540103429825028,-0.46771625892710156,1.1899951378009124e-28,9.337268178619187,13.270020720122991,0.8125,0.5416666666666666,24,16
4348,6,CNOT3,4348,-1.0,2.569035534683341,0.5166985063875401,1.3061888297898375e-35,-2.1661987363677655,1.4852339671071,0.6470588235294118,0.5789473684210527,19,17
4356,6,CNOT3,4356,-1.0,2.569035534683341,0.15085036693975992,0.000696752346001842,-8.497270086202688,11.69676735398113,0.6470588235294118,0.5789473684210527,19,17
4347,6,CNOT3,4347,-1.0,2.569035534683341,0.4765650437380963,7.94412421280462e-30,-7.490444303069514,10.385487395526367,0.6470588235294118,0.5789473684210527,19,17
4354,6,CNOT3,4354,-1.0,2.569035534683341,0.5236609543303199,1.0766075632807803e-36,-8.4688911609663,11.831509079245428,0.6470588235294118,0.5789473684210527,19,17
4349,6,CNOT3,4349,-1.0,2.569035534683341,0.40008302879718144,1.0160038742479087e-20,-2.288971622607208,1.6060220293504606,0.6470588235294118,0.5789473684210527,19,17
4355,6,CNOT3,4355,-1.0,2.569035534683341,0.23360863044174537,1.1936392500602534e-07,-2.9549883798154513,2.3749315003323725,0.6470588235294118,0.5789473684210527,19,17
4351,6,CNOT3,4351,-1.0,2.569035534683341,0.08630911290137838,0.05328879333191156,-3.4143801008241335,2.985188776080213,0.6470588235294118,0.5789473684210527,19,17
4358,6,CNOT3,4358,-1.0,2.569035534683341,0.03971139406374929,0.37460522026724685,-9.758142472800728,13.419946832859852,0.6470588235294118,0.5789473684210527,19,17
4360,6,CNOT3,4360,-1.0,2.569035534683341,0.4550445258880669,5.014844459871267e-27,-4.864798483278875,5.185941525068719,0.6470588235294118,0.5789473684210527,19,17
4346,6,CNOT3,4346,-1.0,2.569035534683341,0.4179208927080218,1.218009206906931e-22,-11.09776062850783,16.289749235109607,0.6470588235294118,0.5789473684210527,19,17
4352,6,CNOT3,4352,-1.0,2.569035534683341,0.34482329962776487,1.838094691083013e-15,-10.662956262593559,15.61949189039268,0.6470588235294118,0.5789473684210527,19,17
1511,6,TTF1,1511,-1.0,6.986973570400666,0.1593470405944228,0.0003380429078924967,-5.902446556991064,6.967007615964396,0.7368421052631579,0.6666666666666666,21,19
1503,6,TTF1,1503,-1.0,6.986973570400666,0.5081865606703316,2.5564012745321608e-34,-2.3984650257126154,1.726292485880168,0.7368421052631579,0.6666666666666666,21,19
1505,6,TTF1,1505,-1.0,6.986973570400666,0.3050582636300431,2.846891812357599e-12,-8.881010686912806,12.530433480380637,0.7368421052631579,0.6666666666666666,21,19
1501,6,TTF1,1501,-1.0,6.986973570400666,0.5700897319046335,1.318526619289519e-44,-2.6418287990282643,2.0140786266931294,0.7368421052631579,0.6666666666666666,21,19
1498,6,TTF1,1498,-1.0,6.986973570400666,0.42779461314513856,9.367909769706896e-24,-11.324165481486185,16.716137117402717,0.7368421052631579,0.6666666666666666,21,19
1508,6,TTF1,1508,-1.0,6.986973570400666,0.405770686376291,2.5515967163620416e-21,-8.93295115849547,12.76025717848315,0.7368421052631579,0.6666666666666666,21,19
1510,6,TTF1,1510,-1.0,6.986973570400666,0.36023992505116736,7.910226819495816e-17,-4.160635443762896,4.0512781927693124,0.7368421052631579,0.6666666666666666,21,19
1515,6,TTF1,1515,-1.0,6.986973570400666,0.47450777359840757,1.5010914092484957e-29,-9.486042428299129,14.908772109911965,0.7368421052631579,0.6666666666666666,21,19
1506,6,TTF1,1506,-1.0,6.986973570400666,0.3740823897419927,4.0419659985592474e-18,-8.113752042363716,10.811563175465405,0.7368421052631579,0.6666666666666666,21,19
1516,6,TTF1,1516,-1.0,6.986973570400666,0.45783513960254035,2.229823832401739e-27,-4.295278865200697,4.273141704688654,0.7368421052631579,0.6666666666666666,21,19
1509,6,TTF1,1509,-1.0,6.986973570400666,0.24225176412479626,3.878776124952534e-08,-9.494166942113962,13.243265736581204,0.7368421052631579,0.6666666666666666,21,19
1502,6,TTF1,1502,-1.0,6.986973570400666,0.2554851486068915,6.3752327234161784e-09,-4.79789934243653,5.103251152754837,0.7368421052631579,0.6666666666666666,21,19
1513,6,TTF1,1513,-1.0,6.986973570400666,0.1769927231467696,6.685173187135818e-05,-7.7492374151376024,10.092817192366644,0.7368421052631579,0.6666666666666666,21,19
1499,6,TTF1,1499,-1.0,6.986973570400666,0.39144539685094815,7.876627965863601e-20,-7.155530810384964,9.736328744927777,0.7368421052631579,0.6666666666666666,21,19
2607,6,NR2C2,2607,1.0,5.533473790072695,-0.22933008149068232,2.0493490125333804e-07,-2.812701938971548,2.1979956447964644,0.23809523809523808,0.2,25,21
2610,6,NR2C2,2610,1.0,5.533473790072695,0.23920844994683474,5.7906843705687755e-08,2.6551388212173923,2.00727479620841,0.23809523809523808,0.2,25,21
2618,6,NR2C2,2618,1.0,5.533473790072695,-0.30873095752844143,1.5106779811480876e-12,-2.76056519924736,2.1344549085443103,0.23809523809523808,0.2,25,21
2600,6,NR2C2,2600,1.0,5.533473790072695,0.27921869266306876,1.9216757585184173e-10,8.593286998646443,12.117751977090867,0.23809523809523808,0.2,25,21
2623,6,NR2C2,2623,1.0,5.533473790072695,0.24603544133486172,2.3391004951363516e-08,2.203921062339663,1.510479413483568,0.23809523809523808,0.2,25,21
5307,6,E2F2,5307,1.0,5.39798961299317,-0.1727477537618007,0.00010019884674437327,-2.5301280130106654,1.8698598327356337,0.14285714285714285,0.1111111111111111,9,7
4432,6,RBPJ,4432,1.0,4.545551160721411,0.245825047330351,2.4063457767183623e-08,5.870391851471257,6.992282036009539,0.2,0.125,8,5
7851,6,SREBF2,7851,-1.0,13.095156764457851,0.5188408637328402,6.097310968031971e-36,-11.340776151420437,16.594125466212066,1.0,0.7777777777777778,9,7
7855,6,SREBF2,7855,-1.0,13.095156764457851,0.28106898366937483,1.4414479275316204e-10,-11.068909500589378,15.904805423849163,1.0,0.7777777777777778,9,7
7854,6,SREBF2,7854,-1.0,13.095156764457851,0.4756726240832553,1.047510551028807e-29,-9.725012024072953,13.574601678821017,1.0,0.7777777777777778,9,7
7858,6,SREBF2,7858,-1.0,13.095156764457851,0.3161221615128752,4.1076628580598934e-13,-10.544011091914017,15.074999455176025,1.0,0.7777777777777778,9,7
7856,6,SREBF2,7856,-1.0,13.095156764457851,0.12093154269506658,0.00667330461210871,-5.0952914050593225,5.495442226968581,1.0,0.7777777777777778,9,7
7859,6,SREBF2,7859,-1.0,13.095156764457851,0.4214506363066917,4.9161409404952936e-23,-2.123103391553218,1.4295500680850548,1.0,0.7777777777777778,9,7
7853,6,SREBF2,7853,-1.0,13.095156764457851,0.37921939935167726,1.2918554501766954e-18,-2.9325087008048603,2.363638501915629,1.0,0.7777777777777778,9,7
6441,6,FOXM1,6441,-1.0,3.5449397519116843,0.2970742000747382,1.0950368435762055e-11,-2.3340402626070715,1.6456407255064647,1.0,1.0,3,3
6440,6,FOXM1,6440,-1.0,3.5449397519116843,0.326838027113223,5.825332658156061e-14,-8.233376105285364,12.007562797587125,1.0,1.0,3,3
6439,6,FOXM1,6439,-1.0,3.5449397519116843,0.3818345266331728,7.171823474126388e-19,-12.070093350827591,18.094903582405234,1.0,1.0,3,3
1174,6,ZNF524,1174,1.0,5.0176549174151255,0.4745912482259863,1.462952096819482e-29,10.378616052149004,14.709014592448783,1.0,0.42857142857142855,7,3
1168,6,ZNF524,1168,1.0,5.0176549174151255,0.5117478918269376,7.441344060745197e-35,7.011118221135362,9.045307428089536,1.0,0.42857142857142855,7,3
1169,6,ZNF524,1169,1.0,5.0176549174151255,-0.206144908823178,3.2030336174559163e-06,-11.230256006858873,16.375067765506778,1.0,0.42857142857142855,7,3
4768,6,HOXB3,4768,-1.0,11.939935489377635,0.5522706497849983,2.0132100905875874e-41,-8.662432233708975,13.060236080238726,0.631578947368421,0.48,25,19
4775,6,HOXB3,4775,-1.0,11.939935489377635,0.4424622435010852,1.7683237091717758e-25,-10.591613219283603,15.909751566394359,0.631578947368421,0.48,25,19
4774,6,HOXB3,4774,-1.0,11.939935489377635,0.24233533360990628,3.836035965584917e-08,-2.859158297851021,2.2709922376791893,0.631578947368421,0.48,25,19
4788,6,HOXB3,4788,-1.0,11.939935489377635,0.36651560446704984,2.0910644843122524e-17,-2.352374214124193,1.6765840043862468,0.631578947368421,0.48,25,19
4767,6,HOXB3,4767,-1.0,11.939935489377635,0.37206543405312337,6.2906355925943605e-18,-11.808402187260677,17.622817886033676,0.631578947368421,0.48,25,19
4789,6,HOXB3,4789,-1.0,11.939935489377635,0.21032945396068375,1.9939124861482768e-06,-6.643113504938131,8.309077698290533,0.631578947368421,0.48,25,19
4785,6,HOXB3,4785,-1.0,11.939935489377635,0.39056530867518136,9.671733849739304e-20,-5.534024533656277,6.289992054990247,0.631578947368421,0.48,25,19
4784,6,HOXB3,4784,-1.0,11.939935489377635,0.2019988758433961,5.074555922980514e-06,-5.598762636966615,6.4123407953610165,0.631578947368421,0.48,25,19
4772,6,HOXB3,4772,-1.0,11.939935489377635,0.5687179022864032,2.355704160784289e-44,-3.1506724730882993,2.657514862680069,0.631578947368421,0.48,25,19
4779,6,HOXB3,4779,-1.0,11.939935489377635,0.342156664706752,3.112710873654974e-15,-9.323691316667771,13.741699998110391,0.631578947368421,0.48,25,19
4780,6,HOXB3,4780,-1.0,11.939935489377635,0.1937739690160205,1.2296684095657602e-05,-3.9127920091322936,3.644806865077093,0.631578947368421,0.48,25,19
4769,6,HOXB3,4769,-1.0,11.939935489377635,0.5652042844680609,1.028678153736116e-43,-3.7990610068860007,3.554635955926434,0.631578947368421,0.48,25,19
49,6,HOXA5,49,1.0,4.00876824669582,-0.18926756718444115,1.9663489024917743e-05,-8.354198393670284,11.555116688842128,0.46153846153846156,0.3333333333333333,18,13
53,6,HOXA5,53,1.0,4.00876824669582,-0.28384464966041095,9.326489018571195e-11,-9.836106601422216,13.816790182533142,0.46153846153846156,0.3333333333333333,18,13
39,6,HOXA5,39,1.0,4.00876824669582,0.4815946184641478,1.646115108692524e-30,3.9149127503578827,3.7290980677307837,0.46153846153846156,0.3333333333333333,18,13
56,6,HOXA5,56,1.0,4.00876824669582,-0.21333122686277894,1.4107337165175488e-06,-5.2714309912005195,5.797148542568383,0.46153846153846156,0.3333333333333333,18,13
44,6,HOXA5,44,1.0,4.00876824669582,-0.22694423764177893,2.7576740454381045e-07,-4.920087273171216,5.2465353136740385,0.46153846153846156,0.3333333333333333,18,13
48,6,HOXA5,48,1.0,4.00876824669582,0.11439439532114393,0.010315107521819442,2.5924887012227353,1.9399334584595478,0.46153846153846156,0.3333333333333333,18,13
9339,6,FOXF2,9339,-1.0,4.726519715269183,0.26460143165626326,1.7295779310988119e-09,-6.652730252128886,8.226283413384436,1.0,0.8636363636363636,22,19
9343,6,FOXF2,9343,-1.0,4.726519715269183,0.3864123510956116,2.5272428758066327e-19,-5.164604158385128,5.698566488223932,1.0,0.8636363636363636,22,19
9330,6,FOXF2,9330,-1.0,4.726519715269183,0.3363513837887815,9.629934187658e-15,-7.88574887212557,10.632522133475748,1.0,0.8636363636363636,22,19
9328,6,FOXF2,9328,-1.0,4.726519715269183,0.3635489351744105,3.936452378628452e-17,-5.202692495269508,5.783334391832785,1.0,0.8636363636363636,22,19
9335,6,FOXF2,9335,-1.0,4.726519715269183,0.10519704968414577,0.018391189778241827,-11.654318207984888,16.749915624386063,1.0,0.8636363636363636,22,19
9342,6,FOXF2,9342,-1.0,4.726519715269183,0.20918964586410965,2.2708791103007754e-06,-3.391275572499385,2.950681547412347,1.0,0.8636363636363636,22,19
9329,6,FOXF2,9329,-1.0,4.726519715269183,0.17111278935163501,0.0001168049567301771,-7.627756182164896,9.770458622047183,1.0,0.8636363636363636,22,19
9332,6,FOXF2,9332,-1.0,4.726519715269183,0.15068806570363824,0.0007061931591084261,-8.054918896541023,10.519608333290552,1.0,0.8636363636363636,22,19
9323,6,FOXF2,9323,-1.0,4.726519715269183,0.3963980982772402,2.4521391651028393e-20,-3.1937879097803856,2.692309471091,1.0,0.8636363636363636,22,19
9341,6,FOXF2,9341,-1.0,4.726519715269183,0.3157722320797642,4.3724818054955345e-13,-5.487666671210316,6.209228913214303,1.0,0.8636363636363636,22,19
9334,6,FOXF2,9334,-1.0,4.726519715269183,0.22864957356085358,2.2311717708496858e-07,-9.672524853533046,13.818374815966184,1.0,0.8636363636363636,22,19
9326,6,FOXF2,9326,-1.0,4.726519715269183,0.28490559138192767,7.886625321369696e-11,-5.263602932679678,6.108657516240015,1.0,0.8636363636363636,22,19
9340,6,FOXF2,9340,-1.0,4.726519715269183,0.2073900087795388,2.7845052659004626e-06,-5.460811623184829,6.240424916735831,1.0,0.8636363636363636,22,19
9337,6,FOXF2,9337,-1.0,4.726519715269183,0.302095862926314,4.715746199404091e-12,-2.1904229701517,1.5006936003891307,1.0,0.8636363636363636,22,19
9333,6,FOXF2,9333,-1.0,4.726519715269183,0.2259905272423479,3.1023185164704644e-07,-9.625641646873014,13.621358408247941,1.0,0.8636363636363636,22,19
9325,6,FOXF2,9325,-1.0,4.726519715269183,0.23418925339107374,1.1083215790870269e-07,-3.0855582409298496,2.556643219103158,1.0,0.8636363636363636,22,19
9344,6,FOXF2,9344,-1.0,4.726519715269183,0.1548611330798519,0.0004975023847759383,-10.631413261958468,15.800548276260773,1.0,0.8636363636363636,22,19
9336,6,FOXF2,9336,-1.0,4.726519715269183,0.3161762303057386,4.068170700448162e-13,-4.123878613791009,4.008046535425783,1.0,0.8636363636363636,22,19
9331,6,FOXF2,9331,-1.0,4.726519715269183,0.3708462302028182,8.206614457258202e-18,-3.448131613225855,3.0256925742754146,1.0,0.8636363636363636,22,19
974,6,RFX1,974,-1.0,2.975258054131823,0.6168426376635339,5.914230300869223e-54,-11.615319832411876,17.274584933487485,0.6923076923076923,0.36,25,13
982,6,RFX1,982,-1.0,2.975258054131823,0.5593474010530419,1.1547306678341003e-42,-4.032503088528282,3.883108738594007,0.6923076923076923,0.36,25,13
985,6,RFX1,985,-1.0,2.975258054131823,0.4884220454404569,1.8629551455127186e-31,-5.022512332726251,5.524869024397316,0.6923076923076923,0.36,25,13
984,6,RFX1,984,-1.0,2.975258054131823,-0.4538597553216379,7.058570970391694e-27,8.29307233186927,11.302030190337703,0.6923076923076923,0.36,25,13
995,6,RFX1,995,-1.0,2.975258054131823,0.5524186275338877,1.8977271027691658e-41,-3.560356910081476,3.1970622657973413,0.6923076923076923,0.36,25,13
979,6,RFX1,979,-1.0,2.975258054131823,0.2507494812123039,1.2310814384534732e-08,-10.685534958702029,15.672080617438239,0.6923076923076923,0.36,25,13
986,6,RFX1,986,-1.0,2.975258054131823,0.2877774980007589,4.9912246021102123e-11,-10.210177641448073,14.518370442708484,0.6923076923076923,0.36,25,13
983,6,RFX1,983,-1.0,2.975258054131823,0.2641914574058144,1.8360578955827556e-09,-10.803953592370158,15.406633731951723,0.6923076923076923,0.36,25,13
990,6,RFX1,990,-1.0,2.975258054131823,0.2655644253144207,1.5025210410910942e-09,-3.156996484803971,2.6486007544528136,0.6923076923076923,0.36,25,13
5448,6,CREM,5448,1.0,5.650646763218999,0.3281091180331708,4.596723108790152e-14,9.643922652527216,14.02032000848464,0.42857142857142855,0.3333333333333333,9,7
5453,6,CREM,5453,1.0,5.650646763218999,0.2715745985000843,6.163405799820653e-10,2.0768675924354767,1.3800053350864168,0.42857142857142855,0.3333333333333333,9,7
5456,6,CREM,5456,1.0,5.650646763218999,0.2488959650499323,1.5869821943582552e-08,2.301862677837272,1.6240073171486564,0.42857142857142855,0.3333333333333333,9,7
4036,6,RREB1,4036,-1.0,17.69095040019929,-0.37550629614492825,2.9523136432708866e-18,4.435578268944667,4.470614311389413,1.0,0.92,25,23
4033,6,RREB1,4033,-1.0,17.69095040019929,0.47052527500265484,5.082711620187681e-29,-11.800199596944081,17.606764310733595,1.0,0.92,25,23
4056,6,RREB1,4056,-1.0,17.69095040019929,0.23965712607007006,5.460328987247212e-08,-6.888540840066769,9.097707233496914,1.0,0.92,25,23
4045,6,RREB1,4045,-1.0,17.69095040019929,-0.6558384739396245,4.7794097448458216e-63,10.809322515107096,15.363383695647991,1.0,0.92,25,23
4037,6,RREB1,4037,-1.0,17.69095040019929,0.283118854921619,1.045592531549485e-10,-9.571152879443941,14.76940394815171,1.0,0.92,25,23
4040,6,RREB1,4040,-1.0,17.69095040019929,0.19769841480259367,8.097834343173403e-06,-4.421320906872664,4.466381556699639,1.0,0.92,25,23
4039,6,RREB1,4039,-1.0,17.69095040019929,0.45432759266620387,6.1682678274659144e-27,-8.386811655711606,11.102773010448542,1.0,0.92,25,23
4044,6,RREB1,4044,-1.0,17.69095040019929,0.6290793540638461,1.1429655693562987e-56,-14.088745271116009,21.577242303053723,1.0,0.92,25,23
4049,6,RREB1,4049,-1.0,17.69095040019929,0.471602477128545,3.6602323697840464e-29,-10.666922611547632,15.42528946027733,1.0,0.92,25,23
4046,6,RREB1,4046,-1.0,17.69095040019929,0.5142979468419343,3.047670224369422e-35,-7.539450455191964,9.745401894864003,1.0,0.92,25,23
4052,6,RREB1,4052,-1.0,17.69095040019929,0.3524971790555899,3.9236719530010395e-16,-7.955641769146646,10.37560343464189,1.0,0.92,25,23
4032,6,RREB1,4032,-1.0,17.69095040019929,-0.2739914735410805,4.280420982637109e-10,7.503596279898079,9.957945404803032,1.0,0.92,25,23
4053,6,RREB1,4053,-1.0,17.69095040019929,-0.40388434950807595,4.046822890004354e-21,9.009159245922042,13.315177021697822,1.0,0.92,25,23
4041,6,RREB1,4041,-1.0,17.69095040019929,0.6391759896996104,5.316516141473865e-59,-8.68581753190664,11.626058076778406,1.0,0.92,25,23
4055,6,RREB1,4055,-1.0,17.69095040019929,-0.26775591886095457,1.088473259750525e-09,2.9251335927572435,2.3299204713457082,1.0,0.92,25,23
4042,6,RREB1,4042,-1.0,17.69095040019929,0.21548970366554637,1.0966112811590543e-06,-8.178389205966484,11.217310277191597,1.0,0.92,25,23
4035,6,RREB1,4035,-1.0,17.69095040019929,0.18237626748040517,3.9473066411448e-05,-7.029867943518712,9.186061049006756,1.0,0.92,25,23
4051,6,RREB1,4051,-1.0,17.69095040019929,-0.4011243747762252,7.904778493701987e-21,10.570551668791573,15.136450997168382,1.0,0.92,25,23
4038,6,RREB1,4038,-1.0,17.69095040019929,-0.3801732866868261,1.0429287677684475e-18,12.577070444554339,19.405068025625944,1.0,0.92,25,23
4050,6,RREB1,4050,-1.0,17.69095040019929,0.4186334624834432,1.0150354156372591e-22,-10.830274111759344,15.828205893607432,1.0,0.92,25,23
4034,6,RREB1,4034,-1.0,17.69095040019929,0.39107715991428865,8.583808061292031e-20,-3.9006129708996546,3.6623737807104533,1.0,0.92,25,23
4048,6,RREB1,4048,-1.0,17.69095040019929,0.4086826228733475,1.24476886843154e-21,-11.305569795246134,16.12191584883958,1.0,0.92,25,23
4054,6,RREB1,4054,-1.0,17.69095040019929,0.4397042607773926,3.7860988106291786e-25,-11.6987397828151,17.151685996303677,1.0,0.92,25,23
8672,6,SOX17,8672,-1.0,1.5094429820810642,0.267861969580992,1.071545282810691e-09,-2.9358068598281846,2.346974836213928,0.75,0.48,25,16
8668,6,SOX17,8668,-1.0,1.5094429820810642,0.6100470441183802,1.6909187471473825e-52,-4.006649730204447,3.860577893364887,0.75,0.48,25,16
8678,6,SOX17,8678,-1.0,1.5094429820810642,0.20818244859634802,2.545953052640305e-06,-11.267635782834347,16.57047323543215,0.75,0.48,25,16
8679,6,SOX17,8679,-1.0,1.5094429820810642,0.34299235955785196,2.6404656502828477e-15,-5.8014678054373086,6.999615259711887,0.75,0.48,25,16
8667,6,SOX17,8667,-1.0,1.5094429820810642,0.18720745640905148,2.4282064659612146e-05,-2.0494894154912946,1.35708755793338,0.75,0.48,25,16
8669,6,SOX17,8669,-1.0,1.5094429820810642,0.4784408514203327,4.430196438975871e-30,-6.676753396927161,8.376269924970448,0.75,0.48,25,16
8683,6,SOX17,8683,-1.0,1.5094429820810642,0.5289687074964152,1.544180914939464e-37,-2.7940279996944337,2.17411289634841,0.75,0.48,25,16
8677,6,SOX17,8677,-1.0,1.5094429820810642,0.6615832357526004,1.675103291361531e-64,-2.781829195389175,2.1742780020931787,0.75,0.48,25,16
8676,6,SOX17,8676,-1.0,1.5094429820810642,0.519280718105661,5.21093029155765e-36,-3.8957805188280688,3.6917152113360734,0.75,0.48,25,16
8666,6,SOX17,8666,-1.0,1.5094429820810642,0.37906146156199716,1.338369177036851e-18,-8.535670043846832,11.991667835478442,0.75,0.48,25,16
8661,6,SOX17,8661,-1.0,1.5094429820810642,0.5632281175176675,2.338668421388958e-43,-2.7541921774688753,2.1350548788903807,0.75,0.48,25,16
8684,6,SOX17,8684,-1.0,1.5094429820810642,0.5241044132893314,9.165672779672226e-37,-2.143971765279635,1.452529357509986,0.75,0.48,25,16
4597,6,TBX4,4597,-1.0,11.163027482617933,0.3831493015381699,5.324266465155288e-19,-11.608198234769931,17.130843579042114,0.75,0.6,5,4
4599,6,TBX4,4599,-1.0,11.163027482617933,0.4138537405737702,3.419178274262156e-22,-8.326243417761905,11.539165948858995,0.75,0.6,5,4
4600,6,TBX4,4600,-1.0,11.163027482617933,-0.17732387006530315,6.474851790490757e-05,2.982554506367007,2.401977928635654,0.75,0.6,5,4
7599,6,GTF2A1,7599,-1.0,12.933809447158287,0.6539744285912741,1.3956398246175232e-62,-11.533819024377491,17.13006103625684,1.0,0.42857142857142855,7,3
7600,6,GTF2A1,7600,-1.0,12.933809447158287,0.25847097912086137,4.181400859172943e-09,-3.210381407320969,2.7139125717103156,1.0,0.42857142857142855,7,3
7604,6,GTF2A1,7604,-1.0,12.933809447158287,0.5508198038431623,3.587144489553212e-41,-8.256903171388414,11.322486907635309,1.0,0.42857142857142855,7,3
8702,6,SPI1,8702,1.0,2.0601033815341636,-0.22734537736246835,2.624003671497825e-07,-4.081318117204731,3.9410686995536244,0.47368421052631576,0.36,25,19
8704,6,SPI1,8704,1.0,2.0601033815341636,0.9630185582594325,6.245921214846691e-287,2.599908344494479,1.9434232677896686,0.47368421052631576,0.36,25,19
8705,6,SPI1,8705,1.0,2.0601033815341636,0.5726276451556188,4.473968651368848e-45,2.235796086481074,1.54210069662316,0.47368421052631576,0.36,25,19
8707,6,SPI1,8707,1.0,2.0601033815341636,0.5750724083108287,1.5654732681253383e-45,2.4274881972728144,1.7478270186700682,0.47368421052631576,0.36,25,19
8714,6,SPI1,8714,1.0,2.0601033815341636,0.2954235841719016,1.4392880435559432e-11,7.6879749569588505,10.173721826843868,0.47368421052631576,0.36,25,19
8716,6,SPI1,8716,1.0,2.0601033815341636,-0.23657776603019948,8.152439388798903e-08,-8.017934925386323,10.507011759062395,0.47368421052631576,0.36,25,19
8723,6,SPI1,8723,1.0,2.0601033815341636,-0.2660884183175395,1.3914284529120332e-09,-6.774229358051564,8.700592763193939,0.47368421052631576,0.36,25,19
8719,6,SPI1,8719,1.0,2.0601033815341636,0.3118382056825258,8.77657766667453e-13,3.631657866122787,3.27366389795949,0.47368421052631576,0.36,25,19
8724,6,SPI1,8724,1.0,2.0601033815341636,0.669153625613734,1.804363451660727e-66,8.612673814710469,11.495316079800537,0.47368421052631576,0.36,25,19
2982,6,E2F8,2982,-1.0,16.920813171337,0.5412361577368815,1.518378281789017e-39,-4.338473318221735,4.335299144335661,1.0,0.5714285714285714,7,4
2983,6,E2F8,2983,-1.0,16.920813171337,0.17325220611346356,9.554148955234784e-05,-3.3865469361000042,2.945506717820117,1.0,0.5714285714285714,7,4
2978,6,E2F8,2978,-1.0,16.920813171337,0.5613244217212173,5.132344241924004e-43,-11.729234116434727,17.551282253065096,1.0,0.5714285714285714,7,4
2980,6,E2F8,2980,-1.0,16.920813171337,0.3323337879064331,2.07521993564782e-14,-9.396282444473686,14.291552584475859,1.0,0.5714285714285714,7,4
9657,6,SOX9,9657,-1.0,12.90191868091733,0.17771582210816972,6.23398076555039e-05,-8.926516958053943,12.675840854354536,1.0,0.68,25,17
9674,6,SOX9,9674,-1.0,12.90191868091733,0.16586128670162387,0.00018936076178538823,-4.647142374255839,4.747918697257082,1.0,0.68,25,17
9668,6,SOX9,9668,-1.0,12.90191868091733,0.19891145291336174,7.10492000131061e-06,-2.7538126157067775,2.1245503863559336,1.0,0.68,25,17
9660,6,SOX9,9660,-1.0,12.90191868091733,0.3314256219013898,2.4646900739287344e-14,-2.0584520738257694,1.365416670208149,1.0,0.68,25,17
9661,6,SOX9,9661,-1.0,12.90191868091733,0.3624575992763509,4.959687558826087e-17,-4.187164758653166,4.089010252892353,1.0,0.68,25,17
9659,6,SOX9,9659,-1.0,12.90191868091733,0.3249613657132046,8.2475457032637e-14,-5.3364209329099195,5.954236693319996,1.0,0.68,25,17
9673,6,SOX9,9673,-1.0,12.90191868091733,0.34043898452925836,4.3585193563312e-15,-5.874476689807664,6.912810197287825,1.0,0.68,25,17
9666,6,SOX9,9666,-1.0,12.90191868091733,0.3884368953869881,1.5850147922391852e-19,-3.8480955371646433,3.57475849828681,1.0,0.68,25,17
9665,6,SOX9,9665,-1.0,12.90191868091733,0.3013565433270549,5.343958682126022e-12,-3.371381117725534,2.900855110800059,1.0,0.68,25,17
9675,6,SOX9,9675,-1.0,12.90191868091733,0.3633630144129853,4.094753628180353e-17,-3.442873900045195,2.997504981948406,1.0,0.68,25,17
9656,6,SOX9,9656,-1.0,12.90191868091733,0.19379550167563458,1.226881081092994e-05,-10.381808554481854,14.626182863114655,1.0,0.68,25,17
9672,6,SOX9,9672,-1.0,12.90191868091733,0.1953708955561191,1.0384892107519463e-05,-5.82551950216247,6.678691409961975,1.0,0.68,25,17
9669,6,SOX9,9669,-1.0,12.90191868091733,0.24891579027398222,1.5826945347097465e-08,-8.215901466776147,10.8425511441349,1.0,0.68,25,17
9662,6,SOX9,9662,-1.0,12.90191868091733,0.2594136732673122,3.6560140097544617e-09,-6.317990588485939,7.769572303130904,1.0,0.68,25,17
9655,6,SOX9,9655,-1.0,12.90191868091733,0.22529844669369567,3.377997584249e-07,-8.68910978861084,11.64675516605176,1.0,0.68,25,17
9664,6,SOX9,9664,-1.0,12.90191868091733,0.1723602607462793,0.00010392059666370517,-10.021882018508768,14.106661242791137,1.0,0.68,25,17
9667,6,SOX9,9667,-1.0,12.90191868091733,0.2475003261913359,1.9188121614742948e-08,-4.059001487711974,3.9249613577108775,1.0,0.68,25,17
2862,6,HLF,2862,-1.0,7.3219832862195435,0.5574693167900534,2.4822233223336725e-42,-8.558859833026752,12.108287175047415,0.7692307692307693,0.5882352941176471,17,13
2857,6,HLF,2857,-1.0,7.3219832862195435,0.29785658499322554,9.613691202344774e-12,-8.564756031224357,11.666805591030007,0.7692307692307693,0.5882352941176471,17,13
2852,6,HLF,2852,-1.0,7.3219832862195435,0.4208575870207579,5.729973090490091e-23,-6.528213039255605,8.140103539504738,0.7692307692307693,0.5882352941176471,17,13
2858,6,HLF,2858,-1.0,7.3219832862195435,0.22907406101359729,2.1160129417312443e-07,-10.649280023921442,15.53155599808886,0.7692307692307693,0.5882352941176471,17,13
2860,6,HLF,2860,-1.0,7.3219832862195435,0.6189895481703381,2.0156091513112615e-54,-10.334392466872375,14.869438108604426,0.7692307692307693,0.5882352941176471,17,13
2855,6,HLF,2855,-1.0,7.3219832862195435,0.3025786877608315,4.345074628364133e-12,-9.704330680745795,13.512912858208718,0.7692307692307693,0.5882352941176471,17,13
2850,6,HLF,2850,-1.0,7.3219832862195435,0.5106459318853679,1.0918704651695932e-34,-11.200618468302144,16.533007023636515,0.7692307692307693,0.5882352941176471,17,13
2863,6,HLF,2863,-1.0,7.3219832862195435,0.4171718976405659,1.474562779852833e-22,-4.417036365262053,4.480353443903958,0.7692307692307693,0.5882352941176471,17,13
2854,6,HLF,2854,-1.0,7.3219832862195435,0.7788553171748905,2.314748877936976e-103,-3.518382523159404,3.1236159749199337,0.7692307692307693,0.5882352941176471,17,13
2851,6,HLF,2851,-1.0,7.3219832862195435,0.6225413935738101,3.334205962031506e-55,-6.980312383742144,9.563021437737333,0.7692307692307693,0.5882352941176471,17,13
3636,6,KLF13,3636,-1.0,14.05010303400787,0.469729894602374,6.472225761046569e-29,-11.148909177679897,15.959003568566487,1.0,0.7916666666666666,24,19
3640,6,KLF13,3640,-1.0,14.05010303400787,-0.3125640555123348,7.723802528332313e-13,10.482791599891618,15.018250934588226,1.0,0.7916666666666666,24,19
3629,6,KLF13,3629,-1.0,14.05010303400787,0.2933596740050192,2.0207996905241757e-11,-8.885595180175525,13.172605609218678,1.0,0.7916666666666666,24,19
3646,6,KLF13,3646,-1.0,14.05010303400787,0.20216544566842806,4.982511198499361e-06,-9.747304917763739,14.536035095170638,1.0,0.7916666666666666,24,19
3647,6,KLF13,3647,-1.0,14.05010303400787,0.13655979527088727,0.0021663841935660034,-5.568484443311566,6.329331662312489,1.0,0.7916666666666666,24,19
3625,6,KLF13,3625,-1.0,14.05010303400787,0.4268848345620625,1.1907850523653114e-23,-11.512972940934164,17.16003163798094,1.0,0.7916666666666666,24,19
3624,6,KLF13,3624,-1.0,14.05010303400787,-0.24682076683682053,2.1037955673721998e-08,7.305843234587886,9.613415665970523,1.0,0.7916666666666666,24,19
3643,6,KLF13,3643,-1.0,14.05010303400787,-0.1971441622469776,8.594299517661091e-06,8.345598484652383,11.189474799648414,1.0,0.7916666666666666,24,19
3634,6,KLF13,3634,-1.0,14.05010303400787,0.735485979558866,1.420312505407731e-86,-11.025215762191614,15.702700031029083,1.0,0.7916666666666666,24,19
3630,6,KLF13,3630,-1.0,14.05010303400787,-0.16747623617267696,0.00016346504776179518,9.864807482736419,14.283074734840282,1.0,0.7916666666666666,24,19
3628,6,KLF13,3628,-1.0,14.05010303400787,0.11021719481522013,0.0134799404489953,-6.538814203429857,8.181615707750057,1.0,0.7916666666666666,24,19
3639,6,KLF13,3639,-1.0,14.05010303400787,-0.3404274119104349,4.368385025256413e-15,9.281428708217112,13.560934418662692,1.0,0.7916666666666666,24,19
3632,6,KLF13,3632,-1.0,14.05010303400787,0.2344359778300875,1.0738767179723505e-07,-4.3098656561930175,4.375025040360207,1.0,0.7916666666666666,24,19
3635,6,KLF13,3635,-1.0,14.05010303400787,0.5612444568222984,5.304027844046825e-43,-8.649104223676584,11.617471210240495,1.0,0.7916666666666666,24,19
3633,6,KLF13,3633,-1.0,14.05010303400787,0.5842524356212606,2.802257442158495e-47,-14.050256222230626,21.611407226318814,1.0,0.7916666666666666,24,19
3626,6,KLF13,3626,-1.0,14.05010303400787,0.2413745216749696,4.356130043078947e-08,-2.2815499275220805,1.598085782664893,1.0,0.7916666666666666,24,19
3638,6,KLF13,3638,-1.0,14.05010303400787,-0.145445479661573,0.0010829960524229105,3.447727979998979,3.011595508989384,1.0,0.7916666666666666,24,19
3644,6,KLF13,3644,-1.0,14.05010303400787,-0.15932901766346835,0.0003385751053558895,6.321768682961823,7.500342308377212,1.0,0.7916666666666666,24,19
3641,6,KLF13,3641,-1.0,14.05010303400787,0.10702438516786772,0.016447316404702417,-2.1423112777685116,1.4499838093313318,1.0,0.7916666666666666,24,19
7465,6,NFIX,7465,-1.0,17.13453798200222,0.4787482846794036,4.024444861890509e-30,-8.45707544806072,12.488749984980908,0.75,0.5454545454545454,22,16
7478,6,NFIX,7478,-1.0,17.13453798200222,-0.344460564427923,1.9752226777126135e-15,12.25250511195336,17.946164047117904,0.75,0.5454545454545454,22,16
7471,6,NFIX,7471,-1.0,17.13453798200222,0.3780173647145445,1.6901319326398644e-18,-5.111998112661074,5.66372643943817,0.75,0.5454545454545454,22,16
7477,6,NFIX,7477,-1.0,17.13453798200222,0.17454454512043138,8.452256181029226e-05,-4.5957729952756905,4.734668898123026,0.75,0.5454545454545454,22,16
7461,6,NFIX,7461,-1.0,17.13453798200222,0.565617673589638,8.65686058945594e-44,-11.734039319963134,17.51348284584437,0.75,0.5454545454545454,22,16
7480,6,NFIX,7480,-1.0,17.13453798200222,0.32224217971982977,1.3591605456008332e-13,-2.2987760994343516,1.6099594147827658,0.75,0.5454545454545454,22,16
7467,6,NFIX,7467,-1.0,17.13453798200222,0.39544715152556287,3.072679924858391e-20,-8.89096723373479,12.085418871144732,0.75,0.5454545454545454,22,16
7473,6,NFIX,7473,-1.0,17.13453798200222,0.24071564126228623,4.75151330617007e-08,-2.772416774450532,2.160234032330305,0.75,0.5454545454545454,22,16
7479,6,NFIX,7479,-1.0,17.13453798200222,0.027897647395679365,0.532877226513578,-2.2951277497375604,1.6054335455852045,0.75,0.5454545454545454,22,16
7472,6,NFIX,7472,-1.0,17.13453798200222,0.3008040930645343,5.8660670675123435e-12,-6.552891237757406,8.378906723047312,0.75,0.5454545454545454,22,16
7482,6,NFIX,7482,-1.0,17.13453798200222,0.4339333182857669,1.8209559254358982e-24,-4.351863068815227,4.341569233629183,0.75,0.5454545454545454,22,16
7469,6,NFIX,7469,-1.0,17.13453798200222,0.25501304267341535,6.811565300669039e-09,-9.902716176943635,13.869396974220193,0.75,0.5454545454545454,22,16
4187,6,HOXB13,4187,-1.0,2.2610147963377454,0.20621868741577346,3.1766422820189804e-06,-4.753852706887991,4.970274606910054,0.6842105263157895,0.52,25,19
4176,6,HOXB13,4176,-1.0,2.2610147963377454,0.2507608630791672,1.2291555076919618e-08,-4.006238066324988,3.857287479178522,0.6842105263157895,0.52,25,19
4170,6,HOXB13,4170,-1.0,2.2610147963377454,0.24882247758280182,1.6029738805401243e-08,-7.764921268242368,10.542442829469314,0.6842105263157895,0.52,25,19
4188,6,HOXB13,4188,-1.0,2.2610147963377454,0.11092418388274564,0.012890557556149915,-4.701418191807185,4.897990585381904,0.6842105263157895,0.52,25,19
4178,6,HOXB13,4178,-1.0,2.2610147963377454,0.1513411557826981,0.0006689106839790209,-6.6663416052568785,8.309944556980883,0.6842105263157895,0.52,25,19
4179,6,HOXB13,4179,-1.0,2.2610147963377454,0.32362599461012975,1.0547227665239823e-13,-2.7170691823375916,2.0924281453245186,0.6842105263157895,0.52,25,19
4175,6,HOXB13,4175,-1.0,2.2610147963377454,0.44219732416514207,1.903058321031946e-25,-3.707499532854856,3.4069685850299045,0.6842105263157895,0.52,25,19
4172,6,HOXB13,4172,-1.0,2.2610147963377454,0.3665302483467978,2.0845109972667768e-17,-3.1714483176120924,2.6875236432207807,0.6842105263157895,0.52,25,19
4186,6,HOXB13,4186,-1.0,2.2610147963377454,0.2796025069294663,1.8107215632744596e-10,-5.215769130212215,5.859602919688581,0.6842105263157895,0.52,25,19
4183,6,HOXB13,4183,-1.0,2.2610147963377454,0.21386616661880242,1.3256813660323876e-06,-12.175380907887563,18.856664300385024,0.6842105263157895,0.52,25,19
4168,6,HOXB13,4168,-1.0,2.2610147963377454,0.19552226057220518,1.0219155950913328e-05,-11.948988291504753,17.90005899937402,0.6842105263157895,0.52,25,19
4169,6,HOXB13,4169,-1.0,2.2610147963377454,0.29030007730707696,3.325217954496968e-11,-7.897258592185705,11.407681649174867,0.6842105263157895,0.52,25,19
4174,6,HOXB13,4174,-1.0,2.2610147963377454,0.32267171545175005,1.2564527426942072e-13,-6.695060714900609,8.747329211452591,0.6842105263157895,0.52,25,19
832,6,FOXD3,832,1.0,3.9804379988270155,-0.36918356518481665,1.1771856611911927e-17,-2.4384216944809176,1.7624263921440517,0.4090909090909091,0.36,25,22
822,6,FOXD3,822,1.0,3.9804379988270155,-0.3500278976140029,6.479031813863492e-16,-3.729955147149533,3.41563580452963,0.4090909090909091,0.36,25,22
836,6,FOXD3,836,1.0,3.9804379988270155,0.1980580900623506,7.790414611898337e-06,8.074035657123531,10.877695992483421,0.4090909090909091,0.36,25,22
837,6,FOXD3,837,1.0,3.9804379988270155,-0.47756725418281293,5.817479619758605e-30,-8.088306583541659,10.596688550104407,0.4090909090909091,0.36,25,22
831,6,FOXD3,831,1.0,3.9804379988270155,0.2727411836669073,5.171188431632307e-10,3.39930193660326,2.9649250391015585,0.4090909090909091,0.36,25,22
828,6,FOXD3,828,1.0,3.9804379988270155,0.19153348161159314,1.555040771047169e-05,12.777008820035382,20.083655795854067,0.4090909090909091,0.36,25,22
835,6,FOXD3,835,1.0,3.9804379988270155,-0.027711158704047504,0.5356202341775163,-3.2245361338578897,2.7288209513397153,0.4090909090909091,0.36,25,22
816,6,FOXD3,816,1.0,3.9804379988270155,0.6050099449668437,1.9273558627893382e-51,4.520519327372849,4.687290408763625,0.4090909090909091,0.36,25,22
838,6,FOXD3,838,1.0,3.9804379988270155,-0.3759243672798445,2.691394361998739e-18,-8.31778781534532,10.981634448862277,0.4090909090909091,0.36,25,22
7151,6,TAL1,7151,-1.0,8.39704752096689,0.2635141746320512,2.026063372592584e-09,-11.522966488908382,17.106293933975486,0.8823529411764706,0.6,25,17
7153,6,TAL1,7153,-1.0,8.39704752096689,0.4799270792213582,2.782003751614696e-30,-2.0119857077931442,1.321416528719393,0.8823529411764706,0.6,25,17
7161,6,TAL1,7161,-1.0,8.39704752096689,0.5495132362064936,6.020238061571924e-41,-2.761034055527222,2.1493939009091307,0.8823529411764706,0.6,25,17
7172,6,TAL1,7172,-1.0,8.39704752096689,0.2144444685277177,1.2392711723611308e-06,-5.159219519736995,5.61507299654127,0.8823529411764706,0.6,25,17
7159,6,TAL1,7159,-1.0,8.39704752096689,0.5111706837487373,9.098093988112874e-35,-3.0864377119351847,2.5570722626492217,0.8823529411764706,0.6,25,17
7173,6,TAL1,7173,-1.0,8.39704752096689,0.3463598019204002,1.3537927252874315e-15,-6.246223601293476,7.784175684262036,0.8823529411764706,0.6,25,17
7171,6,TAL1,7171,-1.0,8.39704752096689,0.4811556739672659,1.8904749138478894e-30,-2.3337791135685686,1.6498798646679833,0.8823529411764706,0.6,25,17
7156,6,TAL1,7156,-1.0,8.39704752096689,0.4155230840308247,2.242184151991374e-22,-8.129742610969169,11.157686787690693,0.8823529411764706,0.6,25,17
7163,6,TAL1,7163,-1.0,8.39704752096689,0.46592648702579004,2.037803756165326e-28,-5.76917942641527,6.883697654406719,0.8823529411764706,0.6,25,17
7160,6,TAL1,7160,-1.0,8.39704752096689,0.5111909832604441,9.034062226961251e-35,-2.0403663013410434,1.3483793801428519,0.8823529411764706,0.6,25,17
7164,6,TAL1,7164,-1.0,8.39704752096689,0.3483796033352098,9.033240679294668e-16,-2.9193066442180613,2.334549218905431,0.8823529411764706,0.6,25,17
7166,6,TAL1,7166,-1.0,8.39704752096689,0.4612643342179904,8.152143611420256e-28,-3.661652304515644,3.3363448773900934,0.8823529411764706,0.6,25,17
7167,6,TAL1,7167,-1.0,8.39704752096689,0.6022173137665645,7.29124226220757e-51,-2.433900348475511,1.7600112576632632,0.8823529411764706,0.6,25,17
7158,6,TAL1,7158,-1.0,8.39704752096689,-0.2625393237824763,2.333446545453248e-09,13.606956735146474,21.412156021150587,0.8823529411764706,0.6,25,17
7170,6,TAL1,7170,-1.0,8.39704752096689,0.2637713333995123,1.951771979657736e-09,-7.27425911365467,9.866676120623158,0.8823529411764706,0.6,25,17
2713,6,ZSCAN26,2713,-1.0,5.200536550394789,0.28831002818169826,4.582651308741768e-11,-9.770922122010363,13.82277967080489,0.8888888888888888,0.6956521739130435,23,18
2706,6,ZSCAN26,2706,-1.0,5.200536550394789,0.2650381557305498,1.622752492780287e-09,-2.4980286378163052,1.8362080324976557,0.8888888888888888,0.6956521739130435,23,18
2722,6,ZSCAN26,2722,-1.0,5.200536550394789,0.27982284028016935,1.7498729755974122e-10,-3.951121734360682,3.773952779835996,0.8888888888888888,0.6956521739130435,23,18
2717,6,ZSCAN26,2717,-1.0,5.200536550394789,0.4017084125966818,6.864127111432163e-21,-6.536232335008258,8.340498733400084,0.8888888888888888,0.6956521739130435,23,18
2719,6,ZSCAN26,2719,-1.0,5.200536550394789,0.20649199253034883,3.080678689885741e-06,-12.080434309146215,17.425614028112946,0.8888888888888888,0.6956521739130435,23,18
2712,6,ZSCAN26,2712,-1.0,5.200536550394789,0.08934388990151938,0.04541457049053055,-9.991782621271932,14.019394465112788,0.8888888888888888,0.6956521739130435,23,18
2721,6,ZSCAN26,2721,-1.0,5.200536550394789,0.17829160732339983,5.895427025359923e-05,-2.6674747346686214,2.0423666043785196,0.8888888888888888,0.6956521739130435,23,18
2723,6,ZSCAN26,2723,-1.0,5.200536550394789,0.18610995477145478,2.7145369564450506e-05,-9.726978867166826,13.470554706205895,0.8888888888888888,0.6956521739130435,23,18
2709,6,ZSCAN26,2709,-1.0,5.200536550394789,0.473291510331574,2.1822938675077103e-29,-4.545182836390064,4.748485280228203,0.8888888888888888,0.6956521739130435,23,18
2725,6,ZSCAN26,2725,-1.0,5.200536550394789,0.45368142316271987,7.430407778155259e-27,-4.506562531538695,4.578696659870416,0.8888888888888888,0.6956521739130435,23,18
2718,6,ZSCAN26,2718,-1.0,5.200536550394789,0.10629597418471257,0.017199493743987628,-9.678490875512711,13.594183762743944,0.8888888888888888,0.6956521739130435,23,18
2720,6,ZSCAN26,2720,-1.0,5.200536550394789,0.31764130487727543,3.128876186926957e-13,-2.6499922895637447,1.9954295067439416,0.8888888888888888,0.6956521739130435,23,18
2714,6,ZSCAN26,2714,-1.0,5.200536550394789,0.5315719775864933,5.882692093554716e-38,-2.2056366134155483,1.521469078920452,0.8888888888888888,0.6956521739130435,23,18
2704,6,ZSCAN26,2704,-1.0,5.200536550394789,0.43997659674986794,3.5130025472986815e-25,-11.87131915945205,17.860288533495893,0.8888888888888888,0.6956521739130435,23,18
2707,6,ZSCAN26,2707,-1.0,5.200536550394789,0.4337362043356437,1.9202923849456013e-24,-8.159074716920518,11.881004791323788,0.8888888888888888,0.6956521739130435,23,18
2708,6,ZSCAN26,2708,-1.0,5.200536550394789,0.4401007652583912,3.3950373288450163e-25,-8.196339012468341,11.417157912889957,0.8888888888888888,0.6956521739130435,23,18
3844,6,GMEB2,3844,-1.0,9.577497206492167,0.45924624023874505,1.4758632258509053e-27,-5.361022060332967,6.106845649635195,0.75,0.75,4,4
3843,6,GMEB2,3843,-1.0,9.577497206492167,0.42039828685401254,6.450393095410652e-23,-11.521075592041425,17.199814265074714,0.75,0.75,4,4
3845,6,GMEB2,3845,-1.0,9.577497206492167,0.3072722384115044,1.9450754285055626e-12,-3.1427098649644565,2.6135629149295436,0.75,0.75,4,4
437,6,HOXA11,437,1.0,5.693938568095491,0.37782530996955277,1.7640971489541333e-18,2.796952620005336,2.1805617515206834,0.7,0.6086956521739131,23,20
443,6,HOXA11,443,1.0,5.693938568095491,0.2556866896160174,6.197332081471913e-09,3.9487655036762015,3.736576887155013,0.7,0.6086956521739131,23,20
436,6,HOXA11,436,1.0,5.693938568095491,0.17326465122682638,9.542920809542141e-05,11.832115397735006,17.461818301572887,0.7,0.6086956521739131,23,20
428,6,HOXA11,428,1.0,5.693938568095491,0.3813971804767164,7.916503759722486e-19,2.8673218420261026,2.2790271565082167,0.7,0.6086956521739131,23,20
440,6,HOXA11,440,1.0,5.693938568095491,0.22124790085703966,5.529560002265985e-07,7.994517424856739,10.769660599272877,0.7,0.6086956521739131,23,20
431,6,HOXA11,431,1.0,5.693938568095491,-0.24475537145441792,2.7782116365919385e-08,-11.154991518576626,16.401617975301118,0.7,0.6086956521739131,23,20
445,6,HOXA11,445,1.0,5.693938568095491,-0.1515871773317241,0.0006553456771323604,-5.113884185450346,5.502591099193593,0.7,0.6086956521739131,23,20
435,6,HOXA11,435,1.0,5.693938568095491,-0.21026403147353154,2.0088930621869567e-06,-12.228532590789515,17.877932295475734,0.7,0.6086956521739131,23,20
425,6,HOXA11,425,1.0,5.693938568095491,-0.30723564399631126,1.957412022004316e-12,-4.876206675510744,5.183280619207372,0.7,0.6086956521739131,23,20
438,6,HOXA11,438,1.0,5.693938568095491,0.17544400921121317,7.75725190193488e-05,5.430969887283566,6.20148914966335,0.7,0.6086956521739131,23,20
430,6,HOXA11,430,1.0,5.693938568095491,0.26884441523143815,9.264182976822604e-10,3.9501528728211484,3.7527547610035152,0.7,0.6086956521739131,23,20
442,6,HOXA11,442,1.0,5.693938568095491,0.24495703913993722,2.7040944460706e-08,5.73179979105658,6.757047493266956,0.7,0.6086956521739131,23,20
423,6,HOXA11,423,1.0,5.693938568095491,0.19941732647067295,6.726129123913366e-06,2.2293059437900746,1.5459548871766817,0.7,0.6086956521739131,23,20
444,6,HOXA11,444,1.0,5.693938568095491,-0.06360542835176508,0.15473881168037332,-3.1905725626659263,2.6684526279009524,0.7,0.6086956521739131,23,20
2345,6,VAX2,2345,-1.0,4.284421833593387,0.23502607955749488,9.95631507978338e-08,-10.09868472124519,15.683634153156161,0.25,0.16666666666666666,6,4
4891,6,RHOXF1,4891,-1.0,1.9980764330315306,0.3802111751591216,1.0340843714180899e-18,-2.4227381628750684,1.7514307851086088,0.3333333333333333,0.14285714285714285,7,3
2569,6,HOXC9,2569,1.0,2.168944229812766,0.3019256222974804,4.853672903230912e-12,2.7651236489130686,2.152831794820445,0.8181818181818182,0.75,12,11
2570,6,HOXC9,2570,1.0,2.168944229812766,-0.3655919165060152,2.548090091886594e-17,-5.809666536337246,6.806680567713792,0.8181818181818182,0.75,12,11
2574,6,HOXC9,2574,1.0,2.168944229812766,-0.23746593962156404,7.266510450182896e-08,-8.655212421809496,11.579531970557,0.8181818181818182,0.75,12,11
2577,6,HOXC9,2577,1.0,2.168944229812766,-0.2544739914615894,7.3452092347013106e-09,-7.192006300596609,9.115817261019329,0.8181818181818182,0.75,12,11
2578,6,HOXC9,2578,1.0,2.168944229812766,0.5861477446979524,1.2018058672754661e-47,5.39203398699798,6.0292963345215265,0.8181818181818182,0.75,12,11
2573,6,HOXC9,2573,1.0,2.168944229812766,-0.2414448340085541,4.315865335217868e-08,-8.723388314471668,11.664829642075505,0.8181818181818182,0.75,12,11
2572,6,HOXC9,2572,1.0,2.168944229812766,0.3953978631157334,3.1087562317934165e-20,12.413241564036381,19.629170011956575,0.8181818181818182,0.75,12,11
2575,6,HOXC9,2575,1.0,2.168944229812766,-0.2319373575980829,1.4760790245415466e-07,-7.506397674044904,9.67152047115498,0.8181818181818182,0.75,12,11
2580,6,HOXC9,2580,1.0,2.168944229812766,-0.1221112973955113,0.006155423495169101,-8.201049767234096,10.99898216699425,0.8181818181818182,0.75,12,11
6236,6,MEOX2,6236,-1.0,5.761304551728618,0.27081861846521227,6.902817063568886e-10,-10.945900601686532,15.594763569016967,0.8333333333333334,0.6,25,18
6244,6,MEOX2,6244,-1.0,5.761304551728618,0.7017018695000178,1.2265910366761867e-75,-3.8843415233104492,3.648506894227193,0.8333333333333334,0.6,25,18
6249,6,MEOX2,6249,-1.0,5.761304551728618,0.30217398811211443,4.653739673756065e-12,-9.616959264583626,13.592539102907674,0.8333333333333334,0.6,25,18
6252,6,MEOX2,6252,-1.0,5.761304551728618,0.4247716811261823,2.073102270010207e-23,-9.288753488571519,13.585935505037336,0.8333333333333334,0.6,25,18
6248,6,MEOX2,6248,-1.0,5.761304551728618,0.17843880329613812,5.811706608574934e-05,-10.691997139181423,15.114695939887241,0.8333333333333334,0.6,25,18
6228,6,MEOX2,6228,-1.0,5.761304551728618,0.37914319164860383,1.3140969268916214e-18,-11.790306057421102,17.518233477617585,0.8333333333333334,0.6,25,18
6239,6,MEOX2,6239,-1.0,5.761304551728618,0.5617917058797287,4.233823020217916e-43,-8.361682044848834,11.689109984814523,0.8333333333333334,0.6,25,18
6232,6,MEOX2,6232,-1.0,5.761304551728618,-0.1994910574398851,6.6725553075079666e-06,7.5876677153061785,10.330053151635894,0.8333333333333334,0.6,25,18
6230,6,MEOX2,6230,-1.0,5.761304551728618,0.7004719858359522,2.868704754959622e-75,-2.983850277990236,2.419859975463615,0.8333333333333334,0.6,25,18
6251,6,MEOX2,6251,-1.0,5.761304551728618,0.3208054616375315,1.7661047953480727e-13,-5.826536850676319,7.004066281278322,0.8333333333333334,0.6,25,18
6245,6,MEOX2,6245,-1.0,5.761304551728618,0.4363725987464878,9.409777436351437e-25,-7.036329072786956,8.847267188013275,0.8333333333333334,0.6,25,18
6238,6,MEOX2,6238,-1.0,5.761304551728618,0.23235158917383064,1.4005973597054572e-07,-9.791974332459338,13.66172715084952,0.8333333333333334,0.6,25,18
6235,6,MEOX2,6235,-1.0,5.761304551728618,0.6398668134459516,3.654596540551306e-59,-7.181353502448211,9.436671910084797,0.8333333333333334,0.6,25,18
6250,6,MEOX2,6250,-1.0,5.761304551728618,0.5126023353821076,5.522242856867249e-35,-6.492861659899571,8.011837481235197,0.8333333333333334,0.6,25,18
6242,6,MEOX2,6242,-1.0,5.761304551728618,0.6084433830587027,3.6867582770364576e-52,-2.931028756473765,2.366149629853574,0.8333333333333334,0.6,25,18
5387,6,ZNF350,5387,-1.0,9.693491209799582,0.1965218019838599,9.186314907656632e-06,-2.9488185362731527,2.3798341615195793,0.4,0.3333333333333333,6,5
5384,6,ZNF350,5384,-1.0,9.693491209799582,0.2043638638147497,3.907583908712003e-06,-10.97057364263556,16.13623627025901,0.4,0.3333333333333333,6,5
7357,6,ZFX,7357,-1.0,15.972665931582037,0.42003479279392,7.083291771499975e-23,-4.409495903662416,4.555444838515187,1.0,0.84,25,21
7367,6,ZFX,7367,-1.0,15.972665931582037,-0.32755884949387104,5.09380108101575e-14,11.951336254893395,17.377514492019156,1.0,0.84,25,21
7361,6,ZFX,7361,-1.0,15.972665931582037,0.48005162716000677,2.6753423950612198e-30,-5.175156448719261,5.842098917900868,1.0,0.84,25,21
7364,6,ZFX,7364,-1.0,15.972665931582037,0.4802247421547012,2.53377942872085e-30,-10.36269539475295,14.603557488511223,1.0,0.84,25,21
7370,6,ZFX,7370,-1.0,15.972665931582037,0.5524298207225858,1.889263970529425e-41,-7.54822848865376,10.183803444956116,1.0,0.84,25,21
7372,6,ZFX,7372,-1.0,15.972665931582037,-0.003570295193317515,0.9364006392975281,6.706517215516208,8.469392477916658,1.0,0.84,25,21
7374,6,ZFX,7374,-1.0,15.972665931582037,0.4448536967236825,9.086850787411743e-26,-12.79764504737083,18.871257656215224,1.0,0.84,25,21
7368,6,ZFX,7368,-1.0,15.972665931582037,0.1493496259364395,0.0007886882407743029,-7.846382618917779,10.228408463390412,1.0,0.84,25,21
7360,6,ZFX,7360,-1.0,15.972665931582037,0.4619999543735275,6.5596709046882455e-28,-5.429841871323254,6.3041359613107355,1.0,0.84,25,21
7377,6,ZFX,7377,-1.0,15.972665931582037,0.26456936981067053,1.7376841642899744e-09,-8.232624280777049,10.932329483145857,1.0,0.84,25,21
7369,6,ZFX,7369,-1.0,15.972665931582037,-0.2558199956925195,6.082317921271887e-09,10.655554843215203,16.50033785890391,1.0,0.84,25,21
7379,6,ZFX,7379,-1.0,15.972665931582037,0.2752882708520213,3.5146830318026477e-10,-2.368212919017028,1.6795256099136537,1.0,0.84,25,21
7365,6,ZFX,7365,-1.0,15.972665931582037,-0.28790745281869395,4.888358613262654e-11,12.523078705426128,18.38880551262236,1.0,0.84,25,21
7359,6,ZFX,7359,-1.0,15.972665931582037,0.46787941388100535,1.1328699805198807e-28,-8.472826375363663,11.783865260771147,1.0,0.84,25,21
7376,6,ZFX,7376,-1.0,15.972665931582037,-0.3174475109407491,3.239702708830969e-13,10.571435281586185,14.893803752450912,1.0,0.84,25,21
7363,6,ZFX,7363,-1.0,15.972665931582037,0.509785099788463,1.4717412206372444e-34,-11.028831202103646,15.806530018741132,1.0,0.84,25,21
7371,6,ZFX,7371,-1.0,15.972665931582037,0.4203607232716021,6.51312103969244e-23,-4.012655894361017,3.893079849872667,1.0,0.84,25,21
7375,6,ZFX,7375,-1.0,15.972665931582037,-0.42529075374790404,1.8098031210418376e-23,2.4118540506590658,1.7304560224668337,1.0,0.84,25,21
7356,6,ZFX,7356,-1.0,15.972665931582037,0.6956988417563422,7.44699986418485e-74,-11.51823573567303,17.026080479412173,1.0,0.84,25,21
7366,6,ZFX,7366,-1.0,15.972665931582037,0.45306456463641986,8.872248560505806e-27,-4.007504288543157,3.8605639475620213,1.0,0.84,25,21
7380,6,ZFX,7380,-1.0,15.972665931582037,0.5695158438400303,1.6813852181275253e-44,-9.57041154312758,13.257622621631635,1.0,0.84,25,21
2066,6,HOXB8,2066,-1.0,5.027374634209477,0.20635808937445424,3.1273434001961622e-06,-7.946995627160783,10.84489942041048,0.6363636363636364,0.4375,16,11
2069,6,HOXB8,2069,-1.0,5.027374634209477,0.08649416102039847,0.052778078191691474,-8.04708979966745,10.839752982316602,0.6363636363636364,0.4375,16,11
2067,6,HOXB8,2067,-1.0,5.027374634209477,0.3081144811612933,1.6812577983769497e-12,-3.4048665859038447,2.9835969338288284,0.6363636363636364,0.4375,16,11
2073,6,HOXB8,2073,-1.0,5.027374634209477,0.1307532383495965,0.0033367778193035573,-8.324139133463355,11.011095965376255,0.6363636363636364,0.4375,16,11
2061,6,HOXB8,2061,-1.0,5.027374634209477,0.35949896049359376,9.237917009960732e-17,-8.044079618522858,11.648438301191284,0.6363636363636364,0.4375,16,11
2071,6,HOXB8,2071,-1.0,5.027374634209477,0.37845640717153234,1.5323209790782976e-18,-2.3894949107995638,1.7176162570272877,0.6363636363636364,0.4375,16,11
2068,6,HOXB8,2068,-1.0,5.027374634209477,-0.208037577500018,2.588050564244043e-06,3.0548544315039874,2.4939779315692254,0.6363636363636364,0.4375,16,11
5236,6,ELK3,5236,-1.0,10.564496305484978,-0.4535733804345244,7.66503651819903e-27,10.931409849232772,15.74156562235712,1.0,0.875,8,7
5239,6,ELK3,5239,-1.0,10.564496305484978,0.2941984991546534,1.7610398378043223e-11,-10.205667647155659,14.826423964491495,1.0,0.875,8,7
5235,6,ELK3,5235,-1.0,10.564496305484978,-0.2681767068699761,1.0227994261016832e-09,13.0975593436993,20.07675200892593,1.0,0.875,8,7
5238,6,ELK3,5238,-1.0,10.564496305484978,0.1807418722154275,4.6394765922115976e-05,-8.878420509058055,12.24917652884842,1.0,0.875,8,7
5234,6,ELK3,5234,-1.0,10.564496305484978,-0.4963263338119054,1.4052507346537975e-32,11.400050969546824,16.472120581803296,1.0,0.875,8,7
5233,6,ELK3,5233,-1.0,10.564496305484978,0.21240047844241658,1.5713329916952743e-06,-11.456322979075592,16.88143914287124,1.0,0.875,8,7
5232,6,ELK3,5232,-1.0,10.564496305484978,-0.4662042298775518,1.8749910203825583e-28,12.107041411462715,18.399048312989425,1.0,0.875,8,7
693,6,ETV5,693,-1.0,9.401266038926698,0.4092952128107373,1.0693503320909897e-21,-5.2958949580734505,5.967375191895981,0.625,0.5555555555555556,9,8
694,6,ETV5,694,-1.0,9.401266038926698,0.12746295801544003,0.004230945871523691,-7.652598114202974,9.923781100648037,0.625,0.5555555555555556,9,8
696,6,ETV5,696,-1.0,9.401266038926698,0.3450886161429211,1.7437576701507844e-15,-9.748783666745576,14.146686188513845,0.625,0.5555555555555556,9,8
689,6,ETV5,689,-1.0,9.401266038926698,0.35566276459144786,2.0494702628425089e-16,-11.013797474227808,16.04724388521524,0.625,0.5555555555555556,9,8
690,6,ETV5,690,-1.0,9.401266038926698,0.4707529330778693,4.742453383372485e-29,-2.8229118107432014,2.227989911024731,0.625,0.5555555555555556,9,8
874,6,FOXA1,874,-1.0,6.361763612937908,0.610097603182584,1.6497516857988123e-52,-3.1403308081567674,2.645878020560814,0.7142857142857143,0.6,25,21
881,6,FOXA1,881,-1.0,6.361763612937908,0.40857050127130434,1.2798177979859431e-21,-5.095624598413581,5.778200444822597,0.7142857142857143,0.6,25,21
892,6,FOXA1,892,-1.0,6.361763612937908,0.5613960391573787,4.983267330813465e-43,-2.883975670148945,2.285003031132893,0.7142857142857143,0.6,25,21
880,6,FOXA1,880,-1.0,6.361763612937908,0.8254963859043416,2.70066116826443e-126,-2.8415660357594272,2.241133822039983,0.7142857142857143,0.6,25,21
891,6,FOXA1,891,-1.0,6.361763612937908,0.29307320426037425,2.1178015451618545e-11,-2.196445813480469,1.507960974332131,0.7142857142857143,0.6,25,21
873,6,FOXA1,873,-1.0,6.361763612937908,0.7063899495410104,4.619868177083534e-77,-8.182142656903219,12.062031184209626,0.7142857142857143,0.6,25,21
878,6,FOXA1,878,-1.0,6.361763612937908,0.5358243458589068,1.1941795387016584e-38,-7.286899508897222,9.648166473982942,0.7142857142857143,0.6,25,21
884,6,FOXA1,884,-1.0,6.361763612937908,0.23343029828282733,1.2210918315564114e-07,-14.67435514605345,23.28525898137752,0.7142857142857143,0.6,25,21
882,6,FOXA1,882,-1.0,6.361763612937908,0.6026013919109575,6.076699473006858e-51,-8.298646646868,11.941210315921863,0.7142857142857143,0.6,25,21
871,6,FOXA1,871,-1.0,6.361763612937908,0.4974703156398584,9.613117830978551e-33,-11.825908343203228,17.61874803249435,0.7142857142857143,0.6,25,21
885,6,FOXA1,885,-1.0,6.361763612937908,0.3788593201627129,1.4003133289457451e-18,-6.319676730157096,7.620794192051702,0.7142857142857143,0.6,25,21
879,6,FOXA1,879,-1.0,6.361763612937908,0.5476631349152502,1.248341538783241e-40,-2.8003364943913494,2.19180619477794,0.7142857142857143,0.6,25,21
890,6,FOXA1,890,-1.0,6.361763612937908,0.2469466427809079,2.0682761473271077e-08,-4.737252897706754,4.979877858951822,0.7142857142857143,0.6,25,21
883,6,FOXA1,883,-1.0,6.361763612937908,0.2524218194898173,9.772916917694463e-09,-9.687836408067279,13.419208223407185,0.7142857142857143,0.6,25,21
888,6,FOXA1,888,-1.0,6.361763612937908,0.2377907092834363,6.966384577385679e-08,-3.828178873486837,3.5133144675668655,0.7142857142857143,0.6,25,21
3934,6,IRX3,3934,-1.0,10.601806210546135,0.23138754134543363,1.5823463510396582e-07,-4.684854782796982,4.933572622469075,0.46153846153846156,0.375,16,13
3932,6,IRX3,3932,-1.0,10.601806210546135,0.2129611813101637,1.4726040022778344e-06,-3.41588633205408,2.996339256598079,0.46153846153846156,0.375,16,13
3946,6,IRX3,3946,-1.0,10.601806210546135,0.16437041088156273,0.00021663492012209,-5.918266144290958,7.018675405143711,0.46153846153846156,0.375,16,13
3935,6,IRX3,3935,-1.0,10.601806210546135,0.1451880363215179,0.0011055834234647574,-3.65477448032339,3.3119977512803755,0.46153846153846156,0.375,16,13
3940,6,IRX3,3940,-1.0,10.601806210546135,0.13271996240226888,0.0028879873981587007,-7.246312511197406,9.492041182600095,0.46153846153846156,0.375,16,13
3943,6,IRX3,3943,-1.0,10.601806210546135,0.10721372080042114,0.01625658417267251,-11.36424344819474,17.58481665085702,0.46153846153846156,0.375,16,13
1310,6,MYBL2,1310,1.0,3.8467441112544285,0.5597283488989009,9.881128655527537e-43,2.7670021936040192,2.1603255929095986,0.6666666666666666,0.5,4,3
1313,6,MYBL2,1313,1.0,3.8467441112544285,0.4199191614632173,7.297189481959176e-23,6.869374316344841,8.762724177654865,0.6666666666666666,0.5,4,3
3709,6,NFYC,3709,1.0,4.804763987720868,0.39476512587523266,3.610676609739696e-20,3.5246206164187983,3.1381133536462915,0.5454545454545454,0.375,16,11
3695,6,NFYC,3695,1.0,4.804763987720868,0.4106923693898351,7.553568255306477e-22,4.731102588029565,5.03084664563148,0.5454545454545454,0.375,16,11
3703,6,NFYC,3703,1.0,4.804763987720868,0.219923534395412,6.483333227569738e-07,4.8915137832836395,5.216363346885895,0.5454545454545454,0.375,16,11
3710,6,NFYC,3710,1.0,4.804763987720868,0.2251093956337363,3.4573112350442925e-07,9.306244076349756,13.133991033726549,0.5454545454545454,0.375,16,11
3705,6,NFYC,3705,1.0,4.804763987720868,0.30029006010220616,6.3964411989967075e-12,6.482030575037683,8.170351847724021,0.5454545454545454,0.375,16,11
3708,6,NFYC,3708,1.0,4.804763987720868,0.29985684575657917,6.879576514746788e-12,11.092109339749108,16.093438309401066,0.5454545454545454,0.375,16,11
4373,6,SOX2,4373,-1.0,14.735099425181316,0.25305622665941513,8.949541928099807e-09,-3.928796455711777,3.6905026501026432,0.85,0.68,25,20
4377,6,SOX2,4377,-1.0,14.735099425181316,0.20428589092398874,3.941588112528209e-06,-10.235488325744702,14.44280234835274,0.85,0.68,25,20
4372,6,SOX2,4372,-1.0,14.735099425181316,0.5586156700562899,1.5567726425160057e-42,-5.7610348901844235,7.002230020690431,0.85,0.68,25,20
4380,6,SOX2,4380,-1.0,14.735099425181316,0.30452962260788874,3.1164927168695365e-12,-3.3764735581921412,2.897985924196303,0.85,0.68,25,20
4388,6,SOX2,4388,-1.0,14.735099425181316,0.6470240275549746,7.102215428001997e-61,-6.668673947758467,8.316089890522628,0.85,0.68,25,20
4375,6,SOX2,4375,-1.0,14.735099425181316,0.20439981481912728,3.89200016501238e-06,-14.385965726750143,22.420368870000434,0.85,0.68,25,20
4366,6,SOX2,4366,-1.0,14.735099425181316,0.823480758220911,3.6264719745788777e-125,-8.30405375197015,12.402536542895497,0.85,0.68,25,20
4370,6,SOX2,4370,-1.0,14.735099425181316,0.5960279547042008,1.3285159200092321e-49,-3.0220334942415814,2.469034787319937,0.85,0.68,25,20
4379,6,SOX2,4379,-1.0,14.735099425181316,0.31748668710119227,3.216993101449687e-13,-7.163229114154276,9.414448641422478,0.85,0.68,25,20
4382,6,SOX2,4382,-1.0,14.735099425181316,0.5711573534198582,8.377717557685788e-45,-13.686139317444791,21.02675635764156,0.85,0.68,25,20
4365,6,SOX2,4365,-1.0,14.735099425181316,0.526359556239394,4.028410929137613e-37,-11.710474015879278,17.411417574351614,0.85,0.68,25,20
4378,6,SOX2,4378,-1.0,14.735099425181316,0.20880850830318803,2.3714462823982963e-06,-2.519075024455969,1.851071020428763,0.85,0.68,25,20
4371,6,SOX2,4371,-1.0,14.735099425181316,0.732768406143524,1.2405348290931339e-85,-3.6207803298389156,3.2807747743070568,0.85,0.68,25,20
4367,6,SOX2,4367,-1.0,14.735099425181316,0.6272117041293048,3.020520672999646e-56,-5.538007496176894,6.481658805055391,0.85,0.68,25,20
4376,6,SOX2,4376,-1.0,14.735099425181316,0.6505115595521985,1.0015162026421843e-61,-2.833591397366213,2.234867514723248,0.85,0.68,25,20
4381,6,SOX2,4381,-1.0,14.735099425181316,0.3640923739714539,3.507451853842494e-17,-4.591509792976666,4.735126668491091,0.85,0.68,25,20
4374,6,SOX2,4374,-1.0,14.735099425181316,0.4496272122732745,2.367864832168719e-26,-12.525831170040972,18.378003454262398,0.85,0.68,25,20
3770,6,PBX1,3770,-1.0,7.769231878912842,0.36038818737265077,7.668041559848878e-17,-14.885836414418527,24.090886100449072,0.7894736842105263,0.6,25,19
3773,6,PBX1,3773,-1.0,7.769231878912842,0.5135030407293103,4.028734653622981e-35,-5.4695360693614825,6.312910344691905,0.7894736842105263,0.6,25,19
3762,6,PBX1,3762,-1.0,7.769231878912842,0.5482596939298436,9.87242237414956e-41,-3.3315077084249647,2.903592343043752,0.7894736842105263,0.6,25,19
3766,6,PBX1,3766,-1.0,7.769231878912842,0.27884922257850187,2.0347245787170329e-10,-10.23263298333031,14.381115972211452,0.7894736842105263,0.6,25,19
3759,6,PBX1,3759,-1.0,7.769231878912842,0.7481874978627413,3.9253137746362537e-91,-9.598127893476587,15.27240593929544,0.7894736842105263,0.6,25,19
3763,6,PBX1,3763,-1.0,7.769231878912842,0.3776314842770559,1.8419735745512996e-18,-6.47044286291825,8.05073743861406,0.7894736842105263,0.6,25,19
3758,6,PBX1,3758,-1.0,7.769231878912842,0.3139368337058784,6.059834238546395e-13,-2.6978988126245262,2.0666675260070595,0.7894736842105263,0.6,25,19
3774,6,PBX1,3774,-1.0,7.769231878912842,0.3487741158080503,8.344018905171625e-16,-4.101879978691668,4.014755606392677,0.7894736842105263,0.6,25,19
3756,6,PBX1,3756,-1.0,7.769231878912842,0.5887620575186665,3.70417695713372e-48,-11.563437717458125,17.165427183966013,0.7894736842105263,0.6,25,19
3775,6,PBX1,3775,-1.0,7.769231878912842,0.6309677777977506,4.2496174591948046e-57,-8.995878438883882,13.185537371898338,0.7894736842105263,0.6,25,19
3771,6,PBX1,3771,-1.0,7.769231878912842,0.49605096239842716,1.539401899285491e-32,-8.422962010618905,11.56167397024912,0.7894736842105263,0.6,25,19
3767,6,PBX1,3767,-1.0,7.769231878912842,0.6903547581557439,2.647210045088153e-72,-2.7884364744407892,2.1764394986171527,0.7894736842105263,0.6,25,19
3777,6,PBX1,3777,-1.0,7.769231878912842,0.2593393049627421,3.695018403953041e-09,-11.46821698952997,16.95827268626502,0.7894736842105263,0.6,25,19
3765,6,PBX1,3765,-1.0,7.769231878912842,0.6790713599453925,3.8790445002279755e-69,-3.701745725279168,3.4044729039487143,0.7894736842105263,0.6,25,19
3768,6,PBX1,3768,-1.0,7.769231878912842,0.30059331962989816,6.078129627244238e-12,-10.500116315763682,15.295598639736713,0.7894736842105263,0.6,25,19
3120,6,NRL,3120,1.0,1.7478270186700682,0.5352895390972152,1.4611872444123698e-38,2.462155802736979,1.7982962509812002,0.2,0.15384615384615385,13,10
3124,6,NRL,3124,1.0,1.7478270186700682,-0.290275096800925,3.3386849465988577e-11,-4.037800362794027,3.895012060075686,0.2,0.15384615384615385,13,10
7704,6,HDX,7704,-1.0,7.530019830070736,0.6306150974962307,5.114732374567232e-57,-2.4979481807442636,1.8351446294203977,0.8823529411764706,0.6818181818181818,22,17
7719,6,HDX,7719,-1.0,7.530019830070736,0.5084755915683228,2.3140101363032243e-34,-3.867568772758553,3.6332152487605236,0.8823529411764706,0.6818181818181818,22,17
7722,6,HDX,7722,-1.0,7.530019830070736,0.2794548879161038,1.8526367739012258e-10,-7.502176332238758,9.708601792686498,0.8823529411764706,0.6818181818181818,22,17
7714,6,HDX,7714,-1.0,7.530019830070736,0.2156156744671651,1.0805220434058437e-06,-5.751913650575245,6.677957147129659,0.8823529411764706,0.6818181818181818,22,17
7705,6,HDX,7705,-1.0,7.530019830070736,0.2847703245422377,8.057374132806594e-11,-8.439607878567069,12.572198797353877,0.8823529411764706,0.6818181818181818,22,17
7721,6,HDX,7721,-1.0,7.530019830070736,0.45368806318991367,7.416221950989655e-27,-5.492387838256288,6.242060905794605,0.8823529411764706,0.6818181818181818,22,17
7716,6,HDX,7716,-1.0,7.530019830070736,0.4997133168259095,4.5472927942189425e-33,-4.083530795436021,3.9599719715436166,0.8823529411764706,0.6818181818181818,22,17
7718,6,HDX,7718,-1.0,7.530019830070736,0.5006525961012321,3.318122197031073e-33,-5.593413626018944,6.427555196684242,0.8823529411764706,0.6818181818181818,22,17
7702,6,HDX,7702,-1.0,7.530019830070736,0.3292818416931197,3.6907060641673556e-14,-11.797163253356674,17.56058603760624,0.8823529411764706,0.6818181818181818,22,17
7713,6,HDX,7713,-1.0,7.530019830070736,0.5824008166095158,6.373547852408197e-47,-4.77493130885262,5.09146978342377,0.8823529411764706,0.6818181818181818,22,17
7723,6,HDX,7723,-1.0,7.530019830070736,0.3097502017026832,1.2650709271419855e-12,-9.513526845721575,13.225896378123815,0.8823529411764706,0.6818181818181818,22,17
7715,6,HDX,7715,-1.0,7.530019830070736,0.565517314321481,9.027310528822258e-44,-4.105805748866973,3.991238604980381,0.8823529411764706,0.6818181818181818,22,17
7717,6,HDX,7717,-1.0,7.530019830070736,0.4995046302569629,4.876437205958122e-33,-2.4269156453338874,1.7498733349353799,0.8823529411764706,0.6818181818181818,22,17
7709,6,HDX,7709,-1.0,7.530019830070736,0.5288879837372454,1.5908766268315707e-37,-8.15724362096283,11.19255526491351,0.8823529411764706,0.6818181818181818,22,17
7712,6,HDX,7712,-1.0,7.530019830070736,0.18562324077815237,2.851511488123598e-05,-10.220054762712733,14.438902877025026,0.8823529411764706,0.6818181818181818,22,17
5774,6,ESR1,5774,-1.0,2.3726695904362214,0.17847269035072674,5.792592333793958e-05,-8.931462094139576,12.73941667489903,0.7142857142857143,0.47619047619047616,21,14
5776,6,ESR1,5776,-1.0,2.3726695904362214,0.23838138713108664,6.450934255450162e-08,-3.7203056252996336,3.4340379966517323,0.7142857142857143,0.47619047619047616,21,14
5770,6,ESR1,5770,-1.0,2.3726695904362214,0.2082157435898482,2.536371023324333e-06,-5.269826272887525,5.770374430824197,0.7142857142857143,0.47619047619047616,21,14
5771,6,ESR1,5771,-1.0,2.3726695904362214,0.2862421339984996,6.378342812829165e-11,-2.7561818686629485,2.1184443869810248,0.7142857142857143,0.47619047619047616,21,14
5777,6,ESR1,5777,-1.0,2.3726695904362214,0.1568943094065803,0.0004181037708098466,-8.868069696137974,12.382366839628201,0.7142857142857143,0.47619047619047616,21,14
5779,6,ESR1,5779,-1.0,2.3726695904362214,0.2700587751492809,7.732680332875164e-10,-9.323944887909484,13.294820329711019,0.7142857142857143,0.47619047619047616,21,14
5762,6,ESR1,5762,-1.0,2.3726695904362214,0.1501029844503369,0.0007412188666563546,-11.572499273270024,17.10709097249269,0.7142857142857143,0.47619047619047616,21,14
5775,6,ESR1,5775,-1.0,2.3726695904362214,0.4309889405129924,4.011481160186249e-24,-2.400568242295568,1.7205608758548536,0.7142857142857143,0.47619047619047616,21,14
5782,6,ESR1,5782,-1.0,2.3726695904362214,-0.28525381337947453,7.46312835548697e-11,8.051045898057856,10.615930900499263,0.7142857142857143,0.47619047619047616,21,14
5768,6,ESR1,5768,-1.0,2.3726695904362214,0.15039135134560863,0.0007237596050247835,-4.329567287544714,4.388243157892356,0.7142857142857143,0.47619047619047616,21,14
4082,6,RARB,4082,1.0,2.5889761464286547,0.2922733655561206,2.4133283221693212e-11,6.549826875397675,8.271619786064498,0.17647058823529413,0.12,25,17
4088,6,RARB,4088,1.0,2.5889761464286547,-0.2918636758782657,2.5799200798792767e-11,-3.999025155339257,3.8209534605925253,0.17647058823529413,0.12,25,17
4097,6,RARB,4097,1.0,2.5889761464286547,0.26972155662536934,8.131334660250395e-10,9.155014712557522,12.436184461806276,0.17647058823529413,0.12,25,17
7574,6,ZEB1,7574,-1.0,1.7406938194127552,0.4343950847483271,1.60768289843576e-24,-11.709127760082207,17.42136682955602,0.8888888888888888,0.64,25,18
7596,6,ZEB1,7596,-1.0,1.7406938194127552,0.40609595285125377,2.355830656674486e-21,-11.633369314229782,16.806881024204642,0.8888888888888888,0.64,25,18
7583,6,ZEB1,7583,-1.0,1.7406938194127552,0.44297883761675955,1.53212719840578e-25,-5.319756873731708,6.143506609578727,0.8888888888888888,0.64,25,18
7592,6,ZEB1,7592,-1.0,1.7406938194127552,-0.37700618343046666,2.117006635893203e-18,12.044499272077726,18.399050778138793,0.8888888888888888,0.64,25,18
7576,6,ZEB1,7576,-1.0,1.7406938194127552,0.8850031713244164,4.022918348629329e-168,-2.185000990083847,1.4956072981694604,0.8888888888888888,0.64,25,18
7588,6,ZEB1,7588,-1.0,1.7406938194127552,0.7026774154794496,6.232583157616728e-76,-2.695756146718988,2.059531562219212,0.8888888888888888,0.64,25,18
7577,6,ZEB1,7577,-1.0,1.7406938194127552,0.29615351287555813,1.2756812920306943e-11,-8.123268251075375,11.868443343359775,0.8888888888888888,0.64,25,18
7591,6,ZEB1,7591,-1.0,1.7406938194127552,0.4014908094197892,7.235033397682941e-21,-9.975943913641059,14.11870528101397,0.8888888888888888,0.64,25,18
7585,6,ZEB1,7585,-1.0,1.7406938194127552,0.7805855185465208,4.1332878626490505e-104,-7.984660228403418,10.85464134713029,0.8888888888888888,0.64,25,18
7584,6,ZEB1,7584,-1.0,1.7406938194127552,0.3441749484010601,2.0902204402873195e-15,-12.158901245662442,17.692335637434564,0.8888888888888888,0.64,25,18
7598,6,ZEB1,7598,-1.0,1.7406938194127552,0.37285474357139836,5.292711997212323e-18,-10.426983481796583,14.875639371635316,0.8888888888888888,0.64,25,18
7593,6,ZEB1,7593,-1.0,1.7406938194127552,-0.21251554062793127,1.5505690710485235e-06,5.666519862863668,6.496619447834854,0.8888888888888888,0.64,25,18
7590,6,ZEB1,7590,-1.0,1.7406938194127552,0.26597857329624847,1.4140347969551322e-09,-10.893224314442183,15.344873681745744,0.8888888888888888,0.64,25,18
7586,6,ZEB1,7586,-1.0,1.7406938194127552,0.34362961245338997,2.328337090083328e-15,-3.531501895407467,3.1541128365561795,0.8888888888888888,0.64,25,18
7587,6,ZEB1,7587,-1.0,1.7406938194127552,-0.46552106593684545,2.300860416518168e-28,8.265933596163904,10.919928352866776,0.8888888888888888,0.64,25,18
7589,6,ZEB1,7589,-1.0,1.7406938194127552,0.7497485682559936,1.0344401265488578e-91,-6.823445032379206,8.76910885365884,0.8888888888888888,0.64,25,18
1549,6,AHR,1549,-1.0,14.349913506743615,0.4626202277709557,5.459017985176546e-28,-9.742551200637246,13.838806044356081,1.0,0.7777777777777778,9,7
1546,6,AHR,1546,-1.0,14.349913506743615,0.25747174988573224,4.818149390135723e-09,-7.888915823900893,11.171474536111182,1.0,0.7777777777777778,9,7
1551,6,AHR,1551,-1.0,14.349913506743615,0.4395320943580116,3.969458666375754e-25,-6.150585612036006,7.461508466938683,1.0,0.7777777777777778,9,7
1545,6,AHR,1545,-1.0,14.349913506743615,0.4399788733306201,3.510803687138118e-25,-11.125212484889962,16.450834445020305,1.0,0.7777777777777778,9,7
1550,6,AHR,1550,-1.0,14.349913506743615,0.4534205649515366,8.009448480568513e-27,-8.705806432801294,11.702274226639016,1.0,0.7777777777777778,9,7
1548,6,AHR,1548,-1.0,14.349913506743615,0.24300739921944584,3.5084871817017244e-08,-7.2517936048567435,9.705208949382264,1.0,0.7777777777777778,9,7
1544,6,AHR,1544,-1.0,14.349913506743615,-0.10488145867737964,0.018746475805250344,4.674832307992658,4.936375436059053,1.0,0.7777777777777778,9,7
8541,6,IRX4,8541,-1.0,8.856814570242141,0.17360464267538944,9.240938639407981e-05,-7.8633861472765245,10.19922296815992,0.3333333333333333,0.2,15,9
8543,6,IRX4,8543,-1.0,8.856814570242141,0.22322591636429526,4.3518614294369344e-07,-4.341781900916577,4.319343209746826,0.3333333333333333,0.2,15,9
8540,6,IRX4,8540,-1.0,8.856814570242141,-0.2086583413580799,2.4122285687921734e-06,2.264201760819356,1.5742957733819463,0.3333333333333333,0.2,15,9
4467,6,TLX2,4467,1.0,5.849046731041134,-0.22987060980445756,1.9151855662161968e-07,-4.153015705857546,4.041683903902053,0.2857142857142857,0.24,25,21
4474,6,TLX2,4474,1.0,5.849046731041134,0.2073174337697992,2.8073912528211748e-06,12.030146014294946,18.72545771002625,0.2857142857142857,0.24,25,21
4472,6,TLX2,4472,1.0,5.849046731041134,-0.15499928657852996,0.0004916920254052258,-8.874272810454052,12.456593509013995,0.2857142857142857,0.24,25,21
4485,6,TLX2,4485,1.0,5.849046731041134,-0.19981346342718456,6.443035131254896e-06,-3.4028149991533194,2.953923739857127,0.2857142857142857,0.24,25,21
4461,6,TLX2,4461,1.0,5.849046731041134,0.5830041111880421,4.879283053221171e-47,2.881691940760987,2.2975798903867246,0.2857142857142857,0.24,25,21
4476,6,TLX2,4476,1.0,5.849046731041134,-0.24610378917477505,2.3176494379850308e-08,-8.252172909169024,10.897786996386417,0.2857142857142857,0.24,25,21
4687,6,HINFP,4687,1.0,4.054642127684887,0.44307711001922717,1.4908625877669985e-25,4.125078129574715,4.056160802554388,0.6666666666666666,0.6,10,9
4685,6,HINFP,4685,1.0,4.054642127684887,0.32504114089706104,8.126938277637811e-14,13.086844205724251,19.355979535669377,0.6666666666666666,0.6,10,9
4688,6,HINFP,4688,1.0,4.054642127684887,0.41660057072930884,1.7054718072509101e-22,7.843228702230967,10.549409591698632,0.6666666666666666,0.6,10,9
4681,6,HINFP,4681,1.0,4.054642127684887,0.4140542151580343,3.250641856507079e-22,7.6195325884966385,10.154998849604418,0.6666666666666666,0.6,10,9
4690,6,HINFP,4690,1.0,4.054642127684887,0.26809721625871363,1.0349032856135691e-09,9.54650944270506,13.151961462851572,0.6666666666666666,0.6,10,9
4689,6,HINFP,4689,1.0,4.054642127684887,0.4107493787661701,7.446925088786784e-22,7.596691071284292,10.095229396618937,0.6666666666666666,0.6,10,9
8321,6,ATF2,8321,-1.0,17.106223629937723,0.730292624575566,8.731364246534783e-85,-11.798375229938497,17.706760082564887,0.9230769230769231,0.7058823529411765,17,13
8333,6,ATF2,8333,-1.0,17.106223629937723,0.5033363053778861,1.3412395891871168e-33,-5.011909682433929,5.568818181689993,0.9230769230769231,0.7058823529411765,17,13
8326,6,ATF2,8326,-1.0,17.106223629937723,0.3732478331812688,4.855590315897693e-18,-5.547330719739996,6.242632318017042,0.9230769230769231,0.7058823529411765,17,13
8322,6,ATF2,8322,-1.0,17.106223629937723,0.5688063095056115,2.2694166537593117e-44,-3.076966942173916,2.566432807276052,0.9230769230769231,0.7058823529411765,17,13
8335,6,ATF2,8335,-1.0,17.106223629937723,0.6392442871221747,5.123325223190272e-59,-11.535420304732254,16.82141998745184,0.9230769230769231,0.7058823529411765,17,13
8328,6,ATF2,8328,-1.0,17.106223629937723,0.5347394602729781,1.7975515599250144e-38,-4.329290782496785,4.374066645266599,0.9230769230769231,0.7058823529411765,17,13
8327,6,ATF2,8327,-1.0,17.106223629937723,0.20414275090919756,4.004749227455377e-06,-3.358197687762362,2.90580707610743,0.9230769230769231,0.7058823529411765,17,13
8330,6,ATF2,8330,-1.0,17.106223629937723,0.3706048177855595,8.64907905433971e-18,-9.164928251870714,12.53530439063217,0.9230769230769231,0.7058823529411765,17,13
8334,6,ATF2,8334,-1.0,17.106223629937723,0.33973201134818587,5.003224092086419e-15,-5.259925732180683,5.763890405433957,0.9230769230769231,0.7058823529411765,17,13
8331,6,ATF2,8331,-1.0,17.106223629937723,0.4424344502444028,1.7820043848116138e-25,-4.714069629938082,5.0341752089740535,0.9230769230769231,0.7058823529411765,17,13
8324,6,ATF2,8324,-1.0,17.106223629937723,0.5423353668100422,9.941695977561878e-40,-8.309369934934464,12.344034288620607,0.9230769230769231,0.7058823529411765,17,13
8325,6,ATF2,8325,-1.0,17.106223629937723,0.5639617456650464,1.7251712698021575e-43,-5.498479066792711,6.444789369048676,0.9230769230769231,0.7058823529411765,17,13
811,6,DLX3,811,-1.0,4.116851356290247,0.29617021482456785,1.272158786850875e-11,-6.80045016291119,8.475307212235215,0.35294117647058826,0.2608695652173913,23,17
813,6,DLX3,813,-1.0,4.116851356290247,0.1683329459588806,0.00015111481509263723,-3.0814115239761173,2.533828472119833,0.35294117647058826,0.2608695652173913,23,17
801,6,DLX3,801,-1.0,4.116851356290247,-0.2711303871105118,6.587979895718555e-10,2.6624119938549504,2.0181544001793585,0.35294117647058826,0.2608695652173913,23,17
812,6,DLX3,812,-1.0,4.116851356290247,-0.2824936082029571,1.1534909615370599e-10,9.5248098497967,13.078095672526551,0.35294117647058826,0.2608695652173913,23,17
805,6,DLX3,805,-1.0,4.116851356290247,0.3813384307874735,8.022170073974989e-19,-5.589113881471726,6.286788946449838,0.35294117647058826,0.2608695652173913,23,17
797,6,DLX3,797,-1.0,4.116851356290247,0.5015867175359164,2.4230458779471323e-33,-5.145781373855372,5.620131623071803,0.35294117647058826,0.2608695652173913,23,17
2442,6,MAX,2442,1.0,4.961225668442187,0.2817283383697149,1.300387912362014e-10,3.386121872800922,2.9344800216939158,0.5294117647058824,0.36,25,17
2418,6,MAX,2418,1.0,4.961225668442187,0.3366440192729635,9.102169331768812e-15,9.11373377170876,12.995076143229017,0.5294117647058824,0.36,25,17
2440,6,MAX,2440,1.0,4.961225668442187,0.30105110207614205,5.626737807840732e-12,3.9200435165032927,3.7354331130762226,0.5294117647058824,0.36,25,17
2438,6,MAX,2438,1.0,4.961225668442187,-0.1802312541242276,4.87826147236674e-05,-2.7402720559218965,2.108689994386655,0.5294117647058824,0.36,25,17
2437,6,MAX,2437,1.0,4.961225668442187,0.3200173911797958,2.037749204840971e-13,3.366262116836793,2.928958318236002,0.5294117647058824,0.36,25,17
2441,6,MAX,2441,1.0,4.961225668442187,0.26154161226784867,2.6947786455719327e-09,5.436401426420528,6.236830013062588,0.5294117647058824,0.36,25,17
2426,6,MAX,2426,1.0,4.961225668442187,0.23854776724105586,6.312524106072324e-08,2.7812088800331463,2.1552573691248766,0.5294117647058824,0.36,25,17
2434,6,MAX,2434,1.0,4.961225668442187,-0.1358303408548874,0.002289276074047584,-5.27616546005097,5.810972861579565,0.5294117647058824,0.36,25,17
2439,6,MAX,2439,1.0,4.961225668442187,0.22994399943351082,1.8976356600725904e-07,2.2286423394707464,1.5383689111808907,0.5294117647058824,0.36,25,17
2308,6,HMX2,2308,-1.0,3.503229472149605,0.41765144641135804,1.3047817961152794e-22,-6.479638992800296,8.09379755292408,0.7647058823529411,0.5416666666666666,24,17
2318,6,HMX2,2318,-1.0,3.503229472149605,0.1246431596459062,0.005163926079746927,-4.860023635378352,5.073917366672545,0.7647058823529411,0.5416666666666666,24,17
2319,6,HMX2,2319,-1.0,3.503229472149605,0.3792447563040188,1.2845374407170197e-18,-4.628415001764412,4.859292658098589,0.7647058823529411,0.5416666666666666,24,17
2309,6,HMX2,2309,-1.0,3.503229472149605,0.483015786290862,1.0501284869568974e-30,-3.9040119132702222,3.6976793373808743,0.7647058823529411,0.5416666666666666,24,17
2316,6,HMX2,2316,-1.0,3.503229472149605,0.26530777667236216,1.5600320027406455e-09,-5.74975702750961,6.78514528957639,0.7647058823529411,0.5416666666666666,24,17
2312,6,HMX2,2312,-1.0,3.503229472149605,0.38195472031370825,6.979546641964686e-19,-9.549021515890303,14.080502808225075,0.7647058823529411,0.5416666666666666,24,17
2304,6,HMX2,2304,-1.0,3.503229472149605,0.3217648623452686,1.4829537540419755e-13,-11.840388096407702,17.574812890729138,0.7647058823529411,0.5416666666666666,24,17
2313,6,HMX2,2313,-1.0,3.503229472149605,0.49785984914493575,8.444540334679048e-33,-3.8495094523057762,3.6295655828867175,0.7647058823529411,0.5416666666666666,24,17
2322,6,HMX2,2322,-1.0,3.503229472149605,0.26088586339685166,2.9612562940577084e-09,-6.625932838436882,8.191930834056054,0.7647058823529411,0.5416666666666666,24,17
2326,6,HMX2,2326,-1.0,3.503229472149605,0.22921684321454336,2.0785811339018344e-07,-2.7033045035164394,2.0708882671578484,0.7647058823529411,0.5416666666666666,24,17
2305,6,HMX2,2305,-1.0,3.503229472149605,0.47315970613451686,2.272399165829357e-29,-7.9166156190989785,11.44753120740958,0.7647058823529411,0.5416666666666666,24,17
2314,6,HMX2,2314,-1.0,3.503229472149605,0.4269998066057174,1.1552710018586092e-23,-2.1899248736277057,1.4983145455289897,0.7647058823529411,0.5416666666666666,24,17
2306,6,HMX2,2306,-1.0,3.503229472149605,0.5495394482957634,5.958160593351279e-41,-2.719835750517149,2.1059314138448806,0.7647058823529411,0.5416666666666666,24,17
3110,6,ZIC4,3110,-1.0,7.79189197392981,0.18617799071261334,2.695894219344085e-05,-4.921247815542966,5.490424636058699,0.5,0.25,4,2
3164,6,MAFB,3164,-1.0,2.2672010379725207,-0.13928438814354846,0.001758817078831195,3.278807451899846,2.8084661811319167,0.47368421052631576,0.36,25,19
3151,6,MAFB,3151,-1.0,2.2672010379725207,-0.3919122856202006,7.062031876084721e-20,3.0466580501628164,2.4975868213240733,0.47368421052631576,0.36,25,19
3141,6,MAFB,3141,-1.0,2.2672010379725207,-0.5248981811115795,6.867548784296299e-37,2.512589753991858,1.8567482181985941,0.47368421052631576,0.36,25,19
3144,6,MAFB,3144,-1.0,2.2672010379725207,0.4882035885457823,1.99899061849855e-31,-3.9265288014588036,3.701787184217032,0.47368421052631576,0.36,25,19
3156,6,MAFB,3156,-1.0,2.2672010379725207,0.36868404763346824,1.311413669222413e-17,-7.96718377644354,10.427947503497714,0.47368421052631576,0.36,25,19
3152,6,MAFB,3152,-1.0,2.2672010379725207,0.4288640369534587,7.059337581012546e-24,-10.606357909993624,15.155195632941501,0.47368421052631576,0.36,25,19
3159,6,MAFB,3159,-1.0,2.2672010379725207,0.2906391600062056,3.1475780515837634e-11,-4.6695089030264985,4.8515429916702635,0.47368421052631576,0.36,25,19
3150,6,MAFB,3150,-1.0,2.2672010379725207,0.2656257981371973,1.4890766259381183e-09,-8.571152207355134,11.430544719388255,0.47368421052631576,0.36,25,19
3158,6,MAFB,3158,-1.0,2.2672010379725207,-0.2179043969833218,8.247776261672337e-07,8.774314152128415,11.818998316004368,0.47368421052631576,0.36,25,19
8943,6,KLF12,8943,-1.0,17.25771007281744,-0.15447430406704984,0.0005141126846894932,10.573013677446026,14.950302977777449,0.5555555555555556,0.38461538461538464,13,9
8935,6,KLF12,8935,-1.0,17.25771007281744,0.36568692907326894,2.4968769322250583e-17,-3.3655712000258924,2.967907812340072,0.5555555555555556,0.38461538461538464,13,9
8933,6,KLF12,8933,-1.0,17.25771007281744,0.4900650727407864,1.0946802260707028e-31,-5.337580132609993,6.231355356443577,0.5555555555555556,0.38461538461538464,13,9
8941,6,KLF12,8941,-1.0,17.25771007281744,-0.2737870555610441,4.41508213106684e-10,9.980766204319961,14.70240760823121,0.5555555555555556,0.38461538461538464,13,9
8938,6,KLF12,8938,-1.0,17.25771007281744,-0.4071970590750414,1.7968070605215625e-21,10.372891914751145,15.364546009615095,0.5555555555555556,0.38461538461538464,13,9
5709,6,NKX6-2,5709,1.0,6.662735236202864,-0.4593379674715502,1.4367025671940759e-27,-9.881697467258908,13.724992060060625,0.9523809523809523,0.8,25,21
5721,6,NKX6-2,5721,1.0,6.662735236202864,-0.28686563255199343,5.774798257331142e-11,-5.214277572134225,5.830939394590393,0.9523809523809523,0.8,25,21
5722,6,NKX6-2,5722,1.0,6.662735236202864,-0.09907892862781797,0.026430367956459186,-8.391004890468812,11.213046594691273,0.9523809523809523,0.8,25,21
5711,6,NKX6-2,5711,1.0,6.662735236202864,-0.3284276496234085,4.3310513322139564e-14,-10.595894492770144,15.426985582628609,0.9523809523809523,0.8,25,21
5704,6,NKX6-2,5704,1.0,6.662735236202864,-0.26381923645283867,1.9382285730003457e-09,-4.961753884947078,5.339493949736183,0.9523809523809523,0.8,25,21
5723,6,NKX6-2,5723,1.0,6.662735236202864,-0.37281480855070454,5.339230221993066e-18,-10.637492593235653,14.924587860060946,0.9523809523809523,0.8,25,21
5716,6,NKX6-2,5716,1.0,6.662735236202864,-0.18168266921125156,4.2281810196402315e-05,-8.389986264796336,11.401233722919239,0.9523809523809523,0.8,25,21
5713,6,NKX6-2,5713,1.0,6.662735236202864,0.10351370793299701,0.020356332072543854,3.3462372848695763,2.8847351489087805,0.9523809523809523,0.8,25,21
5705,6,NKX6-2,5705,1.0,6.662735236202864,-0.020450192895161416,0.6475995752250052,-6.886131579266102,8.881473784681637,0.9523809523809523,0.8,25,21
5720,6,NKX6-2,5720,1.0,6.662735236202864,0.18298145853035047,3.7167448697620087e-05,5.330958159028989,5.901318518112933,0.9523809523809523,0.8,25,21
5717,6,NKX6-2,5717,1.0,6.662735236202864,-0.343615099251095,2.3350250061645158e-15,-3.5530384211480985,3.149178624777685,0.9523809523809523,0.8,25,21
5708,6,NKX6-2,5708,1.0,6.662735236202864,-0.5223588449976241,1.724593892542058e-36,-12.109856777751805,17.72961339267051,0.9523809523809523,0.8,25,21
5715,6,NKX6-2,5715,1.0,6.662735236202864,-0.30525926673895126,2.750483661967303e-12,-7.219728260144917,9.080711700601674,0.9523809523809523,0.8,25,21
5712,6,NKX6-2,5712,1.0,6.662735236202864,-0.2748002288532801,3.785770397469199e-10,-6.100527618810979,7.165183717883363,0.9523809523809523,0.8,25,21
5701,6,NKX6-2,5701,1.0,6.662735236202864,0.13192420257186277,0.0030625042510604313,2.0930068290876207,1.4043874742819842,0.9523809523809523,0.8,25,21
5714,6,NKX6-2,5714,1.0,6.662735236202864,-0.3687027345671421,1.3061313305533879e-17,-7.572975160841792,9.725630997930034,0.9523809523809523,0.8,25,21
5707,6,NKX6-2,5707,1.0,6.662735236202864,-0.3118193290337892,8.805750286887749e-13,-8.778710964306438,12.409088823436106,0.9523809523809523,0.8,25,21
5702,6,NKX6-2,5702,1.0,6.662735236202864,-0.3239661204943918,9.90791873414011e-14,-11.597548500821679,17.174861430399794,0.9523809523809523,0.8,25,21
5710,6,NKX6-2,5710,1.0,6.662735236202864,-0.5126822385106306,5.37011050570157e-35,-11.572643222276687,16.6151701083689,0.9523809523809523,0.8,25,21
5719,6,NKX6-2,5719,1.0,6.662735236202864,-0.25660181146581873,5.44831532761219e-09,-5.253593662934898,5.770675749875738,0.9523809523809523,0.8,25,21
1433,6,CEBPZ,1433,-1.0,7.064458073047363,0.4752961345413694,1.1768603956620085e-29,-2.1113769865060545,1.414219291041589,0.85,0.68,25,20
1441,6,CEBPZ,1441,-1.0,7.064458073047363,0.33318124509141916,1.766588171221995e-14,-12.516488827864626,18.153754722691836,0.85,0.68,25,20
1446,6,CEBPZ,1446,-1.0,7.064458073047363,0.35855506557951716,1.1250180470511531e-16,-4.58462305583957,4.717430939937795,0.85,0.68,25,20
1430,6,CEBPZ,1430,-1.0,7.064458073047363,0.3059963097574583,2.423528016161901e-12,-3.942637825140832,3.752867532301182,0.85,0.68,25,20
1445,6,CEBPZ,1445,-1.0,7.064458073047363,0.4209364136293009,5.614581933027309e-23,-2.622550349189529,1.9668013729689617,0.85,0.68,25,20
1429,6,CEBPZ,1429,-1.0,7.064458073047363,0.7815346630051027,1.5956736784895287e-104,-8.037528884336664,11.005884068905857,0.85,0.68,25,20
1438,6,CEBPZ,1438,-1.0,7.064458073047363,0.055323995146898994,0.21593431140312316,-3.4689156098562646,3.0669204802859986,0.85,0.68,25,20
1431,6,CEBPZ,1431,-1.0,7.064458073047363,0.07580335673294726,0.08977060006296515,-5.434360963382321,6.219994973543709,0.85,0.68,25,20
1427,6,CEBPZ,1427,-1.0,7.064458073047363,0.6071971444468196,6.735755143742266e-52,-6.4036874070758785,8.312548725642387,0.85,0.68,25,20
1426,6,CEBPZ,1426,-1.0,7.064458073047363,0.5409180055767692,1.715879279712612e-39,-11.799301376516942,17.601433536723295,0.85,0.68,25,20
1432,6,CEBPZ,1432,-1.0,7.064458073047363,0.35225813807661466,4.1196708948307276e-16,-9.579083810963573,13.368130627343648,0.85,0.68,25,20
1434,6,CEBPZ,1434,-1.0,7.064458073047363,0.1499717016269632,0.0007492959155036515,-7.878743461626244,10.260774469018951,0.85,0.68,25,20
1442,6,CEBPZ,1442,-1.0,7.064458073047363,0.33145654545660647,2.4503204304643958e-14,-10.44590991721696,14.853828747997389,0.85,0.68,25,20
1436,6,CEBPZ,1436,-1.0,7.064458073047363,0.4651469478332429,2.5732648719513264e-28,-11.18769679858117,15.931606665250397,0.85,0.68,25,20
1440,6,CEBPZ,1440,-1.0,7.064458073047363,0.09580586950895245,0.031860827817004944,-7.705059187494282,10.312446902873399,0.85,0.68,25,20
1444,6,CEBPZ,1444,-1.0,7.064458073047363,-0.17694064636206425,6.718829546922306e-05,11.984115764857746,18.040137844863356,0.85,0.68,25,20
1437,6,CEBPZ,1437,-1.0,7.064458073047363,0.26933918591654027,8.607563550922759e-10,-3.10124641824557,2.550142437982892,0.85,0.68,25,20
242,6,POU2F1,242,-1.0,14.336437595512965,0.4722328054242952,3.0188281034368235e-29,-3.2387082832934775,2.751661770094214,0.9,0.72,25,20
235,6,POU2F1,235,-1.0,14.336437595512965,0.6050951015523388,1.8503409114191993e-51,-8.362282191756282,12.573222528445237,0.9,0.72,25,20
241,6,POU2F1,241,-1.0,14.336437595512965,0.5484506421404298,9.157162456454065e-41,-9.816906668630578,13.81347921084968,0.9,0.72,25,20
236,6,POU2F1,236,-1.0,14.336437595512965,0.5591717249050013,1.2406792874185516e-42,-3.767199356324656,3.54398354806426,0.9,0.72,25,20
248,6,POU2F1,248,-1.0,14.336437595512965,0.40650782425232934,2.1290740765030283e-21,-7.658995742176956,10.00137707270432,0.9,0.72,25,20
246,6,POU2F1,246,-1.0,14.336437595512965,0.5117208574305059,7.511797827036197e-35,-10.463535933096912,14.811394516265134,0.9,0.72,25,20
255,6,POU2F1,255,-1.0,14.336437595512965,0.4851652069594504,5.299633319504186e-31,-5.685596045758083,6.61045519774841,0.9,0.72,25,20
243,6,POU2F1,243,-1.0,14.336437595512965,0.43464901835972264,1.5011183452102698e-24,-5.316292788840293,5.86603955596955,0.9,0.72,25,20
233,6,POU2F1,233,-1.0,14.336437595512965,0.8283828057254679,6.174384091271397e-128,-11.646023566767298,17.302707050394602,0.9,0.72,25,20
256,6,POU2F1,256,-1.0,14.336437595512965,0.45626714460950024,3.5192079006417204e-27,-8.101564644061314,10.921255525102891,0.9,0.72,25,20
253,6,POU2F1,253,-1.0,14.336437595512965,0.36016650532191063,8.032925956092697e-17,-10.489914887460753,14.689132883823111,0.9,0.72,25,20
240,6,POU2F1,240,-1.0,14.336437595512965,0.5108278686304768,1.02499109516437e-34,-3.353807778546701,2.914493056907003,0.9,0.72,25,20
245,6,POU2F1,245,-1.0,14.336437595512965,0.3452568934035172,1.6864056802618473e-15,-9.88168195593679,13.788033922974215,0.9,0.72,25,20
247,6,POU2F1,247,-1.0,14.336437595512965,0.2581695218862648,4.364361671180144e-09,-3.580981081126753,3.2334463304958136,0.9,0.72,25,20
254,6,POU2F1,254,-1.0,14.336437595512965,0.6211082859903346,6.910145635227053e-55,-11.746402817611115,16.8324235893225,0.9,0.72,25,20
249,6,POU2F1,249,-1.0,14.336437595512965,0.3202757830951643,1.9444567464435497e-13,-4.229436216847166,4.220142464135649,0.9,0.72,25,20
250,6,POU2F1,250,-1.0,14.336437595512965,0.19918094315989696,6.90066780171982e-06,-8.852603977106138,11.911650055334865,0.9,0.72,25,20
238,6,POU2F1,238,-1.0,14.336437595512965,0.5947439631599908,2.4068898502498795e-49,-7.173595417623373,9.459717419491042,0.9,0.72,25,20
2541,6,E2F6,2541,-1.0,11.193568326887052,0.43762583740821526,6.689035553875667e-25,-3.927944687763133,3.7410556538872632,0.8333333333333334,0.7142857142857143,7,6
2537,6,E2F6,2537,-1.0,11.193568326887052,0.6260183963850554,5.6006981005264535e-56,-8.936300439958591,13.553574115086844,0.8333333333333334,0.7142857142857143,7,6
2540,6,E2F6,2540,-1.0,11.193568326887052,0.33880117439315255,5.9965090739634276e-15,-10.740874733249035,15.924855694480168,0.8333333333333334,0.7142857142857143,7,6
2538,6,E2F6,2538,-1.0,11.193568326887052,0.7476482327970768,6.208030265055443e-91,-4.027659191706219,3.8850232705846417,0.8333333333333334,0.7142857142857143,7,6
2536,6,E2F6,2536,-1.0,11.193568326887052,0.5224575916877484,1.664177327315923e-36,-12.46091558163942,18.833625844084963,0.8333333333333334,0.7142857142857143,7,6
6561,6,REST,6561,-1.0,17.227466072981844,0.20253520032558897,4.783851951839259e-06,-2.405117080616368,1.7306512469495638,1.0,0.84,25,21
6577,6,REST,6577,-1.0,17.227466072981844,-0.4014039199210823,7.38859701918256e-21,12.879585269360266,18.983366268872395,1.0,0.84,25,21
6562,6,REST,6562,-1.0,17.227466072981844,0.39392487786262836,4.40242586440499e-20,-2.284226104806714,1.6002762885849344,1.0,0.84,25,21
6555,6,REST,6555,-1.0,17.227466072981844,0.287187768728422,5.4851728478535053e-11,-2.1339858298947094,1.4436700666153999,1.0,0.84,25,21
6559,6,REST,6559,-1.0,17.227466072981844,0.6680228289826374,3.5804045368907914e-66,-10.28093924418542,14.792343274572072,1.0,0.84,25,21
6572,6,REST,6572,-1.0,17.227466072981844,0.4308688508783167,4.142126430182843e-24,-2.874102888573855,2.275611174936599,1.0,0.84,25,21
6576,6,REST,6576,-1.0,17.227466072981844,0.6020599451220724,7.855866138262413e-51,-9.82834021473232,13.62456287597983,1.0,0.84,25,21
6569,6,REST,6569,-1.0,17.227466072981844,-0.27129884765648066,6.42372019240129e-10,9.369617736013984,12.80992144607022,1.0,0.84,25,21
6574,6,REST,6574,-1.0,17.227466072981844,-0.4321362423545423,2.9515454873286146e-24,12.050636842708736,17.767450618837113,1.0,0.84,25,21
6560,6,REST,6560,-1.0,17.227466072981844,0.4190893477790604,9.030903792945239e-23,-6.17538479037067,7.760400989456281,1.0,0.84,25,21
6568,6,REST,6568,-1.0,17.227466072981844,0.717633981875856,1.35296711769034e-80,-11.025678780810868,15.91102254896572,1.0,0.84,25,21
6566,6,REST,6566,-1.0,17.227466072981844,-0.484865457160418,5.831632911227262e-31,5.997732065391578,6.913906665923906,1.0,0.84,25,21
6564,6,REST,6564,-1.0,17.227466072981844,0.39967978943145765,1.1194435469048422e-20,-3.2344820426957077,2.7433473086382376,1.0,0.84,25,21
6558,6,REST,6558,-1.0,17.227466072981844,0.3067085001027544,2.143844211466694e-12,-2.3198709601675938,1.6368466497216911,1.0,0.84,25,21
6556,6,REST,6556,-1.0,17.227466072981844,0.3459402470592861,1.4719441024075345e-15,-6.082407350174345,7.614767577992463,1.0,0.84,25,21
6573,6,REST,6573,-1.0,17.227466072981844,0.254971874504814,6.850957886424104e-09,-3.0116849624994155,2.4486276023856854,1.0,0.84,25,21
6553,6,REST,6553,-1.0,17.227466072981844,0.759663836291837,1.7107757396081632e-95,-11.657602160373056,17.456765290573767,1.0,0.84,25,21
6575,6,REST,6575,-1.0,17.227466072981844,0.48914571354704517,1.4745192046361599e-31,-11.32457710131338,16.375402662380946,1.0,0.84,25,21
6565,6,REST,6565,-1.0,17.227466072981844,-0.3407976408552526,4.063374177376922e-15,11.184535530868333,17.117938723878424,1.0,0.84,25,21
6557,6,REST,6557,-1.0,17.227466072981844,0.30976471490497814,1.2618725521901384e-12,-3.0215274523624736,2.493793193793181,1.0,0.84,25,21
6571,6,REST,6571,-1.0,17.227466072981844,0.45770859965573346,2.3136713702855415e-27,-5.163102815544637,5.675178569617843,1.0,0.84,25,21
9117,6,FOXC2,9117,-1.0,1.3468789833451,0.36886721752648455,1.2605300274033756e-17,-2.1213146342215032,1.4291514316227418,0.5555555555555556,0.4,25,18
9122,6,FOXC2,9122,-1.0,1.3468789833451,0.4501954088859974,2.0147417449534323e-26,-2.901188609935317,2.313226812498711,0.5555555555555556,0.4,25,18
9099,6,FOXC2,9099,-1.0,1.3468789833451,0.32223933399388954,1.359867696703934e-13,-2.3819137521731033,1.7059087643902389,0.5555555555555556,0.4,25,18
9120,6,FOXC2,9120,-1.0,1.3468789833451,0.32627039964568816,6.472987626798586e-14,-8.465517283178109,11.311776175237894,0.5555555555555556,0.4,25,18
9107,6,FOXC2,9107,-1.0,1.3468789833451,0.3618378001665793,5.652938817714223e-17,-8.708781904289214,12.283981230856844,0.5555555555555556,0.4,25,18
9116,6,FOXC2,9116,-1.0,1.3468789833451,0.3267919263529921,5.875471588633409e-14,-3.627864884374072,3.295713706431807,0.5555555555555556,0.4,25,18
9121,6,FOXC2,9121,-1.0,1.3468789833451,0.4339173822205019,1.8287947579584526e-24,-2.748219586998446,2.1245426174863,0.5555555555555556,0.4,25,18
9111,6,FOXC2,9111,-1.0,1.3468789833451,0.23757367525173176,7.165591901353095e-08,-5.420142220740733,6.160041489822398,0.5555555555555556,0.4,25,18
9112,6,FOXC2,9112,-1.0,1.3468789833451,0.23153381165875894,1.5533766840917896e-07,-8.874193842053346,11.929667599455486,0.5555555555555556,0.4,25,18
9123,6,FOXC2,9123,-1.0,1.3468789833451,0.2235727036260382,4.1719600671785134e-07,-5.403172430725053,6.101555434108762,0.5555555555555556,0.4,25,18
6926,6,NR2F2,6926,-1.0,6.134034575604412,0.12615714923902208,0.0046421893411346775,-5.844657041590604,6.985976062796723,0.8571428571428571,0.6,20,14
6930,6,NR2F2,6930,-1.0,6.134034575604412,0.3344117369879537,1.3970570759611204e-14,-3.5915875208521,3.229397399844068,0.8571428571428571,0.6,20,14
6915,6,NR2F2,6915,-1.0,6.134034575604412,0.5266856764321389,3.5750390546060415e-37,-10.370136913469077,16.647189060335187,0.8571428571428571,0.6,20,14
6924,6,NR2F2,6924,-1.0,6.134034575604412,0.3830618882311731,5.430992038304949e-19,-9.81595346534474,13.699216537955031,0.8571428571428571,0.6,20,14
6914,6,NR2F2,6914,-1.0,6.134034575604412,0.24527525307870787,2.5910192761044035e-08,-3.572458608497895,3.2388318189202736,0.8571428571428571,0.6,20,14
6920,6,NR2F2,6920,-1.0,6.134034575604412,0.33262376737973764,1.9640861601939795e-14,-10.575951029490772,15.223864133399903,0.8571428571428571,0.6,20,14
6925,6,NR2F2,6925,-1.0,6.134034575604412,0.5407723992661632,1.8145661397211664e-39,-4.458662801825676,4.568857623602617,0.8571428571428571,0.6,20,14
6922,6,NR2F2,6922,-1.0,6.134034575604412,0.39704436263825543,2.102722381420027e-20,-10.079202676994374,14.443840102191016,0.8571428571428571,0.6,20,14
6911,6,NR2F2,6911,-1.0,6.134034575604412,0.5566381751004577,3.477378689277517e-42,-11.676573876272004,17.434869781309104,0.8571428571428571,0.6,20,14
6929,6,NR2F2,6929,-1.0,6.134034575604412,0.11099701858036123,0.012831149804654324,-5.176239523912259,5.7142177244235945,0.8571428571428571,0.6,20,14
6927,6,NR2F2,6927,-1.0,6.134034575604412,0.15314127117913748,0.0005753829118244616,-5.2945650180676,5.86164791403498,0.8571428571428571,0.6,20,14
6921,6,NR2F2,6921,-1.0,6.134034575604412,0.6346682649528315,5.993430845123208e-58,-7.940730011168797,10.838425296822695,0.8571428571428571,0.6,20,14
4414,6,TCF7L2,4414,-1.0,10.989302240100777,0.35319760706699993,3.4006191895402467e-16,-6.056237936848934,7.3568918221305735,0.9130434782608695,0.84,25,23
4431,6,TCF7L2,4431,-1.0,10.989302240100777,0.4419003074854307,2.0662026913404672e-25,-8.307726575066232,10.966987351360784,0.9130434782608695,0.84,25,23
4417,6,TCF7L2,4417,-1.0,10.989302240100777,0.33343451470009533,1.6834277162605058e-14,-7.7673765927001925,10.47970301738369,0.9130434782608695,0.84,25,23
4418,6,TCF7L2,4418,-1.0,10.989302240100777,0.30149048216130614,5.224382778215069e-12,-4.379937134503381,4.433279969638327,0.9130434782608695,0.84,25,23
4430,6,TCF7L2,4430,-1.0,10.989302240100777,0.4350661069250219,1.3410265785260848e-24,-5.688848877007036,6.701182922042305,0.9130434782608695,0.84,25,23
4410,6,TCF7L2,4410,-1.0,10.989302240100777,0.3559368079994874,1.936757732743607e-16,-3.014187123794817,2.4553554229723322,0.9130434782608695,0.84,25,23
4428,6,TCF7L2,4428,-1.0,10.989302240100777,0.307908542731729,1.742333064804719e-12,-6.2236346518554155,7.652495070307487,0.9130434782608695,0.84,25,23
4415,6,TCF7L2,4415,-1.0,10.989302240100777,0.39466154145101007,3.700126881558927e-20,-3.3406259400032066,2.8762885045638096,0.9130434782608695,0.84,25,23
4420,6,TCF7L2,4420,-1.0,10.989302240100777,0.14494235531534885,0.0011275430348173256,-12.153627023534261,17.748971971961467,0.9130434782608695,0.84,25,23
4427,6,TCF7L2,4427,-1.0,10.989302240100777,0.14158240669777644,0.0014710687699778908,-8.149358608202366,10.70390336582496,0.9130434782608695,0.84,25,23
4425,6,TCF7L2,4425,-1.0,10.989302240100777,0.3771706663898092,2.04097034495625e-18,-5.96794541937454,7.025665278240661,0.9130434782608695,0.84,25,23
4408,6,TCF7L2,4408,-1.0,10.989302240100777,0.5461549950244853,2.2545347751694095e-40,-11.421505671558979,16.921661865663435,0.9130434782608695,0.84,25,23
4419,6,TCF7L2,4419,-1.0,10.989302240100777,0.2436449366875778,3.222869693373538e-08,-9.286202152302724,12.69804893187092,0.9130434782608695,0.84,25,23
4411,6,TCF7L2,4411,-1.0,10.989302240100777,0.4271922678211334,1.0981471476411577e-23,-7.181477442905159,9.79054532349773,0.9130434782608695,0.84,25,23
4426,6,TCF7L2,4426,-1.0,10.989302240100777,0.3934504953484001,4.922605647211153e-20,-11.059104315438711,16.207444537933295,0.9130434782608695,0.84,25,23
4429,6,TCF7L2,4429,-1.0,10.989302240100777,0.3481285154497544,9.500701342334355e-16,-11.316682915450176,17.624934504055332,0.9130434782608695,0.84,25,23
4412,6,TCF7L2,4412,-1.0,10.989302240100777,0.4172516728244223,1.4448791913905048e-22,-4.371362794860824,4.470044079210566,0.9130434782608695,0.84,25,23
4416,6,TCF7L2,4416,-1.0,10.989302240100777,0.4786737266597708,4.1193337263003636e-30,-3.4372079477790125,3.038675490022748,0.9130434782608695,0.84,25,23
4424,6,TCF7L2,4424,-1.0,10.989302240100777,0.39438645461012584,3.9484170747853326e-20,-10.639948315978767,15.37483302600269,0.9130434782608695,0.84,25,23
4421,6,TCF7L2,4421,-1.0,10.989302240100777,0.33352557793018117,1.6544759105053544e-14,-4.952280744936929,5.40571441658995,0.9130434782608695,0.84,25,23
4422,6,TCF7L2,4422,-1.0,10.989302240100777,0.32248463556993323,1.300215877592759e-13,-6.810876946655937,8.528821538458228,0.9130434782608695,0.84,25,23
5759,6,PURA,5759,-1.0,17.164551404860962,0.5950920903000064,2.0492524376313742e-49,-11.07885669776418,16.308765842215013,1.0,0.3333333333333333,3,1
7353,6,NFE2L2,7353,-1.0,11.007218754570472,0.5761819568549056,9.69176540605594e-46,-10.081668461924748,14.427176201796303,0.95,0.76,25,20
7349,6,NFE2L2,7349,-1.0,11.007218754570472,-0.18154360807030803,4.286723695245427e-05,13.248291296813974,21.01174817146907,0.95,0.76,25,20
7331,6,NFE2L2,7331,-1.0,11.007218754570472,0.569800890721705,1.4902289442812061e-44,-11.576424748282232,17.191077815734197,0.95,0.76,25,20
7336,6,NFE2L2,7336,-1.0,11.007218754570472,0.6326969357365363,1.7072138152118137e-57,-7.213314173297511,9.59307988070608,0.95,0.76,25,20
7351,6,NFE2L2,7351,-1.0,11.007218754570472,-0.29789405371810457,9.553845415430108e-12,13.806375701928332,20.89373761152292,0.95,0.76,25,20
7345,6,NFE2L2,7345,-1.0,11.007218754570472,0.32191719781746103,1.4422910691442853e-13,-3.2948895942456984,2.7923138097514673,0.95,0.76,25,20
7342,6,NFE2L2,7342,-1.0,11.007218754570472,0.3550110933511463,2.344035877539509e-16,-6.413618812694554,7.8058626753334215,0.95,0.76,25,20
7334,6,NFE2L2,7334,-1.0,11.007218754570472,0.5622468163559616,3.509129436533654e-43,-4.22259265411447,4.2511474846538935,0.95,0.76,25,20
7348,6,NFE2L2,7348,-1.0,11.007218754570472,-0.4944084093857543,2.6473044640280493e-32,14.03718575943635,21.849840674880877,0.95,0.76,25,20
7355,6,NFE2L2,7355,-1.0,11.007218754570472,0.3812562751221279,8.17226659564093e-19,-8.904440771203378,12.217348024324325,0.95,0.76,25,20
7332,6,NFE2L2,7332,-1.0,11.007218754570472,0.7308458336983372,5.656323811850792e-85,-6.93864209146796,9.363736874759104,0.95,0.76,25,20
7344,6,NFE2L2,7344,-1.0,11.007218754570472,0.26244086166494607,2.3669002307318114e-09,-9.14644773092298,12.511740642705416,0.95,0.76,25,20
7337,6,NFE2L2,7337,-1.0,11.007218754570472,0.41901184917595596,9.212213029545264e-23,-5.024578369578511,5.546423235172159,0.95,0.76,25,20
7347,6,NFE2L2,7347,-1.0,11.007218754570472,0.17485188352197098,8.20843478077717e-05,-7.143413286102773,8.938241592349021,0.95,0.76,25,20
7354,6,NFE2L2,7354,-1.0,11.007218754570472,-0.2901561454566254,3.40354509697711e-11,9.859215424364837,13.856725465836147,0.95,0.76,25,20
7340,6,NFE2L2,7340,-1.0,11.007218754570472,0.46234950437651307,5.9149325330816965e-28,-10.342219858333214,14.63752757277901,0.95,0.76,25,20
7338,6,NFE2L2,7338,-1.0,11.007218754570472,0.49817074365126846,7.613761454334364e-33,-3.8463770152735166,3.609195929906639,0.95,0.76,25,20
7339,6,NFE2L2,7339,-1.0,11.007218754570472,0.17004839299247576,0.0001289712921370685,-9.70856060813397,13.56943156759427,0.95,0.76,25,20
7341,6,NFE2L2,7341,-1.0,11.007218754570472,0.007598799691769938,0.8651423837890553,-8.20122630408232,10.817778763065311,0.95,0.76,25,20
8885,6,GATA4,8885,-1.0,4.5540107706001285,0.1677149737582985,0.00015993148360059646,-3.429334520492731,2.999723620252565,0.8823529411764706,0.6,25,17
8890,6,GATA4,8890,-1.0,4.5540107706001285,0.21176460419448828,1.6909743683559118e-06,-7.107335592784904,9.13782875102664,0.8823529411764706,0.6,25,17
8874,6,GATA4,8874,-1.0,4.5540107706001285,0.343415987290597,2.428705762158272e-15,-2.8110425188411607,2.2084796714528387,0.8823529411764706,0.6,25,17
8872,6,GATA4,8872,-1.0,4.5540107706001285,0.33201928817681275,2.2027253707055273e-14,-8.875913425994016,13.681847616764376,0.8823529411764706,0.6,25,17
8875,6,GATA4,8875,-1.0,4.5540107706001285,0.23553404505589196,9.327092006850857e-08,-6.528275482531697,8.22751575143822,0.8823529411764706,0.6,25,17
8891,6,GATA4,8891,-1.0,4.5540107706001285,0.2184825783165172,7.700229787537815e-07,-5.337598108362327,6.058787344785996,0.8823529411764706,0.6,25,17
8896,6,GATA4,8896,-1.0,4.5540107706001285,0.18164380715912093,4.244464775487017e-05,-3.013572232830085,2.4421338262549948,0.8823529411764706,0.6,25,17
8892,6,GATA4,8892,-1.0,4.5540107706001285,0.20111014630407598,5.59374390297017e-06,-4.080569697138188,3.943731347976238,0.8823529411764706,0.6,25,17
8881,6,GATA4,8881,-1.0,4.5540107706001285,0.2763619353970447,2.983135513596791e-10,-3.0212792662461982,2.4722924385981244,0.8823529411764706,0.6,25,17
8887,6,GATA4,8887,-1.0,4.5540107706001285,0.2969920324998279,1.1100858674951485e-11,-2.8865640732043074,2.304643784004666,0.8823529411764706,0.6,25,17
8879,6,GATA4,8879,-1.0,4.5540107706001285,0.23727708152380525,7.44673940080037e-08,-5.532708976397351,6.528507483508711,0.8823529411764706,0.6,25,17
8886,6,GATA4,8886,-1.0,4.5540107706001285,0.2713274277440118,6.396250933337256e-10,-3.543935430094206,3.2038296434605233,0.8823529411764706,0.6,25,17
8889,6,GATA4,8889,-1.0,4.5540107706001285,0.23784711392249813,6.91549499331418e-08,-8.382795934758315,11.466672605626131,0.8823529411764706,0.6,25,17
8873,6,GATA4,8873,-1.0,4.5540107706001285,0.2926598922147883,2.2658070450474897e-11,-5.367336798133025,6.215182027779832,0.8823529411764706,0.6,25,17
8876,6,GATA4,8876,-1.0,4.5540107706001285,0.2678868630126936,1.0676089976756505e-09,-8.389647766837488,12.091842103754942,0.8823529411764706,0.6,25,17
6033,6,NFIA,6033,-1.0,7.744524832901385,0.08745394844711343,0.05019416359350895,-2.952528167980924,2.3685176488212725,0.8888888888888888,0.64,25,18
6027,6,NFIA,6027,-1.0,7.744524832901385,0.37766790956909024,1.8270845932428397e-18,-9.087039142200947,12.449460439978473,0.8888888888888888,0.64,25,18
6025,6,NFIA,6025,-1.0,7.744524832901385,0.1929187335134646,1.345377665153443e-05,-6.026706948201958,7.392884647597032,0.8888888888888888,0.64,25,18
6046,6,NFIA,6046,-1.0,7.744524832901385,0.3805510093766195,9.579872602550732e-19,-2.558002991853473,1.891305827711194,0.8888888888888888,0.64,25,18
6038,6,NFIA,6038,-1.0,7.744524832901385,0.27662993577528555,2.8631817535979357e-10,-8.535832443202596,11.461661729297258,0.8888888888888888,0.64,25,18
6028,6,NFIA,6028,-1.0,7.744524832901385,0.1345040428517001,0.0025291520649422298,-9.06365962630789,12.396130744709922,0.8888888888888888,0.64,25,18
6035,6,NFIA,6035,-1.0,7.744524832901385,0.36071895558443123,7.153704388592421e-17,-6.953401748246777,8.995468375189375,0.8888888888888888,0.64,25,18
6032,6,NFIA,6032,-1.0,7.744524832901385,0.4314663584682235,3.5311494837897694e-24,-10.378921822131318,14.986138727057853,0.8888888888888888,0.64,25,18
6026,6,NFIA,6026,-1.0,7.744524832901385,0.3799419291678893,1.0985739037039092e-18,-6.1233852852565125,7.419166513156408,0.8888888888888888,0.64,25,18
6045,6,NFIA,6045,-1.0,7.744524832901385,0.2520984501654813,1.0220390293590866e-08,-12.114827992900153,17.447449781440238,0.8888888888888888,0.64,25,18
6029,6,NFIA,6029,-1.0,7.744524832901385,0.3019525331964602,4.831610653427896e-12,-2.86712961804549,2.2745256443849757,0.8888888888888888,0.64,25,18
6041,6,NFIA,6041,-1.0,7.744524832901385,0.30225361100093145,4.591364511542276e-12,-6.675242093467833,8.377710285825527,0.8888888888888888,0.64,25,18
6022,6,NFIA,6022,-1.0,7.744524832901385,0.4013526968541591,7.480626821621833e-21,-11.515808159127934,17.114092481214644,0.8888888888888888,0.64,25,18
6043,6,NFIA,6043,-1.0,7.744524832901385,0.0092074885657546,0.8369571802199519,-3.5924566583480644,3.2272850168672744,0.8888888888888888,0.64,25,18
6031,6,NFIA,6031,-1.0,7.744524832901385,0.41636522919405583,1.8106521863352549e-22,-5.9136214584163405,6.8631151531035055,0.8888888888888888,0.64,25,18
6030,6,NFIA,6030,-1.0,7.744524832901385,0.3503771132301546,6.037007937168202e-16,-5.673661830108324,6.655767823329978,0.8888888888888888,0.64,25,18
7458,6,ARNT,7458,-1.0,17.256973364642008,0.3279787837851105,4.709976761884436e-14,-2.33323628950398,1.6554007405772986,1.0,0.6,5,3
7456,6,ARNT,7456,-1.0,17.256973364642008,0.7157805605710158,5.315190243030008e-80,-11.400118129275638,16.90237086813355,1.0,0.6,5,3
7457,6,ARNT,7457,-1.0,17.256973364642008,0.47409040046051437,1.707049841954302e-29,-7.6688488590652275,10.763072498979072,1.0,0.6,5,3
370,6,ZIC2,370,1.0,2.0024849996924083,-0.12267549840874122,0.005920751030454405,-7.537833703550572,9.769198665446998,0.47368421052631576,0.42857142857142855,21,19
354,6,ZIC2,354,1.0,2.0024849996924083,0.444259888577498,1.0725665052787233e-25,8.335018441083934,11.386739792621846,0.47368421052631576,0.42857142857142855,21,19
372,6,ZIC2,372,1.0,2.0024849996924083,0.3383615097353944,6.530624228211946e-15,2.824400235004954,2.2077314451468197,0.47368421052631576,0.42857142857142855,21,19
366,6,ZIC2,366,1.0,2.0024849996924083,0.42341380777529164,2.9542796272359616e-23,5.851346433335625,6.961550832595741,0.47368421052631576,0.42857142857142855,21,19
371,6,ZIC2,371,1.0,2.0024849996924083,-0.14176766345648228,0.0014498679407660491,-3.2383916894692013,2.7414878491169477,0.47368421052631576,0.42857142857142855,21,19
368,6,ZIC2,368,1.0,2.0024849996924083,0.20320698136253454,4.442119780659929e-06,5.88934803772373,7.037221439628476,0.47368421052631576,0.42857142857142855,21,19
369,6,ZIC2,369,1.0,2.0024849996924083,-0.06575993617226432,0.14121142994035016,-3.1121037665266793,2.5733376482999315,0.47368421052631576,0.42857142857142855,21,19
357,6,ZIC2,357,1.0,2.0024849996924083,-0.17433718655692346,8.620597889569561e-05,-4.359033543762577,4.352407320961211,0.47368421052631576,0.42857142857142855,21,19
374,6,ZIC2,374,1.0,2.0024849996924083,0.47314637830862477,2.2817128406247273e-29,6.108290505333126,7.3727871960143645,0.47368421052631576,0.42857142857142855,21,19
4113,6,SMAD4,4113,-1.0,17.214798520752154,0.6985910478868801,1.0431733784363452e-74,-11.463244840808786,17.1511192923226,0.7272727272727273,0.5333333333333333,15,11
4126,6,SMAD4,4126,-1.0,17.214798520752154,0.3866602138250014,2.3873533377071504e-19,-2.372130282807158,1.6977364300581834,0.7272727272727273,0.5333333333333333,15,11
4123,6,SMAD4,4123,-1.0,17.214798520752154,0.2557343393417201,6.155980579555155e-09,-12.277955769765653,17.87153592398588,0.7272727272727273,0.5333333333333333,15,11
4115,6,SMAD4,4115,-1.0,17.214798520752154,0.5371916223156327,7.117156655651245e-39,-2.1192559589393802,1.4354811480286573,0.7272727272727273,0.5333333333333333,15,11
4122,6,SMAD4,4122,-1.0,17.214798520752154,0.20770958380262122,2.68583601699528e-06,-3.1415923538991746,2.6165495098416276,0.7272727272727273,0.5333333333333333,15,11
4119,6,SMAD4,4119,-1.0,17.214798520752154,0.48600080695301906,4.057115792155366e-31,-13.83858264774068,22.240263834089944,0.7272727272727273,0.5333333333333333,15,11
4124,6,SMAD4,4124,-1.0,17.214798520752154,0.4491888756209551,2.6814804569857565e-26,-9.343982447669127,12.892536420973418,0.7272727272727273,0.5333333333333333,15,11
4121,6,SMAD4,4121,-1.0,17.214798520752154,-0.47959906187798657,3.083469155230511e-30,9.07005968683506,12.970617835613833,0.7272727272727273,0.5333333333333333,15,11
5859,6,CTCF,5859,-1.0,17.147221110690968,0.293570637154718,1.9521519936901124e-11,-3.774771495508498,3.510916661570422,0.8888888888888888,0.64,25,18
5866,6,CTCF,5866,-1.0,17.147221110690968,-0.12489497492702017,0.005073641507708716,10.550865886327552,14.925285433372027,0.8888888888888888,0.64,25,18
5864,6,CTCF,5864,-1.0,17.147221110690968,-0.2354406139445029,9.439870070214588e-08,10.4839539579899,14.756953183784367,0.8888888888888888,0.64,25,18
5848,6,CTCF,5848,-1.0,17.147221110690968,0.509295445211689,1.74349046312647e-34,-2.8841669049989864,2.3180315256830952,0.8888888888888888,0.64,25,18
5852,6,CTCF,5852,-1.0,17.147221110690968,0.2772307633787892,2.6110731475661123e-10,-2.7161859764226874,2.078791998084758,0.8888888888888888,0.64,25,18
5862,6,CTCF,5862,-1.0,17.147221110690968,0.3487052492402979,8.460491811724313e-16,-4.692373340185366,4.877550023728127,0.8888888888888888,0.64,25,18
5853,6,CTCF,5853,-1.0,17.147221110690968,-0.22763317511255202,2.5319694176228056e-07,9.603509839730133,14.079556389242537,0.8888888888888888,0.64,25,18
5849,6,CTCF,5849,-1.0,17.147221110690968,0.613868854056044,2.591264520113041e-53,-6.833838319890496,8.836223822506522,0.8888888888888888,0.64,25,18
5858,6,CTCF,5858,-1.0,17.147221110690968,0.6952030214400312,1.0406388868716109e-73,-5.347309171120937,6.2056280172106115,0.8888888888888888,0.64,25,18
5855,6,CTCF,5855,-1.0,17.147221110690968,-0.19523430071099038,1.0536649788471613e-05,8.764471511877375,11.737967128899864,0.8888888888888888,0.64,25,18
5860,6,CTCF,5860,-1.0,17.147221110690968,-0.09500906624570159,0.03331871772299384,10.312636477584338,14.47853996354945,0.8888888888888888,0.64,25,18
5850,6,CTCF,5850,-1.0,17.147221110690968,0.3844303978358065,3.977769274208698e-19,-2.78784075255016,2.1739695078633288,0.8888888888888888,0.64,25,18
5851,6,CTCF,5851,-1.0,17.147221110690968,0.3846251403476462,3.8048966979342543e-19,-3.200187962271532,2.711937809595182,0.8888888888888888,0.64,25,18
5843,6,CTCF,5843,-1.0,17.147221110690968,0.7895432946610245,4.271546314520026e-108,-11.923768869538575,18.046324564943927,0.8888888888888888,0.64,25,18
5863,6,CTCF,5863,-1.0,17.147221110690968,-0.015316313584011117,0.7321010063321903,2.591231918518572,1.9395025852270014,0.8888888888888888,0.64,25,18
5846,6,CTCF,5846,-1.0,17.147221110690968,0.5489502567579944,7.51968145582351e-41,-6.366154220060673,8.22811031333625,0.8888888888888888,0.64,25,18
863,6,DEAF1,863,1.0,3.7761191383703423,0.5067881709433264,4.133944183434381e-34,6.019024402368177,7.311696748096883,0.3333333333333333,0.3333333333333333,3,3
735,6,TP53,735,-1.0,17.02574570796184,-0.37197797540922845,6.412006655991556e-18,2.965834016735334,2.3800191044987873,0.6,0.48,25,20
724,6,TP53,724,-1.0,17.02574570796184,0.28274246023726424,1.1093058435728996e-10,-6.600747437503108,8.340933850115112,0.6,0.48,25,20
733,6,TP53,733,-1.0,17.02574570796184,0.32664622518485475,6.036732467799744e-14,-6.344451611834564,7.634107106669563,0.6,0.48,25,20
719,6,TP53,719,-1.0,17.02574570796184,0.3878942154501955,1.7967265717679565e-19,-11.469053158476074,17.0013909022379,0.6,0.48,25,20
727,6,TP53,727,-1.0,17.02574570796184,0.34932334091450534,7.469797903133344e-16,-7.326486104552585,9.840614032334773,0.6,0.48,25,20
732,6,TP53,732,-1.0,17.02574570796184,0.38433041799777473,4.0695033639774386e-19,-5.705337301967087,6.504516945089579,0.6,0.48,25,20
739,6,TP53,739,-1.0,17.02574570796184,0.30635705294914195,2.277671824434489e-12,-6.566170912104184,8.103916469852967,0.6,0.48,25,20
728,6,TP53,728,-1.0,17.02574570796184,0.4750960800077745,1.2518977995495198e-29,-2.5305089395329414,1.8766798619819707,0.6,0.48,25,20
740,6,TP53,740,-1.0,17.02574570796184,0.23867354832761192,6.20979641577235e-08,-6.039798291852531,7.305420731490364,0.6,0.48,25,20
721,6,TP53,721,-1.0,17.02574570796184,0.3334554782145214,1.6767190542325778e-14,-7.552190596965656,10.579759594278219,0.6,0.48,25,20
722,6,TP53,722,-1.0,17.02574570796184,0.37398762706818467,4.127131881780363e-18,-2.3378256758558313,1.6675347100640885,0.6,0.48,25,20
729,6,TP53,729,-1.0,17.02574570796184,0.24264618174010544,3.6810192458968354e-08,-9.972252504114232,13.94074507895667,0.6,0.48,25,20
666,6,ATF4,666,1.0,5.956677202583187,-0.2644237635000646,1.7749647672800004e-09,-6.010525806868953,7.18492776927649,0.7142857142857143,0.6666666666666666,15,14
670,6,ATF4,670,1.0,5.956677202583187,-0.36918660283450433,1.1764122511689704e-17,-5.73901098008256,6.508927468069855,0.7142857142857143,0.6666666666666666,15,14
665,6,ATF4,665,1.0,5.956677202583187,-0.3208047086899127,1.766346580160606e-13,-9.710050778930869,14.194447867893086,0.7142857142857143,0.6666666666666666,15,14
668,6,ATF4,668,1.0,5.956677202583187,-0.1272959139027514,0.004281648840462055,-10.411762572074508,14.888507004642424,0.7142857142857143,0.6666666666666666,15,14
669,6,ATF4,669,1.0,5.956677202583187,-0.14713773802066765,0.0009448000733460147,-5.538307301047605,6.356064582360654,0.7142857142857143,0.6666666666666666,15,14
662,6,ATF4,662,1.0,5.956677202583187,0.543239453941238,7.00937696692509e-40,12.24579061745355,18.761933964009383,0.7142857142857143,0.6666666666666666,15,14
661,6,ATF4,661,1.0,5.956677202583187,-0.2940059383660345,1.8176223008341027e-11,-4.202719877680785,4.10327236371295,0.7142857142857143,0.6666666666666666,15,14
657,6,ATF4,657,1.0,5.956677202583187,0.5071666524933706,3.6304836654272803e-34,6.362656844525473,7.974343407601695,0.7142857142857143,0.6666666666666666,15,14
663,6,ATF4,663,1.0,5.956677202583187,0.4091377493087139,1.11196209458302e-21,5.034318827088155,5.432470203040997,0.7142857142857143,0.6666666666666666,15,14
671,6,ATF4,671,1.0,5.956677202583187,0.4742429313709081,1.6287276501087659e-29,11.911286403096277,17.127723908430692,0.7142857142857143,0.6666666666666666,15,14
9494,6,HSF1,9494,1.0,1.5273749996697599,-0.3186394906795598,2.614277948584114e-13,-9.461115320125382,13.095718594912558,0.9473684210526315,0.75,24,19
9492,6,HSF1,9492,1.0,1.5273749996697599,-0.25662068811455524,5.433829343740201e-09,-9.50170299248056,13.097953621198549,0.9473684210526315,0.75,24,19
9504,6,HSF1,9504,1.0,1.5273749996697599,0.3395700895421896,5.163570839720484e-15,12.784325444784335,19.41490973268581,0.9473684210526315,0.75,24,19
9484,6,HSF1,9484,1.0,1.5273749996697599,-0.29920583851899696,7.673330051422058e-12,-4.422365654740322,4.468291288488076,0.9473684210526315,0.75,24,19
9499,6,HSF1,9499,1.0,1.5273749996697599,0.21510334894040106,1.1474034584295677e-06,3.7713328952634573,3.5296348337022674,0.9473684210526315,0.75,24,19
9486,6,HSF1,9486,1.0,1.5273749996697599,0.3254827027054459,7.489980399682132e-14,2.8017908934137967,2.1939906255995663,0.9473684210526315,0.75,24,19
9503,6,HSF1,9503,1.0,1.5273749996697599,0.17279945111638065,9.971190197299932e-05,8.14967014885768,11.044140477667483,0.9473684210526315,0.75,24,19
9506,6,HSF1,9506,1.0,1.5273749996697599,0.3393960259721818,5.341567108451388e-15,3.3551832369540793,2.897963045488064,0.9473684210526315,0.75,24,19
9497,6,HSF1,9497,1.0,1.5273749996697599,0.24483340669772904,2.7493018311215627e-08,7.554794123709427,10.193087890055423,0.9473684210526315,0.75,24,19
9488,6,HSF1,9488,1.0,1.5273749996697599,0.2921851480519749,2.448288848530908e-11,3.111647856276843,2.5786839688230123,0.9473684210526315,0.75,24,19
9490,6,HSF1,9490,1.0,1.5273749996697599,0.28065616369298585,1.5372401378975668e-10,12.813308063081566,20.08513861559457,0.9473684210526315,0.75,24,19
9493,6,HSF1,9493,1.0,1.5273749996697599,-0.2822565051042126,1.1971830260871008e-10,-9.735692238580897,13.650961927184287,0.9473684210526315,0.75,24,19
9498,6,HSF1,9498,1.0,1.5273749996697599,0.3275238470648068,5.1271440094168237e-14,11.290076566825213,16.77859156051111,0.9473684210526315,0.75,24,19
9501,6,HSF1,9501,1.0,1.5273749996697599,0.2324286976094147,1.3869637039374946e-07,9.897865033801455,14.143698774689083,0.9473684210526315,0.75,24,19
9487,6,HSF1,9487,1.0,1.5273749996697599,-0.43442496487069904,1.5947656459751428e-24,-9.097833953628676,12.712124246385466,0.9473684210526315,0.75,24,19
9500,6,HSF1,9500,1.0,1.5273749996697599,0.30202045118889925,4.776364621590526e-12,7.272717451235651,9.497823274280377,0.9473684210526315,0.75,24,19
9495,6,HSF1,9495,1.0,1.5273749996697599,-0.30778589194370715,1.7797331320741368e-12,-12.728794158966314,18.619472898610276,0.9473684210526315,0.75,24,19
9485,6,HSF1,9485,1.0,1.5273749996697599,0.4223106146858146,3.9347496449501115e-23,7.1078937124248345,9.44569845576223,0.9473684210526315,0.75,24,19
6996,6,STAT3,6996,-1.0,17.31353236795094,0.45657732873698004,3.2160518788511053e-27,-3.530830945949073,3.138256060535309,0.95,0.76,25,20
6987,6,STAT3,6987,-1.0,17.31353236795094,0.14822954820638398,0.0008644851405946135,-2.9538310575578617,2.3958579163566305,0.95,0.76,25,20
6992,6,STAT3,6992,-1.0,17.31353236795094,0.42878881493110665,7.201474617730396e-24,-10.147108971415468,14.246115522992708,0.95,0.76,25,20
6998,6,STAT3,6998,-1.0,17.31353236795094,0.2333093549303696,1.240055464023139e-07,-5.484246499796489,6.26898690197956,0.95,0.76,25,20
7006,6,STAT3,7006,-1.0,17.31353236795094,-0.28558059757493875,7.085918257831878e-11,7.396067472342927,9.602732276428322,0.95,0.76,25,20
7002,6,STAT3,7002,-1.0,17.31353236795094,-0.4174294358381524,1.3808397825718372e-22,14.187139207134992,22.92721822475911,0.95,0.76,25,20
6993,6,STAT3,6993,-1.0,17.31353236795094,0.2665516076430697,1.2999057471062677e-09,-8.174660779711022,11.169346973933104,0.95,0.76,25,20
6994,6,STAT3,6994,-1.0,17.31353236795094,0.2646771279662721,1.7105850312018494e-09,-2.964928718707233,2.40720574673534,0.95,0.76,25,20
7001,6,STAT3,7001,-1.0,17.31353236795094,0.2961315059282874,1.2803371877456475e-11,-9.906382348453631,14.069982063032386,0.95,0.76,25,20
6984,6,STAT3,6984,-1.0,17.31353236795094,0.5455683011931513,2.835147462642948e-40,-11.425304834865608,17.035300818860446,0.95,0.76,25,20
7004,6,STAT3,7004,-1.0,17.31353236795094,0.2064180036559041,3.106380554271326e-06,-4.3548559142554994,4.3210490334189675,0.95,0.76,25,20
7007,6,STAT3,7007,-1.0,17.31353236795094,-0.23753269679819314,7.203816871427541e-08,2.4784005419651614,1.8090471747581884,0.95,0.76,25,20
7003,6,STAT3,7003,-1.0,17.31353236795094,-0.27486511140471626,3.7485912250213253e-10,8.813347395198463,11.773466599090472,0.95,0.76,25,20
6986,6,STAT3,6986,-1.0,17.31353236795094,0.33627122917479974,9.7796556203577e-15,-7.81419659377545,11.204440331070572,0.95,0.76,25,20
6995,6,STAT3,6995,-1.0,17.31353236795094,-0.2654619791805742,1.5252262267687282e-09,8.895288869889125,12.787405969544597,0.95,0.76,25,20
7008,6,STAT3,7008,-1.0,17.31353236795094,0.3604460504667678,7.575513596167565e-17,-5.050105323614201,5.433867507158595,0.95,0.76,25,20
6989,6,STAT3,6989,-1.0,17.31353236795094,0.201689450576167,5.249866866754397e-06,-6.335515278493272,7.862520469672861,0.95,0.76,25,20
7005,6,STAT3,7005,-1.0,17.31353236795094,-0.24419141092562405,2.996062441070762e-08,2.8220304276391555,2.2028407344137246,0.95,0.76,25,20
7000,6,STAT3,7000,-1.0,17.31353236795094,0.2582065163234871,4.3414976523723156e-09,-4.133251457746406,4.097186985569898,0.95,0.76,25,20
2648,6,FOXO1,2648,-1.0,16.73704534084509,0.6093788676676254,2.3410207918920164e-52,-5.3908465266553875,6.073493332997545,0.9,0.72,25,20
2640,6,FOXO1,2640,-1.0,16.73704534084509,0.12380363902896052,0.005475475144672209,-10.901271889246582,16.07413467714088,0.9,0.72,25,20
2643,6,FOXO1,2643,-1.0,16.73704534084509,-0.3789816863781407,1.3624863748633963e-18,13.39096703898475,21.230932047359428,0.9,0.72,25,20
2625,6,FOXO1,2625,-1.0,16.73704534084509,-0.05916126686217119,0.18570763565388698,4.709857611157196,5.00408270662027,0.9,0.72,25,20
2628,6,FOXO1,2628,-1.0,16.73704534084509,0.5388494473908512,3.78789284212543e-39,-2.4065178668357685,1.733245075842203,0.9,0.72,25,20
2636,6,FOXO1,2636,-1.0,16.73704534084509,-0.23248542241315567,1.3770159083644032e-07,2.9125247544320763,2.337568586293044,0.9,0.72,25,20
2631,6,FOXO1,2631,-1.0,16.73704534084509,0.3444477586611922,1.9802429893451585e-15,-3.194706579492071,2.6982158449346487,0.9,0.72,25,20
2638,6,FOXO1,2638,-1.0,16.73704534084509,0.272123728749008,5.675225921558502e-10,-3.7338345199850465,3.4549744115548138,0.9,0.72,25,20
2626,6,FOXO1,2626,-1.0,16.73704534084509,0.44654016877336544,5.663976675561823e-26,-11.483873470711632,16.962419596640494,0.9,0.72,25,20
2632,6,FOXO1,2632,-1.0,16.73704534084509,0.32881134833767633,4.0309601935619935e-14,-5.1122556897997,5.7904210855155425,0.9,0.72,25,20
2649,6,FOXO1,2649,-1.0,16.73704534084509,0.45045436994655397,1.8715859194458734e-26,-7.6614277584518105,10.103451216820192,0.9,0.72,25,20
2637,6,FOXO1,2637,-1.0,16.73704534084509,0.2412205679016058,4.445564332354491e-08,-11.980531066483552,17.439691719724927,0.9,0.72,25,20
2639,6,FOXO1,2639,-1.0,16.73704534084509,0.4515378326695125,1.3740025164925886e-26,-10.373292205551126,14.642297872125678,0.9,0.72,25,20
2635,6,FOXO1,2635,-1.0,16.73704534084509,0.26279136024324506,2.2498925156837484e-09,-9.060478298427887,13.660364828534243,0.9,0.72,25,20
2633,6,FOXO1,2633,-1.0,16.73704534084509,0.6251949381554981,8.562717747622804e-56,-10.1110130978372,14.37076392337635,0.9,0.72,25,20
2645,6,FOXO1,2645,-1.0,16.73704534084509,0.2879309774864661,4.869959956408953e-11,-8.778439586758847,11.790727880159348,0.9,0.72,25,20
2642,6,FOXO1,2642,-1.0,16.73704534084509,0.4354054123146229,1.2233298136532621e-24,-3.9334873598125086,3.7505727103114705,0.9,0.72,25,20
2647,6,FOXO1,2647,-1.0,16.73704534084509,0.30212849391709484,4.6897500025589905e-12,-2.876034839310871,2.268781386935212,0.9,0.72,25,20
4607,6,KLF11,4607,1.0,5.686987809266714,0.26051620235406986,3.122572455824876e-09,9.094736622471684,12.771129232237005,0.2,0.16666666666666666,18,15
4624,6,KLF11,4624,1.0,5.686987809266714,0.17514091441996207,7.985197792921689e-05,6.545247815626767,8.100979442224617,0.2,0.16666666666666666,18,15
4618,6,KLF11,4618,1.0,5.686987809266714,0.32382506734529004,1.0168300391293658e-13,2.883671850435938,2.2773063322146108,0.2,0.16666666666666666,18,15
224,6,NR1H3,224,1.0,2.5092939589536303,0.29428633722867364,1.7358039541490062e-11,9.761532458353733,14.001501205632966,0.7692307692307693,0.625,16,13
217,6,NR1H3,217,1.0,2.5092939589536303,0.7100768720691097,3.3474161579868605e-78,2.2304650358034053,1.5378888940083792,0.7692307692307693,0.625,16,13
230,6,NR1H3,230,1.0,2.5092939589536303,0.36131798089483946,6.307150676549387e-17,3.234754524402984,2.73415419728515,0.7692307692307693,0.625,16,13
228,6,NR1H3,228,1.0,2.5092939589536303,0.19031005654410013,1.765708341643906e-05,2.255085074163909,1.573057752287564,0.7692307692307693,0.625,16,13
225,6,NR1H3,225,1.0,2.5092939589536303,-0.3708254564034548,8.243796298172908e-18,-8.078378150876683,10.59619194601179,0.7692307692307693,0.625,16,13
221,6,NR1H3,221,1.0,2.5092939589536303,-0.2317721886350148,1.5072573149187648e-07,-7.707766705564573,9.93615141340444,0.7692307692307693,0.625,16,13
216,6,NR1H3,216,1.0,2.5092939589536303,0.4581431420067993,2.0380848833866654e-27,9.395957963298143,13.579664842031962,0.7692307692307693,0.625,16,13
231,6,NR1H3,231,1.0,2.5092939589536303,0.3265101046273828,6.191304926247988e-14,6.132238535828029,7.419283573153662,0.7692307692307693,0.625,16,13
218,6,NR1H3,218,1.0,2.5092939589536303,-0.4383238939813418,5.527630198150621e-25,-3.8395101828705527,3.573631613389629,0.7692307692307693,0.625,16,13
220,6,NR1H3,220,1.0,2.5092939589536303,0.46511222997677276,2.600105412886527e-28,2.109430876324456,1.4126360358125798,0.7692307692307693,0.625,16,13
6159,6,FOXQ1,6159,-1.0,3.2255352840417038,0.22375198436026972,4.081782430469364e-07,-6.058912560912423,7.152649773932294,0.9583333333333334,0.92,25,24
6142,6,FOXQ1,6142,-1.0,3.2255352840417038,0.3104917030251632,1.1113948878845313e-12,-8.430456014771242,12.674998016153182,0.9583333333333334,0.92,25,24
6146,6,FOXQ1,6146,-1.0,3.2255352840417038,0.20468144682967396,3.7719591285870027e-06,-7.326340763660365,10.021776744733137,0.9583333333333334,0.92,25,24
6161,6,FOXQ1,6161,-1.0,3.2255352840417038,0.3227795476348674,1.2318869458593952e-13,-7.293285932856191,9.560092891449349,0.9583333333333334,0.92,25,24
6150,6,FOXQ1,6150,-1.0,3.2255352840417038,0.3071073760220365,2.0012604584537646e-12,-2.388909316690972,1.7064772550009104,0.9583333333333334,0.92,25,24
6158,6,FOXQ1,6158,-1.0,3.2255352840417038,0.24211203898113332,3.951266523645838e-08,-6.330290090690187,7.654120299818254,0.9583333333333334,0.92,25,24
6160,6,FOXQ1,6160,-1.0,3.2255352840417038,0.23758078956658216,7.158975607045965e-08,-2.8936529423418054,2.2982502161915024,0.9583333333333334,0.92,25,24
6152,6,FOXQ1,6152,-1.0,3.2255352840417038,0.20725521622750556,2.8271542501226657e-06,-3.9827400016324734,3.8348487401844613,0.9583333333333334,0.92,25,24
6151,6,FOXQ1,6151,-1.0,3.2255352840417038,0.18530764977138625,2.943801076129715e-05,-9.111013489804929,12.493101365306194,0.9583333333333334,0.92,25,24
6153,6,FOXQ1,6153,-1.0,3.2255352840417038,0.28312018292705776,1.0453741777613042e-10,-7.655314553024147,10.312023865797698,0.9583333333333334,0.92,25,24
6162,6,FOXQ1,6162,-1.0,3.2255352840417038,0.184348070984357,3.242114354304666e-05,-2.676953342291998,2.0341007183673026,0.9583333333333334,0.92,25,24
6156,6,FOXQ1,6156,-1.0,3.2255352840417038,0.1366168995047536,0.0021570229923438666,-3.802509882898993,3.5897131885927362,0.9583333333333334,0.92,25,24
6157,6,FOXQ1,6157,-1.0,3.2255352840417038,0.2359099690095702,8.886326425478648e-08,-8.675822435224072,12.515626808525052,0.9583333333333334,0.92,25,24
6165,6,FOXQ1,6165,-1.0,3.2255352840417038,0.27311451566384787,4.887854120391752e-10,-9.481540124585509,13.22017886050687,0.9583333333333334,0.92,25,24
6143,6,FOXQ1,6143,-1.0,3.2255352840417038,0.24102886083076885,4.559413249634326e-08,-4.280402079961463,4.383369521256522,0.9583333333333334,0.92,25,24
6147,6,FOXQ1,6147,-1.0,3.2255352840417038,0.3794595786210285,1.2241553561044571e-18,-7.889336606745315,11.204371601285528,0.9583333333333334,0.92,25,24
6145,6,FOXQ1,6145,-1.0,3.2255352840417038,0.14988367383788023,0.0007547572973007061,-7.988172231676286,10.737288066878811,0.9583333333333334,0.92,25,24
6141,6,FOXQ1,6141,-1.0,3.2255352840417038,0.2283190899216671,2.324984953633291e-07,-11.91244967421382,17.759179159418725,0.9583333333333334,0.92,25,24
6149,6,FOXQ1,6149,-1.0,3.2255352840417038,0.19328924703087627,1.2940317375683883e-05,-2.1308249123272947,1.4410295144192145,0.9583333333333334,0.92,25,24
6148,6,FOXQ1,6148,-1.0,3.2255352840417038,0.21929481867769457,6.989657850918159e-07,-6.070203636147514,7.274361536749909,0.9583333333333334,0.92,25,24
6154,6,FOXQ1,6154,-1.0,3.2255352840417038,0.33309255329961684,1.7966519756632637e-14,-10.56333930620797,15.217171844968245,0.9583333333333334,0.92,25,24
6144,6,FOXQ1,6144,-1.0,3.2255352840417038,0.38268046609765743,5.921871003641955e-19,-4.48765124265744,4.629107851052538,0.9583333333333334,0.92,25,24
6155,6,FOXQ1,6155,-1.0,3.2255352840417038,0.23570365387890707,9.125676437597507e-08,-12.691959838906557,19.224549050321382,0.9583333333333334,0.92,25,24
3991,6,HOXD3,3991,-1.0,10.115585947286464,0.19758060174867015,8.201020326381262e-06,-12.036172523665837,18.110174766898353,0.6923076923076923,0.5294117647058824,17,13
4002,6,HOXD3,4002,-1.0,10.115585947286464,0.15243135741459346,0.000610714720398318,-6.744811746227473,8.374518208003598,0.6923076923076923,0.5294117647058824,17,13
3992,6,HOXD3,3992,-1.0,10.115585947286464,0.20230725767778043,4.905405719649e-06,-8.646013290278999,12.864363480568176,0.6923076923076923,0.5294117647058824,17,13
3994,6,HOXD3,3994,-1.0,10.115585947286464,0.25565399501267555,6.225860881153672e-09,-3.577669256804906,3.260558146953642,0.6923076923076923,0.5294117647058824,17,13
4000,6,HOXD3,4000,-1.0,10.115585947286464,0.18094183189149093,4.549013819896236e-05,-8.989647360223264,12.765851870486726,0.6923076923076923,0.5294117647058824,17,13
3997,6,HOXD3,3997,-1.0,10.115585947286464,0.21193947084010714,1.6572298984148844e-06,-8.101437809727543,11.184395406292571,0.6923076923076923,0.5294117647058824,17,13
4005,6,HOXD3,4005,-1.0,10.115585947286464,0.12907648462352303,0.003768427343486696,-5.773228329046793,6.835460192231085,0.6923076923076923,0.5294117647058824,17,13
3998,6,HOXD3,3998,-1.0,10.115585947286464,0.1785143328069847,5.769184849833573e-05,-4.478257335729875,4.5939421060234755,0.6923076923076923,0.5294117647058824,17,13
3993,6,HOXD3,3993,-1.0,10.115585947286464,0.24472726112016027,2.788697578749506e-08,-6.696537976840884,8.611497516936632,0.6923076923076923,0.5294117647058824,17,13
6826,6,FOXO3,6826,-1.0,13.241728010173507,0.1533324091047863,0.0005661997212023376,-4.921448339860377,5.279185880782668,1.0,0.96,25,24
6820,6,FOXO3,6820,-1.0,13.241728010173507,0.12008731066614603,0.007067525850501562,-3.110085765587842,2.563360095727696,1.0,0.96,25,24
6811,6,FOXO3,6811,-1.0,13.241728010173507,0.36538063410457405,2.665706487410464e-17,-8.806007530936206,13.096988014095148,1.0,0.96,25,24
6828,6,FOXO3,6828,-1.0,13.241728010173507,0.33352026590842615,1.6561512689399685e-14,-5.503878215986565,6.262840173715718,1.0,0.96,25,24
6808,6,FOXO3,6808,-1.0,13.241728010173507,0.29372506521573855,1.9033493777532607e-11,-3.4483124966887764,3.0403744043550045,1.0,0.96,25,24
6824,6,FOXO3,6824,-1.0,13.241728010173507,-0.4414536233703536,2.3379076112204288e-25,13.083612382470129,19.661518953249512,1.0,0.96,25,24
6818,6,FOXO3,6818,-1.0,13.241728010173507,-0.4315096135025142,3.490546483813238e-24,13.660936797531722,21.86726568791736,1.0,0.96,25,24
6809,6,FOXO3,6809,-1.0,13.241728010173507,0.39302837933393986,5.436108912039185e-20,-9.875597154793024,13.654874567478311,1.0,0.96,25,24
6819,6,FOXO3,6819,-1.0,13.241728010173507,0.5674306855861279,4.0507474609068046e-44,-14.06778451931396,21.718537895672547,1.0,0.96,25,24
6817,6,FOXO3,6817,-1.0,13.241728010173507,0.3747846200464982,3.4625286846878503e-18,-9.47049589626146,13.977190467802034,1.0,0.96,25,24
6825,6,FOXO3,6825,-1.0,13.241728010173507,0.36738250744596046,1.7359805841893948e-17,-10.042682135825926,13.916301278612899,1.0,0.96,25,24
6815,6,FOXO3,6815,-1.0,13.241728010173507,0.3107754219013993,1.0575602726706591e-12,-4.666569459383033,4.883321138780903,1.0,0.96,25,24
6827,6,FOXO3,6827,-1.0,13.241728010173507,0.4749122461120388,1.3250146137239882e-29,-10.033868446350937,14.114229881829868,1.0,0.96,25,24
6805,6,FOXO3,6805,-1.0,13.241728010173507,0.3643793180037555,3.299837564328917e-17,-8.386635698237034,12.502048085628854,1.0,0.96,25,24
6812,6,FOXO3,6812,-1.0,13.241728010173507,0.5686011326653244,2.4746800351989314e-44,-12.075236181253686,17.602066622386346,1.0,0.96,25,24
6810,6,FOXO3,6810,-1.0,13.241728010173507,0.2927045878935894,2.2493271570139074e-11,-5.361503457937028,6.212831940585896,1.0,0.96,25,24
6816,6,FOXO3,6816,-1.0,13.241728010173507,0.2519749456596775,1.0396480557997494e-08,-4.117438473979202,4.035639816421244,1.0,0.96,25,24
6804,6,FOXO3,6804,-1.0,13.241728010173507,0.5500651173238262,4.838980433483929e-41,-11.80666765503112,17.5846407745263,1.0,0.96,25,24
6823,6,FOXO3,6823,-1.0,13.241728010173507,0.25669429755887463,5.3776973280113156e-09,-8.596963140250807,11.461875004704606,1.0,0.96,25,24
6822,6,FOXO3,6822,-1.0,13.241728010173507,0.4618110930286307,6.936451001042678e-28,-11.220199796876127,16.06198362589601,1.0,0.96,25,24
6813,6,FOXO3,6813,-1.0,13.241728010173507,0.30607589522625206,2.3905846687120533e-12,-8.087211773835255,10.985738573716793,1.0,0.96,25,24
6806,6,FOXO3,6806,-1.0,13.241728010173507,0.19829810411572127,7.5914945153580745e-06,-3.364771718072854,2.958429690015796,1.0,0.96,25,24
6814,6,FOXO3,6814,-1.0,13.241728010173507,0.3669251992873733,1.9151856183285126e-17,-7.076831141306494,9.437566413243308,1.0,0.96,25,24
6807,6,FOXO3,6807,-1.0,13.241728010173507,0.28396631210660506,9.149185294744712e-11,-7.215876305978483,9.522374117941924,1.0,0.96,25,24
3557,6,HOXA7,3557,-1.0,17.242468725857858,0.1478707021653271,0.000890158139991134,-2.757402534168912,2.140977860868165,0.9090909090909091,0.6666666666666666,15,11
3553,6,HOXA7,3553,-1.0,17.242468725857858,-0.23769566203703418,7.052957675152863e-08,2.20165253864773,1.5071813183413012,0.9090909090909091,0.6666666666666666,15,11
3560,6,HOXA7,3560,-1.0,17.242468725857858,0.2383960900484442,6.438585905941156e-08,-4.785013843564414,5.073243744184437,0.9090909090909091,0.6666666666666666,15,11
3559,6,HOXA7,3559,-1.0,17.242468725857858,0.26940577590354053,8.52272181142141e-10,-11.034995258368157,15.946994834857387,0.9090909090909091,0.6666666666666666,15,11
3556,6,HOXA7,3556,-1.0,17.242468725857858,0.21728753845702178,8.87311399757069e-07,-7.596267136988321,9.919921162757811,0.9090909090909091,0.6666666666666666,15,11
3549,6,HOXA7,3549,-1.0,17.242468725857858,0.2967927577792543,1.1474270046458862e-11,-11.807210293961175,17.66062426888512,0.9090909090909091,0.6666666666666666,15,11
3554,6,HOXA7,3554,-1.0,17.242468725857858,0.4202099946543038,6.770936950870109e-23,-10.113824501134216,15.795025813787115,0.9090909090909091,0.6666666666666666,15,11
3558,6,HOXA7,3558,-1.0,17.242468725857858,0.33633535286598515,9.659697442357396e-15,-9.788010280875662,14.45250087441738,0.9090909090909091,0.6666666666666666,15,11
3550,6,HOXA7,3550,-1.0,17.242468725857858,0.38989438135601784,1.1305707420118235e-19,-8.157545537602857,11.80778236337545,0.9090909090909091,0.6666666666666666,15,11
3551,6,HOXA7,3551,-1.0,17.242468725857858,0.3944727749636447,3.868787648041375e-20,-3.7064588234676292,3.41565692646927,0.9090909090909091,0.6666666666666666,15,11
6664,6,GZF1,6664,-1.0,8.301275767192552,0.45521896888819996,4.7681456117890824e-27,-10.716010426774089,15.756112001987333,1.0,1.0,1,1
921,6,BACH1,921,-1.0,17.16312919711331,0.3933231965413426,5.072210848966171e-20,-8.879476142037454,12.024081509041894,0.9411764705882353,0.6956521739130435,23,17
903,6,BACH1,903,-1.0,17.16312919711331,-0.3371020862918014,8.332516549861237e-15,4.7327274087051245,5.019624236895172,0.9411764705882353,0.6956521739130435,23,17
908,6,BACH1,908,-1.0,17.16312919711331,0.3034319312552293,3.758431519474442e-12,-2.529509009771129,1.8652935210432984,0.9411764705882353,0.6956521739130435,23,17
915,6,BACH1,915,-1.0,17.16312919711331,0.28212218683983603,1.2226457175309153e-10,-3.852353655408712,3.586233887510227,0.9411764705882353,0.6956521739130435,23,17
913,6,BACH1,913,-1.0,17.16312919711331,0.19106550192368701,1.6326352698315736e-05,-3.7000338862532636,3.380729329492193,0.9411764705882353,0.6956521739130435,23,17
914,6,BACH1,914,-1.0,17.16312919711331,0.4904929750646585,9.526715569304203e-32,-9.801875197499838,13.982570300291796,0.9411764705882353,0.6956521739130435,23,17
911,6,BACH1,911,-1.0,17.16312919711331,-0.13131170749200435,0.003203301028746512,2.885634873784745,2.270980621893475,0.9411764705882353,0.6956521739130435,23,17
912,6,BACH1,912,-1.0,17.16312919711331,0.5388092277975632,3.8464567290102776e-39,-7.499808217060525,9.587749168284265,0.9411764705882353,0.6956521739130435,23,17
910,6,BACH1,910,-1.0,17.16312919711331,0.26909625577878005,8.924097639370336e-10,-4.723695050030857,4.957611899714566,0.9411764705882353,0.6956521739130435,23,17
918,6,BACH1,918,-1.0,17.16312919711331,0.3057591659291098,2.5243446624358785e-12,-8.034444250252522,10.868312497748473,0.9411764705882353,0.6956521739130435,23,17
924,6,BACH1,924,-1.0,17.16312919711331,-0.1385932561702097,0.0018549504895473542,3.6528770145744818,3.2864090296380937,0.9411764705882353,0.6956521739130435,23,17
919,6,BACH1,919,-1.0,17.16312919711331,0.15974601137123629,0.0003264597044000129,-8.747399966511697,12.502719098817089,0.9411764705882353,0.6956521739130435,23,17
922,6,BACH1,922,-1.0,17.16312919711331,0.19201550010005097,1.4787900968129549e-05,-4.409063080949504,4.432187156969125,0.9411764705882353,0.6956521739130435,23,17
917,6,BACH1,917,-1.0,17.16312919711331,0.3797249899937162,1.1534019332660241e-18,-4.843230821116615,5.082223577103823,0.9411764705882353,0.6956521739130435,23,17
905,6,BACH1,905,-1.0,17.16312919711331,0.2118943186551896,1.6658807036731305e-06,-3.326278030833476,2.857937870719382,0.9411764705882353,0.6956521739130435,23,17
904,6,BACH1,904,-1.0,17.16312919711331,0.28721774370832526,5.458954977324229e-11,-11.507333406814173,17.105933755518485,0.9411764705882353,0.6956521739130435,23,17
6524,6,IRF7,6524,1.0,2.1176554006049386,-0.291266737433547,2.84290712602779e-11,-3.756421263685679,3.527096814013795,0.95,0.76,25,20
6525,6,IRF7,6525,1.0,2.1176554006049386,-0.34725269586289786,1.132487247364034e-15,-2.6815897586807496,2.0486125946692675,0.95,0.76,25,20
6530,6,IRF7,6530,1.0,2.1176554006049386,-0.34588921370742554,1.4869890475480228e-15,-4.659384934827999,4.858324538112903,0.95,0.76,25,20
6540,6,IRF7,6540,1.0,2.1176554006049386,-0.3869260046278144,2.245816618766274e-19,-10.38722902723413,14.569074944888206,0.95,0.76,25,20
6522,6,IRF7,6522,1.0,2.1176554006049386,0.7483001886099724,3.5662225852181753e-91,2.158139205632427,1.4624559894378422,0.95,0.76,25,20
6542,6,IRF7,6542,1.0,2.1176554006049386,0.24272216262270832,3.644059733754204e-08,11.214660455772627,16.144407484464363,0.95,0.76,25,20
6541,6,IRF7,6541,1.0,2.1176554006049386,-0.149180115527936,0.0007997498193808469,-9.003242891593715,12.131886787285508,0.95,0.76,25,20
6526,6,IRF7,6526,1.0,2.1176554006049386,-0.46716295494679894,1.4057714781813053e-28,-5.964289213938979,7.2656989033453545,0.95,0.76,25,20
6532,6,IRF7,6532,1.0,2.1176554006049386,0.2844643141461368,8.457060918176089e-11,11.182648784829798,17.0872080536838,0.95,0.76,25,20
6518,6,IRF7,6518,1.0,2.1176554006049386,-0.3048754731671521,2.937427807683019e-12,-11.513853654103016,17.027986419122698,0.95,0.76,25,20
6538,6,IRF7,6538,1.0,2.1176554006049386,-0.20267283860356242,4.711852803228993e-06,-8.660486259299619,12.045034708335505,0.95,0.76,25,20
6527,6,IRF7,6527,1.0,2.1176554006049386,0.335893696200069,1.0516127962230533e-14,2.9857636243735914,2.408077775287454,0.95,0.76,25,20
6528,6,IRF7,6528,1.0,2.1176554006049386,-0.24998492950970846,1.3673662415384928e-08,-3.870056209629121,3.661411064535536,0.95,0.76,25,20
6520,6,IRF7,6520,1.0,2.1176554006049386,-0.44847175268402945,3.285332737946687e-26,-8.153418401954335,11.960760985426349,0.95,0.76,25,20
6535,6,IRF7,6535,1.0,2.1176554006049386,-0.25725575928687244,4.967666456601667e-09,-10.418499885665401,14.567337123789159,0.95,0.76,25,20
6539,6,IRF7,6539,1.0,2.1176554006049386,-0.25605391436480246,5.8854809385022976e-09,-9.927055310853833,13.933174349167283,0.95,0.76,25,20
6523,6,IRF7,6523,1.0,2.1176554006049386,-0.3004976083807767,6.176882027861422e-12,-6.967230390098032,8.949592144467003,0.95,0.76,25,20
6534,6,IRF7,6534,1.0,2.1176554006049386,0.22737383462187016,2.6147617807252284e-07,12.017125425389285,17.46434336872995,0.95,0.76,25,20
6536,6,IRF7,6536,1.0,2.1176554006049386,0.42437272255960146,2.3008612151597932e-23,7.1073993840972145,9.104013222673649,0.95,0.76,25,20
4516,6,ETV1,4516,-1.0,16.633062327862394,-0.1627954912887349,0.00024941369606927387,11.639665091356049,18.072067913287178,0.9230769230769231,0.8,15,13
4522,6,ETV1,4522,-1.0,16.633062327862394,0.31427756195844947,5.704570615559717e-13,-8.878420509058055,12.24917652884842,0.9230769230769231,0.8,15,13
4513,6,ETV1,4513,-1.0,16.633062327862394,0.17999022113709423,4.994970666206555e-05,-2.8047314419993397,2.182188129304119,0.9230769230769231,0.8,15,13
4508,6,ETV1,4508,-1.0,16.633062327862394,-0.022646524175793582,0.6127138215445169,12.16460621013143,18.539469002573515,0.9230769230769231,0.8,15,13
4518,6,ETV1,4518,-1.0,16.633062327862394,0.370833329578556,8.229685083934908e-18,-8.027961150536694,10.627288232883691,0.9230769230769231,0.8,15,13
4510,6,ETV1,4510,-1.0,16.633062327862394,0.3477288806702216,1.0294154155755901e-15,-2.1890782137279325,1.5068799877833785,0.9230769230769231,0.8,15,13
4509,6,ETV1,4509,-1.0,16.633062327862394,0.4881770284370073,2.016186181459626e-31,-11.25499326194251,16.53022825395049,0.9230769230769231,0.8,15,13
4512,6,ETV1,4512,-1.0,16.633062327862394,0.24575153274356298,2.4302802769742454e-08,-6.213608878347051,7.602828450271492,0.9230769230769231,0.8,15,13
4515,6,ETV1,4515,-1.0,16.633062327862394,0.1870321596911363,2.4719323514838587e-05,-10.114966266083185,14.31608123562906,0.9230769230769231,0.8,15,13
4517,6,ETV1,4517,-1.0,16.633062327862394,0.35106663262546056,5.249474622240152e-16,-5.66745341717125,6.578890394588637,0.9230769230769231,0.8,15,13
4520,6,ETV1,4520,-1.0,16.633062327862394,0.3689795288435904,1.2302964930562827e-17,-8.86955215872583,12.473270548659384,0.9230769230769231,0.8,15,13
4519,6,ETV1,4519,-1.0,16.633062327862394,0.2033950838471805,4.350692331995611e-06,-4.106360531198392,3.9555289294114178,0.9230769230769231,0.8,15,13
2674,6,GABPA,2674,-1.0,11.850414865459381,0.22697818385865356,2.746112994197651e-07,-4.4369138741156835,4.444862837590011,0.9473684210526315,0.72,25,19
2661,6,GABPA,2661,-1.0,11.850414865459381,-0.15532565041082086,0.00047821568447891223,10.937008170190078,17.185335282093035,0.9473684210526315,0.72,25,19
2666,6,GABPA,2666,-1.0,11.850414865459381,0.21645393047161127,9.790857360875148e-07,-7.956275022725924,10.776825300266932,0.9473684210526315,0.72,25,19
2654,6,GABPA,2654,-1.0,11.850414865459381,0.4686562970626749,8.959618024419615e-29,-7.314808437051318,9.634365255067367,0.9473684210526315,0.72,25,19
2663,6,GABPA,2663,-1.0,11.850414865459381,0.3548378834989206,2.429088667572752e-16,-9.530083797867023,13.362993157494335,0.9473684210526315,0.72,25,19
2658,6,GABPA,2658,-1.0,11.850414865459381,0.28356459046138277,9.747454675194412e-11,-6.823764553413889,8.902926281464689,0.9473684210526315,0.72,25,19
2665,6,GABPA,2665,-1.0,11.850414865459381,0.262377971121668,2.3885113017339083e-09,-7.174117903523996,8.969850563367473,0.9473684210526315,0.72,25,19
2668,6,GABPA,2668,-1.0,11.850414865459381,0.5187617525517032,6.271886970405282e-36,-5.171150539699272,5.635382893855677,0.9473684210526315,0.72,25,19
2659,6,GABPA,2659,-1.0,11.850414865459381,0.5269111527841326,3.291525369627158e-37,-10.200869458658364,14.612593530703974,0.9473684210526315,0.72,25,19
2653,6,GABPA,2653,-1.0,11.850414865459381,0.36638631365183427,2.149811582587704e-17,-8.617002609041174,13.254511210706276,0.9473684210526315,0.72,25,19
2673,6,GABPA,2673,-1.0,11.850414865459381,0.4099465994784448,9.09544059534602e-22,-3.178731013398959,2.645813222181383,0.9473684210526315,0.72,25,19
2660,6,GABPA,2660,-1.0,11.850414865459381,0.4768392768611985,7.295674905617425e-30,-9.330899288321003,12.89462167588378,0.9473684210526315,0.72,25,19
2669,6,GABPA,2669,-1.0,11.850414865459381,0.28026089235989465,1.6347574836746076e-10,-11.123892482629882,15.82571842062849,0.9473684210526315,0.72,25,19
2671,6,GABPA,2671,-1.0,11.850414865459381,0.3157633154718183,4.3794435392620554e-13,-8.9948107599331,12.353616456945547,0.9473684210526315,0.72,25,19
2662,6,GABPA,2662,-1.0,11.850414865459381,0.2804642669070862,1.583853444680713e-10,-3.8978958203245644,3.65078790213539,0.9473684210526315,0.72,25,19
2652,6,GABPA,2652,-1.0,11.850414865459381,0.4205646669639818,6.179646759936029e-23,-3.4300188058301875,3.039450083969398,0.9473684210526315,0.72,25,19
2651,6,GABPA,2651,-1.0,11.850414865459381,0.4654486896404335,2.3512343211392528e-28,-11.446465832429999,16.886797681047277,0.9473684210526315,0.72,25,19
2672,6,GABPA,2672,-1.0,11.850414865459381,0.4460857063407185,6.435102716140845e-26,-4.782038848360602,5.032125000774853,0.9473684210526315,0.72,25,19
2414,6,GLI3,2414,-1.0,10.030236679088246,0.3588880155145184,1.0495486698567441e-16,-7.88147686006863,10.374189515865671,0.7,0.4666666666666667,15,10
2404,6,GLI3,2404,-1.0,10.030236679088246,0.16504285592122767,0.00020390697685143528,-10.443186285062257,15.155375939561083,0.7,0.4666666666666667,15,10
2411,6,GLI3,2411,-1.0,10.030236679088246,-0.320726830656683,1.791530491805438e-13,10.739105137533258,15.290989658589917,0.7,0.4666666666666667,15,10
2403,6,GLI3,2403,-1.0,10.030236679088246,-0.32837984142761345,4.3699435300170675e-14,7.994125628504154,10.94039442787163,0.7,0.4666666666666667,15,10
2416,6,GLI3,2416,-1.0,10.030236679088246,0.3830681488282415,5.42327874162092e-19,-9.538163703537725,13.800697215550139,0.7,0.4666666666666667,15,10
2410,6,GLI3,2410,-1.0,10.030236679088246,-0.20930698463037647,2.2407489908465332e-06,2.275036067978484,1.5829337420868927,0.7,0.4666666666666667,15,10
2415,6,GLI3,2415,-1.0,10.030236679088246,-0.2886112957012322,4.3661556557731796e-11,10.15308566193473,14.279472436494386,0.7,0.4666666666666667,15,10
4937,6,TCF3,4937,1.0,1.586829901767844,0.29951602264647675,7.284564584449435e-12,11.421027792896343,16.37411165554499,0.3,0.24,25,20
4934,6,TCF3,4934,1.0,1.586829901767844,0.3290472590181173,3.856676458949543e-14,3.670189906523105,3.3362042947324175,0.3,0.24,25,20
4919,6,TCF3,4919,1.0,1.586829901767844,0.524662175573607,7.483582332955761e-37,6.185102216675533,7.601170433821717,0.3,0.24,25,20
4943,6,TCF3,4943,1.0,1.586829901767844,0.399586829050745,1.1447247773220367e-20,3.8385719578015407,3.6250828551987113,0.3,0.24,25,20
4923,6,TCF3,4923,1.0,1.586829901767844,-0.4672782068473763,1.3578481704683864e-28,-3.896031285615217,3.660070909204638,0.3,0.24,25,20
4931,6,TCF3,4931,1.0,1.586829901767844,0.4645165246799614,3.106237308655381e-28,2.575640399563409,1.9276747080282441,0.3,0.24,25,20
8768,6,HLX,8768,1.0,11.11476474672941,-0.19977247472532936,6.471791404195665e-06,-7.77516724632939,10.119416515930553,0.5789473684210527,0.44,25,19
8760,6,HLX,8760,1.0,11.11476474672941,-0.3801598169173759,1.0460909607713155e-18,-9.066665984019016,12.8174330828028,0.5789473684210527,0.44,25,19
8761,6,HLX,8761,1.0,11.11476474672941,0.5229286541883797,1.4036183728185986e-36,4.36473303946198,4.39841359510305,0.5789473684210527,0.44,25,19
8759,6,HLX,8759,1.0,11.11476474672941,-0.14859664685266744,0.0008389314413110064,-10.012190160768494,14.38200288016237,0.5789473684210527,0.44,25,19
8774,6,HLX,8774,1.0,11.11476474672941,-0.19698224044098128,8.744728022180626e-06,-4.609091307530027,4.761540952778285,0.5789473684210527,0.44,25,19
8757,6,HLX,8757,1.0,11.11476474672941,-0.1866456152509283,2.57100525833694e-05,-8.2035821893936,10.77676002208602,0.5789473684210527,0.44,25,19
8756,6,HLX,8756,1.0,11.11476474672941,0.16739067467940882,0.00016474917675799835,2.1028943201478723,1.4064379354901804,0.5789473684210527,0.44,25,19
8752,6,HLX,8752,1.0,11.11476474672941,-0.34831538478649304,9.150603046624242e-16,-4.2770486041897104,4.226371998841229,0.5789473684210527,0.44,25,19
8773,6,HLX,8773,1.0,11.11476474672941,-0.22799685888770724,2.420107182968988e-07,-10.55513222213624,15.111176900448685,0.5789473684210527,0.44,25,19
8771,6,HLX,8771,1.0,11.11476474672941,-0.20711169678258906,2.8732511331870865e-06,-11.359834396457284,16.220825976947303,0.5789473684210527,0.44,25,19
8753,6,HLX,8753,1.0,11.11476474672941,-0.238825889522943,6.08753781965308e-08,-7.279530500793426,9.554284784038828,0.5789473684210527,0.44,25,19
9588,6,FOXD1,9588,1.0,1.3420485195269352,0.30161322780685923,5.1170983822832126e-12,9.691361683890937,13.67267911660053,0.75,0.5,18,12
9585,6,FOXD1,9585,1.0,1.3420485195269352,0.3580586761180181,1.247539012141752e-16,11.877082940505357,18.239425013429365,0.75,0.5,18,12
9583,6,FOXD1,9583,1.0,1.3420485195269352,-0.3046430722153706,3.056608591424446e-12,-9.459891651431413,13.575143030186958,0.75,0.5,18,12
9595,6,FOXD1,9595,1.0,1.3420485195269352,-0.3087091402962335,1.5164150010112809e-12,-5.756593502899986,6.570125328861731,0.75,0.5,18,12
9589,6,FOXD1,9589,1.0,1.3420485195269352,-0.2597821947765657,3.4685545739924136e-09,-12.788000824183216,20.70243628949337,0.75,0.5,18,12
9580,6,FOXD1,9580,1.0,1.3420485195269352,-0.24183344241158958,4.0997338255238637e-08,-4.201160861387504,4.10802075010869,0.75,0.5,18,12
9592,6,FOXD1,9592,1.0,1.3420485195269352,-0.3569391675331507,1.5740428480346543e-16,-6.819545464852386,8.487159011087405,0.75,0.5,18,12
9581,6,FOXD1,9581,1.0,1.3420485195269352,-0.2597381808820242,3.4904431545185303e-09,-3.2570070673298965,2.772563685993337,0.75,0.5,18,12
9586,6,FOXD1,9586,1.0,1.3420485195269352,-0.2759297923364695,3.186934132941542e-10,-2.862249789751291,2.2656887526082,0.75,0.5,18,12
2867,6,PAX6,2867,-1.0,1.3549342310622354,0.3757667749259862,2.7869681923458238e-18,-11.38757677121126,16.78981595173675,0.7368421052631579,0.56,25,19
2885,6,PAX6,2885,-1.0,1.3549342310622354,0.22263057862477545,4.678237053290133e-07,-2.9410815300164113,2.356161957947256,0.7368421052631579,0.56,25,19
2882,6,PAX6,2882,-1.0,1.3549342310622354,0.33558664237112334,1.1155003260309003e-14,-2.332382132986324,1.6509152440682298,0.7368421052631579,0.56,25,19
2873,6,PAX6,2873,-1.0,1.3549342310622354,0.4397494129623101,3.7394124973432127e-25,-2.69554147210206,2.0681226177286787,0.7368421052631579,0.56,25,19
2884,6,PAX6,2884,-1.0,1.3549342310622354,0.1904667611858728,1.737284675517836e-05,-11.489891917612805,17.22326161235539,0.7368421052631579,0.56,25,19
2869,6,PAX6,2869,-1.0,1.3549342310622354,0.4287946012405183,7.190441397690893e-24,-6.756664953972093,8.62289532757821,0.7368421052631579,0.56,25,19
2870,6,PAX6,2870,-1.0,1.3549342310622354,0.5291625014329416,1.4375497189631527e-37,-3.3314595256824195,2.8996125160754245,0.7368421052631579,0.56,25,19
2868,6,PAX6,2868,-1.0,1.3549342310622354,0.44530740029607885,8.003821762449987e-26,-7.718866776667528,11.028049774079145,0.7368421052631579,0.56,25,19
2874,6,PAX6,2874,-1.0,1.3549342310622354,0.35232548692386556,4.0634959208686177e-16,-3.3515546705299704,2.901820241427278,0.7368421052631579,0.56,25,19
2888,6,PAX6,2888,-1.0,1.3549342310622354,0.3438528122246316,2.227820795945344e-15,-2.5613029680478725,1.9100351181628663,0.7368421052631579,0.56,25,19
2881,6,PAX6,2881,-1.0,1.3549342310622354,0.22855490574457682,2.2576654282788727e-07,-4.24280700763309,4.211881115415294,0.7368421052631579,0.56,25,19
2877,6,PAX6,2877,-1.0,1.3549342310622354,0.382808903195091,5.75188418318464e-19,-8.640319964255063,12.581159732632718,0.7368421052631579,0.56,25,19
2886,6,PAX6,2886,-1.0,1.3549342310622354,0.35276524643915497,3.714760466576292e-16,-3.0227775401005657,2.451435298855706,0.7368421052631579,0.56,25,19
2878,6,PAX6,2878,-1.0,1.3549342310622354,0.29015481745118665,3.4042761076566517e-11,-5.309495207255092,5.945369920173926,0.7368421052631579,0.56,25,19
7225,6,IKZF2,7225,-1.0,3.815484158739828,0.12862619592225494,0.003892661231632974,-8.313181364477808,11.178768918966233,0.9545454545454546,0.84,25,22
7209,6,IKZF2,7209,-1.0,3.815484158739828,0.2235126588087004,4.202588548561396e-07,-10.196220801112801,14.321892500111659,0.9545454545454546,0.84,25,22
7207,6,IKZF2,7207,-1.0,3.815484158739828,0.7377002389129212,2.381361572169779e-87,-3.695299844708566,3.391888502680976,0.9545454545454546,0.84,25,22
7216,6,IKZF2,7216,-1.0,3.815484158739828,0.3015040467882876,5.2124195822991636e-12,-4.604848293240864,4.798032744509099,0.9545454545454546,0.84,25,22
7206,6,IKZF2,7206,-1.0,3.815484158739828,0.2812603113100864,1.3990485358990968e-10,-2.2485444538622845,1.5698401490673604,0.9545454545454546,0.84,25,22
7208,6,IKZF2,7208,-1.0,3.815484158739828,0.4384823060586786,5.29317940953829e-25,-9.608811334956268,14.630878478056465,0.9545454545454546,0.84,25,22
7205,6,IKZF2,7205,-1.0,3.815484158739828,0.31059832289038863,1.0908568503463926e-12,-6.549031997256375,8.243402359915992,0.9545454545454546,0.84,25,22
7217,6,IKZF2,7217,-1.0,3.815484158739828,0.3163317017996039,3.9566730980811723e-13,-9.930503229315475,13.963236230086698,0.9545454545454546,0.84,25,22
7212,6,IKZF2,7212,-1.0,3.815484158739828,0.45794033660479566,2.1624109494743003e-27,-10.634852214527735,15.248606703219819,0.9545454545454546,0.84,25,22
7219,6,IKZF2,7219,-1.0,3.815484158739828,0.2685656227484676,9.655363114873961e-10,-11.362903785997053,16.222640266702278,0.9545454545454546,0.84,25,22
7211,6,IKZF2,7211,-1.0,3.815484158739828,0.31578978072306196,4.3588121493886297e-13,-4.400589958871115,4.4938938511864475,0.9545454545454546,0.84,25,22
7220,6,IKZF2,7220,-1.0,3.815484158739828,0.21474934063344248,1.1959185260273045e-06,-10.177293349350583,14.18348467707282,0.9545454545454546,0.84,25,22
7222,6,IKZF2,7222,-1.0,3.815484158739828,0.19391350444462077,1.2117124552269607e-05,-3.179546657265699,2.680135620491525,0.9545454545454546,0.84,25,22
7221,6,IKZF2,7221,-1.0,3.815484158739828,0.3632095349272782,4.230136498791706e-17,-10.076954173641305,14.669473984841593,0.9545454545454546,0.84,25,22
7203,6,IKZF2,7203,-1.0,3.815484158739828,0.4307259005785883,4.303128124227762e-24,-7.333501627542081,10.189664639578542,0.9545454545454546,0.84,25,22
7224,6,IKZF2,7224,-1.0,3.815484158739828,0.19481939386891192,1.101066692651071e-05,-4.972607235236701,5.348696897218774,0.9545454545454546,0.84,25,22
7213,6,IKZF2,7213,-1.0,3.815484158739828,-0.24106708841589866,4.5364884310403197e-08,4.079379154479852,3.944223737176687,0.9545454545454546,0.84,25,22
7223,6,IKZF2,7223,-1.0,3.815484158739828,0.3453235782480487,1.6641943145878598e-15,-9.96394230769697,14.048477650619489,0.9545454545454546,0.84,25,22
7218,6,IKZF2,7218,-1.0,3.815484158739828,-0.2284091097189082,2.2990614635304529e-07,14.038915389219932,22.649693961744234,0.9545454545454546,0.84,25,22
7210,6,IKZF2,7210,-1.0,3.815484158739828,0.34203657507207635,3.1870559365656326e-15,-6.880827369001622,9.038044949031873,0.9545454545454546,0.84,25,22
7201,6,IKZF2,7201,-1.0,3.815484158739828,0.5092469730131747,1.772955248536534e-34,-11.41733449543249,16.86188968715043,0.9545454545454546,0.84,25,22
398,6,HOXA3,398,1.0,3.9379063020583525,-0.2872691633027222,5.4142647599004136e-11,-7.73777049490553,9.96834577248756,0.5,0.30434782608695654,23,14
408,6,HOXA3,408,1.0,3.9379063020583525,0.15110904701118028,0.0006819467459736417,2.702490662855884,2.0757396614305565,0.5,0.30434782608695654,23,14
403,6,HOXA3,403,1.0,3.9379063020583525,-0.3228127079973747,1.224427571968804e-13,-10.110575953718115,14.321794240420116,0.5,0.30434782608695654,23,14
391,6,HOXA3,391,1.0,3.9379063020583525,0.510402634421366,1.188104272751218e-34,3.3611188733465123,2.9285046684449907,0.5,0.30434782608695654,23,14
410,6,HOXA3,410,1.0,3.9379063020583525,-0.5256639784278794,5.194484262687555e-37,-3.8902143799131204,3.6618851125778202,0.5,0.30434782608695654,23,14
400,6,HOXA3,400,1.0,3.9379063020583525,0.3657176241574251,2.480549240123017e-17,2.6389403658528354,1.9873443395548334,0.5,0.30434782608695654,23,14
405,6,HOXA3,405,1.0,3.9379063020583525,-0.25771738957474455,4.653411717924586e-09,-3.3941814770974013,2.9344097680971366,0.5,0.30434782608695654,23,14
3785,6,VENTX,3785,1.0,10.718276574481742,-0.026536827544130136,0.5530544345710533,-5.527335372222084,6.226649362836034,0.5,0.2222222222222222,9,4
3784,6,VENTX,3784,1.0,10.718276574481742,-0.10341977607356986,0.020471176206590967,-2.8196453049547565,2.2031468810483807,0.5,0.2222222222222222,9,4
8916,6,ELF5,8916,-1.0,7.70759847461693,0.2950887319663744,1.5210336287484578e-11,-8.94235228788995,13.13896625339185,0.75,0.48,25,16
8900,6,ELF5,8900,-1.0,7.70759847461693,0.47439754525145716,1.5529651690667613e-29,-3.472723335415964,3.0566999916482467,0.75,0.48,25,16
8904,6,ELF5,8904,-1.0,7.70759847461693,0.48172815634884464,1.5781771799348888e-30,-3.383501831730337,2.945146385708856,0.75,0.48,25,16
8917,6,ELF5,8917,-1.0,7.70759847461693,0.33887345322133977,5.9129060368479785e-15,-7.702296639117024,10.383599409025006,0.75,0.48,25,16
8903,6,ELF5,8903,-1.0,7.70759847461693,0.1896227502766096,1.895674729753167e-05,-6.917026671055856,8.868172608118474,0.75,0.48,25,16
8921,6,ELF5,8921,-1.0,7.70759847461693,0.2758318868975032,3.234955772312332e-10,-9.832727552734474,13.480992921510419,0.75,0.48,25,16
8920,6,ELF5,8920,-1.0,7.70759847461693,-0.1410087296040005,0.0015385402026634953,7.234823916703286,9.110302480410148,0.75,0.48,25,16
8912,6,ELF5,8912,-1.0,7.70759847461693,0.3370010517110828,8.496587924667498e-15,-9.279636004696291,12.90218248622921,0.75,0.48,25,16
8906,6,ELF5,8906,-1.0,7.70759847461693,0.21959175512482368,6.745964842923238e-07,-8.961827874931663,13.501823254352905,0.75,0.48,25,16
8905,6,ELF5,8905,-1.0,7.70759847461693,0.46622085900187904,1.8656620013364253e-28,-11.940213849712439,17.324522920294505,0.75,0.48,25,16
8910,6,ELF5,8910,-1.0,7.70759847461693,-0.32095295329947676,1.719362473631058e-13,10.082955564624166,14.295579440884294,0.75,0.48,25,16
8898,6,ELF5,8898,-1.0,7.70759847461693,0.3554141465314453,2.1572878157149524e-16,-8.494245490111943,12.709931713435633,0.75,0.48,25,16
7799,6,ZBTB33,7799,-1.0,17.19455932643037,0.6601505075992503,3.8904877570137884e-64,-15.21249571176995,25.267433678179433,1.0,0.8571428571428571,7,6
7795,6,ZBTB33,7795,-1.0,17.19455932643037,0.6275163865199669,2.5788519036731313e-56,-7.718013957234278,10.904014913256253,1.0,0.8571428571428571,7,6
7796,6,ZBTB33,7796,-1.0,17.19455932643037,0.4894778097642643,1.3242389792659007e-31,-3.1392589078016497,2.6206185848299506,1.0,0.8571428571428571,7,6
7793,6,ZBTB33,7793,-1.0,17.19455932643037,0.75000752931655,8.28349280664519e-92,-11.763998744829992,17.649024919939233,1.0,0.8571428571428571,7,6
7798,6,ZBTB33,7798,-1.0,17.19455932643037,0.4212698378519588,5.1513408589290785e-23,-5.810090442994883,6.85074187067806,1.0,0.8571428571428571,7,6
7797,6,ZBTB33,7797,-1.0,17.19455932643037,0.46461422793724094,3.0170054120534065e-28,-2.6225709024432806,1.9926428239038512,1.0,0.8571428571428571,7,6
3279,6,RFX5,3279,1.0,4.625488122530319,0.4141141651178408,3.2018540610516874e-22,7.651643946693705,10.18567701332257,0.5,0.3125,16,10
3286,6,RFX5,3286,1.0,4.625488122530319,-0.19506365201211087,1.0729209126456168e-05,-2.0796584809203926,1.3844302297369357,0.5,0.3125,16,10
3288,6,RFX5,3288,1.0,4.625488122530319,0.13386726424381876,0.0026522779590904895,2.6673268592237194,2.0341238063848888,0.5,0.3125,16,10
3292,6,RFX5,3292,1.0,4.625488122530319,0.40779855068126436,1.549005292442789e-21,2.1903759745475395,1.4957886220369772,0.5,0.3125,16,10
3293,6,RFX5,3293,1.0,4.625488122530319,0.3551233098107208,2.2905027401795174e-16,4.8334736037372945,5.1713367650707145,0.5,0.3125,16,10
4896,6,ESRRA,4896,-1.0,3.5734355502707023,-0.23341189592174746,1.2239591251390985e-07,2.7322600063542484,2.10073564906856,0.05,0.04,25,20
1543,6,HIF1A,1543,-1.0,11.21907270685992,0.24373087761097134,3.186132021773934e-08,-12.348051184617804,18.642017561385337,1.0,1.0,2,2
1542,6,HIF1A,1542,-1.0,11.21907270685992,-0.540585055641768,1.9498576994802627e-39,11.592214047366786,16.769331145892348,1.0,1.0,2,2
4864,6,IRF3,4864,1.0,5.837252930487488,-0.36411618321182004,3.489747139742196e-17,-7.529417430978856,9.590643279873882,0.8421052631578947,0.64,25,19
4873,6,IRF3,4873,1.0,5.837252930487488,-0.30245916727134387,4.434088595224781e-12,-9.126472314331359,12.411213161854503,0.8421052631578947,0.64,25,19
4858,6,IRF3,4858,1.0,5.837252930487488,0.5021065723416023,2.033280255361543e-33,5.397279110037137,6.186612843419463,0.8421052631578947,0.64,25,19
4862,6,IRF3,4862,1.0,5.837252930487488,-0.3343978877883782,1.400760284205113e-14,-3.9241545755729748,3.7014586023641356,0.8421052631578947,0.64,25,19
4869,6,IRF3,4869,1.0,5.837252930487488,-0.4323316488691014,2.8009340672348478e-24,-12.714867609288975,18.713781171370513,0.8421052631578947,0.64,25,19
4874,6,IRF3,4874,1.0,5.837252930487488,0.3114411320563391,9.410630416255711e-13,2.641595746399542,1.9977151605299255,0.8421052631578947,0.64,25,19
4878,6,IRF3,4878,1.0,5.837252930487488,0.441627307510236,2.228303523403578e-25,8.66057324609687,11.592233250040554,0.8421052631578947,0.64,25,19
4867,6,IRF3,4867,1.0,5.837252930487488,-0.32553250290939906,7.421289112990321e-14,-8.90518073507379,12.543245675273534,0.8421052631578947,0.64,25,19
4876,6,IRF3,4876,1.0,5.837252930487488,-0.2980920213860099,9.243637883510205e-12,-11.259822549377061,16.732105544366703,0.8421052631578947,0.64,25,19
4866,6,IRF3,4866,1.0,5.837252930487488,-0.38130673932880044,8.079745265260089e-19,-10.306391145274711,14.497643352577015,0.8421052631578947,0.64,25,19
4879,6,IRF3,4879,1.0,5.837252930487488,-0.3526757009295706,3.7832999641571106e-16,-10.155593840727084,14.177287781292302,0.8421052631578947,0.64,25,19
4877,6,IRF3,4877,1.0,5.837252930487488,0.43501497871563,1.3597055884961374e-24,9.974180009171398,14.789340925002715,0.8421052631578947,0.64,25,19
4870,6,IRF3,4870,1.0,5.837252930487488,0.39949320466731303,1.170755358560999e-20,2.6229440216297903,1.969928809123839,0.8421052631578947,0.64,25,19
4868,6,IRF3,4868,1.0,5.837252930487488,-0.3935647038161327,4.792090705502814e-20,-14.77453024437385,23.102873106640278,0.8421052631578947,0.64,25,19
4859,6,IRF3,4859,1.0,5.837252930487488,-0.17956829483769662,5.2056465608314387e-05,-11.43002549295025,16.882723407654062,0.8421052631578947,0.64,25,19
4872,6,IRF3,4872,1.0,5.837252930487488,0.5057132453981884,5.972582794765075e-34,10.78742277915713,16.82448760099971,0.8421052631578947,0.64,25,19
9375,6,CREB5,9375,-1.0,12.422305643224224,0.19517738619218677,1.0600503268536733e-05,-3.8567845627715314,3.5621419133515357,1.0,0.6666666666666666,6,4
9376,6,CREB5,9376,-1.0,12.422305643224224,0.24697547947043505,2.060221163733213e-08,-5.112155558683256,5.552061563224351,1.0,0.6666666666666666,6,4
9374,6,CREB5,9374,-1.0,12.422305643224224,0.29455744005324164,1.6601221692239767e-11,-4.978037928866485,5.488566823880624,1.0,0.6666666666666666,6,4
9373,6,CREB5,9373,-1.0,12.422305643224224,0.23859092741781532,6.277090781170064e-08,-7.490067168025024,9.659081425266955,1.0,0.6666666666666666,6,4
5471,6,PRDM4,5471,-1.0,11.090613850683352,0.3059985863382105,2.4225795179456362e-12,-11.552562937444456,17.366800183462914,1.0,0.7272727272727273,11,8
5479,6,PRDM4,5479,-1.0,11.090613850683352,0.2722528298491609,5.566036007841316e-10,-4.814743648729739,5.050501872191065,1.0,0.7272727272727273,11,8
5474,6,PRDM4,5474,-1.0,11.090613850683352,-0.19598917694538925,9.723629422433837e-06,10.695820956604587,17.002405085049396,1.0,0.7272727272727273,11,8
5478,6,PRDM4,5478,-1.0,11.090613850683352,0.4390616958600996,4.516371896504555e-25,-10.559448924436486,14.9748328260664,1.0,0.7272727272727273,11,8
5473,6,PRDM4,5473,-1.0,11.090613850683352,-0.4149694954779281,2.5796145887526016e-22,10.730691856831742,15.393012055006736,1.0,0.7272727272727273,11,8
5475,6,PRDM4,5475,-1.0,11.090613850683352,0.35277217103894276,3.709511386241519e-16,-7.244510014247612,9.102112665594376,1.0,0.7272727272727273,11,8
5470,6,PRDM4,5470,-1.0,11.090613850683352,-0.2586680930709846,4.06581597954728e-09,8.860791220490874,12.605916270784363,1.0,0.7272727272727273,11,8
5477,6,PRDM4,5477,-1.0,11.090613850683352,0.30015697498573696,6.5412211675549146e-12,-10.137886105652562,15.393882627337996,1.0,0.7272727272727273,11,8
6667,6,RARG,6667,-1.0,8.684294688333377,0.28400624712729894,9.091705842855887e-11,-4.409557829679733,4.4525666242152715,0.8421052631578947,0.6666666666666666,24,19
6678,6,RARG,6678,-1.0,8.684294688333377,-0.21455421869147734,1.223493931997702e-06,13.393813877985433,20.004646045338866,0.8421052631578947,0.6666666666666666,24,19
6682,6,RARG,6682,-1.0,8.684294688333377,-0.20769032772375934,2.6916853959512862e-06,2.0995937673302714,1.4047216748417128,0.8421052631578947,0.6666666666666666,24,19
6674,6,RARG,6674,-1.0,8.684294688333377,0.23159252847065803,1.5418919075956804e-07,-3.4265361633746694,3.00445922032164,0.8421052631578947,0.6666666666666666,24,19
6677,6,RARG,6677,-1.0,8.684294688333377,0.2779097535881166,2.3521473158985813e-10,-9.408511176726424,13.89878713013009,0.8421052631578947,0.6666666666666666,24,19
6672,6,RARG,6672,-1.0,8.684294688333377,0.1954136763027532,1.0337791968649707e-05,-6.529907921362439,7.934179708727997,0.8421052631578947,0.6666666666666666,24,19
6670,6,RARG,6670,-1.0,8.684294688333377,-0.1534662530815062,0.0005598504207551867,13.212161801656901,20.485484624189574,0.8421052631578947,0.6666666666666666,24,19
6681,6,RARG,6681,-1.0,8.684294688333377,0.2931912070293604,2.077306111263553e-11,-6.046404028614154,7.14516727338033,0.8421052631578947,0.6666666666666666,24,19
6665,6,RARG,6665,-1.0,8.684294688333377,0.20472109727777382,3.7553456395852175e-06,-11.430000960624472,16.884507462370404,0.8421052631578947,0.6666666666666666,24,19
6683,6,RARG,6683,-1.0,8.684294688333377,-0.3156195114543078,4.493230244374028e-13,8.31285515536242,11.001325973532467,0.8421052631578947,0.6666666666666666,24,19
6680,6,RARG,6680,-1.0,8.684294688333377,0.11765895786385774,0.008320239741567476,-9.192584560874847,12.612914455860698,0.8421052631578947,0.6666666666666666,24,19
6676,6,RARG,6676,-1.0,8.684294688333377,0.2630525030270224,2.166386423293199e-09,-9.421096109304063,13.022661260661362,0.8421052631578947,0.6666666666666666,24,19
6669,6,RARG,6669,-1.0,8.684294688333377,0.2810185194627023,1.4528381504807812e-10,-10.592793519671693,16.702463547119255,0.8421052631578947,0.6666666666666666,24,19
6686,6,RARG,6686,-1.0,8.684294688333377,0.32954744278086995,3.5112340963079135e-14,-7.6114180893180325,9.97484387367168,0.8421052631578947,0.6666666666666666,24,19
6687,6,RARG,6687,-1.0,8.684294688333377,0.16608429675780279,0.00018556910975523285,-8.921523371215757,12.347729114909491,0.8421052631578947,0.6666666666666666,24,19
6685,6,RARG,6685,-1.0,8.684294688333377,0.20987575038828746,2.1000451925745584e-06,-6.018436371226924,7.119596861156406,0.8421052631578947,0.6666666666666666,24,19
2748,6,ETV2,2748,1.0,6.723502327730879,0.2976065405406149,1.002254748153747e-11,13.37995861177749,21.80376266650237,0.9166666666666666,0.7857142857142857,14,12
2750,6,ETV2,2750,1.0,6.723502327730879,-0.4450359180413854,8.635491783364199e-26,-6.398229357847543,7.6959820908769565,0.9166666666666666,0.7857142857142857,14,12
2755,6,ETV2,2755,1.0,6.723502327730879,0.5393004000948385,3.188797978080605e-39,5.396742757090512,6.070310355578784,0.9166666666666666,0.7857142857142857,14,12
2756,6,ETV2,2756,1.0,6.723502327730879,-0.35050915491377904,5.877710985263508e-16,-6.050477974979976,7.151175572421937,0.9166666666666666,0.7857142857142857,14,12
2751,6,ETV2,2751,1.0,6.723502327730879,-0.17296175235250236,9.819759574755088e-05,-7.915630216788769,10.533677990312983,0.9166666666666666,0.7857142857142857,14,12
2752,6,ETV2,2752,1.0,6.723502327730879,0.43552066421520025,1.185721176462295e-24,10.319930110368938,14.666059401418932,0.9166666666666666,0.7857142857142857,14,12
2749,6,ETV2,2749,1.0,6.723502327730879,-0.5281793031206089,2.0657311835304732e-37,-6.9355764997318925,8.628358658218986,0.9166666666666666,0.7857142857142857,14,12
2754,6,ETV2,2754,1.0,6.723502327730879,0.4303509287572037,4.7554065798659206e-24,11.26739570169225,16.16995595862434,0.9166666666666666,0.7857142857142857,14,12
2745,6,ETV2,2745,1.0,6.723502327730879,0.4755890545981453,1.0749495791493162e-29,11.631994707095728,16.893760735690453,0.9166666666666666,0.7857142857142857,14,12
2744,6,ETV2,2744,1.0,6.723502327730879,-0.10600381298818724,0.017509538872286883,-10.884784696350469,15.825655317983404,0.9166666666666666,0.7857142857142857,14,12
2743,6,ETV2,2743,1.0,6.723502327730879,0.5116567337393204,7.681562380209408e-35,11.233059567444776,16.92488373734597,0.9166666666666666,0.7857142857142857,14,12
9441,6,PITX3,9441,-1.0,6.481194653346281,0.36048868596291617,7.508039143423868e-17,-2.672507722590154,2.037647476091692,0.6666666666666666,0.3333333333333333,6,3
9445,6,PITX3,9445,-1.0,6.481194653346281,0.30610007007546686,2.3806648047804977e-12,-2.1675564898475495,1.476505376985137,0.6666666666666666,0.3333333333333333,6,3
6933,6,IRF6,6933,-1.0,14.407665447367728,0.20539363717497008,3.483983920638527e-06,-11.162030604841027,16.05539678979562,0.6666666666666666,0.6666666666666666,3,3
6931,6,IRF6,6931,-1.0,14.407665447367728,0.23774280623010985,7.009887660318288e-08,-10.696570016086563,15.434414879426944,0.6666666666666666,0.6666666666666666,3,3
1842,6,MECP2,1842,-1.0,9.344862185293366,0.6007507214745261,1.4587685391408156e-50,-9.942735212703138,15.987680048784744,0.6666666666666666,0.6666666666666666,3,3
1841,6,MECP2,1841,-1.0,9.344862185293366,0.6576753900340117,1.6500670857918795e-63,-11.927643546010852,18.09081591414373,0.6666666666666666,0.6666666666666666,3,3
115,6,PARP1,115,1.0,4.931998002788928,-0.056283099646271526,0.20806741822410635,-3.5172438677002265,3.1017615400760374,0.2777777777777778,0.23809523809523808,21,18
99,6,PARP1,99,1.0,4.931998002788928,0.720916906177981,1.1665794590006288e-81,2.7003773509284543,2.0770008008922836,0.2777777777777778,0.23809523809523808,21,18
103,6,PARP1,103,1.0,4.931998002788928,-0.43773881272804044,6.4859259592061555e-25,-4.605372895966528,4.750729680360839,0.2777777777777778,0.23809523809523808,21,18
118,6,PARP1,118,1.0,4.931998002788928,-0.2543726594793432,7.449953366637699e-09,-5.0723683474177825,5.4837086121301315,0.2777777777777778,0.23809523809523808,21,18
116,6,PARP1,116,1.0,4.931998002788928,-0.31350162735209325,6.545230093397162e-13,-3.2389926244209417,2.743841105029496,0.2777777777777778,0.23809523809523808,21,18
488,6,POU5F1,488,-1.0,4.988311740844425,0.29688562330243556,1.1298752069158895e-11,-2.4556817166691385,1.7738950364418038,0.6190476190476191,0.52,25,21
481,6,POU5F1,481,-1.0,4.988311740844425,0.47773947483360923,5.513633028779116e-30,-3.5660720570667097,3.235389455325069,0.6190476190476191,0.52,25,21
501,6,POU5F1,501,-1.0,4.988311740844425,0.28917000656082115,3.9907562548218975e-11,-2.6313353535726223,1.9765967566859055,0.6190476190476191,0.52,25,21
485,6,POU5F1,485,-1.0,4.988311740844425,0.4594522707968141,1.389338766315584e-27,-3.5123531163515684,3.1381920081959334,0.6190476190476191,0.52,25,21
479,6,POU5F1,479,-1.0,4.988311740844425,0.2782655641881706,2.226628528791775e-10,-8.659728261484062,13.204858496972623,0.6190476190476191,0.52,25,21
486,6,POU5F1,486,-1.0,4.988311740844425,0.36011015994829504,8.128357700074774e-17,-9.933529330536336,15.477855373524774,0.6190476190476191,0.52,25,21
498,6,POU5F1,498,-1.0,4.988311740844425,0.364816042078042,3.006838278778744e-17,-2.6700608650028617,2.028988942801737,0.6190476190476191,0.52,25,21
499,6,POU5F1,499,-1.0,4.988311740844425,0.1743784495830561,8.586849273485075e-05,-3.5104803433371026,3.123272393811791,0.6190476190476191,0.52,25,21
482,6,POU5F1,482,-1.0,4.988311740844425,0.3985133263685772,1.480750638859723e-20,-6.814507962644379,8.736189681073164,0.6190476190476191,0.52,25,21
484,6,POU5F1,484,-1.0,4.988311740844425,0.31674916979502854,3.6718759300021257e-13,-3.5247545201427695,3.148720681268955,0.6190476190476191,0.52,25,21
493,6,POU5F1,493,-1.0,4.988311740844425,0.3228684291417324,1.2119927229349098e-13,-4.984796616346678,5.447660736447011,0.6190476190476191,0.52,25,21
496,6,POU5F1,496,-1.0,4.988311740844425,0.32139225623902884,1.5872049469395304e-13,-4.562797301432036,4.734617986942513,0.6190476190476191,0.52,25,21
483,6,POU5F1,483,-1.0,4.988311740844425,0.34134639167405095,3.649371165010134e-15,-2.148996030437917,1.4574399382734782,0.6190476190476191,0.52,25,21
1062,6,HOXC5,1062,1.0,4.944668249085844,0.2009370140472619,5.700619879080073e-06,9.027131286641954,12.855279906458643,0.75,0.46153846153846156,13,8
1068,6,HOXC5,1068,1.0,4.944668249085844,-0.4060012400757829,2.4112530982751937e-21,-9.265143737986069,12.99294394945504,0.75,0.46153846153846156,13,8
1070,6,HOXC5,1070,1.0,4.944668249085844,-0.4071600694157903,1.8132619132801122e-21,-4.193743530026339,4.076983147336176,0.75,0.46153846153846156,13,8
1058,6,HOXC5,1058,1.0,4.944668249085844,0.23016400567882947,1.8459486005176416e-07,3.027545416297402,2.4810538756460563,0.75,0.46153846153846156,13,8
1069,6,HOXC5,1069,1.0,4.944668249085844,-0.03684677001643938,0.4100607449444096,-4.922799451582245,5.235251833710787,0.75,0.46153846153846156,13,8
1066,6,HOXC5,1066,1.0,4.944668249085844,-0.20254973757889008,4.776198118701963e-06,-7.967011926631244,10.496793763186698,0.75,0.46153846153846156,13,8
7689,6,STAT5B,7689,-1.0,7.462541052247839,0.3713950758791479,7.281889401125967e-18,-2.1967810484376225,1.5071551008727424,0.9444444444444444,0.7727272727272727,22,18
7691,6,STAT5B,7691,-1.0,7.462541052247839,0.4417939721927993,2.1279078944311684e-25,-11.156163290755552,16.12401549860863,0.9444444444444444,0.7727272727272727,22,18
7680,6,STAT5B,7680,-1.0,7.462541052247839,0.5442674250083628,4.704782677986282e-40,-11.073658704020415,16.30523118625625,0.9444444444444444,0.7727272727272727,22,18
7683,6,STAT5B,7683,-1.0,7.462541052247839,0.39025408111485677,1.0398518299619769e-19,-7.522535900405926,10.530895638490348,0.9444444444444444,0.7727272727272727,22,18
7685,6,STAT5B,7685,-1.0,7.462541052247839,0.44510450003654384,8.471415999382443e-26,-3.014415987585538,2.4608251151216773,0.9444444444444444,0.7727272727272727,22,18
7690,6,STAT5B,7690,-1.0,7.462541052247839,0.4054495936327072,2.760563852690436e-21,-9.986734949940953,15.11810032314284,0.9444444444444444,0.7727272727272727,22,18
7699,6,STAT5B,7699,-1.0,7.462541052247839,-0.5075045350200015,3.2326197173941827e-34,2.9331598709425832,2.3371056635433116,0.9444444444444444,0.7727272727272727,22,18
7701,6,STAT5B,7701,-1.0,7.462541052247839,0.26304757043539273,2.167935467706027e-09,-9.470986890205962,13.263277159840142,0.9444444444444444,0.7727272727272727,22,18
7692,6,STAT5B,7692,-1.0,7.462541052247839,0.3993867745171503,1.2010555789992196e-20,-11.11065132053433,15.897328572494013,0.9444444444444444,0.7727272727272727,22,18
7684,6,STAT5B,7684,-1.0,7.462541052247839,0.2959176021951171,1.3264649001406533e-11,-2.7881532062337326,2.187569221351404,0.9444444444444444,0.7727272727272727,22,18
7695,6,STAT5B,7695,-1.0,7.462541052247839,0.41012616478527036,8.697977635158692e-22,-3.822578134216268,3.531638647989292,0.9444444444444444,0.7727272727272727,22,18
7697,6,STAT5B,7697,-1.0,7.462541052247839,0.2622125395870121,2.4462774958825302e-09,-11.938655039951536,17.253947083227768,0.9444444444444444,0.7727272727272727,22,18
7687,6,STAT5B,7687,-1.0,7.462541052247839,0.4498689092631273,2.210742851595926e-26,-7.826462807686441,10.560932045586021,0.9444444444444444,0.7727272727272727,22,18
7693,6,STAT5B,7693,-1.0,7.462541052247839,0.25660370861644555,5.446857758412805e-09,-5.118466769467168,5.545622814165608,0.9444444444444444,0.7727272727272727,22,18
7681,6,STAT5B,7681,-1.0,7.462541052247839,0.3745909209675032,3.613645864071777e-18,-2.1055849020370765,1.4146042273379489,0.9444444444444444,0.7727272727272727,22,18
7700,6,STAT5B,7700,-1.0,7.462541052247839,0.17241935698830374,0.00010334471068000053,-3.5496661868921056,3.152293482389178,0.9444444444444444,0.7727272727272727,22,18
7698,6,STAT5B,7698,-1.0,7.462541052247839,0.41194496309117173,5.523311708691261e-22,-10.035018939383503,14.033691017096102,0.9444444444444444,0.7727272727272727,22,18
8052,6,RFX7,8052,-1.0,17.26261827117589,0.3454577067973626,1.6203852793540635e-15,-2.576188242807089,1.9312821695770823,1.0,0.6923076923076923,13,9
8045,6,RFX7,8045,-1.0,17.26261827117589,0.5461427584029426,2.265346278987624e-40,-3.490636171745554,3.0948139381389197,1.0,0.6923076923076923,13,9
8046,6,RFX7,8046,-1.0,17.26261827117589,0.3663565283869937,2.163573796997164e-17,-7.514211661073513,9.958447892949692,1.0,0.6923076923076923,13,9
8051,6,RFX7,8051,-1.0,17.26261827117589,-0.31314942133823015,6.965733409267711e-13,14.598662972457968,22.99113908691865,1.0,0.6923076923076923,13,9
8044,6,RFX7,8044,-1.0,17.26261827117589,0.46181773305582446,6.922848175082694e-28,-2.7643693185226077,2.1543189572630097,1.0,0.6923076923076923,13,9
8048,6,RFX7,8048,-1.0,17.26261827117589,0.41430188817236147,3.053709259308571e-22,-3.0015930537317024,2.428565815866261,1.0,0.6923076923076923,13,9
8040,6,RFX7,8040,-1.0,17.26261827117589,0.7964013044617996,2.7873834169819944e-111,-11.334821296113573,16.794473360151038,1.0,0.6923076923076923,13,9
8041,6,RFX7,8041,-1.0,17.26261827117589,0.23255438383843943,1.365014836685245e-07,-2.420249682074522,1.7495088711218922,1.0,0.6923076923076923,13,9
8050,6,RFX7,8050,-1.0,17.26261827117589,0.4327628712065702,2.4949014782796455e-24,-4.7299676126741685,5.073417520297305,1.0,0.6923076923076923,13,9
292,6,ZSCAN16,292,1.0,4.010852209172188,-0.15675600712588744,0.00042310636311018973,-9.471682611776352,14.028304412353123,0.5,0.36363636363636365,11,8
291,6,ZSCAN16,291,1.0,4.010852209172188,-0.3816720356819884,7.44007934568619e-19,-9.36481492750485,12.903584767932111,0.5,0.36363636363636365,11,8
287,6,ZSCAN16,287,1.0,4.010852209172188,-0.2736691476495893,4.4946198108212476e-10,-5.043351588185739,5.5000793308206655,0.5,0.36363636363636365,11,8
283,6,ZSCAN16,283,1.0,4.010852209172188,0.6392394493880764,5.136777092787118e-59,3.2545420801037452,2.7872349978895326,0.5,0.36363636363636365,11,8
969,6,ZNF652,969,-1.0,17.29823409944072,0.3213702492917581,1.5935818895073086e-13,-3.903851603185086,3.6891467787548518,0.8125,0.5909090909090909,22,16
966,6,ZNF652,966,-1.0,17.29823409944072,0.17297882670814343,9.803955283688348e-05,-9.62328785629593,13.307502158301856,0.8125,0.5909090909090909,22,16
961,6,ZNF652,961,-1.0,17.29823409944072,0.6626851956941701,8.733548054589736e-65,-8.309889228850055,11.663282774705017,0.8125,0.5909090909090909,22,16
959,6,ZNF652,959,-1.0,17.29823409944072,0.6807941624295785,1.301863143611962e-69,-6.090160201422071,7.475755727925708,0.8125,0.5909090909090909,22,16
953,6,ZNF652,953,-1.0,17.29823409944072,0.3337897561549613,1.5732210800999366e-14,-2.7757563297746843,2.160473057162351,0.8125,0.5909090909090909,22,16
970,6,ZNF652,970,-1.0,17.29823409944072,0.25979851027195605,3.4604745976711387e-09,-3.332819069025061,2.8718703024578254,0.8125,0.5909090909090909,22,16
972,6,ZNF652,972,-1.0,17.29823409944072,0.40516492618115774,2.9598824250694e-21,-10.860531471423593,15.380813057080097,0.8125,0.5909090909090909,22,16
952,6,ZNF652,952,-1.0,17.29823409944072,0.6906662702886623,2.1543579623329703e-72,-11.32934369551805,16.662712834417032,0.8125,0.5909090909090909,22,16
960,6,ZNF652,960,-1.0,17.29823409944072,0.5748848749713708,1.697320915819695e-45,-3.413209458854305,2.9807011279714146,0.8125,0.5909090909090909,22,16
965,6,ZNF652,965,-1.0,17.29823409944072,0.5350063893661672,1.6257017335565425e-38,-3.828051256143622,3.589066702368893,0.8125,0.5909090909090909,22,16
967,6,ZNF652,967,-1.0,17.29823409944072,0.08849889901234813,0.047502046435583895,-9.113402680911209,12.396335520493272,0.8125,0.5909090909090909,22,16
964,6,ZNF652,964,-1.0,17.29823409944072,0.12130082306457078,0.006507150017755251,-2.800840474860359,2.1851368027884264,0.8125,0.5909090909090909,22,16
955,6,ZNF652,955,-1.0,17.29823409944072,0.726302537377306,1.9376213096472125e-83,-6.324285347052535,8.136574473644156,0.8125,0.5909090909090909,22,16
7910,6,YY1,7910,-1.0,10.092817192366644,0.355137064152765,2.2840244310881684e-16,-2.6239268556329325,1.9803235286728236,0.8260869565217391,0.76,25,23
7909,6,YY1,7909,-1.0,10.092817192366644,0.5510730734518385,3.2437361339494664e-41,-6.407278619858068,7.9293934062602895,0.8260869565217391,0.76,25,23
7915,6,YY1,7915,-1.0,10.092817192366644,0.5312902507184154,6.53295230817593e-38,-5.9109341374843885,7.039586466738737,0.8260869565217391,0.76,25,23
7912,6,YY1,7912,-1.0,10.092817192366644,0.39783443101678123,1.7416597501204067e-20,-4.726574148037812,5.119189373428113,0.8260869565217391,0.76,25,23
7907,6,YY1,7907,-1.0,10.092817192366644,0.5121178361991612,6.540513503426717e-35,-11.672849974250727,17.310025176625825,0.8260869565217391,0.76,25,23
7929,6,YY1,7929,-1.0,10.092817192366644,0.4001367181599195,1.0029625020342148e-20,-2.1005051681251192,1.4156564537784393,0.8260869565217391,0.76,25,23
7930,6,YY1,7930,-1.0,10.092817192366644,0.23577033872343864,9.0476415431844e-08,-2.6332129854560167,1.9721300928026957,0.8260869565217391,0.76,25,23
7919,6,YY1,7919,-1.0,10.092817192366644,0.6073237792511577,6.336401347482987e-52,-10.022849601329519,13.921785720399635,0.8260869565217391,0.76,25,23
7926,6,YY1,7926,-1.0,10.092817192366644,0.243897637151066,3.115998356910679e-08,-7.570307285062203,9.772519349275527,0.8260869565217391,0.76,25,23
7921,6,YY1,7921,-1.0,10.092817192366644,0.33963298008546755,5.100701765736585e-15,-14.083739567067846,21.547743224726965,0.8260869565217391,0.76,25,23
7914,6,YY1,7914,-1.0,10.092817192366644,0.46751724782635157,1.263543228359418e-28,-7.0094359146773835,9.2967250376836,0.8260869565217391,0.76,25,23
7925,6,YY1,7925,-1.0,10.092817192366644,0.2563677030784732,5.631113111137262e-09,-8.122029005655092,10.688635304879218,0.8260869565217391,0.76,25,23
7913,6,YY1,7913,-1.0,10.092817192366644,0.35137425559959423,4.931559531140563e-16,-9.370445744176205,12.942107437531666,0.8260869565217391,0.76,25,23
7923,6,YY1,7923,-1.0,10.092817192366644,0.36606702320134593,2.3019354444636568e-17,-5.8949187713578795,6.980442840543935,0.8260869565217391,0.76,25,23
7927,6,YY1,7927,-1.0,10.092817192366644,0.5964784331205315,1.0778103212647113e-49,-7.922922165154849,10.401882737156436,0.8260869565217391,0.76,25,23
7917,6,YY1,7917,-1.0,10.092817192366644,0.41747714917641604,1.3641331834235125e-22,-3.29437066195899,2.8342288410618655,0.8260869565217391,0.76,25,23
7928,6,YY1,7928,-1.0,10.092817192366644,0.49396400185142936,3.063998119231055e-32,-11.411806577507694,16.504078545537354,0.8260869565217391,0.76,25,23
7908,6,YY1,7908,-1.0,10.092817192366644,0.44792916760476814,3.8298104063631394e-26,-5.3738812532128275,6.2739164916778964,0.8260869565217391,0.76,25,23
7918,6,YY1,7918,-1.0,10.092817192366644,0.394216849344091,4.1096094938133275e-20,-9.21180799440409,12.765166094101884,0.8260869565217391,0.76,25,23
3059,6,ZBTB3,3059,1.0,4.727061311929131,0.19021586301548013,1.7830054976862435e-05,2.1922919804349155,1.503709554659568,0.3684210526315789,0.2916666666666667,24,19
3073,6,ZBTB3,3073,1.0,4.727061311929131,0.15452562199150446,0.0005118798411950193,9.365853132892493,12.884017982026732,0.3684210526315789,0.2916666666666667,24,19
3051,6,ZBTB3,3051,1.0,4.727061311929131,0.4713657127303218,3.934522723848618e-29,6.171824115497939,7.589502781221374,0.3684210526315789,0.2916666666666667,24,19
3065,6,ZBTB3,3065,1.0,4.727061311929131,-0.32082823335768484,1.7588076898331332e-13,-5.444214007647493,6.076672792356534,0.3684210526315789,0.2916666666666667,24,19
3067,6,ZBTB3,3067,1.0,4.727061311929131,-0.16677438529829683,0.00017428197841346302,-8.410924719270925,11.22085102537138,0.3684210526315789,0.2916666666666667,24,19
3061,6,ZBTB3,3061,1.0,4.727061311929131,-0.3142114462591059,5.771873858428103e-13,-2.103468995315388,1.4075025846281437,0.3684210526315789,0.2916666666666667,24,19
3057,6,ZBTB3,3057,1.0,4.727061311929131,0.3026758218729231,4.274021718983747e-12,3.369629846343366,2.9094242580075687,0.3684210526315789,0.2916666666666667,24,19
3951,6,SF1,3951,-1.0,12.16788370880958,0.39451033854605505,3.8346319396289054e-20,-2.053742709296181,1.3586665964724687,0.5,0.38461538461538464,13,10
3955,6,SF1,3955,-1.0,12.16788370880958,0.44731487023181427,4.554419629950605e-26,-9.160907036603568,13.55355223652158,0.5,0.38461538461538464,13,10
3950,6,SF1,3950,-1.0,12.16788370880958,0.22703443437473783,2.7270584426585164e-07,-3.018692976185049,2.4449129341850173,0.5,0.38461538461538464,13,10
3958,6,SF1,3958,-1.0,12.16788370880958,0.6508356877367851,8.337224104000387e-62,-5.093520320957553,5.532406198162256,0.5,0.38461538461538464,13,10
3948,6,SF1,3948,-1.0,12.16788370880958,0.5369216577814407,7.884366586169252e-39,-11.394932891840801,16.822199577725904,0.5,0.38461538461538464,13,10
1331,6,ZBTB18,1331,-1.0,8.087367732168593,0.31280689079256363,7.399996350878524e-13,-8.651280640503892,11.5297630185985,0.6,0.42857142857142855,21,15
1315,6,ZBTB18,1315,-1.0,8.087367732168593,0.6243799222462302,1.301811504467004e-55,-11.3994276901969,16.868906177640138,0.6,0.42857142857142855,21,15
1326,6,ZBTB18,1326,-1.0,8.087367732168593,0.2621542022052384,2.4669697815883874e-09,-8.380690212867087,11.288758078880452,0.6,0.42857142857142855,21,15
1324,6,ZBTB18,1324,-1.0,8.087367732168593,0.42802018435466366,8.825932814095816e-24,-3.883255503387447,3.6857598628454675,0.6,0.42857142857142855,21,15
1316,6,ZBTB18,1316,-1.0,8.087367732168593,0.21871922317752712,7.486343214697633e-07,-2.33256922947791,1.6514949075337504,0.6,0.42857142857142855,21,15
1329,6,ZBTB18,1329,-1.0,8.087367732168593,0.40566937853282053,2.6157845886554636e-21,-7.31925994983241,9.620049285883436,0.6,0.42857142857142855,21,15
1323,6,ZBTB18,1323,-1.0,8.087367732168593,0.5786691213266244,3.2862953682939756e-46,-2.8992476128835554,2.318839995792737,0.6,0.42857142857142855,21,15
1319,6,ZBTB18,1319,-1.0,8.087367732168593,0.7395419927414069,5.31764036063111e-88,-8.195692890022661,12.176863447613874,0.6,0.42857142857142855,21,15
1320,6,ZBTB18,1320,-1.0,8.087367732168593,0.6281440588048396,1.8610133271692292e-56,-5.878487681138235,7.167094152840857,0.6,0.42857142857142855,21,15
5141,6,NFKB2,5141,1.0,5.495578254705328,0.4382643234516606,5.6184242583541895e-25,5.852944021411978,6.900862394397714,1.0,0.42857142857142855,7,3
5143,6,NFKB2,5143,1.0,5.495578254705328,-0.27344092042918666,4.652556716848571e-10,-4.554014796017114,4.653450322241669,1.0,0.42857142857142855,7,3
5145,6,NFKB2,5145,1.0,5.495578254705328,0.2507404697468266,1.2326083457253022e-08,2.882347250190095,2.278994460729951,1.0,0.42857142857142855,7,3
3299,6,FOXJ1,3299,-1.0,1.4484955642247188,0.49405662321245436,2.9721108593333413e-32,-3.927342585098216,3.797638414994927,0.8235294117647058,0.56,25,17
3303,6,FOXJ1,3303,-1.0,1.4484955642247188,0.6078990445048118,4.798574111502247e-52,-3.3121282799502483,2.8525474903581722,0.8235294117647058,0.56,25,17
3307,6,FOXJ1,3307,-1.0,1.4484955642247188,0.5005311581102523,3.456294759412639e-33,-3.6608176436362223,3.3523495183906022,0.8235294117647058,0.56,25,17
3301,6,FOXJ1,3301,-1.0,1.4484955642247188,0.39348523903738675,4.882534911741943e-20,-7.414271696449595,9.875357929187384,0.8235294117647058,0.56,25,17
3306,6,FOXJ1,3306,-1.0,1.4484955642247188,0.46806498013211556,1.0711892804901054e-28,-8.50387719916079,12.486865640320186,0.8235294117647058,0.56,25,17
3296,6,FOXJ1,3296,-1.0,1.4484955642247188,0.3657485140783447,2.4642239416130954e-17,-11.640490846855965,17.24296775953307,0.8235294117647058,0.56,25,17
3298,6,FOXJ1,3298,-1.0,1.4484955642247188,0.6390119624879174,5.8105560873651795e-59,-2.4695557221586353,1.8099897174913087,0.8235294117647058,0.56,25,17
3310,6,FOXJ1,3310,-1.0,1.4484955642247188,0.45707554212074103,2.7822879304454625e-27,-5.049303361703165,5.517041763715051,0.8235294117647058,0.56,25,17
3302,6,FOXJ1,3302,-1.0,1.4484955642247188,0.36776028747307055,1.6004687543486714e-17,-2.1676000608593444,1.477051439826904,0.8235294117647058,0.56,25,17
3313,6,FOXJ1,3313,-1.0,1.4484955642247188,0.3662578682807767,2.209781312250375e-17,-10.406092390561021,15.025823792943912,0.8235294117647058,0.56,25,17
3318,6,FOXJ1,3318,-1.0,1.4484955642247188,0.3043803553683451,3.1970330763566823e-12,-6.176283689204584,7.424379046559515,0.8235294117647058,0.56,25,17
3315,6,FOXJ1,3315,-1.0,1.4484955642247188,0.26811985423819285,1.0314421414135054e-09,-2.9292924611777975,2.3331989075226374,0.8235294117647058,0.56,25,17
3304,6,FOXJ1,3304,-1.0,1.4484955642247188,0.3345662638991222,1.3563831788393943e-14,-4.671647592231833,5.018945370600589,0.8235294117647058,0.56,25,17
3297,6,FOXJ1,3297,-1.0,1.4484955642247188,0.537960524086448,5.314424288349146e-39,-8.205608742859056,12.156218174185865,0.8235294117647058,0.56,25,17
2296,6,CUX1,2296,-1.0,14.403375359494571,0.23581624976860693,8.994291029066248e-08,-7.434042984418305,9.5083933198767,1.0,1.0,25,25
2279,6,CUX1,2279,-1.0,14.403375359494571,0.43296197716485163,2.364980836000686e-24,-11.610611424122038,17.21089668458058,1.0,1.0,25,25
2283,6,CUX1,2283,-1.0,14.403375359494571,0.36532428873095846,2.6979643580646335e-17,-8.736678384771906,12.287780916208947,1.0,1.0,25,25
2284,6,CUX1,2284,-1.0,14.403375359494571,0.24981712653676907,1.399176772777776e-08,-5.464634879725379,6.295067744642962,1.0,1.0,25,25
2287,6,CUX1,2287,-1.0,14.403375359494571,0.38380946043565883,4.582274249287281e-19,-9.37817574925509,14.064707004866921,1.0,1.0,25,25
2285,6,CUX1,2285,-1.0,14.403375359494571,0.37947959356014116,1.2186740019061573e-18,-10.179467087060319,14.353263710654732,1.0,1.0,25,25
2280,6,CUX1,2280,-1.0,14.403375359494571,0.2757511756049575,3.2750729102775424e-10,-2.6740356422197396,2.038901402432198,1.0,1.0,25,25
2302,6,CUX1,2302,-1.0,14.403375359494571,-0.28853104622971903,4.422829241688923e-11,9.342211114886517,12.899378866598198,1.0,1.0,25,25
2291,6,CUX1,2291,-1.0,14.403375359494571,0.26811021174050714,1.0329150149409557e-09,-5.268254978257723,5.881157280970826,1.0,1.0,25,25
2281,6,CUX1,2281,-1.0,14.403375359494571,0.32838724031505795,4.363902183966225e-14,-9.108134600861607,14.178386202227651,1.0,1.0,25,25
2294,6,CUX1,2294,-1.0,14.403375359494571,-0.2498385643388518,1.3950732092641637e-08,9.281015173396199,13.432471882701961,1.0,1.0,25,25
2301,6,CUX1,2301,-1.0,14.403375359494571,0.21265260976071665,1.526176979098731e-06,-3.7824102881329313,3.5016553046052623,1.0,1.0,25,25
2286,6,CUX1,2286,-1.0,14.403375359494571,0.25619563151662345,5.769249624409061e-09,-3.87571890171983,3.6275253503889053,1.0,1.0,25,25
2289,6,CUX1,2289,-1.0,14.403375359494571,0.3052645787607063,2.7479796187315974e-12,-10.082833910856408,14.128873834604676,1.0,1.0,25,25
2278,6,CUX1,2278,-1.0,14.403375359494571,-0.11841402381331924,0.007911010829286344,4.019791765598215,3.8967999653425625,1.0,1.0,25,25
2293,6,CUX1,2293,-1.0,14.403375359494571,0.5046866023365022,8.47720663943999e-34,-9.936493638661995,14.253689245025061,1.0,1.0,25,25
2299,6,CUX1,2299,-1.0,14.403375359494571,0.5823666678982335,6.470554044351002e-47,-9.892271341202388,13.744966373336627,1.0,1.0,25,25
2295,6,CUX1,2295,-1.0,14.403375359494571,0.4569042077899756,2.9245033286190134e-27,-12.44021076854894,18.617079140156523,1.0,1.0,25,25
2298,6,CUX1,2298,-1.0,14.403375359494571,0.28980678516870245,3.60122878652991e-11,-9.60904942396387,13.311545787868114,1.0,1.0,25,25
2297,6,CUX1,2297,-1.0,14.403375359494571,0.4463154512816224,6.033124420202246e-26,-9.094209017979605,12.327425637979106,1.0,1.0,25,25
2288,6,CUX1,2288,-1.0,14.403375359494571,0.33318551368032945,1.7651537632502988e-14,-8.770981242874475,11.757973914586112,1.0,1.0,25,25
2290,6,CUX1,2290,-1.0,14.403375359494571,0.3253757982676264,7.639548955603404e-14,-10.19813565351734,14.65804593273308,1.0,1.0,25,25
2292,6,CUX1,2292,-1.0,14.403375359494571,0.2827136235477371,1.1143402185146493e-10,-8.173121921389297,10.83181303136835,1.0,1.0,25,25
2300,6,CUX1,2300,-1.0,14.403375359494571,0.41337323294054884,3.859034980888762e-22,-8.240969338340397,11.119952840222448,1.0,1.0,25,25
2282,6,CUX1,2282,-1.0,14.403375359494571,0.14880884315027365,0.0008244809025237071,-5.711652308339726,6.704463296250134,1.0,1.0,25,25
5496,6,GFI1B,5496,1.0,4.9881973269072555,-0.09692178270139047,0.029910948123574158,-5.38440528791499,6.040107216775377,0.125,0.1,10,8
6197,6,ZNF423,6197,-1.0,1.7024808905204865,0.4626567479205213,5.400238249764719e-28,-11.643918943076814,17.343691967905734,1.0,0.3333333333333333,6,2
6199,6,ZNF423,6199,-1.0,1.7024808905204865,0.36596486164009334,2.3528094348948754e-17,-3.3058619559244202,2.8469245433797914,1.0,0.3333333333333333,6,2
2196,6,HOXA2,2196,-1.0,2.4139436545349136,0.31611252641398624,4.114739683103836e-13,-2.578351611883225,1.9246543212246723,0.7692307692307693,0.6666666666666666,15,13
2194,6,HOXA2,2194,-1.0,2.4139436545349136,0.4271369639757624,1.1142699143180249e-23,-4.288001933272929,4.3297094558633376,0.7692307692307693,0.6666666666666666,15,13
2199,6,HOXA2,2199,-1.0,2.4139436545349136,0.04601891186603631,0.3034585227529892,-7.462903577779141,9.70213975647808,0.7692307692307693,0.6666666666666666,15,13
2197,6,HOXA2,2197,-1.0,2.4139436545349136,0.23591929377736073,8.875652973481889e-08,-2.927328393088998,2.350877127346119,0.7692307692307693,0.6666666666666666,15,13
2202,6,HOXA2,2202,-1.0,2.4139436545349136,0.08645654146238196,0.052881572981086686,-7.219197855786393,9.300682428516199,0.7692307692307693,0.6666666666666666,15,13
2190,6,HOXA2,2190,-1.0,2.4139436545349136,0.30017976000375163,6.516208760939577e-12,-12.08090597314945,18.093782671459227,0.7692307692307693,0.6666666666666666,15,13
2198,6,HOXA2,2198,-1.0,2.4139436545349136,0.2526682154710988,9.444762277125106e-09,-8.310612294206877,11.349761237017038,0.7692307692307693,0.6666666666666666,15,13
2195,6,HOXA2,2195,-1.0,2.4139436545349136,0.35420688730177946,2.7653669212964653e-16,-6.945598977136094,8.907277108992693,0.7692307692307693,0.6666666666666666,15,13
2191,6,HOXA2,2191,-1.0,2.4139436545349136,0.3776716362754758,1.8255679850205436e-18,-9.03583780991888,13.916986855822554,0.7692307692307693,0.6666666666666666,15,13
2193,6,HOXA2,2193,-1.0,2.4139436545349136,0.46651977642281023,1.7055860023603056e-28,-2.1461867830856574,1.4630534804826072,0.7692307692307693,0.6666666666666666,15,13
3167,6,ONECUT2,3167,-1.0,17.148410822970046,0.3726740262288936,5.506452285616408e-18,-11.587333418683652,17.21218174893124,0.7333333333333333,0.6470588235294118,17,15
3180,6,ONECUT2,3180,-1.0,17.148410822970046,0.17243205022411212,0.00010322140896920816,-8.490171792266109,11.42705317473589,0.7333333333333333,0.6470588235294118,17,15
3181,6,ONECUT2,3181,-1.0,17.148410822970046,0.27336579066139166,4.705719436432242e-10,-4.830636485845806,5.160047528993065,0.7333333333333333,0.6470588235294118,17,15
3170,6,ONECUT2,3170,-1.0,17.148410822970046,0.31527893476994445,4.774384492636084e-13,-5.560171804314128,6.423709358737605,0.7333333333333333,0.6470588235294118,17,15
3173,6,ONECUT2,3173,-1.0,17.148410822970046,0.36623053479043777,2.2227537840358203e-17,-2.8009742119263974,2.1778969946955553,0.7333333333333333,0.6470588235294118,17,15
3178,6,ONECUT2,3178,-1.0,17.148410822970046,0.3680992108631609,1.48778578999855e-17,-8.967065762355906,12.783892452888967,0.7333333333333333,0.6470588235294118,17,15
3169,6,ONECUT2,3169,-1.0,17.148410822970046,0.30202034152145524,4.776453327995213e-12,-6.758732787014494,8.902068731172545,0.7333333333333333,0.6470588235294118,17,15
3175,6,ONECUT2,3175,-1.0,17.148410822970046,0.3122008530986436,8.234142947145358e-13,-4.0520289779822924,3.9257708565701925,0.7333333333333333,0.6470588235294118,17,15
3177,6,ONECUT2,3177,-1.0,17.148410822970046,0.28369371321941766,9.551114503242358e-11,-5.940032263662594,7.1113313496609605,0.7333333333333333,0.6470588235294118,17,15
3182,6,ONECUT2,3182,-1.0,17.148410822970046,0.12340480854516533,0.005629326773755105,-8.573114521541868,11.864596649634208,0.7333333333333333,0.6470588235294118,17,15
3172,6,ONECUT2,3172,-1.0,17.148410822970046,0.28950947482152006,3.778247094243923e-11,-4.001192770875313,3.8313487380961058,0.7333333333333333,0.6470588235294118,17,15
2337,6,TNFRSF4,2337,1.0,15.264553097581981,-0.21591343225803944,1.0433872653386483e-06,-7.680966604811837,9.85854860583963,0.5,0.35294117647058826,17,12
2340,6,TNFRSF4,2340,1.0,15.264553097581981,-0.2670430645129391,1.2091983328424353e-09,-2.4646897593623054,1.7898565517255205,0.5,0.35294117647058826,17,12
2330,6,TNFRSF4,2330,1.0,15.264553097581981,-0.33643798871489433,9.470691524696101e-15,-5.08382811251425,5.506902399517506,0.5,0.35294117647058826,17,12
2343,6,TNFRSF4,2343,1.0,15.264553097581981,-0.13873060987558913,0.001835470345337684,-5.1049608902078845,5.547894552930682,0.5,0.35294117647058826,17,12
2338,6,TNFRSF4,2338,1.0,15.264553097581981,-0.2675328139472443,1.1249385730862835e-09,-6.771131527504547,8.327581611091896,0.5,0.35294117647058826,17,12
2336,6,TNFRSF4,2336,1.0,15.264553097581981,-0.2040472293751388,4.0474352745442e-06,-9.379533506513612,12.932124520245136,0.5,0.35294117647058826,17,12
4154,6,TP73,4154,1.0,5.5330868846254475,0.32623036976746295,6.521235963512818e-14,8.607695341304398,12.134811791959493,0.6666666666666666,0.4,5,3
4157,6,TP73,4157,1.0,5.5330868846254475,-0.30983822949176615,1.2457927601956928e-12,-4.794087149649597,5.085032194345472,0.6666666666666666,0.4,5,3
6514,6,GLI1,6514,-1.0,9.235928364136004,0.13111687012263323,0.003249306897435409,-3.6115316069592427,3.297982458795195,0.8333333333333334,0.625,8,6
6512,6,GLI1,6512,-1.0,9.235928364136004,0.5695532177073779,1.6549994513017745e-44,-4.052300826828444,3.9622703116371896,0.8333333333333334,0.625,8,6
6511,6,GLI1,6511,-1.0,9.235928364136004,0.2939013105089671,1.8491065328836967e-11,-8.247310295933142,11.289528957528724,0.8333333333333334,0.625,8,6
6510,6,GLI1,6510,-1.0,9.235928364136004,0.3759433047918088,2.680128881855286e-18,-9.533706105521889,14.837657618116467,0.8333333333333334,0.625,8,6
6508,6,GLI1,6508,-1.0,9.235928364136004,0.23611182583626042,8.658019648445399e-08,-11.480514678822018,17.10615723888639,0.8333333333333334,0.625,8,6
3077,6,TFCP2,3077,-1.0,16.83088460110476,0.46767120159971537,1.206266903480397e-28,-7.704533689859983,10.925783239392702,0.8235294117647058,0.6086956521739131,23,17
3092,6,TFCP2,3092,-1.0,16.83088460110476,0.25916533625026567,3.787844701991565e-09,-6.811005133024546,8.501182295212072,0.8235294117647058,0.6086956521739131,23,17
3096,6,TFCP2,3096,-1.0,16.83088460110476,0.34145633155287325,3.571552391915135e-15,-9.43450542523241,13.539755523304628,0.8235294117647058,0.6086956521739131,23,17
3097,6,TFCP2,3097,-1.0,16.83088460110476,0.5188463654696579,6.085350812588325e-36,-9.620578670970582,14.146515965169325,0.8235294117647058,0.6086956521739131,23,17
3091,6,TFCP2,3091,-1.0,16.83088460110476,0.10528925120460765,0.018288506567083106,-6.915284579748635,8.756149281845673,0.8235294117647058,0.6086956521739131,23,17
3088,6,TFCP2,3088,-1.0,16.83088460110476,0.2621705177006288,2.46116561298689e-09,-8.851639645398564,12.929936816561808,0.8235294117647058,0.6086956521739131,23,17
3080,6,TFCP2,3080,-1.0,16.83088460110476,0.6130808725432078,3.822790794278892e-53,-8.026575678452108,10.913733630992649,0.8235294117647058,0.6086956521739131,23,17
3082,6,TFCP2,3082,-1.0,16.83088460110476,0.22972563739636753,1.95031408211261e-07,-10.39536666097972,14.68003211211641,0.8235294117647058,0.6086956521739131,23,17
3094,6,TFCP2,3094,-1.0,16.83088460110476,0.31215284811397853,8.304017060421231e-13,-10.158005910493324,14.899540811279655,0.8235294117647058,0.6086956521739131,23,17
3090,6,TFCP2,3090,-1.0,16.83088460110476,0.4904535143316212,9.649651642447884e-32,-4.279095268676998,4.234989776240294,0.8235294117647058,0.6086956521739131,23,17
3086,6,TFCP2,3086,-1.0,16.83088460110476,0.34070411132935197,4.138394237087715e-15,-3.679927808298303,3.359627401270367,0.8235294117647058,0.6086956521739131,23,17
3085,6,TFCP2,3085,-1.0,16.83088460110476,0.3318145377798813,2.2898324583700244e-14,-2.0330535702672425,1.3396348237168967,0.8235294117647058,0.6086956521739131,23,17
3076,6,TFCP2,3076,-1.0,16.83088460110476,0.5999098094592025,2.1675928371344222e-50,-11.721662948582136,17.47954529235548,0.8235294117647058,0.6086956521739131,23,17
3089,6,TFCP2,3089,-1.0,16.83088460110476,0.2904421409136137,3.24963331836192e-11,-9.778244805890917,13.93733440700295,0.8235294117647058,0.6086956521739131,23,17
5833,6,NF1,5833,-1.0,17.183761001696134,0.5560876219885639,4.3451911113323063e-42,-8.732689086661486,13.113655770373725,0.9473684210526315,0.75,24,19
5836,6,NF1,5836,-1.0,17.183761001696134,0.46631246232081003,1.81508909387398e-28,-10.612712339613177,15.47276297558725,0.9473684210526315,0.75,24,19
5831,6,NF1,5831,-1.0,17.183761001696134,0.6649525752657754,2.26673341688901e-65,-8.677017598520521,11.951623167587611,0.9473684210526315,0.75,24,19
5820,6,NF1,5820,-1.0,17.183761001696134,0.5378453804216238,5.552300358714757e-39,-7.164151407408467,9.838736048930901,0.9473684210526315,0.75,24,19
5829,6,NF1,5829,-1.0,17.183761001696134,0.5895198743365367,2.6281754446922478e-48,-9.267825015180778,13.838470070802709,0.9473684210526315,0.75,24,19
5828,6,NF1,5828,-1.0,17.183761001696134,0.6697207787936124,1.278093877916934e-66,-10.326417451959822,14.67976736055468,0.9473684210526315,0.75,24,19
5840,6,NF1,5840,-1.0,17.183761001696134,0.5867365646519764,9.228156827334314e-48,-8.75792907358721,12.360564684672667,0.9473684210526315,0.75,24,19
5826,6,NF1,5826,-1.0,17.183761001696134,0.390059338603017,1.0880382528050466e-19,-8.867233877383905,12.01899091082927,0.9473684210526315,0.75,24,19
5827,6,NF1,5827,-1.0,17.183761001696134,0.4544334536711786,5.982756260645578e-27,-3.081853778354603,2.560791550993119,0.9473684210526315,0.75,24,19
5830,6,NF1,5830,-1.0,17.183761001696134,0.3330701669222208,1.804319240505766e-14,-2.6375072242260806,1.9897178691146733,0.9473684210526315,0.75,24,19
5823,6,NF1,5823,-1.0,17.183761001696134,0.4997648244654268,4.469498934208558e-33,-3.537868883564712,3.217689290213658,0.9473684210526315,0.75,24,19
5821,6,NF1,5821,-1.0,17.183761001696134,0.37657458166287244,2.330036434633399e-18,-2.2723133829091275,1.5873991725702867,0.9473684210526315,0.75,24,19
5819,6,NF1,5819,-1.0,17.183761001696134,0.8142673410594476,3.454793195451436e-120,-11.490547652879915,16.995341892264083,0.9473684210526315,0.75,24,19
5824,6,NF1,5824,-1.0,17.183761001696134,0.35512587096406695,2.2892950676611816e-16,-2.050919216216609,1.3591955078918532,0.9473684210526315,0.75,24,19
5825,6,NF1,5825,-1.0,17.183761001696134,0.5212061362767878,2.6127630289122004e-36,-5.809986699794081,6.96508907611552,0.9473684210526315,0.75,24,19
5835,6,NF1,5835,-1.0,17.183761001696134,-0.3630096701087461,4.413051433601841e-17,14.429978447009598,23.148689730846936,0.9473684210526315,0.75,24,19
5838,6,NF1,5838,-1.0,17.183761001696134,0.4315087597847322,3.491343380946819e-24,-8.464776223774674,11.267438680085418,0.9473684210526315,0.75,24,19
5837,6,NF1,5837,-1.0,17.183761001696134,0.39020968779018994,1.0506478714101251e-19,-4.453461957573366,4.60565015333136,0.9473684210526315,0.75,24,19
1166,6,DMRT3,1166,-1.0,7.194559233977014,0.4273296965218066,1.0590730458780501e-23,-2.5553004500784837,1.9005439028343292,0.7857142857142857,0.6111111111111112,18,14
1162,6,DMRT3,1162,-1.0,7.194559233977014,0.24961841349825548,1.437774457175007e-08,-4.880272550275996,5.305898247539052,0.7857142857142857,0.6111111111111112,18,14
1160,6,DMRT3,1160,-1.0,7.194559233977014,0.19454672082635782,1.1333166160553449e-05,-5.618152075375953,6.444962309667553,0.7857142857142857,0.6111111111111112,18,14
1158,6,DMRT3,1158,-1.0,7.194559233977014,-0.22670258584099928,2.8413381447765613e-07,2.6617713170929034,2.01223098276417,0.7857142857142857,0.6111111111111112,18,14
1155,6,DMRT3,1155,-1.0,7.194559233977014,0.46387009002716956,3.7660379712721487e-28,-5.2076707531673465,5.832487980796208,0.7857142857142857,0.6111111111111112,18,14
1161,6,DMRT3,1161,-1.0,7.194559233977014,0.5358714640071104,1.1731163380754766e-38,-5.4594240010813575,6.371313060783436,0.7857142857142857,0.6111111111111112,18,14
1157,6,DMRT3,1157,-1.0,7.194559233977014,0.5858061979079291,1.4004583797547334e-47,-3.8105706879746393,3.556363845035798,0.7857142857142857,0.6111111111111112,18,14
1152,6,DMRT3,1152,-1.0,7.194559233977014,0.610189795828419,1.5772297590683094e-52,-9.310002957977202,14.29138783753544,0.7857142857142857,0.6111111111111112,18,14
1150,6,DMRT3,1150,-1.0,7.194559233977014,0.4220315704478623,4.229869725904141e-23,-11.728006636097906,17.36278416315348,0.7857142857142857,0.6111111111111112,18,14
1159,6,DMRT3,1159,-1.0,7.194559233977014,0.3283268705559415,4.413435475462848e-14,-4.215735634650548,4.195088182153327,0.7857142857142857,0.6111111111111112,18,14
1163,6,DMRT3,1163,-1.0,7.194559233977014,0.4793792413997168,3.30336158045546e-30,-5.292676964182474,5.968693778713867,0.7857142857142857,0.6111111111111112,18,14
3880,6,PATZ1,3880,-1.0,6.99944023323573,0.2436041479491019,3.2404489357470725e-08,-8.82665036761856,12.098135634340956,0.5,0.4444444444444444,9,8
3873,6,PATZ1,3873,-1.0,6.99944023323573,0.5763838136815959,8.880397465112487e-46,-12.036797886651813,18.002845874686724,0.5,0.4444444444444444,9,8
3877,6,PATZ1,3877,-1.0,6.99944023323573,0.764515893877378,2.065533137554723e-97,-2.486295744023836,1.8169704814473002,0.5,0.4444444444444444,9,8
3876,6,PATZ1,3876,-1.0,6.99944023323573,0.781172212377855,2.2963362566138352e-104,-3.423085688135898,3.0067757158257575,0.5,0.4444444444444444,9,8
709,6,ZNF232,709,-1.0,4.175993469161801,0.5000013042910559,4.1289150501639096e-33,-4.041501994656916,3.914540173744798,0.7692307692307693,0.5882352941176471,17,13
714,6,ZNF232,714,-1.0,4.175993469161801,0.3734696100895403,4.624857450048802e-18,-4.580049543557109,4.697285363967727,0.7692307692307693,0.5882352941176471,17,13
712,6,ZNF232,712,-1.0,4.175993469161801,0.4630497426728604,4.805990418253228e-28,-5.351689065663228,6.139099363225429,0.7692307692307693,0.5882352941176471,17,13
711,6,ZNF232,711,-1.0,4.175993469161801,0.21781447204361207,8.336227085703638e-07,-6.698239469498706,8.373498748127862,0.7692307692307693,0.5882352941176471,17,13
703,6,ZNF232,703,-1.0,4.175993469161801,0.44336130318312,1.3776094428188686e-25,-6.136168828041717,7.648058208353283,0.7692307692307693,0.5882352941176471,17,13
706,6,ZNF232,706,-1.0,4.175993469161801,0.5055607144877947,6.292037753460476e-34,-6.936197594695757,8.992675891337003,0.7692307692307693,0.5882352941176471,17,13
707,6,ZNF232,707,-1.0,4.175993469161801,0.3490790827713064,7.84688321572974e-16,-6.136567123160187,7.836943618304525,0.7692307692307693,0.5882352941176471,17,13
702,6,ZNF232,702,-1.0,4.175993469161801,0.2903777326498342,3.28369154862672e-11,-11.310276968467301,16.713629703914624,0.7692307692307693,0.5882352941176471,17,13
705,6,ZNF232,705,-1.0,4.175993469161801,0.6397430480219573,3.9087202869794816e-59,-3.3586909902570325,2.9507368254397073,0.7692307692307693,0.5882352941176471,17,13
710,6,ZNF232,710,-1.0,4.175993469161801,0.3240568991518835,9.743810324625682e-14,-2.980794066329272,2.3929218164516204,0.7692307692307693,0.5882352941176471,17,13
6976,6,BBX,6976,-1.0,17.314385792537774,0.3616727480620488,5.853081017328373e-17,-11.806422109788024,17.105475845447558,0.9047619047619048,0.76,25,21
6959,6,BBX,6959,-1.0,17.314385792537774,0.7583701692794305,5.456750856533307e-95,-11.2411632375987,16.5262547344173,0.9047619047619048,0.76,25,21
6979,6,BBX,6979,-1.0,17.314385792537774,0.42062053804994065,6.091269367600007e-23,-2.952307531143349,2.3639043195750156,0.9047619047619048,0.76,25,21
6978,6,BBX,6978,-1.0,17.314385792537774,0.35393389122525626,2.924661304396693e-16,-9.456615027493429,13.186983702628147,0.9047619047619048,0.76,25,21
6971,6,BBX,6971,-1.0,17.314385792537774,0.6112834171818576,9.242904658024613e-53,-10.135455528575662,14.151661996987116,0.9047619047619048,0.76,25,21
6962,6,BBX,6962,-1.0,17.314385792537774,0.46203182650405744,6.498112935596838e-28,-9.088924264898749,13.894686983350136,0.9047619047619048,0.76,25,21
6961,6,BBX,6961,-1.0,17.314385792537774,0.2753024994817222,3.507070081296358e-10,-2.5435457582219483,1.88704520161163,0.9047619047619048,0.76,25,21
6973,6,BBX,6973,-1.0,17.314385792537774,0.5251097134064663,6.358252825314018e-37,-8.45749395056626,11.777529454684558,0.9047619047619048,0.76,25,21
6982,6,BBX,6982,-1.0,17.314385792537774,0.3674135258587085,1.7244413638529644e-17,-10.009050217459565,13.815699022851598,0.9047619047619048,0.76,25,21
6974,6,BBX,6974,-1.0,17.314385792537774,0.38010982699836005,1.0579094547335024e-18,-5.345406573207589,6.024350416873557,0.9047619047619048,0.76,25,21
6980,6,BBX,6980,-1.0,17.314385792537774,-0.180242257597863,4.8729955488372336e-05,13.263444503171938,21.024347180863607,0.9047619047619048,0.76,25,21
6970,6,BBX,6970,-1.0,17.314385792537774,0.31353501720312477,6.506679658817882e-13,-2.777579927451909,2.160717081618888,0.9047619047619048,0.76,25,21
6969,6,BBX,6969,-1.0,17.314385792537774,0.33227564023972206,2.098235893592844e-14,-8.69591227063088,11.702072798212908,0.9047619047619048,0.76,25,21
6968,6,BBX,6968,-1.0,17.314385792537774,0.3103506498760615,1.139147949027896e-12,-4.4031407261972015,4.478226003949474,0.9047619047619048,0.76,25,21
6972,6,BBX,6972,-1.0,17.314385792537774,0.5572880440476637,2.671827500811405e-42,-9.327823786216225,13.80304538353024,0.9047619047619048,0.76,25,21
6964,6,BBX,6964,-1.0,17.314385792537774,0.4593594052736329,1.427699384868205e-27,-6.993261996146283,9.055838405701607,0.9047619047619048,0.76,25,21
6966,6,BBX,6966,-1.0,17.314385792537774,0.41052949900852537,7.866608003515245e-22,-4.5439169142647104,4.750305472648015,0.9047619047619048,0.76,25,21
6977,6,BBX,6977,-1.0,17.314385792537774,0.4971304411050694,1.0762610473996724e-32,-3.0941289522418303,2.555611836114029,0.9047619047619048,0.76,25,21
6981,6,BBX,6981,-1.0,17.314385792537774,0.6389474779066138,6.017034581279716e-59,-8.87108310345864,12.145505947035373,0.9047619047619048,0.76,25,21
644,6,ETV4,644,-1.0,3.3713233127413207,0.31675846583309974,3.6657682816465163e-13,-3.2562481362533098,2.793651110661075,0.25,0.25,4,4
5021,6,FOSL1,5021,-1.0,2.1962754993914038,0.6831596246885887,2.8720280140166687e-70,-2.8074926086422187,2.1855423869559103,0.42857142857142855,0.36,25,21
5008,6,FOSL1,5008,-1.0,2.1962754993914038,-0.4615516576804175,7.489135752279263e-28,3.8872149917786953,3.6776277002241597,0.42857142857142855,0.36,25,21
5011,6,FOSL1,5011,-1.0,2.1962754993914038,0.23869669356525874,6.191070023638343e-08,-3.6687179679074626,3.3341935735036685,0.42857142857142855,0.36,25,21
5015,6,FOSL1,5015,-1.0,2.1962754993914038,-0.25094811288292856,1.1978867584465872e-08,2.145813502291184,1.4518757557329283,0.42857142857142855,0.36,25,21
5025,6,FOSL1,5025,-1.0,2.1962754993914038,-0.03310561043880573,0.45924126248008745,2.7164692541286604,2.0818047444517878,0.42857142857142855,0.36,25,21
5018,6,FOSL1,5018,-1.0,2.1962754993914038,-0.1117958138517702,0.012195292109614833,5.519701446213734,6.282545636619344,0.42857142857142855,0.36,25,21
5023,6,FOSL1,5023,-1.0,2.1962754993914038,0.23942785541682274,5.626795755993823e-08,-4.831171901958766,5.146538327437003,0.42857142857142855,0.36,25,21
5017,6,FOSL1,5017,-1.0,2.1962754993914038,0.34345659231622694,2.4093066257343265e-15,-7.8034614789207115,10.15053613266148,0.42857142857142855,0.36,25,21
5031,6,FOSL1,5031,-1.0,2.1962754993914038,0.34557921929500834,1.581675823662767e-15,-5.293734102322181,5.885822570333388,0.42857142857142855,0.36,25,21
9255,6,FOXL1,9255,-1.0,4.671580961099502,0.27813693737567435,2.2712322875488559e-10,-3.8969270794200197,3.6474675801269987,0.6,0.36,25,15
9237,6,FOXL1,9237,-1.0,4.671580961099502,0.2861500273355691,6.472563003511838e-11,-2.623809709300517,1.9801506852403234,0.6,0.36,25,15
9257,6,FOXL1,9257,-1.0,4.671580961099502,0.22453958644298058,3.707356107470466e-07,-7.658234363100102,10.112297575873606,0.6,0.36,25,15
9243,6,FOXL1,9243,-1.0,4.671580961099502,0.3119693936483682,8.576431546840335e-13,-8.49385089717384,11.813009548839274,0.6,0.36,25,15
9250,6,FOXL1,9250,-1.0,4.671580961099502,0.28879418102165455,4.239632678875311e-11,-3.5834059010633603,3.218018557100202,0.6,0.36,25,15
9254,6,FOXL1,9254,-1.0,4.671580961099502,0.15805773702845785,0.00037814920859352677,-8.727903794615623,12.026026194291795,0.6,0.36,25,15
9261,6,FOXL1,9261,-1.0,4.671580961099502,0.4325268656685979,2.6580527427018753e-24,-3.280370116751347,2.8042931997077494,0.6,0.36,25,15
9251,6,FOXL1,9251,-1.0,4.671580961099502,0.2553144999080119,6.529727788588669e-09,-3.165952793360853,2.653438513204781,0.6,0.36,25,15
9248,6,FOXL1,9248,-1.0,4.671580961099502,0.5544465866963925,8.420638982420927e-42,-4.972617282547571,5.379293786030688,0.6,0.36,25,15
78,6,LEF1,78,-1.0,8.615426292043061,0.6150917573500714,1.414135121048825e-53,-7.31588610507551,10.16891714755344,0.8095238095238095,0.68,25,21
79,6,LEF1,79,-1.0,8.615426292043061,0.46207982441491524,6.4064858839540215e-28,-4.387710150877883,4.488735720774664,0.8095238095238095,0.68,25,21
88,6,LEF1,88,-1.0,8.615426292043061,0.3220650807088191,1.403862625375139e-13,-13.148879405127746,20.223398489591556,0.8095238095238095,0.68,25,21
77,6,LEF1,77,-1.0,8.615426292043061,0.6019703047549566,8.196670515306728e-51,-2.991319306838021,2.4284011759151167,0.8095238095238095,0.68,25,21
96,6,LEF1,96,-1.0,8.615426292043061,0.4207490700049056,5.892664710945113e-23,-2.1646685770742216,1.471165603612543,0.8095238095238095,0.68,25,21
94,6,LEF1,94,-1.0,8.615426292043061,0.4544777521383141,5.906774194380817e-27,-9.04096982217541,13.427133305682615,0.8095238095238095,0.68,25,21
85,6,LEF1,85,-1.0,8.615426292043061,0.43004273663788195,5.162031275806697e-24,-8.099590662265491,11.121894416143993,0.8095238095238095,0.68,25,21
87,6,LEF1,87,-1.0,8.615426292043061,-0.022138751810533843,0.6207054871697952,7.996583029038618,11.212185134541748,0.8095238095238095,0.68,25,21
92,6,LEF1,92,-1.0,8.615426292043061,0.4698762597732308,6.190988645267607e-29,-8.542969361715622,12.349268038082062,0.8095238095238095,0.68,25,21
91,6,LEF1,91,-1.0,8.615426292043061,0.23922030713825213,5.781710784759303e-08,-9.543580866506865,13.126079499347114,0.8095238095238095,0.68,25,21
75,6,LEF1,75,-1.0,8.615426292043061,0.5387842802668209,3.883232996322014e-39,-11.718336673878394,17.466212466132063,0.8095238095238095,0.68,25,21
95,6,LEF1,95,-1.0,8.615426292043061,0.2590409780266797,3.8555827717390246e-09,-10.281021697855783,14.51446798432648,0.8095238095238095,0.68,25,21
93,6,LEF1,93,-1.0,8.615426292043061,0.5955511058941577,1.6571112763699497e-49,-4.886327898418118,5.2943673731762955,0.8095238095238095,0.68,25,21
81,6,LEF1,81,-1.0,8.615426292043061,0.3507138574664094,5.638883512613646e-16,-6.226941926507369,7.6416884071734845,0.8095238095238095,0.68,25,21
86,6,LEF1,86,-1.0,8.615426292043061,0.3732830253253957,4.818235112072132e-18,-3.717583495827251,3.424748644881606,0.8095238095238095,0.68,25,21
82,6,LEF1,82,-1.0,8.615426292043061,0.5761119519967771,9.989990454769579e-46,-3.898744576634289,3.7126006120979915,0.8095238095238095,0.68,25,21
83,6,LEF1,83,-1.0,8.615426292043061,0.6613303455740496,1.9443934295607838e-64,-3.2629748820448623,2.794837892806681,0.8095238095238095,0.68,25,21
5549,6,GRHL1,5549,-1.0,4.249319743519307,0.49811269084208865,7.762492686309639e-33,-4.205567040763135,4.103811636739881,0.875,0.7777777777777778,9,8
5544,6,GRHL1,5544,-1.0,4.249319743519307,0.4703305324908151,5.392859319110917e-29,-4.755651309581587,5.0428491699738975,0.875,0.7777777777777778,9,8
5546,6,GRHL1,5546,-1.0,4.249319743519307,0.5643454443793141,1.4709274989072151e-43,-12.226719064965213,17.981403257346244,0.875,0.7777777777777778,9,8
5541,6,GRHL1,5541,-1.0,4.249319743519307,-0.14592479476743092,0.0010420721822800207,3.668728796666031,3.3616146687983735,0.875,0.7777777777777778,9,8
5548,6,GRHL1,5548,-1.0,4.249319743519307,-0.10629341303136641,0.017202190674752645,2.6003963933322773,1.9460480544411092,0.875,0.7777777777777778,9,8
5543,6,GRHL1,5543,-1.0,4.249319743519307,0.768189631208621,6.7857049406983786e-99,-3.60127510620351,3.2253706418590764,0.875,0.7777777777777778,9,8
5542,6,GRHL1,5542,-1.0,4.249319743519307,0.19983223497007316,6.429906386073823e-06,-12.146186238484702,18.081963128887175,0.875,0.7777777777777778,9,8
2559,6,NR2F6,2559,1.0,7.179841979431642,0.31162278422885403,9.115190738106738e-13,2.769060173976224,2.1501977272476687,0.8333333333333334,0.6,25,18
2554,6,NR2F6,2554,1.0,7.179841979431642,0.2848914576097581,7.904300170581847e-11,6.161482585622351,7.321118503799029,0.8333333333333334,0.6,25,18
2558,6,NR2F6,2558,1.0,7.179841979431642,0.27220008906173615,5.610393431470279e-10,11.442094198975317,16.35891859902913,0.8333333333333334,0.6,25,18
2548,6,NR2F6,2548,1.0,7.179841979431642,-0.40765977411291493,1.603002235465675e-21,-9.757169732117697,13.847463356203354,0.8333333333333334,0.6,25,18
2542,6,NR2F6,2542,1.0,7.179841979431642,0.4363168034757317,9.553526397297511e-25,5.953520963828353,7.1700244662015225,0.8333333333333334,0.6,25,18
2556,6,NR2F6,2556,1.0,7.179841979431642,-0.439700751048733,3.7897518151015544e-25,-9.0360433092418,12.282877564751537,0.8333333333333334,0.6,25,18
2553,6,NR2F6,2553,1.0,7.179841979431642,-0.3698261323107944,1.0242368853684124e-17,-10.85662401007957,15.256877800471528,0.8333333333333334,0.6,25,18
2563,6,NR2F6,2563,1.0,7.179841979431642,-0.2962181108544003,1.262109921865295e-11,-3.1845627488526675,2.6710212136218034,0.8333333333333334,0.6,25,18
2566,6,NR2F6,2566,1.0,7.179841979431642,0.17570825731490297,7.56353962255228e-05,9.814957408763316,14.358203500497895,0.8333333333333334,0.6,25,18
2564,6,NR2F6,2564,1.0,7.179841979431642,0.49241924695356737,5.084374329012557e-32,10.765349194691604,15.825089239648722,0.8333333333333334,0.6,25,18
2557,6,NR2F6,2557,1.0,7.179841979431642,-0.32178553556396194,1.477370320018156e-13,-4.105877954122342,3.961684846905578,0.8333333333333334,0.6,25,18
2551,6,NR2F6,2551,1.0,7.179841979431642,-0.3388215687623905,5.9728026668771535e-15,-6.684196210365735,8.436942358607414,0.8333333333333334,0.6,25,18
2549,6,NR2F6,2549,1.0,7.179841979431642,-0.4440418111129487,1.1398161940886802e-25,-7.460884572668853,9.581573394304597,0.8333333333333334,0.6,25,18
2560,6,NR2F6,2560,1.0,7.179841979431642,-0.21130876311423158,1.78206256819697e-06,-12.996097927982506,19.257192712838158,0.8333333333333334,0.6,25,18
2543,6,NR2F6,2543,1.0,7.179841979431642,-0.1099346142293601,0.013722076096200062,-11.59051743059645,17.225675145397197,0.8333333333333334,0.6,25,18
1259,6,PAX9,1259,-1.0,2.626293772088041,0.6027814315054397,5.578741069058687e-51,-4.308413598177848,4.337733320543531,0.8,0.5,8,5
1256,6,PAX9,1256,-1.0,2.626293772088041,0.44744899878112815,4.385452453288589e-26,-4.241064984990882,4.2703998822591185,0.8,0.5,8,5
1254,6,PAX9,1254,-1.0,2.626293772088041,0.5375593849646355,6.18978073140124e-39,-7.139027029790941,9.567091265134374,0.8,0.5,8,5
1253,6,PAX9,1253,-1.0,2.626293772088041,0.39036506442652386,1.0133376279840766e-19,-11.423777978754808,16.86057676022317,0.8,0.5,8,5
6262,6,ZNF35,6262,-1.0,13.648293959993987,0.3173316898949837,3.307763722336422e-13,-5.6209012088789425,6.361600960164992,0.9,0.72,25,20
6265,6,ZNF35,6265,-1.0,13.648293959993987,0.258313231046244,4.2761929943819556e-09,-6.3047649443250995,7.907431750897159,0.9,0.72,25,20
6266,6,ZNF35,6266,-1.0,13.648293959993987,0.23571105276635154,9.116986290954344e-08,-6.062776685362928,7.294546424020119,0.9,0.72,25,20
6263,6,ZNF35,6263,-1.0,13.648293959993987,0.2737917984376111,4.4119115317065516e-10,-10.82070426079222,15.557694612337658,0.9,0.72,25,20
6281,6,ZNF35,6281,-1.0,13.648293959993987,0.27538388724361135,3.4638315172286596e-10,-5.729955900695688,6.564163566382258,0.9,0.72,25,20
6261,6,ZNF35,6261,-1.0,13.648293959993987,0.2957810073499884,1.356766029465174e-11,-7.022228796353319,9.066240551315111,0.9,0.72,25,20
6259,6,ZNF35,6259,-1.0,13.648293959993987,0.31439622873015505,5.585693810640161e-13,-11.627117018020382,17.22656901910074,0.9,0.72,25,20
6271,6,ZNF35,6271,-1.0,13.648293959993987,0.2905395595982992,3.198773599406084e-11,-13.954546799739097,21.605359606253003,0.9,0.72,25,20
6279,6,ZNF35,6279,-1.0,13.648293959993987,0.2949932155522148,1.5451709417211645e-11,-11.373443427923766,16.347470714197343,0.9,0.72,25,20
6264,6,ZNF35,6264,-1.0,13.648293959993987,0.37674987838078766,2.2410821101987126e-18,-5.981764581511213,7.046138550346394,0.9,0.72,25,20
6267,6,ZNF35,6267,-1.0,13.648293959993987,0.26069842367177287,3.0420148274431873e-09,-10.289832781329615,14.461004593923153,0.9,0.72,25,20
6272,6,ZNF35,6272,-1.0,13.648293959993987,0.3384053339148732,6.475356978836624e-15,-7.566400130689126,9.696411509553258,0.9,0.72,25,20
6269,6,ZNF35,6269,-1.0,13.648293959993987,0.5529319964934964,1.5457170661507482e-41,-9.96786131119899,13.992474654845013,0.9,0.72,25,20
6274,6,ZNF35,6274,-1.0,13.648293959993987,0.2458631800579494,2.3940207229263775e-08,-2.420499231782152,1.7418509047260429,0.9,0.72,25,20
6280,6,ZNF35,6280,-1.0,13.648293959993987,0.23030920092916743,1.8125833107656646e-07,-4.540179233761046,4.706798251141303,0.9,0.72,25,20
6260,6,ZNF35,6260,-1.0,13.648293959993987,0.23180908821470583,1.5002373200103124e-07,-3.3804258114950145,2.9765407841503286,0.9,0.72,25,20
6278,6,ZNF35,6278,-1.0,13.648293959993987,0.3437695273121155,2.26481910173506e-15,-3.3600808772269075,2.892517373640723,0.9,0.72,25,20
6283,6,ZNF35,6283,-1.0,13.648293959993987,0.2103091544489771,1.9985492240983027e-06,-8.465517283178109,11.311776175237894,0.9,0.72,25,20
1984,6,BRCA1,1984,1.0,5.2898953912346895,0.6045844834611389,2.3624675364607012e-51,4.628211766655649,4.852327028470627,0.2,0.16666666666666666,12,10
1995,6,BRCA1,1995,1.0,5.2898953912346895,-0.2643558455076256,1.7926189220958835e-09,-2.4722476384820626,1.7976228010896669,0.2,0.16666666666666666,12,10
376,6,LBX2,376,1.0,8.674310962174161,-0.30952206933981197,1.3164005502235381e-12,-4.368646986401082,4.3778830219118205,0.75,0.5625,16,12
387,6,LBX2,387,1.0,8.674310962174161,0.14727309971788896,0.0009344813676945232,3.8136270701225548,3.5337155786829317,0.75,0.5625,16,12
386,6,LBX2,386,1.0,8.674310962174161,-0.2508432953107986,1.2152939700226545e-08,-10.280390024560218,14.7796003091352,0.75,0.5625,16,12
385,6,LBX2,385,1.0,8.674310962174161,0.2097528150276716,2.129721555596105e-06,11.270148596793359,16.74455058969847,0.75,0.5625,16,12
388,6,LBX2,388,1.0,8.674310962174161,0.10582529111420652,0.01770138360391026,6.089089449082279,7.2603172473612405,0.75,0.5625,16,12
380,6,LBX2,380,1.0,8.674310962174161,0.32387477269171194,1.0075789065842739e-13,2.765674015302122,2.142607367716551,0.75,0.5625,16,12
375,6,LBX2,375,1.0,8.674310962174161,0.3058679675175561,2.4775909266569977e-12,2.028268835971921,1.3391045351088922,0.75,0.5625,16,12
384,6,LBX2,384,1.0,8.674310962174161,-0.2508358964233541,1.2165319307710443e-08,-8.751653114124256,11.825026636902718,0.75,0.5625,16,12
383,6,LBX2,383,1.0,8.674310962174161,0.25819380541428766,4.349340357959899e-09,7.10281770266146,9.154380194028432,0.75,0.5625,16,12
163,6,NFAT5,163,-1.0,10.83257186978601,0.3767847859523205,2.223771660349488e-18,-7.789118185770835,10.113926251381045,1.0,0.8333333333333334,18,15
156,6,NFAT5,156,-1.0,10.83257186978601,0.369119159129722,1.1937022153506983e-17,-5.932633911960391,6.923260154988494,1.0,0.8333333333333334,18,15
155,6,NFAT5,155,-1.0,10.83257186978601,0.23209821397022828,1.446313078274624e-07,-5.518559763298837,6.404325121699728,1.0,0.8333333333333334,18,15
152,6,NFAT5,152,-1.0,10.83257186978601,0.23195915282928475,1.4720115645168424e-07,-9.541812998840733,15.197211685096336,1.0,0.8333333333333334,18,15
153,6,NFAT5,153,-1.0,10.83257186978601,0.2712215387684391,6.498600560214949e-10,-6.493030602031934,8.112640133428423,1.0,0.8333333333333334,18,15
154,6,NFAT5,154,-1.0,10.83257186978601,0.2445574661390628,2.8528546843950632e-08,-2.008188914043533,1.314814590655506,1.0,0.8333333333333334,18,15
151,6,NFAT5,151,-1.0,10.83257186978601,0.23372748692851358,1.1756740813120323e-07,-2.8721139650233356,2.27763588981467,1.0,0.8333333333333334,18,15
164,6,NFAT5,164,-1.0,10.83257186978601,0.38097559168689465,8.706232804672157e-19,-4.193115100530273,4.092568764205755,1.0,0.8333333333333334,18,15
166,6,NFAT5,166,-1.0,10.83257186978601,0.31532033080046334,4.739312762571284e-13,-3.60137737654814,3.2523586172543535,1.0,0.8333333333333334,18,15
150,6,NFAT5,150,-1.0,10.83257186978601,0.5154974203257208,1.9974534005027128e-35,-12.23329497733663,18.254105073375232,1.0,0.8333333333333334,18,15
149,6,NFAT5,149,-1.0,10.83257186978601,-0.09602176525028089,0.03147532647087286,3.160877938829885,2.6592780226379538,1.0,0.8333333333333334,18,15
161,6,NFAT5,161,-1.0,10.83257186978601,-0.23109870016250517,1.6410903745054594e-07,10.053924256403441,15.661666268619797,1.0,0.8333333333333334,18,15
160,6,NFAT5,160,-1.0,10.83257186978601,0.19612880723152082,9.579944956622573e-06,-6.36855792031078,8.136865736204449,1.0,0.8333333333333334,18,15
165,6,NFAT5,165,-1.0,10.83257186978601,0.2905609025428506,3.187735176865412e-11,-2.783827802845841,2.1652268697460717,1.0,0.8333333333333334,18,15
158,6,NFAT5,158,-1.0,10.83257186978601,0.4699867687972411,5.98668894677563e-29,-8.777170199230763,12.365760757930659,1.0,0.8333333333333334,18,15
1117,6,NR2F1,1117,-1.0,10.081268271573027,0.33209398806720714,2.1717617825764148e-14,-3.8451088665880886,3.59570298241127,0.6111111111111112,0.44,25,18
1113,6,NR2F1,1113,-1.0,10.081268271573027,0.5651001308986504,1.0743326374883131e-43,-3.489960200875018,3.0798994831469617,0.6111111111111112,0.44,25,18
1104,6,NR2F1,1104,-1.0,10.081268271573027,0.25807485406998804,4.423403397745058e-09,-6.758639203268383,8.658526084864397,0.6111111111111112,0.44,25,18
1100,6,NR2F1,1100,-1.0,10.081268271573027,0.5554331050223221,5.6598182993848375e-42,-7.108584609995332,9.65695275153997,0.6111111111111112,0.44,25,18
1108,6,NR2F1,1108,-1.0,10.081268271573027,0.464186894758557,3.4269814856490413e-28,-8.631552041000045,12.721105447092228,0.6111111111111112,0.44,25,18
1109,6,NR2F1,1109,-1.0,10.081268271573027,0.34618649721064315,1.401423326075638e-15,-8.289377351368088,11.471154883357292,0.6111111111111112,0.44,25,18
1103,6,NR2F1,1103,-1.0,10.081268271573027,0.39690700893287606,2.172619752742623e-20,-2.598958977624654,1.9647971453558726,0.6111111111111112,0.44,25,18
1115,6,NR2F1,1115,-1.0,10.081268271573027,0.28048598928176294,1.5785085647708304e-10,-11.437662671814621,16.672253924026037,0.6111111111111112,0.44,25,18
1097,6,NR2F1,1097,-1.0,10.081268271573027,0.4578052594801684,2.2493478211242356e-27,-11.113837507008697,16.330038121111315,0.6111111111111112,0.44,25,18
1107,6,NR2F1,1107,-1.0,10.081268271573027,0.40737577066408476,1.7193588956836783e-21,-2.064501385427965,1.3739621873223764,0.6111111111111112,0.44,25,18
1111,6,NR2F1,1111,-1.0,10.081268271573027,0.22245110817548133,4.781158886986412e-07,-9.428247544010127,12.977080341499962,0.6111111111111112,0.44,25,18
2261,6,ZBTB7B,2261,-1.0,8.297933532872317,0.21015956412205491,2.0330379292812426e-06,-6.623602944374185,8.11054415717351,1.0,0.8,10,8
2262,6,ZBTB7B,2262,-1.0,8.297933532872317,0.18207376681296386,4.067562274003426e-05,-7.785956474975646,10.093896275956723,1.0,0.8,10,8
2263,6,ZBTB7B,2263,-1.0,8.297933532872317,0.19627849241597436,9.428160325910475e-06,-14.290849560943377,23.192972181454362,1.0,0.8,10,8
2255,6,ZBTB7B,2255,-1.0,8.297933532872317,0.18301807353744745,3.7032126104472365e-05,-12.234653056733286,18.42596064373014,1.0,0.8,10,8
2254,6,ZBTB7B,2254,-1.0,8.297933532872317,-0.16669973242113273,0.00017547120615761744,4.8374310332851564,5.188042345553966,1.0,0.8,10,8
2259,6,ZBTB7B,2259,-1.0,8.297933532872317,-0.364052154378166,3.5375602815645753e-17,4.344430036106914,4.353394760736636,1.0,0.8,10,8
2258,6,ZBTB7B,2258,-1.0,8.297933532872317,0.33275533477570535,1.915608751750214e-14,-6.404884569835454,7.652052886672887,1.0,0.8,10,8
2260,6,ZBTB7B,2260,-1.0,8.297933532872317,-0.31275225285451214,7.471673978359388e-13,3.055070299652787,2.5070635270064123,1.0,0.8,10,8
584,6,PPARG,584,-1.0,10.489595446067845,0.25151820664627833,1.1073587839591555e-08,-9.913465167013907,14.681493439226136,0.7894736842105263,0.6,25,19
583,6,PPARG,583,-1.0,10.489595446067845,-0.28274615968098654,1.1086615926909836e-10,14.140950119669842,22.67918590721649,0.7894736842105263,0.6,25,19
575,6,PPARG,575,-1.0,10.489595446067845,0.3917478026608581,7.339067408915324e-20,-3.61494348996773,3.270303051913323,0.7894736842105263,0.6,25,19
589,6,PPARG,589,-1.0,10.489595446067845,-0.2858225791373855,6.818641439993929e-11,2.60416506790657,1.9469907181003896,0.7894736842105263,0.6,25,19
570,6,PPARG,570,-1.0,10.489595446067845,0.27134675070980707,6.377743772570219e-10,-2.0793407852257615,1.3884016207128396,0.7894736842105263,0.6,25,19
574,6,PPARG,574,-1.0,10.489595446067845,0.42801563119315933,8.836560196899409e-24,-3.929370121206786,3.8001746214881327,0.7894736842105263,0.6,25,19
576,6,PPARG,576,-1.0,10.489595446067845,-0.16648563897289972,0.00017892407066082039,3.4552166974241896,3.0212157878886843,0.7894736842105263,0.6,25,19
571,6,PPARG,571,-1.0,10.489595446067845,0.5523640844533676,1.9395078718971252e-41,-8.032857349001386,11.687693471875157,0.7894736842105263,0.6,25,19
577,6,PPARG,577,-1.0,10.489595446067845,0.2572807068176147,4.9501695531343296e-09,-7.950410614805298,10.763905730198278,0.7894736842105263,0.6,25,19
590,6,PPARG,590,-1.0,10.489595446067845,0.2848413728332109,7.96724462371976e-11,-2.9567543927693207,2.3850688561722944,0.7894736842105263,0.6,25,19
578,6,PPARG,578,-1.0,10.489595446067845,0.3776780593249435,1.8229569901005653e-18,-7.048756768465658,9.116876710744148,0.7894736842105263,0.6,25,19
568,6,PPARG,568,-1.0,10.489595446067845,0.3635266436545458,3.9551100975801806e-17,-11.466929829781355,17.049402722140137,0.7894736842105263,0.6,25,19
585,6,PPARG,585,-1.0,10.489595446067845,0.3127225624472029,7.510908260712845e-13,-2.7390343782597464,2.1180439270457287,0.7894736842105263,0.6,25,19
580,6,PPARG,580,-1.0,10.489595446067845,0.4600513909647538,1.1652223615857974e-27,-8.346280966542277,12.112225774712591,0.7894736842105263,0.6,25,19
586,6,PPARG,586,-1.0,10.489595446067845,0.1564224880456982,0.0004354003594670972,-10.464554946942782,14.957744152584473,0.7894736842105263,0.6,25,19
3717,6,ETV7,3717,1.0,1.3775310762928072,0.21267641900108286,1.5219776798628267e-06,9.962605699506147,14.025975812493849,1.0,0.7142857142857143,14,10
3724,6,ETV7,3724,1.0,1.3775310762928072,0.1515084884921926,0.0006596563863540964,4.510048584828863,4.616419765602592,1.0,0.7142857142857143,14,10
3721,6,ETV7,3721,1.0,1.3775310762928072,0.291569712388645,2.706316557867028e-11,3.536375673121449,3.1301740460698437,1.0,0.7142857142857143,14,10
3723,6,ETV7,3723,1.0,1.3775310762928072,0.23955762051969504,5.5319842161332464e-08,9.810072921619,13.621662736661937,1.0,0.7142857142857143,14,10
3711,6,ETV7,3711,1.0,1.3775310762928072,0.2228604184232108,4.5495378225943385e-07,10.804823332245332,16.06981662958722,1.0,0.7142857142857143,14,10
3722,6,ETV7,3722,1.0,1.3775310762928072,-0.19209062726487178,1.4672307280177382e-05,-4.221430458488624,4.148698681527285,1.0,0.7142857142857143,14,10
3714,6,ETV7,3714,1.0,1.3775310762928072,0.2530824073380648,8.917049465606289e-09,14.898455432073737,24.053947454952013,1.0,0.7142857142857143,14,10
3716,6,ETV7,3716,1.0,1.3775310762928072,-0.2500740955891675,1.3507491262376922e-08,-11.157990563203006,15.957595792353157,1.0,0.7142857142857143,14,10
3720,6,ETV7,3720,1.0,1.3775310762928072,0.43101606976695545,3.9825355290140045e-24,3.8235635563752886,3.5380346161483147,1.0,0.7142857142857143,14,10
3713,6,ETV7,3713,1.0,1.3775310762928072,0.6547582363727315,8.90186646843466e-63,2.283809465344733,1.5928490106112179,1.0,0.7142857142857143,14,10
1793,6,HOXB4,1793,-1.0,7.766865045823115,0.33924934741548457,5.496223794242262e-15,-9.445897321508685,14.19145431068108,0.6666666666666666,0.4,15,9
1787,6,HOXB4,1787,-1.0,7.766865045823115,0.4294683882621631,6.013521217990814e-24,-3.9676797664837395,3.7901104845612696,0.6666666666666666,0.4,15,9
1782,6,HOXB4,1782,-1.0,7.766865045823115,0.31107304265781904,1.0038305191831176e-12,-11.84199752356346,17.71297202249059,0.6666666666666666,0.4,15,9
1789,6,HOXB4,1789,-1.0,7.766865045823115,0.28334124050283205,1.0096400773507523e-10,-2.090065764348279,1.3972757004159506,0.6666666666666666,0.4,15,9
1784,6,HOXB4,1784,-1.0,7.766865045823115,0.43976622160603474,3.7221784071009187e-25,-7.3062194010947765,10.043358216071704,0.6666666666666666,0.4,15,9
1788,6,HOXB4,1788,-1.0,7.766865045823115,0.23898403551735947,5.963081525366144e-08,-8.89469022181594,12.534798323084685,0.6666666666666666,0.4,15,9
3812,6,GMEB1,3812,-1.0,6.835801604596992,0.2333478670880934,1.23398623117709e-07,-7.248201021614686,9.25287974513154,0.8,0.8,5,5
3809,6,GMEB1,3809,-1.0,6.835801604596992,0.37167471588153644,6.850975190261832e-18,-11.97858196841134,17.870906199472195,0.8,0.8,5,5
3810,6,GMEB1,3810,-1.0,6.835801604596992,0.3073215643278009,1.9285670857047524e-12,-3.551265668036959,3.229093268277353,0.8,0.8,5,5
3811,6,GMEB1,3811,-1.0,6.835801604596992,0.3813868939427822,7.934905469708549e-19,-6.089512423887995,7.427198073577102,0.8,0.8,5,5
4731,6,INSM1,4731,-1.0,2.6371788826394926,0.3722059303927841,6.100378232404724e-18,-2.1312514727573966,1.4405865238890398,0.75,0.42857142857142855,7,4
4728,6,INSM1,4728,-1.0,2.6371788826394926,0.2577012392905672,4.664072914170767e-09,-3.7222118145760983,3.4570630436053427,0.75,0.42857142857142855,7,4
4730,6,INSM1,4730,-1.0,2.6371788826394926,0.40434838742426354,3.613752475625667e-21,-8.47429408048032,12.459157389141732,0.75,0.42857142857142855,7,4
7758,6,TEF,7758,1.0,7.796960620117617,-0.29211391004593906,2.4768807067078656e-11,-2.3959821103449905,1.715502769332159,0.047619047619047616,0.04,25,21
3198,6,NKX3-1,3198,-1.0,15.674328899475183,0.2562233299157746,5.7467939347412695e-09,-11.692748431371532,17.372660748153898,0.9375,0.6,25,16
3204,6,NKX3-1,3204,-1.0,15.674328899475183,0.21246194612272448,1.5602077099740231e-06,-4.252155920301005,4.231089984507032,0.9375,0.6,25,16
3218,6,NKX3-1,3218,-1.0,15.674328899475183,0.35204044004219076,4.306520655127097e-16,-2.6742253490017482,2.023414542310571,0.9375,0.6,25,16
3211,6,NKX3-1,3211,-1.0,15.674328899475183,0.2930565093348585,2.123592667566086e-11,-2.1155562231958385,1.4230220049827897,0.9375,0.6,25,16
3213,6,NKX3-1,3213,-1.0,15.674328899475183,0.22973901230828642,1.9470473607569808e-07,-5.778916723500892,6.8069964647873755,0.9375,0.6,25,16
3214,6,NKX3-1,3214,-1.0,15.674328899475183,0.42484179305207476,2.035442855321483e-23,-2.175866917748967,1.4818378180383271,0.9375,0.6,25,16
3208,6,NKX3-1,3208,-1.0,15.674328899475183,0.26330539320557317,2.088392380275648e-09,-7.53644194378197,9.964581673665121,0.9375,0.6,25,16
3207,6,NKX3-1,3207,-1.0,15.674328899475183,0.25507802008238284,6.749836861582509e-09,-9.15609653132304,13.696054243959505,0.9375,0.6,25,16
3205,6,NKX3-1,3205,-1.0,15.674328899475183,0.3995891056314972,1.144098973494583e-20,-2.8136263995475415,2.201933908742124,0.9375,0.6,25,16
3200,6,NKX3-1,3200,-1.0,15.674328899475183,0.34597790549922786,1.4609381130167453e-15,-7.852240866995796,11.411116588072781,0.9375,0.6,25,16
3209,6,NKX3-1,3209,-1.0,15.674328899475183,0.3573749430321238,1.4380163055451488e-16,-4.3964960750003375,4.378825743940432,0.9375,0.6,25,16
3217,6,NKX3-1,3217,-1.0,15.674328899475183,0.135087890957094,0.0024208649525949166,-10.785582277289445,15.969052605966054,0.9375,0.6,25,16
3212,6,NKX3-1,3212,-1.0,15.674328899475183,0.30325473738668735,3.873512175759473e-12,-6.019869584534727,7.3078527977913526,0.9375,0.6,25,16
3210,6,NKX3-1,3210,-1.0,15.674328899475183,0.1754335499041441,7.765014695760635e-05,-2.04183090692385,1.3498960758960619,0.9375,0.6,25,16
3202,6,NKX3-1,3202,-1.0,15.674328899475183,0.3047596521213867,2.996244393780339e-12,-5.947077279613055,7.1229744339886105,0.9375,0.6,25,16
3871,6,SOX4,3871,-1.0,1.397266746972402,0.18252111493076043,3.890922709724341e-05,-5.628671196954148,6.425838060946212,0.8,0.64,25,20
3870,6,SOX4,3870,-1.0,1.397266746972402,0.6555891883472645,5.518299936890103e-63,-5.32679226791635,6.031859567286467,0.8,0.64,25,20
3850,6,SOX4,3850,-1.0,1.397266746972402,0.40420838283513133,3.739360154277172e-21,-2.588814528021839,1.9394956739927554,0.8,0.64,25,20
3868,6,SOX4,3868,-1.0,1.397266746972402,0.20851388081084787,2.452094033203214e-06,-2.6596505760223055,2.0132271605111423,0.8,0.64,25,20
3861,6,SOX4,3861,-1.0,1.397266746972402,0.24600072347839153,2.3500701953345922e-08,-7.3531192795126445,9.43284633712773,0.8,0.64,25,20
3854,6,SOX4,3854,-1.0,1.397266746972402,0.3693840962147529,1.1271873116954922e-17,-6.897419611939686,8.884754952597664,0.8,0.64,25,20
3856,6,SOX4,3856,-1.0,1.397266746972402,0.4207034435323313,5.962422963328418e-23,-2.6172743070318956,1.9732473953833958,0.8,0.64,25,20
3865,6,SOX4,3865,-1.0,1.397266746972402,0.20698041395921535,2.916046693153893e-06,-3.6586395864483365,3.308496750681747,0.8,0.64,25,20
3851,6,SOX4,3851,-1.0,1.397266746972402,0.5509639872907982,3.3874558081778745e-41,-8.771848423436088,13.312621632728902,0.8,0.64,25,20
3857,6,SOX4,3857,-1.0,1.397266746972402,0.28832833568524674,4.5692016321523644e-11,-8.686611529568015,12.130981052275631,0.8,0.64,25,20
3863,6,SOX4,3863,-1.0,1.397266746972402,0.28438937669637876,8.557846655856138e-11,-9.936659597749014,14.003748709324364,0.8,0.64,25,20
3848,6,SOX4,3848,-1.0,1.397266746972402,0.5052068010383675,7.099915515105865e-34,-11.662599334736838,17.30141775017309,0.8,0.64,25,20
3862,6,SOX4,3862,-1.0,1.397266746972402,0.3832481884227236,5.206021073822744e-19,-4.634706297772809,4.850697305053926,0.8,0.64,25,20
3855,6,SOX4,3855,-1.0,1.397266746972402,0.5739833489935212,2.5019127597896173e-45,-6.844695680575363,9.053907744297488,0.8,0.64,25,20
3864,6,SOX4,3864,-1.0,1.397266746972402,0.30304235137401847,4.015992671260657e-12,-2.5024928538785933,1.826633134170085,0.8,0.64,25,20
3852,6,SOX4,3852,-1.0,1.397266746972402,0.513766270378777,3.673406097956962e-35,-4.015432089812307,3.921249224346135,0.8,0.64,25,20
2188,6,GLIS3,2188,-1.0,1.8519759433441643,0.47303994815846195,2.3574552518704984e-29,-2.16052386817033,1.467822655421006,1.0,0.5,4,2
2185,6,GLIS3,2185,-1.0,1.8519759433441643,-0.10317449740092735,0.02077372187728111,8.160225375753413,11.101375919179791,1.0,0.5,4,2
1391,6,MAF,1391,-1.0,3.3685248212255385,0.39823378122372,1.5831547465217528e-20,-5.966842349870814,6.954990214693529,0.6666666666666666,0.48,25,18
1397,6,MAF,1397,-1.0,3.3685248212255385,0.41302311379237516,4.214253065862995e-22,-2.2961753015720805,1.6059656390637498,0.6666666666666666,0.48,25,18
1401,6,MAF,1401,-1.0,3.3685248212255385,0.2695684565697876,8.318857228126433e-10,-4.967077508891459,5.266770691150628,0.6666666666666666,0.48,25,18
1396,6,MAF,1396,-1.0,3.3685248212255385,-0.3907370956644369,9.292257000760112e-20,3.4610807188352206,3.0518404406358353,0.6666666666666666,0.48,25,18
1388,6,MAF,1388,-1.0,3.3685248212255385,-0.2745035144952505,3.960418130825148e-10,11.520858258236768,16.649509661479183,0.6666666666666666,0.48,25,18
1399,6,MAF,1399,-1.0,3.3685248212255385,-0.2539338485393671,7.920496010955326e-09,2.3189419999714547,1.632893277400312,0.6666666666666666,0.48,25,18
1400,6,MAF,1400,-1.0,3.3685248212255385,0.37227924292876236,6.0033599272877054e-18,-2.6277937242801226,1.972000340382977,0.6666666666666666,0.48,25,18
1380,6,MAF,1380,-1.0,3.3685248212255385,-0.31941381270788327,2.2730855910064843e-13,4.965737388585553,5.417619193505877,0.6666666666666666,0.48,25,18
1385,6,MAF,1385,-1.0,3.3685248212255385,0.16237261641402392,0.0002589740050577608,-4.0178192719211365,3.834305650684589,0.6666666666666666,0.48,25,18
1386,6,MAF,1386,-1.0,3.3685248212255385,-0.22373747115797474,4.0890122086956153e-07,13.084451540659972,20.530831761995675,0.6666666666666666,0.48,25,18
1393,6,MAF,1393,-1.0,3.3685248212255385,0.30827516709035574,1.6350621546638567e-12,-2.6643576717396202,2.0173865138992166,0.6666666666666666,0.48,25,18
1398,6,MAF,1398,-1.0,3.3685248212255385,-0.25731836525755647,4.923871058717274e-09,11.397612400765228,16.35112849508949,0.6666666666666666,0.48,25,18
4292,6,TERF1,4292,-1.0,3.8533750410498016,0.590310891290376,1.8351318885966227e-48,-6.907773438195548,8.884368573917547,0.8,0.4,10,5
4293,6,TERF1,4293,-1.0,3.8533750410498016,0.26082553276376763,2.9870199267788683e-09,-2.723609969980087,2.0931607977198694,0.8,0.4,10,5
4295,6,TERF1,4295,-1.0,3.8533750410498016,0.4548893389667957,5.2448911537117704e-27,-4.480990893581134,4.608779790590299,0.8,0.4,10,5
4290,6,TERF1,4290,-1.0,3.8533750410498016,0.4697915519977447,6.352244441269251e-29,-11.570009191287157,17.425261979790847,0.8,0.4,10,5
5755,6,DR1,5755,-1.0,6.388290690725062,0.3284067809665138,4.3479861736191844e-14,-9.494382553422328,13.081207626559335,1.0,0.8181818181818182,11,9
5753,6,DR1,5753,-1.0,6.388290690725062,0.23859197085066003,6.276236534297714e-08,-9.110927481854539,13.85422651542612,1.0,0.8181818181818182,11,9
5751,6,DR1,5751,-1.0,6.388290690725062,-0.17081835157435757,0.00012005784529544445,12.58290034564797,18.42514970834558,1.0,0.8181818181818182,11,9
5757,6,DR1,5757,-1.0,6.388290690725062,0.17876096238846712,5.63237349429203e-05,-2.1934245585821777,1.502929980658885,1.0,0.8181818181818182,11,9
5756,6,DR1,5756,-1.0,6.388290690725062,0.46564988246440436,2.2138306892273224e-28,-9.49392032379487,13.346033977531201,1.0,0.8181818181818182,11,9
5758,6,DR1,5758,-1.0,6.388290690725062,-0.13304797974564048,0.002818722769610375,10.111305192282511,14.445818824965034,1.0,0.8181818181818182,11,9
5754,6,DR1,5754,-1.0,6.388290690725062,0.44926428735837,2.6247441038938444e-26,-9.847074033805312,13.589314900082819,1.0,0.8181818181818182,11,9
5748,6,DR1,5748,-1.0,6.388290690725062,0.43856815212454076,5.170259389972032e-25,-11.521741851776564,17.199278868930858,1.0,0.8181818181818182,11,9
5752,6,DR1,5752,-1.0,6.388290690725062,-0.20661359988552594,3.038876653024363e-06,10.888715653074899,15.964078935827157,1.0,0.8181818181818182,11,9
6551,6,ZBED6,6551,-1.0,17.141217159848342,0.6905850722418359,2.2732646631815726e-72,-11.5449086815885,17.136819302051883,1.0,0.5,2,1
6358,6,SP1,6358,-1.0,10.073071512512758,0.8362215475427608,1.4962560565042056e-132,-11.611078336717465,17.26598005467099,1.0,0.8,25,20
6374,6,SP1,6374,-1.0,10.073071512512758,0.35288656922173806,3.623841075306031e-16,-2.872557457171355,2.2738954063096304,1.0,0.8,25,20
6362,6,SP1,6362,-1.0,10.073071512512758,0.5728238105304285,4.113781219867617e-45,-7.432012487288747,9.90595329245492,1.0,0.8,25,20
6376,6,SP1,6376,-1.0,10.073071512512758,0.2862814998740055,6.338482808832278e-11,-3.544235003845036,3.1221577882936122,1.0,0.8,25,20
6361,6,SP1,6361,-1.0,10.073071512512758,0.4808225343172019,2.099589100369497e-30,-2.363222154381169,1.6849308539353347,1.0,0.8,25,20
6365,6,SP1,6365,-1.0,10.073071512512758,-0.27307619322118676,4.916227934842965e-10,13.311998387030666,21.765072042161417,1.0,0.8,25,20
6371,6,SP1,6371,-1.0,10.073071512512758,0.4516133392644586,1.344669733097121e-26,-10.321190180195117,14.580459741647081,1.0,0.8,25,20
6378,6,SP1,6378,-1.0,10.073071512512758,0.4590020769530774,1.5853208255048947e-27,-6.12940613278216,7.387181273487056,1.0,0.8,25,20
6363,6,SP1,6363,-1.0,10.073071512512758,0.2975124418695262,1.0180769016984529e-11,-3.1643225131287007,2.6635926860332013,1.0,0.8,25,20
6369,6,SP1,6369,-1.0,10.073071512512758,0.6870797070287201,2.2730085270534e-71,-5.934676628594554,7.248356371481399,1.0,0.8,25,20
6382,6,SP1,6382,-1.0,10.073071512512758,0.6505293927680903,9.914686638528614e-62,-10.235862489488733,14.443607197913332,1.0,0.8,25,20
6368,6,SP1,6368,-1.0,10.073071512512758,0.6420297785299558,1.1231557761009603e-59,-3.9957166748459616,3.852507078423352,1.0,0.8,25,20
6367,6,SP1,6367,-1.0,10.073071512512758,0.48945513881427427,1.3339972601679319e-31,-9.820693334648054,13.878349595063959,1.0,0.8,25,20
6370,6,SP1,6370,-1.0,10.073071512512758,0.1395370886070366,0.0017248232084232159,-8.097295543290699,10.632594499188103,1.0,0.8,25,20
6379,6,SP1,6379,-1.0,10.073071512512758,-0.32567052061749785,7.234126566125262e-14,12.91521528207547,19.275496103367907,1.0,0.8,25,20
6366,6,SP1,6366,-1.0,10.073071512512758,-0.20351707063248298,4.292364368981201e-06,5.00348632630088,5.475401995353105,1.0,0.8,25,20
6377,6,SP1,6377,-1.0,10.073071512512758,0.4275441892624025,1.000814471813528e-23,-2.5548314218823323,1.8967207378096496,1.0,0.8,25,20
6373,6,SP1,6373,-1.0,10.073071512512758,0.2731993182968653,4.825631783293638e-10,-5.821107803916228,6.690747151258281,1.0,0.8,25,20
6380,6,SP1,6380,-1.0,10.073071512512758,0.31328686990114096,6.798576550940504e-13,-8.55736156390924,11.497267288436854,1.0,0.8,25,20
6359,6,SP1,6359,-1.0,10.073071512512758,0.5837737845181221,3.4672142426959e-47,-6.339179787830102,8.148634353998123,1.0,0.8,25,20
5119,6,HOXA13,5119,-1.0,1.632807733121433,0.39912886972432665,1.2777237015765856e-20,-8.46136435164889,12.626208329731034,0.75,0.6,25,20
5123,6,HOXA13,5123,-1.0,1.632807733121433,0.43145980882034657,3.537338086496815e-24,-5.7407912774847,6.960536220500433,0.75,0.6,25,20
5129,6,HOXA13,5129,-1.0,1.632807733121433,0.3274465736794367,5.2015131166043824e-14,-5.579266797239208,6.371494626382669,0.75,0.6,25,20
5136,6,HOXA13,5136,-1.0,1.632807733121433,0.30270601136306613,4.25217056958954e-12,-2.487953480542722,1.8267671283587337,0.75,0.6,25,20
5140,6,HOXA13,5140,-1.0,1.632807733121433,0.4122089907077075,5.169750702246879e-22,-3.0652944955843573,2.532906131373944,0.75,0.6,25,20
5124,6,HOXA13,5124,-1.0,1.632807733121433,0.2685510708879568,9.676216197761924e-10,-3.5235274170645154,3.145579695672343,0.75,0.6,25,20
5135,6,HOXA13,5135,-1.0,1.632807733121433,0.2012768493258653,5.492645797530267e-06,-9.489014206214149,13.632415326042453,0.75,0.6,25,20
5125,6,HOXA13,5125,-1.0,1.632807733121433,0.3791119084204708,1.3233358079105604e-18,-9.342674245848972,13.985491048113555,0.75,0.6,25,20
5126,6,HOXA13,5126,-1.0,1.632807733121433,0.3916491074767425,7.510409939820914e-20,-3.412607113219615,2.9946073287522976,0.75,0.6,25,20
5120,6,HOXA13,5120,-1.0,1.632807733121433,0.3296178819212111,3.465090710804676e-14,-7.273489427417841,9.586561387253864,0.75,0.6,25,20
5117,6,HOXA13,5117,-1.0,1.632807733121433,0.2754046182760534,3.452901011079484e-10,-11.842362317936438,17.63330949182784,0.75,0.6,25,20
5134,6,HOXA13,5134,-1.0,1.632807733121433,0.34405905495565536,2.1387352480031045e-15,-8.586205354950046,12.881691985511646,0.75,0.6,25,20
5118,6,HOXA13,5118,-1.0,1.632807733121433,0.37844025242817075,1.5378617832937704e-18,-3.968634070664249,3.8396998968111657,0.75,0.6,25,20
5122,6,HOXA13,5122,-1.0,1.632807733121433,0.4664424609526336,1.7456380613985204e-28,-2.7601577537267805,2.1400707444878893,0.75,0.6,25,20
5132,6,HOXA13,5132,-1.0,1.632807733121433,0.21485824577016613,1.1807878761529858e-06,-7.869510794387837,10.244802985486954,0.75,0.6,25,20
2181,6,TEAD1,2181,-1.0,10.776039367964252,0.33750959424643545,7.70173777547382e-15,-3.702329303379955,3.3990129023837063,0.9411764705882353,0.64,25,17
2173,6,TEAD1,2173,-1.0,10.776039367964252,0.487545846423475,2.4707857717559704e-31,-5.684525145991246,6.624309919945419,0.9411764705882353,0.64,25,17
2183,6,TEAD1,2183,-1.0,10.776039367964252,-0.21776040325074866,8.389847233034037e-07,2.2455599793052228,1.550515909322548,0.9411764705882353,0.64,25,17
2167,6,TEAD1,2167,-1.0,10.776039367964252,0.5513600174841402,2.8939183520470694e-41,-9.700087334532737,13.500617650790804,0.9411764705882353,0.64,25,17
2172,6,TEAD1,2172,-1.0,10.776039367964252,0.6204232248990017,9.776895136969443e-55,-5.858959757766659,6.913189406248057,0.9411764705882353,0.64,25,17
2180,6,TEAD1,2180,-1.0,10.776039367964252,0.3125802761501938,7.701747810215789e-13,-10.349223966822994,15.101976671121982,0.9411764705882353,0.64,25,17
2176,6,TEAD1,2176,-1.0,10.776039367964252,0.4748991557727139,1.3303793320016108e-29,-4.69446356464626,4.8762739091096705,0.9411764705882353,0.64,25,17
2174,6,TEAD1,2174,-1.0,10.776039367964252,0.3065459142940387,2.204771056468148e-12,-3.0819939363508446,2.5373100885054933,0.9411764705882353,0.64,25,17
2166,6,TEAD1,2166,-1.0,10.776039367964252,0.20710088302401636,2.876753370107128e-06,-4.674394208830603,5.011854271802399,0.9411764705882353,0.64,25,17
2178,6,TEAD1,2178,-1.0,10.776039367964252,0.6750852567634487,4.714501455612278e-68,-8.77975529824974,11.901539054835393,0.9411764705882353,0.64,25,17
2169,6,TEAD1,2169,-1.0,10.776039367964252,0.3597112840290129,8.836551803759289e-17,-7.879947031950962,10.22333908639767,0.9411764705882353,0.64,25,17
2161,6,TEAD1,2161,-1.0,10.776039367964252,0.5910327571038687,1.3211152926463403e-48,-11.435328370213515,16.837885885122894,0.9411764705882353,0.64,25,17
2168,6,TEAD1,2168,-1.0,10.776039367964252,0.5549793065923945,6.795846940360541e-42,-6.600994967653647,8.340571332265924,0.9411764705882353,0.64,25,17
2164,6,TEAD1,2164,-1.0,10.776039367964252,0.2392691587668919,5.7448811021140926e-08,-8.610076476993111,13.060382693093782,0.9411764705882353,0.64,25,17
2175,6,TEAD1,2175,-1.0,10.776039367964252,0.30015706984326834,6.5411168428627715e-12,-9.353687020791302,14.050082933663884,0.9411764705882353,0.64,25,17
2162,6,TEAD1,2162,-1.0,10.776039367964252,0.36908852014709936,1.2016392252674241e-17,-2.2320610856232435,1.5448532013305003,0.9411764705882353,0.64,25,17
2383,6,IRX5,2383,-1.0,10.75054872137517,0.3394074088759425,5.329745251256598e-15,-2.7936549105131063,2.1819709575372164,0.7368421052631579,0.56,25,19
2386,6,IRX5,2386,-1.0,10.75054872137517,0.24439668262344252,2.9149214848967045e-08,-8.450941429421853,11.700471182232267,0.7368421052631579,0.56,25,19
2390,6,IRX5,2390,-1.0,10.75054872137517,0.23275311036659543,1.3309927593419466e-07,-8.28138429762108,11.491757494823032,0.7368421052631579,0.56,25,19
2395,6,IRX5,2395,-1.0,10.75054872137517,0.25982108636441487,3.44932428747788e-09,-6.426533416609649,7.83002703987776,0.7368421052631579,0.56,25,19
2392,6,IRX5,2392,-1.0,10.75054872137517,0.2506553825412152,1.2471162987164912e-08,-4.52070456771104,4.683844404004063,0.7368421052631579,0.56,25,19
2401,6,IRX5,2401,-1.0,10.75054872137517,0.27041752633280636,7.329444116224754e-10,-5.107355854487367,5.639079703494229,0.7368421052631579,0.56,25,19
2397,6,IRX5,2397,-1.0,10.75054872137517,0.21326339740501102,1.4218847917596643e-06,-8.696984010661586,12.00082560276702,0.7368421052631579,0.56,25,19
2382,6,IRX5,2382,-1.0,10.75054872137517,0.24025482337503948,5.048423067690642e-08,-7.043625120557439,9.330590425979793,0.7368421052631579,0.56,25,19
2387,6,IRX5,2387,-1.0,10.75054872137517,0.33742251503266585,7.832463801239912e-15,-4.3976835439795865,4.480915796588081,0.7368421052631579,0.56,25,19
2380,6,IRX5,2380,-1.0,10.75054872137517,0.302763565089412,4.2108152785898044e-12,-3.5009001882226514,3.145975677938807,0.7368421052631579,0.56,25,19
2393,6,IRX5,2393,-1.0,10.75054872137517,0.2717772141870252,5.978702232837564e-10,-3.257327520437038,2.767359395305142,0.7368421052631579,0.56,25,19
2388,6,IRX5,2388,-1.0,10.75054872137517,0.32989158590456924,3.291369079708769e-14,-10.391430233513331,16.584417736156464,0.7368421052631579,0.56,25,19
2379,6,IRX5,2379,-1.0,10.75054872137517,0.3309248689934492,2.7092184608004198e-14,-9.214355822120808,14.363949861195385,0.7368421052631579,0.56,25,19
2384,6,IRX5,2384,-1.0,10.75054872137517,0.2005796174594962,5.927439543288724e-06,-5.628236575678474,6.694587466038687,0.7368421052631579,0.56,25,19
313,6,EHF,313,-1.0,16.748603600986137,-0.24842205682336072,1.692889042360564e-08,6.746307820382514,8.381254436575093,0.9583333333333334,0.92,25,24
301,6,EHF,301,-1.0,16.748603600986137,0.5912725569430947,1.1842629562964723e-48,-12.017007471576454,17.286600453403565,0.9583333333333334,0.92,25,24
295,6,EHF,295,-1.0,16.748603600986137,0.4162945603332079,1.8434675877852438e-22,-11.47306607467103,16.921492273993298,0.9583333333333334,0.92,25,24
294,6,EHF,294,-1.0,16.748603600986137,-0.19242945836681608,1.4161558780507361e-05,8.754669134995305,12.52951271578974,0.9583333333333334,0.92,25,24
304,6,EHF,304,-1.0,16.748603600986137,0.3287670498705408,4.064536985372526e-14,-4.275880236759896,4.250184308922718,0.9583333333333334,0.92,25,24
318,6,EHF,318,-1.0,16.748603600986137,0.4154037532563997,2.3110259524306985e-22,-6.923281096551864,8.857723095031808,0.9583333333333334,0.92,25,24
298,6,EHF,298,-1.0,16.748603600986137,-0.3898829035947258,1.133590381192522e-19,10.615163652491288,16.858108871541944,0.9583333333333334,0.92,25,24
311,6,EHF,311,-1.0,16.748603600986137,-0.33832147985716926,6.581510784770018e-15,13.185399096943408,19.552408295429924,0.9583333333333334,0.92,25,24
307,6,EHF,307,-1.0,16.748603600986137,0.1638452795880679,0.00022708768474525554,-5.528243664262236,6.303899107724355,0.9583333333333334,0.92,25,24
302,6,EHF,302,-1.0,16.748603600986137,-0.37479382122703814,3.4555071373930337e-18,11.634188852279951,17.10474466384993,0.9583333333333334,0.92,25,24
306,6,EHF,306,-1.0,16.748603600986137,-0.19774404127516787,8.058205980052762e-06,1.9983869286118765,1.3100477771645014,0.9583333333333334,0.92,25,24
303,6,EHF,303,-1.0,16.748603600986137,0.18733086605732402,2.3978643987642384e-05,-6.628259647580506,8.044822119728789,0.9583333333333334,0.92,25,24
317,6,EHF,317,-1.0,16.748603600986137,0.06680071300612007,0.13501037246942338,-7.982500106306939,10.603186443177941,0.9583333333333334,0.92,25,24
309,6,EHF,309,-1.0,16.748603600986137,0.26361216246192476,1.997437041258683e-09,-10.733487661562851,15.17120305035449,0.9583333333333334,0.92,25,24
310,6,EHF,310,-1.0,16.748603600986137,0.34938879261112954,7.371815174237344e-16,-11.168762446148094,16.29219511666467,0.9583333333333334,0.92,25,24
316,6,EHF,316,-1.0,16.748603600986137,0.4540614224332654,6.660205749676121e-27,-8.624589876969246,11.707547280789875,0.9583333333333334,0.92,25,24
299,6,EHF,299,-1.0,16.748603600986137,0.44716290846660856,4.7536349641774884e-26,-9.407486701495477,12.904474352134406,0.9583333333333334,0.92,25,24
296,6,EHF,296,-1.0,16.748603600986137,0.2855799335722194,7.086665540756618e-11,-9.391080895330363,14.791460394385938,0.9583333333333334,0.92,25,24
315,6,EHF,315,-1.0,16.748603600986137,0.39547892879856156,3.049639879203092e-20,-4.6209845522141215,4.723766371347513,0.9583333333333334,0.92,25,24
300,6,EHF,300,-1.0,16.748603600986137,0.28407805427852284,8.989236296687779e-11,-10.325927783203483,14.41532525796542,0.9583333333333334,0.92,25,24
297,6,EHF,297,-1.0,16.748603600986137,0.28558078729000147,7.085704762537034e-11,-9.429608842207514,12.978213884976592,0.9583333333333334,0.92,25,24
314,6,EHF,314,-1.0,16.748603600986137,0.15795813662055153,0.00038142513403987844,-5.483807401559795,6.075582920395544,0.9583333333333334,0.92,25,24
312,6,EHF,312,-1.0,16.748603600986137,0.06250746113769942,0.16199947786853286,-2.065005573517562,1.371850327542727,0.9583333333333334,0.92,25,24
6646,6,RUNX2,6646,1.0,2.5660045070058493,-0.11482897827387845,0.010027117616565592,-3.7389701321621467,3.4630942134637275,0.23529411764705882,0.16,25,17
6644,6,RUNX2,6644,1.0,2.5660045070058493,-0.28723775864743784,5.4415168306603593e-11,-4.6152440528569985,4.756116874363894,0.23529411764705882,0.16,25,17
6654,6,RUNX2,6654,1.0,2.5660045070058493,0.35492515242775285,2.385863868288417e-16,8.662164500985268,11.612218756535011,0.23529411764705882,0.16,25,17
6645,6,RUNX2,6645,1.0,2.5660045070058493,0.3580118164975365,1.2597610210897927e-16,2.5895024579119483,1.9312709382559274,0.23529411764705882,0.16,25,17
4326,6,EP300,4326,-1.0,17.22824286483878,0.3577279079062377,1.3363675586458157e-16,-2.515919026417227,1.8572590609345565,0.8571428571428571,0.6666666666666666,9,7
4325,6,EP300,4325,-1.0,17.22824286483878,0.8156494152910624,6.448052805057673e-121,-11.487640434426252,17.23533055661165,0.8571428571428571,0.6666666666666666,9,7
4332,6,EP300,4332,-1.0,17.22824286483878,0.35582468639744425,1.9821166060633268e-16,-7.8012179937509485,10.601806210546135,0.8571428571428571,0.6666666666666666,9,7
4330,6,EP300,4330,-1.0,17.22824286483878,0.6596518415569991,5.210825701332755e-64,-9.902206225475911,14.33949075126622,0.8571428571428571,0.6666666666666666,9,7
4329,6,EP300,4329,-1.0,17.22824286483878,0.44750240357127224,4.3199141132402153e-26,-5.905334923290009,7.056171213697148,0.8571428571428571,0.6666666666666666,9,7
4331,6,EP300,4331,-1.0,17.22824286483878,0.347823738201561,1.0100124325885656e-15,-2.3228084749870894,1.6392575229122406,0.8571428571428571,0.6666666666666666,9,7
5465,6,NR3C2,5465,1.0,6.551947935713501,0.45921148584342625,1.4909748542035718e-27,4.531062011964659,4.675604810394412,0.3333333333333333,0.2,5,3
1612,6,ZBTB14,1612,1.0,5.891746217713162,0.16158093545746538,0.0002777997392356232,2.6685964580600894,2.025338955378531,0.2,0.15,20,15
1603,6,ZBTB14,1603,1.0,5.891746217713162,0.5879628828171322,5.314194080333157e-48,5.713042683222412,6.70153311002365,0.2,0.15,20,15
1614,6,ZBTB14,1614,1.0,5.891746217713162,0.2718875334959729,5.880411334304905e-10,2.3729817060708855,1.6980479753040965,0.2,0.15,20,15
6742,6,ARID3A,6742,-1.0,12.596433302567712,0.1840306776844954,3.346933336327965e-05,-5.343357086537079,5.949312066531697,1.0,0.84,25,21
6740,6,ARID3A,6740,-1.0,12.596433302567712,0.25652934031187546,5.504278609373097e-09,-7.741759311342622,10.009669958852328,1.0,0.84,25,21
6738,6,ARID3A,6738,-1.0,12.596433302567712,0.21973410390532724,6.632055336111215e-07,-10.300065468037142,14.525866574834515,1.0,0.84,25,21
6746,6,ARID3A,6746,-1.0,12.596433302567712,0.28237393872801075,1.1753451353284997e-10,-11.920847864123234,18.647657883614237,1.0,0.84,25,21
6743,6,ARID3A,6743,-1.0,12.596433302567712,0.18078873183590918,4.618125738075742e-05,-8.32837064175428,11.015035606585812,1.0,0.84,25,21
6736,6,ARID3A,6736,-1.0,12.596433302567712,0.22927620241288155,2.0632079918797794e-07,-8.752186256395875,12.321602599323317,1.0,0.84,25,21
6751,6,ARID3A,6751,-1.0,12.596433302567712,0.13192401285680005,0.003062546976445177,-3.003150122745942,2.4386402422709583,1.0,0.84,25,21
6752,6,ARID3A,6752,-1.0,12.596433302567712,0.243171787321257,3.432582954512112e-08,-11.493333501543722,16.57818039375368,1.0,0.84,25,21
6747,6,ARID3A,6747,-1.0,12.596433302567712,0.41289875556878924,4.348033205374766e-22,-10.205515320700817,14.35989632993622,1.0,0.84,25,21
6733,6,ARID3A,6733,-1.0,12.596433302567712,0.3610334083008213,6.69625964993855e-17,-4.630782397425439,4.962231044478665,1.0,0.84,25,21
6744,6,ARID3A,6744,-1.0,12.596433302567712,0.13036540875936262,0.0034324209233706736,-2.3909534769315433,1.7124827283753774,1.0,0.84,25,21
6750,6,ARID3A,6750,-1.0,12.596433302567712,0.25409188118657855,7.747808130389103e-09,-5.170979525292408,5.676819986633123,1.0,0.84,25,21
6729,6,ARID3A,6729,-1.0,12.596433302567712,0.31645473201775104,3.8705666423503003e-13,-8.862011354529479,13.607349602198974,1.0,0.84,25,21
6732,6,ARID3A,6732,-1.0,12.596433302567712,0.30172496997877707,5.02130556742941e-12,-3.0989659000311076,2.574826858942999,1.0,0.84,25,21
6728,6,ARID3A,6728,-1.0,12.596433302567712,0.361446133419679,6.139265958582621e-17,-11.751653152235802,17.471446566479933,1.0,0.84,25,21
6730,6,ARID3A,6730,-1.0,12.596433302567712,0.33642186293456666,9.500145356172854e-15,-3.8819725592200007,3.708519917851759,1.0,0.84,25,21
6745,6,ARID3A,6745,-1.0,12.596433302567712,0.20949167224389426,2.194099030299327e-06,-12.522372906343186,18.33909732846595,1.0,0.84,25,21
6731,6,ARID3A,6731,-1.0,12.596433302567712,0.37404511073217633,4.075261300194695e-18,-7.618270071574089,10.341614825279123,1.0,0.84,25,21
6737,6,ARID3A,6737,-1.0,12.596433302567712,0.2518936527553196,1.0513986946578146e-08,-11.049553364538808,15.825170670487328,1.0,0.84,25,21
6739,6,ARID3A,6739,-1.0,12.596433302567712,0.18565454376349436,2.8425084370757783e-05,-3.3998260671786533,2.9641034904733723,1.0,0.84,25,21
6749,6,ARID3A,6749,-1.0,12.596433302567712,0.24143646364293422,4.320639735633824e-08,-6.783434536632836,8.57070056390613,1.0,0.84,25,21
4525,6,EWSR1,4525,1.0,8.384505806206082,-0.3795441915389833,1.20114733753036e-18,-3.7276475193301155,3.4139471921892657,0.4444444444444444,0.32,25,18
4523,6,EWSR1,4523,1.0,8.384505806206082,0.6808319157270514,1.2709782546476105e-69,7.092225129021454,9.190645970854666,0.4444444444444444,0.32,25,18
4546,6,EWSR1,4546,1.0,8.384505806206082,-0.3633240279676048,4.128733964247823e-17,-3.5864116843900975,3.2012613954181517,0.4444444444444444,0.32,25,18
4538,6,EWSR1,4538,1.0,8.384505806206082,0.2484618021289919,1.683750317598872e-08,9.06528062347173,12.684733319802287,0.4444444444444444,0.32,25,18
4542,6,EWSR1,4542,1.0,8.384505806206082,-0.17680718181546975,6.805816774565893e-05,-2.953599436962274,2.3714311575911085,0.4444444444444444,0.32,25,18
4532,6,EWSR1,4532,1.0,8.384505806206082,0.12673881562119518,0.00445474083137966,2.0639260628536493,1.3701391349069525,0.4444444444444444,0.32,25,18
4539,6,EWSR1,4539,1.0,8.384505806206082,-0.22846659338289987,2.282653489457515e-07,-8.035343265354541,10.97125528965369,0.4444444444444444,0.32,25,18
4543,6,EWSR1,4543,1.0,8.384505806206082,0.39243883977666555,6.242656855013622e-20,4.994542443059378,5.463587349996486,0.4444444444444444,0.32,25,18
8404,6,IRF1,8404,1.0,1.364956777238145,0.20052146979278512,5.965147625423714e-06,2.37335178398069,1.6894883154702691,0.5294117647058824,0.36,25,17
8413,6,IRF1,8413,1.0,1.364956777238145,0.24274492843022977,3.6330557618755044e-08,6.845383138045287,8.800967630790925,0.5294117647058824,0.36,25,17
8400,6,IRF1,8400,1.0,1.364956777238145,0.48901784559479966,1.536780020310465e-31,8.3455547179286,11.404685475549183,0.5294117647058824,0.36,25,17
8416,6,IRF1,8416,1.0,1.364956777238145,-0.33565797523469054,1.100327081849795e-14,-8.042186730549426,10.580587649967056,0.5294117647058824,0.36,25,17
8395,6,IRF1,8395,1.0,1.364956777238145,-0.16735652596812664,0.00016526432644541745,-5.07695793419359,5.703198103849085,0.5294117647058824,0.36,25,17
8397,6,IRF1,8397,1.0,1.364956777238145,0.24123915997774828,4.43467039547744e-08,13.685920405538424,21.786062597608844,0.5294117647058824,0.36,25,17
8409,6,IRF1,8409,1.0,1.364956777238145,0.21950986070124093,6.812347196976076e-07,5.2891813409451816,6.043581126933839,0.5294117647058824,0.36,25,17
8393,6,IRF1,8393,1.0,1.364956777238145,0.806227975563372,4.5838007303087365e-116,2.106987057716271,1.4105317157878658,0.5294117647058824,0.36,25,17
8394,6,IRF1,8394,1.0,1.364956777238145,0.6613414439052162,1.931720004355148e-64,2.2955049779787116,1.6066576166844426,0.5294117647058824,0.36,25,17
8639,6,ZNF410,8639,-1.0,2.124941721801364,0.2595716110569923,3.5745003179593613e-09,-4.379870209922208,4.34672363248512,0.6666666666666666,0.42105263157894735,19,12
8631,6,ZNF410,8631,-1.0,2.124941721801364,0.3162376979860465,4.023725756615202e-13,-4.765932056573367,4.920332874402882,0.6666666666666666,0.42105263157894735,19,12
8638,6,ZNF410,8638,-1.0,2.124941721801364,0.15240185672234693,0.0006122256178661142,-5.934162698320844,6.823406630741032,0.6666666666666666,0.42105263157894735,19,12
8637,6,ZNF410,8637,-1.0,2.124941721801364,0.2975290419375106,1.0152680827484575e-11,-3.7241051588096523,3.3879798665353977,0.6666666666666666,0.42105263157894735,19,12
8628,6,ZNF410,8628,-1.0,2.124941721801364,0.6630626338113694,6.982858405461242e-65,-2.8123864192882557,2.1909004962360017,0.6666666666666666,0.42105263157894735,19,12
8625,6,ZNF410,8625,-1.0,2.124941721801364,0.2638155370091164,1.9392712384729925e-09,-6.187525973260524,7.591774809323019,0.6666666666666666,0.42105263157894735,19,12
8632,6,ZNF410,8632,-1.0,2.124941721801364,0.09432040056817764,0.034624233346525556,-8.869047589035384,12.18854312284844,0.6666666666666666,0.42105263157894735,19,12
8635,6,ZNF410,8635,-1.0,2.124941721801364,0.17842535644258836,5.819307910340483e-05,-8.828664776746493,12.103693249356093,0.6666666666666666,0.42105263157894735,19,12
1365,6,ETV6,1365,1.0,1.3849128179006247,0.24645262475769233,2.2110985211297326e-08,3.743873363536837,3.438559253889383,0.3333333333333333,0.2,25,15
1363,6,ETV6,1363,1.0,1.3849128179006247,0.47652425499962037,8.045324481637032e-30,2.980057669914021,2.3992912220253935,0.3333333333333333,0.2,25,15
1364,6,ETV6,1364,1.0,1.3849128179006247,0.20984919027951243,2.1064230246768373e-06,3.1553455110771553,2.6363595666471387,0.3333333333333333,0.2,25,15
1355,6,ETV6,1355,1.0,1.3849128179006247,0.22138035636172232,5.441958541559763e-07,11.025725013715292,16.549590665981697,0.3333333333333333,0.2,25,15
1378,6,ETV6,1378,1.0,1.3849128179006247,0.14108459437330736,0.0015294574035837351,2.1517783558172665,1.4625637182641256,0.3333333333333333,0.2,25,15
2531,6,BATF3,2531,1.0,11.09536757631548,0.5081298358665907,2.606844086783223e-34,2.883591045407733,2.275669120484885,1.0,0.8,5,4
2528,6,BATF3,2528,1.0,11.09536757631548,0.34942313103747435,7.320915807505497e-16,8.662411966359118,12.287648472153839,1.0,0.8,5,4
2532,6,BATF3,2532,1.0,11.09536757631548,-0.22994893202514044,1.8964616879278541e-07,-6.6423830817503795,8.116331322673586,1.0,0.8,5,4
2530,6,BATF3,2530,1.0,11.09536757631548,-0.43007384990816133,5.119469918779667e-24,-7.999310937445609,10.491542664136212,1.0,0.8,5,4
8210,6,SMAD3,8210,-1.0,3.629342419908932,0.3046514196781285,3.052247106372243e-12,-8.75196567545541,12.100670315819256,0.95,0.76,25,20
8208,6,SMAD3,8208,-1.0,3.629342419908932,0.43855202634421303,5.193132224235718e-25,-10.217734199820221,14.461846284244885,0.95,0.76,25,20
8193,6,SMAD3,8193,-1.0,3.629342419908932,0.44102126274250864,2.6344235697648317e-25,-7.276323504756193,10.024160374227373,0.95,0.76,25,20
8200,6,SMAD3,8200,-1.0,3.629342419908932,0.2690928409076519,8.928626844471843e-10,-5.169697874040397,5.585522292288803,0.95,0.76,25,20
8206,6,SMAD3,8206,-1.0,3.629342419908932,0.2506601254177822,1.246303270745949e-08,-10.463165933028897,14.734498876756426,0.95,0.76,25,20
8205,6,SMAD3,8205,-1.0,3.629342419908932,0.106470227469783,0.017016868854545533,-2.0204489365771083,1.3296652442517904,0.95,0.76,25,20
8192,6,SMAD3,8192,-1.0,3.629342419908932,0.4356244383544855,1.1528363548442682e-24,-11.57030699270609,17.261989843005473,0.95,0.76,25,20
8207,6,SMAD3,8207,-1.0,3.629342419908932,0.21326624313095116,1.4214152646112596e-06,-5.043306405243318,5.500974796282254,0.95,0.76,25,20
8196,6,SMAD3,8196,-1.0,3.629342419908932,0.33645193277200125,9.445294869122488e-15,-2.615454169054364,1.9725834146149304,0.95,0.76,25,20
8216,6,SMAD3,8216,-1.0,3.629342419908932,0.4747397002625324,1.3974786059048804e-29,-10.555808174752254,15.09483239855324,0.95,0.76,25,20
8214,6,SMAD3,8214,-1.0,3.629342419908932,-0.2104926089145875,1.9570176097484933e-06,12.317311048189412,18.152609610563374,0.95,0.76,25,20
8198,6,SMAD3,8198,-1.0,3.629342419908932,0.543763541801888,5.721141249427162e-40,-8.723344163983311,13.137614982381555,0.95,0.76,25,20
8203,6,SMAD3,8203,-1.0,3.629342419908932,0.33382475858402555,1.5627532362583328e-14,-13.076587627286372,19.349871963819474,0.95,0.76,25,20
8204,6,SMAD3,8204,-1.0,3.629342419908932,0.2181728437970123,7.989058215727511e-07,-3.172731688382666,2.641319885941699,0.95,0.76,25,20
8209,6,SMAD3,8209,-1.0,3.629342419908932,0.297289336955816,1.0565719799024831e-11,-3.792683793616922,3.5344148626435445,0.95,0.76,25,20
8213,6,SMAD3,8213,-1.0,3.629342419908932,-0.14746139191759763,0.000920300785600007,13.586121421679067,20.649675897402588,0.95,0.76,25,20
8202,6,SMAD3,8202,-1.0,3.629342419908932,0.38132741827063243,8.042131021255593e-19,-10.17739330795907,15.104841877075884,0.95,0.76,25,20
8195,6,SMAD3,8195,-1.0,3.629342419908932,0.24494306200395738,2.7091690371525567e-08,-7.575724008736668,9.901715652584803,0.95,0.76,25,20
8197,6,SMAD3,8197,-1.0,3.629342419908932,0.3778484234512291,1.755029594120388e-18,-5.280693051121644,6.008338957432715,0.95,0.76,25,20
1246,6,MYB,1246,1.0,3.903655072644061,-0.3768985201323965,2.1682796208996797e-18,-6.095735639655868,7.303408999430091,0.42857142857142855,0.36,25,21
1231,6,MYB,1231,1.0,3.903655072644061,-0.25017113484372766,1.332887031665649e-08,-4.72468884969979,4.980841424165038,0.42857142857142855,0.36,25,21
1225,6,MYB,1225,1.0,3.903655072644061,0.6566446680984779,2.999606641801475e-63,5.199513272467333,5.847508857832536,0.42857142857142855,0.36,25,21
1245,6,MYB,1245,1.0,3.903655072644061,0.2169488970701402,9.235508870254219e-07,5.847854584705473,6.7915597707968125,0.42857142857142855,0.36,25,21
1236,6,MYB,1236,1.0,3.903655072644061,-0.35904187443035085,1.0163770494303288e-16,-7.863420124087272,10.177409219913955,0.42857142857142855,0.36,25,21
1243,6,MYB,1243,1.0,3.903655072644061,-0.41266853634022854,4.606845010953694e-22,-2.0503102361266303,1.3550493416264557,0.42857142857142855,0.36,25,21
1244,6,MYB,1244,1.0,3.903655072644061,-0.11801676047206988,0.008124021831836229,-7.942120651117131,10.53080590731248,0.42857142857142855,0.36,25,21
1233,6,MYB,1233,1.0,3.903655072644061,0.24756302701955124,1.9025606571217306e-08,2.2354308266769287,1.5433047180643336,0.42857142857142855,0.36,25,21
1235,6,MYB,1235,1.0,3.903655072644061,0.29474174823663407,1.610519977111657e-11,3.6213422736539367,3.301080439682239,0.42857142857142855,0.36,25,21
7633,6,ZNF143,7633,-1.0,9.922378919818556,0.14915374513422364,0.0008014834933257227,-6.50670018485922,8.35725509460792,0.9411764705882353,0.64,25,17
7639,6,ZNF143,7639,-1.0,9.922378919818556,0.5010143827257606,2.9380811965002735e-33,-10.484101622903092,14.829737802971973,0.9411764705882353,0.64,25,17
7645,6,ZNF143,7645,-1.0,9.922378919818556,-0.15554448673562082,0.0004693726565655577,5.6964946925865885,6.5132446912094855,0.9411764705882353,0.64,25,17
7651,6,ZNF143,7651,-1.0,9.922378919818556,0.47893240314773333,3.7992849990331294e-30,-10.770110775696454,15.291099650601113,0.9411764705882353,0.64,25,17
7640,6,ZNF143,7640,-1.0,9.922378919818556,0.37344039396988776,4.654624793974777e-18,-5.399830859004554,6.359583340648806,0.9411764705882353,0.64,25,17
7647,6,ZNF143,7647,-1.0,9.922378919818556,0.3130110242000059,7.138105921866426e-13,-2.0043739575507504,1.3075844893106858,0.9411764705882353,0.64,25,17
7653,6,ZNF143,7653,-1.0,9.922378919818556,-0.07883253713873925,0.07762849452155304,11.37771307921099,16.44443576503479,0.9411764705882353,0.64,25,17
7641,6,ZNF143,7641,-1.0,9.922378919818556,-0.2891484739012071,4.0046221834241455e-11,10.515164557158375,14.698606725162794,0.9411764705882353,0.64,25,17
7655,6,ZNF143,7655,-1.0,9.922378919818556,-0.15788234545301136,0.0003839356545396787,12.872625802334058,19.799819176918742,0.9411764705882353,0.64,25,17
7636,6,ZNF143,7636,-1.0,9.922378919818556,0.3205630117000599,1.8456591476654713e-13,-8.695440410317936,12.202403441824242,0.9411764705882353,0.64,25,17
7632,6,ZNF143,7632,-1.0,9.922378919818556,0.2905710522987039,3.182498842728747e-11,-3.192418683545148,2.7197038178184223,0.9411764705882353,0.64,25,17
7654,6,ZNF143,7654,-1.0,9.922378919818556,0.5487407164712657,8.167737846156689e-41,-6.443274264977581,7.9133567169079555,0.9411764705882353,0.64,25,17
7644,6,ZNF143,7644,-1.0,9.922378919818556,0.5406026042850657,1.936771553814098e-39,-9.445833378376266,12.994370248457134,0.9411764705882353,0.64,25,17
7646,6,ZNF143,7646,-1.0,9.922378919818556,0.3938810536831496,4.4481161754874865e-20,-7.886377724966098,10.248417223842642,0.9411764705882353,0.64,25,17
7634,6,ZNF143,7634,-1.0,9.922378919818556,0.5140739882104419,3.297217824213414e-35,-7.450449221756815,9.911796752467641,0.9411764705882353,0.64,25,17
7631,6,ZNF143,7631,-1.0,9.922378919818556,0.4861091342538087,3.9187904958592034e-31,-11.416053333198537,16.858740136377655,0.9411764705882353,0.64,25,17
1528,6,NRF1,1528,1.0,4.6991516260001776,0.300606694541817,6.064453174792276e-12,2.0525418689536465,1.3613211404387189,0.5,0.4583333333333333,24,22
1537,6,NRF1,1537,1.0,4.6991516260001776,0.556673177529522,3.428422912912263e-42,5.9101665592086325,6.991587129434204,0.5,0.4583333333333333,24,22
1536,6,NRF1,1536,1.0,4.6991516260001776,0.2167404950737875,9.465546103516424e-07,6.050726758673426,7.111346739591923,0.5,0.4583333333333333,24,22
1535,6,NRF1,1535,1.0,4.6991516260001776,0.5695566325785062,1.652609146575869e-44,7.09611775207554,9.219921094958968,0.5,0.4583333333333333,24,22
1529,6,NRF1,1529,1.0,4.6991516260001776,0.3797202471171492,1.1546302326293823e-18,2.6424374204590624,1.99153777675118,0.5,0.4583333333333333,24,22
1526,6,NRF1,1526,1.0,4.6991516260001776,0.3244627945284848,9.042034636458693e-14,8.492704542256918,12.216697417104902,0.5,0.4583333333333333,24,22
1531,6,NRF1,1531,1.0,4.6991516260001776,0.3547367653705128,2.4801361356506157e-16,12.217381451128995,18.37958854482219,0.5,0.4583333333333333,24,22
1522,6,NRF1,1522,1.0,4.6991516260001776,0.2364250454047431,8.314928075381327e-08,11.631239325106325,18.008193646928987,0.5,0.4583333333333333,24,22
1530,6,NRF1,1530,1.0,4.6991516260001776,0.5331932825121461,3.2114638985419045e-38,9.532770774486387,13.845852611268107,0.5,0.4583333333333333,24,22
1518,6,NRF1,1518,1.0,4.6991516260001776,0.74723768940144,8.793748354121676e-91,7.006399527386344,9.155823947507482,0.5,0.4583333333333333,24,22
1523,6,NRF1,1523,1.0,4.6991516260001776,0.34179127349603267,3.3443748271313983e-15,3.2392827532664605,2.755361281567691,0.5,0.4583333333333333,24,22
8966,6,SPDEF,8966,-1.0,2.776941931726524,0.2528859034702183,9.163746560844496e-09,-4.472178519209751,4.6021034089437745,1.0,0.875,8,7
8964,6,SPDEF,8964,-1.0,2.776941931726524,0.2584635955665844,4.1857918503484135e-09,-3.6143110564046026,3.2740504666663948,1.0,0.875,8,7
8970,6,SPDEF,8970,-1.0,2.776941931726524,0.13552524018302523,0.0023425394550434446,-6.525015542315187,7.956657994882203,1.0,0.875,8,7
8963,6,SPDEF,8963,-1.0,2.776941931726524,0.21817412434525055,7.987842957073995e-07,-8.38594978444493,12.453988903239631,1.0,0.875,8,7
8967,6,SPDEF,8967,-1.0,2.776941931726524,0.1279403548696099,0.004089020573107655,-4.423032350639326,4.5550527747654135,1.0,0.875,8,7
8968,6,SPDEF,8968,-1.0,2.776941931726524,-0.11508454791653629,0.009861110570096898,5.188726107984313,5.841687951760285,1.0,0.875,8,7
8965,6,SPDEF,8965,-1.0,2.776941931726524,0.17053629599040274,0.0001232536391969545,-10.117375462880473,14.751553280925592,1.0,0.875,8,7
6889,6,MAFG,6889,-1.0,6.270649555609325,0.4194961917309749,8.135328429405937e-23,-3.0062316275750756,2.4651692008370087,1.0,0.76,25,19
6896,6,MAFG,6896,-1.0,6.270649555609325,0.367155987661122,1.8225828070931152e-17,-4.739289081422506,4.962360856442766,1.0,0.76,25,19
6895,6,MAFG,6895,-1.0,6.270649555609325,0.16789522188860304,0.00015731123949384832,-8.45403480489793,11.225020051259749,1.0,0.76,25,19
6892,6,MAFG,6892,-1.0,6.270649555609325,0.5587592843587378,1.4682029319111254e-42,-5.8843224307198465,7.142604448389405,1.0,0.76,25,19
6899,6,MAFG,6899,-1.0,6.270649555609325,0.5322109379175954,4.6360383897583705e-38,-11.101685716402596,15.931578939916665,1.0,0.76,25,19
6901,6,MAFG,6901,-1.0,6.270649555609325,0.34364801481446977,2.319884023519365e-15,-13.093338159454374,19.178238012030985,1.0,0.76,25,19
6894,6,MAFG,6894,-1.0,6.270649555609325,0.2793595560971077,1.8802061223813295e-10,-10.260432884991898,14.65126096166851,1.0,0.76,25,19
6887,6,MAFG,6887,-1.0,6.270649555609325,0.6168272707434569,5.959795948418431e-54,-8.134346227436868,11.90604785149083,1.0,0.76,25,19
6886,6,MAFG,6886,-1.0,6.270649555609325,0.48096102631295756,2.0100130841521693e-30,-11.546490562443697,17.004433178902655,1.0,0.76,25,19
6909,6,MAFG,6909,-1.0,6.270649555609325,0.49834774780474766,7.177474363528939e-33,-4.662440840301742,4.909987600708656,1.0,0.76,25,19
6904,6,MAFG,6904,-1.0,6.270649555609325,0.33639188795466346,9.555133815407187e-15,-9.06875106344101,12.505001982792846,1.0,0.76,25,19
6898,6,MAFG,6898,-1.0,6.270649555609325,0.5829356233712073,5.029672888760804e-47,-13.266460779161436,20.240284849810788,1.0,0.76,25,19
6910,6,MAFG,6910,-1.0,6.270649555609325,0.32859156343756296,4.200265484185777e-14,-3.6465682574133553,3.2848725543438855,1.0,0.76,25,19
6900,6,MAFG,6900,-1.0,6.270649555609325,0.16743279142332348,0.00016411589985287082,-4.723870839549699,5.010313770580955,1.0,0.76,25,19
6906,6,MAFG,6906,-1.0,6.270649555609325,-0.15451490309046312,0.0005123454747385383,10.767193961266976,15.685067520218087,1.0,0.76,25,19
6903,6,MAFG,6903,-1.0,6.270649555609325,0.1399214513240238,0.0016742714252684122,-9.731760980807303,13.412130631334565,1.0,0.76,25,19
6907,6,MAFG,6907,-1.0,6.270649555609325,0.576033125388234,1.0336704676307089e-45,-9.837773860390671,14.001224998404794,1.0,0.76,25,19
6888,6,MAFG,6888,-1.0,6.270649555609325,0.4842401563138288,7.117424057103164e-31,-6.681487968590923,8.516787310843174,1.0,0.76,25,19
6891,6,MAFG,6891,-1.0,6.270649555609325,0.24889150674595933,1.5879479528604026e-08,-5.1424412656164655,5.639138520349291,1.0,0.76,25,19
1815,6,SP4,1815,-1.0,7.443254868702469,0.47759984454747767,5.758737053771842e-30,-10.362949925582345,14.645993738709373,0.7368421052631579,0.56,25,19
1809,6,SP4,1809,-1.0,7.443254868702469,0.5332970566514316,3.0890784492615133e-38,-3.924815468914559,3.7717154709013454,0.7368421052631579,0.56,25,19
1817,6,SP4,1817,-1.0,7.443254868702469,0.15434340067380148,0.0005198493504054681,-8.273536986990877,10.917744915894946,0.7368421052631579,0.56,25,19
1802,6,SP4,1802,-1.0,7.443254868702469,0.607395965832507,6.119366684737522e-52,-3.569232509988513,3.239338303432258,0.7368421052631579,0.56,25,19
1806,6,SP4,1806,-1.0,7.443254868702469,0.5913969151666806,1.1189308015516191e-48,-7.553933462554011,10.1105132589455,0.7368421052631579,0.56,25,19
1821,6,SP4,1821,-1.0,7.443254868702469,0.3003589266699585,6.322757108988997e-12,-3.0732627520655766,2.5034499307921525,0.7368421052631579,0.56,25,19
1800,6,SP4,1800,-1.0,7.443254868702469,0.6202068548700166,1.0907494144890944e-54,-8.097730683140092,11.788358190124601,0.7368421052631579,0.56,25,19
1805,6,SP4,1805,-1.0,7.443254868702469,0.5996469592398611,2.452640316396324e-50,-2.4426442111526785,1.772336890808854,0.7368421052631579,0.56,25,19
1811,6,SP4,1811,-1.0,7.443254868702469,0.6035072813352488,3.9499920779598013e-51,-9.727904197055159,13.682840301669533,0.7368421052631579,0.56,25,19
1810,6,SP4,1810,-1.0,7.443254868702469,-0.1248129231624116,0.005102902447853245,5.8732923515031805,7.008952249634484,0.7368421052631579,0.56,25,19
1814,6,SP4,1814,-1.0,7.443254868702469,0.6984664050907001,1.1359403065257354e-74,-6.243611448931944,7.608266322345842,0.7368421052631579,0.56,25,19
1808,6,SP4,1808,-1.0,7.443254868702469,0.47560366265797155,1.0701024351410918e-29,-2.914432447561132,2.3372423708934535,0.7368421052631579,0.56,25,19
1799,6,SP4,1799,-1.0,7.443254868702469,0.7836331013133926,1.9127977441961527e-105,-11.487013119111108,16.976611492232465,0.7368421052631579,0.56,25,19
1820,6,SP4,1820,-1.0,7.443254868702469,0.5106922223606616,1.0744551098002811e-34,-5.454408022284277,6.1986225800092045,0.7368421052631579,0.56,25,19
3042,6,RFX3,3042,-1.0,2.1622979127194224,0.22719180301922987,2.674424559685222e-07,-12.551429997185116,18.630074288632446,0.75,0.48,25,16
3035,6,RFX3,3035,-1.0,2.1622979127194224,0.39900345523300784,1.3167299696112082e-20,-3.154133322972903,2.6348006399453796,0.75,0.48,25,16
3032,6,RFX3,3032,-1.0,2.1622979127194224,0.25669742785740884,5.375322780851963e-09,-2.3723224588880973,1.6819178251526563,0.75,0.48,25,16
3040,6,RFX3,3040,-1.0,2.1622979127194224,0.19494545952806197,1.086453570611541e-05,-7.070567545328087,8.828736089243069,0.75,0.48,25,16
3034,6,RFX3,3034,-1.0,2.1622979127194224,0.37195701189480246,6.441439523945156e-18,-9.213190704261834,12.657444355072501,0.75,0.48,25,16
3033,6,RFX3,3033,-1.0,2.1622979127194224,0.5299095993497706,1.090525763405687e-37,-4.712215712306999,5.001852623699097,0.75,0.48,25,16
3027,6,RFX3,3027,-1.0,2.1622979127194224,0.4398338361652022,3.6536415933211377e-25,-6.141304363761392,7.4400697226245285,0.75,0.48,25,16
3044,6,RFX3,3044,-1.0,2.1622979127194224,0.12502056629851352,0.005029146469181531,-4.913629886496264,5.17321091369449,0.75,0.48,25,16
3024,6,RFX3,3024,-1.0,2.1622979127194224,0.44658275980493684,5.596571371305091e-26,-5.319158917336504,6.158108051392548,0.75,0.48,25,16
3023,6,RFX3,3023,-1.0,2.1622979127194224,0.5740352360631639,2.446740241366632e-45,-11.351367577204142,16.792908188889648,0.75,0.48,25,16
3041,6,RFX3,3041,-1.0,2.1622979127194224,0.45800797002464066,2.1201380900417947e-27,-8.121689440209298,10.763640771172394,0.75,0.48,25,16
3038,6,RFX3,3038,-1.0,2.1622979127194224,0.338877060418224,5.908763789948274e-15,-3.7799483725368206,3.4797799654671717,0.75,0.48,25,16
8973,6,ZIC1,8973,-1.0,8.345811256036162,0.14819236334114244,0.000867113317454483,-4.525699249327017,4.794371409311136,0.875,0.5833333333333334,12,8
8982,6,ZIC1,8982,-1.0,8.345811256036162,0.2205863852313172,5.987743585151533e-07,-4.548943773986107,4.701106336342934,0.875,0.5833333333333334,12,8
8971,6,ZIC1,8971,-1.0,8.345811256036162,0.18035471152649107,4.819485704886388e-05,-8.084187209169057,11.81345429459247,0.875,0.5833333333333334,12,8
8978,6,ZIC1,8978,-1.0,8.345811256036162,0.15790710918866557,0.0003831136874920714,-3.034891754441181,2.4842554976416245,0.875,0.5833333333333334,12,8
8974,6,ZIC1,8974,-1.0,8.345811256036162,0.20025458160806964,6.141177119198407e-06,-2.715239538063774,2.086886381855966,0.875,0.5833333333333334,12,8
8980,6,ZIC1,8980,-1.0,8.345811256036162,0.10912992678689731,0.014432696263718764,-3.39104765969465,2.9538863178212726,0.875,0.5833333333333334,12,8
8975,6,ZIC1,8975,-1.0,8.345811256036162,0.12581470397602607,0.004755847924918059,-8.032760595467039,11.181664179680466,0.875,0.5833333333333334,12,8
4138,6,HIC1,4138,1.0,3.0675180706091885,0.2904755307646451,3.2321131172438786e-11,7.579221982742003,9.982819608485695,0.6,0.48,25,20
4141,6,HIC1,4141,1.0,3.0675180706091885,-0.24587816754790107,2.389193289050806e-08,-7.893326708804751,10.281902682661542,0.6,0.48,25,20
4127,6,HIC1,4127,1.0,3.0675180706091885,0.31112715362760573,9.943529714651345e-13,6.628203173049115,8.368857231922538,0.6,0.48,25,20
4151,6,HIC1,4151,1.0,3.0675180706091885,-0.2129619401704144,1.4724745015337432e-06,-9.1023283827508,12.562651108226422,0.6,0.48,25,20
4137,6,HIC1,4137,1.0,3.0675180706091885,0.3566875105025073,1.6582773300182034e-16,2.5218060319698465,1.8611750087036718,0.6,0.48,25,20
4147,6,HIC1,4147,1.0,3.0675180706091885,0.5248295042588897,7.041435762957169e-37,7.9755844231060005,10.33899953822675,0.6,0.48,25,20
4146,6,HIC1,4146,1.0,3.0675180706091885,-0.19838622676233555,7.519682434912074e-06,-8.832799924406336,11.891363829727345,0.6,0.48,25,20
4133,6,HIC1,4133,1.0,3.0675180706091885,0.3843542272381409,4.047470538577516e-19,2.528391249546663,1.8613868069300625,0.6,0.48,25,20
4140,6,HIC1,4140,1.0,3.0675180706091885,0.11699713686770281,0.008694349479665235,11.571038000097332,16.70716072760531,0.6,0.48,25,20
4139,6,HIC1,4139,1.0,3.0675180706091885,-0.36984349123902954,1.0203886628385636e-17,-8.421600739310962,11.16517993459777,0.6,0.48,25,20
4145,6,HIC1,4145,1.0,3.0675180706091885,0.2886948651863422,4.307890481341616e-11,3.6080269161945657,3.2252318624745904,0.6,0.48,25,20
4130,6,HIC1,4130,1.0,3.0675180706091885,-0.3489565268408159,8.043067378764142e-16,-3.7602689101992377,3.462237438948497,0.6,0.48,25,20
9767,6,NFIL3,9767,-1.0,1.396313235475335,0.06756962815515714,0.13056545558187732,-7.54453777625814,10.490803764808158,1.0,0.7272727272727273,11,8
9765,6,NFIL3,9765,-1.0,1.396313235475335,0.17439467022091512,8.573616688383303e-05,-6.2212241672163024,7.613271932213965,1.0,0.7272727272727273,11,8
9762,6,NFIL3,9762,-1.0,1.396313235475335,0.24604065849908538,2.337456331367873e-08,-6.870264694720727,8.62993694629895,1.0,0.7272727272727273,11,8
9760,6,NFIL3,9760,-1.0,1.396313235475335,0.29958014633766217,7.206630421024827e-12,-8.195366906591353,10.91082887089851,1.0,0.7272727272727273,11,8
9757,6,NFIL3,9757,-1.0,1.396313235475335,0.09304029818275261,0.037166860553251406,-8.91688312692487,12.05726617164338,1.0,0.7272727272727273,11,8
9761,6,NFIL3,9761,-1.0,1.396313235475335,0.17385673316068948,9.022864823117612e-05,-9.919567223936435,14.008400018752342,1.0,0.7272727272727273,11,8
9764,6,NFIL3,9764,-1.0,1.396313235475335,0.07058657193940633,0.11421100014208285,-5.0611164592530065,5.448834260422402,1.0,0.7272727272727273,11,8
9759,6,NFIL3,9759,-1.0,1.396313235475335,0.1780393811475684,6.0415384379386376e-05,-2.9641000018649977,2.3672210085440706,1.0,0.7272727272727273,11,8
6253,6,ZBTB6,6253,-1.0,17.000197286580313,0.5944107286523955,2.8070400646296857e-49,-11.289313280122121,16.80468438297011,1.0,1.0,1,1
3379,6,E2F1,3379,1.0,4.1149000099557504,-0.32198900496868493,1.4235044673659083e-13,-2.5066325273371475,1.840576434635298,0.3684210526315789,0.2916666666666667,24,19
3377,6,E2F1,3377,1.0,4.1149000099557504,0.5395166752662924,2.9358048112664137e-39,3.0223415919218537,2.478193232109914,0.3684210526315789,0.2916666666666667,24,19
3371,6,E2F1,3371,1.0,4.1149000099557504,0.7655351380516197,8.05743438504153e-98,5.625019516661208,6.552333761064348,0.3684210526315789,0.2916666666666667,24,19
3359,6,E2F1,3359,1.0,4.1149000099557504,0.7990185186089845,1.5743877242065705e-112,4.160066607900213,4.123469480228666,0.3684210526315789,0.2916666666666667,24,19
3367,6,E2F1,3367,1.0,4.1149000099557504,-0.4186310910451598,1.0156521346470934e-22,-7.005660057181735,8.728135218314344,0.3684210526315789,0.2916666666666667,24,19
3378,6,E2F1,3378,1.0,4.1149000099557504,0.30826700934266055,1.637377216154651e-12,14.091184888902763,22.452767436838744,0.3684210526315789,0.2916666666666667,24,19
3368,6,E2F1,3368,1.0,4.1149000099557504,0.5420967052611924,1.0900614084886888e-39,10.955675520755843,17.454365452172922,0.3684210526315789,0.2916666666666667,24,19
416,6,HOXA1,416,-1.0,11.866230370907887,0.1790094891205763,5.497613079268993e-05,-8.369732604340257,11.6943717611514,1.0,0.7777777777777778,9,7
420,6,HOXA1,420,-1.0,11.866230370907887,0.07456252536549675,0.09516517441714607,-8.532245441790213,11.599473561996792,1.0,0.7777777777777778,9,7
419,6,HOXA1,419,-1.0,11.866230370907887,0.27503158637221686,3.6548155523811367e-10,-10.39785900093213,14.602236181675798,1.0,0.7777777777777778,9,7
422,6,HOXA1,422,-1.0,11.866230370907887,0.33978114754941974,4.955539702511998e-15,-3.7406611018023934,3.4249782965177054,1.0,0.7777777777777778,9,7
418,6,HOXA1,418,-1.0,11.866230370907887,0.21614327205647477,1.015563550328772e-06,-9.45383153172005,13.095933544969132,1.0,0.7777777777777778,9,7
417,6,HOXA1,417,-1.0,11.866230370907887,0.3442608893244536,2.0549435596984165e-15,-5.659012918390699,6.434325704324422,1.0,0.7777777777777778,9,7
414,6,HOXA1,414,-1.0,11.866230370907887,-0.03802473229900365,0.3952465206463648,2.734499709219426,2.116642141065238,1.0,0.7777777777777778,9,7
6941,6,PLAG1,6941,-1.0,3.165772563251287,0.30603520134530743,2.40737427696868e-12,-2.6553687344175856,2.02825834885628,0.6,0.48,25,20
6934,6,PLAG1,6934,-1.0,3.165772563251287,0.3021108504162657,4.703788645291219e-12,-11.622952154219,17.232030960754592,0.6,0.48,25,20
6944,6,PLAG1,6944,-1.0,3.165772563251287,0.33528774628987296,1.1813417944391853e-14,-2.2641963409339962,1.5741863262365283,0.6,0.48,25,20
6946,6,PLAG1,6946,-1.0,3.165772563251287,0.2813895072677706,1.3711078442050915e-10,-10.590311202782996,15.255503236054857,0.6,0.48,25,20
6943,6,PLAG1,6943,-1.0,3.165772563251287,0.18205062157531704,4.07690473837e-05,-7.973834222813954,10.50136487115176,0.6,0.48,25,20
6940,6,PLAG1,6940,-1.0,3.165772563251287,0.3513146850699131,4.991609127164618e-16,-2.786350551596311,2.177085121436515,0.6,0.48,25,20
6938,6,PLAG1,6938,-1.0,3.165772563251287,0.2605069063159986,3.126737153785579e-09,-2.941243767187466,2.3647143118860607,0.6,0.48,25,20
6935,6,PLAG1,6935,-1.0,3.165772563251287,0.356457386131478,1.7391735672028064e-16,-8.293557059222307,12.065123045065235,0.6,0.48,25,20
6939,6,PLAG1,6939,-1.0,3.165772563251287,-0.2768504795356496,2.7680031409444565e-10,2.5878057400783394,1.9274764897468808,0.6,0.48,25,20
6942,6,PLAG1,6942,-1.0,3.165772563251287,0.38106712920463715,8.528424166370116e-19,-2.3828269510362587,1.7036356242238995,0.6,0.48,25,20
6936,6,PLAG1,6936,-1.0,3.165772563251287,0.34429731461648794,2.0401687661422883e-15,-3.4352149990904066,3.04785926882231,0.6,0.48,25,20
6957,6,PLAG1,6957,-1.0,3.165772563251287,0.2667243432076387,1.2672950616345408e-09,-6.461867213220991,7.880376431040432,0.6,0.48,25,20
8228,6,THRB,8228,-1.0,6.212568604379153,-0.289491099304405,3.789462106982535e-11,14.729674900373137,22.000985751617037,1.0,0.875,24,21
8234,6,THRB,8234,-1.0,6.212568604379153,0.19602655081273695,9.684970531149846e-06,-8.411524825099388,11.476499974003406,1.0,0.875,24,21
8235,6,THRB,8235,-1.0,6.212568604379153,-0.2875874035079548,5.145506802967008e-11,12.664689966194002,18.895105449041075,1.0,0.875,24,21
8236,6,THRB,8236,-1.0,6.212568604379153,0.21355774032475708,1.3740995037055286e-06,-7.582554806503133,9.947578158499091,1.0,0.875,24,21
8230,6,THRB,8230,-1.0,6.212568604379153,0.2742697855380303,4.103490031567109e-10,-3.2551563981825273,2.774248128669411,1.0,0.875,24,21
8240,6,THRB,8240,-1.0,6.212568604379153,0.1669154384473985,0.0001720555892771983,-6.04608351827372,7.140303480156256,1.0,0.875,24,21
8224,6,THRB,8224,-1.0,6.212568604379153,-0.26806553384324633,1.039766207428558e-09,8.815529057722772,12.447871773359351,1.0,0.875,24,21
8229,6,THRB,8229,-1.0,6.212568604379153,-0.16178829402097328,0.00027274896808568796,8.167709523183625,11.44777853693138,1.0,0.875,24,21
8222,6,THRB,8222,-1.0,6.212568604379153,0.29023497206516846,3.360427656019979e-11,-11.842338131978838,17.15485099340201,1.0,0.875,24,21
8232,6,THRB,8232,-1.0,6.212568604379153,0.23932626300075827,5.7021169933234235e-08,-2.5540496589478114,1.8943352635597306,1.0,0.875,24,21
8227,6,THRB,8227,-1.0,6.212568604379153,-0.25233151511998225,9.89593107840165e-09,10.67097038413473,15.127417422294242,1.0,0.875,24,21
8225,6,THRB,8225,-1.0,6.212568604379153,-0.293680766748603,1.9172254995850367e-11,5.723973886301236,6.590838943541451,1.0,0.875,24,21
8233,6,THRB,8233,-1.0,6.212568604379153,-0.2783062580691152,2.212695647894148e-10,12.109182371344088,17.597168151404563,1.0,0.875,24,21
8218,6,THRB,8218,-1.0,6.212568604379153,0.27221242054081024,5.599991388916714e-10,-2.05015451433219,1.3585428241843245,1.0,0.875,24,21
8239,6,THRB,8239,-1.0,6.212568604379153,-0.1925403468209518,1.399811145913955e-05,6.3252804074735405,7.81292822301858,1.0,0.875,24,21
8223,6,THRB,8223,-1.0,6.212568604379153,0.25451598920919694,7.3022170644002015e-09,-3.2725986464632144,2.794931848849366,1.0,0.875,24,21
8231,6,THRB,8231,-1.0,6.212568604379153,0.29854382780777944,8.57206433589989e-12,-11.104186237183931,15.71690801260741,1.0,0.875,24,21
8219,6,THRB,8219,-1.0,6.212568604379153,0.32298406047243505,1.1865816784095877e-13,-7.5276219023769695,10.581124711321426,1.0,0.875,24,21
8221,6,THRB,8221,-1.0,6.212568604379153,0.33184071845853097,2.2785088145126233e-14,-4.986296813005102,5.392276453185839,1.0,0.875,24,21
8217,6,THRB,8217,-1.0,6.212568604379153,0.32977842086968134,3.3621348968565044e-14,-11.373806489490713,16.755613640442753,1.0,0.875,24,21
8226,6,THRB,8226,-1.0,6.212568604379153,0.27177531703639835,5.980406432520573e-10,-9.282523823535506,14.250562607756057,1.0,0.875,24,21
8657,6,LHX8,8657,-1.0,1.7510272335446597,0.4539009524374328,6.975322213237361e-27,-2.843239034386865,2.2354995207700963,0.9230769230769231,0.6666666666666666,18,13
8659,6,LHX8,8659,-1.0,1.7510272335446597,0.39657567997484355,2.350793215843493e-20,-3.825135851639704,3.561114442886661,0.9230769230769231,0.6666666666666666,18,13
8649,6,LHX8,8649,-1.0,1.7510272335446597,0.2317183177583995,1.517562931041659e-07,-1.9931038644093917,1.3021553766302776,0.9230769230769231,0.6666666666666666,18,13
8652,6,LHX8,8652,-1.0,1.7510272335446597,-0.21642553912008197,9.823665512464339e-07,9.116027891469992,13.21650643789964,0.9230769230769231,0.6666666666666666,18,13
8654,6,LHX8,8654,-1.0,1.7510272335446597,0.43352746570600514,2.0313240706275653e-24,-4.044158777430711,3.875927057441736,0.9230769230769231,0.6666666666666666,18,13
8643,6,LHX8,8643,-1.0,1.7510272335446597,0.6288834949503345,1.2659843579107723e-56,-2.6528813581566144,2.0127260664637494,0.9230769230769231,0.6666666666666666,18,13
8648,6,LHX8,8648,-1.0,1.7510272335446597,0.5591903062183707,1.2312964219083595e-42,-3.760602962478455,3.474344718059658,0.9230769230769231,0.6666666666666666,18,13
8656,6,LHX8,8656,-1.0,1.7510272335446597,0.3705582162670347,8.737154748474958e-18,-6.15412211317004,7.384571191384622,0.9230769230769231,0.6666666666666666,18,13
8646,6,LHX8,8646,-1.0,1.7510272335446597,-0.20219858890420211,4.964387740240761e-06,10.353857232787048,15.549710193924557,0.9230769230769231,0.6666666666666666,18,13
8658,6,LHX8,8658,-1.0,1.7510272335446597,0.4750604354583155,1.2657557616677924e-29,-2.7241654996750215,2.1040448224151174,0.9230769230769231,0.6666666666666666,18,13
8647,6,LHX8,8647,-1.0,1.7510272335446597,0.38867682515672447,1.499436844522233e-19,-7.472024112913789,9.882268388309825,0.9230769230769231,0.6666666666666666,18,13
8653,6,LHX8,8653,-1.0,1.7510272335446597,0.4097222884407107,9.617193108782563e-22,-2.881911597534235,2.288128998573848,0.9230769230769231,0.6666666666666666,18,13
64,6,NFIB,64,-1.0,5.768479152447184,0.3023793920874875,4.494491095748004e-12,-7.097214368974192,9.644693003173781,0.6666666666666666,0.42857142857142855,14,9
65,6,NFIB,65,-1.0,5.768479152447184,0.30378736242515797,3.537578665844701e-12,-3.6185591128058987,3.30229438574931,0.6666666666666666,0.42857142857142855,14,9
61,6,NFIB,61,-1.0,5.768479152447184,0.4394333476678873,4.0785557468470323e-25,-11.352922420896936,16.73898699915028,0.6666666666666666,0.42857142857142855,14,9
72,6,NFIB,72,-1.0,5.768479152447184,0.37592869673198254,2.6888147698906424e-18,-8.335941741234597,10.998865853845885,0.6666666666666666,0.42857142857142855,14,9
69,6,NFIB,69,-1.0,5.768479152447184,-0.46341750532186327,4.308678207741444e-28,3.159317722785886,2.627724145146108,0.6666666666666666,0.42857142857142855,14,9
68,6,NFIB,68,-1.0,5.768479152447184,0.1558122695465919,0.0004587586833719132,-4.914067374391452,5.366018587270244,0.6666666666666666,0.42857142857142855,14,9
8945,6,DMRTA1,8945,-1.0,12.663258086821813,0.24027765633515197,5.0332985724528865e-08,-4.763742099076702,5.119482732130746,1.0,1.0,6,6
8948,6,DMRTA1,8948,-1.0,12.663258086821813,0.26837439133534324,9.932920696743075e-10,-9.858570240268055,15.042089912653498,1.0,1.0,6,6
8947,6,DMRTA1,8947,-1.0,12.663258086821813,0.20650323561255396,3.0767909722991684e-06,-5.404559995524939,6.177498863001946,1.0,1.0,6,6
8950,6,DMRTA1,8950,-1.0,12.663258086821813,0.18530711773115002,2.9439590263109997e-05,-6.706554703146061,8.210244501608992,1.0,1.0,6,6
8949,6,DMRTA1,8949,-1.0,12.663258086821813,0.15806663391381862,0.0003778578632171146,-4.6444209239855825,4.849513322548252,1.0,1.0,6,6
8946,6,DMRTA1,8946,-1.0,12.663258086821813,0.2307825312562028,1.707801789759598e-07,-9.092698437968853,13.833605103796804,1.0,1.0,6,6
2500,6,CEBPD,2500,1.0,5.213774601024541,-0.07626550262563275,0.0878252502311869,-5.823181414841927,6.804393128373084,0.75,0.5454545454545454,11,8
2502,6,CEBPD,2502,1.0,5.213774601024541,0.3508886798966679,5.442485056715281e-16,7.495417677200143,9.579647249129131,0.75,0.5454545454545454,11,8
2499,6,CEBPD,2499,1.0,5.213774601024541,-0.18533468416781795,2.9357857652399234e-05,-4.825165369567184,5.049576352808206,0.75,0.5454545454545454,11,8
2498,6,CEBPD,2498,1.0,5.213774601024541,-0.19512673227045152,1.0657642549565253e-05,-11.324948307450395,16.195317755461453,0.75,0.5454545454545454,11,8
2497,6,CEBPD,2497,1.0,5.213774601024541,-0.20645651581362792,3.0929769208810413e-06,-8.783598945209675,11.821329908437411,0.75,0.5454545454545454,11,8
2493,6,CEBPD,2493,1.0,5.213774601024541,-0.22103773095852447,5.671347074846685e-07,-2.7912701069159698,2.177916893882733,0.75,0.5454545454545454,11,8
6254,6,PROX1,6254,-1.0,15.062595082708327,0.414226571292478,3.1123163521971665e-22,-11.970816982486578,17.704692040179662,1.0,0.6,5,3
6257,6,PROX1,6257,-1.0,15.062595082708327,0.48173515862621824,1.5746923354562726e-30,-2.2226682857904145,1.5344952745827625,1.0,0.6,5,3
6258,6,PROX1,6258,-1.0,15.062595082708327,0.34846753626676136,8.874934302379353e-16,-3.400932723765174,2.958385618956748,1.0,0.6,5,3
1095,6,MAZ,1095,1.0,4.144193978474641,0.28208405411223764,1.2299702019708062e-10,8.461711358137437,11.146797123869513,0.5263157894736842,0.4,25,19
1075,6,MAZ,1075,1.0,4.144193978474641,-0.4028180559982899,5.2453589930406916e-21,-3.985893510539081,3.7812664975441352,0.5263157894736842,0.4,25,19
1087,6,MAZ,1087,1.0,4.144193978474641,-0.30289370962240963,4.11874399855558e-12,-7.359428551743789,9.368204099525542,0.5263157894736842,0.4,25,19
1089,6,MAZ,1089,1.0,4.144193978474641,-0.2776054506275798,2.464940388468469e-10,-8.758614293750732,11.78199477215831,0.5263157894736842,0.4,25,19
1083,6,MAZ,1083,1.0,4.144193978474641,0.020748994118880485,0.6428056448676753,8.893292010520085,13.031001019212303,0.5263157894736842,0.4,25,19
1071,6,MAZ,1071,1.0,4.144193978474641,0.5896050563996795,2.5285832870050315e-48,5.730753813615638,6.7109462767933,0.5263157894736842,0.4,25,19
1092,6,MAZ,1092,1.0,4.144193978474641,0.2999324472090567,6.792768933307412e-12,5.532935897186276,6.203448390705446,0.5263157894736842,0.4,25,19
1093,6,MAZ,1093,1.0,4.144193978474641,0.2453626168650715,2.560784352383634e-08,7.778801629620828,10.345198586458299,0.5263157894736842,0.4,25,19
1088,6,MAZ,1088,1.0,4.144193978474641,-0.1700186077276352,0.00012932828995676254,-9.11362110822355,12.98934335864326,0.5263157894736842,0.4,25,19
1081,6,MAZ,1081,1.0,4.144193978474641,0.2725709820092732,5.305603815231927e-10,3.680438438182932,3.3500861430593494,0.5263157894736842,0.4,25,19
6711,6,SOX5,6711,-1.0,9.599981669664869,-0.22451492011799387,3.7185640585195546e-07,9.356260974896403,13.248748687157233,0.9565217391304348,0.88,25,23
6712,6,SOX5,6712,-1.0,9.599981669664869,0.2708980148603442,6.821277672973434e-10,-10.458732257976672,14.619897940983535,0.9565217391304348,0.88,25,23
6696,6,SOX5,6696,-1.0,9.599981669664869,0.26488570238998366,1.6592941263723477e-09,-2.5469713041066897,1.8912141129988063,0.9565217391304348,0.88,25,23
6697,6,SOX5,6697,-1.0,9.599981669664869,0.666990194355647,6.676706241956211e-66,-3.244596328850711,2.7665085659082913,0.9565217391304348,0.88,25,23
6705,6,SOX5,6705,-1.0,9.599981669664869,-0.2909262980796581,3.004420310168778e-11,11.178815196299627,17.179522626592636,0.9565217391304348,0.88,25,23
6707,6,SOX5,6707,-1.0,9.599981669664869,0.317860926744257,3.007763291193258e-13,-9.448339038154323,13.033534238539909,0.9565217391304348,0.88,25,23
6713,6,SOX5,6713,-1.0,9.599981669664869,0.5461915890849893,2.2225068802068425e-40,-10.44543766757588,15.178088452159052,0.9565217391304348,0.88,25,23
6706,6,SOX5,6706,-1.0,9.599981669664869,0.4450261850876975,8.659029957604091e-26,-4.627772308821533,4.870733217285155,0.9565217391304348,0.88,25,23
6698,6,SOX5,6698,-1.0,9.599981669664869,0.3602462000813364,7.899825866134946e-17,-10.139741000408106,14.609824270761484,0.9565217391304348,0.88,25,23
6694,6,SOX5,6694,-1.0,9.599981669664869,0.29780854969198495,9.690949972204072e-12,-7.412688735961492,9.816795054143496,0.9565217391304348,0.88,25,23
6702,6,SOX5,6702,-1.0,9.599981669664869,0.5772319871151205,6.146066679973728e-46,-8.608811051079057,12.093968518424006,0.9565217391304348,0.88,25,23
6691,6,SOX5,6691,-1.0,9.599981669664869,0.6681895739773918,3.236904298216865e-66,-3.006281365806191,2.4482849565880933,0.9565217391304348,0.88,25,23
6703,6,SOX5,6703,-1.0,9.599981669664869,0.3876715271628355,1.8914535565390442e-19,-10.541990287233213,14.954903972318546,0.9565217391304348,0.88,25,23
6693,6,SOX5,6693,-1.0,9.599981669664869,0.3928362868872066,5.686931581301141e-20,-4.323002517019561,4.405909299221486,0.9565217391304348,0.88,25,23
6709,6,SOX5,6709,-1.0,9.599981669664869,0.5033549832391894,1.3327732485693048e-33,-10.282579278264032,14.54141243007015,0.9565217391304348,0.88,25,23
6700,6,SOX5,6700,-1.0,9.599981669664869,0.7300322300075694,1.070703609725023e-84,-4.285140402956492,4.335765351849744,0.9565217391304348,0.88,25,23
6692,6,SOX5,6692,-1.0,9.599981669664869,0.6257937714455944,6.289117638464095e-56,-8.46556423964675,12.677023585688621,0.9565217391304348,0.88,25,23
6708,6,SOX5,6708,-1.0,9.599981669664869,0.3002136643953493,6.479162883061829e-12,-4.998963836914175,5.4142457771521775,0.9565217391304348,0.88,25,23
6710,6,SOX5,6710,-1.0,9.599981669664869,0.4279869125905435,8.903883110953054e-24,-10.115750538103477,14.231468560062693,0.9565217391304348,0.88,25,23
6689,6,SOX5,6689,-1.0,9.599981669664869,0.5726193461101707,4.4898779666909867e-45,-11.642052541650402,17.234691204660383,0.9565217391304348,0.88,25,23
6699,6,SOX5,6699,-1.0,9.599981669664869,0.5075873875141672,3.1418464908974488e-34,-2.9503056484867645,2.375218513706402,0.9565217391304348,0.88,25,23
6701,6,SOX5,6701,-1.0,9.599981669664869,0.25947990947842065,3.6216113634080806e-09,-5.305428715631142,6.049870939492746,0.9565217391304348,0.88,25,23
5279,6,MTF1,5279,-1.0,16.14473877864803,0.36342353351797985,4.0425496774343557e-17,-9.966080104072207,13.979856315295189,0.9166666666666666,0.88,25,24
5276,6,MTF1,5276,-1.0,16.14473877864803,0.17401704238865304,8.88671829833493e-05,-8.404730638660796,11.186955140192238,0.9166666666666666,0.88,25,24
5266,6,MTF1,5266,-1.0,16.14473877864803,0.13596627169729672,0.002265903845606641,-3.250403089320212,2.7468897822919147,0.9166666666666666,0.88,25,24
5263,6,MTF1,5263,-1.0,16.14473877864803,0.5655264206444895,8.993058246960374e-44,-9.883134055052851,13.818036158017806,0.9166666666666666,0.88,25,24
5261,6,MTF1,5261,-1.0,16.14473877864803,0.5214908985858687,2.358280441984047e-36,-10.27299611834682,14.477843740283031,0.9166666666666666,0.88,25,24
5268,6,MTF1,5268,-1.0,16.14473877864803,-0.40984785278832053,9.321594388645042e-22,10.614685442467147,16.703631494377177,0.9166666666666666,0.88,25,24
5256,6,MTF1,5256,-1.0,16.14473877864803,0.3781365057739068,1.6457911544363266e-18,-11.580162780832227,17.16306984637366,0.9166666666666666,0.88,25,24
5260,6,MTF1,5260,-1.0,16.14473877864803,-0.4210879011068499,5.39922762322903e-23,13.023459203154532,20.627495584783016,0.9166666666666666,0.88,25,24
5265,6,MTF1,5265,-1.0,16.14473877864803,0.26056021624861136,3.1029268791263847e-09,-8.6245206510522,12.013188684220353,0.9166666666666666,0.88,25,24
5259,6,MTF1,5259,-1.0,16.14473877864803,-0.05462679229155449,0.22178551992651033,6.030818870778014,7.274355702801524,0.9166666666666666,0.88,25,24
5267,6,MTF1,5267,-1.0,16.14473877864803,-0.287705406276941,5.049196249769963e-11,3.719025018244708,3.4038227702040285,0.9166666666666666,0.88,25,24
5255,6,MTF1,5255,-1.0,16.14473877864803,-0.3060958153078333,2.382407775020249e-12,6.3984150988992,8.021100495318052,0.9166666666666666,0.88,25,24
5269,6,MTF1,5269,-1.0,16.14473877864803,0.4830028346750377,1.0544492002698016e-30,-8.581401229502111,11.442773868010557,0.9166666666666666,0.88,25,24
5257,6,MTF1,5257,-1.0,16.14473877864803,0.4533782584925592,8.107472117834609e-27,-4.125920059488098,3.9946611210619367,0.9166666666666666,0.88,25,24
5271,6,MTF1,5271,-1.0,16.14473877864803,0.26651508749350405,1.3069040786431393e-09,-5.078549013826735,5.525293812881994,0.9166666666666666,0.88,25,24
5272,6,MTF1,5272,-1.0,16.14473877864803,0.10452403549929282,0.019156070812781006,-5.580197307710945,6.419014031665485,0.9166666666666666,0.88,25,24
5273,6,MTF1,5273,-1.0,16.14473877864803,0.582522423964693,6.039671101650653e-47,-8.578652804443367,11.509631871567072,0.9166666666666666,0.88,25,24
5278,6,MTF1,5278,-1.0,16.14473877864803,0.2620106827603219,2.518602191788532e-09,-9.85398925269379,14.473901075333986,0.9166666666666666,0.88,25,24
5274,6,MTF1,5274,-1.0,16.14473877864803,0.48715019566025847,2.8060430136745095e-31,-9.854469879215193,13.614043381158181,0.9166666666666666,0.88,25,24
5262,6,MTF1,5262,-1.0,16.14473877864803,0.15073720190487203,0.0007033225475929884,-5.777867389606166,6.813161525798664,0.9166666666666666,0.88,25,24
5275,6,MTF1,5275,-1.0,16.14473877864803,0.4061657679943195,2.315783605391614e-21,-11.814475666233994,16.952778692891275,0.9166666666666666,0.88,25,24
5277,6,MTF1,5277,-1.0,16.14473877864803,0.24780349086149656,1.8414610284961267e-08,-4.711745158988582,4.885871628153823,0.9166666666666666,0.88,25,24
6714,6,C10orf90,6714,-1.0,14.790321922163992,0.2773552936068448,2.561592828476664e-10,-11.88965313656486,17.836823557958173,0.8461538461538461,0.7857142857142857,14,13
6724,6,C10orf90,6724,-1.0,14.790321922163992,0.05830164076209905,0.1921919409932103,-3.299626970638335,2.8102838560040726,0.8461538461538461,0.7857142857142857,14,13
6715,6,C10orf90,6715,-1.0,14.790321922163992,0.4421069293711373,1.9513141224750508e-25,-8.432909062510717,12.706859508827428,0.8461538461538461,0.7857142857142857,14,13
6717,6,C10orf90,6717,-1.0,14.790321922163992,0.5138505154986027,3.5663820825645125e-35,-2.8787367502334593,2.2937485003296754,0.8461538461538461,0.7857142857142857,14,13
6718,6,C10orf90,6718,-1.0,14.790321922163992,0.32311725572111594,1.1579573685536388e-13,-3.241697964932077,2.7422925025427953,0.8461538461538461,0.7857142857142857,14,13
6720,6,C10orf90,6720,-1.0,14.790321922163992,0.42312646838331797,3.183569358834578e-23,-7.483039443810826,10.368467973963222,0.8461538461538461,0.7857142857142857,14,13
6722,6,C10orf90,6722,-1.0,14.790321922163992,0.3788374878785402,1.4071701833440702e-18,-2.1584963017703593,1.4705660723870297,0.8461538461538461,0.7857142857142857,14,13
6726,6,C10orf90,6726,-1.0,14.790321922163992,0.36816439552829044,1.467026562223783e-17,-7.0341350403907255,9.274186544735267,0.8461538461538461,0.7857142857142857,14,13
6719,6,C10orf90,6719,-1.0,14.790321922163992,-0.28741976310001965,5.2854172975811806e-11,2.4658381918534444,1.7942890411942019,0.8461538461538461,0.7857142857142857,14,13
6716,6,C10orf90,6716,-1.0,14.790321922163992,0.22174173713015977,5.2096861830159e-07,-3.8859246756580306,3.7300539596423343,0.8461538461538461,0.7857142857142857,14,13
6725,6,C10orf90,6725,-1.0,14.790321922163992,0.03947576426520804,0.3774482422838281,-7.45622651712705,9.844893681532652,0.8461538461538461,0.7857142857142857,14,13
7086,6,FOXK1,7086,-1.0,10.921722177220653,0.400510836263522,9.165582464012939e-21,-10.040654237246729,14.067650166570138,0.9565217391304348,0.88,25,23
7091,6,FOXK1,7091,-1.0,10.921722177220653,0.5824980455791386,6.105181874560915e-47,-7.398541101940614,10.198956743986507,0.9565217391304348,0.88,25,23
7099,6,FOXK1,7099,-1.0,10.921722177220653,0.312834114904058,7.364533596259489e-13,-9.8032004628763,13.50452927707983,0.9565217391304348,0.88,25,23
7079,6,FOXK1,7079,-1.0,10.921722177220653,0.3695260030816366,1.0930741315327134e-17,-4.5216027493335025,4.749782126053435,0.9565217391304348,0.88,25,23
7089,6,FOXK1,7089,-1.0,10.921722177220653,0.37790419967965666,1.733336787008862e-18,-10.223370394215994,14.455675895207007,0.9565217391304348,0.88,25,23
7094,6,FOXK1,7094,-1.0,10.921722177220653,0.3698273654587018,1.0239630438428787e-17,-4.467941382792595,4.5534784452152355,0.9565217391304348,0.88,25,23
7100,6,FOXK1,7100,-1.0,10.921722177220653,0.3942170390591536,4.109425614961038e-20,-5.2487415855922785,5.82424901158029,0.9565217391304348,0.88,25,23
7090,6,FOXK1,7090,-1.0,10.921722177220653,-0.2679388041813769,1.0594409875294008e-09,13.726268469948343,21.828204122042827,0.9565217391304348,0.88,25,23
7097,6,FOXK1,7097,-1.0,10.921722177220653,0.16300522129052628,0.00024479553495437145,-3.5151498405631925,3.130375218674425,0.9565217391304348,0.88,25,23
7095,6,FOXK1,7095,-1.0,10.921722177220653,0.2698977070610665,7.920662283933083e-10,-3.211205167879949,2.690293742467768,0.9565217391304348,0.88,25,23
7083,6,FOXK1,7083,-1.0,10.921722177220653,0.23948258821240553,5.5866159030892304e-08,-3.4316846948198148,3.0165413714974414,0.9565217391304348,0.88,25,23
7078,6,FOXK1,7078,-1.0,10.921722177220653,0.44521804450155705,8.206517861503854e-26,-8.58125939898782,12.986486664083008,0.9565217391304348,0.88,25,23
7080,6,FOXK1,7080,-1.0,10.921722177220653,0.4088195971486016,1.20323381966507e-21,-7.658069435278402,10.387053059181914,0.9565217391304348,0.88,25,23
7077,6,FOXK1,7077,-1.0,10.921722177220653,0.22489909648675688,3.547644660028168e-07,-2.4979841884060607,1.835076336899143,0.9565217391304348,0.88,25,23
7084,6,FOXK1,7084,-1.0,10.921722177220653,0.2828663441731935,1.0879289111588823e-10,-6.523754270781617,7.968933008390145,0.9565217391304348,0.88,25,23
7088,6,FOXK1,7088,-1.0,10.921722177220653,0.43798041486036193,6.07179125160287e-25,-6.672753399995263,8.431182138016759,0.9565217391304348,0.88,25,23
7085,6,FOXK1,7085,-1.0,10.921722177220653,0.36265604123191286,4.755936086540103e-17,-8.607033971407034,11.956480092400291,0.9565217391304348,0.88,25,23
7082,6,FOXK1,7082,-1.0,10.921722177220653,0.4094255470587976,1.0353017818039163e-21,-2.5616929901778045,1.9072513933256823,0.9565217391304348,0.88,25,23
7096,6,FOXK1,7096,-1.0,10.921722177220653,0.21199998994510166,1.6457024079629997e-06,-8.361293489153061,11.083403108689884,0.9565217391304348,0.88,25,23
7087,6,FOXK1,7087,-1.0,10.921722177220653,0.48069940924152343,2.182536042264673e-30,-8.484219475491775,12.317827751188103,0.9565217391304348,0.88,25,23
7098,6,FOXK1,7098,-1.0,10.921722177220653,0.5112713275894885,8.784978228163835e-35,-12.082533531036374,17.409666199515115,0.9565217391304348,0.88,25,23
7076,6,FOXK1,7076,-1.0,10.921722177220653,0.6191763226495454,1.8346987137587093e-54,-11.789782260991833,17.55960754524066,0.9565217391304348,0.88,25,23
6386,6,BDP1,6386,-1.0,17.356387929529564,0.16324454684209555,0.00023962343309056908,-2.435206665144624,1.7607778255087663,0.9,0.8181818181818182,22,20
6387,6,BDP1,6387,-1.0,17.356387929529564,-0.36655221947414685,2.0747162706481203e-17,10.378298844835669,15.762605080358364,0.9,0.8181818181818182,22,20
6393,6,BDP1,6393,-1.0,17.356387929529564,0.40277944898303475,5.294764903191727e-21,-5.752279738183344,6.658746159001534,0.9,0.8181818181818182,22,20
6383,6,BDP1,6383,-1.0,17.356387929529564,0.7316242346005083,3.0650654645957193e-85,-11.35576886557402,16.599715663326883,0.9,0.8181818181818182,22,20
6396,6,BDP1,6396,-1.0,17.356387929529564,-0.31354905611776296,6.490537394075397e-13,9.819633620621778,13.816865089089573,0.9,0.8181818181818182,22,20
6402,6,BDP1,6402,-1.0,17.356387929529564,0.24488472462218366,2.730448877074572e-08,-5.357128825245566,6.083641832779377,0.9,0.8181818181818182,22,20
6403,6,BDP1,6403,-1.0,17.356387929529564,0.430250664346578,4.88409584812582e-24,-6.1798837465196135,7.504101558068931,0.9,0.8181818181818182,22,20
6399,6,BDP1,6399,-1.0,17.356387929529564,-0.11363823168297511,0.01083373355135534,6.320926843035539,7.691127174511202,0.9,0.8181818181818182,22,20
6400,6,BDP1,6400,-1.0,17.356387929529564,-0.24415195019258687,3.0119091115200755e-08,9.595078159311267,13.22578956772241,0.9,0.8181818181818182,22,20
6401,6,BDP1,6401,-1.0,17.356387929529564,0.4081264731671047,1.4284385607407933e-21,-7.540336650015959,9.87097106906606,0.9,0.8181818181818182,22,20
6391,6,BDP1,6391,-1.0,17.356387929529564,-0.06597459876568534,0.139914901770491,8.128536160461355,10.858458968679958,0.9,0.8181818181818182,22,20
6394,6,BDP1,6394,-1.0,17.356387929529564,-0.1928184691028389,1.3596020005826214e-05,9.309304374206423,13.821139858101258,0.9,0.8181818181818182,22,20
6385,6,BDP1,6385,-1.0,17.356387929529564,0.4654998178498254,2.315537369484475e-28,-7.5185371173875915,10.131083383687864,0.9,0.8181818181818182,22,20
6397,6,BDP1,6397,-1.0,17.356387929529564,0.13069418496298493,0.003351183104498139,-2.87565801019137,2.2755407522993036,0.9,0.8181818181818182,22,20
6392,6,BDP1,6392,-1.0,17.356387929529564,0.641525895323481,1.479711770826521e-59,-3.4912719142085744,3.0778180813159417,0.9,0.8181818181818182,22,20
6395,6,BDP1,6395,-1.0,17.356387929529564,-0.2111734962745416,1.809984450779265e-06,10.5035819480377,14.934014369598257,0.9,0.8181818181818182,22,20
6390,6,BDP1,6390,-1.0,17.356387929529564,0.44600650030205014,6.57973304267077e-26,-3.0160821051387123,2.454527076369999,0.9,0.8181818181818182,22,20
6389,6,BDP1,6389,-1.0,17.356387929529564,0.5674027026143826,4.098655212660807e-44,-4.362049524478964,4.442762333837651,0.9,0.8181818181818182,22,20
6590,6,PPARA,6590,-1.0,17.168905329667428,0.27396557743502487,4.297256427022163e-10,-3.786358541026052,3.5350539430188124,1.0,0.88,25,22
6602,6,PPARA,6602,-1.0,17.168905329667428,0.41660588275106386,1.7031686801733033e-22,-4.933352578255611,5.382511552262075,1.0,0.88,25,22
6601,6,PPARA,6601,-1.0,17.168905329667428,0.19738585923683036,8.374337287209535e-06,-6.500598496386809,7.8206017800674354,1.0,0.88,25,22
6588,6,PPARA,6588,-1.0,17.168905329667428,0.20353737014418963,4.282730948684e-06,-7.699541971870132,10.006617024392439,1.0,0.88,25,22
6592,6,PPARA,6592,-1.0,17.168905329667428,0.19065287166236067,1.7040918912326693e-05,-3.2021488411124905,2.697082870764132,1.0,0.88,25,22
6595,6,PPARA,6595,-1.0,17.168905329667428,0.28819515571124626,4.667928415360916e-11,-3.6319534260061763,3.291586334225959,1.0,0.88,25,22
6582,6,PPARA,6582,-1.0,17.168905329667428,0.3590242309295218,1.0201279951704714e-16,-3.6919728608646483,3.4321435271015583,1.0,0.88,25,22
6583,6,PPARA,6583,-1.0,17.168905329667428,0.4269213547116281,1.1793889766161045e-23,-8.484493755880683,11.90917669949059,1.0,0.88,25,22
6587,6,PPARA,6587,-1.0,17.168905329667428,-0.45529969264736986,4.6580837690315956e-27,10.217013709738593,15.021547376814276,1.0,0.88,25,22
6597,6,PPARA,6597,-1.0,17.168905329667428,-0.34273207049185667,2.77945910532979e-15,11.155710204965988,16.330360635743677,1.0,0.88,25,22
6581,6,PPARA,6581,-1.0,17.168905329667428,0.5574069953919635,2.5458539490198706e-42,-8.684397494654945,13.15617870442071,1.0,0.88,25,22
6596,6,PPARA,6596,-1.0,17.168905329667428,0.46695284551488214,1.4974815152255174e-28,-6.500218714146063,7.988851170658875,1.0,0.88,25,22
6591,6,PPARA,6591,-1.0,17.168905329667428,0.4160138768979747,1.9796994168441427e-22,-10.233599530705026,14.396744678130514,1.0,0.88,25,22
6593,6,PPARA,6593,-1.0,17.168905329667428,0.3638156745525369,3.71979953754629e-17,-8.062294435693516,11.08359261438559,1.0,0.88,25,22
6594,6,PPARA,6594,-1.0,17.168905329667428,0.3258553979460783,6.990651085902132e-14,-9.773398918990729,13.45060204429346,1.0,0.88,25,22
6578,6,PPARA,6578,-1.0,17.168905329667428,0.6855486116153712,6.150764317589963e-71,-11.241009575556857,16.560242731050984,1.0,0.88,25,22
6599,6,PPARA,6599,-1.0,17.168905329667428,0.5875428536683613,6.421626369345845e-48,-12.213613913071226,17.66776414098124,1.0,0.88,25,22
6600,6,PPARA,6600,-1.0,17.168905329667428,0.530965079100984,7.372441179907125e-38,-10.93696548931359,15.865794397973675,1.0,0.88,25,22
6586,6,PPARA,6586,-1.0,17.168905329667428,0.6901987175166906,2.934693348973744e-72,-10.811061187521661,16.727765670083745,1.0,0.88,25,22
6585,6,PPARA,6585,-1.0,17.168905329667428,-0.3645220785884213,3.201096348269186e-17,12.185211793815762,19.14855080115938,1.0,0.88,25,22
6589,6,PPARA,6589,-1.0,17.168905329667428,0.5714499889040403,7.396259912056365e-45,-10.062756572242556,14.561056555618476,1.0,0.88,25,22
6598,6,PPARA,6598,-1.0,17.168905329667428,0.6076108181409907,5.5161098958385634e-52,-10.003564779362486,14.064264814158863,1.0,0.88,25,22
3608,6,DLX1,3608,-1.0,2.3653942419107854,0.19130620744616944,1.5922761444230298e-05,-8.876637240569872,12.777018865666289,0.4666666666666667,0.3333333333333333,21,15
3613,6,DLX1,3613,-1.0,2.3653942419107854,0.17310266732033,9.690041019771748e-05,-3.378226699108098,2.9319125728631503,0.4666666666666667,0.3333333333333333,21,15
3602,6,DLX1,3602,-1.0,2.3653942419107854,0.1681838299160789,0.00015319950825717454,-2.2025055867364447,1.5143844661637378,0.4666666666666667,0.3333333333333333,21,15
3615,6,DLX1,3615,-1.0,2.3653942419107854,-0.24477654541241586,2.7703383539417196e-08,5.703819543986731,6.561006571597367,0.4666666666666667,0.3333333333333333,21,15
3611,6,DLX1,3611,-1.0,2.3653942419107854,0.2326910790592249,1.3415237711763542e-07,-8.357593588913494,11.200609353427115,0.4666666666666667,0.3333333333333333,21,15
3600,6,DLX1,3600,-1.0,2.3653942419107854,-0.3055761455689403,2.6049445740443687e-12,3.2965455104130488,2.837442158222468,0.4666666666666667,0.3333333333333333,21,15
3618,6,DLX1,3618,-1.0,2.3653942419107854,0.19329176533925177,1.2936892129260973e-05,-3.5816350558047727,3.217483351590201,0.4666666666666667,0.3333333333333333,21,15
7047,6,BPTF,7047,-1.0,17.221664369433377,0.6164753493021877,7.104188240352695e-54,-9.492141087846042,14.570521659365676,1.0,0.72,25,18
7058,6,BPTF,7058,-1.0,17.221664369433377,0.6163858037926033,7.428636305253013e-54,-11.958597082594846,17.15961082595422,1.0,0.72,25,18
7050,6,BPTF,7050,-1.0,17.221664369433377,0.5597657227662486,9.731112495577215e-43,-9.794792703734748,13.531739827894784,1.0,0.72,25,18
7036,6,BPTF,7036,-1.0,17.221664369433377,0.5249608819397948,6.712511939096075e-37,-6.049131176356559,7.5795099776880415,1.0,0.72,25,18
7048,6,BPTF,7048,-1.0,17.221664369433377,0.44077548687880824,2.8192354043643824e-25,-5.537186858696713,6.255902895917797,1.0,0.72,25,18
7038,6,BPTF,7038,-1.0,17.221664369433377,0.5632928103540411,2.276826049886821e-43,-7.581332116452114,10.111956989293395,1.0,0.72,25,18
7056,6,BPTF,7056,-1.0,17.221664369433377,0.41987913158499207,7.372713253255237e-23,-4.693649944959314,4.890083112395071,1.0,0.72,25,18
7034,6,BPTF,7034,-1.0,17.221664369433377,0.8365790655783789,9.092649815646113e-133,-11.502641975239738,17.02824235034889,1.0,0.72,25,18
7052,6,BPTF,7052,-1.0,17.221664369433377,0.34812178056502935,9.513561698608692e-16,-4.822261148761002,5.1533759655445435,1.0,0.72,25,18
7057,6,BPTF,7057,-1.0,17.221664369433377,-0.2706423386820807,7.087258273162987e-10,10.908528287239164,17.481793441323486,1.0,0.72,25,18
7044,6,BPTF,7044,-1.0,17.221664369433377,0.5597205705813311,9.912637444015446e-43,-5.339973860561929,6.156592357046023,1.0,0.72,25,18
7053,6,BPTF,7053,-1.0,17.221664369433377,0.3834857116811975,4.932463551562473e-19,-4.296134792754011,4.292796157381659,1.0,0.72,25,18
7049,6,BPTF,7049,-1.0,17.221664369433377,0.6404396817321137,2.6762699288030277e-59,-10.088357019969925,14.173958159736165,1.0,0.72,25,18
7054,6,BPTF,7054,-1.0,17.221664369433377,0.23549041414845612,9.379594848960603e-08,-3.435913718675481,3.0176566245941916,1.0,0.72,25,18
7040,6,BPTF,7040,-1.0,17.221664369433377,0.4748707933708435,1.342076716922917e-29,-3.7776043916146507,3.522576358106053,1.0,0.72,25,18
7046,6,BPTF,7046,-1.0,17.221664369433377,-0.3694002219950806,1.1232586695117546e-17,13.890444598569838,22.22788290222169,1.0,0.72,25,18
7051,6,BPTF,7051,-1.0,17.221664369433377,0.31510452991666626,4.924955383764827e-13,-8.060181998921813,10.55486798352454,1.0,0.72,25,18
7037,6,BPTF,7037,-1.0,17.221664369433377,0.24954479056429368,1.4523350299025225e-08,-2.428525337420986,1.7573591311904306,1.0,0.72,25,18
5796,6,EBF1,5796,-1.0,1.842461385715566,0.8553529836084763,6.364766921694537e-145,-2.1379035605405643,1.4474236062287908,0.8181818181818182,0.72,25,22
5811,6,EBF1,5811,-1.0,1.842461385715566,-0.28075547952829816,1.513643140795053e-10,11.419361869228526,16.349257876268236,0.8181818181818182,0.72,25,22
5815,6,EBF1,5815,-1.0,1.842461385715566,0.24188248375529203,4.073213764887401e-08,-8.946017338756898,12.705346058094992,0.8181818181818182,0.72,25,22
5808,6,EBF1,5808,-1.0,1.842461385715566,0.7153086443526023,7.517298754364661e-80,-2.169531298757494,1.4809709696315483,0.8181818181818182,0.72,25,22
5809,6,EBF1,5809,-1.0,1.842461385715566,0.7496275300460045,1.1475322515742239e-91,-4.2532747611540636,4.226375321751515,0.8181818181818182,0.72,25,22
5817,6,EBF1,5817,-1.0,1.842461385715566,0.4219382988753075,4.333305680041515e-23,-5.929616683322997,6.9638905759487875,0.8181818181818182,0.72,25,22
5812,6,EBF1,5812,-1.0,1.842461385715566,0.7657423069000648,6.65033208151609e-98,-3.943174353839863,3.7611405746584707,0.8181818181818182,0.72,25,22
5807,6,EBF1,5807,-1.0,1.842461385715566,0.5519553433508262,2.2830318168148794e-41,-2.853710746079939,2.2488831308938315,0.8181818181818182,0.72,25,22
5799,6,EBF1,5799,-1.0,1.842461385715566,0.33892192803054755,5.857478426526078e-15,-3.540220422662578,3.175042843762775,0.8181818181818182,0.72,25,22
5802,6,EBF1,5802,-1.0,1.842461385715566,0.45080610167276036,1.6931250329537855e-26,-4.442176457856118,4.568608440153784,0.8181818181818182,0.72,25,22
5803,6,EBF1,5803,-1.0,1.842461385715566,0.7461545112510755,2.1966105542579905e-90,-7.319742294200593,9.635239530795237,0.8181818181818182,0.72,25,22
5806,6,EBF1,5806,-1.0,1.842461385715566,0.4834539770940879,9.138311957095688e-31,-11.206559298670324,16.635358107053733,0.8181818181818182,0.72,25,22
5805,6,EBF1,5805,-1.0,1.842461385715566,-0.17209314193802758,0.0001065615120786083,9.602122314204014,13.605191211950336,0.8181818181818182,0.72,25,22
5810,6,EBF1,5810,-1.0,1.842461385715566,0.3806591469623465,9.34949808500448e-19,-4.3894711860917095,4.477757876943275,0.8181818181818182,0.72,25,22
5794,6,EBF1,5794,-1.0,1.842461385715566,0.36017437849701184,8.019679238668261e-17,-10.990301611441145,16.259228744369995,0.8181818181818182,0.72,25,22
5813,6,EBF1,5813,-1.0,1.842461385715566,0.7377947170141353,2.2057625141688682e-87,-3.0887558113953055,2.564558757980407,0.8181818181818182,0.72,25,22
5814,6,EBF1,5814,-1.0,1.842461385715566,0.6565829158455759,3.108727910410616e-63,-5.2312535305207515,5.804594005090608,0.8181818181818182,0.72,25,22
5818,6,EBF1,5818,-1.0,1.842461385715566,0.28682133408485794,5.815774537495313e-11,-9.091412129684137,12.414807248033277,0.8181818181818182,0.72,25,22
7453,6,GLI2,7453,-1.0,10.40560781572616,0.5755610194547579,1.2677681004252695e-45,-4.637577045965365,4.92851846186505,1.0,0.6666666666666666,9,6
7449,6,GLI2,7449,-1.0,10.40560781572616,0.49258828307441416,4.8108740128141345e-32,-7.999104030078008,11.883883513541425,1.0,0.6666666666666666,9,6
7454,6,GLI2,7454,-1.0,10.40560781572616,0.17919730703262832,5.3977978362384524e-05,-6.32264143576516,7.870225140778717,1.0,0.6666666666666666,9,6
7450,6,GLI2,7450,-1.0,10.40560781572616,0.39335696582249946,5.03209309277699e-20,-3.5131284413762653,3.191583345106373,1.0,0.6666666666666666,9,6
7447,6,GLI2,7447,-1.0,10.40560781572616,0.3762831793265979,2.4856600875782546e-18,-11.733709680467635,17.504749011979577,1.0,0.6666666666666666,9,6
7451,6,GLI2,7451,-1.0,10.40560781572616,0.4721059809048943,3.1382471650996815e-29,-7.890136423896889,10.795955697476593,1.0,0.6666666666666666,9,6
8590,6,NKX3-2,8590,-1.0,1.7097063685176102,0.48685901191000847,3.0811793233950018e-31,-2.5317235087313086,1.8727667619708157,0.7894736842105263,0.6,25,19
8582,6,NKX3-2,8582,-1.0,1.7097063685176102,0.4839444891012332,7.819462069338247e-31,-5.84926613358785,7.0374095332708615,0.7894736842105263,0.6,25,19
8579,6,NKX3-2,8579,-1.0,1.7097063685176102,-0.15108881497772958,0.0006830941345701592,10.535525565733247,16.46994892358001,0.7894736842105263,0.6,25,19
8586,6,NKX3-2,8586,-1.0,1.7097063685176102,0.2789327335354057,2.0086190253622476e-10,-8.907719580278691,12.349676720442062,0.7894736842105263,0.6,25,19
8581,6,NKX3-2,8581,-1.0,1.7097063685176102,0.4283459231866712,8.097498964103311e-24,-2.86291853529125,2.2666825500324252,0.7894736842105263,0.6,25,19
8588,6,NKX3-2,8588,-1.0,1.7097063685176102,0.17977018573318146,5.103812217497074e-05,-7.279790818977526,9.31917088748243,0.7894736842105263,0.6,25,19
8568,6,NKX3-2,8568,-1.0,1.7097063685176102,0.6787695013013471,4.693204028379142e-69,-3.160229407782371,2.6477016457336453,0.7894736842105263,0.6,25,19
8572,6,NKX3-2,8572,-1.0,1.7097063685176102,0.4376069439131389,6.723610586396664e-25,-2.2057535570024864,1.5174940557541372,0.7894736842105263,0.6,25,19
8569,6,NKX3-2,8569,-1.0,1.7097063685176102,0.41986757870740304,7.394652988392954e-23,-8.13107928962898,11.861589376254145,0.7894736842105263,0.6,25,19
8573,6,NKX3-2,8573,-1.0,1.7097063685176102,0.5227257129736492,1.5105055273531785e-36,-5.056746967327856,5.632937130595416,0.7894736842105263,0.6,25,19
8574,6,NKX3-2,8574,-1.0,1.7097063685176102,0.27646992619010946,2.934222870188151e-10,-8.193369588432232,11.666185207040233,0.7894736842105263,0.6,25,19
8577,6,NKX3-2,8577,-1.0,1.7097063685176102,0.29477474202117027,1.601794493001372e-11,-3.434516888820556,3.0256107286885046,0.7894736842105263,0.6,25,19
8584,6,NKX3-2,8584,-1.0,1.7097063685176102,0.4028481883794085,5.2071142924430706e-21,-3.0924836183310034,2.55531519294609,0.7894736842105263,0.6,25,19
8575,6,NKX3-2,8575,-1.0,1.7097063685176102,0.41727804060628826,1.4351982597220432e-22,-5.649064386061863,6.54772023504819,0.7894736842105263,0.6,25,19
8591,6,NKX3-2,8591,-1.0,1.7097063685176102,0.5111948267861178,9.021988758208023e-35,-7.17564481477667,9.240768031169614,0.7894736842105263,0.6,25,19
7942,6,ETV3,7942,-1.0,17.15183182357297,0.3205220332465213,1.8594476775213285e-13,-4.848289568106738,5.124802755513915,1.0,0.8823529411764706,17,15
7937,6,ETV3,7937,-1.0,17.15183182357297,-0.3547258567544088,2.485705735527672e-16,11.23524834774497,17.964030191177674,1.0,0.8823529411764706,17,15
7943,6,ETV3,7943,-1.0,17.15183182357297,0.5353438924626727,1.43154958909457e-38,-7.992820955641562,11.051686150097414,1.0,0.8823529411764706,17,15
7940,6,ETV3,7940,-1.0,17.15183182357297,0.41813251986044,1.15387212792678e-22,-5.66745341717125,6.578890394588637,1.0,0.8823529411764706,17,15
7933,6,ETV3,7933,-1.0,17.15183182357297,-0.4274566357609763,1.0242025443173148e-23,11.541991005021151,16.638065159298616,1.0,0.8823529411764706,17,15
7935,6,ETV3,7935,-1.0,17.15183182357297,0.4327209441777183,2.523145180132078e-24,-6.4179572233834925,8.038492626207246,1.0,0.8823529411764706,17,15
7944,6,ETV3,7944,-1.0,17.15183182357297,0.07182180671250785,0.10799782486100325,-2.2236907190512403,1.5294813182001965,1.0,0.8823529411764706,17,15
7938,6,ETV3,7938,-1.0,17.15183182357297,-0.3476921708055932,1.0370222215199354e-15,10.833298837650625,15.510245508581985,1.0,0.8823529411764706,17,15
7936,6,ETV3,7936,-1.0,17.15183182357297,-0.485148322318872,5.3282803804168844e-31,15.42248217887251,24.51246204821781,1.0,0.8823529411764706,17,15
7934,6,ETV3,7934,-1.0,17.15183182357297,0.32753608368634957,5.115463287047299e-14,-3.390977765948854,2.97759060961907,1.0,0.8823529411764706,17,15
7946,6,ETV3,7946,-1.0,17.15183182357297,-0.3686722852995821,1.314749365521868e-17,12.652875068372285,19.2411432062212,1.0,0.8823529411764706,17,15
7945,6,ETV3,7945,-1.0,17.15183182357297,0.20727285972833467,2.821536428182885e-06,-3.808726140172027,3.5006419243447104,1.0,0.8823529411764706,17,15
7932,6,ETV3,7932,-1.0,17.15183182357297,0.6762291437338704,2.3115778185059473e-68,-10.997931641036647,16.036230870875773,1.0,0.8823529411764706,17,15
7939,6,ETV3,7939,-1.0,17.15183182357297,0.31574510282580115,4.393696985242213e-13,-7.981238183816318,10.523467179606936,1.0,0.8823529411764706,17,15
7947,6,ETV3,7947,-1.0,17.15183182357297,0.28503289018898514,7.729159710859316e-11,-2.6941519799678835,2.049294899267609,1.0,0.8823529411764706,17,15
4642,6,LHX2,4642,1.0,4.896438870152277,-0.2939903033598414,1.822293649080803e-11,-6.623491728590479,8.071827442406466,0.3,0.24,25,20
4648,6,LHX2,4648,1.0,4.896438870152277,-0.17886324310328558,5.576539644253763e-05,-2.4448400796029204,1.7661727187297114,0.3,0.24,25,20
4640,6,LHX2,4640,1.0,4.896438870152277,-0.22148390769647866,5.374404006313765e-07,-7.472640593001082,9.570839261426496,0.3,0.24,25,20
4630,6,LHX2,4630,1.0,4.896438870152277,-0.2700673285875366,7.722819913816985e-10,-4.323390886814731,4.299395917943578,0.3,0.24,25,20
4647,6,LHX2,4647,1.0,4.896438870152277,0.3026343079796192,4.3042487830233725e-12,7.325467322901119,9.421779739922533,0.3,0.24,25,20
4644,6,LHX2,4644,1.0,4.896438870152277,-0.25158145605607135,1.097733495309222e-08,-3.665759881778141,3.3096484508799335,0.3,0.24,25,20
6482,6,BHLHE40,6482,-1.0,5.427715459622873,-0.29812341922888325,9.19535128894886e-12,14.206129662359546,22.202987039048026,1.0,1.0,5,5
6481,6,BHLHE40,6481,-1.0,5.427715459622873,0.151525088560177,0.0006587448243634122,-8.24709502262526,11.275965814490451,1.0,1.0,5,5
6479,6,BHLHE40,6479,-1.0,5.427715459622873,0.3397828549849838,4.953890760126908e-15,-5.80117207608507,6.816526427657432,1.0,1.0,5,5
6478,6,BHLHE40,6478,-1.0,5.427715459622873,0.22953848348703496,1.9965827439274773e-07,-11.256630635414089,16.602322183296213,1.0,1.0,5,5
6480,6,BHLHE40,6480,-1.0,5.427715459622873,0.11034326047437017,0.013373137912599378,-11.213324323824944,16.23492700089353,1.0,1.0,5,5
3666,6,SOX7,3666,-1.0,12.657444355072501,0.2875863600751101,5.146366364105321e-11,-6.35806986985126,7.594975825028232,1.0,0.96,25,24
3650,6,SOX7,3650,-1.0,12.657444355072501,0.2263728030936456,2.959466928001836e-07,-10.153203761958645,14.239061760208601,1.0,0.96,25,24
3671,6,SOX7,3671,-1.0,12.657444355072501,0.24882890077527534,1.6015699226407896e-08,-5.940931864894185,6.838451352073668,1.0,0.96,25,24
3656,6,SOX7,3656,-1.0,12.657444355072501,0.2380454017550825,6.739429092619554e-08,-10.548272811485667,14.762139226858165,1.0,0.96,25,24
3657,6,SOX7,3657,-1.0,12.657444355072501,0.15232198668095917,0.0006163336368726182,-6.34390947004377,7.7486330650053405,1.0,0.96,25,24
3660,6,SOX7,3660,-1.0,12.657444355072501,0.267041357077375,1.2095025573272825e-09,-8.226474034424058,10.816367836977125,1.0,0.96,25,24
3661,6,SOX7,3661,-1.0,12.657444355072501,0.17546807804555162,7.739416029362883e-05,-12.55484296809033,19.07714952683952,1.0,0.96,25,24
3651,6,SOX7,3651,-1.0,12.657444355072501,0.22577188063261058,3.186983922122365e-07,-9.266671014220817,12.736009708324344,1.0,0.96,25,24
3667,6,SOX7,3667,-1.0,12.657444355072501,0.3321683563717772,2.1413597808459252e-14,-7.886138885639627,10.423383653319469,1.0,0.96,25,24
3652,6,SOX7,3652,-1.0,12.657444355072501,0.3015722493533206,5.1526734901636965e-12,-8.137096413389463,10.730455162671337,1.0,0.96,25,24
3664,6,SOX7,3664,-1.0,12.657444355072501,0.36401553937106895,3.5651912634606416e-17,-11.194995536652659,15.971255419955947,1.0,0.96,25,24
3653,6,SOX7,3653,-1.0,12.657444355072501,0.2022561294683885,4.9330726799696705e-06,-5.405226101990186,6.004874252517117,1.0,0.96,25,24
3662,6,SOX7,3662,-1.0,12.657444355072501,0.1568798910618167,0.0004186227199526864,-10.179915137673996,14.359191477676296,1.0,0.96,25,24
3669,6,SOX7,3669,-1.0,12.657444355072501,0.3589100224617891,1.04473959990006e-16,-6.566969907398642,7.957451849982636,1.0,0.96,25,24
3649,6,SOX7,3649,-1.0,12.657444355072501,0.2635134157718005,2.0262866147534997e-09,-3.9946588441623443,3.8038273638431055,1.0,0.96,25,24
3655,6,SOX7,3655,-1.0,12.657444355072501,-0.17982459988737565,5.076689322665111e-05,3.32776811956672,2.8571869801759275,1.0,0.96,25,24
3648,6,SOX7,3648,-1.0,12.657444355072501,-0.08473381387842518,0.0578052901072693,3.479672711798433,3.097456546203675,1.0,0.96,25,24
3658,6,SOX7,3658,-1.0,12.657444355072501,0.20154507741346844,5.333628507591227e-06,-5.610324668548644,6.502610307083604,1.0,0.96,25,24
3659,6,SOX7,3659,-1.0,12.657444355072501,0.17141130600276006,0.00011359172894087972,-5.54696112428808,6.283156541810736,1.0,0.96,25,24
3665,6,SOX7,3665,-1.0,12.657444355072501,0.3157795361096773,4.366787181813778e-13,-4.429810232711124,4.449585015314654,1.0,0.96,25,24
3668,6,SOX7,3668,-1.0,12.657444355072501,-0.22526970486169984,3.389941902145285e-07,8.929842103221066,12.78507444599912,1.0,0.96,25,24
3672,6,SOX7,3672,-1.0,12.657444355072501,0.11885387818613997,0.007680992950766981,-7.949487441500477,10.473721697902809,1.0,0.96,25,24
3670,6,SOX7,3670,-1.0,12.657444355072501,0.14450933068478458,0.001167229234971536,-4.688490107533826,4.849383110214796,1.0,0.96,25,24
3654,6,SOX7,3654,-1.0,12.657444355072501,0.18211275325834433,4.051871358394903e-05,-6.97505725787521,8.632008411522488,1.0,0.96,25,24
5062,6,OSR1,5062,-1.0,17.026905664276086,0.3623624915452305,5.060359203633983e-17,-3.437540008695084,3.0586945935204337,0.7142857142857143,0.5555555555555556,9,7
5061,6,OSR1,5061,-1.0,17.026905664276086,0.5223483653603241,1.731131870001971e-36,-7.216872613600671,9.787153732678302,0.7142857142857143,0.5555555555555556,9,7
5065,6,OSR1,5065,-1.0,17.026905664276086,0.3975308297677587,1.8725349480471566e-20,-5.62282106777892,6.59199187993841,0.7142857142857143,0.5555555555555556,9,7
5059,6,OSR1,5059,-1.0,17.026905664276086,0.32295952300696273,1.1919300017660676e-13,-11.877299651357076,17.721593133141052,0.7142857142857143,0.5555555555555556,9,7
5064,6,OSR1,5064,-1.0,17.026905664276086,0.2414532763296441,4.3110550577453684e-08,-7.594288192761975,10.18905905375064,0.7142857142857143,0.5555555555555556,9,7
757,6,ZNF740,757,1.0,6.694795614599205,0.2368283796279982,7.892417970197955e-08,7.176490120351854,9.319744042326239,0.2777777777777778,0.2,25,18
765,6,ZNF740,765,1.0,6.694795614599205,0.22736728945220772,2.616884635835868e-07,2.0538330125352506,1.3595102541497797,0.2777777777777778,0.2,25,18
762,6,ZNF740,762,1.0,6.694795614599205,-0.32814250788420235,4.568141326629446e-14,-2.7902951104497977,2.165229235330542,0.2777777777777778,0.2,25,18
743,6,ZNF740,743,1.0,6.694795614599205,0.6143807052951513,2.011701679142115e-53,6.4628379558270055,8.016226312745145,0.2777777777777778,0.2,25,18
755,6,ZNF740,755,1.0,6.694795614599205,0.4860314459356417,4.017509443182758e-31,2.286326277252138,1.605544042690812,0.2777777777777778,0.2,25,18
9136,6,PAX7,9136,-1.0,5.06067858387335,0.3512639097426399,5.043359454984578e-16,-4.267775352702878,4.275887576534658,1.0,0.7272727272727273,11,8
9139,6,PAX7,9139,-1.0,5.06067858387335,0.20496273238677057,3.655602622494519e-06,-4.6901322706633515,4.915792547152223,1.0,0.7272727272727273,11,8
9137,6,PAX7,9137,-1.0,5.06067858387335,0.3110533081335157,1.0073089737231533e-12,-5.254841799124555,5.834532563693839,1.0,0.7272727272727273,11,8
9129,6,PAX7,9129,-1.0,5.06067858387335,0.384969261387497,3.5173281756959958e-19,-2.865490861424285,2.2704823588626932,1.0,0.7272727272727273,11,8
9133,6,PAX7,9133,-1.0,5.06067858387335,0.28557755684000913,7.08934099605148e-11,-5.699240105882782,6.700436033784084,1.0,0.7272727272727273,11,8
9132,6,PAX7,9132,-1.0,5.06067858387335,0.24853097551661849,1.6679589173055335e-08,-6.959965633940773,8.947849387369379,1.0,0.7272727272727273,11,8
9130,6,PAX7,9130,-1.0,5.06067858387335,0.17009858917470877,0.0001283717490810437,-7.569978157102166,10.660273880391962,1.0,0.7272727272727273,11,8
9134,6,PAX7,9134,-1.0,5.06067858387335,0.16332073899294597,0.00023799840309437896,-8.973479335234682,13.265941541265619,1.0,0.7272727272727273,11,8
5550,6,E4F1,5550,1.0,6.5974325109819585,0.5320456960980023,4.930784458212669e-38,6.022633817790313,7.41272016265864,0.5,0.5,2,2
5783,6,CREB3L1,5783,-1.0,1.6023733608230666,0.28395986179447397,9.158502553827902e-11,-10.504688938455011,15.260723968122205,0.3333333333333333,0.16666666666666666,6,3
5352,6,HOXC4,5352,1.0,1.3294885095798992,-0.29244704969600294,2.3459156265947103e-11,-8.604294119629367,11.704221781445181,0.6666666666666666,0.42857142857142855,14,9
5351,6,HOXC4,5351,1.0,1.3294885095798992,0.24629117723935273,2.2598093327811308e-08,2.4960714059956666,1.8272797881406788,0.6666666666666666,0.42857142857142855,14,9
5354,6,HOXC4,5354,1.0,1.3294885095798992,-0.19574918739110056,9.975394322721475e-06,-7.117270695721921,8.9274390259545,0.6666666666666666,0.42857142857142855,14,9
5353,6,HOXC4,5353,1.0,1.3294885095798992,-0.21516453204811498,1.1392122930305604e-06,-2.458126467566749,1.7847044735786142,0.6666666666666666,0.42857142857142855,14,9
5356,6,HOXC4,5356,1.0,1.3294885095798992,-0.3349836330443989,1.2522422980457991e-14,-4.193743530026339,4.076983147336176,0.6666666666666666,0.42857142857142855,14,9
5347,6,HOXC4,5347,1.0,1.3294885095798992,0.2216331516827418,5.278457113373334e-07,2.254920663147885,1.5625649490331732,0.6666666666666666,0.42857142857142855,14,9
3406,6,SOX21,3406,-1.0,11.668735807783948,0.49551394913530666,1.838529802860936e-32,-6.843041699752756,8.849912430739666,0.7894736842105263,0.6,25,19
3420,6,SOX21,3420,-1.0,11.668735807783948,0.5112038628272646,8.993667225583945e-35,-6.14113756130696,7.412195478917973,0.7894736842105263,0.6,25,19
3410,6,SOX21,3410,-1.0,11.668735807783948,0.24317307813616587,3.431993266847055e-08,-6.161948180382765,7.51351730357569,0.7894736842105263,0.6,25,19
3421,6,SOX21,3421,-1.0,11.668735807783948,0.4528006835056026,9.570486210516402e-27,-7.714522714643776,10.010847107722986,0.7894736842105263,0.6,25,19
3419,6,SOX21,3419,-1.0,11.668735807783948,0.2165438593346012,9.687631027498276e-07,-6.921962840753358,8.702170996903611,0.7894736842105263,0.6,25,19
3408,6,SOX21,3408,-1.0,11.668735807783948,0.7318372684515458,2.5909076100885004e-85,-3.4461118377457702,3.0364751913459878,0.7894736842105263,0.6,25,19
3412,6,SOX21,3412,-1.0,11.668735807783948,0.593670458976828,3.9477276384493696e-49,-9.073201058663287,13.413953382718205,0.7894736842105263,0.6,25,19
3416,6,SOX21,3416,-1.0,11.668735807783948,0.3182362793528489,2.811313276046233e-13,-12.789201570226574,18.604443380901056,0.7894736842105263,0.6,25,19
3402,6,SOX21,3402,-1.0,11.668735807783948,0.4428833736810063,1.5732924890271e-25,-11.794598700862043,17.55538463526235,0.7894736842105263,0.6,25,19
3417,6,SOX21,3417,-1.0,11.668735807783948,0.4368943048757948,8.164960726797471e-25,-4.530801328246331,4.699920457456792,0.7894736842105263,0.6,25,19
3404,6,SOX21,3404,-1.0,11.668735807783948,0.5224061130761001,1.6954072758455944e-36,-4.078943151548186,4.022931468083081,0.7894736842105263,0.6,25,19
3425,6,SOX21,3425,-1.0,11.668735807783948,0.1490637132577607,0.0008074287117338794,-8.903604848216913,12.043842530891792,0.7894736842105263,0.6,25,19
3414,6,SOX21,3414,-1.0,11.668735807783948,0.2273768291263598,2.613791098546024e-07,-3.5920428491535894,3.1850096130999095,0.7894736842105263,0.6,25,19
3413,6,SOX21,3413,-1.0,11.668735807783948,0.15051086009905637,0.0007166361830353326,-9.583539748281119,13.24020902798128,0.7894736842105263,0.6,25,19
3403,6,SOX21,3403,-1.0,11.668735807783948,0.7394124029856433,5.911705179901743e-88,-8.219633504598606,12.055531248101843,0.7894736842105263,0.6,25,19
4193,6,MLXIPL,4193,-1.0,4.808239786193467,0.4218953495467039,4.38177117588814e-23,-5.422570964928871,6.226218465637529,0.5,0.5,2,2
1738,6,RUNX3,1738,1.0,3.4594569957387407,0.505206421608242,7.100834526791441e-34,2.9009637314391172,2.3021936968552263,0.29411764705882354,0.2,25,17
1735,6,RUNX3,1735,1.0,3.4594569957387407,-0.3687712217047691,1.2869500345585782e-17,-4.291996265161344,4.237918437643238,0.29411764705882354,0.2,25,17
1730,6,RUNX3,1730,1.0,3.4594569957387407,0.40598923812849697,2.41836736247441e-21,5.297898753779157,5.981887457940752,0.29411764705882354,0.2,25,17
1743,6,RUNX3,1743,1.0,3.4594569957387407,0.31083385414070436,1.0467941137700225e-12,9.003444120959948,12.200567901521111,0.29411764705882354,0.2,25,17
1742,6,RUNX3,1742,1.0,3.4594569957387407,0.2977217924411923,9.832027793270565e-12,8.402933206647656,11.557280563668234,0.29411764705882354,0.2,25,17
1128,6,MEIS2,1128,-1.0,17.254951627988362,0.4954448227731685,1.8809954827713274e-32,-11.896129795153634,17.73004601232165,0.75,0.6521739130434783,23,20
1136,6,MEIS2,1136,-1.0,17.254951627988362,0.34893480446613917,8.078339107217653e-16,-3.2696839852967474,2.7846088727767806,0.75,0.6521739130434783,23,20
1140,6,MEIS2,1140,-1.0,17.254951627988362,0.20446412822537544,3.864270162654095e-06,-2.527611398722895,1.8566009388157503,0.75,0.6521739130434783,23,20
1129,6,MEIS2,1129,-1.0,17.254951627988362,0.3391101253727249,5.647079416530687e-15,-2.5105967514772387,1.849891647684051,0.75,0.6521739130434783,23,20
1147,6,MEIS2,1147,-1.0,17.254951627988362,0.30641766691166783,2.2540215808592703e-12,-5.676373926964767,6.686039481636762,0.75,0.6521739130434783,23,20
1132,6,MEIS2,1132,-1.0,17.254951627988362,0.4073996747619823,1.7092524797064567e-21,-5.734265374733542,6.634450234694972,0.75,0.6521739130434783,23,20
1138,6,MEIS2,1138,-1.0,17.254951627988362,0.32587977633163256,6.959151234752274e-14,-3.568091637849018,3.2078560066631763,0.75,0.6521739130434783,23,20
1133,6,MEIS2,1133,-1.0,17.254951627988362,0.34486788266749435,1.82189951347628e-15,-8.080620242416648,11.09055541926512,0.75,0.6521739130434783,23,20
1142,6,MEIS2,1142,-1.0,17.254951627988362,0.22767946558784563,2.5174595674169165e-07,-7.552854897411735,9.906402199918409,0.75,0.6521739130434783,23,20
1130,6,MEIS2,1130,-1.0,17.254951627988362,0.529425351652283,1.304494162582281e-37,-8.649476923345418,13.13342493694134,0.75,0.6521739130434783,23,20
1137,6,MEIS2,1137,-1.0,17.254951627988362,0.1909753872689146,1.647993409181441e-05,-10.72200634358804,15.182532289359903,0.75,0.6521739130434783,23,20
1146,6,MEIS2,1146,-1.0,17.254951627988362,0.21308534981868696,1.4515590641353804e-06,-10.903727701286597,15.784006447391947,0.75,0.6521739130434783,23,20
1141,6,MEIS2,1141,-1.0,17.254951627988362,0.32051880809045574,1.8605371589447198e-13,-3.7454606449728405,3.4114030123506676,0.75,0.6521739130434783,23,20
1143,6,MEIS2,1143,-1.0,17.254951627988362,0.34776615968003793,1.0217467632426602e-15,-2.6874012971953256,2.05949027592132,0.75,0.6521739130434783,23,20
1139,6,MEIS2,1139,-1.0,17.254951627988362,0.1974648755604361,8.303597665026773e-06,-6.76213244694279,8.375905694923624,0.75,0.6521739130434783,23,20
2103,6,TCF7,2103,1.0,4.616419765602592,0.41359719157204117,3.647481761434684e-22,2.963085747383754,2.3837736519885966,0.21052631578947367,0.16,25,19
2090,6,TCF7,2090,1.0,4.616419765602592,0.43005307610879795,5.1478487893563695e-24,2.3316693578251844,1.6453454792268811,0.21052631578947367,0.16,25,19
2083,6,TCF7,2083,1.0,4.616419765602592,0.26798822495520475,1.0517257389839528e-09,4.184230328371704,4.153334083396195,0.21052631578947367,0.16,25,19
2088,6,TCF7,2088,1.0,4.616419765602592,-0.31341132298225816,6.650614795150331e-13,-4.238102338186572,4.160836731406145,0.21052631578947367,0.16,25,19
19,6,ETS1,19,-1.0,6.142463354547629,0.43812488288059176,5.836752159167294e-25,-3.451027493452388,3.029306264216819,0.8125,0.52,25,16
14,6,ETS1,14,-1.0,6.142463354547629,0.3395696152545329,5.164047842828339e-15,-8.481691139593366,11.384182928992798,0.8125,0.52,25,16
17,6,ETS1,17,-1.0,6.142463354547629,0.5500119022487449,4.942064425549164e-41,-3.9460955368891817,3.7703912603940255,0.8125,0.52,25,16
15,6,ETS1,15,-1.0,6.142463354547629,0.3491600911030703,7.719795655316165e-16,-9.492132938066353,13.759371555642854,0.8125,0.52,25,16
13,6,ETS1,13,-1.0,6.142463354547629,0.35940166904672116,9.427768477084302e-17,-9.675001308605532,13.440614250346028,0.8125,0.52,25,16
1,6,ETS1,1,-1.0,6.142463354547629,0.25782680162553556,4.581806261513269e-09,-11.350457224755012,16.76891543971262,0.8125,0.52,25,16
23,6,ETS1,23,-1.0,6.142463354547629,-0.17492340610060086,8.152652135327798e-05,6.221679846718116,7.448720516314113,0.8125,0.52,25,16
18,6,ETS1,18,-1.0,6.142463354547629,-0.23400779093362148,1.1343330923469445e-07,13.598235979719925,21.287937399541644,0.8125,0.52,25,16
22,6,ETS1,22,-1.0,6.142463354547629,0.5358478705266789,1.1836168800136797e-38,-7.859595542080628,10.2947577358373,0.8125,0.52,25,16
21,6,ETS1,21,-1.0,6.142463354547629,0.18338147274000866,3.5714112802767104e-05,-3.8225592250778733,3.5392248790051872,0.8125,0.52,25,16
0,6,ETS1,0,-1.0,6.142463354547629,-0.29369888453708887,1.911538360518201e-11,8.916980395719326,12.754709772851818,0.8125,0.52,25,16
20,6,ETS1,20,-1.0,6.142463354547629,-0.3759070692148372,2.7017252998909483e-18,2.3462777016642273,1.6681462514357215,0.8125,0.52,25,16
24,6,ETS1,24,-1.0,6.142463354547629,0.23779573673259724,6.96183405432183e-08,-2.679035870369814,2.0388353052803883,0.8125,0.52,25,16
5241,6,HOXB6,5241,-1.0,1.548206429429991,0.31625928557432015,4.008229668444946e-13,-2.0088501284205034,1.3221433028810872,0.5,0.4666666666666667,15,14
5248,6,HOXB6,5248,-1.0,1.548206429429991,0.2181004252439517,8.05807414306903e-07,-4.204422169864663,4.15057236265398,0.5,0.4666666666666667,15,14
5246,6,HOXB6,5246,-1.0,1.548206429429991,0.2716941728613973,6.053741796577845e-10,-3.987527708302073,3.839256253023005,0.5,0.4666666666666667,15,14
5244,6,HOXB6,5244,-1.0,1.548206429429991,0.20133307560541464,5.458942073221778e-06,-7.558790935379147,10.115951709738411,0.5,0.4666666666666667,15,14
5242,6,HOXB6,5242,-1.0,1.548206429429991,0.21488143484161326,1.1775899180724717e-06,-8.125767222170309,11.795671746295561,0.5,0.4666666666666667,15,14
5251,6,HOXB6,5251,-1.0,1.548206429429991,0.14262304462755274,0.00135557116985555,-6.321429351766231,7.8041133274780226,0.5,0.4666666666666667,15,14
5247,6,HOXB6,5247,-1.0,1.548206429429991,0.2868701450876806,5.770639977108314e-11,-2.409792662744904,1.7409326495285489,0.5,0.4666666666666667,15,14
4761,6,MIXL1,4761,-1.0,4.6448472179016305,0.3906923753809997,9.389607550107203e-20,-7.280980272691256,9.324957251442806,0.75,0.5,12,8
4765,6,MIXL1,4765,-1.0,4.6448472179016305,0.39080762827644844,9.140733809453921e-20,-4.698959930144912,5.0300198993600125,0.75,0.5,12,8
4760,6,MIXL1,4760,-1.0,4.6448472179016305,0.5463115777333656,2.120621564876046e-40,-3.3901726467871076,2.961050539020833,0.75,0.5,12,8
4763,6,MIXL1,4763,-1.0,4.6448472179016305,0.2650054408476925,1.6305274530739516e-09,-10.18113508397509,14.401123380952722,0.75,0.5,12,8
4755,6,MIXL1,4755,-1.0,4.6448472179016305,0.435338121893927,1.245830068275372e-24,-12.13198047375233,18.309818708495683,0.75,0.5,12,8
4757,6,MIXL1,4757,-1.0,4.6448472179016305,0.4810561471971033,1.9506906411395827e-30,-8.607858496201144,12.69614970654554,0.75,0.5,12,8
3983,6,RFC5,3983,1.0,4.898788974223832,0.709699339094379,4.387905017083772e-78,2.359986918719915,1.682124929943799,0.4,0.2857142857142857,7,5
3985,6,RFC5,3985,1.0,4.898788974223832,-0.42618649341634196,1.4308537251046167e-23,-2.9793515082166246,2.406585975112691,0.4,0.2857142857142857,7,5
8176,6,IRF2,8176,-1.0,2.6358026535405368,0.22403399580094172,3.943714778503087e-07,-8.295535607210327,11.381805140234844,0.7619047619047619,0.64,25,21
8175,6,IRF2,8175,-1.0,2.6358026535405368,0.3623146489766224,5.111757558750255e-17,-3.258217598599738,2.783144061615547,0.7619047619047619,0.64,25,21
8171,6,IRF2,8171,-1.0,2.6358026535405368,0.4270328123109519,1.1452703958128782e-23,-7.725494602337658,10.5223702162999,0.7619047619047619,0.64,25,21
8179,6,IRF2,8179,-1.0,2.6358026535405368,0.2638949327628475,1.9170132064638593e-09,-10.193829622029982,14.28510888432155,0.7619047619047619,0.64,25,21
8174,6,IRF2,8174,-1.0,2.6358026535405368,0.47145516338237486,3.8285837124783685e-29,-3.4754695021807693,3.0790030034056937,0.7619047619047619,0.64,25,21
8187,6,IRF2,8187,-1.0,2.6358026535405368,0.7731664264478734,5.992297476246996e-101,-2.885506206002542,2.2804541760376877,0.7619047619047619,0.64,25,21
8191,6,IRF2,8191,-1.0,2.6358026535405368,0.4741958820353637,1.6524997442788622e-29,-6.464611476649766,8.016267667143977,0.7619047619047619,0.64,25,21
8169,6,IRF2,8169,-1.0,2.6358026535405368,0.49592489673927703,1.6049745788887453e-32,-6.149643399659632,7.758858945432966,0.7619047619047619,0.64,25,21
8190,6,IRF2,8190,-1.0,2.6358026535405368,0.11742646205454488,0.008449994838579382,-9.79420866652699,13.528956970376681,0.7619047619047619,0.64,25,21
8189,6,IRF2,8189,-1.0,2.6358026535405368,0.48936673159506594,1.3727351390748814e-31,-6.696499675619371,8.637144309094731,0.7619047619047619,0.64,25,21
8181,6,IRF2,8181,-1.0,2.6358026535405368,0.3254901964504217,7.479604311761979e-14,-7.4262990287782555,9.602071784964503,0.7619047619047619,0.64,25,21
8178,6,IRF2,8178,-1.0,2.6358026535405368,0.5455539777059191,2.851036900693981e-40,-2.7319505658798358,2.114169179054259,0.7619047619047619,0.64,25,21
8167,6,IRF2,8167,-1.0,2.6358026535405368,0.5674067814882302,4.091637218011049e-44,-11.484124530235851,16.96269145556918,0.7619047619047619,0.64,25,21
8185,6,IRF2,8185,-1.0,2.6358026535405368,0.40368951213870485,4.243560865888053e-21,-9.324406074325228,12.837663623428496,0.7619047619047619,0.64,25,21
8177,6,IRF2,8177,-1.0,2.6358026535405368,0.464145252302299,3.469763692492533e-28,-5.064059716186722,5.541291193618566,0.7619047619047619,0.64,25,21
8186,6,IRF2,8186,-1.0,2.6358026535405368,0.34662312642739834,1.284448714792504e-15,-5.0077441569826835,5.305942824584355,0.7619047619047619,0.64,25,21
5987,6,SMAD1,5987,-1.0,17.348181761542666,-0.30773087457553033,1.7967636742458262e-12,10.694093591515653,16.8745509201916,1.0,0.8,25,20
5968,6,SMAD1,5968,-1.0,17.348181761542666,0.30081784740657846,5.852482739921463e-12,-2.190430970649004,1.501406285410351,1.0,0.8,25,20
5988,6,SMAD1,5988,-1.0,17.348181761542666,0.37132269958273595,7.397695386062133e-18,-2.1335581265941297,1.440595654421499,1.0,0.8,25,20
5984,6,SMAD1,5984,-1.0,17.348181761542666,0.3844127543349773,3.993808312683239e-19,-4.572580598359213,4.741919483307918,1.0,0.8,25,20
5972,6,SMAD1,5972,-1.0,17.348181761542666,0.3007737386545057,5.896155391062328e-12,-2.4963786049609977,1.8330412828708784,1.0,0.8,25,20
5971,6,SMAD1,5971,-1.0,17.348181761542666,0.3527970237121537,3.6907321695804833e-16,-5.840197534681056,6.9870010158783264,1.0,0.8,25,20
5974,6,SMAD1,5974,-1.0,17.348181761542666,0.5993548929008672,2.813168404560649e-50,-10.0310899429171,13.986289414157133,1.0,0.8,25,20
5986,6,SMAD1,5986,-1.0,17.348181761542666,0.3378186400835391,7.254841398762485e-15,-8.046586078148426,10.594366930612837,1.0,0.8,25,20
5983,6,SMAD1,5983,-1.0,17.348181761542666,-0.3215819713017076,1.533257960599898e-13,13.295932029536104,21.09045016763333,1.0,0.8,25,20
5977,6,SMAD1,5977,-1.0,17.348181761542666,0.4539157212651282,6.945715171725955e-27,-6.791510437096532,8.644793991133088,1.0,0.8,25,20
5981,6,SMAD1,5981,-1.0,17.348181761542666,0.4335306480652313,2.0295846383637764e-24,-9.359073315724695,13.855330566336121,1.0,0.8,25,20
5978,6,SMAD1,5978,-1.0,17.348181761542666,0.45455866561254654,5.770443401578438e-27,-8.192013964976633,11.960910629607941,1.0,0.8,25,20
5973,6,SMAD1,5973,-1.0,17.348181761542666,0.38487063163875257,3.597486152090482e-19,-3.1933349074191857,2.69479039955437,1.0,0.8,25,20
5969,6,SMAD1,5969,-1.0,17.348181761542666,0.47279170599894677,2.543922754161414e-29,-8.356819961908718,12.377270804539398,1.0,0.8,25,20
5970,6,SMAD1,5970,-1.0,17.348181761542666,0.33069616748538994,2.8286656847662257e-14,-3.775695897201579,3.540427106996207,1.0,0.8,25,20
5989,6,SMAD1,5989,-1.0,17.348181761542666,0.34687535260322977,1.2213034670998043e-15,-8.177000780822175,10.831209584430848,1.0,0.8,25,20
5966,6,SMAD1,5966,-1.0,17.348181761542666,0.7080757575879741,1.398378257901071e-77,-11.530164287504633,17.095221570241034,1.0,0.8,25,20
5976,6,SMAD1,5976,-1.0,17.348181761542666,0.3484975112466646,8.821595400916224e-16,-2.442831925948394,1.773865372611109,1.0,0.8,25,20
5990,6,SMAD1,5990,-1.0,17.348181761542666,0.44957608406388255,2.4024903354412602e-26,-4.4496358103711495,4.537924343307352,1.0,0.8,25,20
5975,6,SMAD1,5975,-1.0,17.348181761542666,0.3968999894755569,2.176252722387269e-20,-5.33618950458098,6.123636841039737,1.0,0.8,25,20
6627,6,DMRT2,6627,-1.0,11.95662905342519,0.1907041130092682,1.6950593284304587e-05,-5.863791626342823,6.896684540508388,0.9285714285714286,0.7222222222222222,18,14
6625,6,DMRT2,6625,-1.0,11.95662905342519,0.3331163048840683,1.7885520700561977e-14,-7.375867856717237,9.986452423390567,0.9285714285714286,0.7222222222222222,18,14
6611,6,DMRT2,6611,-1.0,11.95662905342519,0.4473946351154998,4.4531766758361734e-26,-9.407549954696302,14.911876585110903,0.9285714285714286,0.7222222222222222,18,14
6618,6,DMRT2,6618,-1.0,11.95662905342519,0.17229775902172917,0.00010453295344972853,-8.244498733147203,11.121427346276693,0.9285714285714286,0.7222222222222222,18,14
6612,6,DMRT2,6612,-1.0,11.95662905342519,0.35060528178743144,5.76434676791456e-16,-5.348784983771295,6.158242072278946,0.9285714285714286,0.7222222222222222,18,14
6620,6,DMRT2,6620,-1.0,11.95662905342519,0.16052059514148334,0.00030502149213526347,-11.293212345211487,16.102918622378407,0.9285714285714286,0.7222222222222222,18,14
6626,6,DMRT2,6626,-1.0,11.95662905342519,0.16807309099263193,0.00015476510801221962,-5.639806040974573,6.522953484310948,0.9285714285714286,0.7222222222222222,18,14
6617,6,DMRT2,6617,-1.0,11.95662905342519,0.2597864681908961,3.4664364687911256e-09,-5.223912509954917,5.811636849144969,0.9285714285714286,0.7222222222222222,18,14
6610,6,DMRT2,6610,-1.0,11.95662905342519,0.28431281156317056,8.662030542160417e-11,-11.691443928019279,17.38040375362418,0.9285714285714286,0.7222222222222222,18,14
6615,6,DMRT2,6615,-1.0,11.95662905342519,0.4259691230434659,1.514901967598176e-23,-8.973446204696739,13.620262283121008,0.9285714285714286,0.7222222222222222,18,14
6621,6,DMRT2,6621,-1.0,11.95662905342519,0.25043417354886643,1.2856122602932036e-08,-9.748915839813087,14.233157169972827,0.9285714285714286,0.7222222222222222,18,14
6624,6,DMRT2,6624,-1.0,11.95662905342519,0.20673269503108552,2.9984643396805775e-06,-9.30392607397776,12.826061280604435,0.9285714285714286,0.7222222222222222,18,14
6619,6,DMRT2,6619,-1.0,11.95662905342519,0.1611438158469983,0.0002887345550661776,-2.131461207216304,1.4374026893810452,0.9285714285714286,0.7222222222222222,18,14
8254,6,TCF4,8254,-1.0,1.990247151903883,-0.4394897878990342,4.015842024715206e-25,8.297165483319962,11.307176045215808,0.95,0.76,25,20
8243,6,TCF4,8243,-1.0,1.990247151903883,0.609979695271129,1.7473446116481403e-52,-11.580185317781432,17.276196791234163,0.95,0.76,25,20
8256,6,TCF4,8256,-1.0,1.990247151903883,0.6770074497785101,1.4206998359606388e-68,-8.814034392322899,12.539449091941536,0.95,0.76,25,20
8260,6,TCF4,8260,-1.0,1.990247151903883,-0.38107689953036505,8.509658157617871e-19,11.30218791864343,17.153083808002354,0.95,0.76,25,20
8248,6,TCF4,8248,-1.0,1.990247151903883,0.2663196809789449,1.3449763115734989e-09,-5.117845574688187,5.750543504938227,0.95,0.76,25,20
8267,6,TCF4,8267,-1.0,1.990247151903883,0.3608129593979886,7.013826336205107e-17,-12.431799475312388,18.184929382195676,0.95,0.76,25,20
8255,6,TCF4,8255,-1.0,1.990247151903883,0.7063376830412424,4.7935984194595004e-77,-4.924161234009051,5.324060662982462,0.95,0.76,25,20
8263,6,TCF4,8263,-1.0,1.990247151903883,-0.3158781879422703,4.290580411073616e-13,13.75978378247458,21.255100807331793,0.95,0.76,25,20
8261,6,TCF4,8261,-1.0,1.990247151903883,0.06067452905962844,0.17468709439208757,-7.388382408035283,9.455832009948358,0.95,0.76,25,20
8264,6,TCF4,8264,-1.0,1.990247151903883,0.3658115718694489,2.4312253268965225e-17,-6.290112280370488,7.5230358600930405,0.95,0.76,25,20
8262,6,TCF4,8262,-1.0,1.990247151903883,0.21069446574127768,1.9122753457860353e-06,-12.235297885278024,18.028849427282406,0.95,0.76,25,20
8249,6,TCF4,8249,-1.0,1.990247151903883,0.5553837791060257,5.773554919722084e-42,-3.183815623706413,2.684365287690549,0.95,0.76,25,20
8266,6,TCF4,8266,-1.0,1.990247151903883,-0.2793835550525366,1.8732283756383384e-10,11.00718299604183,16.197255909711107,0.95,0.76,25,20
8253,6,TCF4,8253,-1.0,1.990247151903883,0.6154542079773192,1.1811729798347e-53,-3.7761199910404843,3.5175175982626357,0.95,0.76,25,20
8252,6,TCF4,8252,-1.0,1.990247151903883,0.37911941951364553,1.321111738328423e-18,-2.378894890614179,1.6962695051922194,0.95,0.76,25,20
8250,6,TCF4,8250,-1.0,1.990247151903883,0.16940668179296478,0.00013687137431460714,-6.29773578158235,7.821387090549853,0.95,0.76,25,20
8246,6,TCF4,8246,-1.0,1.990247151903883,0.5048677802213605,7.969845884969315e-34,-6.990043717500276,9.39013878404812,0.95,0.76,25,20
8259,6,TCF4,8259,-1.0,1.990247151903883,0.284116661293778,8.934609937205079e-11,-11.048175829854562,15.872148664950256,0.95,0.76,25,20
8245,6,TCF4,8245,-1.0,1.990247151903883,0.7950064244634538,1.2674461335356699e-110,-2.8427893498268246,2.2429232899543625,0.95,0.76,25,20
6609,6,ATF7,6609,-1.0,17.133385420103647,-0.36917322792258545,1.1798213610221761e-17,7.98915720945293,10.903799179002743,1.0,1.0,7,7
6603,6,ATF7,6603,-1.0,17.133385420103647,0.7217538341769882,6.210386498927745e-82,-11.42333849061759,17.058609654650393,1.0,1.0,7,7
6605,6,ATF7,6605,-1.0,17.133385420103647,0.5010857155893278,2.8684033298356945e-33,-7.1974916446127954,9.84053946796979,1.0,1.0,7,7
6606,6,ATF7,6606,-1.0,17.133385420103647,0.3539613050518133,2.9082663990215467e-16,-2.512543740730377,1.8444148966900578,1.0,1.0,7,7
6607,6,ATF7,6607,-1.0,17.133385420103647,0.43860827686029724,5.113777393204106e-25,-9.345963767978194,12.854343714093636,1.0,1.0,7,7
6608,6,ATF7,6608,-1.0,17.133385420103647,0.2625656941761887,2.3245651310676933e-09,-6.765542767245231,8.326767378693452,1.0,1.0,7,7
6604,6,ATF7,6604,-1.0,17.133385420103647,0.3503424902312157,6.079474674374962e-16,-4.67675668530695,5.006872828156059,1.0,1.0,7,7
1302,6,BARX1,1302,-1.0,4.954433026228375,0.19917468217141288,6.905348940862405e-06,-7.849399993134109,10.52503591878152,0.6842105263157895,0.52,25,19
1287,6,BARX1,1287,-1.0,4.954433026228375,0.18465748897484324,3.142927998479758e-05,-4.053613015611327,3.9543048243200722,0.6842105263157895,0.52,25,19
1286,6,BARX1,1286,-1.0,4.954433026228375,0.3812690720050536,8.14870646317258e-19,-2.1325902246954413,1.4414832176093397,0.6842105263157895,0.52,25,19
1297,6,BARX1,1297,-1.0,4.954433026228375,0.20487837337850984,3.690133426747777e-06,-2.430183302835474,1.7568715000069306,0.6842105263157895,0.52,25,19
1296,6,BARX1,1296,-1.0,4.954433026228375,0.2621001628657451,2.4862891222886527e-09,-3.5591904449015175,3.18121524444253,0.6842105263157895,0.52,25,19
1288,6,BARX1,1288,-1.0,4.954433026228375,0.2546922604423182,7.1244179023997525e-09,-7.9274866865091,11.574452229689324,0.6842105263157895,0.52,25,19
1301,6,BARX1,1301,-1.0,4.954433026228375,0.24384918574970654,3.136220067110618e-08,-4.3175327270773804,4.348051730818717,0.6842105263157895,0.52,25,19
1293,6,BARX1,1293,-1.0,4.954433026228375,0.26976911333923,8.073926833722394e-10,-3.706408698266027,3.410730212640644,0.6842105263157895,0.52,25,19
1300,6,BARX1,1300,-1.0,4.954433026228375,0.2529038156982079,9.140987765774314e-09,-7.00031643686637,8.869904992782347,0.6842105263157895,0.52,25,19
1305,6,BARX1,1305,-1.0,4.954433026228375,0.3249267071079661,8.300488957443693e-14,-6.292894239898237,7.688399187155551,0.6842105263157895,0.52,25,19
1303,6,BARX1,1303,-1.0,4.954433026228375,0.16628898332173278,0.0001821517301260463,-2.653721831835405,2.0117829279781887,0.6842105263157895,0.52,25,19
1294,6,BARX1,1294,-1.0,4.954433026228375,0.23378982435272652,1.1663563420227277e-07,-2.540290800584145,1.8861730086303237,0.6842105263157895,0.52,25,19
1290,6,BARX1,1290,-1.0,4.954433026228375,0.21766157007978215,8.488717389828635e-07,-8.454712780118173,12.17306393853616,0.6842105263157895,0.52,25,19
6458,6,IRF5,6458,-1.0,2.251356382986899,-0.23717100503119604,7.549854296668972e-08,4.186667044199249,4.101797027216424,0.8666666666666667,0.7647058823529411,17,15
6454,6,IRF5,6454,-1.0,2.251356382986899,0.3429418004936481,2.6669189829828607e-15,-3.440890332212192,3.0116644394509917,0.8666666666666667,0.7647058823529411,17,15
6448,6,IRF5,6448,-1.0,2.251356382986899,0.2964346705984481,1.2176336707109212e-11,-3.0123286186233047,2.4436841085129464,0.8666666666666667,0.7647058823529411,17,15
6453,6,IRF5,6453,-1.0,2.251356382986899,0.16604464630970292,0.00018623800963561403,-9.797529577703772,13.957993304614927,0.8666666666666667,0.7647058823529411,17,15
6442,6,IRF5,6442,-1.0,2.251356382986899,0.21171959108246244,1.6997666423449956e-06,-10.926200967207595,15.977385130659355,0.8666666666666667,0.7647058823529411,17,15
6447,6,IRF5,6447,-1.0,2.251356382986899,0.37514109464927164,3.200502551212438e-18,-3.7561522897835773,3.467801000884104,0.8666666666666667,0.7647058823529411,17,15
6445,6,IRF5,6445,-1.0,2.251356382986899,0.30785656080455504,1.758089177907968e-12,-10.185637702728819,16.166046326144766,0.8666666666666667,0.7647058823529411,17,15
6451,6,IRF5,6451,-1.0,2.251356382986899,0.3344240684670278,1.3937677824812153e-14,-6.726879524845136,8.30965667608527,0.8666666666666667,0.7647058823529411,17,15
6450,6,IRF5,6450,-1.0,2.251356382986899,0.31401281458848124,5.978782427472937e-13,-9.199244790942275,13.108553864665847,0.8666666666666667,0.7647058823529411,17,15
6449,6,IRF5,6449,-1.0,2.251356382986899,0.19484519511743625,1.0980607519031546e-05,-2.7461582531780078,2.1153682211155282,0.8666666666666667,0.7647058823529411,17,15
6456,6,IRF5,6456,-1.0,2.251356382986899,0.09396620254615637,0.0353124905490651,-8.957913301451569,12.522861719685475,0.8666666666666667,0.7647058823529411,17,15
6446,6,IRF5,6446,-1.0,2.251356382986899,0.3215028601205706,1.5555319286682854e-13,-2.8148308913607534,2.2077513939659195,0.8666666666666667,0.7647058823529411,17,15
6457,6,IRF5,6457,-1.0,2.251356382986899,0.221202498490461,5.559898291727814e-07,-3.031037555504346,2.477938220245879,0.8666666666666667,0.7647058823529411,17,15
6307,6,SATB1,6307,-1.0,17.25504958929138,0.5106711639887042,1.0823432910041868e-34,-11.917505229730436,17.6235531945871,0.9,0.72,25,20
6300,6,SATB1,6300,-1.0,17.25504958929138,0.6943644808629911,1.829750009904227e-73,-8.1534990538327,11.165967972210256,0.9,0.72,25,20
6296,6,SATB1,6296,-1.0,17.25504958929138,0.43800242180763255,6.035393089120607e-25,-4.0524801966142645,3.9276201746305213,0.9,0.72,25,20
6303,6,SATB1,6303,-1.0,17.25504958929138,0.6597356007571717,4.961444634042544e-64,-4.175843182794533,4.130904201527766,0.9,0.72,25,20
6301,6,SATB1,6301,-1.0,17.25504958929138,0.5470223722910528,1.6053385173444887e-40,-14.02084108465572,21.837617821213627,0.9,0.72,25,20
6305,6,SATB1,6305,-1.0,17.25504958929138,0.15015506123504221,0.000738037284922516,-9.817716407244193,13.595753946460242,0.9,0.72,25,20
6299,6,SATB1,6299,-1.0,17.25504958929138,0.5488589089553145,7.795679355879822e-41,-9.126081894977991,13.062877300397158,0.9,0.72,25,20
6293,6,SATB1,6293,-1.0,17.25504958929138,0.26398134797389766,1.8930693532075994e-09,-6.989557571927536,9.063323836689843,0.9,0.72,25,20
6288,6,SATB1,6288,-1.0,17.25504958929138,0.3137183768112038,6.298908937561986e-13,-3.801023378568165,3.5962378299598634,0.9,0.72,25,20
6287,6,SATB1,6287,-1.0,17.25504958929138,0.532486973333793,4.1821214116343786e-38,-8.111076112957816,11.913072246579928,0.9,0.72,25,20
6284,6,SATB1,6284,-1.0,17.25504958929138,0.5885566909633166,4.0645532044098234e-48,-11.552158026183012,17.044696261034904,0.9,0.72,25,20
6304,6,SATB1,6304,-1.0,17.25504958929138,0.638886863944088,6.2177571926026325e-59,-5.076974282607628,5.541984014782572,0.9,0.72,25,20
6298,6,SATB1,6298,-1.0,17.25504958929138,0.4210605821378241,5.437452283283363e-23,-9.308547475368144,12.958015915305026,0.9,0.72,25,20
6286,6,SATB1,6286,-1.0,17.25504958929138,0.482635356598629,1.1846486651661927e-30,-2.776118587926131,2.1601604725634247,0.9,0.72,25,20
6291,6,SATB1,6291,-1.0,17.25504958929138,0.22236393410418043,4.831933325114902e-07,-5.835610249242507,6.878398988282656,0.9,0.72,25,20
6308,6,SATB1,6308,-1.0,17.25504958929138,0.2900495255913999,3.46272497635849e-11,-9.534484971823192,13.282344850123403,0.9,0.72,25,20
6292,6,SATB1,6292,-1.0,17.25504958929138,0.4721147077977776,3.129882217381086e-29,-3.0761481634409393,2.5438720694416292,0.9,0.72,25,20
6294,6,SATB1,6294,-1.0,17.25504958929138,0.49957804998621963,4.758032874320438e-33,-9.917702077434631,13.8966374661941,0.9,0.72,25,20
7283,6,SP3,7283,-1.0,17.35832751070163,0.5590397780789083,1.3093782037857079e-42,-6.060858516363505,7.5128144017667955,0.8823529411764706,0.6,25,17
7295,6,SP3,7295,-1.0,17.35832751070163,-0.1516429016141005,0.0006523088178729909,10.675320436412687,16.028257870902024,0.8823529411764706,0.6,25,17
7305,6,SP3,7305,-1.0,17.35832751070163,0.2781556243093482,2.264698633980291e-10,-6.012120766253828,7.066019229758203,0.8823529411764706,0.6,25,17
7290,6,SP3,7290,-1.0,17.35832751070163,0.39218566502552066,6.624208515231005e-20,-9.048708175752775,12.73808629360511,0.8823529411764706,0.6,25,17
7288,6,SP3,7288,-1.0,17.35832751070163,0.5794637428666544,2.3216313564483666e-46,-3.4649544306880493,3.0764412107907417,0.8823529411764706,0.6,25,17
7293,6,SP3,7293,-1.0,17.35832751070163,0.40573777081291623,2.57227952372842e-21,-7.926993090410014,10.416764434360966,0.8823529411764706,0.6,25,17
7296,6,SP3,7296,-1.0,17.35832751070163,0.48450907741517596,6.533259043175561e-31,-7.1144968796604315,9.195679240048735,0.8823529411764706,0.6,25,17
7297,6,SP3,7297,-1.0,17.35832751070163,0.5111653717269824,9.114924039125421e-35,-11.917385014123296,17.27504076118425,0.8823529411764706,0.6,25,17
7289,6,SP3,7289,-1.0,17.35832751070163,-0.1751072399963366,8.010909082394922e-05,10.89851601854078,15.526708343494068,0.8823529411764706,0.6,25,17
7281,6,SP3,7281,-1.0,17.35832751070163,0.7847109674420021,6.374405589101798e-106,-11.50666176732319,17.174903089902667,0.8823529411764706,0.6,25,17
7303,6,SP3,7303,-1.0,17.35832751070163,0.37423235949904027,3.910706184813713e-18,-9.13181479158062,12.868088660911551,0.8823529411764706,0.6,25,17
7291,6,SP3,7291,-1.0,17.35832751070163,-0.44771109014021887,4.072966421925993e-26,12.907702963416456,19.327068004523184,0.8823529411764706,0.6,25,17
7304,6,SP3,7304,-1.0,17.35832751070163,0.474236765631371,1.6318235759674783e-29,-6.693549037642922,8.262932237545561,0.8823529411764706,0.6,25,17
7292,6,SP3,7292,-1.0,17.35832751070163,0.6331364106792315,1.352773514866758e-57,-14.552118441097338,22.88568522735226,0.8823529411764706,0.6,25,17
7299,6,SP3,7299,-1.0,17.35832751070163,-0.16987859801137825,0.0001310188820535002,8.243193615879589,10.887211780192183,0.8823529411764706,0.6,25,17
8930,6,TBX2,8930,-1.0,5.597916154055259,0.1890373530461196,2.0134853995351643e-05,-6.593788753737782,8.31232425362004,0.8333333333333334,0.5555555555555556,9,6
8924,6,TBX2,8924,-1.0,5.597916154055259,0.2920081438984956,2.51993265709261e-11,-7.805254737977768,11.091331367938082,0.8333333333333334,0.5555555555555556,9,6
8923,6,TBX2,8923,-1.0,5.597916154055259,0.6590421922030808,7.442570034047707e-64,-2.6864087857517682,2.0523381452946645,0.8333333333333334,0.5555555555555556,9,6
8931,6,TBX2,8931,-1.0,5.597916154055259,0.25880582620648934,3.986897612603945e-09,-6.710527884406204,8.33899435314942,0.8333333333333334,0.5555555555555556,9,6
8925,6,TBX2,8925,-1.0,5.597916154055259,0.14087647694954875,0.0015544924722226394,-4.309719447280922,4.342675280202642,0.8333333333333334,0.5555555555555556,9,6
7838,6,ZNF281,7838,-1.0,11.318605975987074,0.3605479274554263,7.415264221746675e-17,-3.103912630488121,2.5655575014023255,0.8888888888888888,0.64,25,18
7823,6,ZNF281,7823,-1.0,11.318605975987074,0.47459665510527266,1.460515037109847e-29,-11.675019012644013,17.32436582150091,0.8888888888888888,0.64,25,18
7844,6,ZNF281,7844,-1.0,11.318605975987074,-0.2424933662571177,3.756454236970498e-08,10.431365271197427,14.777069070674768,0.8888888888888888,0.64,25,18
7831,6,ZNF281,7831,-1.0,11.318605975987074,0.4756141918439503,1.0666221306449929e-29,-2.0421666516527717,1.3503738788136157,0.8888888888888888,0.64,25,18
7837,6,ZNF281,7837,-1.0,11.318605975987074,0.4570036184828193,2.8411354337991623e-27,-4.260932904945531,4.228233409814578,0.8888888888888888,0.64,25,18
7836,6,ZNF281,7836,-1.0,11.318605975987074,0.3109023412783314,1.0343117904452134e-12,-7.753704385622331,10.06638816448539,0.8888888888888888,0.64,25,18
7832,6,ZNF281,7832,-1.0,11.318605975987074,-0.4841171260956816,7.401631683232286e-31,8.136195253258489,10.690434081181815,0.8888888888888888,0.64,25,18
7830,6,ZNF281,7830,-1.0,11.318605975987074,0.21311494536846484,1.4465857229870682e-06,-8.822678030732789,13.031060068603527,0.8888888888888888,0.64,25,18
7840,6,ZNF281,7840,-1.0,11.318605975987074,0.5260786830890981,4.464238373702042e-37,-6.05754216047769,7.213197047573367,0.8888888888888888,0.64,25,18
7846,6,ZNF281,7846,-1.0,11.318605975987074,0.3723803610571701,5.872032261796792e-18,-8.806824875693863,12.420197269376821,0.8888888888888888,0.64,25,18
7847,6,ZNF281,7847,-1.0,11.318605975987074,0.306017462986947,2.414728856798816e-12,-5.427967403626252,6.124528765984452,0.8888888888888888,0.64,25,18
7827,6,ZNF281,7827,-1.0,11.318605975987074,0.2443868174401832,2.9187719469415147e-08,-7.543812472674507,10.127693379487953,0.8888888888888888,0.64,25,18
7841,6,ZNF281,7841,-1.0,11.318605975987074,-0.16981068001893926,0.00013184643784867433,12.098960765739669,17.586359484574896,0.8888888888888888,0.64,25,18
7842,6,ZNF281,7842,-1.0,11.318605975987074,0.40704405387699094,1.8658415532439902e-21,-11.565936067157015,16.66295046403612,0.8888888888888888,0.64,25,18
7839,6,ZNF281,7839,-1.0,11.318605975987074,-0.34142502856753126,3.5935421843941895e-15,3.6478521891457354,3.2895870837614165,0.8888888888888888,0.64,25,18
7835,6,ZNF281,7835,-1.0,11.318605975987074,0.7180399721099886,1.0011113985594314e-80,-8.829831689644417,12.524819876808438,0.8888888888888888,0.64,25,18
6870,6,NFYA,6870,-1.0,4.336615772267925,0.41768128258385845,1.2948806861440664e-22,-3.5082189116060984,3.132100554120493,0.8181818181818182,0.72,25,22
6883,6,NFYA,6883,-1.0,4.336615772267925,0.2842827568311532,8.703263721345599e-11,-2.429292782358836,1.7484112328411083,0.8181818181818182,0.72,25,22
6885,6,NFYA,6885,-1.0,4.336615772267925,0.511467398106767,8.205312204174549e-35,-10.03134814206747,14.073898661522557,0.8181818181818182,0.72,25,22
6879,6,NFYA,6879,-1.0,4.336615772267925,0.32542654704689294,7.568185612400057e-14,-3.7032898362760545,3.3373353220201745,0.8181818181818182,0.72,25,22
6884,6,NFYA,6884,-1.0,4.336615772267925,0.360418446925148,7.619516234569894e-17,-9.709214985733414,13.403775464329927,0.8181818181818182,0.72,25,22
6869,6,NFYA,6869,-1.0,4.336615772267925,0.33340368600241005,1.693341247624342e-14,-3.954301111953154,3.830866653896847,0.8181818181818182,0.72,25,22
6875,6,NFYA,6875,-1.0,4.336615772267925,0.44972614867846145,2.3022569512583308e-26,-9.102454160598873,12.500322009775102,0.8181818181818182,0.72,25,22
6877,6,NFYA,6877,-1.0,4.336615772267925,0.3961460618164715,2.6034084261301218e-20,-5.863873522590629,6.945649511569975,0.8181818181818182,0.72,25,22
6866,6,NFYA,6866,-1.0,4.336615772267925,0.5089577524001209,1.9592983345134015e-34,-7.431667790340189,9.910446156287811,0.8181818181818182,0.72,25,22
6868,6,NFYA,6868,-1.0,4.336615772267925,0.46640153354273767,1.76721495297548e-28,-5.592374008520024,6.557476640140499,0.8181818181818182,0.72,25,22
6864,6,NFYA,6864,-1.0,4.336615772267925,0.23646080669405803,8.276601443139748e-08,-2.1718031573794905,1.4820895700269159,0.8181818181818182,0.72,25,22
6861,6,NFYA,6861,-1.0,4.336615772267925,0.5597190528608296,9.918797108159631e-43,-11.736877241484741,17.51210964203275,0.8181818181818182,0.72,25,22
6876,6,NFYA,6876,-1.0,4.336615772267925,0.47197412893633267,3.2673551287312386e-29,-5.689619905189228,6.584780290516746,0.8181818181818182,0.72,25,22
6872,6,NFYA,6872,-1.0,4.336615772267925,0.44619355935385135,6.243202648843352e-26,-2.3683456263309073,1.68534754676751,0.8181818181818182,0.72,25,22
6863,6,NFYA,6863,-1.0,4.336615772267925,0.3380991338037097,6.871323268173919e-15,-7.9840875494407655,11.51579520929907,0.8181818181818182,0.72,25,22
6878,6,NFYA,6878,-1.0,4.336615772267925,0.390465708267275,9.898701479454586e-20,-8.495379430239714,12.198655714305678,0.8181818181818182,0.72,25,22
6874,6,NFYA,6874,-1.0,4.336615772267925,0.3885668502049231,1.538082192467752e-19,-8.310625397092826,11.565886898826479,0.8181818181818182,0.72,25,22
6862,6,NFYA,6862,-1.0,4.336615772267925,0.4172782329331974,1.4351278825726494e-22,-2.554289213458653,1.9119689616767312,0.8181818181818182,0.72,25,22
2831,6,FOXG1,2831,1.0,4.172548756945946,-0.2478798814898664,1.822451622927011e-08,-7.80424173665314,10.12934159060259,0.625,0.4,25,16
2844,6,FOXG1,2844,1.0,4.172548756945946,-0.2126430757869259,1.527861623454656e-06,-4.04115164452012,3.8610135929707092,0.625,0.4,25,16
2842,6,FOXG1,2842,1.0,4.172548756945946,0.22673485372993818,2.8300266863055777e-07,8.738000431886308,11.928771402793913,0.625,0.4,25,16
2837,6,FOXG1,2837,1.0,4.172548756945946,0.2401547961005077,5.1152000878410205e-08,7.348232622166978,9.77443255569029,0.625,0.4,25,16
2826,6,FOXG1,2826,1.0,4.172548756945946,-0.19074207457920767,1.6883970092905675e-05,-4.899115834772376,5.2300481425417535,0.625,0.4,25,16
2847,6,FOXG1,2847,1.0,4.172548756945946,0.3013602744309103,5.340591755690734e-12,4.107986473885577,4.00300249190825,0.625,0.4,25,16
2833,6,FOXG1,2833,1.0,4.172548756945946,-0.24823008224102217,1.7377106512314185e-08,-9.087998244097712,12.39035204613949,0.625,0.4,25,16
2839,6,FOXG1,2839,1.0,4.172548756945946,-0.20648862906714377,3.081842646182866e-06,-5.200030265882892,5.692319346825731,0.625,0.4,25,16
2824,6,FOXG1,2824,1.0,4.172548756945946,0.3642721039714265,3.3759565810712017e-17,4.803972185810212,5.167044130841382,0.625,0.4,25,16
2843,6,FOXG1,2843,1.0,4.172548756945946,0.2260535611773,3.078315046145055e-07,7.469150992829338,9.548882350835187,0.625,0.4,25,16
5604,6,ZNF713,5604,-1.0,2.6371788826394926,0.23820229611191787,6.603193493402169e-08,-4.377956141010261,4.336613400204712,0.8421052631578947,0.7619047619047619,21,19
5603,6,ZNF713,5603,-1.0,2.6371788826394926,0.408282513806158,1.3743654497851204e-21,-10.887147594928337,15.606391505964476,0.8421052631578947,0.7619047619047619,21,19
5597,6,ZNF713,5597,-1.0,2.6371788826394926,0.5028966407201281,1.5566567193161466e-33,-5.24722449803545,5.919144097102244,0.8421052631578947,0.7619047619047619,21,19
5599,6,ZNF713,5599,-1.0,2.6371788826394926,0.26422655469241,1.826698550656772e-09,-6.885563999353931,8.686918807141149,0.8421052631578947,0.7619047619047619,21,19
5586,6,ZNF713,5586,-1.0,2.6371788826394926,0.4939752898976587,3.052650776159208e-32,-11.672725177930392,17.310158037501807,0.8421052631578947,0.7619047619047619,21,19
5605,6,ZNF713,5605,-1.0,2.6371788826394926,0.02521479183680748,0.5730075552135457,-6.432166409179526,7.828272664641419,0.8421052631578947,0.7619047619047619,21,19
5601,6,ZNF713,5601,-1.0,2.6371788826394926,0.3384465969410059,6.423739291536028e-15,-4.810090532744151,5.066243569547828,0.8421052631578947,0.7619047619047619,21,19
5600,6,ZNF713,5600,-1.0,2.6371788826394926,0.3462895124896777,1.3729161279134246e-15,-3.0397601221330093,2.5003126828797875,0.8421052631578947,0.7619047619047619,21,19
5593,6,ZNF713,5593,-1.0,2.6371788826394926,0.22868827543364,2.2204271699673054e-07,-9.407137273243833,12.933042060802153,0.8421052631578947,0.7619047619047619,21,19
5596,6,ZNF713,5596,-1.0,2.6371788826394926,0.2483104095089743,1.7188180279874515e-08,-9.299131943490142,12.828135649823645,0.8421052631578947,0.7619047619047619,21,19
5602,6,ZNF713,5602,-1.0,2.6371788826394926,0.2765730212564819,2.8882566565500436e-10,-3.6682616516116497,3.302133142817079,0.8421052631578947,0.7619047619047619,21,19
5590,6,ZNF713,5590,-1.0,2.6371788826394926,0.49301978998447704,4.1769828458518705e-32,-4.693205549938441,5.03074924021791,0.8421052631578947,0.7619047619047619,21,19
5587,6,ZNF713,5587,-1.0,2.6371788826394926,0.2874747127607236,5.239153136460557e-11,-2.8377777892990137,2.23642423798187,0.8421052631578947,0.7619047619047619,21,19
5595,6,ZNF713,5595,-1.0,2.6371788826394926,0.2714406596658331,6.288538767819235e-10,-2.126900167048686,1.4293696861803276,0.8421052631578947,0.7619047619047619,21,19
5588,6,ZNF713,5588,-1.0,2.6371788826394926,0.4468901930640079,5.1329800971279544e-26,-7.752518334213944,10.92563794516167,0.8421052631578947,0.7619047619047619,21,19
5591,6,ZNF713,5591,-1.0,2.6371788826394926,0.17731324674516538,6.481500924858739e-05,-8.034672958971184,10.563955876860646,0.8421052631578947,0.7619047619047619,21,19
867,6,TBR1,867,-1.0,2.6228652506997423,0.31318527066175367,6.921751822811229e-13,-3.5827030021293322,3.2446543609522025,0.5,0.25,4,2
8036,6,ELK4,8036,-1.0,17.207206476415447,0.16932216373254141,0.0001379451145337588,-2.2236907190512403,1.5294813182001965,1.0,0.9375,16,15
8031,6,ELK4,8031,-1.0,17.207206476415447,0.4138563423476604,3.416936730432909e-22,-3.130016065462824,2.5826885276787213,1.0,0.9375,16,15
8029,6,ELK4,8029,-1.0,17.207206476415447,-0.2844685827350471,8.451354924143093e-11,14.398985040868892,22.51215899538043,1.0,0.9375,16,15
8027,6,ELK4,8027,-1.0,17.207206476415447,0.6239947058114609,1.586181576653794e-55,-7.283417002443297,9.642827638612053,1.0,0.9375,16,15
8035,6,ELK4,8035,-1.0,17.207206476415447,0.3229610100923196,1.1916051970681408e-13,-3.9904896340273828,3.779392808378823,1.0,0.9375,16,15
8025,6,ELK4,8025,-1.0,17.207206476415447,-0.3022382440808545,4.603338709931413e-12,11.423728334482256,16.525697724818272,1.0,0.9375,16,15
8028,6,ELK4,8028,-1.0,17.207206476415447,0.2826418163965132,1.1269734283421903e-10,-2.9913792810539896,2.4065746619329134,1.0,0.9375,16,15
8026,6,ELK4,8026,-1.0,17.207206476415447,0.5435669021394215,6.174369357847664e-40,-2.1788166801742843,1.496295251788699,1.0,0.9375,16,15
8037,6,ELK4,8037,-1.0,17.207206476415447,-0.07517606387819989,0.09246628434227393,9.782754881434244,13.826731635736257,1.0,0.9375,16,15
8039,6,ELK4,8039,-1.0,17.207206476415447,0.6347032673818955,5.8826587988783345e-58,-3.160784991061272,2.651321629170512,1.0,0.9375,16,15
8024,6,ELK4,8024,-1.0,17.207206476415447,0.8254300804899354,2.943117135945426e-126,-11.180692833372914,16.40959839921761,1.0,0.9375,16,15
8033,6,ELK4,8033,-1.0,17.207206476415447,0.35503708431473324,2.3315284516636725e-16,-8.433346200101271,11.4133033487035,1.0,0.9375,16,15
8034,6,ELK4,8034,-1.0,17.207206476415447,-0.2686458722199807,9.541146654028245e-10,11.360774740722077,17.64692871527871,1.0,0.9375,16,15
8032,6,ELK4,8032,-1.0,17.207206476415447,-0.2772587463505343,2.5998740849757597e-10,13.625603336889437,21.95744465084392,1.0,0.9375,16,15
8030,6,ELK4,8030,-1.0,17.207206476415447,0.6346807861469682,5.9535691164969635e-58,-5.6388970243726275,6.543161024135504,1.0,0.9375,16,15
3512,6,ZBTB7C,3512,-1.0,11.656521883976556,0.40349372619402035,4.4507516015937886e-21,-11.791881107610081,17.89537056763924,0.5,0.5,2,2
3796,6,NR6A1,3796,-1.0,5.220310713390433,-0.24506172877566293,2.6663767386990135e-08,3.984690722758767,3.8053715876411647,0.75,0.631578947368421,19,16
3800,6,NR6A1,3800,-1.0,5.220310713390433,0.29751054471889943,1.0183983924425283e-11,-8.194368562663819,11.009336058393062,0.75,0.631578947368421,19,16
3791,6,NR6A1,3791,-1.0,5.220310713390433,0.36466872833187197,3.1026916563195044e-17,-8.47243976970853,12.667224951722536,0.75,0.631578947368421,19,16
3803,6,NR6A1,3803,-1.0,5.220310713390433,0.3569739802471522,1.5627265737638511e-16,-8.611471740084662,12.903223809511198,0.75,0.631578947368421,19,16
3801,6,NR6A1,3801,-1.0,5.220310713390433,0.3295611022653828,3.502239182401027e-14,-5.290624164008966,6.019031707186083,0.75,0.631578947368421,19,16
3807,6,NR6A1,3807,-1.0,5.220310713390433,0.266702620832962,1.2713518894842958e-09,-7.062855901781899,8.976495166077274,0.75,0.631578947368421,19,16
3804,6,NR6A1,3804,-1.0,5.220310713390433,0.19917496713542254,6.905135816702287e-06,-13.518163285282073,20.42510543928249,0.75,0.631578947368421,19,16
3797,6,NR6A1,3797,-1.0,5.220310713390433,0.24794245714490876,1.8070216770296118e-08,-2.296874246081271,1.6085684614838192,0.75,0.631578947368421,19,16
3790,6,NR6A1,3790,-1.0,5.220310713390433,0.39063929754962606,9.506456270249274e-20,-11.539351351012675,16.975808508574065,0.75,0.631578947368421,19,16
3806,6,NR6A1,3806,-1.0,5.220310713390433,0.2569588552137802,5.1805607387522e-09,-5.453238688596474,6.209696716435673,0.75,0.631578947368421,19,16
3795,6,NR6A1,3795,-1.0,5.220310713390433,0.3252693681174636,7.791360341759994e-14,-2.8133670578295304,2.214508071851771,0.75,0.631578947368421,19,16
3802,6,NR6A1,3802,-1.0,5.220310713390433,0.22431676610186435,3.8097923874161213e-07,-6.102870603100746,7.194681106365791,0.75,0.631578947368421,19,16
7495,6,ZBTB4,7495,-1.0,13.809653166170099,-0.4568305983456562,2.9877878109404263e-27,12.841710302130101,18.907177759248057,0.9411764705882353,0.8421052631578947,19,17
7484,6,ZBTB4,7484,-1.0,13.809653166170099,0.29338120666463324,2.013686342812978e-11,-2.8135379789411608,2.2060518817022436,0.9411764705882353,0.8421052631578947,19,17
7500,6,ZBTB4,7500,-1.0,13.809653166170099,0.27067013193876316,7.057863244211028e-10,-6.793977387339663,8.341856038176841,0.9411764705882353,0.8421052631578947,19,17
7491,6,ZBTB4,7491,-1.0,13.809653166170099,0.4241329227203755,2.4494659485823917e-23,-7.695893683924872,10.226730142104568,0.9411764705882353,0.8421052631578947,19,17
7489,6,ZBTB4,7489,-1.0,13.809653166170099,0.2827537482834937,1.1073411933921377e-10,-7.985172073167437,10.561088129826567,0.9411764705882353,0.8421052631578947,19,17
7499,6,ZBTB4,7499,-1.0,13.809653166170099,0.3119282254797669,8.638753751360797e-13,-4.9938145380548296,5.402514847608584,0.9411764705882353,0.8421052631578947,19,17
7493,6,ZBTB4,7493,-1.0,13.809653166170099,0.2790952830147962,1.9587381712924094e-10,-2.5021881849411014,1.8407624997640561,0.9411764705882353,0.8421052631578947,19,17
7494,6,ZBTB4,7494,-1.0,13.809653166170099,0.37135324370782724,7.348603763040746e-18,-8.190166149214575,10.819576246941583,0.9411764705882353,0.8421052631578947,19,17
7485,6,ZBTB4,7485,-1.0,13.809653166170099,0.29796633515698523,9.439422419344672e-12,-7.837049346966131,11.141304775293914,0.9411764705882353,0.8421052631578947,19,17
7498,6,ZBTB4,7498,-1.0,13.809653166170099,0.24839056412295601,1.7001643124813714e-08,-3.812408556984836,3.5709852361156056,0.9411764705882353,0.8421052631578947,19,17
7501,6,ZBTB4,7501,-1.0,13.809653166170099,0.2690295709342485,9.012948403528661e-10,-5.520023991192739,6.432142555849225,0.9411764705882353,0.8421052631578947,19,17
7492,6,ZBTB4,7492,-1.0,13.809653166170099,-0.46226441717090166,6.0658538963981125e-28,14.046050025034427,22.006913679420926,0.9411764705882353,0.8421052631578947,19,17
7483,6,ZBTB4,7483,-1.0,13.809653166170099,0.4679239020632034,1.1177697512835961e-28,-11.212771137725774,16.54971219008266,0.9411764705882353,0.8421052631578947,19,17
7490,6,ZBTB4,7490,-1.0,13.809653166170099,0.5206730369506605,3.164486658188422e-36,-13.407135161482547,21.334659481127716,0.9411764705882353,0.8421052631578947,19,17
7488,6,ZBTB4,7488,-1.0,13.809653166170099,0.24786106938301955,1.827115208450182e-08,-9.788502958892671,13.598248377614729,0.9411764705882353,0.8421052631578947,19,17
7496,6,ZBTB4,7496,-1.0,13.809653166170099,0.22624759115227758,3.00554490679077e-07,-2.625198618712788,1.976423218388403,0.9411764705882353,0.8421052631578947,19,17
3385,6,ETS2,3385,-1.0,6.519951099526044,-0.22097114097152418,5.716995125805598e-07,9.743758863516549,13.78422293968507,1.0,1.0,4,4
3383,6,ETS2,3383,-1.0,6.519951099526044,-0.2025428837856275,4.7798051682733296e-06,11.239781952036944,17.05466083468876,1.0,1.0,4,4
3386,6,ETS2,3386,-1.0,6.519951099526044,-0.27891192340671717,2.0150935960678398e-10,9.743429461959728,13.566549038691276,1.0,1.0,4,4
3384,6,ETS2,3384,-1.0,6.519951099526044,-0.21059353732793262,1.9345225860945905e-06,11.451619973392217,16.58852690852257,1.0,1.0,4,4
3584,6,HESX1,3584,1.0,2.9076852257115013,-0.0727049648123531,0.10372145870357836,-6.32168547858335,7.631510587091608,0.4375,0.3181818181818182,22,16
3568,6,HESX1,3568,1.0,2.9076852257115013,-0.2327728562769014,1.3276572717718945e-07,-4.437937450159019,4.483302442095228,0.4375,0.3181818181818182,22,16
3579,6,HESX1,3579,1.0,2.9076852257115013,-0.053948396814479965,0.22758675140486245,-2.919937534739771,2.3235676233443714,0.4375,0.3181818181818182,22,16
3580,6,HESX1,3580,1.0,2.9076852257115013,-0.14241579765666393,0.001377885445785166,-12.849214581812237,19.211669149869756,0.4375,0.3181818181818182,22,16
3578,6,HESX1,3578,1.0,2.9076852257115013,-0.36172480669334306,5.789213951819608e-17,-2.574059108283971,1.914707211168623,0.4375,0.3181818181818182,22,16
3565,6,HESX1,3565,1.0,2.9076852257115013,-0.33773342848816806,7.37545582289177e-15,-3.745315264776009,3.446672349545165,0.4375,0.3181818181818182,22,16
3570,6,HESX1,3570,1.0,2.9076852257115013,-0.3615610825165989,5.992421577759068e-17,-8.37281479276148,11.0731478934957,0.4375,0.3181818181818182,22,16
2014,6,MECOM,2014,1.0,4.2434182891490515,0.14799676782447713,0.0008810597718702096,8.899927274755319,12.448315967861966,0.18181818181818182,0.16,25,22
1996,6,MECOM,1996,1.0,4.2434182891490515,0.4487020667701214,3.078038128377969e-26,5.107783936416685,5.676935882666878,0.18181818181818182,0.16,25,22
2002,6,MECOM,2002,1.0,4.2434182891490515,-0.40239717313173706,5.809415873707463e-21,-4.070927000826707,3.9142559991217074,0.18181818181818182,0.16,25,22
2004,6,MECOM,2004,1.0,4.2434182891490515,0.24759821916367816,1.893497626038373e-08,2.379801116593076,1.6973243641120166,0.18181818181818182,0.16,25,22
9041,6,DLX5,9041,-1.0,6.781971501430399,0.2757551596212737,3.2730813625929056e-10,-6.877411108612445,9.242194143889007,0.75,0.42857142857142855,7,4
9047,6,DLX5,9047,-1.0,6.781971501430399,0.19600369014768418,9.70859979217095e-06,-10.499495568633801,15.204543068305561,0.75,0.42857142857142855,7,4
9042,6,DLX5,9042,-1.0,6.781971501430399,0.2515427747468952,1.1036103396655684e-08,-6.155481551262229,7.386673003488569,0.75,0.42857142857142855,7,4
3106,6,DLX6,3106,-1.0,6.075867927633837,0.3607384776146723,7.124431675096145e-17,-3.338413255050524,2.873788810451332,0.8571428571428571,0.5454545454545454,11,7
3107,6,DLX6,3107,-1.0,6.075867927633837,0.44423885118753165,1.0788792154855623e-25,-10.323392483713413,15.916649822712053,0.8571428571428571,0.5454545454545454,11,7
3104,6,DLX6,3104,-1.0,6.075867927633837,-0.3911123478431558,8.513613492411552e-20,3.1776869739464746,2.6514168825186872,0.8571428571428571,0.5454545454545454,11,7
3102,6,DLX6,3102,-1.0,6.075867927633837,0.6281215909077064,1.8828967030450046e-56,-6.604558751974711,8.51516286178584,0.8571428571428571,0.5454545454545454,11,7
3103,6,DLX6,3103,-1.0,6.075867927633837,0.5322381298905311,4.5892375515212605e-38,-2.475755890297176,1.8110741595656856,0.8571428571428571,0.5454545454545454,11,7
3099,6,DLX6,3099,-1.0,6.075867927633837,0.3672515885205861,1.7855266159121896e-17,-11.556507095996672,17.078694773286596,0.8571428571428571,0.5454545454545454,11,7
339,6,MEIS1,339,1.0,4.267208829510133,0.5052215039557251,7.06439438330369e-34,3.4387022048167806,3.033513642519347,0.2727272727272727,0.2,15,11
345,6,MEIS1,345,1.0,4.267208829510133,0.19681605004607466,8.901728998839168e-06,5.018114238949998,5.495578254705328,0.2727272727272727,0.2,15,11
346,6,MEIS1,346,1.0,4.267208829510133,-0.2923200354615395,2.395030629619595e-11,-2.647567474215768,1.9974652016621506,0.2727272727272727,0.2,15,11
1778,6,HES1,1778,1.0,6.926551505072367,0.3357432521553647,1.0824533509975228e-14,3.5527342604611283,3.1796751272422963,1.0,0.3333333333333333,3,1
6178,6,BCL6,6178,-1.0,11.901715737766303,0.23963891342405286,5.473376750491963e-08,-9.738560293901156,13.421055008701721,1.0,0.76,25,19
6174,6,BCL6,6174,-1.0,11.901715737766303,0.5905892981448571,1.6168269445864773e-48,-2.9288873043809858,2.3486169525509673,1.0,0.76,25,19
6189,6,BCL6,6189,-1.0,11.901715737766303,0.5011142677062609,2.8409744447319434e-33,-11.986118763671508,17.295156896748292,1.0,0.76,25,19
6179,6,BCL6,6179,-1.0,11.901715737766303,0.28558372787347297,7.082396387357535e-11,-9.766083263562473,13.5891288459866,1.0,0.76,25,19
6173,6,BCL6,6173,-1.0,11.901715737766303,0.5499718723705196,5.021039297470093e-41,-3.1513204608333796,2.640334596934893,1.0,0.76,25,19
6168,6,BCL6,6168,-1.0,11.901715737766303,0.5332322689575266,3.164931916513492e-38,-3.310607997899638,2.8765782855179785,1.0,0.76,25,19
6190,6,BCL6,6190,-1.0,11.901715737766303,0.41276766246047825,4.493595556555542e-22,-10.220693682702812,14.406830821007837,1.0,0.76,25,19
6183,6,BCL6,6183,-1.0,11.901715737766303,0.39474397264574396,3.6287685778924826e-20,-6.473807407628563,8.311532959793723,1.0,0.76,25,19
6167,6,BCL6,6167,-1.0,11.901715737766303,0.7308661332100439,5.566814519548205e-85,-8.522055641733562,12.834030375930352,1.0,0.76,25,19
6175,6,BCL6,6175,-1.0,11.901715737766303,0.5632134146003099,2.3529542115480785e-43,-4.622618639739452,4.896137612978042,1.0,0.76,25,19
6176,6,BCL6,6176,-1.0,11.901715737766303,0.2135591631877272,1.3738722918300424e-06,-4.956523216590853,5.262423326475317,1.0,0.76,25,19
6180,6,BCL6,6180,-1.0,11.901715737766303,-0.2397907803317272,5.365492709409138e-08,12.606104571531382,19.78241438274735,1.0,0.76,25,19
6186,6,BCL6,6186,-1.0,11.901715737766303,0.20295409118398372,4.567933111523468e-06,-4.232975437198319,4.224583994488013,1.0,0.76,25,19
6170,6,BCL6,6170,-1.0,11.901715737766303,0.5090342075703803,1.9082317786015997e-34,-6.835841600540811,8.771633088717806,1.0,0.76,25,19
6188,6,BCL6,6188,-1.0,11.901715737766303,0.2257048163579536,3.2133955718632827e-07,-2.87305184738878,2.2672665161745345,1.0,0.76,25,19
6187,6,BCL6,6187,-1.0,11.901715737766303,0.44928079256882303,2.6124854909188116e-26,-5.601649518833704,6.457199167202509,1.0,0.76,25,19
6166,6,BCL6,6166,-1.0,11.901715737766303,0.6200389570395457,1.1873448899398351e-54,-11.666873233601565,17.319687827662708,1.0,0.76,25,19
6182,6,BCL6,6182,-1.0,11.901715737766303,0.1946887750482576,1.1164048509530204e-05,-10.596865633400164,15.036995970477589,1.0,0.76,25,19
6177,6,BCL6,6177,-1.0,11.901715737766303,0.3935090224452365,4.85529044864281e-20,-5.72833446588756,6.689041408442796,1.0,0.76,25,19
3846,6,ZNF784,3846,1.0,5.650775274699806,0.45701187108804575,2.83432119311023e-27,10.765266388771446,16.521497189772237,1.0,1.0,1,1
6459,6,NR5A2,6459,-1.0,3.6840831558358813,0.45807531887189157,2.0788551905229953e-27,-11.31962613258876,16.67385324481089,0.6153846153846154,0.42105263157894735,19,13
6475,6,NR5A2,6475,-1.0,3.6840831558358813,0.029987263953554718,0.5026339429032849,-5.912872802026544,6.903698822912893,0.6153846153846154,0.42105263157894735,19,13
6471,6,NR5A2,6471,-1.0,3.6840831558358813,0.3278455089535786,4.8286133690409465e-14,-8.810397444916998,11.925020715059393,0.6153846153846154,0.42105263157894735,19,13
6470,6,NR5A2,6470,-1.0,3.6840831558358813,0.46917592661935204,7.655837083468811e-29,-3.486969279558035,3.0742377668436776,0.6153846153846154,0.42105263157894735,19,13
6466,6,NR5A2,6466,-1.0,3.6840831558358813,-0.2520800478044015,1.0246443559339775e-08,5.3741198742684695,6.086055949338446,0.6153846153846154,0.42105263157894735,19,13
6468,6,NR5A2,6468,-1.0,3.6840831558358813,0.20971676916576265,2.1384988144126966e-06,-5.407331816040652,6.073562426804365,0.6153846153846154,0.42105263157894735,19,13
6476,6,NR5A2,6476,-1.0,3.6840831558358813,0.7036950470756586,3.06668278492678e-76,-3.3382119433311197,2.907062193703387,0.6153846153846154,0.42105263157894735,19,13
6469,6,NR5A2,6469,-1.0,3.6840831558358813,0.2464110771589657,2.223535970937075e-08,-10.04021709971076,13.938183289882906,0.6153846153846154,0.42105263157894735,19,13
8268,6,SIX4,8268,-1.0,14.619967328834736,0.5848461489099139,2.1507634591229723e-47,-12.288051531979708,18.38641064461567,1.0,0.75,4,3
8270,6,SIX4,8270,-1.0,14.619967328834736,0.6029977066768936,5.033848414479807e-51,-8.305720066894475,11.70130564507215,1.0,0.75,4,3
8271,6,SIX4,8271,-1.0,14.619967328834736,0.46620726531855455,1.8732846879999632e-28,-2.4914904636587107,1.8496539612052907,1.0,0.75,4,3
3818,6,ELF3,3818,-1.0,2.8163986245810513,0.31866329991992604,2.60307591724844e-13,-11.591788800816165,17.178539323596286,0.7,0.56,25,20
3841,6,ELF3,3841,-1.0,2.8163986245810513,-0.2090703150896847,2.3019183254350355e-06,4.204801963492847,4.14702214184032,0.7,0.56,25,20
3836,6,ELF3,3836,-1.0,2.8163986245810513,0.32528748590594947,7.765310041002806e-14,-10.006918007594829,14.647387301652346,0.7,0.56,25,20
3840,6,ELF3,3840,-1.0,2.8163986245810513,0.2284432584301904,2.2893005049707855e-07,-12.163101609447919,17.559653509110923,0.7,0.56,25,20
3821,6,ELF3,3821,-1.0,2.8163986245810513,0.3995589409365313,1.1524183162529621e-20,-3.5447447862826764,3.207476564753985,0.7,0.56,25,20
3820,6,ELF3,3820,-1.0,2.8163986245810513,0.5162148278352406,1.5501755361578092e-35,-8.49586079315107,12.810237100643043,0.7,0.56,25,20
3827,6,ELF3,3827,-1.0,2.8163986245810513,0.7574722478877717,1.2153746797309713e-94,-2.165820430732622,1.4753989133628134,0.7,0.56,25,20
3829,6,ELF3,3829,-1.0,2.8163986245810513,0.45226491564722876,1.1159493669497736e-26,-8.737604424116974,12.82384517368278,0.7,0.56,25,20
3834,6,ELF3,3834,-1.0,2.8163986245810513,0.3738737031730461,4.2318588692740235e-18,-4.508510308011075,4.587177352113212,0.7,0.56,25,20
3839,6,ELF3,3839,-1.0,2.8163986245810513,0.237144729495015,7.575608500072507e-08,-4.639792359463932,4.8629304173008245,0.7,0.56,25,20
3824,6,ELF3,3824,-1.0,2.8163986245810513,0.36858292950506044,1.3403639435298772e-17,-7.281775797112245,9.569005478026103,0.7,0.56,25,20
3831,6,ELF3,3831,-1.0,2.8163986245810513,0.4240139713760759,2.526657048656187e-23,-4.111516080101382,4.035538709107029,0.7,0.56,25,20
3838,6,ELF3,3838,-1.0,2.8163986245810513,-0.39556904345333394,2.9852245367480436e-20,14.43683445423287,23.201137091786894,0.7,0.56,25,20
3826,6,ELF3,3826,-1.0,2.8163986245810513,0.34366404573726617,2.312544831369956e-15,-2.618423969437303,1.9756996369064335,0.7,0.56,25,20
5113,6,GBX1,5113,1.0,6.8123426984458835,0.12475000021799745,0.005125444684621794,8.647421165946428,11.972188048218053,0.4,0.25,8,5
5114,6,GBX1,5114,1.0,6.8123426984458835,-0.05531872021704874,0.21597816062084652,-10.713376076038005,16.043044521138892,0.4,0.25,8,5
9779,6,RFX2,9779,-1.0,6.264042456143315,0.09985524266429953,0.02526613178567902,-5.386838533930413,5.954804456910528,0.4444444444444444,0.3333333333333333,12,9
9778,6,RFX2,9778,-1.0,6.264042456143315,0.07740834616320968,0.08315994085415711,-3.9189441650784027,3.702727575755079,0.4444444444444444,0.3333333333333333,12,9
9773,6,RFX2,9773,-1.0,6.264042456143315,0.2408609630002982,4.661433126591669e-08,-7.404341781068793,9.817627396619622,0.4444444444444444,0.3333333333333333,12,9
9775,6,RFX2,9775,-1.0,6.264042456143315,0.30917631363807996,1.3981014479141844e-12,-3.671248823760354,3.373131145468617,0.4444444444444444,0.3333333333333333,12,9
4724,6,DLX2,4724,-1.0,2.401307789631444,0.3109780711390589,1.0206789433112048e-12,-3.6920516747673315,3.3502921242736368,0.625,0.4166666666666667,12,8
4721,6,DLX2,4721,-1.0,2.401307789631444,0.2410940635566453,4.520378712720435e-08,-7.7794138694834345,10.43898777298368,0.625,0.4166666666666667,12,8
4722,6,DLX2,4722,-1.0,2.401307789631444,0.22700030254869816,2.7386051659504134e-07,-11.259418004176663,15.993917003036124,0.625,0.4166666666666667,12,8
4716,6,DLX2,4716,-1.0,2.401307789631444,0.2997514776809927,7.002373263130542e-12,-5.0813993146933845,5.491863503163287,0.625,0.4166666666666667,12,8
4719,6,DLX2,4719,-1.0,2.401307789631444,0.24631170899703436,2.2535574792304257e-08,-7.928864489745599,10.47562168266485,0.625,0.4166666666666667,12,8
8346,6,FOXP1,8346,-1.0,7.3665989573764765,0.49583611008994344,1.6528088611083128e-32,-5.9651265244719225,7.1307540676549,0.7894736842105263,0.6,25,19
8356,6,FOXP1,8356,-1.0,7.3665989573764765,-0.2880085709471017,4.8097515948987605e-11,9.88385565365142,15.229060865281323,0.7894736842105263,0.6,25,19
8340,6,FOXP1,8340,-1.0,7.3665989573764765,0.45860709019258017,1.7796241190537892e-27,-2.528734112420444,1.8702549273467914,0.7894736842105263,0.6,25,19
8358,6,FOXP1,8358,-1.0,7.3665989573764765,0.3893898341468236,1.2710920087586472e-19,-3.5050440562075993,3.0925579554034437,0.7894736842105263,0.6,25,19
8347,6,FOXP1,8347,-1.0,7.3665989573764765,0.5323344424233994,4.427206539521662e-38,-6.965992092884127,8.830569325439878,0.7894736842105263,0.6,25,19
8349,6,FOXP1,8349,-1.0,7.3665989573764765,0.2669925054487352,1.2182383396719809e-09,-10.358615853251518,14.607858759533526,0.7894736842105263,0.6,25,19
8359,6,FOXP1,8359,-1.0,7.3665989573764765,0.24079778788442613,4.7003886472079975e-08,-9.933039321191727,13.883347686137359,0.7894736842105263,0.6,25,19
8343,6,FOXP1,8343,-1.0,7.3665989573764765,0.5280112155750755,2.1975563125563746e-37,-10.048780659092477,14.234738567819745,0.7894736842105263,0.6,25,19
8351,6,FOXP1,8351,-1.0,7.3665989573764765,0.36002118358389873,8.281330772515173e-17,-14.225623184371596,22.20124655866033,0.7894736842105263,0.6,25,19
8355,6,FOXP1,8355,-1.0,7.3665989573764765,0.46041042672087334,1.048461245371321e-27,-11.143338811463835,16.478260683293367,0.7894736842105263,0.6,25,19
8362,6,FOXP1,8362,-1.0,7.3665989573764765,0.3519569654146121,4.380354037279165e-16,-7.869322239761248,10.240904818357714,0.7894736842105263,0.6,25,19
8352,6,FOXP1,8352,-1.0,7.3665989573764765,0.19890016486713233,7.113600003359215e-06,-2.4928827785779157,1.8207818274766174,0.7894736842105263,0.6,25,19
8353,6,FOXP1,8353,-1.0,7.3665989573764765,0.4934965439369888,3.572444786689884e-32,-4.574120877335851,4.770434893954642,0.7894736842105263,0.6,25,19
8338,6,FOXP1,8338,-1.0,7.3665989573764765,0.2833572318978749,1.0071017473381646e-10,-11.739073361757235,17.463410548369712,0.7894736842105263,0.6,25,19
8345,6,FOXP1,8345,-1.0,7.3665989573764765,0.43036563167456127,4.736819082855718e-24,-2.370171258986212,1.6899844628987568,0.7894736842105263,0.6,25,19
6550,6,ARID5B,6550,-1.0,17.29609024853961,0.44268572784492083,1.6620247540722361e-25,-4.3134608915121255,4.319785308888384,1.0,0.875,8,7
6548,6,ARID5B,6548,-1.0,17.29609024853961,0.5848629386929609,2.1347129487261243e-47,-10.719658804334061,15.495564775323171,1.0,0.875,8,7
6549,6,ARID5B,6549,-1.0,17.29609024853961,0.4493374225150327,2.5708543325047866e-26,-10.414851698058575,14.856400605833038,1.0,0.875,8,7
6545,6,ARID5B,6545,-1.0,17.29609024853961,0.3604925306571241,7.501983699465488e-17,-3.07594302658593,2.5387521823036003,1.0,0.875,8,7
6543,6,ARID5B,6543,-1.0,17.29609024853961,0.6905773887817974,2.28484861979807e-72,-11.893622851162265,17.790473629085398,1.0,0.875,8,7
6547,6,ARID5B,6547,-1.0,17.29609024853961,0.28044387253784825,1.5888876083712688e-10,-4.890146924747996,5.284341706994496,1.0,0.875,8,7
6546,6,ARID5B,6546,-1.0,17.29609024853961,0.48824428242672696,1.97292574312926e-31,-8.84346771042744,13.277790874778804,1.0,0.875,8,7
2798,6,SOX18,2798,1.0,3.692607052054822,-0.23713846889794662,7.581757383068422e-08,-5.177286807414262,5.651643142622328,0.55,0.44,25,20
2774,6,SOX18,2774,1.0,3.692607052054822,0.21685906698796176,9.333998869543718e-07,2.199259502903414,1.513711484173717,0.55,0.44,25,20
2793,6,SOX18,2793,1.0,3.692607052054822,-0.3349900833565299,1.2506960255920051e-14,-7.375034602386921,9.520703909134738,0.55,0.44,25,20
2788,6,SOX18,2788,1.0,3.692607052054822,0.10160308753675906,0.022805769890972855,7.681523064846482,10.271283782872015,0.55,0.44,25,20
2787,6,SOX18,2787,1.0,3.692607052054822,-0.2189293326094439,7.301232260708183e-07,-9.981504714199891,13.80088601095707,0.55,0.44,25,20
2791,6,SOX18,2791,1.0,3.692607052054822,-0.18045407446534384,4.772667677876403e-05,-11.379796707765257,16.301848975219922,0.55,0.44,25,20
2784,6,SOX18,2784,1.0,3.692607052054822,-0.3206104404657296,1.8298252131066076e-13,-8.034368594557078,10.556078913351655,0.55,0.44,25,20
2795,6,SOX18,2795,1.0,3.692607052054822,-0.3116730587204639,9.035040484944563e-13,-5.089738030696285,5.516245569718464,0.55,0.44,25,20
2778,6,SOX18,2778,1.0,3.692607052054822,-0.22699127419797838,2.7416673018783233e-07,-3.8257072823796694,3.552497097436661,0.55,0.44,25,20
2786,6,SOX18,2786,1.0,3.692607052054822,-0.2733193130740096,4.738902979767041e-10,-8.163541717827245,10.713110238095512,0.55,0.44,25,20
2794,6,SOX18,2794,1.0,3.692607052054822,-0.17470210347998608,8.326420153590475e-05,-6.454263170890781,7.755498404103374,0.55,0.44,25,20
2221,6,HLTF,2221,1.0,3.631277127641277,-0.011139072476418536,0.8033913750417129,-9.825488715111053,13.51327611600964,0.058823529411764705,0.045454545454545456,22,17
9195,6,WT1,9195,-1.0,8.061756090905545,0.3882697745397343,1.647448442097784e-19,-2.6348448002067815,1.9907812433040943,1.0,0.4,5,2
9194,6,WT1,9194,-1.0,8.061756090905545,0.33646094483621314,9.428916534438938e-15,-3.982709852158398,3.8634811287655464,1.0,0.4,5,2
5951,6,CREB1,5951,-1.0,17.00161787684872,0.4767989624103792,7.387610756505713e-30,-5.804628772107269,6.995655512372581,0.9375,0.75,20,16
5954,6,CREB1,5954,-1.0,17.00161787684872,0.4783950352326957,4.4940341677870215e-30,-10.184105438565448,15.762693987074101,0.9375,0.75,20,16
5942,6,CREB1,5942,-1.0,17.00161787684872,0.6823514385215771,4.821105365637699e-70,-11.622701706120452,17.25284717389694,0.9375,0.75,20,16
5955,6,CREB1,5955,-1.0,17.00161787684872,-0.39143733396078434,7.891479322280212e-20,10.651607675150395,14.999584474833739,0.9375,0.75,20,16
5943,6,CREB1,5943,-1.0,17.00161787684872,0.3163888060334702,3.9164762342605543e-13,-2.7512899732602936,2.144206286545935,0.9375,0.75,20,16
5948,6,CREB1,5948,-1.0,17.00161787684872,0.6576240721095571,1.7000003021942473e-63,-10.10400981043582,14.077266238984977,0.9375,0.75,20,16
5949,6,CREB1,5949,-1.0,17.00161787684872,0.364538204368749,3.1901271948172146e-17,-4.055487426230362,3.9288492012178353,0.9375,0.75,20,16
5958,6,CREB1,5958,-1.0,17.00161787684872,0.3388506900245117,5.939111474699066e-15,-7.076568392737832,8.882546770123215,0.9375,0.75,20,16
5960,6,CREB1,5960,-1.0,17.00161787684872,0.40614025131838927,2.3303419060619508e-21,-5.821905028959906,7.063439094963697,0.9375,0.75,20,16
5957,6,CREB1,5957,-1.0,17.00161787684872,0.6440231146935217,3.754513924440112e-60,-10.464152394110439,14.79239023915455,0.9375,0.75,20,16
5950,6,CREB1,5950,-1.0,17.00161787684872,0.4624894192352386,5.674794890300696e-28,-4.721105935257947,4.918977344835932,0.9375,0.75,20,16
5959,6,CREB1,5959,-1.0,17.00161787684872,0.44257275252509554,1.7149469344934614e-25,-7.515941500813338,9.964329550237172,0.9375,0.75,20,16
5953,6,CREB1,5953,-1.0,17.00161787684872,0.20259173541426725,4.754151982425134e-06,-2.365159746112582,1.6769406463227632,0.9375,0.75,20,16
5945,6,CREB1,5945,-1.0,17.00161787684872,0.3395880176156127,5.14557179822348e-15,-7.088763953174369,9.51901111088753,0.9375,0.75,20,16
5961,6,CREB1,5961,-1.0,17.00161787684872,0.4281417917098407,8.546716240945725e-24,-3.0703851531825443,2.5196783128792624,0.9375,0.75,20,16
4031,6,RORA,4031,-1.0,12.738829884825057,0.2522902520938496,9.952638486423492e-09,-2.851425220636158,2.260644568851042,1.0,0.8,25,20
4018,6,RORA,4018,-1.0,12.738829884825057,0.2438794245050488,3.1235847628326814e-08,-10.29788571529876,14.420083469493456,1.0,0.8,25,20
4019,6,RORA,4019,-1.0,12.738829884825057,0.33344105986975775,1.681330334832201e-14,-6.001856364774052,7.311335098747226,1.0,0.8,25,20
4023,6,RORA,4023,-1.0,12.738829884825057,0.39682002457663784,2.2180641575089235e-20,-15.090598067597668,23.836945610902035,1.0,0.8,25,20
4020,6,RORA,4020,-1.0,12.738829884825057,0.37596844203761376,2.6652469968796284e-18,-3.4783271394637163,3.0676879535535138,1.0,0.8,25,20
4030,6,RORA,4030,-1.0,12.738829884825057,-0.5272211471965497,2.9377777192510654e-37,11.571940609427596,17.17617472073777,1.0,0.8,25,20
4024,6,RORA,4024,-1.0,12.738829884825057,0.26557998194956034,1.4991020660666925e-09,-10.461801201137513,15.457050597713687,1.0,0.8,25,20
4010,6,RORA,4010,-1.0,12.738829884825057,0.26447517628205053,1.7617133040825273e-09,-2.177163070664216,1.4872356302768475,1.0,0.8,25,20
4022,6,RORA,4022,-1.0,12.738829884825057,0.15002899557589217,0.0007457609907815839,-9.306014065086602,12.901352948464039,1.0,0.8,25,20
4014,6,RORA,4014,-1.0,12.738829884825057,-0.16442893797839914,0.00021549825223064664,2.3295040839439167,1.640647365121722,1.0,0.8,25,20
4008,6,RORA,4008,-1.0,12.738829884825057,0.37131577498294815,7.408869648231238e-18,-11.429150135235862,16.89849295459366,1.0,0.8,25,20
4015,6,RORA,4015,-1.0,12.738829884825057,0.2788354682364576,2.039055767069231e-10,-2.881056202409336,2.2879157899485083,1.0,0.8,25,20
4012,6,RORA,4012,-1.0,12.738829884825057,0.2557794915266376,6.11704348289156e-09,-4.350443501238172,4.353725204782376,1.0,0.8,25,20
4025,6,RORA,4025,-1.0,12.738829884825057,0.3517371805144987,4.580754145258604e-16,-9.905256441497688,13.773388100250772,1.0,0.8,25,20
4016,6,RORA,4016,-1.0,12.738829884825057,0.5459003974103704,2.490390851849677e-40,-12.738388632188318,18.724959144746755,1.0,0.8,25,20
4026,6,RORA,4026,-1.0,12.738829884825057,0.2621937577958069,2.4529209381013185e-09,-3.315446802312148,2.851802803079697,1.0,0.8,25,20
4011,6,RORA,4011,-1.0,12.738829884825057,0.38016759523494575,1.0442637557287956e-18,-7.543204724784114,10.585363080882534,1.0,0.8,25,20
4017,6,RORA,4017,-1.0,12.738829884825057,0.16353310345242997,0.00023352332675476034,-10.815653632936653,15.493632286994751,1.0,0.8,25,20
4007,6,RORA,4007,-1.0,12.738829884825057,-0.12109431821884498,0.006599602054608941,5.922121594873738,7.136326494491431,1.0,0.8,25,20
4027,6,RORA,4027,-1.0,12.738829884825057,-0.11558793338212489,0.009541257639915389,7.029090043328456,8.964649322290049,1.0,0.8,25,20
5683,6,ZNF691,5683,1.0,3.3921837428102473,-0.1164552157911609,0.009011767568713198,-3.090271273187206,2.555929650774952,0.5882352941176471,0.4166666666666667,24,17
5699,6,ZNF691,5699,1.0,3.3921837428102473,-0.41521963478807006,2.4213556138329213e-22,-10.208655707188868,14.33401681351798,0.5882352941176471,0.4166666666666667,24,17
5682,6,ZNF691,5682,1.0,3.3921837428102473,-0.4731865030443813,2.2537867804058354e-29,-3.578284812955263,3.19851179761852,0.5882352941176471,0.4166666666666667,24,17
5687,6,ZNF691,5687,1.0,3.3921837428102473,-0.1643618737037422,0.00021680119085124117,-10.085191630645625,14.23467104038991,0.5882352941176471,0.4166666666666667,24,17
5677,6,ZNF691,5677,1.0,3.3921837428102473,0.7662465695366651,4.1648008727589157e-98,7.95534978948439,10.830077823578984,0.5882352941176471,0.4166666666666667,24,17
5685,6,ZNF691,5685,1.0,3.3921837428102473,-0.46385214253046025,3.786209105342432e-28,-8.175554032747215,10.751941319644654,0.5882352941176471,0.4166666666666667,24,17
5695,6,ZNF691,5695,1.0,3.3921837428102473,-0.17121722749363968,0.00011567118976987809,-7.034352349597622,9.19613709046255,0.5882352941176471,0.4166666666666667,24,17
5692,6,ZNF691,5692,1.0,3.3921837428102473,0.37096432782933575,7.99835276680408e-18,3.420932778196621,2.9880533605549084,0.5882352941176471,0.4166666666666667,24,17
5700,6,ZNF691,5700,1.0,3.3921837428102473,-0.3119377112329008,8.624354623457914e-13,-2.9700042866349925,2.3817265994301313,0.5882352941176471,0.4166666666666667,24,17
5697,6,ZNF691,5697,1.0,3.3921837428102473,0.45188036321517894,1.2458156066056641e-26,2.823706276201174,2.2035689014146507,0.5882352941176471,0.4166666666666667,24,17
3252,6,TP63,3252,-1.0,13.066831164468779,0.11856911587705914,0.00782921410493922,-4.671607731673371,4.77696577189037,1.0,1.0,7,7
3250,6,TP63,3250,-1.0,13.066831164468779,0.2739354127400589,4.3169481991021337e-10,-7.484338668405988,9.971423359424008,1.0,1.0,7,7
3249,6,TP63,3249,-1.0,13.066831164468779,0.3778540200455781,1.7528409267590694e-18,-8.220981123359202,11.800434943151883,1.0,1.0,7,7
3253,6,TP63,3253,-1.0,13.066831164468779,0.29517780830820123,1.498855727235301e-11,-8.859476843467096,12.111773903028634,1.0,1.0,7,7
3251,6,TP63,3251,-1.0,13.066831164468779,0.47008485148464607,5.810956811143007e-29,-9.63975817951971,13.342814280728563,1.0,1.0,7,7
3247,6,TP63,3247,-1.0,13.066831164468779,-0.1442810086068507,0.0011886691031323888,9.954683843830535,14.783435634097344,1.0,1.0,7,7
3248,6,TP63,3248,-1.0,13.066831164468779,0.45771438596514535,2.3097701343601904e-27,-11.294768037661171,16.498198275341384,1.0,1.0,7,7
5631,6,TCF7L1,5631,1.0,4.302147927329299,0.37092553109901794,8.066189486975841e-18,2.466731872028533,1.8030005999133412,0.16666666666666666,0.14285714285714285,21,18
5636,6,TCF7L1,5636,1.0,4.302147927329299,-0.38854674040827913,1.5452541702292295e-19,-3.369106503587209,2.9136374340181432,0.16666666666666666,0.14285714285714285,21,18
5643,6,TCF7L1,5643,1.0,4.302147927329299,-0.2640508785443695,1.8740150269669505e-09,-7.406003178372558,9.47116588419264,0.16666666666666666,0.14285714285714285,21,18
2533,6,EPAS1,2533,-1.0,11.58830810069023,-0.3387105854507234,6.102930435265325e-15,7.435673475294096,10.03190405616791,1.0,1.0,2,2
2534,6,EPAS1,2534,-1.0,11.58830810069023,0.3867574427946243,2.334586797121795e-19,-12.244443078624512,18.22068408667865,1.0,1.0,2,2
1017,6,POU4F1,1017,1.0,5.999081638354737,-0.1412371115817767,0.0015113463284178676,-9.139482221896786,12.492801095502232,0.3125,0.2,25,16
1024,6,POU4F1,1024,1.0,5.999081638354737,-0.1779486197241114,6.094946742839143e-05,-4.279003867016604,4.249432418728161,0.3125,0.2,25,16
1021,6,POU4F1,1021,1.0,5.999081638354737,-0.20384728225865542,4.138198039080381e-06,-5.719170935171284,6.602478280955266,0.3125,0.2,25,16
1020,6,POU4F1,1020,1.0,5.999081638354737,-0.21131458441277928,1.780870241374026e-06,-2.934551100521177,2.351504669384762,0.3125,0.2,25,16
1023,6,POU4F1,1023,1.0,5.999081638354737,0.3801203194353626,1.0554180067760013e-18,3.9401568601089623,3.7067433455540106,0.3125,0.2,25,16
1848,6,SOX13,1848,-1.0,12.265517269406864,0.67437429956606,7.3301329211088045e-68,-7.509772633654713,9.992365093718647,0.8095238095238095,0.68,25,21
1844,6,SOX13,1844,-1.0,12.265517269406864,0.61523755337574,1.3153950862982242e-53,-11.637667831778582,17.253179696381096,0.8095238095238095,0.68,25,21
1856,6,SOX13,1856,-1.0,12.265517269406864,0.5126617492838612,5.408720739856873e-35,-10.69805588443646,15.296571254127254,0.8095238095238095,0.68,25,21
1854,6,SOX13,1854,-1.0,12.265517269406864,0.7500190070778422,8.202268951679053e-92,-9.275588945571304,14.00390311613163,0.8095238095238095,0.68,25,21
1858,6,SOX13,1858,-1.0,12.265517269406864,0.3529772530216985,3.5573140163721135e-16,-8.583437104862393,11.780663180152132,0.8095238095238095,0.68,25,21
1864,6,SOX13,1864,-1.0,12.265517269406864,0.20772466615010415,2.681262979643353e-06,-7.36931675008466,9.645575875050485,0.8095238095238095,0.68,25,21
1845,6,SOX13,1845,-1.0,12.265517269406864,0.7552320924276608,8.826017463605875e-94,-9.267724985917017,14.49725055527936,0.8095238095238095,0.68,25,21
1860,6,SOX13,1860,-1.0,12.265517269406864,0.15313472600947503,0.0005756998082852444,-3.2040863508925796,2.6966111926108876,0.8095238095238095,0.68,25,21
1865,6,SOX13,1865,-1.0,12.265517269406864,0.393511678456114,4.852257240106789e-20,-4.12417182310635,4.051538879117677,0.8095238095238095,0.68,25,21
1851,6,SOX13,1851,-1.0,12.265517269406864,0.645082768176114,2.0899055629792675e-60,-2.5963320990043472,1.9502746099737116,0.8095238095238095,0.68,25,21
1867,6,SOX13,1867,-1.0,12.265517269406864,0.35195981114055225,4.377816635004306e-16,-11.407613043163183,16.815360968073826,0.8095238095238095,0.68,25,21
1846,6,SOX13,1846,-1.0,12.265517269406864,0.6737723336721803,1.0641035582273588e-67,-4.2750985711469065,4.3295709875187,0.8095238095238095,0.68,25,21
1859,6,SOX13,1859,-1.0,12.265517269406864,0.2802695243952465,1.6325648867550058e-10,-9.975054730209443,14.084187172985413,0.8095238095238095,0.68,25,21
1853,6,SOX13,1853,-1.0,12.265517269406864,0.5154039856573516,2.0644111173726437e-35,-8.449363720917644,11.438322129725345,0.8095238095238095,0.68,25,21
1862,6,SOX13,1862,-1.0,12.265517269406864,0.09342921406124409,0.036378120631456075,-10.230840844294084,14.22994005035941,0.8095238095238095,0.68,25,21
1855,6,SOX13,1855,-1.0,12.265517269406864,0.1628416869064972,0.00024838954739788257,-10.689410156130002,15.189211809036408,0.8095238095238095,0.68,25,21
1863,6,SOX13,1863,-1.0,12.265517269406864,0.40569574892653293,2.5989248064784053e-21,-3.226654138960346,2.7254123263958787,0.8095238095238095,0.68,25,21
6770,6,ELF4,6770,-1.0,5.391742324008867,0.32584733505591446,7.00110004371083e-14,-5.3811108652619115,6.072143554442172,0.9565217391304348,0.88,25,23
6756,6,ELF4,6756,-1.0,5.391742324008867,0.3327405370008164,1.921002027805969e-14,-7.213876084662516,9.449101083077922,0.9565217391304348,0.88,25,23
6762,6,ELF4,6762,-1.0,5.391742324008867,0.39600434466465045,2.6924672673067844e-20,-9.02737705118834,13.39653842612419,0.9565217391304348,0.88,25,23
6774,6,ELF4,6774,-1.0,5.391742324008867,0.4659910850046322,1.9987313040322592e-28,-5.479839981499222,6.190369532996638,0.9565217391304348,0.88,25,23
6772,6,ELF4,6772,-1.0,5.391742324008867,-0.27686451845028787,2.7620498816242606e-10,12.802287771324952,18.99906079576548,0.9565217391304348,0.88,25,23
6755,6,ELF4,6755,-1.0,5.391742324008867,0.2361996639102807,8.560449528233788e-08,-6.72655439406729,8.981682805740926,0.9565217391304348,0.88,25,23
6775,6,ELF4,6775,-1.0,5.391742324008867,0.24751132966497122,1.9159504686274374e-08,-11.142869615810316,15.910181067186814,0.9565217391304348,0.88,25,23
6754,6,ELF4,6754,-1.0,5.391742324008867,0.5059837790775684,5.4450056066637495e-34,-11.649999466601882,17.266537917218557,0.9565217391304348,0.88,25,23
6760,6,ELF4,6760,-1.0,5.391742324008867,0.34331079629055833,2.4796770280993077e-15,-5.885550140190017,6.828493377289096,0.9565217391304348,0.88,25,23
6768,6,ELF4,6768,-1.0,5.391742324008867,0.5459418501515658,2.4503867262669358e-40,-14.003114837000687,21.662110310059234,0.9565217391304348,0.88,25,23
6778,6,ELF4,6778,-1.0,5.391742324008867,-0.21780242513713197,8.348145465963856e-07,10.679204098118051,15.108452858007665,0.9565217391304348,0.88,25,23
6767,6,ELF4,6767,-1.0,5.391742324008867,0.2970664217571684,1.0964528641282914e-11,-2.248083954052956,1.5604587674379968,0.9565217391304348,0.88,25,23
6759,6,ELF4,6759,-1.0,5.391742324008867,-0.26803166970455816,1.0449885611597636e-09,13.17342650019418,20.864422296896493,0.9565217391304348,0.88,25,23
6763,6,ELF4,6763,-1.0,5.391742324008867,0.5384669818244907,4.382524234148109e-39,-7.312070815820206,9.897153720606928,0.9565217391304348,0.88,25,23
6758,6,ELF4,6758,-1.0,5.391742324008867,0.4219769058905626,4.2901920239962254e-23,-10.704284245162068,15.132240002866308,0.9565217391304348,0.88,25,23
6776,6,ELF4,6776,-1.0,5.391742324008867,0.4740024675289627,1.753883259417918e-29,-11.867274519050735,17.068150384818093,0.9565217391304348,0.88,25,23
6773,6,ELF4,6773,-1.0,5.391742324008867,-0.18423329337143632,3.279655479784551e-05,4.4703829997308775,4.50552266318788,0.9565217391304348,0.88,25,23
6761,6,ELF4,6761,-1.0,5.391742324008867,0.5320455063829396,4.931133310086776e-38,-2.2960592386731515,1.614099707783403,0.9565217391304348,0.88,25,23
6777,6,ELF4,6777,-1.0,5.391742324008867,0.6554108561883465,6.115477843327477e-63,-10.47015434933191,14.825130253325556,0.9565217391304348,0.88,25,23
6766,6,ELF4,6766,-1.0,5.391742324008867,0.421774385061153,4.5211658348800704e-23,-8.17794792699847,11.16000826429478,0.9565217391304348,0.88,25,23
6771,6,ELF4,6771,-1.0,5.391742324008867,0.39106340557224445,8.611400634772425e-20,-4.2909162066732485,4.239449073114052,0.9565217391304348,0.88,25,23
6769,6,ELF4,6769,-1.0,5.391742324008867,0.47627269282650836,8.69827198650009e-30,-8.466224348525072,11.257817992290159,0.9565217391304348,0.88,25,23
3225,6,IRX6,3225,-1.0,2.0431182371181036,0.583443097737717,4.0158543595068217e-47,-8.39694345436524,12.434431399157354,0.5909090909090909,0.52,25,22
3229,6,IRX6,3229,-1.0,2.0431182371181036,0.2668212435042223,1.2493508759857603e-09,-7.555409765603492,10.257449078593531,0.5909090909090909,0.52,25,22
3230,6,IRX6,3230,-1.0,2.0431182371181036,0.4613589894837535,7.92755284146418e-28,-3.5373652851846678,3.1588895154989034,0.5909090909090909,0.52,25,22
3226,6,IRX6,3226,-1.0,2.0431182371181036,0.4597706664375985,1.2653929244471586e-27,-3.5654845394369143,3.2310706015426556,0.5909090909090909,0.52,25,22
3223,6,IRX6,3223,-1.0,2.0431182371181036,0.3457663915759253,1.523819563419047e-15,-11.772556810622643,17.4412675291552,0.5909090909090909,0.52,25,22
3231,6,IRX6,3231,-1.0,2.0431182371181036,0.5099028774301352,1.4129062565109245e-34,-5.125298660136365,5.793168139232105,0.5909090909090909,0.52,25,22
3237,6,IRX6,3237,-1.0,2.0431182371181036,0.22310417661209705,4.4167674701814003e-07,-6.652443179910697,8.258743011760082,0.5909090909090909,0.52,25,22
3238,6,IRX6,3238,-1.0,2.0431182371181036,0.34093511187129755,3.955525657532494e-15,-5.032611602018674,5.477933333803715,0.5909090909090909,0.52,25,22
3233,6,IRX6,3233,-1.0,2.0431182371181036,0.49870910364543974,6.362181946586898e-33,-8.903078229390125,13.091920546931167,0.5909090909090909,0.52,25,22
3244,6,IRX6,3244,-1.0,2.0431182371181036,0.501354885748842,2.6199039609453305e-33,-4.5161705898038935,4.667182682545974,0.5909090909090909,0.52,25,22
3242,6,IRX6,3242,-1.0,2.0431182371181036,-0.3073454424058775,1.9206248961752036e-12,13.921017608394928,21.972717609671136,0.5909090909090909,0.52,25,22
3236,6,IRX6,3236,-1.0,2.0431182371181036,0.4495780019586472,2.4011824935409653e-26,-4.174872112357505,4.093737491551612,0.5909090909090909,0.52,25,22
3240,6,IRX6,3240,-1.0,2.0431182371181036,0.2591163162027404,3.81440693835715e-09,-5.84508534155473,6.819784977906143,0.5909090909090909,0.52,25,22
6516,6,EGR2,6516,-1.0,1.5062853642155196,0.41713651578137634,1.487919915799591e-22,-10.649455592280262,15.740110636400521,1.0,0.5,2,1
7232,6,CEBPB,7232,1.0,10.608368995516003,-0.3990834201319269,1.2917259652196469e-20,-8.050886017521838,11.686349234912788,0.9523809523809523,0.8,25,21
7242,6,CEBPB,7242,1.0,10.608368995516003,-0.33885410489563994,5.935172954062967e-15,-9.652607503809854,13.31999136342198,0.9523809523809523,0.8,25,21
7243,6,CEBPB,7243,1.0,10.608368995516003,-0.2382656609428526,6.548929518854659e-08,-2.9070584891796574,2.3068338041052185,0.9523809523809523,0.8,25,21
7250,6,CEBPB,7250,1.0,10.608368995516003,-0.2896241844208742,3.708965575073335e-11,-10.75938721118558,15.504247459461302,0.9523809523809523,0.8,25,21
7234,6,CEBPB,7234,1.0,10.608368995516003,-0.3036922203212246,3.5954211299546276e-12,-2.2719754578965956,1.592451973155261,0.9523809523809523,0.8,25,21
7239,6,CEBPB,7239,1.0,10.608368995516003,-0.2829826395066156,1.0682270985210062e-10,-11.28919709983228,16.248020084980716,0.9523809523809523,0.8,25,21
7235,6,CEBPB,7235,1.0,10.608368995516003,-0.35975823850702593,8.75013394771694e-17,-6.8763964874700765,8.816118575528925,0.9523809523809523,0.8,25,21
7241,6,CEBPB,7241,1.0,10.608368995516003,-0.3675652979088515,1.6690592704247854e-17,-5.917254914587125,7.21329090283172,0.9523809523809523,0.8,25,21
7236,6,CEBPB,7236,1.0,10.608368995516003,-0.24299317058974493,3.515132873037489e-08,-4.579722645452238,4.808586190267766,0.9523809523809523,0.8,25,21
7251,6,CEBPB,7251,1.0,10.608368995516003,-0.3633561846707289,4.100686452608507e-17,-8.088590372411215,10.727370117464686,0.9523809523809523,0.8,25,21
7237,6,CEBPB,7237,1.0,10.608368995516003,0.18873902611005722,2.0761651925714252e-05,2.6064879864250075,1.9495737125439587,0.9523809523809523,0.8,25,21
7248,6,CEBPB,7248,1.0,10.608368995516003,-0.3207790022989197,1.7746208357323583e-13,-12.862889505895621,18.762406106515936,0.9523809523809523,0.8,25,21
7246,6,CEBPB,7246,1.0,10.608368995516003,0.1629041031621185,0.00024701203542766483,5.34497194027448,5.917431658127497,0.9523809523809523,0.8,25,21
7247,6,CEBPB,7247,1.0,10.608368995516003,-0.20947118301712495,2.199228148114919e-06,-10.91677764009873,16.06526002858751,0.9523809523809523,0.8,25,21
7255,6,CEBPB,7255,1.0,10.608368995516003,-0.15733587121496515,0.0004024980292023978,-7.529311131762148,9.643377659241716,0.9523809523809523,0.8,25,21
7249,6,CEBPB,7249,1.0,10.608368995516003,-0.27794693774040163,2.338714114080428e-10,-4.862877002356643,5.228675058062518,0.9523809523809523,0.8,25,21
7231,6,CEBPB,7231,1.0,10.608368995516003,-0.4255123409411129,1.7077258451612676e-23,-11.425657177098367,16.88364640553818,0.9523809523809523,0.8,25,21
7245,6,CEBPB,7245,1.0,10.608368995516003,-0.2908718455305811,3.031071260215845e-11,-7.256706206964788,9.907419314167583,0.9523809523809523,0.8,25,21
7238,6,CEBPB,7238,1.0,10.608368995516003,-0.3822901273561959,6.469432383407054e-19,-3.881788100326707,3.663212898593217,0.9523809523809523,0.8,25,21
7240,6,CEBPB,7240,1.0,10.608368995516003,-0.3542313644435366,2.7515081304247242e-16,-8.772750981516364,12.193078450597985,0.9523809523809523,0.8,25,21
1925,6,ELF2,1925,1.0,2.8701978563199826,-0.2124106281982699,1.569490720648328e-06,-3.768409895626916,3.477644988909012,0.14285714285714285,0.08,25,14
1918,6,ELF2,1918,1.0,2.8701978563199826,0.2184939365405961,7.689831171259061e-07,10.20627219424597,15.009543975844029,0.14285714285714285,0.08,25,14
8306,6,GTF2I,8306,-1.0,17.161135589641432,0.23114992322942846,1.630521584996915e-07,-8.591236838400034,11.513769455121203,1.0,0.7916666666666666,24,19
8316,6,GTF2I,8316,-1.0,17.161135589641432,0.35632164500413127,1.788696795824168e-16,-5.534321436537473,6.303892305166102,1.0,0.7916666666666666,24,19
8303,6,GTF2I,8303,-1.0,17.161135589641432,0.4814397722736274,1.728523753348e-30,-5.288525240070906,5.87751835777959,1.0,0.7916666666666666,24,19
8300,6,GTF2I,8300,-1.0,17.161135589641432,0.5519722279914046,2.2677145479814276e-41,-7.325916895195179,9.607686526287937,1.0,0.7916666666666666,24,19
8314,6,GTF2I,8314,-1.0,17.161135589641432,0.6094102655104988,2.305546496848543e-52,-10.913762827956836,15.858242700875595,1.0,0.7916666666666666,24,19
8309,6,GTF2I,8309,-1.0,17.161135589641432,-0.4069395208774549,1.9145033537969225e-21,10.255305307025969,15.259594274471294,1.0,0.7916666666666666,24,19
8308,6,GTF2I,8308,-1.0,17.161135589641432,0.38207280875189736,6.795584229045026e-19,-3.4849262225500106,3.0537528232418585,1.0,0.7916666666666666,24,19
8317,6,GTF2I,8317,-1.0,17.161135589641432,0.3569967460546737,1.555369572085073e-16,-2.280404243102534,1.593921301768413,1.0,0.7916666666666666,24,19
8301,6,GTF2I,8301,-1.0,17.161135589641432,0.4297807401363226,5.534568081671554e-24,-4.210195608680114,4.210039072056979,1.0,0.7916666666666666,24,19
8315,6,GTF2I,8315,-1.0,17.161135589641432,0.3966892160409208,2.288173660150494e-20,-9.978895483021464,13.779499512169057,1.0,0.7916666666666666,24,19
8313,6,GTF2I,8313,-1.0,17.161135589641432,0.5851132677181656,1.9090337536626024e-47,-11.767971611257321,17.90020183325062,1.0,0.7916666666666666,24,19
8297,6,GTF2I,8297,-1.0,17.161135589641432,0.7732079740466,5.757389927948251e-101,-11.752889380114969,17.49227456191776,1.0,0.7916666666666666,24,19
8312,6,GTF2I,8312,-1.0,17.161135589641432,0.290352215973904,3.2972805312943856e-11,-3.716497629153737,3.4337372549283094,1.0,0.7916666666666666,24,19
8307,6,GTF2I,8307,-1.0,17.161135589641432,0.2460661751750157,2.329430973410167e-08,-7.489901358890465,9.627341490492412,1.0,0.7916666666666666,24,19
8318,6,GTF2I,8318,-1.0,17.161135589641432,0.6891061484707235,6.02933295908274e-72,-10.53137216384074,15.105345476683826,1.0,0.7916666666666666,24,19
8299,6,GTF2I,8299,-1.0,17.161135589641432,0.5725177052767964,4.6893366235842447e-45,-8.460982068036099,12.861232511054322,1.0,0.7916666666666666,24,19
8310,6,GTF2I,8310,-1.0,17.161135589641432,0.26384560684655095,1.9308119986879837e-09,-5.910543299841782,6.818350500070318,1.0,0.7916666666666666,24,19
8319,6,GTF2I,8319,-1.0,17.161135589641432,-0.2181463785457686,8.01421390725893e-07,8.892918978257072,12.116733798642061,1.0,0.7916666666666666,24,19
8304,6,GTF2I,8304,-1.0,17.161135589641432,0.21763044843281365,8.520081598943423e-07,-3.919881834755732,3.7088964797302655,1.0,0.7916666666666666,24,19
2923,6,SOX30,2923,1.0,4.376281100353297,-0.18856342028002052,2.1139221201765023e-05,-2.402872866117684,1.7210074675815565,0.3181818181818182,0.28,25,22
2924,6,SOX30,2924,1.0,4.376281100353297,-0.16262999811337808,0.00025311515253483556,-5.280457575762435,5.827066011210756,0.3181818181818182,0.28,25,22
2905,6,SOX30,2905,1.0,4.376281100353297,0.4584454205853488,1.8657824634680366e-27,2.6849956098255516,2.0603513880306097,0.3181818181818182,0.28,25,22
2920,6,SOX30,2920,1.0,4.376281100353297,-0.16278025650521954,0.0002497523134517801,-4.1007173739947325,3.9542816683411526,0.3181818181818182,0.28,25,22
2912,6,SOX30,2912,1.0,4.376281100353297,-0.3272946029927985,5.350869683488882e-14,-4.703414816933037,4.911583332176866,0.3181818181818182,0.28,25,22
2929,6,SOX30,2929,1.0,4.376281100353297,-0.320749066658302,1.784304239730316e-13,-2.0655749455413117,1.3731610171741153,0.3181818181818182,0.28,25,22
2919,6,SOX30,2919,1.0,4.376281100353297,-0.1544485994257847,0.0005152344931145733,-8.897778406859283,12.109588908894644,0.3181818181818182,0.28,25,22
1044,6,ARID5A,1044,-1.0,4.838798889485415,0.5491479398533057,6.955133112650454e-41,-2.8842885332317074,2.2930658864786624,0.4,0.32,25,20
1042,6,ARID5A,1042,-1.0,4.838798889485415,0.4629933024417135,4.887178555450394e-28,-6.575010707879233,8.22498091462635,0.4,0.32,25,20
1055,6,ARID5A,1055,-1.0,4.838798889485415,0.5846985505911497,2.2971160851229023e-47,-2.3055258188474577,1.6206685097873783,0.4,0.32,25,20
1053,6,ARID5A,1053,-1.0,4.838798889485415,0.34598558895926634,1.4587025050765392e-15,-4.110975613061219,3.9930161913382483,0.4,0.32,25,20
1037,6,ARID5A,1037,-1.0,4.838798889485415,0.23255931643006908,1.3641603145296866e-07,-3.9413086957383183,3.788502942559859,0.4,0.32,25,20
1043,6,ARID5A,1043,-1.0,4.838798889485415,0.4220956675197995,4.1602043722582e-23,-2.135728996339466,1.438813180411687,0.4,0.32,25,20
1049,6,ARID5A,1049,-1.0,4.838798889485415,0.5686215270345624,2.453479052612537e-44,-3.064271227946885,2.526777158379712,0.4,0.32,25,20
1035,6,ARID5A,1035,-1.0,4.838798889485415,0.4213410758579947,5.0573703872347887e-23,-2.558767818331273,1.9039137112271352,0.4,0.32,25,20
9220,6,PITX1,9220,-1.0,14.524432272773929,0.38100120322035624,8.656118691391252e-19,-8.536871361215264,11.593616735667888,0.375,0.25,24,16
9210,6,PITX1,9210,-1.0,14.524432272773929,0.1823334867337711,3.964106989507004e-05,-2.4937237193789508,1.825717512496853,0.375,0.25,24,16
9200,6,PITX1,9200,-1.0,14.524432272773929,0.24079674445158142,4.701034690516528e-08,-5.147355826837719,5.63611335560366,0.375,0.25,24,16
9217,6,PITX1,9217,-1.0,14.524432272773929,0.4006320641885738,8.901672391323296e-21,-6.12583436833419,7.314161484021983,0.375,0.25,24,16
9208,6,PITX1,9208,-1.0,14.524432272773929,0.19297394059670414,1.3376060701330142e-05,-2.226762144801313,1.5406024168573407,0.375,0.25,24,16
9205,6,PITX1,9205,-1.0,14.524432272773929,0.14052901381225258,0.0015971296561350496,-8.87719472518804,12.925816936645099,0.375,0.25,24,16
6211,6,ATF1,6211,-1.0,17.134517480753374,0.39280318755454013,5.731287868686244e-20,-7.182530999035841,9.083643711348564,0.8888888888888888,0.64,25,18
6214,6,ATF1,6214,-1.0,17.134517480753374,0.2306221359250561,1.7426370104275222e-07,-5.008041271850323,5.437426772193349,0.8888888888888888,0.64,25,18
6206,6,ATF1,6206,-1.0,17.134517480753374,0.4620414071147227,6.479720817618294e-28,-10.543553332918988,14.827926245689794,0.8888888888888888,0.64,25,18
6224,6,ATF1,6224,-1.0,17.134517480753374,0.3211456266575464,1.6601231076308862e-13,-6.173389367491966,7.530019830070736,0.8888888888888888,0.64,25,18
6208,6,ATF1,6208,-1.0,17.134517480753374,0.5811604595297221,1.101962025735117e-46,-5.478423310765248,6.352720523355957,0.8888888888888888,0.64,25,18
6225,6,ATF1,6225,-1.0,17.134517480753374,0.40804053224371123,1.4591104528059602e-21,-9.067158012963496,13.001023232435024,0.8888888888888888,0.64,25,18
6220,6,ATF1,6220,-1.0,17.134517480753374,0.41976881227604435,7.584866844533689e-23,-9.617958525739503,13.982970751878602,0.8888888888888888,0.64,25,18
6215,6,ATF1,6215,-1.0,17.134517480753374,0.14009191030784066,0.0016522904884540871,-8.617638455200332,11.618423281436202,0.8888888888888888,0.64,25,18
6216,6,ATF1,6216,-1.0,17.134517480753374,0.5303233679014729,9.355226398817693e-38,-10.375749572465953,14.626923919901463,0.8888888888888888,0.64,25,18
6223,6,ATF1,6223,-1.0,17.134517480753374,-0.17350528600707701,9.328244097397277e-05,10.708306387176739,15.142478089582465,0.8888888888888888,0.64,25,18
6205,6,ATF1,6205,-1.0,17.134517480753374,0.5509096339253408,3.461404605090099e-41,-2.781839424453398,2.1828058142335047,0.8888888888888888,0.64,25,18
6227,6,ATF1,6227,-1.0,17.134517480753374,-0.16272738358123323,0.0002509308363894042,5.6935143471953795,6.466027222139335,0.8888888888888888,0.64,25,18
6213,6,ATF1,6213,-1.0,17.134517480753374,0.26928587598392756,8.676076650219164e-10,-7.483618681502266,9.497532501366603,0.8888888888888888,0.64,25,18
6203,6,ATF1,6203,-1.0,17.134517480753374,0.646742110971834,8.311453790198206e-61,-11.706003818456155,17.467535375277965,0.8888888888888888,0.64,25,18
6204,6,ATF1,6204,-1.0,17.134517480753374,0.5103642998748212,1.2040147200664604e-34,-6.359369323578294,8.227735683386388,0.8888888888888888,0.64,25,18
6219,6,ATF1,6219,-1.0,17.134517480753374,0.46107680087853253,8.615851138212819e-28,-11.288636547348068,17.425961352398676,0.8888888888888888,0.64,25,18
7422,6,ZNF148,7422,-1.0,17.308811383318968,0.7862226170614266,1.3505001443735563e-106,-11.79401838615881,17.532002769938103,1.0,0.88,25,22
7436,6,ZNF148,7436,-1.0,17.308811383318968,0.42649440096306956,1.3196237654560844e-23,-9.078911283045183,13.022336525068102,1.0,0.88,25,22
7424,6,ZNF148,7424,-1.0,17.308811383318968,0.6113318893803721,9.026113781476047e-53,-7.152261031045104,9.887210158930124,1.0,0.88,25,22
7430,6,ZNF148,7430,-1.0,17.308811383318968,-0.06242351222246406,0.16256499382170175,2.8387893233775343,2.2360154998391164,1.0,0.88,25,22
7432,6,ZNF148,7432,-1.0,17.308811383318968,0.6634282147371515,5.620731805383043e-65,-4.816263896629768,5.169820792284132,1.0,0.88,25,22
7441,6,ZNF148,7441,-1.0,17.308811383318968,0.28122464487830273,1.4068591867481766e-10,-2.6141103964191887,1.969175306948823,1.0,0.88,25,22
7428,6,ZNF148,7428,-1.0,17.308811383318968,0.4528967616634805,9.310187870681452e-27,-3.0190629601025076,2.4727825546005437,1.0,0.88,25,22
7433,6,ZNF148,7433,-1.0,17.308811383318968,0.40897231777405796,1.1585345157184706e-21,-4.026944306980953,3.8457311455551397,1.0,0.88,25,22
7444,6,ZNF148,7444,-1.0,17.308811383318968,0.38993792096290264,1.119187960612133e-19,-3.78778843637969,3.498392549311375,1.0,0.88,25,22
7442,6,ZNF148,7442,-1.0,17.308811383318968,0.3763232092048231,2.4636908330981387e-18,-2.011620597770718,1.3190375335940892,1.0,0.88,25,22
7434,6,ZNF148,7434,-1.0,17.308811383318968,0.7654110644006278,9.038075237669191e-98,-8.963803444102172,13.147891057443436,1.0,0.88,25,22
7443,6,ZNF148,7443,-1.0,17.308811383318968,-0.24615296981619122,2.3023319341713674e-08,10.913788759507277,15.584606527947026,1.0,0.88,25,22
7439,6,ZNF148,7439,-1.0,17.308811383318968,0.5801368519090386,1.728356436426306e-46,-12.475529122066945,18.136882676884504,1.0,0.88,25,22
7425,6,ZNF148,7425,-1.0,17.308811383318968,0.5552845581282446,6.009249826849256e-42,-3.292278588114433,2.842820138599049,1.0,0.88,25,22
7445,6,ZNF148,7445,-1.0,17.308811383318968,0.5132470202522252,4.406934758994529e-35,-2.870327156885716,2.278681580387373,1.0,0.88,25,22
7427,6,ZNF148,7427,-1.0,17.308811383318968,0.5328171724003855,3.696673796862662e-38,-2.9552197673146097,2.383095876892237,1.0,0.88,25,22
7429,6,ZNF148,7429,-1.0,17.308811383318968,0.40190097338530073,6.551583444860881e-21,-1.9991408235821377,1.308690509193904,1.0,0.88,25,22
7446,6,ZNF148,7446,-1.0,17.308811383318968,0.4302407043057873,4.897065796669722e-24,-7.043038596508751,8.963489661579873,1.0,0.88,25,22
7435,6,ZNF148,7435,-1.0,17.308811383318968,0.13089509321436174,0.0033024036817336884,-2.0938628079502597,1.4007839464714453,1.0,0.88,25,22
7438,6,ZNF148,7438,-1.0,17.308811383318968,0.2940969067385889,1.7906742117708266e-11,-4.244816816578492,4.214087653866908,1.0,0.88,25,22
7437,6,ZNF148,7437,-1.0,17.308811383318968,0.1940535141608777,1.1939463924019211e-05,-7.971786593077839,10.509550573873266,1.0,0.88,25,22
7440,6,ZNF148,7440,-1.0,17.308811383318968,0.7171728794160153,1.9035712763767424e-80,-10.684001411224319,15.505921706364543,1.0,0.88,25,22
2148,6,GATA6,2148,-1.0,8.669325537447465,0.19361109863471082,1.2509474046285556e-05,-9.407849474456542,14.575433030793267,0.7647058823529411,0.52,25,17
2155,6,GATA6,2155,-1.0,8.669325537447465,0.1529142771066423,0.0005864683564744303,-3.165461871522116,2.6561171983938165,0.7647058823529411,0.52,25,17
2146,6,GATA6,2146,-1.0,8.669325537447465,0.35695453445322767,1.5690377577277416e-16,-8.670797988067998,12.33213303953102,0.7647058823529411,0.52,25,17
2157,6,GATA6,2157,-1.0,8.669325537447465,0.17070784255034718,0.00012130055885107655,-9.061806972860028,12.518773976074778,0.7647058823529411,0.52,25,17
2143,6,GATA6,2143,-1.0,8.669325537447465,0.40370800935731604,4.224485091761309e-21,-8.336425525735736,11.613487037266138,0.7647058823529411,0.52,25,17
2149,6,GATA6,2149,-1.0,8.669325537447465,0.3189936887015811,2.452398776010988e-13,-6.576807552988793,8.18035547785224,0.7647058823529411,0.52,25,17
2152,6,GATA6,2152,-1.0,8.669325537447465,0.17562924099129726,7.62098082676384e-05,-7.487968426436896,9.872018578711955,0.7647058823529411,0.52,25,17
2154,6,GATA6,2154,-1.0,8.669325537447465,0.34503720336093513,1.7616589633879072e-15,-4.872040692048593,5.231991996725751,0.7647058823529411,0.52,25,17
2153,6,GATA6,2153,-1.0,8.669325537447465,0.3107291314261057,1.0661661460325937e-12,-2.4644320790063907,1.7862655214608798,0.7647058823529411,0.52,25,17
2141,6,GATA6,2141,-1.0,8.669325537447465,0.33034092603052395,3.024513708863484e-14,-4.044636080027255,3.9359937206581517,0.7647058823529411,0.52,25,17
2138,6,GATA6,2138,-1.0,8.669325537447465,0.37737337693428147,1.9509528002368043e-18,-2.4057231915244737,1.7322179704797573,0.7647058823529411,0.52,25,17
2136,6,GATA6,2136,-1.0,8.669325537447465,0.19802235327211765,7.820454353368083e-06,-11.376276978452497,16.830142056724736,0.7647058823529411,0.52,25,17
2156,6,GATA6,2156,-1.0,8.669325537447465,0.40071164965736744,8.732505418442441e-21,-5.894335725238515,7.075456788171683,0.7647058823529411,0.52,25,17
2952,6,TGIF2,2952,1.0,5.507087132818842,0.18803347579195487,2.2318558864400543e-05,6.469426353336198,7.947521070854119,0.375,0.2727272727272727,22,16
2960,6,TGIF2,2960,1.0,5.507087132818842,-0.23477727522784658,1.0279268822944925e-07,-2.380401718360006,1.6978052239657604,0.375,0.2727272727272727,22,16
2956,6,TGIF2,2956,1.0,5.507087132818842,-0.1838579421199264,3.405319662938837e-05,-2.6784489010462647,2.0418547164497616,0.375,0.2727272727272727,22,16
2958,6,TGIF2,2958,1.0,5.507087132818842,-0.31647303952129957,3.8579113978652186e-13,-11.589401320609774,16.774380096326045,0.375,0.2727272727272727,22,16
2946,6,TGIF2,2946,1.0,5.507087132818842,0.6027439627805606,5.678919867803487e-51,5.095376597659365,5.6446146164046125,0.375,0.2727272727272727,22,16
2957,6,TGIF2,2957,1.0,5.507087132818842,-0.3289833250419946,3.903165397376326e-14,-2.5428577067883515,1.8788684102104642,0.375,0.2727272727272727,22,16
