,Mutation,Regulator,Regulon,MutationRegulatorEdge,-log10(p)_MutationRegulatorEdge,RegulatorRegulon_Spearman_R,RegulatorRegulon_Spearman_p-value,Regulon_stratification_t-statistic,-log10(p)_Regulon_stratification,Fraction_of_edges_correctly_aligned,Fraction_of_aligned_and_diff_exp_edges,number_downstream_regulons,number_differentially_expressed_regulons
4145,4,KLF15,4145,-1.0,53.22878380244291,0.2524301226381471,1.9379105266764005e-07,-7.134011233552657,10.41995329195362,1.0,1.0,24,24
4148,4,KLF15,4148,-1.0,53.22878380244291,0.5946931636430977,5.929486551472478e-41,-14.031156292772051,29.46357335578101,1.0,1.0,24,24
4130,4,KLF15,4130,-1.0,53.22878380244291,-0.5058970062796718,2.7503949704024064e-28,16.156931281713725,37.69690138892061,1.0,1.0,24,24
4131,4,KLF15,4131,-1.0,53.22878380244291,0.5935403050247099,9.188845797974294e-41,-15.242267107575001,34.71605592191005,1.0,1.0,24,24
4128,4,KLF15,4128,-1.0,53.22878380244291,-0.5620682963457155,7.483685325075853e-36,16.35058895274245,35.2260641001913,1.0,1.0,24,24
4149,4,KLF15,4149,-1.0,53.22878380244291,0.3088155126031022,1.3440258389837796e-10,-4.8942950141565875,5.687346438377138,1.0,1.0,24,24
4139,4,KLF15,4139,-1.0,53.22878380244291,-0.415670641297689,1.0006892531003806e-18,17.174955107934807,40.86830433941987,1.0,1.0,24,24
4144,4,KLF15,4144,-1.0,53.22878380244291,-0.3391600299503097,1.3286922844162309e-12,14.340287933739209,30.347620277482413,1.0,1.0,24,24
4137,4,KLF15,4137,-1.0,53.22878380244291,0.225994873271378,3.4067396423616872e-06,-7.9937843253263585,13.316980492183575,1.0,1.0,24,24
4129,4,KLF15,4129,-1.0,53.22878380244291,0.4153197271663769,1.0769321370203766e-18,-15.282971808857392,38.51594687592037,1.0,1.0,24,24
4132,4,KLF15,4132,-1.0,53.22878380244291,0.5145360894044649,2.322098091403327e-29,-17.341442807993264,41.42834623334176,1.0,1.0,24,24
4135,4,KLF15,4135,-1.0,53.22878380244291,-0.46833025332195194,5.860732360280053e-24,9.743173176007517,16.795637611673076,1.0,1.0,24,24
4141,4,KLF15,4141,-1.0,53.22878380244291,-0.4851803888889594,7.806291510105071e-26,16.05494894663946,36.919393737184514,1.0,1.0,24,24
4140,4,KLF15,4140,-1.0,53.22878380244291,0.5573555618410055,3.6729299601508115e-35,-22.524789766971356,65.48628185413384,1.0,1.0,24,24
4127,4,KLF15,4127,-1.0,53.22878380244291,-0.30978843260186767,1.1683235602063127e-10,11.026470063095921,19.807070510971585,1.0,1.0,24,24
4147,4,KLF15,4147,-1.0,53.22878380244291,-0.344023784367917,6.038468955814171e-13,6.7377686311072384,9.526136866058266,1.0,1.0,24,24
4150,4,KLF15,4150,-1.0,53.22878380244291,-0.2531647592581084,1.780964525140857e-07,5.668799436990022,7.236134689487843,1.0,1.0,24,24
4138,4,KLF15,4138,-1.0,53.22878380244291,-0.5659954905420187,1.949285092734456e-36,21.762713301963295,58.897743932671396,1.0,1.0,24,24
4133,4,KLF15,4133,-1.0,53.22878380244291,-0.2641922569739956,4.855816177412315e-08,6.225991361636076,8.486856408633303,1.0,1.0,24,24
4136,4,KLF15,4136,-1.0,53.22878380244291,0.42741823172255294,8.144887551514116e-20,-8.065705596599843,12.825773255095338,1.0,1.0,24,24
4134,4,KLF15,4134,-1.0,53.22878380244291,-0.43343907263964804,2.1667263982122327e-20,20.949478004402042,54.93510479432941,1.0,1.0,24,24
4146,4,KLF15,4146,-1.0,53.22878380244291,-0.2696810613334483,2.4864687656918696e-08,7.927973227602863,12.763952953611378,1.0,1.0,24,24
4142,4,KLF15,4142,-1.0,53.22878380244291,0.3529287166562872,1.3747591501876708e-13,-12.843079082407531,26.273337556686382,1.0,1.0,24,24
4143,4,KLF15,4143,-1.0,53.22878380244291,-0.3305513875694377,5.189114495191911e-12,13.500186545369669,28.625772475741368,1.0,1.0,24,24
2171,4,E2F8,2171,-1.0,11.535395511949332,0.6147832090547686,2.1409157253009976e-44,-4.278143215128877,4.533307618676123,0.625,0.5,10,8
2174,4,E2F8,2174,-1.0,11.535395511949332,-0.22664968749616854,3.18589895346689e-06,2.4079719411498135,1.7608214897573784,0.625,0.5,10,8
2173,4,E2F8,2173,-1.0,11.535395511949332,-0.23474303572855482,1.3686227839865629e-06,7.313082059395105,10.859507804072098,0.625,0.5,10,8
2167,4,E2F8,2167,-1.0,11.535395511949332,-0.27593781801593154,1.1381829205850811e-08,12.161196078501153,22.860918913607108,0.625,0.5,10,8
2166,4,E2F8,2166,-1.0,11.535395511949332,-0.3073645038095323,1.6547667205652104e-10,9.75260016759741,17.602748351396038,0.625,0.5,10,8
6519,4,NFKB2,6519,1.0,18.50603399273503,0.5593284602775774,1.8928834918952656e-35,11.87593327005299,21.884896526769353,1.0,1.0,5,5
6520,4,NFKB2,6520,1.0,18.50603399273503,0.3500683014191729,2.2227735618272476e-13,11.346463484918106,22.359658738791957,1.0,1.0,5,5
6523,4,NFKB2,6523,1.0,18.50603399273503,0.4976685349673249,2.7152606770610523e-27,10.881717295854534,19.019323788602055,1.0,1.0,5,5
6522,4,NFKB2,6522,1.0,18.50603399273503,0.39424154138397993,7.590431139112996e-17,21.789570647550335,55.24261737443831,1.0,1.0,5,5
6521,4,NFKB2,6521,1.0,18.50603399273503,0.5002242045347407,1.3422713465398209e-27,12.35518588811807,23.449382644045052,1.0,1.0,5,5
2997,4,ZNF143,2997,-1.0,1.946478138969289,0.6849790571909705,1.240972876344965e-58,-3.231495682041647,2.8423860831430092,0.391304347826087,0.36,25,23
2999,4,ZNF143,2999,-1.0,1.946478138969289,0.3835003557761946,5.922033175599344e-16,-10.682234973725327,20.580725320788044,0.391304347826087,0.36,25,23
3021,4,ZNF143,3021,-1.0,1.946478138969289,0.10024889536036558,0.04147654650543115,-12.28183560451975,26.373474356623387,0.391304347826087,0.36,25,23
3018,4,ZNF143,3018,-1.0,1.946478138969289,0.09566519578683194,0.05176576245362417,-2.86508040323926,2.332079348229788,0.391304347826087,0.36,25,23
3017,4,ZNF143,3017,-1.0,1.946478138969289,0.4359276034551936,1.2437529795882738e-20,-4.062726323775063,4.155385846363235,0.391304347826087,0.36,25,23
3000,4,ZNF143,3000,-1.0,1.946478138969289,-0.3710871277509237,5.800351669472215e-15,4.178828870462865,4.335807792783408,0.391304347826087,0.36,25,23
3015,4,ZNF143,3015,-1.0,1.946478138969289,0.2456316898291133,4.181813375114605e-07,-7.224574381329849,10.961694710389851,0.391304347826087,0.36,25,23
3007,4,ZNF143,3007,-1.0,1.946478138969289,-0.36573665966106766,1.505382850258204e-14,6.4961147229482235,8.998545333413235,0.391304347826087,0.36,25,23
3003,4,ZNF143,3003,-1.0,1.946478138969289,0.5771332513969977,3.8876986311118485e-38,-5.618456298080093,7.209492369863344,0.391304347826087,0.36,25,23
5514,4,PAX6,5514,1.0,16.12486303819605,-0.24470815148159755,4.634400201117169e-07,-16.364872621294698,39.497320950571336,0.9565217391304348,0.88,25,23
5511,4,PAX6,5511,1.0,16.12486303819605,-0.21385628840237253,1.1384438720560403e-05,-17.85570151903561,46.451112507496546,0.9565217391304348,0.88,25,23
5528,4,PAX6,5528,1.0,16.12486303819605,0.2466262565791115,3.7420021871399065e-07,5.8508655050442915,7.501578667905137,0.9565217391304348,0.88,25,23
5504,4,PAX6,5504,1.0,16.12486303819605,0.2763093642070123,1.0858961165233906e-08,11.075015420466316,19.952763061074602,0.9565217391304348,0.88,25,23
5508,4,PAX6,5508,1.0,16.12486303819605,0.3541597065174056,1.1162793592811616e-13,14.448465382883299,28.915242605505043,0.9565217391304348,0.88,25,23
5506,4,PAX6,5506,1.0,16.12486303819605,0.4634851015811853,1.942126657442464e-23,16.432286446476102,37.833552991850695,0.9565217391304348,0.88,25,23
5525,4,PAX6,5525,1.0,16.12486303819605,0.38116318310403424,9.168619357756636e-16,13.456467603134675,25.63911761724624,0.9565217391304348,0.88,25,23
5518,4,PAX6,5518,1.0,16.12486303819605,-0.2988103165372301,5.511340150502345e-10,-15.798615701391455,40.689127360803305,0.9565217391304348,0.88,25,23
5513,4,PAX6,5513,1.0,16.12486303819605,0.4286502362751353,6.225075021154793e-20,21.89437027663044,54.38832160545353,0.9565217391304348,0.88,25,23
5526,4,PAX6,5526,1.0,16.12486303819605,0.3097811606463754,1.1695498467533773e-10,10.475443602491515,20.5843696817809,0.9565217391304348,0.88,25,23
5516,4,PAX6,5516,1.0,16.12486303819605,-0.3686408757463796,8.990438546838457e-15,-27.301623301224875,92.10193143776526,0.9565217391304348,0.88,25,23
5507,4,PAX6,5507,1.0,16.12486303819605,0.43486572883808106,1.5770442018634792e-20,7.152860734966499,10.858778544808814,0.9565217391304348,0.88,25,23
5522,4,PAX6,5522,1.0,16.12486303819605,0.41307590610890776,1.7187417289471126e-18,10.658393586026708,19.719387774821588,0.9565217391304348,0.88,25,23
5521,4,PAX6,5521,1.0,16.12486303819605,0.3133210809339051,6.994503492889019e-11,4.416660243461136,4.799625437773353,0.9565217391304348,0.88,25,23
5527,4,PAX6,5527,1.0,16.12486303819605,0.23323131456238683,1.6063470421208006e-06,3.8754366513092138,3.8162879064401127,0.9565217391304348,0.88,25,23
5509,4,PAX6,5509,1.0,16.12486303819605,0.33152515314442316,4.457486136949465e-12,4.908546652841557,5.714558138213669,0.9565217391304348,0.88,25,23
5515,4,PAX6,5515,1.0,16.12486303819605,0.26727945575332174,3.338671051061425e-08,2.743331906457731,2.165614964699542,0.9565217391304348,0.88,25,23
5512,4,PAX6,5512,1.0,16.12486303819605,0.38217956572050915,7.584673251701293e-16,3.08431676249052,2.6406847629435273,0.9565217391304348,0.88,25,23
5517,4,PAX6,5517,1.0,16.12486303819605,0.356642149184167,7.314110311724759e-14,15.221067274699607,33.25226040011985,0.9565217391304348,0.88,25,23
5520,4,PAX6,5520,1.0,16.12486303819605,0.2961220606185137,7.979289431883217e-10,14.28151360002587,31.784810087945043,0.9565217391304348,0.88,25,23
5505,4,PAX6,5505,1.0,16.12486303819605,0.39633857040965215,5.037798557248001e-17,22.04096744336003,55.52191555450565,0.9565217391304348,0.88,25,23
5510,4,PAX6,5510,1.0,16.12486303819605,0.2804998708382324,6.3580000335713516e-09,10.377522818926062,18.55597541682097,0.9565217391304348,0.88,25,23
7495,4,BHLHE22,7495,1.0,13.218240594195004,0.5177646470631482,9.052186489758379e-30,4.360426570454881,4.62367209932722,1.0,1.0,2,2
7494,4,BHLHE22,7494,1.0,13.218240594195004,0.5981192796074793,1.5962006679016927e-41,7.573249866199028,11.668035188825893,1.0,1.0,2,2
7399,4,VENTX,7399,1.0,17.005762445616583,-0.20459814872976662,2.7308081826653316e-05,-7.217417254841686,11.064301539869655,1.0,0.9444444444444444,18,17
7404,4,VENTX,7404,1.0,17.005762445616583,-0.31735449487916084,3.8613427224036864e-11,-15.161173144633349,36.68291696706205,1.0,0.9444444444444444,18,17
7397,4,VENTX,7397,1.0,17.005762445616583,0.7329330770552275,6.324913949778135e-71,9.752192570879942,17.706980242741984,1.0,0.9444444444444444,18,17
7412,4,VENTX,7412,1.0,17.005762445616583,-0.11886373211909472,0.015529430328281192,-6.119513110135402,8.109490166324866,1.0,0.9444444444444444,18,17
7414,4,VENTX,7414,1.0,17.005762445616583,0.6649349990617289,3.585608938391175e-54,6.4576614227678295,8.824284218020102,1.0,0.9444444444444444,18,17
7403,4,VENTX,7403,1.0,17.005762445616583,0.5280024454363353,4.266399065176567e-31,4.234855729050973,4.414298705648187,1.0,0.9444444444444444,18,17
7400,4,VENTX,7400,1.0,17.005762445616583,-0.319565015654216,2.7776551190987185e-11,-10.689704357362944,20.549434600702906,1.0,0.9444444444444444,18,17
7408,4,VENTX,7408,1.0,17.005762445616583,-0.3276875929295211,8.088202597100198e-12,-14.543946423952468,34.068311853784934,1.0,0.9444444444444444,18,17
7409,4,VENTX,7409,1.0,17.005762445616583,-0.17177231264379322,0.000447080391179323,-4.638162126511359,5.162522064947148,1.0,0.9444444444444444,18,17
7402,4,VENTX,7402,1.0,17.005762445616583,-0.27608797352477715,1.1167648371562581e-08,-8.061120371543293,13.253373543728957,1.0,0.9444444444444444,18,17
7406,4,VENTX,7406,1.0,17.005762445616583,0.6306866401772415,2.6579066466979224e-47,18.643548286214852,43.97473329233105,1.0,0.9444444444444444,18,17
7411,4,VENTX,7411,1.0,17.005762445616583,0.19730753970118212,5.293344321303489e-05,3.387396629857411,3.0614796795602435,1.0,0.9444444444444444,18,17
7398,4,VENTX,7398,1.0,17.005762445616583,0.19447686900017425,6.80082448777542e-05,6.180691617522324,8.380760158361833,1.0,0.9444444444444444,18,17
7410,4,VENTX,7410,1.0,17.005762445616583,0.5587847632157231,2.2732814727630716e-35,2.5384213893420218,1.9045502865428474,1.0,0.9444444444444444,18,17
7413,4,VENTX,7413,1.0,17.005762445616583,-0.25893880713092193,9.086171536512313e-08,-6.256381336143363,8.642198767405043,1.0,0.9444444444444444,18,17
7401,4,VENTX,7401,1.0,17.005762445616583,0.5504394596103174,3.6240570694204833e-34,16.86081121998413,39.126876901170796,1.0,0.9444444444444444,18,17
7407,4,VENTX,7407,1.0,17.005762445616583,0.20904751728085785,1.8021064291400036e-05,8.151051248752939,13.024509764716981,1.0,0.9444444444444444,18,17
2858,4,GMEB2,2858,-1.0,2.4815351482189176,0.1931462665061763,7.641653864264365e-05,-4.246451145233448,4.462215346134576,0.6666666666666666,0.6666666666666666,3,3
2859,4,GMEB2,2859,-1.0,2.4815351482189176,0.20621583079343378,2.35023017933353e-05,-9.120645777478853,16.13590586398357,0.6666666666666666,0.6666666666666666,3,3
4349,4,GATA5,4349,1.0,13.440197480898341,0.15379655484449994,0.0016979865007830297,9.083705317878993,15.977238145034107,0.65,0.52,25,20
4354,4,GATA5,4354,1.0,13.440197480898341,0.4627914696177177,2.3019228770008637e-23,3.9996973444339052,3.979906095297078,0.65,0.52,25,20
4363,4,GATA5,4363,1.0,13.440197480898341,0.12345941205731505,0.011935111626432687,13.160781382171775,28.908727073026157,0.65,0.52,25,20
4360,4,GATA5,4360,1.0,13.440197480898341,0.2911422755159055,1.5677804638303609e-09,6.3855215542431285,8.63800869012919,0.65,0.52,25,20
4365,4,GATA5,4365,1.0,13.440197480898341,0.30063296868309175,4.2790640659308186e-10,8.674719980083502,14.31171649614816,0.65,0.52,25,20
4356,4,GATA5,4356,1.0,13.440197480898341,0.3594682852523826,4.499514585999433e-14,13.921049524303207,30.49860013381511,0.65,0.52,25,20
4369,4,GATA5,4369,1.0,13.440197480898341,0.36567448793818597,1.521999955724803e-14,6.333341966207786,8.592654961967122,0.65,0.52,25,20
4347,4,GATA5,4347,1.0,13.440197480898341,0.344310897121882,5.761313983420762e-13,10.511563379593115,18.42786493088506,0.65,0.52,25,20
4361,4,GATA5,4361,1.0,13.440197480898341,0.36171324059636956,3.048324664412789e-14,16.028232002047858,33.53689273398243,0.65,0.52,25,20
4351,4,GATA5,4351,1.0,13.440197480898341,0.4873106045030886,4.4448191060014446e-26,5.20087776023912,6.165556762727439,0.65,0.52,25,20
4352,4,GATA5,4352,1.0,13.440197480898341,0.46596090804395934,1.0554430207701554e-23,2.960305225836901,2.437974031390262,0.65,0.52,25,20
4346,4,GATA5,4346,1.0,13.440197480898341,0.5949118953311743,5.455511511183477e-41,8.391378279099504,13.784627826161504,0.65,0.52,25,20
4348,4,GATA5,4348,1.0,13.440197480898341,0.4736643124370212,1.5326682067710734e-24,8.877234179343144,14.500011075388523,0.65,0.52,25,20
6033,4,PAX5,6033,1.0,4.627704506840031,0.30967920820196354,1.1868748708125515e-10,4.71103455949614,5.278800257929977,0.8823529411764706,0.8333333333333334,18,17
6035,4,PAX5,6035,1.0,4.627704506840031,0.17606521908064296,0.0003185540215612469,3.3498487271797,2.9986747392554904,0.8823529411764706,0.8333333333333334,18,17
6032,4,PAX5,6032,1.0,4.627704506840031,0.2405972478704762,7.286059908483681e-07,13.079406483841684,24.931942377983358,0.8823529411764706,0.8333333333333334,18,17
6031,4,PAX5,6031,1.0,4.627704506840031,0.34525007037803235,4.938867276689479e-13,22.682552092863233,57.19600939045623,0.8823529411764706,0.8333333333333334,18,17
6036,4,PAX5,6036,1.0,4.627704506840031,0.34853635753672335,2.869348672418759e-13,13.185273744489153,29.883131149303793,0.8823529411764706,0.8333333333333334,18,17
6025,4,PAX5,6025,1.0,4.627704506840031,0.33785245736655434,1.6386437495927482e-12,6.732348724945649,9.565660779449031,0.8823529411764706,0.8333333333333334,18,17
6039,4,PAX5,6039,1.0,4.627704506840031,0.3163080985765626,4.5086854976235834e-11,7.510930737794904,11.522274896165731,0.8823529411764706,0.8333333333333334,18,17
6030,4,PAX5,6030,1.0,4.627704506840031,0.28200274107363527,5.235979486607258e-09,18.815115834190287,45.62336523386066,0.8823529411764706,0.8333333333333334,18,17
6028,4,PAX5,6028,1.0,4.627704506840031,0.3604445823201767,3.800040834826901e-14,8.563109761167295,13.639985882232242,0.8823529411764706,0.8333333333333334,18,17
6034,4,PAX5,6034,1.0,4.627704506840031,0.31631799193796567,4.50209607773146e-11,15.909060140127425,33.622224155468885,0.8823529411764706,0.8333333333333334,18,17
6029,4,PAX5,6029,1.0,4.627704506840031,0.3565351825103846,7.449143969917246e-14,4.363270684127975,4.622125489399851,0.8823529411764706,0.8333333333333334,18,17
6040,4,PAX5,6040,1.0,4.627704506840031,0.3191832616058394,2.9408205770687986e-11,4.897969809765731,5.5465401371869385,0.8823529411764706,0.8333333333333334,18,17
6041,4,PAX5,6041,1.0,4.627704506840031,0.34127835084726565,9.440403750513964e-13,12.094107764273145,23.122134519042394,0.8823529411764706,0.8333333333333334,18,17
6026,4,PAX5,6026,1.0,4.627704506840031,0.42765323044207054,7.738456207330007e-20,10.624225548410129,18.571924424618633,0.8823529411764706,0.8333333333333334,18,17
6027,4,PAX5,6027,1.0,4.627704506840031,0.2574756606586007,1.0792332290120155e-07,6.516722389409337,9.190773846590515,0.8823529411764706,0.8333333333333334,18,17
7158,4,SREBF1,7158,-1.0,11.616765970365837,-0.25388265346891303,1.6394655723108206e-07,3.96927127626399,3.928053747817452,0.9523809523809523,0.8695652173913043,23,21
7153,4,SREBF1,7153,-1.0,11.616765970365837,-0.18596986112678954,0.0001413830308508618,23.04194954320119,64.1617793125705,0.9523809523809523,0.8695652173913043,23,21
7163,4,SREBF1,7163,-1.0,11.616765970365837,0.33560066140971934,2.3458335079380746e-12,-5.031439770526876,5.9498364709939935,0.9523809523809523,0.8695652173913043,23,21
7152,4,SREBF1,7152,-1.0,11.616765970365837,0.25738486105702946,1.0907823159074693e-07,-13.636361662765498,31.16812162068086,0.9523809523809523,0.8695652173913043,23,21
7172,4,SREBF1,7172,-1.0,11.616765970365837,0.2963667703765901,7.716208531936162e-10,-19.67967905769702,53.96785857078503,0.9523809523809523,0.8695652173913043,23,21
7155,4,SREBF1,7155,-1.0,11.616765970365837,-0.16633152253185815,0.0006792719184651694,18.21538636479326,44.1118321795384,0.9523809523809523,0.8695652173913043,23,21
7165,4,SREBF1,7165,-1.0,11.616765970365837,0.33609227942404424,2.1696410312887923e-12,-13.86379696090075,29.60768428849594,0.9523809523809523,0.8695652173913043,23,21
7169,4,SREBF1,7169,-1.0,11.616765970365837,-0.2870498733538217,2.7046754235228957e-09,15.362328415125024,34.401602120375834,0.9523809523809523,0.8695652173913043,23,21
7164,4,SREBF1,7164,-1.0,11.616765970365837,-0.2788797468006567,7.82814106260675e-09,4.683844118306059,5.23783667987986,0.9523809523809523,0.8695652173913043,23,21
7160,4,SREBF1,7160,-1.0,11.616765970365837,-0.3113074257235279,9.378243650054119e-11,15.038618517392376,31.410784784700365,0.9523809523809523,0.8695652173913043,23,21
7168,4,SREBF1,7168,-1.0,11.616765970365837,0.2243350071514609,4.033973706338463e-06,-4.278018725836705,4.448503874618047,0.9523809523809523,0.8695652173913043,23,21
7156,4,SREBF1,7156,-1.0,11.616765970365837,-0.2541897667520276,1.5822982453307807e-07,15.693999714148838,37.315604842810835,0.9523809523809523,0.8695652173913043,23,21
7151,4,SREBF1,7151,-1.0,11.616765970365837,-0.3131857887387005,7.13418467032955e-11,9.20190859254511,15.334256071254234,0.9523809523809523,0.8695652173913043,23,21
7167,4,SREBF1,7167,-1.0,11.616765970365837,-0.20971617811386614,1.6916759357883395e-05,2.4146668034993533,1.7705180670005654,0.9523809523809523,0.8695652173913043,23,21
7154,4,SREBF1,7154,-1.0,11.616765970365837,-0.2843465661783887,3.859082085224167e-09,20.594901622099336,53.20482170080859,0.9523809523809523,0.8695652173913043,23,21
7150,4,SREBF1,7150,-1.0,11.616765970365837,-0.2767972616859691,1.020757023444236e-08,8.613222308435986,14.412187982958201,0.9523809523809523,0.8695652173913043,23,21
7157,4,SREBF1,7157,-1.0,11.616765970365837,0.2916851530767771,1.4574150155439775e-09,-13.010235277113118,28.61137307163706,0.9523809523809523,0.8695652173913043,23,21
7162,4,SREBF1,7162,-1.0,11.616765970365837,0.2976638842981147,6.456478240129607e-10,-21.373129739774793,55.59709331556211,0.9523809523809523,0.8695652173913043,23,21
7159,4,SREBF1,7159,-1.0,11.616765970365837,0.3354687515193948,2.3954405497625746e-12,-14.565299204222418,30.961683847291205,0.9523809523809523,0.8695652173913043,23,21
7166,4,SREBF1,7166,-1.0,11.616765970365837,0.3203491722442989,2.4697153629797383e-11,-9.501585693230073,17.555810271017506,0.9523809523809523,0.8695652173913043,23,21
654,4,BCL6,654,-1.0,7.975160331407073,0.39033413367122566,1.616657722147449e-16,-7.536737583222508,11.79559705177376,1.0,0.88,25,22
651,4,BCL6,651,-1.0,7.975160331407073,-0.2120059985177049,1.3601987464881042e-05,3.3910355978166216,3.087457861712325,1.0,0.88,25,22
656,4,BCL6,656,-1.0,7.975160331407073,0.5015018702032047,9.41685630590879e-28,-17.392565785966795,42.73055067661601,1.0,0.88,25,22
657,4,BCL6,657,-1.0,7.975160331407073,-0.3307382599140641,5.040166950063504e-12,5.843533679396189,7.661020545819801,1.0,0.88,25,22
668,4,BCL6,668,-1.0,7.975160331407073,0.26746920305709626,3.262172654604688e-08,-4.514614631356164,4.956474630158211,1.0,0.88,25,22
650,4,BCL6,650,-1.0,7.975160331407073,-0.30926975614850183,1.259006295490592e-10,21.685899354951697,55.555233326592564,1.0,0.88,25,22
661,4,BCL6,661,-1.0,7.975160331407073,0.39416932917478953,7.697936142148145e-17,-16.470556683220938,39.309037014933644,1.0,0.88,25,22
653,4,BCL6,653,-1.0,7.975160331407073,-0.4002182432223895,2.3416649866263316e-17,24.96870347986535,67.7506491235325,1.0,0.88,25,22
645,4,BCL6,645,-1.0,7.975160331407073,0.21832312934229817,7.360753768877408e-06,-2.560771008846236,1.9517482647347586,1.0,0.88,25,22
655,4,BCL6,655,-1.0,7.975160331407073,-0.4415165240390978,3.515778523389841e-21,15.387620162958184,33.72516990138233,1.0,0.88,25,22
652,4,BCL6,652,-1.0,7.975160331407073,0.2953860710766003,8.824149850458377e-10,-18.814821212956865,50.802383561734246,1.0,0.88,25,22
648,4,BCL6,648,-1.0,7.975160331407073,0.39038453001393936,1.6010719613199717e-16,-10.741434875006158,20.792290220533665,1.0,0.88,25,22
665,4,BCL6,665,-1.0,7.975160331407073,-0.2310722202421646,2.0154438110737046e-06,3.245990355130143,2.845990023065631,1.0,0.88,25,22
659,4,BCL6,659,-1.0,7.975160331407073,0.47457195874771857,1.2170476244868931e-24,-14.650013983668112,35.12182089542884,1.0,0.88,25,22
647,4,BCL6,647,-1.0,7.975160331407073,-0.3183679871607707,3.321185430483546e-11,18.698953175685006,41.47760067652876,1.0,0.88,25,22
664,4,BCL6,664,-1.0,7.975160331407073,0.2632328661947506,5.4500458392669114e-08,-6.6314267336988575,9.656060261444978,1.0,0.88,25,22
649,4,BCL6,649,-1.0,7.975160331407073,-0.39696548061918163,4.45423806288738e-17,15.707892073447113,36.3515491814325,1.0,0.88,25,22
663,4,BCL6,663,-1.0,7.975160331407073,0.20145861897955017,3.641957771166347e-05,-3.7220292264902923,3.5499036257215755,1.0,0.88,25,22
658,4,BCL6,658,-1.0,7.975160331407073,0.4117289031904014,2.2717309318019108e-18,-27.45276089647388,89.0599619152121,1.0,0.88,25,22
662,4,BCL6,662,-1.0,7.975160331407073,-0.21573211468888503,9.489901975479805e-06,4.008226270825498,4.088853868471216,1.0,0.88,25,22
646,4,BCL6,646,-1.0,7.975160331407073,-0.23525900633801658,1.2954965571588763e-06,2.993245251977508,2.499128601129869,1.0,0.88,25,22
667,4,BCL6,667,-1.0,7.975160331407073,-0.39977296278492225,2.5581957233726056e-17,21.217143070518343,56.818389030736384,1.0,0.88,25,22
3895,4,ATF2,3895,-1.0,1.9857822736975885,0.3381965804052086,1.5508193619238803e-12,-6.828655056932867,10.041559197912175,0.5238095238095238,0.4782608695652174,23,21
3907,4,ATF2,3907,-1.0,1.9857822736975885,0.48624615315668407,5.892346922727858e-26,-7.829782049578618,12.764501667620998,0.5238095238095238,0.4782608695652174,23,21
3900,4,ATF2,3900,-1.0,1.9857822736975885,-0.26515621386482874,4.322006721757713e-08,4.009774572814608,4.041201988514839,0.5238095238095238,0.4782608695652174,23,21
3889,4,ATF2,3889,-1.0,1.9857822736975885,-0.3172271357247075,3.93500246580868e-11,2.575171271126277,1.963979649271555,0.5238095238095238,0.4782608695652174,23,21
3892,4,ATF2,3892,-1.0,1.9857822736975885,0.5102769219841784,7.924387514769875e-29,-2.6960626091003945,2.1238974951026908,0.5238095238095238,0.4782608695652174,23,21
3898,4,ATF2,3898,-1.0,1.9857822736975885,-0.1721972847701999,0.00043248013266532236,4.285288092959959,4.516647253845527,0.5238095238095238,0.4782608695652174,23,21
3909,4,ATF2,3909,-1.0,1.9857822736975885,0.21536056849780427,9.839537024837072e-06,-4.912283846274943,5.645388930429598,0.5238095238095238,0.4782608695652174,23,21
3905,4,ATF2,3905,-1.0,1.9857822736975885,0.3014786168571538,3.8027158907392444e-10,-7.819043959561067,12.309379357081294,0.5238095238095238,0.4782608695652174,23,21
3902,4,ATF2,3902,-1.0,1.9857822736975885,0.23665775852118867,1.115610672458297e-06,-6.253858398829316,8.623923493509766,0.5238095238095238,0.4782608695652174,23,21
3888,4,ATF2,3888,-1.0,1.9857822736975885,0.6270476156653142,1.2716723804066588e-46,-2.575394277463963,1.9705977219134936,0.5238095238095238,0.4782608695652174,23,21
3891,4,ATF2,3891,-1.0,1.9857822736975885,0.4471600688468159,9.58417562823165e-22,-9.606920723184176,17.371498842992875,0.5238095238095238,0.4782608695652174,23,21
9198,4,ERF,9198,1.0,4.915059429716835,0.1799671155408031,0.00023249066059512937,10.84243860503587,19.998039880636043,0.8666666666666667,0.7647058823529411,17,15
9196,4,ERF,9196,1.0,4.915059429716835,0.2611314401727344,7.006933113505428e-08,5.283224411303585,6.372495539652046,0.8666666666666667,0.7647058823529411,17,15
9197,4,ERF,9197,1.0,4.915059429716835,0.2064312836142972,2.30351265859319e-05,7.426021246229424,11.168733738494995,0.8666666666666667,0.7647058823529411,17,15
9206,4,ERF,9206,1.0,4.915059429716835,0.30572019629206376,2.091711562249287e-10,14.749113885491827,34.07117960481984,0.8666666666666667,0.7647058823529411,17,15
9194,4,ERF,9194,1.0,4.915059429716835,0.20750685656617418,2.0831669962380408e-05,7.303273973479476,11.13158935578601,0.8666666666666667,0.7647058823529411,17,15
9191,4,ERF,9191,1.0,4.915059429716835,0.26529302809722943,4.2509969618469056e-08,14.342484829116843,32.15703189810898,0.8666666666666667,0.7647058823529411,17,15
9199,4,ERF,9199,1.0,4.915059429716835,0.20312575705495955,3.127330432802116e-05,2.2847893262583794,1.6244670849400993,0.8666666666666667,0.7647058823529411,17,15
9207,4,ERF,9207,1.0,4.915059429716835,0.2871391662026567,2.672933373829266e-09,3.6175243488635576,3.4247567655471696,0.8666666666666667,0.7647058823529411,17,15
9195,4,ERF,9195,1.0,4.915059429716835,0.09625659179512028,0.05032902556265324,6.897301943551505,10.054014170894904,0.8666666666666667,0.7647058823529411,17,15
9200,4,ERF,9200,1.0,4.915059429716835,0.20375926275900533,2.950468470354694e-05,2.0027688293660884,1.3323815304266267,0.8666666666666667,0.7647058823529411,17,15
9192,4,ERF,9192,1.0,4.915059429716835,0.2353677474399123,1.2805702748913726e-06,8.179649926825658,13.661763110551911,0.8666666666666667,0.7647058823529411,17,15
9205,4,ERF,9205,1.0,4.915059429716835,0.28514495924534017,3.4758720844076233e-09,10.318787672503138,19.449172168905015,0.8666666666666667,0.7647058823529411,17,15
9193,4,ERF,9193,1.0,4.915059429716835,0.26868801662064623,2.809689978013535e-08,17.80725002410332,40.79820068160246,0.8666666666666667,0.7647058823529411,17,15
5573,4,NFATC2,5573,1.0,4.969901562602612,0.17683713060474343,0.00029946796646854195,14.659128953206979,32.92212372260852,0.8,0.64,25,20
5562,4,NFATC2,5562,1.0,4.969901562602612,0.32515001579113595,1.19391471532775e-11,22.638768151669787,59.53825151565973,0.8,0.64,25,20
5554,4,NFATC2,5554,1.0,4.969901562602612,0.4224677211847707,2.3723630858169473e-19,7.814097292724142,12.319715302507884,0.8,0.64,25,20
5561,4,NFATC2,5561,1.0,4.969901562602612,0.5349014544333773,5.131254746270301e-32,8.315641588760409,13.122772802440624,0.8,0.64,25,20
5577,4,NFATC2,5577,1.0,4.969901562602612,0.2793771147332778,7.344926855907381e-09,13.742602976584147,28.474324618659452,0.8,0.64,25,20
5563,4,NFATC2,5563,1.0,4.969901562602612,0.4680441103290941,6.29378781975443e-24,3.0046705630958765,2.505521507892938,0.8,0.64,25,20
5555,4,NFATC2,5555,1.0,4.969901562602612,0.4876594492508407,4.051690468744724e-26,10.975094042017423,19.580828669484475,0.8,0.64,25,20
5575,4,NFATC2,5575,1.0,4.969901562602612,0.30744652470287515,1.6354751756795152e-10,12.104087841728438,24.992732382502304,0.8,0.64,25,20
5570,4,NFATC2,5570,1.0,4.969901562602612,0.11711915564140975,0.0171243401642691,3.1021435695155586,2.6539483810823907,0.8,0.64,25,20
5560,4,NFATC2,5560,1.0,4.969901562602612,-0.22615012106537535,3.353095430151572e-06,-18.7500096318229,51.66546221968448,0.8,0.64,25,20
5572,4,NFATC2,5572,1.0,4.969901562602612,0.43932242286336637,5.78957784310137e-21,6.7944959841487655,9.66488923121685,0.8,0.64,25,20
5558,4,NFATC2,5558,1.0,4.969901562602612,0.38803196785457444,2.512122444357705e-16,12.170446858547233,23.088456600203006,0.8,0.64,25,20
5574,4,NFATC2,5574,1.0,4.969901562602612,0.3689407170740019,8.521951866213203e-15,2.0355725010525294,1.3584553249020612,0.8,0.64,25,20
5568,4,NFATC2,5568,1.0,4.969901562602612,0.3971657130680846,4.28225201993254e-17,12.159021919481729,24.883073619723625,0.8,0.64,25,20
5559,4,NFATC2,5559,1.0,4.969901562602612,0.2341600954824668,1.4559981394594195e-06,25.491065474978324,68.93036461184288,0.8,0.64,25,20
5578,4,NFATC2,5578,1.0,4.969901562602612,-0.248182116823965,3.141894202136651e-07,-5.734436758648074,7.452136960529886,0.8,0.64,25,20
703,4,ZNF524,703,-1.0,31.74317549968709,-0.20620602210928143,2.352378270629094e-05,10.412170767884122,19.33108813607785,0.75,0.5454545454545454,11,8
707,4,ZNF524,707,-1.0,31.74317549968709,-0.003268405763278401,0.9471379283358866,7.066313337053868,10.678939472894246,0.75,0.5454545454545454,11,8
711,4,ZNF524,711,-1.0,31.74317549968709,0.38805818071739534,2.4995951907678653e-16,-4.671867305343618,5.162275315417343,0.75,0.5454545454545454,11,8
705,4,ZNF524,705,-1.0,31.74317549968709,-0.39417321882540163,7.692107543735154e-17,5.810708884999264,7.585937870128939,0.75,0.5454545454545454,11,8
704,4,ZNF524,704,-1.0,31.74317549968709,-0.34459234981826453,5.50171597083419e-13,20.854169456041078,52.04297887261149,0.75,0.5454545454545454,11,8
710,4,ZNF524,710,-1.0,31.74317549968709,-0.3135931873615105,6.721592710710958e-11,8.491422403184337,13.799069436991594,0.75,0.5454545454545454,11,8
4703,4,TFEC,4703,1.0,18.465855787333595,0.6154197588332063,1.6499019712633584e-44,7.985715465063079,12.748443087425652,1.0,0.8888888888888888,9,8
4706,4,TFEC,4706,1.0,18.465855787333595,0.2437651648810211,5.144919704702536e-07,5.828667632088286,7.550528926693193,1.0,0.8888888888888888,9,8
4710,4,TFEC,4710,1.0,18.465855787333595,0.46806727911752294,6.2575792211649e-24,20.710118092575282,56.357897119850215,1.0,0.8888888888888888,9,8
4709,4,TFEC,4709,1.0,18.465855787333595,-0.37001899586978304,7.026796401167333e-15,-10.215258333685014,19.50094032108763,1.0,0.8888888888888888,9,8
4705,4,TFEC,4705,1.0,18.465855787333595,0.694241329989925,8.100875551989257e-61,19.150904968384406,46.95263587008317,1.0,0.8888888888888888,9,8
4707,4,TFEC,4707,1.0,18.465855787333595,0.39332696614439655,9.068021994258883e-17,2.7751159855896477,2.2024122262930828,1.0,0.8888888888888888,9,8
4708,4,TFEC,4708,1.0,18.465855787333595,0.5821179232140691,6.419012849701131e-39,10.244883010552146,18.980226623282217,1.0,0.8888888888888888,9,8
4702,4,TFEC,4702,1.0,18.465855787333595,0.8627127522618107,4.56957499673659e-124,11.390775755923325,20.843809256785057,1.0,0.8888888888888888,9,8
8126,4,HOXA13,8126,-1.0,18.57796942707755,0.40347455724572157,1.2214575016249833e-17,-26.729572050546736,87.07235825213407,0.9565217391304348,0.88,25,23
8122,4,HOXA13,8122,-1.0,18.57796942707755,-0.24655150764126094,3.773447972540389e-07,3.0407240808611036,2.562263400806777,0.9565217391304348,0.88,25,23
8128,4,HOXA13,8128,-1.0,18.57796942707755,-0.29724718433688435,6.837627100304332e-10,16.924062958904713,40.86298365371448,0.9565217391304348,0.88,25,23
8140,4,HOXA13,8140,-1.0,18.57796942707755,0.34780824529827914,3.237990178896947e-13,-4.347666156929321,4.654037303528121,0.9565217391304348,0.88,25,23
8125,4,HOXA13,8125,-1.0,18.57796942707755,-0.2667545220359277,3.5594448298539414e-08,26.165292538706098,73.1533447318718,0.9565217391304348,0.88,25,23
8127,4,HOXA13,8127,-1.0,18.57796942707755,-0.1001885212182555,0.04159992885353611,5.544988382413065,6.713174736929104,0.9565217391304348,0.88,25,23
8124,4,HOXA13,8124,-1.0,18.57796942707755,0.4719576061906327,2.3601594542391024e-24,-15.271461210103443,35.42117779281808,0.9565217391304348,0.88,25,23
8131,4,HOXA13,8131,-1.0,18.57796942707755,0.3677501457562009,1.0536148770716768e-14,-5.174698649599065,6.105653826768843,0.9565217391304348,0.88,25,23
8119,4,HOXA13,8119,-1.0,18.57796942707755,0.3289661012721272,6.63813699552183e-12,-10.805160212445685,21.01124387424896,0.9565217391304348,0.88,25,23
8136,4,HOXA13,8136,-1.0,18.57796942707755,0.4390518384729571,6.1553550257136716e-21,-12.881941393488328,24.74339005624844,0.9565217391304348,0.88,25,23
8117,4,HOXA13,8117,-1.0,18.57796942707755,-0.3461312985387175,4.2722433711702295e-13,15.662386526878736,36.06084289848769,0.9565217391304348,0.88,25,23
8138,4,HOXA13,8138,-1.0,18.57796942707755,0.36155680729021994,3.132477517197208e-14,-8.9095592145013,15.415290255897139,0.9565217391304348,0.88,25,23
8120,4,HOXA13,8120,-1.0,18.57796942707755,0.38094857585939085,9.542427604563375e-16,-11.332031083740235,23.236738332369452,0.9565217391304348,0.88,25,23
8123,4,HOXA13,8123,-1.0,18.57796942707755,-0.32826900823633526,7.394020511410658e-12,9.667446314226687,17.350310998668963,0.9565217391304348,0.88,25,23
8118,4,HOXA13,8118,-1.0,18.57796942707755,-0.24104680644887164,6.937053066020383e-07,24.298571776582012,66.95434639929385,0.9565217391304348,0.88,25,23
8129,4,HOXA13,8129,-1.0,18.57796942707755,0.38344065809506056,5.98878389957493e-16,-14.420770477537827,34.20323785364341,0.9565217391304348,0.88,25,23
8121,4,HOXA13,8121,-1.0,18.57796942707755,0.4212757969450177,3.0607596718500116e-19,-17.68628779673644,47.334667771422836,0.9565217391304348,0.88,25,23
8116,4,HOXA13,8116,-1.0,18.57796942707755,-0.19453622469666013,6.76542878306962e-05,15.20080759872302,31.24951443193646,0.9565217391304348,0.88,25,23
8133,4,HOXA13,8133,-1.0,18.57796942707755,0.2649656209848342,4.422841589791108e-08,-12.19946939207626,24.512984657470376,0.9565217391304348,0.88,25,23
8132,4,HOXA13,8132,-1.0,18.57796942707755,0.4645594907263542,1.4914635643281316e-23,-15.620876753156024,37.20839953795365,0.9565217391304348,0.88,25,23
8139,4,HOXA13,8139,-1.0,18.57796942707755,0.4787355760551418,4.1887623938589415e-25,-16.840184014786917,42.139887415501676,0.9565217391304348,0.88,25,23
8135,4,HOXA13,8135,-1.0,18.57796942707755,0.4293026828865098,5.396684492616299e-20,-4.478237629244247,4.942073343954563,0.9565217391304348,0.88,25,23
3631,4,HLX,3631,1.0,2.850313143563028,-0.2206322288839536,5.854089624538514e-06,-7.3045539722746415,11.061825405962667,0.9473684210526315,0.72,25,19
3617,4,HLX,3617,1.0,2.850313143563028,-0.19434783031483766,6.878377634848085e-05,-17.761008796313032,43.71486167628374,0.9473684210526315,0.72,25,19
3630,4,HLX,3630,1.0,2.850313143563028,-0.263826798931699,5.074398382308189e-08,-7.1789027201317355,10.6321157171298,0.9473684210526315,0.72,25,19
3624,4,HLX,3624,1.0,2.850313143563028,-0.2506753828663427,2.3685444265773146e-07,-2.70750013888811,2.13077614922503,0.9473684210526315,0.72,25,19
3622,4,HLX,3622,1.0,2.850313143563028,0.6110224242585671,9.85858321449432e-44,4.120647758428713,4.174195119581807,0.9473684210526315,0.72,25,19
3610,4,HLX,3610,1.0,2.850313143563028,0.22715111419464573,3.0261090804427547e-06,6.097580460065832,8.190698820252141,0.9473684210526315,0.72,25,19
3614,4,HLX,3614,1.0,2.850313143563028,0.38415330973330103,5.237973494640381e-16,23.523534579729226,62.142735938234665,0.9473684210526315,0.72,25,19
3615,4,HLX,3615,1.0,2.850313143563028,-0.2801733093020572,6.630962526395971e-09,-5.363954025025877,6.684360808497662,0.9473684210526315,0.72,25,19
3616,4,HLX,3616,1.0,2.850313143563028,0.6909385092744915,4.979959985466753e-60,9.318892275704924,15.725785308658088,0.9473684210526315,0.72,25,19
3611,4,HLX,3611,1.0,2.850313143563028,-0.33934081414615197,1.2906268699222108e-12,-9.045406183374242,15.688843141834875,0.9473684210526315,0.72,25,19
3612,4,HLX,3612,1.0,2.850313143563028,-0.41133266617369574,2.4654116997823147e-18,-14.507890439130149,32.57935661514059,0.9473684210526315,0.72,25,19
3627,4,HLX,3627,1.0,2.850313143563028,-0.2671230241526164,3.403039070117417e-08,-9.768989472315159,19.110768442127693,0.9473684210526315,0.72,25,19
3621,4,HLX,3621,1.0,2.850313143563028,0.4606517447831118,3.8791061045352864e-23,18.76962953792566,42.922167772365505,0.9473684210526315,0.72,25,19
3619,4,HLX,3619,1.0,2.850313143563028,-0.30909675125388386,1.2907509080261622e-10,-15.830365985419936,39.861474773923476,0.9473684210526315,0.72,25,19
3608,4,HLX,3608,1.0,2.850313143563028,0.6021705941568146,3.3131786985490133e-42,8.700020777757997,14.711281676153313,0.9473684210526315,0.72,25,19
3620,4,HLX,3620,1.0,2.850313143563028,0.41574978723188366,9.8424160784962e-19,13.515174831045803,27.10524559541433,0.9473684210526315,0.72,25,19
3618,4,HLX,3618,1.0,2.850313143563028,0.39111071087170035,1.392217160998466e-16,17.331209120280842,41.652390593153044,0.9473684210526315,0.72,25,19
3609,4,HLX,3609,1.0,2.850313143563028,0.552136496295742,2.076785682810529e-34,10.83794307200763,19.366997313465323,0.9473684210526315,0.72,25,19
3129,4,HIC1,3129,1.0,13.492816475808922,0.35036442221142705,2.1153934482768166e-13,13.535728061601857,28.062201976019058,1.0,0.8,25,20
3114,4,HIC1,3114,1.0,13.492816475808922,-0.3105073415041364,1.0530779244843174e-10,-18.630009529167747,48.19486936590018,1.0,0.8,25,20
3130,4,HIC1,3130,1.0,13.492816475808922,-0.2283826114014961,2.6655291338102813e-06,-7.3164914732432775,11.078662017045982,1.0,0.8,25,20
3128,4,HIC1,3128,1.0,13.492816475808922,0.41488019664720577,1.1805315149163097e-18,4.0032734759130015,4.012813324778153,1.0,0.8,25,20
3119,4,HIC1,3119,1.0,13.492816475808922,0.37093779899046664,5.958253324300295e-15,7.987620838261602,12.403515848885108,1.0,0.8,25,20
3117,4,HIC1,3117,1.0,13.492816475808922,-0.2205461492247546,5.9045436063365024e-06,-3.63113973954535,3.4489329906405315,1.0,0.8,25,20
3120,4,HIC1,3120,1.0,13.492816475808922,0.4099295169941795,3.291073613297309e-18,4.39414706454527,4.674216485734112,1.0,0.8,25,20
3118,4,HIC1,3118,1.0,13.492816475808922,0.4915918860197079,1.4159998397453108e-26,4.298848900423822,4.4947015948514695,1.0,0.8,25,20
3125,4,HIC1,3125,1.0,13.492816475808922,-0.2960109519032018,8.101597508970802e-10,-3.9246690131635305,3.890107074365357,1.0,0.8,25,20
3126,4,HIC1,3126,1.0,13.492816475808922,0.11666372828930208,0.017563566252938707,5.986209356377963,7.945644643095901,1.0,0.8,25,20
3112,4,HIC1,3112,1.0,13.492816475808922,0.5182446175902685,7.862427775085656e-30,9.629565170919967,16.732244494942865,1.0,0.8,25,20
3108,4,HIC1,3108,1.0,13.492816475808922,0.5485189521112136,6.779193015708982e-34,8.002395728386487,12.752455739782453,1.0,0.8,25,20
3111,4,HIC1,3111,1.0,13.492816475808922,0.3573456685992311,6.483858668139281e-14,24.72936796416723,68.94834201521132,1.0,0.8,25,20
3115,4,HIC1,3115,1.0,13.492816475808922,0.28002956134465223,6.7546852121605754e-09,14.798142786652393,32.56443924959712,1.0,0.8,25,20
3123,4,HIC1,3123,1.0,13.492816475808922,-0.22866283536081375,2.5894191235100406e-06,-14.844125572732036,31.645749308909263,1.0,0.8,25,20
3116,4,HIC1,3116,1.0,13.492816475808922,0.3646764761963952,1.8147066065998853e-14,13.90091262146138,28.451402845677702,1.0,0.8,25,20
3110,4,HIC1,3110,1.0,13.492816475808922,0.46193549860036004,2.837575079445177e-23,5.086692794700522,5.963043468847045,1.0,0.8,25,20
3109,4,HIC1,3109,1.0,13.492816475808922,0.17009095440610744,0.0005094560578147582,2.7461161949225708,2.175079238695318,1.0,0.8,25,20
3113,4,HIC1,3113,1.0,13.492816475808922,0.3343527600242004,2.8582519803947122e-12,18.704982520040815,43.65523320680385,1.0,0.8,25,20
3121,4,HIC1,3121,1.0,13.492816475808922,-0.2199376725768217,6.273198981168991e-06,-16.47149076388483,41.64188487354271,1.0,0.8,25,20
4620,4,ZBTB16,4620,1.0,13.067460314804263,0.17706917747593368,0.00029394247445739877,6.65324842549353,9.490495643480564,0.5789473684210527,0.44,25,19
4609,4,ZBTB16,4609,1.0,13.067460314804263,0.3558455476808124,8.380242779851782e-14,6.876738124717678,9.628164701625249,0.5789473684210527,0.44,25,19
4600,4,ZBTB16,4600,1.0,13.067460314804263,0.4744183654108686,1.2655360999936785e-24,8.884977623891462,14.657211785875383,0.5789473684210527,0.44,25,19
4603,4,ZBTB16,4603,1.0,13.067460314804263,0.5329447441482155,9.402898772848566e-32,3.239774578866575,2.83330746588268,0.5789473684210527,0.44,25,19
4597,4,ZBTB16,4597,1.0,13.067460314804263,0.44066129073895827,4.272150069199793e-21,8.260153563662326,13.482653204400112,0.5789473684210527,0.44,25,19
4608,4,ZBTB16,4608,1.0,13.067460314804263,0.529537461775631,2.674383127719621e-31,2.8026120626628006,2.2283306924989414,0.5789473684210527,0.44,25,19
4615,4,ZBTB16,4615,1.0,13.067460314804263,0.23713438890837887,1.05998020663396e-06,7.992970782274048,12.631979041851357,0.5789473684210527,0.44,25,19
4617,4,ZBTB16,4617,1.0,13.067460314804263,-0.29704722224891467,7.028209030076097e-10,-2.4084698394941446,1.7673844898718931,0.5789473684210527,0.44,25,19
4610,4,ZBTB16,4610,1.0,13.067460314804263,0.5580900043716038,2.871218062880054e-35,2.5514583860697484,1.9300628835523717,0.5789473684210527,0.44,25,19
4598,4,ZBTB16,4598,1.0,13.067460314804263,0.29783295878055843,6.3077905376574e-10,10.885130985548479,19.372149474018613,0.5789473684210527,0.44,25,19
4599,4,ZBTB16,4599,1.0,13.067460314804263,0.22046463154407983,5.952705737799105e-06,6.538314172440033,9.246903557386803,0.5789473684210527,0.44,25,19
4736,4,SP100,4736,1.0,7.673070301433936,0.22082688052980423,5.741509851721431e-06,7.310968569140527,10.95499835780323,1.0,1.0,8,8
4739,4,SP100,4739,1.0,7.673070301433936,-0.29880676511710597,5.514049011010465e-10,-14.742594621844303,31.64426151312545,1.0,1.0,8,8
4741,4,SP100,4741,1.0,7.673070301433936,0.2778183795292762,8.964466682501836e-09,7.665296790953672,11.468208920247893,1.0,1.0,8,8
4737,4,SP100,4737,1.0,7.673070301433936,0.4681670571114863,6.103978931064814e-24,9.382593078738095,15.672909780897044,1.0,1.0,8,8
4742,4,SP100,4742,1.0,7.673070301433936,0.6450100221921479,4.554462609059719e-50,10.363732769269953,18.51070637404985,1.0,1.0,8,8
4743,4,SP100,4743,1.0,7.673070301433936,0.0946378206794966,0.05434291772093012,4.352657798162042,4.516935037259153,1.0,1.0,8,8
4740,4,SP100,4740,1.0,7.673070301433936,0.40569131986414975,7.81052697056058e-18,15.01844302323679,30.477307966455975,1.0,1.0,8,8
4738,4,SP100,4738,1.0,7.673070301433936,-0.31283893337324453,7.504824942798397e-11,-23.126268023913834,70.03998924111983,1.0,1.0,8,8
7859,4,MGA,7859,-1.0,1.9532815389109066,0.5159421135431294,1.5425694174006886e-29,-15.682944491111488,35.61126092029294,1.0,1.0,6,6
7858,4,MGA,7858,-1.0,1.9532815389109066,0.25496160872567014,1.446976178640562e-07,-7.446941155682847,11.314404513700762,1.0,1.0,6,6
7857,4,MGA,7857,-1.0,1.9532815389109066,-0.32777806668298637,7.976147033634018e-12,21.049309945220042,53.133275831668406,1.0,1.0,6,6
7855,4,MGA,7855,-1.0,1.9532815389109066,0.7150291448983639,4.872242037882472e-66,-10.805743176810589,20.361796777151564,1.0,1.0,6,6
7856,4,MGA,7856,-1.0,1.9532815389109066,-0.23534745361063164,1.2833433272627278e-06,13.319749542236728,27.394846790490796,1.0,1.0,6,6
7860,4,MGA,7860,-1.0,1.9532815389109066,0.025586882745213937,0.6036722165714512,-7.216369857039836,10.617806894367959,1.0,1.0,6,6
318,4,CREB1,318,-1.0,1.965778075024592,-0.4460750254412746,1.2328200743591196e-21,3.0168077585355646,2.5302456968364604,0.5,0.4583333333333333,24,22
321,4,CREB1,321,-1.0,1.965778075024592,0.6450492569287573,4.473591310399561e-50,-4.411366047315007,4.8006976886891,0.5,0.4583333333333333,24,22
324,4,CREB1,324,-1.0,1.965778075024592,-0.211689076550438,1.4020807131191065e-05,5.2073284333026235,6.2674037277590635,0.5,0.4583333333333333,24,22
334,4,CREB1,334,-1.0,1.965778075024592,0.5324858122879982,1.0831966445685193e-31,-4.763888357446343,5.443114316278221,0.5,0.4583333333333333,24,22
323,4,CREB1,323,-1.0,1.965778075024592,0.31385142633910734,6.472202435443195e-11,-6.107581918742367,8.251836975809015,0.5,0.4583333333333333,24,22
326,4,CREB1,326,-1.0,1.965778075024592,0.47656498189832713,7.31755126362091e-25,-11.682635145774187,23.319947398925276,0.5,0.4583333333333333,24,22
319,4,CREB1,319,-1.0,1.965778075024592,0.5149664877004597,2.049236959664347e-29,-8.906740420224516,15.387145604922821,0.5,0.4583333333333333,24,22
315,4,CREB1,315,-1.0,1.965778075024592,0.8087940772459244,4.980506428777098e-97,-2.4835572947869644,1.8603635401858472,0.5,0.4583333333333333,24,22
337,4,CREB1,337,-1.0,1.965778075024592,-0.3468461486751301,3.796890667397053e-13,6.9595016876702855,10.138512987353847,0.5,0.4583333333333333,24,22
330,4,CREB1,330,-1.0,1.965778075024592,0.10385324855586153,0.03464983620745473,-6.948081597728805,10.104909158250932,0.5,0.4583333333333333,24,22
327,4,CREB1,327,-1.0,1.965778075024592,0.24137387533077886,6.693285193065917e-07,-7.356124777647736,11.032011402728518,0.5,0.4583333333333333,24,22
3633,4,NR1H2,3633,1.0,5.105478349591933,0.3379122976800349,1.6230301876251292e-12,2.307194813880721,1.6519911623503702,0.75,0.6,5,4
3634,4,NR1H2,3634,1.0,5.105478349591933,0.1431201170615719,0.0035194971012637304,7.781313098795495,11.930763509716705,0.75,0.6,5,4
3632,4,NR1H2,3632,1.0,5.105478349591933,-0.2502492124514481,2.486273492230586e-07,-3.059019572201378,2.596867768677332,0.75,0.6,5,4
9859,4,PLAG1,9859,-1.0,7.965904674888033,0.21305874091164112,1.229447601304246e-05,-2.4990502459557575,1.8736655301907015,0.7692307692307693,0.7142857142857143,14,13
9857,4,PLAG1,9857,-1.0,7.965904674888033,0.21940901832405948,6.611212908558642e-06,-15.910683017251671,39.7831459428824,0.7692307692307693,0.7142857142857143,14,13
9867,4,PLAG1,9867,-1.0,7.965904674888033,-0.10147988522148389,0.03902739668834948,6.558764498027937,9.337238048876287,0.7692307692307693,0.7142857142857143,14,13
9869,4,PLAG1,9869,-1.0,7.965904674888033,0.2865376232797281,2.893961976693045e-09,-4.221121979155825,4.352177038595935,0.7692307692307693,0.7142857142857143,14,13
9856,4,PLAG1,9856,-1.0,7.965904674888033,0.25658004161080583,1.1984946533488024e-07,-13.219316507683475,30.147116402467685,0.7692307692307693,0.7142857142857143,14,13
9860,4,PLAG1,9860,-1.0,7.965904674888033,-0.2108893305615345,1.5132849971998451e-05,6.556944947532334,9.09022604827219,0.7692307692307693,0.7142857142857143,14,13
9866,4,PLAG1,9866,-1.0,7.965904674888033,0.23388595967193337,1.4989117120853361e-06,-8.708432738594066,14.954025530835962,0.7692307692307693,0.7142857142857143,14,13
9862,4,PLAG1,9862,-1.0,7.965904674888033,0.2936291328066239,1.1207573287972383e-09,-5.1699408338872015,6.157517999999636,0.7692307692307693,0.7142857142857143,14,13
9868,4,PLAG1,9868,-1.0,7.965904674888033,0.30247893352544825,3.3055994903575766e-10,-9.059902716333191,15.892436381182295,0.7692307692307693,0.7142857142857143,14,13
9858,4,PLAG1,9858,-1.0,7.965904674888033,-0.22489241099570406,3.811960655276629e-06,3.6008970940653056,3.3462108457907824,0.7692307692307693,0.7142857142857143,14,13
6712,4,TRAF4,6712,-1.0,27.192775021624534,-0.5370343358907786,2.6396076626884214e-32,15.64198189338841,32.74230914131621,1.0,0.92,25,23
6711,4,TRAF4,6711,-1.0,27.192775021624534,-0.3783325321498649,1.5494874652761716e-15,10.72395386712067,19.026183658180447,1.0,0.92,25,23
6718,4,TRAF4,6718,-1.0,27.192775021624534,-0.5869857363975324,1.072680321679598e-39,21.144198718365175,54.803707085919534,1.0,0.92,25,23
6731,4,TRAF4,6731,-1.0,27.192775021624534,0.42685727645818566,9.201973472059176e-20,-12.172053977777376,22.86490967588609,1.0,0.92,25,23
6716,4,TRAF4,6716,-1.0,27.192775021624534,0.4647544806026929,1.4215387936017814e-23,-12.369419390990178,27.414596593106257,1.0,0.92,25,23
6732,4,TRAF4,6732,-1.0,27.192775021624534,-0.5116827770075988,5.294630463731119e-29,6.221523910693557,8.298447738956066,1.0,0.92,25,23
6719,4,TRAF4,6719,-1.0,27.192775021624534,-0.4357491868727674,1.2944463419326032e-20,9.56088302910896,16.41496288581504,1.0,0.92,25,23
6725,4,TRAF4,6725,-1.0,27.192775021624534,0.5133379079006837,3.285541160792401e-29,-15.835574837957523,39.81718786260967,1.0,0.92,25,23
6713,4,TRAF4,6713,-1.0,27.192775021624534,0.30403090411968964,2.657002319717092e-10,-10.268983075002987,19.32839043128227,1.0,0.92,25,23
6722,4,TRAF4,6722,-1.0,27.192775021624534,0.5753232109404034,7.42043723673093e-38,-18.051246281684953,47.5519792566502,1.0,0.92,25,23
6717,4,TRAF4,6717,-1.0,27.192775021624534,-0.47759134231419836,5.623668935288386e-25,4.642836329492464,5.200924843433365,1.0,0.92,25,23
6724,4,TRAF4,6724,-1.0,27.192775021624534,-0.3183208040076931,3.344609360962905e-11,12.219066946635753,23.6360413639861,1.0,0.92,25,23
6723,4,TRAF4,6723,-1.0,27.192775021624534,-0.4038214126111775,1.1391686160628158e-17,9.428102971985457,16.164648793329853,1.0,0.92,25,23
6727,4,TRAF4,6727,-1.0,27.192775021624534,0.6062116029123337,6.750646732526426e-43,-25.75626662086492,85.2008358583369,1.0,0.92,25,23
6730,4,TRAF4,6730,-1.0,27.192775021624534,-0.32338884964005943,1.56108322089172e-11,7.027451639168949,10.315939629310327,1.0,0.92,25,23
6715,4,TRAF4,6715,-1.0,27.192775021624534,-0.22028520440325364,6.0600376362396054e-06,7.646910201543422,12.131070527159675,1.0,0.92,25,23
6714,4,TRAF4,6714,-1.0,27.192775021624534,-0.31837255327235886,3.3189271060434504e-11,16.72438820853063,38.97139516674737,1.0,0.92,25,23
6726,4,TRAF4,6726,-1.0,27.192775021624534,-0.5175554729709447,9.62482885950184e-30,23.4744911426216,59.74575638161662,1.0,0.92,25,23
6710,4,TRAF4,6710,-1.0,27.192775021624534,-0.4412834832328578,3.7076996249678504e-21,8.42398852544975,13.938775691377856,1.0,0.92,25,23
6729,4,TRAF4,6729,-1.0,27.192775021624534,-0.5222991555653079,2.369707716108595e-30,9.899181831798483,18.608406415935406,1.0,0.92,25,23
6720,4,TRAF4,6720,-1.0,27.192775021624534,-0.33476557033481863,2.6776843621301134e-12,4.518472081223583,4.902850351576563,1.0,0.92,25,23
6728,4,TRAF4,6728,-1.0,27.192775021624534,0.44791313902837376,8.043288612940481e-22,-17.21072267631671,45.91216421212254,1.0,0.92,25,23
6721,4,TRAF4,6721,-1.0,27.192775021624534,0.2685513715034895,2.857227833145295e-08,-14.41191374671376,32.726067002137256,1.0,0.92,25,23
3466,4,YY1,3466,-1.0,1.3850727585205274,0.30938982797174597,1.2374226559417532e-10,-7.596689070480073,12.007498832540026,0.47619047619047616,0.4,25,21
3471,4,YY1,3471,-1.0,1.3850727585205274,0.6152254454178437,1.786582657716101e-44,-2.532036824499069,1.9170306043739145,0.47619047619047616,0.4,25,21
3459,4,YY1,3459,-1.0,1.3850727585205274,0.36620088100586373,1.3868043311910863e-14,-10.695852218578123,20.605988000173518,0.47619047619047616,0.4,25,21
3474,4,YY1,3474,-1.0,1.3850727585205274,0.2893505171332768,1.992701091335737e-09,-6.016659925752805,8.060601693609978,0.47619047619047616,0.4,25,21
3460,4,YY1,3460,-1.0,1.3850727585205274,0.5663570589337031,1.7206480260350714e-36,-4.8442521024370375,5.613464111862699,0.47619047619047616,0.4,25,21
3468,4,YY1,3468,-1.0,1.3850727585205274,0.305464663158371,2.1690007308211717e-10,-14.04096385022952,31.30338220035638,0.47619047619047616,0.4,25,21
3472,4,YY1,3472,-1.0,1.3850727585205274,0.3131012311166975,7.222861671814532e-11,-3.6619157829102162,3.500490548946767,0.47619047619047616,0.4,25,21
3476,4,YY1,3476,-1.0,1.3850727585205274,0.4841981675517736,1.0107576952022783e-25,-2.3742939384182993,1.7296313374359034,0.47619047619047616,0.4,25,21
3457,4,YY1,3457,-1.0,1.3850727585205274,0.5682809139495132,8.836177678214507e-37,-2.6752422974255072,2.0922190781488124,0.47619047619047616,0.4,25,21
3477,4,YY1,3477,-1.0,1.3850727585205274,0.36720102855891407,1.1615869648586351e-14,-2.5883399664816937,1.978760564174086,0.47619047619047616,0.4,25,21
1208,4,SP4,1208,-1.0,1.9122872166395672,0.38182273255565696,8.107503911393656e-16,-3.4530871998305583,3.183214786192129,0.6363636363636364,0.56,25,22
1223,4,SP4,1223,-1.0,1.9122872166395672,0.2538862048890372,1.638793265031776e-07,-9.029077461367924,16.037730311136418,0.6363636363636364,0.56,25,22
1230,4,SP4,1230,-1.0,1.9122872166395672,-0.2075251210125268,2.079603892559375e-05,5.883105102462242,7.707479078753803,0.6363636363636364,0.56,25,22
1226,4,SP4,1226,-1.0,1.9122872166395672,0.22828283340753266,2.6931421150550615e-06,-3.6321391034012955,3.4402262813480835,0.6363636363636364,0.56,25,22
1224,4,SP4,1224,-1.0,1.9122872166395672,0.5987460104656969,1.253396191479135e-41,-3.267998690839672,2.8938906801053292,0.6363636363636364,0.56,25,22
1214,4,SP4,1214,-1.0,1.9122872166395672,0.6318533635542275,1.601963041645157e-47,-4.6999934060840705,5.342292432672088,0.6363636363636364,0.56,25,22
1209,4,SP4,1209,-1.0,1.9122872166395672,-0.2922239542441796,1.3553547041153519e-09,3.395443835384942,3.0683093320746293,0.6363636363636364,0.56,25,22
1212,4,SP4,1212,-1.0,1.9122872166395672,0.5124568174794134,4.2370538234139325e-29,-10.76715743224101,20.77995956143587,0.6363636363636364,0.56,25,22
1207,4,SP4,1207,-1.0,1.9122872166395672,0.6589917941055728,6.478281529021517e-53,-2.6386542173337206,2.046903578495003,0.6363636363636364,0.56,25,22
1221,4,SP4,1221,-1.0,1.9122872166395672,0.2542445600910855,1.5723027583405445e-07,-3.29106465675677,2.920158433975775,0.6363636363636364,0.56,25,22
1218,4,SP4,1218,-1.0,1.9122872166395672,0.31612179848988553,4.6345395523109134e-11,-17.520911021703014,43.17216761735389,0.6363636363636364,0.56,25,22
1227,4,SP4,1227,-1.0,1.9122872166395672,0.40193882171490475,1.6617538653586997e-17,-9.790740639370936,18.15532171858718,0.6363636363636364,0.56,25,22
1217,4,SP4,1217,-1.0,1.9122872166395672,0.4428770561771246,2.5757460210574086e-21,-5.759551631451111,7.46452545469737,0.6363636363636364,0.56,25,22
1225,4,SP4,1225,-1.0,1.9122872166395672,-0.28621224555026087,3.0208044265792734e-09,4.922755124799814,5.6432056216605515,0.6363636363636364,0.56,25,22
1344,4,ARID5B,1344,1.0,2.1857870530561647,0.39104441769605003,1.410116121207702e-16,9.225425823984603,16.10720839852911,0.5,0.5,8,8
1347,4,ARID5B,1347,1.0,2.1857870530561647,0.390867692266064,1.458943352532288e-16,7.176939488900102,10.65309087142526,0.5,0.5,8,8
1348,4,ARID5B,1348,1.0,2.1857870530561647,0.3333603917723743,3.342391785855598e-12,8.393995468563288,13.270327690477343,0.5,0.5,8,8
1345,4,ARID5B,1345,1.0,2.1857870530561647,0.26837819749362757,2.918591870468401e-08,10.807119215930992,19.165753847268153,0.5,0.5,8,8
1479,4,CUX1,1479,1.0,2.903004626430083,0.2434336990027697,5.336883566148246e-07,8.480750334992669,14.067993275692757,0.8260869565217391,0.76,25,23
1488,4,CUX1,1488,1.0,2.903004626430083,0.22761922519005384,2.8838721773810325e-06,4.168748953218594,4.285261650646913,0.8260869565217391,0.76,25,23
1497,4,CUX1,1497,1.0,2.903004626430083,0.3345533307035913,2.7690819233317133e-12,10.52761908973929,20.441205922373545,0.8260869565217391,0.76,25,23
1501,4,CUX1,1501,1.0,2.903004626430083,0.41561466415192305,1.0124850866463864e-18,15.23787378993001,36.41085875792279,0.8260869565217391,0.76,25,23
1480,4,CUX1,1480,1.0,2.903004626430083,0.3991012370357312,2.922578359805947e-17,13.20004852486289,25.497785198379525,0.8260869565217391,0.76,25,23
1486,4,CUX1,1486,1.0,2.903004626430083,0.3670391852704005,1.195429859711367e-14,9.432270902187248,16.206861515656524,0.8260869565217391,0.76,25,23
1485,4,CUX1,1485,1.0,2.903004626430083,0.19283915322306175,7.849174016375989e-05,8.760905528259368,14.396332322189503,0.8260869565217391,0.76,25,23
1489,4,CUX1,1489,1.0,2.903004626430083,0.3093717326406374,1.2406521862280919e-10,22.732013995316315,58.98679244417514,0.8260869565217391,0.76,25,23
1483,4,CUX1,1483,1.0,2.903004626430083,0.2546685320078081,1.4969913637718265e-07,7.853583307331067,12.744092708330552,0.8260869565217391,0.76,25,23
1482,4,CUX1,1482,1.0,2.903004626430083,0.46863313872396634,5.4343600626916e-24,4.954150509961466,5.773430005032856,0.8260869565217391,0.76,25,23
1484,4,CUX1,1484,1.0,2.903004626430083,0.218347989283167,7.342722892686868e-06,16.780797020179854,38.200616216724065,0.8260869565217391,0.76,25,23
1500,4,CUX1,1500,1.0,2.903004626430083,0.357748331995209,6.050969508425225e-14,5.507541229934837,6.998002941536566,0.8260869565217391,0.76,25,23
1491,4,CUX1,1491,1.0,2.903004626430083,0.1866671232778255,0.00013331067482505611,2.2559023649457006,1.6024137033227086,0.8260869565217391,0.76,25,23
1481,4,CUX1,1481,1.0,2.903004626430083,0.36238597933158045,2.710981910094631e-14,22.664645545396404,62.233110220221135,0.8260869565217391,0.76,25,23
1493,4,CUX1,1493,1.0,2.903004626430083,0.41185743077584586,2.2121828857141907e-18,10.800248274409583,21.563999342763765,0.8260869565217391,0.76,25,23
1498,4,CUX1,1498,1.0,2.903004626430083,0.39216142388270847,1.136601759824912e-16,5.878083423727767,7.591813125074338,0.8260869565217391,0.76,25,23
1487,4,CUX1,1487,1.0,2.903004626430083,-0.22596933686953313,3.415641632933138e-06,-24.47063290430424,79.12217982562423,0.8260869565217391,0.76,25,23
1502,4,CUX1,1502,1.0,2.903004626430083,0.36741665049502154,1.1179542072847848e-14,5.7696002901097705,7.546709276574491,0.8260869565217391,0.76,25,23
1494,4,CUX1,1494,1.0,2.903004626430083,0.2843824186101179,3.841027844106597e-09,10.390292899123645,18.667081940360436,0.8260869565217391,0.76,25,23
8171,4,BRF1,8171,-1.0,3.0803876242786807,0.45815577289683,7.097353204694344e-23,-9.713008758152268,17.986618081099536,0.8,0.6666666666666666,6,5
8172,4,BRF1,8172,-1.0,3.0803876242786807,-0.24463154227606293,4.673987910672446e-07,19.63132096035062,43.63239572626233,0.8,0.6666666666666666,6,5
8175,4,BRF1,8175,-1.0,3.0803876242786807,0.2944968631236178,9.961281087800323e-10,-21.221263699228185,61.15672974754942,0.8,0.6666666666666666,6,5
8174,4,BRF1,8174,-1.0,3.0803876242786807,0.16872196650588037,0.00056611398654851,-9.751910787926905,18.121945415894217,0.8,0.6666666666666666,6,5
1831,4,FOXO3,1831,1.0,5.034865152301616,0.22164911884616054,5.288334939541243e-06,3.1029490914897413,2.6379869053051554,0.47619047619047616,0.4,25,21
1850,4,FOXO3,1850,1.0,5.034865152301616,0.44951990296167305,5.525686062065293e-22,5.184227870027723,6.294301582022116,0.47619047619047616,0.4,25,21
1833,4,FOXO3,1833,1.0,5.034865152301616,0.3280038355337341,7.703091409660244e-12,21.801741946277104,56.568937048952684,0.47619047619047616,0.4,25,21
1832,4,FOXO3,1832,1.0,5.034865152301616,0.47091856213146094,3.066005908557816e-24,6.948464448454566,10.171032840664338,0.47619047619047616,0.4,25,21
1847,4,FOXO3,1847,1.0,5.034865152301616,0.5111142115572512,6.233916150627284e-29,11.226197101610166,22.59955242624285,0.47619047619047616,0.4,25,21
1848,4,FOXO3,1848,1.0,5.034865152301616,0.43575375298435565,1.2931239463168003e-20,8.846732260221838,15.383601656769889,0.47619047619047616,0.4,25,21
1838,4,FOXO3,1838,1.0,5.034865152301616,0.4679571850936751,6.431488491978607e-24,7.824980238915769,12.53004476229111,0.47619047619047616,0.4,25,21
1837,4,FOXO3,1837,1.0,5.034865152301616,0.28350657076141184,4.3064223857628176e-09,9.08338759696938,15.178891440126574,0.47619047619047616,0.4,25,21
1828,4,FOXO3,1828,1.0,5.034865152301616,0.3324882644590363,3.8333491565391955e-12,14.900499666807061,30.830945815450924,0.47619047619047616,0.4,25,21
1829,4,FOXO3,1829,1.0,5.034865152301616,0.3422430008485357,8.072738177593158e-13,7.339982727337358,11.394959126987356,0.47619047619047616,0.4,25,21
1063,4,HIF1A,1063,-1.0,2.010928472490499,-0.3659385832624107,1.4526306425866138e-14,2.311556680532936,1.6561037610196836,0.25,0.2,5,4
3655,4,MTF1,3655,-1.0,1.766338936035363,-0.37147203404628093,5.412027156234776e-15,3.482717012152444,3.1986587639072073,0.25,0.24,25,24
3663,4,MTF1,3663,-1.0,1.766338936035363,0.226925345343898,3.097083177614583e-06,-16.294610177309234,39.33370341281751,0.25,0.24,25,24
3661,4,MTF1,3661,-1.0,1.766338936035363,0.47136384256892827,2.741093836388222e-24,-3.5844747386155515,3.3815404079669538,0.25,0.24,25,24
3657,4,MTF1,3657,-1.0,1.766338936035363,0.2809267177141031,6.01758636987328e-09,-10.461491477718432,19.86809217970333,0.25,0.24,25,24
3651,4,MTF1,3651,-1.0,1.766338936035363,0.6344134301179876,5.234266852772836e-48,-2.519483635286568,1.9025392312366705,0.25,0.24,25,24
3672,4,MTF1,3672,-1.0,1.766338936035363,-0.33630164409612345,2.098595139090365e-12,5.157939714109294,6.14095954592303,0.25,0.24,25,24
6346,4,FOXD1,6346,1.0,49.433956221872826,0.29453396866498766,9.911105891252714e-10,2.7462544366913826,2.1852846557626653,1.0,0.96,25,24
6344,4,FOXD1,6344,1.0,49.433956221872826,0.5710997883773602,3.3017271814220296e-37,14.555109074521502,33.10635733224607,1.0,0.96,25,24
6357,4,FOXD1,6357,1.0,49.433956221872826,0.3491024116898882,2.6114422137535837e-13,9.288019799541141,16.456607183596418,1.0,0.96,25,24
6347,4,FOXD1,6347,1.0,49.433956221872826,-0.35767990267521227,6.122484204030528e-14,-18.412911283821558,49.62293825713269,1.0,0.96,25,24
6349,4,FOXD1,6349,1.0,49.433956221872826,-0.36752813619776775,1.0960285927489719e-14,-13.86329948540325,31.688977396278307,1.0,0.96,25,24
6343,4,FOXD1,6343,1.0,49.433956221872826,-0.3101858263527256,1.103180784716453e-10,-11.649234719720292,23.464792597090316,1.0,0.96,25,24
6358,4,FOXD1,6358,1.0,49.433956221872826,0.20069986030068235,3.901824766627306e-05,4.4952576057480105,4.841541668376849,1.0,0.96,25,24
6362,4,FOXD1,6362,1.0,49.433956221872826,0.4197702248472616,4.2166360331557725e-19,10.847417021728509,20.585156055106147,1.0,0.96,25,24
6353,4,FOXD1,6353,1.0,49.433956221872826,0.40643888662210226,6.712163783104781e-18,12.813113225527132,25.125680737125794,1.0,0.96,25,24
6342,4,FOXD1,6342,1.0,49.433956221872826,-0.17338012192753877,0.0003941446415085009,-10.941856279193388,22.30545796325641,1.0,0.96,25,24
6341,4,FOXD1,6341,1.0,49.433956221872826,0.5314846202159432,1.4737687332620046e-31,14.332731053914356,29.70503179283686,1.0,0.96,25,24
6356,4,FOXD1,6356,1.0,49.433956221872826,0.3187717737334528,3.1271614314472595e-11,5.484242726429571,7.043932931988998,1.0,0.96,25,24
6345,4,FOXD1,6345,1.0,49.433956221872826,0.5625628035260173,6.323788248285001e-36,19.9634113425073,49.95582711430667,1.0,0.96,25,24
6354,4,FOXD1,6354,1.0,49.433956221872826,-0.5369639416174149,2.6983610187713226e-32,-25.2437837214947,80.92240832784272,1.0,0.96,25,24
6351,4,FOXD1,6351,1.0,49.433956221872826,-0.40067010280598075,2.1403712039231695e-17,-15.983755104123516,38.40824286980544,1.0,0.96,25,24
6348,4,FOXD1,6348,1.0,49.433956221872826,0.33762158647080037,1.700270358174634e-12,5.640396050706705,7.26485223710747,1.0,0.96,25,24
6355,4,FOXD1,6355,1.0,49.433956221872826,0.4698778347330461,3.981072440047335e-24,9.888068341536853,18.8133568297945,1.0,0.96,25,24
6350,4,FOXD1,6350,1.0,49.433956221872826,0.49768516886513536,2.702890158107706e-27,13.329989561197811,27.1370217202774,1.0,0.96,25,24
6352,4,FOXD1,6352,1.0,49.433956221872826,0.34731024781209846,3.516411215305789e-13,8.8165558846733,14.71943566149912,1.0,0.96,25,24
6340,4,FOXD1,6340,1.0,49.433956221872826,0.4209372919768505,3.2898265466383273e-19,8.14036768853666,13.675166831174009,1.0,0.96,25,24
6339,4,FOXD1,6339,1.0,49.433956221872826,0.3417807799858862,8.701989045427968e-13,10.683436390883044,18.89509281220438,1.0,0.96,25,24
6360,4,FOXD1,6360,1.0,49.433956221872826,-0.35867978686768087,5.155193932307146e-14,-12.39859498652376,28.519707983897842,1.0,0.96,25,24
6338,4,FOXD1,6338,1.0,49.433956221872826,0.32637170541017263,9.902574620087378e-12,8.75491625735689,14.793787499439544,1.0,0.96,25,24
6359,4,FOXD1,6359,1.0,49.433956221872826,-0.20600083632310148,2.3977427614293158e-05,-9.840291930765796,18.61758424485381,1.0,0.96,25,24
6000,4,FOXP3,6000,1.0,19.274608570660963,-0.22930276744413175,2.42332595632563e-06,-17.983680366268327,45.98796426679015,1.0,0.96,25,24
6001,4,FOXP3,6001,1.0,19.274608570660963,0.6087833384279301,2.4236586087304104e-43,21.59413215504458,57.69117380731256,1.0,0.96,25,24
6006,4,FOXP3,6006,1.0,19.274608570660963,0.4692509167103196,4.657358017220001e-24,22.67454837148518,58.86050897674844,1.0,0.96,25,24
6007,4,FOXP3,6007,1.0,19.274608570660963,0.5799527407450626,1.408942702931888e-38,11.32370206448774,21.81202603775839,1.0,0.96,25,24
6003,4,FOXP3,6003,1.0,19.274608570660963,0.39890743096610043,3.0368792996043795e-17,2.610120910737005,2.000482181744438,1.0,0.96,25,24
6013,4,FOXP3,6013,1.0,19.274608570660963,-0.10926442901831562,0.026206341788384435,-7.0235449715244975,10.45631345080685,1.0,0.96,25,24
5996,4,FOXP3,5996,1.0,19.274608570660963,0.5223476916403376,2.3357003583374173e-30,8.86016027241347,15.107884296052804,1.0,0.96,25,24
6011,4,FOXP3,6011,1.0,19.274608570660963,-0.316864721756803,4.152184636734886e-11,-13.67127721929667,30.92635186121089,1.0,0.96,25,24
6017,4,FOXP3,6017,1.0,19.274608570660963,0.4042012454492145,1.0553028797526375e-17,5.320579831981857,6.496842526136942,1.0,0.96,25,24
6002,4,FOXP3,6002,1.0,19.274608570660963,-0.3552141400637819,9.332095664232352e-14,-18.686883675980674,47.87241460587004,1.0,0.96,25,24
5999,4,FOXP3,5999,1.0,19.274608570660963,-0.3009080220238783,4.118091005073938e-10,-10.84726826696279,20.97194024518737,1.0,0.96,25,24
6020,4,FOXP3,6020,1.0,19.274608570660963,-0.24856719223456625,3.0083254600429975e-07,-10.386686457805194,20.14582068302178,1.0,0.96,25,24
6014,4,FOXP3,6014,1.0,19.274608570660963,-0.25590036744514644,1.297379949715102e-07,-12.317314020473443,27.60944145857261,1.0,0.96,25,24
6008,4,FOXP3,6008,1.0,19.274608570660963,0.2376875012419401,9.987562388469736e-07,8.529452941741459,14.258300034176315,1.0,0.96,25,24
6016,4,FOXP3,6016,1.0,19.274608570660963,-0.18759641154363743,0.00012322329727308478,-12.103818592649866,26.262555730637978,1.0,0.96,25,24
6009,4,FOXP3,6009,1.0,19.274608570660963,-0.3327930101287348,3.654277303330003e-12,-25.60416840169923,81.36244647078712,1.0,0.96,25,24
5998,4,FOXP3,5998,1.0,19.274608570660963,0.3338805902629362,3.0793918401167436e-12,17.424545977376866,40.697733736928846,1.0,0.96,25,24
6019,4,FOXP3,6019,1.0,19.274608570660963,0.4378154369240305,8.138117819266947e-21,7.978146701217916,12.68741377654844,1.0,0.96,25,24
6010,4,FOXP3,6010,1.0,19.274608570660963,0.20063485862599786,3.924884372034082e-05,7.902137686307737,12.203378163687908,1.0,0.96,25,24
6005,4,FOXP3,6005,1.0,19.274608570660963,0.6577476132554221,1.1775309202368302e-52,10.59203779318361,19.320648971537636,1.0,0.96,25,24
6012,4,FOXP3,6012,1.0,19.274608570660963,-0.2712323554667137,2.052295967881617e-08,-10.616852580684238,20.28651549976281,1.0,0.96,25,24
5997,4,FOXP3,5997,1.0,19.274608570660963,0.8273245418773737,3.017229684957811e-105,10.28481015659774,17.868023414184933,1.0,0.96,25,24
6004,4,FOXP3,6004,1.0,19.274608570660963,0.7681076553820294,8.78767061237939e-82,12.479574762915266,23.903548805024315,1.0,0.96,25,24
6015,4,FOXP3,6015,1.0,19.274608570660963,0.2519883936208039,2.038605136554419e-07,6.316919665558767,8.727526188255396,1.0,0.96,25,24
1181,4,FOXM1,1181,1.0,8.569854709132617,0.3738266255885739,3.5349836652072403e-15,21.3901989450422,47.57378240718067,0.8333333333333334,0.8333333333333334,6,6
1178,4,FOXM1,1178,1.0,8.569854709132617,0.26775822100910224,3.1488980431625926e-08,12.225336729721255,23.269311887255842,0.8333333333333334,0.8333333333333334,6,6
1177,4,FOXM1,1177,1.0,8.569854709132617,0.3987609771647914,3.126157191751231e-17,13.236369123683772,26.614607182400842,0.8333333333333334,0.8333333333333334,6,6
1179,4,FOXM1,1179,1.0,8.569854709132617,-0.3052304385454229,2.242281612620318e-10,-13.175173301386376,29.732213945522,0.8333333333333334,0.8333333333333334,6,6
1180,4,FOXM1,1180,1.0,8.569854709132617,-0.24833432054357027,3.0884321865723576e-07,-12.319271104236178,25.685267243240045,0.8333333333333334,0.8333333333333334,6,6
8541,4,FOXC1,8541,-1.0,2.243543796576012,0.29596833486171237,8.148991982460314e-10,-16.140289916061885,42.81061059675767,0.4583333333333333,0.44,25,24
8544,4,FOXC1,8544,-1.0,2.243543796576012,0.3639497879929023,2.061877372031919e-14,-3.302338743440747,2.9451481524465315,0.4583333333333333,0.44,25,24
8553,4,FOXC1,8553,-1.0,2.243543796576012,0.1938523226499006,7.183997238201664e-05,-5.656715325217892,7.279112013479203,0.4583333333333333,0.44,25,24
8540,4,FOXC1,8540,-1.0,2.243543796576012,0.32366011049144466,1.498092907228799e-11,-12.69907451451222,28.499489882255517,0.4583333333333333,0.44,25,24
8546,4,FOXC1,8546,-1.0,2.243543796576012,0.4779454696351466,5.134250456660967e-25,-4.260512702043762,4.514999996932958,0.4583333333333333,0.44,25,24
8545,4,FOXC1,8545,-1.0,2.243543796576012,-0.16500498255787655,0.000750771395382578,3.8943701017397765,3.892774609841716,0.4583333333333333,0.44,25,24
8543,4,FOXC1,8543,-1.0,2.243543796576012,0.2850409533702766,3.5236173724466075e-09,-12.502843963751577,24.14561330045244,0.4583333333333333,0.44,25,24
8548,4,FOXC1,8548,-1.0,2.243543796576012,0.2602303941526714,7.798818571156083e-08,-6.560599594089845,9.23128065969555,0.4583333333333333,0.44,25,24
8551,4,FOXC1,8551,-1.0,2.243543796576012,0.35543889422306557,8.981727276353944e-14,-8.611618155883235,14.97376461455253,0.4583333333333333,0.44,25,24
8554,4,FOXC1,8554,-1.0,2.243543796576012,0.25561676118094867,1.3409268676229223e-07,-11.456067809258592,21.860578273402748,0.4583333333333333,0.44,25,24
8542,4,FOXC1,8542,-1.0,2.243543796576012,0.27159104889925006,1.9628826643096683e-08,-7.822343177225248,12.872458052707945,0.4583333333333333,0.44,25,24
9446,4,HOXB13,9446,-1.0,12.991820016710909,0.15754796809015648,0.0012997192089016828,-2.1632319149574224,1.5000509290883994,0.3888888888888889,0.28,25,18
9454,4,HOXB13,9454,-1.0,12.991820016710909,0.20301646306898574,3.1588406266310256e-05,-2.510224005067572,1.8854374598088974,0.3888888888888889,0.28,25,18
9438,4,HOXB13,9438,-1.0,12.991820016710909,0.22479039202274026,3.851702243988959e-06,-7.303720490134081,11.145455022570598,0.3888888888888889,0.28,25,18
9442,4,HOXB13,9442,-1.0,12.991820016710909,0.16341795319356534,0.0008454399121850073,-3.501766607682042,3.2415127310823633,0.3888888888888889,0.28,25,18
9452,4,HOXB13,9452,-1.0,12.991820016710909,0.31720997308353305,3.945032841334038e-11,-8.307754299796711,14.732185861157877,0.3888888888888889,0.28,25,18
9436,4,HOXB13,9436,-1.0,12.991820016710909,0.19461612826286273,6.718053938838753e-05,-4.379449341809725,4.727182738935095,0.3888888888888889,0.28,25,18
9439,4,HOXB13,9439,-1.0,12.991820016710909,0.1484619814095062,0.0024583583857809934,-8.479418500375834,14.280453529773082,0.3888888888888889,0.28,25,18
10006,4,FOXF2,10006,-1.0,1.5723192345376809,-0.23050872824913723,2.137614621293379e-06,9.637373567081786,17.57887992380223,0.8,0.6666666666666666,6,5
10004,4,FOXF2,10004,-1.0,1.5723192345376809,0.12583907585283763,0.01038018386257864,-9.70817077751579,18.596500253953867,0.8,0.6666666666666666,6,5
10007,4,FOXF2,10007,-1.0,1.5723192345376809,0.26133454758078534,6.839462967374001e-08,-5.1689175841093356,6.18097724703132,0.8,0.6666666666666666,6,5
10002,4,FOXF2,10002,-1.0,1.5723192345376809,-0.25226912492585357,1.9740432116873316e-07,2.853836452576493,2.3201600795534723,0.8,0.6666666666666666,6,5
2575,4,SOX21,2575,-1.0,3.6568347194861497,0.32976230962131214,5.866871093943969e-12,-9.733796155127488,17.878896544060936,0.8095238095238095,0.68,25,21
2568,4,SOX21,2568,-1.0,3.6568347194861497,-0.17896834873109446,0.000252166794931646,2.887975043853896,2.34313900161498,0.8095238095238095,0.68,25,21
2567,4,SOX21,2567,-1.0,3.6568347194861497,0.2741545732179534,1.4249929594303484e-08,-5.690846129457685,7.446318072211435,0.8095238095238095,0.68,25,21
2576,4,SOX21,2576,-1.0,3.6568347194861497,0.20134069354209128,3.681242032753915e-05,-4.589209888380758,5.091125104177142,0.8095238095238095,0.68,25,21
2581,4,SOX21,2581,-1.0,3.6568347194861497,0.16636221778140842,0.0006776947262914724,-7.34939175784772,11.21814723953817,0.8095238095238095,0.68,25,21
2584,4,SOX21,2584,-1.0,3.6568347194861497,0.2653288766591552,4.2325778819449875e-08,-9.029862647179215,15.887193998955864,0.8095238095238095,0.68,25,21
2573,4,SOX21,2573,-1.0,3.6568347194861497,-0.19425918136982084,6.93213856071335e-05,3.8497327957099605,3.722688439874188,0.8095238095238095,0.68,25,21
2583,4,SOX21,2583,-1.0,3.6568347194861497,0.2831577434367326,4.5066175256896514e-09,-8.79478788371437,15.263632809245493,0.8095238095238095,0.68,25,21
2580,4,SOX21,2580,-1.0,3.6568347194861497,0.28202942734952857,5.217903912561706e-09,-7.390630532526457,11.354879608969256,0.8095238095238095,0.68,25,21
2572,4,SOX21,2572,-1.0,3.6568347194861497,-0.15053278601434675,0.0021323854063500032,2.493060983718748,1.8590368245570863,0.8095238095238095,0.68,25,21
2561,4,SOX21,2561,-1.0,3.6568347194861497,0.2654790141283046,4.156271013082374e-08,-2.4175463964503874,1.7819020872322073,0.8095238095238095,0.68,25,21
2569,4,SOX21,2569,-1.0,3.6568347194861497,0.2636908210135031,5.158128335982376e-08,-5.400950864289286,6.770120753775441,0.8095238095238095,0.68,25,21
2565,4,SOX21,2565,-1.0,3.6568347194861497,0.23398873787633775,1.4826825985033082e-06,-4.1430392176654145,4.310929292108936,0.8095238095238095,0.68,25,21
2562,4,SOX21,2562,-1.0,3.6568347194861497,0.23629851905335336,1.1593786024958192e-06,-10.618600693666812,20.41823627614226,0.8095238095238095,0.68,25,21
2563,4,SOX21,2563,-1.0,3.6568347194861497,0.30516837035418676,2.262101015322355e-10,-15.496513219110703,35.994703926668244,0.8095238095238095,0.68,25,21
2582,4,SOX21,2582,-1.0,3.6568347194861497,-0.17964625241085028,0.0002386495999205133,16.676690894708077,35.716397666382136,0.8095238095238095,0.68,25,21
2578,4,SOX21,2578,-1.0,3.6568347194861497,0.37518845747419144,2.758764615925818e-15,-8.5343648277496,14.292984841272663,0.8095238095238095,0.68,25,21
1058,4,SP1,1058,-1.0,23.439181941312054,-0.4537161595111893,2.0533775995507472e-22,5.380652319551766,6.557792472951593,0.9130434782608695,0.84,25,23
1054,4,SP1,1054,-1.0,23.439181941312054,-0.23823644932398297,9.413549820801355e-07,3.555442584884112,3.3225039564627745,0.9130434782608695,0.84,25,23
1051,4,SP1,1051,-1.0,23.439181941312054,0.4793937725848124,3.5340765616641707e-25,-8.195837252450486,13.575727496067772,0.9130434782608695,0.84,25,23
1053,4,SP1,1053,-1.0,23.439181941312054,-0.21542094263991435,9.781901096237581e-06,2.8653347297522784,2.331512384397702,0.9130434782608695,0.84,25,23
1038,4,SP1,1038,-1.0,23.439181941312054,-0.27064620203098955,2.2069515841342645e-08,10.546320220649024,18.503813917628857,0.9130434782608695,0.84,25,23
1050,4,SP1,1050,-1.0,23.439181941312054,-0.3432992946625961,6.797100585648208e-13,25.294549360726243,70.2643352439157,0.9130434782608695,0.84,25,23
1043,4,SP1,1043,-1.0,23.439181941312054,0.6397063990248815,5.009676047782791e-49,-10.860492520375281,21.075345336151052,0.9130434782608695,0.84,25,23
1059,4,SP1,1059,-1.0,23.439181941312054,0.27262163719622146,1.726450369983096e-08,-15.243304731562715,33.47782593523536,0.9130434782608695,0.84,25,23
1042,4,SP1,1042,-1.0,23.439181941312054,0.28056295082424665,6.306543207056517e-09,-11.807070759556622,25.574592733897994,0.9130434782608695,0.84,25,23
1047,4,SP1,1047,-1.0,23.439181941312054,0.24958746450165334,2.680316025568092e-07,-14.769823098283455,35.61168602537576,0.9130434782608695,0.84,25,23
1037,4,SP1,1037,-1.0,23.439181941312054,-0.28805898401480434,2.366297028809489e-09,8.393989604956962,13.803940161295586,0.9130434782608695,0.84,25,23
1055,4,SP1,1055,-1.0,23.439181941312054,0.3436649218201367,6.403272432549801e-13,-2.701782919652722,2.1120318454835045,0.9130434782608695,0.84,25,23
1048,4,SP1,1048,-1.0,23.439181941312054,-0.43026630154685486,4.368023995839887e-20,14.289446066725851,30.65089967561336,0.9130434782608695,0.84,25,23
1046,4,SP1,1046,-1.0,23.439181941312054,0.5660548499926646,1.9097853131075065e-36,-3.7326850998208374,3.615180547216556,0.9130434782608695,0.84,25,23
1036,4,SP1,1036,-1.0,23.439181941312054,0.6901588879996245,7.61811857644934e-60,-2.82785515074252,2.287283761669634,0.9130434782608695,0.84,25,23
1057,4,SP1,1057,-1.0,23.439181941312054,0.46140481496466973,3.2295949187549613e-23,-6.863745674251089,10.123305778534885,0.9130434782608695,0.84,25,23
1056,4,SP1,1056,-1.0,23.439181941312054,-0.3781228292472977,1.6105798781592336e-15,9.352507989162602,16.368603402239366,0.9130434782608695,0.84,25,23
1049,4,SP1,1049,-1.0,23.439181941312054,-0.2627541009389701,5.772264758720293e-08,9.958561936451607,17.493312290470232,0.9130434782608695,0.84,25,23
1041,4,SP1,1041,-1.0,23.439181941312054,0.29348284812055897,1.1432086068054111e-09,-19.248499084832368,51.54940804322923,0.9130434782608695,0.84,25,23
1040,4,SP1,1040,-1.0,23.439181941312054,-0.4328776100295487,2.4542551108018174e-20,3.23027085408204,2.828388829654201,0.9130434782608695,0.84,25,23
1045,4,SP1,1045,-1.0,23.439181941312054,0.5079532785315386,1.5369116044411e-28,-26.237010780695424,79.72701360818381,0.9130434782608695,0.84,25,23
4234,4,EBF1,4234,1.0,13.445900110605614,0.28935373032291295,1.9918472208470717e-09,9.284997065301951,15.633104187983188,0.8333333333333334,0.8,25,24
4245,4,EBF1,4245,1.0,13.445900110605614,-0.25949169876685396,8.511796361178742e-08,-13.65767845973558,32.5509345801645,0.8333333333333334,0.8,25,24
4236,4,EBF1,4236,1.0,13.445900110605614,-0.37581558997332637,2.4601413254102624e-15,-7.845212002916546,12.51261532922711,0.8333333333333334,0.8,25,24
4221,4,EBF1,4221,1.0,13.445900110605614,0.780140204993043,5.983963881168984e-86,8.33574651398779,13.642948754130593,0.8333333333333334,0.8,25,24
4223,4,EBF1,4223,1.0,13.445900110605614,0.41628926486026224,8.790041332014036e-19,9.025387521416391,15.681200932004467,0.8333333333333334,0.8,25,24
4222,4,EBF1,4222,1.0,13.445900110605614,0.5225820853685297,2.178143107024369e-30,11.323340446494724,20.54545174397683,0.8333333333333334,0.8,25,24
4233,4,EBF1,4233,1.0,13.445900110605614,-0.17018413690555462,0.0005057977391282192,-12.8745426334459,25.207309850601195,0.8333333333333334,0.8,25,24
4239,4,EBF1,4239,1.0,13.445900110605614,-0.20610083242750982,2.3755320168522044e-05,-4.927348606156204,5.638263568687157,0.8333333333333334,0.8,25,24
4225,4,EBF1,4225,1.0,13.445900110605614,0.7145694896651562,6.430040743849621e-66,4.248372037462403,4.408434263546741,0.8333333333333334,0.8,25,24
4238,4,EBF1,4238,1.0,13.445900110605614,-0.31865057873350444,3.1842054844630324e-11,-5.6646482354074825,7.219095206683024,0.8333333333333334,0.8,25,24
4230,4,EBF1,4230,1.0,13.445900110605614,0.33156506434200855,4.42975559728469e-12,22.785328221849408,61.27308990416488,0.8333333333333334,0.8,25,24
4226,4,EBF1,4226,1.0,13.445900110605614,0.44213514760167105,3.0525272368102377e-21,22.362857652000653,56.48186578235356,0.8333333333333334,0.8,25,24
4240,4,EBF1,4240,1.0,13.445900110605614,0.3669324735514329,1.2182710922607783e-14,8.2957546745355,13.646687703719895,0.8333333333333334,0.8,25,24
4229,4,EBF1,4229,1.0,13.445900110605614,0.31182846979030976,8.694757080699971e-11,11.869646331096266,22.34811090741079,0.8333333333333334,0.8,25,24
4235,4,EBF1,4235,1.0,13.445900110605614,0.8065162640244102,4.418135599285292e-96,3.061413959809273,2.5733230660834283,0.8333333333333334,0.8,25,24
4231,4,EBF1,4231,1.0,13.445900110605614,0.8589663422613499,7.76792172465912e-122,2.6508217014144764,2.0478561956185204,0.8333333333333334,0.8,25,24
4241,4,EBF1,4241,1.0,13.445900110605614,0.6895915063559851,1.037149342911743e-59,5.199515509690468,6.1325923179359085,0.8333333333333334,0.8,25,24
4244,4,EBF1,4244,1.0,13.445900110605614,-0.32609756850330057,1.0327758703764832e-11,-10.085373832339112,19.50345339234605,0.8333333333333334,0.8,25,24
4224,4,EBF1,4224,1.0,13.445900110605614,0.7914658528841126,4.042309546505713e-90,9.992661760794386,17.492957898453437,0.8333333333333334,0.8,25,24
4227,4,EBF1,4227,1.0,13.445900110605614,-0.28119696387402443,5.811267528678694e-09,-12.550475585611874,27.50267260447208,0.8333333333333334,0.8,25,24
5471,4,RARG,5471,1.0,26.71748688376345,0.10453647414164502,0.03346991769741896,8.502930517926435,14.552822712582266,0.13043478260869565,0.12,25,23
5462,4,RARG,5462,1.0,26.71748688376345,0.3593014863961584,4.631023129313029e-14,7.314439379137721,10.677453707848118,0.13043478260869565,0.12,25,23
5466,4,RARG,5466,1.0,26.71748688376345,0.2893467965979087,1.9936902273741854e-09,10.305799413113201,18.61689784501837,0.13043478260869565,0.12,25,23
4074,4,HOXA5,4074,-1.0,25.588196789548604,0.32700368798068374,8.98642739994981e-12,-13.069457192408779,28.58668429744969,1.0,1.0,23,23
4081,4,HOXA5,4081,-1.0,25.588196789548604,-0.2306920491736395,2.097111349884954e-06,4.952931829581562,5.633492327668619,1.0,1.0,23,23
4068,4,HOXA5,4068,-1.0,25.588196789548604,-0.33088657398305726,4.924932127261984e-12,22.570088132494945,60.38822210566175,1.0,1.0,23,23
4082,4,HOXA5,4082,-1.0,25.588196789548604,0.23714244281050936,1.0590634388158912e-06,-6.142114346595744,8.316828036778897,1.0,1.0,23,23
4080,4,HOXA5,4080,-1.0,25.588196789548604,-0.2219102327829055,5.15170802865914e-06,7.667360324851876,11.667213237941263,1.0,1.0,23,23
4078,4,HOXA5,4078,-1.0,25.588196789548604,0.32182757770739767,1.9771124245984178e-11,-6.405980685506297,9.069250004763356,1.0,1.0,23,23
4065,4,HOXA5,4065,-1.0,25.588196789548604,-0.19464462756806786,6.701232498217544e-05,6.109730169745656,8.32291833395085,1.0,1.0,23,23
4064,4,HOXA5,4064,-1.0,25.588196789548604,0.316484888918766,4.392339941846565e-11,-13.813140306376024,31.708760039349222,1.0,1.0,23,23
4062,4,HOXA5,4062,-1.0,25.588196789548604,-0.280981511053161,5.975188861479964e-09,17.716238903471396,39.34680429649546,1.0,1.0,23,23
4067,4,HOXA5,4067,-1.0,25.588196789548604,-0.2614848910327065,6.717993833416649e-08,9.351607791372063,15.883165515969697,1.0,1.0,23,23
4079,4,HOXA5,4079,-1.0,25.588196789548604,0.30943329058945546,1.229699156973521e-10,-4.266298142571022,4.499312571602366,1.0,1.0,23,23
4070,4,HOXA5,4070,-1.0,25.588196789548604,0.4602927131200875,4.2325714983904917e-23,-14.95312694915444,37.8844981840921,1.0,1.0,23,23
4075,4,HOXA5,4075,-1.0,25.588196789548604,-0.1973301776428802,5.282670914518855e-05,9.86723085304874,17.815186410387092,1.0,1.0,23,23
4069,4,HOXA5,4069,-1.0,25.588196789548604,-0.314711377354877,5.7050271558325963e-11,19.874048582897913,47.170097903323665,1.0,1.0,23,23
4076,4,HOXA5,4076,-1.0,25.588196789548604,0.31531325850829367,5.2215828339133024e-11,-3.96608418022269,3.983862293754796,1.0,1.0,23,23
4063,4,HOXA5,4063,-1.0,25.588196789548604,-0.17080817215593613,0.0004819202532475531,12.804215751024376,24.606147795218227,1.0,1.0,23,23
4077,4,HOXA5,4077,-1.0,25.588196789548604,-0.18309524020917867,0.00017975806142812324,8.986276282060613,15.578150535333762,1.0,1.0,23,23
4066,4,HOXA5,4066,-1.0,25.588196789548604,-0.3089382902702504,1.3205098582125546e-10,21.619897081206293,55.95302543334424,1.0,1.0,23,23
4072,4,HOXA5,4072,-1.0,25.588196789548604,-0.21407444706714004,1.1146896901962125e-05,5.622852425814884,7.051363918794196,1.0,1.0,23,23
4073,4,HOXA5,4073,-1.0,25.588196789548604,0.29331542402899313,1.1694406057289727e-09,-15.076930246690559,33.0937074189821,1.0,1.0,23,23
4061,4,HOXA5,4061,-1.0,25.588196789548604,0.27497250820314634,1.2856787378782403e-08,-9.815874031540199,17.715162979167783,1.0,1.0,23,23
4071,4,HOXA5,4071,-1.0,25.588196789548604,0.1791732885854398,0.00024800672677885747,-9.861935483376463,16.786572682292878,1.0,1.0,23,23
4060,4,HOXA5,4060,-1.0,25.588196789548604,-0.27143241880037255,2.0019504138104057e-08,10.578951193389154,18.728743436240357,1.0,1.0,23,23
6116,4,CPEB1,6116,1.0,10.901342808502013,0.38293404988866636,6.585790301811078e-16,7.552552409521966,11.764225107210528,0.8571428571428571,0.72,25,21
6123,4,CPEB1,6123,1.0,10.901342808502013,0.3829677039019033,6.544381386922757e-16,9.523620437099881,16.898725312396685,0.8571428571428571,0.72,25,21
6134,4,CPEB1,6134,1.0,10.901342808502013,0.2472256789936634,3.498787080601963e-07,14.759118245257568,35.3912537636416,0.8571428571428571,0.72,25,21
6132,4,CPEB1,6132,1.0,10.901342808502013,-0.241416049261358,6.662457695140624e-07,-2.1848386799126334,1.5197809739307815,0.8571428571428571,0.72,25,21
6135,4,CPEB1,6135,1.0,10.901342808502013,0.5262128826055379,7.332151894720947e-31,5.318931142426451,6.416562538102132,0.8571428571428571,0.72,25,21
6137,4,CPEB1,6137,1.0,10.901342808502013,-0.15370810994961412,0.0017086001361511004,-9.704539204872937,17.237818464919457,0.8571428571428571,0.72,25,21
6115,4,CPEB1,6115,1.0,10.901342808502013,0.5431477850051419,3.8246218643012135e-33,11.158090177038568,20.159785624005515,0.8571428571428571,0.72,25,21
6130,4,CPEB1,6130,1.0,10.901342808502013,0.414313288592696,1.3287407694385627e-18,13.969353653954698,27.59961955758651,0.8571428571428571,0.72,25,21
6125,4,CPEB1,6125,1.0,10.901342808502013,0.39278047005296113,1.0082212033233033e-16,17.97070220545697,44.05833332841348,0.8571428571428571,0.72,25,21
6133,4,CPEB1,6133,1.0,10.901342808502013,0.3137621998977696,6.557334546368069e-11,13.004846223854125,27.987106653455605,0.8571428571428571,0.72,25,21
6131,4,CPEB1,6131,1.0,10.901342808502013,0.25844988431293997,9.625093557997138e-08,9.022455300134556,15.760927349346742,0.8571428571428571,0.72,25,21
6120,4,CPEB1,6120,1.0,10.901342808502013,0.6516016477631961,2.1627375641237704e-51,9.157115396618085,15.367651490357664,0.8571428571428571,0.72,25,21
6128,4,CPEB1,6128,1.0,10.901342808502013,0.601860001505125,3.740592214455146e-42,10.661633797383592,18.744074590153065,0.8571428571428571,0.72,25,21
6119,4,CPEB1,6119,1.0,10.901342808502013,0.72447594655709,1.4371146800475441e-68,3.2361562572802742,2.829451694533744,0.8571428571428571,0.72,25,21
6121,4,CPEB1,6121,1.0,10.901342808502013,0.31318872874758635,7.131120594383024e-11,11.02284047627332,21.78583669854568,0.8571428571428571,0.72,25,21
6122,4,CPEB1,6122,1.0,10.901342808502013,0.5199175527424963,4.8027832033494525e-30,14.74335156781172,33.24380822524993,0.8571428571428571,0.72,25,21
6114,4,CPEB1,6114,1.0,10.901342808502013,0.8077674308151515,1.336926237087798e-96,7.942967371736629,12.649036867072947,0.8571428571428571,0.72,25,21
6117,4,CPEB1,6117,1.0,10.901342808502013,0.4946643591414571,6.168797352401704e-27,18.934509154397624,44.88969487327656,0.8571428571428571,0.72,25,21
1996,4,ZSCAN26,1996,-1.0,2.7316893319625524,0.3432708833016031,6.828676587318905e-13,-1.9990804345595794,1.3267132962948642,0.75,0.5714285714285714,21,16
1979,4,ZSCAN26,1979,-1.0,2.7316893319625524,0.27616764563253543,1.1055594594583767e-08,-8.352195453223421,14.01303233786594,0.75,0.5714285714285714,21,16
1982,4,ZSCAN26,1982,-1.0,2.7316893319625524,0.2784288855601372,8.292680724105366e-09,-13.525247681328848,30.914630432233572,0.75,0.5714285714285714,21,16
1987,4,ZSCAN26,1987,-1.0,2.7316893319625524,0.17772414005955395,0.00027885550914739015,-5.071504981298968,6.100045220976821,0.75,0.5714285714285714,21,16
1981,4,ZSCAN26,1981,-1.0,2.7316893319625524,0.5585190747197655,2.485785023100122e-35,-7.143573525161633,10.699968247129691,0.75,0.5714285714285714,21,16
1993,4,ZSCAN26,1993,-1.0,2.7316893319625524,0.44530504373531604,1.4731839267913337e-21,-4.119702454791165,4.253744333102222,0.75,0.5714285714285714,21,16
1977,4,ZSCAN26,1977,-1.0,2.7316893319625524,0.5170880384365127,1.1037147072105052e-29,-10.123817574527402,18.776281970514564,0.75,0.5714285714285714,21,16
1983,4,ZSCAN26,1983,-1.0,2.7316893319625524,0.17849310707404842,0.000262065945486705,-17.95334160980486,45.20905469350842,0.75,0.5714285714285714,21,16
1994,4,ZSCAN26,1994,-1.0,2.7316893319625524,0.5245179475666643,1.2209000357751978e-30,-4.166699106404869,4.3096484111210955,0.75,0.5714285714285714,21,16
1988,4,ZSCAN26,1988,-1.0,2.7316893319625524,0.3514579213791687,1.7611081418184903e-13,-9.648753981687387,16.145779418656893,0.75,0.5714285714285714,21,16
1984,4,ZSCAN26,1984,-1.0,2.7316893319625524,-0.25813235043553523,9.991474623256015e-08,2.895102608223759,2.3644357803686376,0.75,0.5714285714285714,21,16
1976,4,ZSCAN26,1976,-1.0,2.7316893319625524,0.37235194066084326,4.617559067119236e-15,-3.6870836294055147,3.5326834887100618,0.75,0.5714285714285714,21,16
2500,4,ETS2,2500,-1.0,5.1218854551711805,-0.21131093486484098,1.453656799848686e-05,3.972304465973304,3.979692960831895,0.6666666666666666,0.6666666666666666,6,6
2503,4,ETS2,2503,-1.0,5.1218854551711805,-0.06922013773591049,0.15976874445214925,5.915930123201901,7.8390912640476085,0.6666666666666666,0.6666666666666666,6,6
2499,4,ETS2,2499,-1.0,5.1218854551711805,0.1778481015334102,0.0002760827212458417,-4.148343044000218,4.304119583725699,0.6666666666666666,0.6666666666666666,6,6
2502,4,ETS2,2502,-1.0,5.1218854551711805,-0.27139064733510315,2.0123624408094834e-08,2.159289848798001,1.4917507204164548,0.6666666666666666,0.6666666666666666,6,6
3321,4,TERF1,3321,-1.0,3.1654266029579743,0.23119753463797288,1.9891975818087817e-06,-18.842119833129075,48.82540119577924,0.8,0.5714285714285714,7,5
3323,4,TERF1,3323,-1.0,3.1654266029579743,0.3888958085209562,2.1300482183986214e-16,-11.308439914309574,24.29554586866473,0.8,0.5714285714285714,7,5
3324,4,TERF1,3324,-1.0,3.1654266029579743,0.20239467185512236,3.343903736572311e-05,-3.4180920505218326,3.084970731060288,0.8,0.5714285714285714,7,5
3318,4,TERF1,3318,-1.0,3.1654266029579743,0.4924423665818131,1.1260019062938395e-26,-4.663283921180713,5.235973623068857,0.8,0.5714285714285714,7,5
8917,4,MAFF,8917,-1.0,47.212214761927385,-0.32477982252200716,1.2633220686234421e-11,16.640132288881766,38.08785307128388,1.0,0.875,8,7
8919,4,MAFF,8919,-1.0,47.212214761927385,0.33843266528584076,1.493246430649845e-12,-17.00377369632953,40.82706121021482,1.0,0.875,8,7
8918,4,MAFF,8918,-1.0,47.212214761927385,-0.3262228828991089,1.0131231067691553e-11,14.294475268905558,28.323563965602805,1.0,0.875,8,7
8921,4,MAFF,8921,-1.0,47.212214761927385,0.3595384168530106,4.44531999172736e-14,-9.162692250103506,16.00068663276336,1.0,0.875,8,7
8924,4,MAFF,8924,-1.0,47.212214761927385,0.20170501989006664,3.561151109479129e-05,-10.206722813479148,18.875650313733516,1.0,0.875,8,7
8920,4,MAFF,8920,-1.0,47.212214761927385,-0.28535449303266336,3.381580919185597e-09,21.44470930963631,51.62267781708679,1.0,0.875,8,7
8923,4,MAFF,8923,-1.0,47.212214761927385,-0.24117195172943592,6.842790898119264e-07,5.38861448465079,6.645910385993953,1.0,0.875,8,7
7597,4,PRRX1,7597,1.0,13.731813707766033,0.5289201864833796,3.2278642786472066e-31,11.82023527295079,24.657192014387913,1.0,0.96,25,24
7581,4,PRRX1,7581,1.0,13.731813707766033,0.46844017823055567,5.702304974320899e-24,16.163392827231693,34.0568920299567,1.0,0.96,25,24
7582,4,PRRX1,7582,1.0,13.731813707766033,0.33243465492668645,3.865725184032735e-12,18.389035081225895,43.55822769650002,1.0,0.96,25,24
7584,4,PRRX1,7584,1.0,13.731813707766033,-0.35477241104643864,1.0060144017879681e-13,-10.533058753614846,20.083361823099718,1.0,0.96,25,24
7583,4,PRRX1,7583,1.0,13.731813707766033,0.4099690899612769,3.2644324028487955e-18,4.39808633349474,4.729944814728165,1.0,0.96,25,24
7602,4,PRRX1,7602,1.0,13.731813707766033,-0.325413328226053,1.1468259740195106e-11,-7.468748267144585,11.494671695099155,1.0,0.96,25,24
7588,4,PRRX1,7588,1.0,13.731813707766033,-0.42030642836637633,3.762644818243612e-19,-14.978222198683882,35.13254394466133,1.0,0.96,25,24
7586,4,PRRX1,7586,1.0,13.731813707766033,0.5953330957264156,4.646054721940198e-41,12.777449834563269,24.464137150910904,1.0,0.96,25,24
7603,4,PRRX1,7603,1.0,13.731813707766033,-0.41810860665527677,5.993962637945739e-19,-13.566112889230359,31.74801029317056,1.0,0.96,25,24
7587,4,PRRX1,7587,1.0,13.731813707766033,0.6793104833271396,2.4625828966428554e-57,20.14931001053549,48.343711873842864,1.0,0.96,25,24
7585,4,PRRX1,7585,1.0,13.731813707766033,0.19724798763429338,5.3215194244277426e-05,7.390015111959793,11.42735737494143,1.0,0.96,25,24
7589,4,PRRX1,7589,1.0,13.731813707766033,0.7140795628032712,8.637162502079348e-66,5.36411450322768,6.51472734334743,1.0,0.96,25,24
7593,4,PRRX1,7593,1.0,13.731813707766033,0.4672962827201003,7.580333995814121e-24,17.868498467276876,40.966058379034855,1.0,0.96,25,24
7599,4,PRRX1,7599,1.0,13.731813707766033,0.48360863181116936,1.1798253830046663e-25,2.358955126030793,1.7051877445707562,1.0,0.96,25,24
7598,4,PRRX1,7598,1.0,13.731813707766033,0.431198633887059,3.5574971999953305e-20,5.994571119964917,7.857573862457568,1.0,0.96,25,24
7592,4,PRRX1,7592,1.0,13.731813707766033,-0.31001284853066335,1.131089364332858e-10,-17.102657811304987,43.32783193732893,1.0,0.96,25,24
7580,4,PRRX1,7580,1.0,13.731813707766033,0.8979159505693055,6.473254497277521e-149,8.27218364090991,13.512524712919479,1.0,0.96,25,24
7595,4,PRRX1,7595,1.0,13.731813707766033,-0.16648558651914747,0.0006713899085059616,-4.396948249049136,4.743561790127874,1.0,0.96,25,24
7591,4,PRRX1,7591,1.0,13.731813707766033,0.6839538805818073,2.1410690096420432e-58,23.19962583344359,58.786276559569764,1.0,0.96,25,24
7596,4,PRRX1,7596,1.0,13.731813707766033,0.4459857325924395,1.2585796848624423e-21,13.621173558116416,30.567273881815467,1.0,0.96,25,24
7600,4,PRRX1,7600,1.0,13.731813707766033,-0.21924413096115383,6.72014375150046e-06,-9.887038290647233,18.091745615733277,1.0,0.96,25,24
7594,4,PRRX1,7594,1.0,13.731813707766033,0.5979484629749655,1.7047673575532205e-41,4.145801587129666,4.220005564008617,1.0,0.96,25,24
7590,4,PRRX1,7590,1.0,13.731813707766033,0.7785885726292897,2.1330455109455598e-85,8.864956454093868,14.493216433531444,1.0,0.96,25,24
7604,4,PRRX1,7604,1.0,13.731813707766033,-0.553410779659326,1.364309806151806e-34,-14.502943590100902,35.20194672742254,1.0,0.96,25,24
2725,4,ZNF148,2725,-1.0,2.0928258852309995,-0.20551366430032164,2.5087963829277503e-05,7.316626359281649,10.919549450001599,0.6363636363636364,0.56,25,22
2713,4,ZNF148,2713,-1.0,2.0928258852309995,-0.36292647165142305,2.4667079550348504e-14,16.635173722531775,38.59624983685206,0.6363636363636364,0.56,25,22
2708,4,ZNF148,2708,-1.0,2.0928258852309995,0.32010513894719844,2.5617928842515414e-11,-17.535874374597924,42.635993869619355,0.6363636363636364,0.56,25,22
2701,4,ZNF148,2701,-1.0,2.0928258852309995,0.8141628097821332,2.579978680763094e-99,-3.07936923616691,2.62496510223856,0.6363636363636364,0.56,25,22
2702,4,ZNF148,2702,-1.0,2.0928258852309995,-0.46344028604152376,1.9635940779434015e-23,4.190769708778699,4.3488095981260155,0.6363636363636364,0.56,25,22
2716,4,ZNF148,2716,-1.0,2.0928258852309995,0.35767020075247835,6.13269035009944e-14,-4.785953913050681,5.454795742377796,0.6363636363636364,0.56,25,22
2718,4,ZNF148,2718,-1.0,2.0928258852309995,-0.24054149009978226,7.330503558249111e-07,8.028283657120307,12.512841605650694,0.6363636363636364,0.56,25,22
2715,4,ZNF148,2715,-1.0,2.0928258852309995,-0.4132967706175793,1.6417019867452743e-18,4.0709551705133435,4.128620781825463,0.6363636363636364,0.56,25,22
2723,4,ZNF148,2723,-1.0,2.0928258852309995,-0.4912384351597357,1.5571931721468436e-26,2.8674180993249503,2.331499359433596,0.6363636363636364,0.56,25,22
2705,4,ZNF148,2705,-1.0,2.0928258852309995,0.4030294459234982,1.3356644619513981e-17,-13.541804192419953,31.31580153511017,0.6363636363636364,0.56,25,22
2709,4,ZNF148,2709,-1.0,2.0928258852309995,0.5926612439863677,1.2817659005425034e-40,-12.808547137074294,27.18685759740932,0.6363636363636364,0.56,25,22
2706,4,ZNF148,2706,-1.0,2.0928258852309995,0.5601679483488222,1.4257373161819158e-35,-9.859760775162894,18.085705089518946,0.6363636363636364,0.56,25,22
2710,4,ZNF148,2710,-1.0,2.0928258852309995,0.6866855991182331,4.980670953653721e-59,-2.6999249087136015,2.1257242005894197,0.6363636363636364,0.56,25,22
2720,4,ZNF148,2720,-1.0,2.0928258852309995,-0.26253205262359053,5.9278787875487966e-08,15.017518669416738,33.125534254398275,0.6363636363636364,0.56,25,22
3083,4,E2F7,3083,1.0,11.792862889378833,0.4265310531524985,9.877686790486121e-20,8.3079959628706,13.156724688806818,1.0,0.8461538461538461,13,11
3078,4,E2F7,3078,1.0,11.792862889378833,0.3359050688489298,2.2351559269300067e-12,21.624066321064042,60.0160040173463,1.0,0.8461538461538461,13,11
3075,4,E2F7,3075,1.0,11.792862889378833,0.6171951306647794,7.953016740183163e-45,3.835098115371022,3.7906495350435496,1.0,0.8461538461538461,13,11
3084,4,E2F7,3084,1.0,11.792862889378833,-0.33263996083290953,3.7431646886240955e-12,-12.783174242255352,29.37044457525342,1.0,0.8461538461538461,13,11
3081,4,E2F7,3081,1.0,11.792862889378833,0.48136295048601613,2.120787075860856e-25,5.944900673775485,7.943226703980939,1.0,0.8461538461538461,13,11
3074,4,E2F7,3074,1.0,11.792862889378833,0.7457328630238399,1.1429402336937342e-74,5.532466923488943,7.0312203346718976,1.0,0.8461538461538461,13,11
3082,4,E2F7,3082,1.0,11.792862889378833,0.5637695957004141,4.187690597102434e-36,2.821596564317062,2.2820493754781364,1.0,0.8461538461538461,13,11
3080,4,E2F7,3080,1.0,11.792862889378833,0.31896039786052305,3.0403568279991103e-11,5.27658002687706,6.430874979173847,1.0,0.8461538461538461,13,11
3073,4,E2F7,3073,1.0,11.792862889378833,0.7754437055517576,2.717725825162041e-84,4.278502075126755,4.549628571975898,1.0,0.8461538461538461,13,11
3076,4,E2F7,3076,1.0,11.792862889378833,0.26778122068228705,3.140048945465933e-08,21.606269222079135,54.9223789886245,1.0,0.8461538461538461,13,11
3077,4,E2F7,3077,1.0,11.792862889378833,0.7072489980978763,4.959483844934036e-64,11.127349373377191,22.1271479522497,1.0,0.8461538461538461,13,11
7676,4,FOXP1,7676,-1.0,16.720486957303823,0.22826575276788807,2.697896418670204e-06,-14.450873054650007,34.76047481979486,0.875,0.84,25,24
7673,4,FOXP1,7673,-1.0,16.720486957303823,-0.20457152327596526,2.737535317505603e-05,7.4746380105533685,11.774528783002522,0.875,0.84,25,24
7681,4,FOXP1,7681,-1.0,16.720486957303823,0.2550925039245307,1.425162030245441e-07,-7.840494201272964,12.269943278018903,0.875,0.84,25,24
7679,4,FOXP1,7679,-1.0,16.720486957303823,0.34096465871909587,9.93213921098983e-13,-14.120609854007425,31.36249299830541,0.875,0.84,25,24
7672,4,FOXP1,7672,-1.0,16.720486957303823,-0.252106097830632,2.011292031647132e-07,5.7579914069201825,7.544744924539895,0.875,0.84,25,24
7687,4,FOXP1,7687,-1.0,16.720486957303823,-0.205931040722528,2.4133619898371757e-05,20.26042451888145,53.67168416361536,0.875,0.84,25,24
7685,4,FOXP1,7685,-1.0,16.720486957303823,-0.3292782880125619,6.32460088631135e-12,6.695794822829131,9.554553929543538,0.875,0.84,25,24
7675,4,FOXP1,7675,-1.0,16.720486957303823,0.27345622092539024,1.5554074790390334e-08,-28.312947648959362,93.19739760916798,0.875,0.84,25,24
7684,4,FOXP1,7684,-1.0,16.720486957303823,-0.20698547426890423,2.1873569958875935e-05,5.728415474157936,7.089383634617991,0.875,0.84,25,24
7674,4,FOXP1,7674,-1.0,16.720486957303823,-0.2962656394606746,7.823893420026708e-10,14.909621614813345,32.49197103708335,0.875,0.84,25,24
7686,4,FOXP1,7686,-1.0,16.720486957303823,0.23569955154865174,1.2360372855005363e-06,-7.170671431969241,10.981522087638911,0.875,0.84,25,24
7693,4,FOXP1,7693,-1.0,16.720486957303823,0.3262413164607054,1.0102631851850928e-11,-18.14322727890041,49.919673054996856,0.875,0.84,25,24
7678,4,FOXP1,7678,-1.0,16.720486957303823,0.2760717572891841,1.1190589789168635e-08,-18.00681951742673,44.5731841369091,0.875,0.84,25,24
7690,4,FOXP1,7690,-1.0,16.720486957303823,-0.22838058201856803,2.6660880468335145e-06,2.3968113416165475,1.7545177140810362,0.875,0.84,25,24
7688,4,FOXP1,7688,-1.0,16.720486957303823,0.23696842322442738,1.0790422060647237e-06,-17.730982522370727,48.12279780314658,0.875,0.84,25,24
7692,4,FOXP1,7692,-1.0,16.720486957303823,-0.31187852790253556,8.631707744935624e-11,6.4461189436492745,9.097366243630855,0.875,0.84,25,24
7671,4,FOXP1,7671,-1.0,16.720486957303823,-0.24451705125587098,4.7337573388004945e-07,14.752115348913392,30.063181363051996,0.875,0.84,25,24
7677,4,FOXP1,7677,-1.0,16.720486957303823,-0.27907659694467946,7.63331903102847e-09,17.635839381076657,41.02168346269687,0.875,0.84,25,24
7670,4,FOXP1,7670,-1.0,16.720486957303823,-0.347135673972868,3.619452048628194e-13,13.778755469459304,30.79008025078244,0.875,0.84,25,24
7689,4,FOXP1,7689,-1.0,16.720486957303823,-0.3082687630192314,1.453792342386622e-10,7.156420399000167,10.89727517489529,0.875,0.84,25,24
7683,4,FOXP1,7683,-1.0,16.720486957303823,-0.27341766264975687,1.5629349363589947e-08,3.3914864900796795,3.059981033374619,0.875,0.84,25,24
8517,4,IRF5,8517,-1.0,9.001602130180256,-0.2705274831296975,2.239619965501553e-08,11.808416614501175,23.73472737718359,1.0,0.9090909090909091,22,20
8508,4,IRF5,8508,-1.0,9.001602130180256,-0.31795399304344446,3.532288401433343e-11,24.787682591748638,69.63887661602188,1.0,0.9090909090909091,22,20
8528,4,IRF5,8528,-1.0,9.001602130180256,0.2072550439678495,2.132885758170884e-05,-5.838875295437841,7.5686824682236225,1.0,0.9090909090909091,22,20
8516,4,IRF5,8516,-1.0,9.001602130180256,0.26219974116911904,6.168356849547741e-08,-2.854171203049055,2.313875224332709,1.0,0.9090909090909091,22,20
8518,4,IRF5,8518,-1.0,9.001602130180256,-0.034459175791491055,0.48440938495413666,2.873657778507926,2.333305150012623,1.0,0.9090909090909091,22,20
8515,4,IRF5,8515,-1.0,9.001602130180256,0.28286579310187376,4.681081057144648e-09,-5.142748817399147,6.17941671252926,1.0,0.9090909090909091,22,20
8529,4,IRF5,8529,-1.0,9.001602130180256,0.25350806320344016,1.7118899349325607e-07,-10.111047988878463,18.6728898581031,1.0,0.9090909090909091,22,20
8526,4,IRF5,8526,-1.0,9.001602130180256,-0.21840075323929684,7.304592626089862e-06,10.27987435552271,19.302361094818256,1.0,0.9090909090909091,22,20
8527,4,IRF5,8527,-1.0,9.001602130180256,-0.2251058344336394,3.7300842324312262e-06,13.744241252712051,29.915441517096266,1.0,0.9090909090909091,22,20
8514,4,IRF5,8514,-1.0,9.001602130180256,-0.18845331848501493,0.00011456104159809466,10.858685618366792,21.358496225360227,1.0,0.9090909090909091,22,20
8511,4,IRF5,8511,-1.0,9.001602130180256,-0.2391060399086609,8.568504709459591e-07,20.82304762918217,52.27479936743208,1.0,0.9090909090909091,22,20
8519,4,IRF5,8519,-1.0,9.001602130180256,0.13345534998188355,0.006540466694330581,-13.35319115472363,30.617942664565568,1.0,0.9090909090909091,22,20
8520,4,IRF5,8520,-1.0,9.001602130180256,0.36282720100319166,2.5098948694229882e-14,-15.65013807743376,32.87005113001436,1.0,0.9090909090909091,22,20
8509,4,IRF5,8509,-1.0,9.001602130180256,0.4133686445962818,1.617372145365956e-18,-17.935467541565544,48.263932040244526,1.0,0.9090909090909091,22,20
8512,4,IRF5,8512,-1.0,9.001602130180256,-0.3072527186332445,1.6814159885735653e-10,15.436845407918172,32.2266673371352,1.0,0.9090909090909091,22,20
8523,4,IRF5,8523,-1.0,9.001602130180256,-0.2348784970390035,1.34905049407214e-06,10.855537830309267,20.609920086526568,1.0,0.9090909090909091,22,20
8513,4,IRF5,8513,-1.0,9.001602130180256,0.24125008297216663,6.784565577105908e-07,-15.568524216768582,35.37765063104204,1.0,0.9090909090909091,22,20
8524,4,IRF5,8524,-1.0,9.001602130180256,-0.1781638396939691,0.0002691361042390812,3.3162933223347113,2.9655319434259355,1.0,0.9090909090909091,22,20
8510,4,IRF5,8510,-1.0,9.001602130180256,-0.2656058912986402,4.0928237648692355e-08,10.799392523958016,20.182847434489478,1.0,0.9090909090909091,22,20
8521,4,IRF5,8521,-1.0,9.001602130180256,-0.28154348100899235,5.5567315117279075e-09,8.573081606260411,14.209794254655566,1.0,0.9090909090909091,22,20
2640,4,NFE2L1,2640,1.0,20.846247427574088,0.4373611933786309,9.014741413677813e-21,19.929521833880024,50.077908837042884,0.9411764705882353,0.8888888888888888,18,17
2642,4,NFE2L1,2642,1.0,20.846247427574088,0.21016078209035743,1.621838774113954e-05,10.724943342361925,19.63568420667539,0.9411764705882353,0.8888888888888888,18,17
2646,4,NFE2L1,2646,1.0,20.846247427574088,0.4644531172378746,1.531029377370826e-23,6.671429448035808,9.536837763457159,0.9411764705882353,0.8888888888888888,18,17
2643,4,NFE2L1,2643,1.0,20.846247427574088,0.4787039515045127,4.223067891654108e-25,9.902295998739653,17.791569973108007,0.9411764705882353,0.8888888888888888,18,17
2647,4,NFE2L1,2647,1.0,20.846247427574088,0.4134283422774159,1.5974340410583424e-18,4.090453435720779,4.246622832260851,0.9411764705882353,0.8888888888888888,18,17
2648,4,NFE2L1,2648,1.0,20.846247427574088,0.4632178994956561,2.0736333171118403e-23,9.914159636774995,18.580262643169174,0.9411764705882353,0.8888888888888888,18,17
2636,4,NFE2L1,2636,1.0,20.846247427574088,0.524803075868058,1.12076451422156e-30,14.596104008729357,30.322859629919304,0.9411764705882353,0.8888888888888888,18,17
2638,4,NFE2L1,2638,1.0,20.846247427574088,0.4020365703259401,1.6295892562812456e-17,15.057155574633427,34.61627950786009,0.9411764705882353,0.8888888888888888,18,17
2641,4,NFE2L1,2641,1.0,20.846247427574088,0.33293236108979557,3.5751411721273923e-12,8.82600840446232,14.856451800879581,0.9411764705882353,0.8888888888888888,18,17
2645,4,NFE2L1,2645,1.0,20.846247427574088,0.443238793684053,2.3706933809120813e-21,4.39090232593173,4.7712615176892195,0.9411764705882353,0.8888888888888888,18,17
2637,4,NFE2L1,2637,1.0,20.846247427574088,0.39575157139770795,5.651989430664267e-17,8.057539570872894,13.276980716252869,0.9411764705882353,0.8888888888888888,18,17
2639,4,NFE2L1,2639,1.0,20.846247427574088,0.3761084975759444,2.3317652519562998e-15,11.258809853465397,20.264767718538494,0.9411764705882353,0.8888888888888888,18,17
2635,4,NFE2L1,2635,1.0,20.846247427574088,0.2637550940682406,5.118386530238158e-08,8.957143733983804,15.459499340071522,0.9411764705882353,0.8888888888888888,18,17
2649,4,NFE2L1,2649,1.0,20.846247427574088,0.3348284812055887,2.6511638383351584e-12,3.6858000659115517,3.528086393425782,0.9411764705882353,0.8888888888888888,18,17
2651,4,NFE2L1,2651,1.0,20.846247427574088,0.3394050779388742,1.2773542044974153e-12,16.52844711177614,35.968774669934994,0.9411764705882353,0.8888888888888888,18,17
2644,4,NFE2L1,2644,1.0,20.846247427574088,0.2638437104560996,5.0640771484700595e-08,10.73637434195168,19.408077220272638,0.9411764705882353,0.8888888888888888,18,17
491,4,KLF12,491,1.0,10.691409073613608,0.3866775238653319,3.250579778353508e-16,14.352638101386942,29.97966726846097,1.0,0.8888888888888888,18,16
498,4,KLF12,498,1.0,10.691409073613608,-0.26020773270997455,7.819807721576827e-08,-2.4235741733489133,1.783478549983261,1.0,0.8888888888888888,18,16
500,4,KLF12,500,1.0,10.691409073613608,0.3396247586408378,1.232982666218464e-12,12.043749959605236,24.05398030805248,1.0,0.8888888888888888,18,16
486,4,KLF12,486,1.0,10.691409073613608,0.23321372657701023,1.6093327992206056e-06,13.426292305945768,28.128305593064777,1.0,0.8888888888888888,18,16
484,4,KLF12,484,1.0,10.691409073613608,0.44237765886157543,2.8878212358151193e-21,11.093835773363818,21.74930561190197,1.0,0.8888888888888888,18,16
490,4,KLF12,490,1.0,10.691409073613608,0.6969309388305935,1.8126892425463585e-61,4.684028776685375,5.223806508808197,1.0,0.8888888888888888,18,16
488,4,KLF12,488,1.0,10.691409073613608,-0.3822353737510311,7.505954017297552e-16,-17.178992616518336,43.38645181422226,1.0,0.8888888888888888,18,16
485,4,KLF12,485,1.0,10.691409073613608,0.39458873497992397,7.093803671277111e-17,12.027295021691645,22.66261038831042,1.0,0.8888888888888888,18,16
497,4,KLF12,497,1.0,10.691409073613608,0.38937474289198065,1.9434487601936885e-16,7.420020551024996,11.469331855302636,1.0,0.8888888888888888,18,16
493,4,KLF12,493,1.0,10.691409073613608,-0.2551165182891795,1.4211945069730547e-07,-2.8894292540425153,2.358875032784824,1.0,0.8888888888888888,18,16
487,4,KLF12,487,1.0,10.691409073613608,0.2866962533786055,2.8340118858147653e-09,20.45431882813473,50.41029101349109,1.0,0.8888888888888888,18,16
494,4,KLF12,494,1.0,10.691409073613608,-0.38697432111856206,3.072417580339484e-16,-26.88339429528276,80.96013496191709,1.0,0.8888888888888888,18,16
496,4,KLF12,496,1.0,10.691409073613608,-0.43142000574146255,3.387962411152348e-20,-7.565066326316705,11.699679098510398,1.0,0.8888888888888888,18,16
495,4,KLF12,495,1.0,10.691409073613608,-0.3030082642391865,3.068738782867185e-10,-12.135831128301483,22.845871800938646,1.0,0.8888888888888888,18,16
489,4,KLF12,489,1.0,10.691409073613608,0.23770982445414884,9.96357899673918e-07,3.004652056006403,2.4972518720054793,1.0,0.8888888888888888,18,16
492,4,KLF12,492,1.0,10.691409073613608,-0.26058198474495947,7.480055046603429e-08,-12.598955103152562,24.71970396375363,1.0,0.8888888888888888,18,16
4562,4,FOXD3,4562,1.0,9.699275803395395,0.24353346065726145,5.278395735414091e-07,12.842789764388398,28.909667856923242,0.9090909090909091,0.8,25,22
4555,4,FOXD3,4555,1.0,9.699275803395395,0.5747793449587456,9.004146954596168e-38,2.890630941684036,2.353175577095074,0.9090909090909091,0.8,25,22
4551,4,FOXD3,4551,1.0,9.699275803395395,-0.21528256221958725,9.914484062703965e-06,-17.470462162105303,44.87148690317377,0.9090909090909091,0.8,25,22
4550,4,FOXD3,4550,1.0,9.699275803395395,0.4624419026018652,2.5074155077999223e-23,22.28296859054703,58.24358012864735,0.9090909090909091,0.8,25,22
4560,4,FOXD3,4560,1.0,9.699275803395395,-0.3630124100293128,2.429909881336581e-14,-27.91098064190561,93.4740284140343,0.9090909090909091,0.8,25,22
4547,4,FOXD3,4547,1.0,9.699275803395395,0.46517245355872977,1.2823657141748957e-23,8.374069310351466,13.783163587959502,0.9090909090909091,0.8,25,22
4557,4,FOXD3,4557,1.0,9.699275803395395,-0.38383895758854847,5.557021433407904e-16,-15.145339306472865,37.65229016226537,0.9090909090909091,0.8,25,22
4561,4,FOXD3,4561,1.0,9.699275803395395,0.47967528552773736,3.285931042907606e-25,5.802358511499328,7.4375093099247245,0.9090909090909091,0.8,25,22
4552,4,FOXD3,4552,1.0,9.699275803395395,0.20555235551109705,2.4998012985426818e-05,2.693194674538072,2.1194920159981536,0.9090909090909091,0.8,25,22
4548,4,FOXD3,4548,1.0,9.699275803395395,0.38282916893280233,6.716495793463152e-16,10.636379305390355,18.740923961648033,0.9090909090909091,0.8,25,22
4553,4,FOXD3,4553,1.0,9.699275803395395,0.5381827493606469,1.8418247806986532e-32,7.105617510303926,10.62067764906565,0.9090909090909091,0.8,25,22
4563,4,FOXD3,4563,1.0,9.699275803395395,0.38115958299552943,9.174769946558387e-16,11.466820439105463,23.306079182363952,0.9090909090909091,0.8,25,22
4556,4,FOXD3,4556,1.0,9.699275803395395,0.4770525827470306,6.457890245211336e-25,17.5504739181398,38.52730369735346,0.9090909090909091,0.8,25,22
4568,4,FOXD3,4568,1.0,9.699275803395395,-0.1616232860636114,0.0009657183080632731,-5.143375821472471,6.215238669808141,0.9090909090909091,0.8,25,22
4569,4,FOXD3,4569,1.0,9.699275803395395,0.2709943883778553,2.1137756596457476e-08,12.403339005857795,26.217320813474448,0.9090909090909091,0.8,25,22
4549,4,FOXD3,4549,1.0,9.699275803395395,0.24048589101697715,7.37507977006369e-07,7.199816085580982,11.019204875430265,0.9090909090909091,0.8,25,22
4565,4,FOXD3,4565,1.0,9.699275803395395,-0.2725344878106328,1.745326408915679e-08,-13.342673644723012,31.52784135073318,0.9090909090909091,0.8,25,22
4554,4,FOXD3,4554,1.0,9.699275803395395,0.4721618053444804,2.2416307704303284e-24,8.821484729284553,14.436732634837485,0.9090909090909091,0.8,25,22
4570,4,FOXD3,4570,1.0,9.699275803395395,-0.4130048481959192,1.7442755082241542e-18,-17.554134200092392,48.03983470685216,0.9090909090909091,0.8,25,22
4564,4,FOXD3,4564,1.0,9.699275803395395,0.31330006800174076,7.01602194936801e-11,2.9484943338700496,2.4201354547519043,0.9090909090909091,0.8,25,22
4734,4,MEOX2,4734,1.0,13.47868457247014,0.2211128547790286,5.579850338030237e-06,2.7479127813316615,2.1808844051630736,1.0,0.88,25,22
4717,4,MEOX2,4717,1.0,13.47868457247014,0.739031021569152,1.1099875772985493e-72,9.70974011440267,16.835038222707865,1.0,0.88,25,22
4712,4,MEOX2,4712,1.0,13.47868457247014,0.6006363339332019,6.025437096552262e-42,10.753811135176509,19.128740775759372,1.0,0.88,25,22
4731,4,MEOX2,4731,1.0,13.47868457247014,0.33132968857061723,4.595763375576078e-12,10.386601733569766,19.359126968462633,1.0,0.88,25,22
4724,4,MEOX2,4724,1.0,13.47868457247014,0.6580018156374228,1.0424395614366236e-52,2.78479495374985,2.205550618983898,1.0,0.88,25,22
4718,4,MEOX2,4718,1.0,13.47868457247014,-0.4189667406436286,4.999586144066078e-19,-15.774246448629292,40.1904516376062,1.0,0.88,25,22
4725,4,MEOX2,4725,1.0,13.47868457247014,0.31829726096909033,3.356357393819345e-11,8.933545466321778,14.740783645030064,1.0,0.88,25,22
4726,4,MEOX2,4726,1.0,13.47868457247014,0.37034510694915107,6.627608839187146e-15,18.825973361108897,49.821516522278095,1.0,0.88,25,22
4723,4,MEOX2,4723,1.0,13.47868457247014,-0.2886439023300561,2.189366049607942e-09,-8.678596705354893,14.540309121805537,1.0,0.88,25,22
4735,4,MEOX2,4735,1.0,13.47868457247014,-0.2424258521610781,5.963759974817509e-07,-8.895107580015486,15.396330545260986,1.0,0.88,25,22
4730,4,MEOX2,4730,1.0,13.47868457247014,-0.1968538374782297,5.5115986917584755e-05,-12.936333288092978,26.36289767201292,1.0,0.88,25,22
4713,4,MEOX2,4713,1.0,13.47868457247014,0.3533646659166789,1.2771381358140466e-13,5.2024707798758625,6.289086111416304,1.0,0.88,25,22
4732,4,MEOX2,4732,1.0,13.47868457247014,0.4243605745577355,1.5796417824895597e-19,8.802113356550892,14.8797586628976,1.0,0.88,25,22
4720,4,MEOX2,4720,1.0,13.47868457247014,0.48106589747091993,2.2911037541573453e-25,20.061979102780143,49.61618591331454,1.0,0.88,25,22
4716,4,MEOX2,4716,1.0,13.47868457247014,-0.3300666253443643,5.59582239588103e-12,-16.09269364929238,39.59331542833711,1.0,0.88,25,22
4719,4,MEOX2,4719,1.0,13.47868457247014,-0.29302077372017965,1.2170331484330338e-09,-7.829460297989254,12.424934121479888,1.0,0.88,25,22
4714,4,MEOX2,4714,1.0,13.47868457247014,-0.2880643394047457,2.3646158329028298e-09,-10.094779844206146,18.719269601476327,1.0,0.88,25,22
4711,4,MEOX2,4711,1.0,13.47868457247014,0.7862312757093187,3.678697696736134e-88,7.933531143112622,12.617253245330694,1.0,0.88,25,22
4721,4,MEOX2,4721,1.0,13.47868457247014,0.42719656801131206,8.547486998522637e-20,23.261842570426904,58.127687068732804,1.0,0.88,25,22
4728,4,MEOX2,4728,1.0,13.47868457247014,0.43839998534205415,7.132654255384825e-21,4.949569782876897,5.659447855347209,1.0,0.88,25,22
4715,4,MEOX2,4715,1.0,13.47868457247014,0.6953421423974503,4.398277238454767e-61,3.2354445293740515,2.8213993074103723,1.0,0.88,25,22
4722,4,MEOX2,4722,1.0,13.47868457247014,0.7081644964098235,2.901531809897324e-64,3.0890839684703706,2.6098922183396214,1.0,0.88,25,22
6223,4,SPI1,6223,1.0,19.04510178148755,0.8873065057366005,1.4473562909089342e-140,12.226945804052779,23.208169227462474,1.0,1.0,25,25
6224,4,SPI1,6224,1.0,19.04510178148755,0.4378386057124593,8.095730728456149e-21,2.99638105402943,2.4868121803616843,1.0,1.0,25,25
6237,4,SPI1,6237,1.0,19.04510178148755,0.3262370885796053,1.0109184332743394e-11,4.5416899430279765,4.957093940046176,1.0,1.0,25,25
6235,4,SPI1,6235,1.0,19.04510178148755,-0.33852618601577594,1.4710223773142275e-12,-14.592166729123477,31.05420549975246,1.0,1.0,25,25
6230,4,SPI1,6230,1.0,19.04510178148755,0.26970659773529326,2.4786506747258445e-08,8.321435282951017,13.692958996887228,1.0,1.0,25,25
6229,4,SPI1,6229,1.0,19.04510178148755,0.5341030613664259,6.572914474897421e-32,4.110682722358729,4.188314414506276,1.0,1.0,25,25
6236,4,SPI1,6236,1.0,19.04510178148755,0.2040611334695557,2.869564574541787e-05,3.138724732337622,2.709549784903982,1.0,1.0,25,25
6219,4,SPI1,6219,1.0,19.04510178148755,-0.4553893857353829,1.3784037187080326e-22,-13.685860579192513,31.51235821546238,1.0,1.0,25,25
6233,4,SPI1,6233,1.0,19.04510178148755,-0.5142012412213335,2.5589586553273296e-29,-19.428898114814878,54.70834032698899,1.0,1.0,25,25
6234,4,SPI1,6234,1.0,19.04510178148755,0.5225499534721685,2.199103633697807e-30,16.332427871063945,39.02044155156827,1.0,1.0,25,25
6222,4,SPI1,6222,1.0,19.04510178148755,0.811916790226492,2.3810080113091213e-98,9.122209096925204,15.1221911465898,1.0,1.0,25,25
6217,4,SPI1,6217,1.0,19.04510178148755,-0.3500319416417116,2.2363207015742101e-13,-13.551324173451125,31.989049474625023,1.0,1.0,25,25
6215,4,SPI1,6215,1.0,19.04510178148755,0.7839378569124378,2.5510646872303665e-87,25.007685580840697,69.88588290792457,1.0,1.0,25,25
6221,4,SPI1,6221,1.0,19.04510178148755,-0.3165477997895361,4.351648602086956e-11,-18.501294621667487,49.61680979755308,1.0,1.0,25,25
6231,4,SPI1,6231,1.0,19.04510178148755,0.5888436364681805,5.3757308519840485e-40,16.10758304471461,35.99712784554391,1.0,1.0,25,25
6228,4,SPI1,6228,1.0,19.04510178148755,-0.4703899078786988,3.501375046817371e-24,-15.484455453984724,39.19719363428009,1.0,1.0,25,25
6225,4,SPI1,6225,1.0,19.04510178148755,0.27215809231240157,1.8291702305339135e-08,9.531717135958514,16.38559424753356,1.0,1.0,25,25
6232,4,SPI1,6232,1.0,19.04510178148755,0.7417512137189669,1.7625638897651693e-73,5.943988897763989,7.679687372790667,1.0,1.0,25,25
6226,4,SPI1,6226,1.0,19.04510178148755,-0.5174553567464933,9.911442442009083e-30,-16.6532811328301,39.961989294201246,1.0,1.0,25,25
6220,4,SPI1,6220,1.0,19.04510178148755,0.2922104250246591,1.357830304415112e-09,15.403168067882055,35.28290625071528,1.0,1.0,25,25
6213,4,SPI1,6213,1.0,19.04510178148755,0.718375597346751,6.357764549708321e-67,8.53252162664431,14.15580184894858,1.0,1.0,25,25
6216,4,SPI1,6216,1.0,19.04510178148755,0.4441530306931485,1.92144800733601e-21,15.644825938865788,32.6335204803119,1.0,1.0,25,25
6214,4,SPI1,6214,1.0,19.04510178148755,0.9604524001892399,6.979256051604614e-231,10.666252216326912,18.75052840511643,1.0,1.0,25,25
6218,4,SPI1,6218,1.0,19.04510178148755,-0.472287719146932,2.171492131666225e-24,-10.679536604782843,20.666953074020523,1.0,1.0,25,25
6227,4,SPI1,6227,1.0,19.04510178148755,-0.24212136470928458,6.166666186748824e-07,-4.081980002016978,4.20552519884806,1.0,1.0,25,25
4207,4,ZSCAN16,4207,-1.0,43.645407686921345,-0.3507494976220283,1.9833229890979545e-13,8.878750024422038,15.284326131475027,1.0,1.0,14,14
4217,4,ZSCAN16,4217,-1.0,43.645407686921345,-0.47036115828721775,3.5267263759197524e-24,8.660523687854472,15.241542099983649,1.0,1.0,14,14
4209,4,ZSCAN16,4209,-1.0,43.645407686921345,-0.45032793559753287,4.5715471089159295e-22,10.543780766074637,18.079549606312124,1.0,1.0,14,14
4215,4,ZSCAN16,4215,-1.0,43.645407686921345,-0.06012900956388984,0.22214277304997357,5.589073332822587,7.109467677676405,1.0,1.0,14,14
4219,4,ZSCAN16,4219,-1.0,43.645407686921345,0.27321675373987797,1.6027308954026835e-08,-10.149249291586043,19.557076547868512,1.0,1.0,14,14
4214,4,ZSCAN16,4214,-1.0,43.645407686921345,0.3257537572122367,1.088625545537576e-11,-14.679036854784343,32.04182674567444,1.0,1.0,14,14
4216,4,ZSCAN16,4216,-1.0,43.645407686921345,0.4324377412798896,2.705486209719079e-20,-17.60222699363181,41.36561841736115,1.0,1.0,14,14
4210,4,ZSCAN16,4210,-1.0,43.645407686921345,0.38174291016048617,8.229214838640928e-16,-10.690262968746643,20.852877729568338,1.0,1.0,14,14
4208,4,ZSCAN16,4208,-1.0,43.645407686921345,-0.3301915103301934,5.488163545703795e-12,10.478342510770958,18.400995607610202,1.0,1.0,14,14
4212,4,ZSCAN16,4212,-1.0,43.645407686921345,-0.5181622584664376,8.054980144649322e-30,20.87739298943835,51.34582694256544,1.0,1.0,14,14
4211,4,ZSCAN16,4211,-1.0,43.645407686921345,0.5950718126744265,5.132927556061106e-41,-12.382751909121811,27.398471065226282,1.0,1.0,14,14
4218,4,ZSCAN16,4218,-1.0,43.645407686921345,-0.5096949964295544,9.358786200171861e-29,10.829399130347651,20.571470352781,1.0,1.0,14,14
4220,4,ZSCAN16,4220,-1.0,43.645407686921345,0.04595850503815452,0.350932101326612,-4.180292189090751,4.331181536297643,1.0,1.0,14,14
4213,4,ZSCAN16,4213,-1.0,43.645407686921345,-0.34867157861892883,2.805561376555581e-13,12.524867226933141,23.986130080426836,1.0,1.0,14,14
5615,4,RXRG,5615,1.0,5.777803186748,0.45445481682635885,1.722557333918223e-22,2.075560520552274,1.4006865143723377,0.8333333333333334,0.8333333333333334,12,12
5611,4,RXRG,5611,1.0,5.777803186748,0.40827322857451304,4.6201784338601144e-18,10.139834148805882,17.56862038845086,0.8333333333333334,0.8333333333333334,12,12
5605,4,RXRG,5605,1.0,5.777803186748,0.4146053079359143,1.2502448435224715e-18,10.55091506959794,18.541021941276977,0.8333333333333334,0.8333333333333334,12,12
5607,4,RXRG,5607,1.0,5.777803186748,-0.22317618483929982,4.535689177267611e-06,-13.608257749467612,31.513534907763116,0.8333333333333334,0.8333333333333334,12,12
5612,4,RXRG,5612,1.0,5.777803186748,-0.3482140020678434,3.0271912428621487e-13,-8.804984445806747,14.283575950673908,0.8333333333333334,0.8333333333333334,12,12
5609,4,RXRG,5609,1.0,5.777803186748,-0.18501157182716418,0.0001532278240246732,-7.544514159937441,11.775886971631444,0.8333333333333334,0.8333333333333334,12,12
5604,4,RXRG,5604,1.0,5.777803186748,0.40284785021175656,1.385217421132554e-17,7.377056230010514,11.110418133003181,0.8333333333333334,0.8333333333333334,12,12
5606,4,RXRG,5606,1.0,5.777803186748,0.2773631589195951,9.499385388383798e-09,23.03847951058795,65.55104294239608,0.8333333333333334,0.8333333333333334,12,12
5608,4,RXRG,5608,1.0,5.777803186748,0.39203339561269335,1.1650911714826335e-16,4.757103465276792,5.276012725423755,0.8333333333333334,0.8333333333333334,12,12
5613,4,RXRG,5613,1.0,5.777803186748,-0.18403056225043485,0.0001663130732908858,-3.045387714507451,2.561866444421922,0.8333333333333334,0.8333333333333334,12,12
2265,4,TFCP2,2265,-1.0,11.090898223191079,0.3409802173215444,9.907170339147776e-13,-15.445358369470258,38.66081490156874,0.7894736842105263,0.625,24,19
2275,4,TFCP2,2275,-1.0,11.090898223191079,0.44932525131582235,5.783419310566379e-22,-6.100909703216111,8.175355666181806,0.7894736842105263,0.625,24,19
2276,4,TFCP2,2276,-1.0,11.090898223191079,0.6588487226091438,6.940084161573316e-53,-4.036278368547891,4.130686449936303,0.7894736842105263,0.625,24,19
2257,4,TFCP2,2257,-1.0,11.090898223191079,0.5386859153637396,1.572467464123657e-32,-2.5499801581828296,1.9381224831097819,0.7894736842105263,0.625,24,19
2271,4,TFCP2,2271,-1.0,11.090898223191079,0.34449071155661704,5.594114325545988e-13,-14.68337676083021,33.77399579342281,0.7894736842105263,0.625,24,19
2268,4,TFCP2,2268,-1.0,11.090898223191079,0.30462906473773826,2.4416407051115057e-10,-5.680616426442176,7.354031641977153,0.7894736842105263,0.625,24,19
2269,4,TFCP2,2269,-1.0,11.090898223191079,-0.2805201646675131,6.341401325403214e-09,8.528931029481761,13.662204057220945,0.7894736842105263,0.625,24,19
2267,4,TFCP2,2267,-1.0,11.090898223191079,-0.3443785881498412,5.697805821145367e-13,4.6119772617808446,5.063498733511489,0.7894736842105263,0.625,24,19
2259,4,TFCP2,2259,-1.0,11.090898223191079,0.4983845689104455,2.230210273748016e-27,-9.676769673799317,17.59428363605654,0.7894736842105263,0.625,24,19
2264,4,TFCP2,2264,-1.0,11.090898223191079,-0.2986065326682031,5.668889070998752e-10,22.101331310946783,53.65367991696564,0.7894736842105263,0.625,24,19
2260,4,TFCP2,2260,-1.0,11.090898223191079,0.16941229493191212,0.0005368505267270811,-15.378511212090503,33.4431428749456,0.7894736842105263,0.625,24,19
2280,4,TFCP2,2280,-1.0,11.090898223191079,0.5682306867220436,8.991763351525946e-37,-9.122621013553427,16.071742114859102,0.7894736842105263,0.625,24,19
2266,4,TFCP2,2266,-1.0,11.090898223191079,0.38223520463578714,7.506191344639723e-16,-17.40574596524535,40.84934871658233,0.7894736842105263,0.625,24,19
2263,4,TFCP2,2263,-1.0,11.090898223191079,0.5169698268809526,1.1425634172049296e-29,-3.758269656189686,3.653076091122033,0.7894736842105263,0.625,24,19
2270,4,TFCP2,2270,-1.0,11.090898223191079,-0.28443890310161585,3.8127499689471754e-09,11.80319607673458,23.243706528860706,0.7894736842105263,0.625,24,19
8158,4,ZNF75A,8158,-1.0,6.5511970525838485,0.3183236789668412,3.3431774994356235e-11,-10.145025410967893,18.80581040628861,1.0,1.0,6,6
8161,4,ZNF75A,8161,-1.0,6.5511970525838485,0.1663157948141656,0.0006800813611976209,-10.501917520854297,19.957714157791266,1.0,1.0,6,6
8163,4,ZNF75A,8163,-1.0,6.5511970525838485,0.25320568514715774,1.7725911977995775e-07,-3.910484210185188,3.871358718497404,1.0,1.0,6,6
8160,4,ZNF75A,8160,-1.0,6.5511970525838485,0.35962263624452545,4.381083605193707e-14,-3.026363092465841,2.556725794717754,1.0,1.0,6,6
8162,4,ZNF75A,8162,-1.0,6.5511970525838485,0.22884801655300013,2.540268424352763e-06,-5.736314466368215,7.366072649664742,1.0,1.0,6,6
8159,4,ZNF75A,8159,-1.0,6.5511970525838485,0.36440301684683785,1.9041084767737653e-14,-12.313340924501281,27.25280066264027,1.0,1.0,6,6
7742,4,ETV1,7742,1.0,13.40758379827718,0.15951448704598373,0.0011271426910195448,4.012894617312988,4.049003336845392,0.7647058823529411,0.7222222222222222,18,17
7737,4,ETV1,7737,1.0,13.40758379827718,0.3624524416224748,2.6797118283554817e-14,14.328540511807672,30.74265884684799,0.7647058823529411,0.7222222222222222,18,17
7749,4,ETV1,7749,1.0,13.40758379827718,0.36853822279326803,9.15655943953968e-15,3.994060630395904,3.9608676174623567,0.7647058823529411,0.7222222222222222,18,17
7745,4,ETV1,7745,1.0,13.40758379827718,0.16200741485787343,0.0009387185469399792,10.851048737449657,21.159436070511923,0.7647058823529411,0.7222222222222222,18,17
7743,4,ETV1,7743,1.0,13.40758379827718,0.4940641817718289,7.260702735711238e-27,4.784548885748307,5.344542440474166,0.7647058823529411,0.7222222222222222,18,17
7738,4,ETV1,7738,1.0,13.40758379827718,-0.23421488882152466,1.4475630317088761e-06,-6.802452095423262,9.852253855476805,0.7647058823529411,0.7222222222222222,18,17
7739,4,ETV1,7739,1.0,13.40758379827718,-0.2753714510637561,1.222605818354362e-08,-4.761432959182751,5.4170800644726915,0.7647058823529411,0.7222222222222222,18,17
7740,4,ETV1,7740,1.0,13.40758379827718,0.3043660905333092,2.534143681628776e-10,3.7576707025059175,3.642420563932298,0.7647058823529411,0.7222222222222222,18,17
7744,4,ETV1,7744,1.0,13.40758379827718,-0.3054178182357813,2.1834679233027314e-10,-12.18218645785384,22.854898366825488,0.7647058823529411,0.7222222222222222,18,17
7733,4,ETV1,7733,1.0,13.40758379827718,-0.2830044676019586,4.597410715312838e-09,-7.9689403899867255,13.0653184319534,0.7647058823529411,0.7222222222222222,18,17
7741,4,ETV1,7741,1.0,13.40758379827718,0.4440214590333119,1.980511332590567e-21,11.388988482969877,19.938256681543482,0.7647058823529411,0.7222222222222222,18,17
7747,4,ETV1,7747,1.0,13.40758379827718,-0.13783086869004602,0.004963638646726384,-2.9854603455171222,2.505010711803703,0.7647058823529411,0.7222222222222222,18,17
7736,4,ETV1,7736,1.0,13.40758379827718,0.17279578361873646,0.0004126692079855594,16.150903986745007,37.41183103504789,0.7647058823529411,0.7222222222222222,18,17
7222,4,IRF6,7222,1.0,7.898637920975589,0.4493389496505868,5.76490038340209e-22,11.05590236472209,19.697346705055708,0.42857142857142855,0.42857142857142855,7,7
7223,4,IRF6,7223,1.0,7.898637920975589,0.28631083973751625,2.981810431440164e-09,5.988459281703065,7.955900927536334,0.42857142857142855,0.42857142857142855,7,7
7227,4,IRF6,7227,1.0,7.898637920975589,0.6008068488291518,5.6388487135090586e-42,5.029794959529786,5.748472936645767,0.42857142857142855,0.42857142857142855,7,7
1690,4,BATF3,1690,1.0,11.577182113563147,-0.3477561578031254,3.2660699977022286e-13,-15.434072856022567,38.65015900690867,1.0,0.9285714285714286,14,13
1694,4,BATF3,1694,1.0,11.577182113563147,0.5530114985682282,1.5565922707683125e-34,17.612402031274314,43.61535739744713,1.0,0.9285714285714286,14,13
1687,4,BATF3,1687,1.0,11.577182113563147,0.6844032197851306,1.6862830101963744e-58,8.538746614650837,14.281859249202096,1.0,0.9285714285714286,14,13
1697,4,BATF3,1697,1.0,11.577182113563147,-0.2550143726818,1.4381444442715434e-07,-3.555576832473974,3.336791598805381,1.0,0.9285714285714286,14,13
1699,4,BATF3,1699,1.0,11.577182113563147,0.15588273718095882,0.0014645116671881586,4.221581547802279,4.382898585076812,1.0,0.9285714285714286,14,13
1689,4,BATF3,1689,1.0,11.577182113563147,0.21204438767809422,1.3552070314507224e-05,3.8512332065643426,3.7717702984006425,1.0,0.9285714285714286,14,13
1688,4,BATF3,1688,1.0,11.577182113563147,0.8017928752593277,3.726962632871092e-94,10.709583454550101,18.885561310667708,1.0,0.9285714285714286,14,13
1691,4,BATF3,1691,1.0,11.577182113563147,0.3465655864853244,3.9769435820484744e-13,15.377330401043087,34.19168326752335,1.0,0.9285714285714286,14,13
1692,4,BATF3,1692,1.0,11.577182113563147,-0.37969729216899184,1.2039090959402873e-15,-8.937697227165813,15.481016560274416,1.0,0.9285714285714286,14,13
1698,4,BATF3,1698,1.0,11.577182113563147,0.3967260134336695,4.668854135320627e-17,9.541664002265415,17.071180102391224,1.0,0.9285714285714286,14,13
1693,4,BATF3,1693,1.0,11.577182113563147,0.7257397206469843,6.471135515644376e-69,20.91678020591724,49.175855015541764,1.0,0.9285714285714286,14,13
1695,4,BATF3,1695,1.0,11.577182113563147,-0.38141431924138286,8.749409336120138e-16,-17.247395020629234,42.93050764215014,1.0,0.9285714285714286,14,13
1696,4,BATF3,1696,1.0,11.577182113563147,0.5331448543938889,8.83974868802702e-32,3.8418476255745073,3.7377994272118875,1.0,0.9285714285714286,14,13
8223,4,HOXD9,8223,1.0,3.0805234676322537,-0.17372354984735236,0.0003836216301234424,-2.0912766201827067,1.423220101026084,0.43478260869565216,0.4,25,23
8208,4,HOXD9,8208,1.0,3.0805234676322537,0.1352342732335807,0.005851984176095141,3.167823036487298,2.7581761998520067,0.43478260869565216,0.4,25,23
8222,4,HOXD9,8222,1.0,3.0805234676322537,-0.2025040894179941,3.310610890394744e-05,-3.2061366637331603,2.796181507222767,0.43478260869565216,0.4,25,23
8203,4,HOXD9,8203,1.0,3.0805234676322537,0.16984015649924683,0.0005194247585324849,3.992491311329399,4.002788268420682,0.43478260869565216,0.4,25,23
8219,4,HOXD9,8219,1.0,3.0805234676322537,0.08511595598099315,0.08367363211644264,6.2291976928926625,8.583976603111477,0.43478260869565216,0.4,25,23
8201,4,HOXD9,8201,1.0,3.0805234676322537,-0.2131635923629247,1.2171004257302013e-05,-13.569915384021483,31.84821952043564,0.43478260869565216,0.4,25,23
8221,4,HOXD9,8221,1.0,3.0805234676322537,0.061654429064822304,0.21061347193040827,5.9025163862845895,7.818616175281316,0.43478260869565216,0.4,25,23
8213,4,HOXD9,8213,1.0,3.0805234676322537,-0.22912824051231773,2.46758455979719e-06,-8.234962258123621,13.46249742846261,0.43478260869565216,0.4,25,23
8212,4,HOXD9,8212,1.0,3.0805234676322537,-0.23523837427824787,1.298347360540929e-06,-7.203019293845702,10.705978927738903,0.43478260869565216,0.4,25,23
8215,4,HOXD9,8215,1.0,3.0805234676322537,0.1430962718121671,0.003525046669908706,7.324230942239069,10.891296838842997,0.43478260869565216,0.4,25,23
3961,4,HSF2,3961,1.0,2.741553450094236,0.24011193738000747,7.681725562370847e-07,15.538664628377198,35.294370734754494,0.6363636363636364,0.56,25,22
3974,4,HSF2,3974,1.0,2.741553450094236,0.08785934346925547,0.07414416709348216,15.18678304811535,33.367767271303705,0.6363636363636364,0.56,25,22
3962,4,HSF2,3962,1.0,2.741553450094236,0.43535311897130585,1.414368483437674e-20,6.747218728940359,9.848939871742202,0.6363636363636364,0.56,25,22
3979,4,HSF2,3979,1.0,2.741553450094236,0.12172957542349627,0.013191190651426007,8.992563000864717,15.915716885667688,0.6363636363636364,0.56,25,22
3968,4,HSF2,3968,1.0,2.741553450094236,0.293834269597603,1.0899936803483538e-09,3.7311546998014364,3.5917906486252296,0.6363636363636364,0.56,25,22
3984,4,HSF2,3984,1.0,2.741553450094236,-0.2517470661676076,2.095726011005444e-07,-14.12936392902163,33.77326553190681,0.6363636363636364,0.56,25,22
3963,4,HSF2,3963,1.0,2.741553450094236,0.4865845527599397,5.387803358140465e-26,3.0893700261543797,2.6470406638843214,0.6363636363636364,0.56,25,22
3965,4,HSF2,3965,1.0,2.741553450094236,0.21644206048322148,8.854444748376807e-06,3.666666356419872,3.469994584170474,0.6363636363636364,0.56,25,22
3982,4,HSF2,3982,1.0,2.741553450094236,0.3626585931049179,2.5849504990930014e-14,6.241497354265113,8.534771953991413,0.6363636363636364,0.56,25,22
3975,4,HSF2,3975,1.0,2.741553450094236,0.3107813081994258,1.0121394635919568e-10,4.9799765808867775,5.841464494146634,0.6363636363636364,0.56,25,22
3977,4,HSF2,3977,1.0,2.741553450094236,0.2005169853009258,3.967029507426219e-05,14.422675798307731,32.735004365410894,0.6363636363636364,0.56,25,22
3983,4,HSF2,3983,1.0,2.741553450094236,0.1793134851227206,0.0002451979220924261,8.570109731608689,14.052566269739328,0.6363636363636364,0.56,25,22
3971,4,HSF2,3971,1.0,2.741553450094236,0.1996186451247669,4.3025758153715896e-05,9.629875327927335,17.145021631398027,0.6363636363636364,0.56,25,22
3967,4,HSF2,3967,1.0,2.741553450094236,0.3243024101881788,1.3586679411532057e-11,2.703548609059636,2.1211303920903806,0.6363636363636364,0.56,25,22
6389,4,ID4,6389,-1.0,32.894482244017006,0.27977352086522744,6.980619663321914e-09,-14.85711099225708,31.69828060776435,1.0,1.0,3,3
6388,4,ID4,6388,-1.0,32.894482244017006,-0.2656224645925528,4.0846054050584925e-08,10.446849635661804,18.264927052952142,1.0,1.0,3,3
6390,4,ID4,6390,-1.0,32.894482244017006,0.21073932534010137,1.535055428989086e-05,-4.7076754736450965,5.337625723800819,1.0,1.0,3,3
8470,4,NR1H4,8470,-1.0,4.596574477832464,0.30774630056699975,1.5668120511701738e-10,-12.013667445015084,24.045184046159655,1.0,1.0,14,14
8467,4,NR1H4,8467,-1.0,4.596574477832464,-0.37867113230148397,1.4556113521364978e-15,8.000358260650268,12.275034919686242,1.0,1.0,14,14
8468,4,NR1H4,8468,-1.0,4.596574477832464,-0.2978446505997383,6.297632468983867e-10,23.50822601088092,60.17154959477615,1.0,1.0,14,14
8463,4,NR1H4,8463,-1.0,4.596574477832464,0.44704191298462465,9.851013362291227e-22,-11.031477140808692,22.69366800131467,1.0,1.0,14,14
8475,4,NR1H4,8475,-1.0,4.596574477832464,0.11941188668358461,0.015055947342510602,-9.057864239889,15.936395661934592,1.0,1.0,14,14
8466,4,NR1H4,8466,-1.0,4.596574477832464,0.5251388536894129,1.0132146149074527e-30,-17.50982543171358,41.74283304972184,1.0,1.0,14,14
8469,4,NR1H4,8469,-1.0,4.596574477832464,0.44647952813466535,1.1224884098752286e-21,-24.108482399991043,72.75710785775472,1.0,1.0,14,14
8471,4,NR1H4,8471,-1.0,4.596574477832464,0.27280286514997726,1.687827859653559e-08,-11.445883165645858,23.137886549042708,1.0,1.0,14,14
8472,4,NR1H4,8472,-1.0,4.596574477832464,0.3439145911233403,6.147262718979079e-13,-3.6637944163100227,3.4584363617696856,1.0,1.0,14,14
8473,4,NR1H4,8473,-1.0,4.596574477832464,0.28128221251243846,5.747619247446261e-09,-3.776680725222899,3.6662136146566167,1.0,1.0,14,14
8464,4,NR1H4,8464,-1.0,4.596574477832464,-0.3680452246052344,9.997241252277152e-15,13.420955317675732,27.460914328874924,1.0,1.0,14,14
8474,4,NR1H4,8474,-1.0,4.596574477832464,-0.13119354290623353,0.007520211972094501,13.884317272714698,28.49424517612596,1.0,1.0,14,14
8465,4,NR1H4,8465,-1.0,4.596574477832464,0.24638269213515263,3.8454038282542226e-07,-16.7314852452849,41.423782090638056,1.0,1.0,14,14
8462,4,NR1H4,8462,-1.0,4.596574477832464,-0.2666918660933071,3.586720214393663e-08,14.527192187121386,32.29840385477284,1.0,1.0,14,14
4989,4,HES1,4989,-1.0,43.100530160655715,-0.4037918174434765,1.1459717068180532e-17,10.019586669745207,17.23145432192493,1.0,1.0,4,4
4990,4,HES1,4990,-1.0,43.100530160655715,-0.31266440644143056,7.698348714740951e-11,15.854711073332428,36.428777045162605,1.0,1.0,4,4
4991,4,HES1,4991,-1.0,43.100530160655715,-0.5026853386807574,6.772373113037944e-28,19.94114512314332,52.718128592556646,1.0,1.0,4,4
4992,4,HES1,4992,-1.0,43.100530160655715,0.5339559311041409,6.879288206902032e-32,-13.162369781357754,27.97576121374609,1.0,1.0,4,4
6375,4,NFE2,6375,1.0,27.541589408513378,0.2680398196802299,3.0421931757130704e-08,6.0440468676632495,7.927304284118147,1.0,0.96,25,24
6364,4,NFE2,6364,1.0,27.541589408513378,0.49694217413782943,3.3136307536064894e-27,11.247620311519352,20.294969267945245,1.0,0.96,25,24
6368,4,NFE2,6368,1.0,27.541589408513378,0.2706376081692579,2.2093008367444832e-08,7.504784323026467,11.046704860148232,1.0,0.96,25,24
6376,4,NFE2,6376,1.0,27.541589408513378,-0.35824079948726767,5.559886009020345e-14,-14.036162879978882,32.93605526955658,1.0,0.96,25,24
6366,4,NFE2,6366,1.0,27.541589408513378,0.472966282616022,1.8291893099552445e-24,14.079012297196678,28.154075315479673,1.0,0.96,25,24
6373,4,NFE2,6373,1.0,27.541589408513378,0.5897381520224592,3.848480664130602e-40,16.62994416161463,35.802248026925795,1.0,0.96,25,24
6370,4,NFE2,6370,1.0,27.541589408513378,-0.18019783678963328,0.00022815418881892393,-18.012658294582515,47.455276133077625,1.0,0.96,25,24
6383,4,NFE2,6383,1.0,27.541589408513378,-0.34814855778650067,3.0602585459099587e-13,-13.400291718382803,32.17489329280185,1.0,0.96,25,24
6374,4,NFE2,6374,1.0,27.541589408513378,-0.39207546828636025,1.1556524367080472e-16,-17.896462504532316,43.76479268774196,1.0,0.96,25,24
6377,4,NFE2,6377,1.0,27.541589408513378,-0.1708988329580015,0.0004785397563287314,-5.050792633537766,6.013953086447268,1.0,0.96,25,24
6384,4,NFE2,6384,1.0,27.541589408513378,0.46315553423860556,2.10556984057092e-23,10.85948375321587,20.630344097138586,1.0,0.96,25,24
6369,4,NFE2,6369,1.0,27.541589408513378,0.39222530492468316,1.1226437325781822e-16,16.81734260253598,38.69845338253423,1.0,0.96,25,24
6378,4,NFE2,6378,1.0,27.541589408513378,0.3412955609733609,9.414125764250785e-13,5.936883993659462,7.832506089253661,1.0,0.96,25,24
6365,4,NFE2,6365,1.0,27.541589408513378,0.6083145974155352,2.923210896083042e-43,26.53118374701284,78.44772639552185,1.0,0.96,25,24
6387,4,NFE2,6387,1.0,27.541589408513378,0.34036237974281236,1.09474450733251e-12,6.527382259777443,8.974404231786469,1.0,0.96,25,24
6380,4,NFE2,6380,1.0,27.541589408513378,0.3771092233860598,1.940826860793046e-15,7.670867833656527,12.352546285788957,1.0,0.96,25,24
6371,4,NFE2,6371,1.0,27.541589408513378,0.4212693446356343,3.064975528197251e-19,9.314740089700566,15.670639289382946,1.0,0.96,25,24
6372,4,NFE2,6372,1.0,27.541589408513378,0.49705717291216306,3.210881177599293e-27,17.035024349244555,38.60673761588714,1.0,0.96,25,24
6363,4,NFE2,6363,1.0,27.541589408513378,0.40261324567974777,1.4519186602252822e-17,7.933990209566404,12.567198720413002,1.0,0.96,25,24
6385,4,NFE2,6385,1.0,27.541589408513378,0.42726602336959985,8.419274266567316e-20,7.428850627151348,10.66331706761514,1.0,0.96,25,24
6381,4,NFE2,6381,1.0,27.541589408513378,0.3460736754890014,4.313002454986425e-13,9.573226784314068,18.01838045665668,1.0,0.96,25,24
6367,4,NFE2,6367,1.0,27.541589408513378,0.5136714517181713,2.983379131101067e-29,13.037611142066375,25.844000656828676,1.0,0.96,25,24
6382,4,NFE2,6382,1.0,27.541589408513378,-0.42045150041110857,3.6483198171911876e-19,-19.64212149318424,56.65110898894692,1.0,0.96,25,24
6379,4,NFE2,6379,1.0,27.541589408513378,0.4906234142778073,1.83677510767704e-26,10.517151608551956,19.364989911276496,1.0,0.96,25,24
6848,4,MEIS1,6848,-1.0,3.5045704341746307,0.17218696874031553,0.000432829232819953,-4.922330896094641,5.808724745779023,0.7777777777777778,0.7,20,18
6842,4,MEIS1,6842,-1.0,3.5045704341746307,0.391100733072304,1.394896798784484e-16,-5.10966890986045,6.094815187596862,0.7777777777777778,0.7,20,18
6843,4,MEIS1,6843,-1.0,3.5045704341746307,-0.1590553391585079,0.0011654333910501844,17.45084914754235,38.161783381952354,0.7777777777777778,0.7,20,18
6835,4,MEIS1,6835,-1.0,3.5045704341746307,0.2671529575508054,3.3906300881400835e-08,-11.291248508578066,22.56345095003605,0.7777777777777778,0.7,20,18
6839,4,MEIS1,6839,-1.0,3.5045704341746307,0.3227416456012491,1.7219931090364837e-11,-6.7013109781414135,9.748948090005113,0.7777777777777778,0.7,20,18
6844,4,MEIS1,6844,-1.0,3.5045704341746307,0.28167268505541276,5.464617811636249e-09,-4.57486159318458,5.061234949175326,0.7777777777777778,0.7,20,18
6838,4,MEIS1,6838,-1.0,3.5045704341746307,-0.30549780974619606,2.1588204224721268e-10,14.874287235007541,31.7300770239517,0.7777777777777778,0.7,20,18
6849,4,MEIS1,6849,-1.0,3.5045704341746307,0.2572272456496161,1.111113464442254e-07,-13.924565702779342,30.339984312444898,0.7777777777777778,0.7,20,18
6841,4,MEIS1,6841,-1.0,3.5045704341746307,0.25909005006234015,8.92544062477657e-08,-19.638513247951227,54.656012130046044,0.7777777777777778,0.7,20,18
6846,4,MEIS1,6846,-1.0,3.5045704341746307,0.25684842750304304,1.1614835117251707e-07,-14.630891084345897,32.94734484675612,0.7777777777777778,0.7,20,18
6845,4,MEIS1,6845,-1.0,3.5045704341746307,-0.3111115902709692,9.648435817471986e-11,6.086389536509723,8.072286296507812,0.7777777777777778,0.7,20,18
6850,4,MEIS1,6850,-1.0,3.5045704341746307,0.38530075666388053,4.218866910868097e-16,-2.256942995658105,1.5979807076747647,0.7777777777777778,0.7,20,18
6851,4,MEIS1,6851,-1.0,3.5045704341746307,0.36296418435083644,2.4504929431708692e-14,-6.952309111645241,10.255906503549477,0.7777777777777778,0.7,20,18
6834,4,MEIS1,6834,-1.0,3.5045704341746307,-0.3826246770427325,6.978703792795031e-16,10.1924273355994,18.559683920971217,0.7777777777777778,0.7,20,18
8305,4,TRIM28,8305,1.0,1.891862811981037,0.3417057217183293,8.808599033505469e-13,4.7116212221886995,5.275623897201111,0.8888888888888888,0.5714285714285714,14,9
8309,4,TRIM28,8309,1.0,1.891862811981037,0.4446394061349092,1.7178005578300403e-21,5.421074452785423,6.796902026362298,0.8888888888888888,0.5714285714285714,14,9
8303,4,TRIM28,8303,1.0,1.891862811981037,0.18315087912445657,0.00017893059953870928,14.0756775593327,28.851118869758366,0.8888888888888888,0.5714285714285714,14,9
8308,4,TRIM28,8308,1.0,1.891862811981037,0.35122690995585676,1.8307500117605257e-13,6.347433822165803,8.894893209606115,0.8888888888888888,0.5714285714285714,14,9
8310,4,TRIM28,8310,1.0,1.891862811981037,0.16795316860662993,0.0006004420082102863,17.914595322980563,46.50400057839186,0.8888888888888888,0.5714285714285714,14,9
8301,4,TRIM28,8301,1.0,1.891862811981037,0.25489988166160804,1.4573745187578458e-07,11.784904647907121,23.413872948468207,0.8888888888888888,0.5714285714285714,14,9
8307,4,TRIM28,8307,1.0,1.891862811981037,0.24273356189258566,5.765228526351478e-07,4.681509820018489,5.193173774403516,0.8888888888888888,0.5714285714285714,14,9
8299,4,TRIM28,8299,1.0,1.891862811981037,0.3497882465750992,2.3292269238332867e-13,3.1720070648798586,2.745219077156629,0.8888888888888888,0.5714285714285714,14,9
3722,4,IRF2,3722,1.0,4.682818734766342,0.09359522520020075,0.05706640335571121,10.066294570400277,19.526081677943957,0.2222222222222222,0.16,25,18
3714,4,IRF2,3714,1.0,4.682818734766342,0.2727846642914431,1.69166866132112e-08,10.326083460226702,18.44664522070362,0.2222222222222222,0.16,25,18
3713,4,IRF2,3713,1.0,4.682818734766342,0.4625378870995087,2.4492541132606983e-23,5.728428765999649,7.460563700151185,0.2222222222222222,0.16,25,18
3704,4,IRF2,3704,1.0,4.682818734766342,0.204012090048794,2.8825640889304564e-05,10.121054644890366,17.995925438206513,0.2222222222222222,0.16,25,18
6181,4,HOXB5,6181,-1.0,37.62003039657645,0.3295595266633436,6.05456032024308e-12,-11.036034030272047,21.47408476917739,1.0,0.96,25,24
6167,4,HOXB5,6167,-1.0,37.62003039657645,-0.32525757308632364,1.1744563400204392e-11,14.503374578244939,29.119103816921292,1.0,0.96,25,24
6178,4,HOXB5,6178,-1.0,37.62003039657645,0.3300320346550958,5.626004716164528e-12,-20.995568908129627,49.34178209050847,1.0,0.96,25,24
6187,4,HOXB5,6187,-1.0,37.62003039657645,0.3361562049862784,2.1477028563659217e-12,-5.204460946251696,6.337523763996351,1.0,0.96,25,24
6169,4,HOXB5,6169,-1.0,37.62003039657645,-0.4088196136477693,4.131904584726548e-18,17.20620995701584,39.96010272308226,1.0,0.96,25,24
6175,4,HOXB5,6175,-1.0,37.62003039657645,0.2354282906972664,1.2723314157530962e-06,-5.961972091678108,7.678471883767712,1.0,0.96,25,24
6171,4,HOXB5,6171,-1.0,37.62003039657645,0.29996757215196196,4.694206036724083e-10,-13.055960219400173,28.872785695884005,1.0,0.96,25,24
6183,4,HOXB5,6183,-1.0,37.62003039657645,-0.135591613744165,0.0057218052441374186,4.835565043121577,5.39673543831816,1.0,0.96,25,24
6163,4,HOXB5,6163,-1.0,37.62003039657645,-0.2808222044933075,6.099265583995203e-09,8.15364649574345,13.166895149882343,1.0,0.96,25,24
6176,4,HOXB5,6176,-1.0,37.62003039657645,0.4506156006275867,4.2727022820604325e-22,-26.925026094644416,89.30612631975326,1.0,0.96,25,24
6170,4,HOXB5,6170,-1.0,37.62003039657645,-0.2872477381893085,2.6348246586017263e-09,7.422078532427258,11.516837135024298,1.0,0.96,25,24
6179,4,HOXB5,6179,-1.0,37.62003039657645,-0.29033815015827075,1.746304852803872e-09,6.401048426398587,8.514557922340687,1.0,0.96,25,24
6186,4,HOXB5,6186,-1.0,37.62003039657645,0.14992041013828977,0.002224410822907818,-5.218568206574324,6.521280265718609,1.0,0.96,25,24
6182,4,HOXB5,6182,-1.0,37.62003039657645,0.312589150157848,7.78328887238419e-11,-4.183789198472252,4.377286867511822,1.0,0.96,25,24
6174,4,HOXB5,6174,-1.0,37.62003039657645,-0.2458491720329048,4.0815879449266463e-07,11.994808246393765,23.02089244133541,1.0,0.96,25,24
6177,4,HOXB5,6177,-1.0,37.62003039657645,-0.33292001567698315,3.5820838844581898e-12,12.256615906893197,25.406056852800408,1.0,0.96,25,24
6180,4,HOXB5,6180,-1.0,37.62003039657645,0.26563683938829324,4.077490148658753e-08,-3.662074677864306,3.4849684293305208,1.0,0.96,25,24
6173,4,HOXB5,6173,-1.0,37.62003039657645,-0.3308600228897483,4.945370566251892e-12,17.32251842639287,39.042282649466095,1.0,0.96,25,24
6165,4,HOXB5,6165,-1.0,37.62003039657645,-0.4060975346802518,7.193440288016489e-18,25.482790341535576,72.8316867146011,1.0,0.96,25,24
6164,4,HOXB5,6164,-1.0,37.62003039657645,-0.2992478176734732,5.187347371386457e-10,11.361366452814268,20.752933158532073,1.0,0.96,25,24
6168,4,HOXB5,6168,-1.0,37.62003039657645,-0.2456436970114377,4.176218773490673e-07,6.222587999866953,8.578267653024996,1.0,0.96,25,24
6172,4,HOXB5,6172,-1.0,37.62003039657645,0.28904830819223837,2.0746180889174125e-09,-8.614704202187783,14.517630790990596,1.0,0.96,25,24
6166,4,HOXB5,6166,-1.0,37.62003039657645,-0.213869479391405,1.1369940026327053e-05,5.960851804144008,7.892407765533774,1.0,0.96,25,24
6185,4,HOXB5,6185,-1.0,37.62003039657645,0.39367618912326857,8.473153925639331e-17,-9.215037790755867,16.08781159230891,1.0,0.96,25,24
1288,4,ELF2,1288,-1.0,1.9511247689968427,-0.3084265475418888,1.4212494647402962e-10,4.953974125451048,5.685038503996429,0.7894736842105263,0.6,25,19
1298,4,ELF2,1298,-1.0,1.9511247689968427,-0.2462134462684933,3.9188664974070995e-07,14.565554219873224,32.38231609368676,0.7894736842105263,0.6,25,19
1294,4,ELF2,1294,-1.0,1.9511247689968427,-0.1825992251985096,0.0001872948630669201,8.245995674136896,13.609883165871903,0.7894736842105263,0.6,25,19
1281,4,ELF2,1281,-1.0,1.9511247689968427,0.5874274654148757,9.105645764612875e-40,-10.128164588369936,18.852513365267967,0.7894736842105263,0.6,25,19
1292,4,ELF2,1292,-1.0,1.9511247689968427,0.5309764587352463,1.7223854175194405e-31,-8.466118767171725,14.246966254595707,0.7894736842105263,0.6,25,19
1290,4,ELF2,1290,-1.0,1.9511247689968427,0.31588689741596143,4.798114443309403e-11,-10.16778797172393,19.01908160603044,0.7894736842105263,0.6,25,19
1280,4,ELF2,1280,-1.0,1.9511247689968427,0.20214150633484568,3.4221540871146295e-05,-17.804814481769416,44.940623140650786,0.7894736842105263,0.6,25,19
1284,4,ELF2,1284,-1.0,1.9511247689968427,0.5001489482511582,1.3705253266527864e-27,-2.8315625190654923,2.2949170306159927,0.7894736842105263,0.6,25,19
1283,4,ELF2,1283,-1.0,1.9511247689968427,0.5687748995772542,7.441175005462699e-37,-3.3578621418985293,3.0340173755972035,0.7894736842105263,0.6,25,19
1276,4,ELF2,1276,-1.0,1.9511247689968427,0.5846631076363566,2.5283737725142122e-39,-2.8399683083095426,2.3041260132097263,0.7894736842105263,0.6,25,19
1279,4,ELF2,1279,-1.0,1.9511247689968427,-0.2781966903301172,8.542227666152503e-09,14.04563588748747,29.705110547843883,0.7894736842105263,0.6,25,19
1287,4,ELF2,1287,-1.0,1.9511247689968427,-0.14855057666184268,0.002443530647004005,6.407699747997261,8.88792996100411,0.7894736842105263,0.6,25,19
1293,4,ELF2,1293,-1.0,1.9511247689968427,0.5607091171296409,1.1871574064234331e-35,-10.02845010811665,18.73133450155431,0.7894736842105263,0.6,25,19
1285,4,ELF2,1285,-1.0,1.9511247689968427,-0.21157543110646612,1.4173955412592954e-05,24.314654233703173,65.74375091563354,0.7894736842105263,0.6,25,19
1277,4,ELF2,1277,-1.0,1.9511247689968427,-0.29706640014104213,7.009709213645317e-10,2.8306147401442208,2.2826545398395197,0.7894736842105263,0.6,25,19
252,4,NF1,252,-1.0,2.101366738727246,-0.13103345057247626,0.007594290133167499,2.9669850540489326,2.4419918362931177,0.782608695652174,0.72,25,23
244,4,NF1,244,-1.0,2.101366738727246,0.2864728521412738,2.918792691362959e-09,-21.239707959574528,60.67522382853307,0.782608695652174,0.72,25,23
260,4,NF1,260,-1.0,2.101366738727246,0.3962020944077394,5.174464249086731e-17,-3.9469468595201307,3.957861196781376,0.782608695652174,0.72,25,23
251,4,NF1,251,-1.0,2.101366738727246,0.19702002028537355,5.4306884535020565e-05,-6.139482276187696,8.226468371943348,0.782608695652174,0.72,25,23
258,4,NF1,258,-1.0,2.101366738727246,0.47204284027361165,2.309950924274454e-24,-3.5327239310668137,3.2912909110623296,0.782608695652174,0.72,25,23
264,4,NF1,264,-1.0,2.101366738727246,0.5486217741795691,6.556329835863582e-34,-5.1141751350409,6.083690358591845,0.782608695652174,0.72,25,23
243,4,NF1,243,-1.0,2.101366738727246,0.5781656999616531,2.6839586513588703e-38,-9.670569091006167,17.707720050980445,0.782608695652174,0.72,25,23
248,4,NF1,248,-1.0,2.101366738727246,0.3225028548767129,1.785357980978116e-11,-8.622927418049368,14.53074624765042,0.782608695652174,0.72,25,23
247,4,NF1,247,-1.0,2.101366738727246,-0.14414766128415124,0.003287748772577237,21.063446101915133,50.22508696765658,0.782608695652174,0.72,25,23
249,4,NF1,249,-1.0,2.101366738727246,-0.38724405993275135,2.918837796930439e-16,6.980092668476242,10.205000208488848,0.782608695652174,0.72,25,23
259,4,NF1,259,-1.0,2.101366738727246,0.4041486506083287,1.0665428749174488e-17,-13.299443030481305,30.459077977202536,0.782608695652174,0.72,25,23
257,4,NF1,257,-1.0,2.101366738727246,0.47227300612070355,2.1795747342788057e-24,-7.095896665536865,10.716454436334942,0.782608695652174,0.72,25,23
245,4,NF1,245,-1.0,2.101366738727246,0.6030295304811202,2.3670946966961153e-42,-16.848332290045736,39.78993402199163,0.782608695652174,0.72,25,23
241,4,NF1,241,-1.0,2.101366738727246,-0.4327372443770238,2.5318202173963486e-20,4.219586432063036,4.395466318718722,0.782608695652174,0.72,25,23
263,4,NF1,263,-1.0,2.101366738727246,0.3642288281455119,1.9632917114976672e-14,-3.6275402192164274,3.415125589057805,0.782608695652174,0.72,25,23
261,4,NF1,261,-1.0,2.101366738727246,0.3335660359090854,3.235899673159747e-12,-11.30569895756549,22.764441722084072,0.782608695652174,0.72,25,23
256,4,NF1,256,-1.0,2.101366738727246,0.48568181558743667,6.839514298000081e-26,-3.3628328009082464,3.0166582679469425,0.782608695652174,0.72,25,23
255,4,NF1,255,-1.0,2.101366738727246,0.2013338119294739,3.683546824406371e-05,-15.286250658287196,32.7811730074056,0.782608695652174,0.72,25,23
7866,4,HOXA2,7866,-1.0,7.000972185256041,-0.19873544022832346,4.6584900168985616e-05,15.15533290000568,33.48855821013627,1.0,0.8571428571428571,7,6
7864,4,HOXA2,7864,-1.0,7.000972185256041,0.4304403340027866,4.204038596749194e-20,-9.746755225765297,17.965731582787125,1.0,0.8571428571428571,7,6
7867,4,HOXA2,7867,-1.0,7.000972185256041,0.08012954233168458,0.10350701905202772,-4.885219485781251,5.613954616346077,1.0,0.8571428571428571,7,6
7861,4,HOXA2,7861,-1.0,7.000972185256041,0.23805365183386548,9.60108575495779e-07,-8.932292849474011,15.347399971682332,1.0,0.8571428571428571,7,6
7863,4,HOXA2,7863,-1.0,7.000972185256041,0.23795463481663687,9.704160423105661e-07,-2.652279989272986,2.0600217161219225,1.0,0.8571428571428571,7,6
7865,4,HOXA2,7865,-1.0,7.000972185256041,0.21738556177995813,8.072413422184556e-06,-7.434996243790179,11.338460204899313,1.0,0.8571428571428571,7,6
8374,4,HENMT1,8374,1.0,2.7266992158584715,0.28371424428105096,4.191360802868581e-09,6.596835179442805,9.539055957865077,0.4444444444444444,0.3076923076923077,13,9
8370,4,HENMT1,8370,1.0,2.7266992158584715,0.3385341344322442,1.469148511521261e-12,4.177416915245234,4.315550086693369,0.4444444444444444,0.3076923076923077,13,9
8368,4,HENMT1,8368,1.0,2.7266992158584715,0.42607630226136683,1.0901806277689694e-19,2.31123655334337,1.6575961184192602,0.4444444444444444,0.3076923076923077,13,9
8363,4,HENMT1,8363,1.0,2.7266992158584715,0.26765489159501465,3.188952198521474e-08,2.5563041279945584,1.9399976733456132,0.4444444444444444,0.3076923076923077,13,9
3209,4,HMBOX1,3209,-1.0,7.623553733507508,-0.3096424861462906,1.1931761576969426e-10,14.024241823627365,29.53077856905693,0.9411764705882353,0.8,20,17
3213,4,HMBOX1,3213,-1.0,7.623553733507508,-0.2840717539068793,4.0002291821308644e-09,12.328157683837297,23.75370690266164,0.9411764705882353,0.8,20,17
3223,4,HMBOX1,3223,-1.0,7.623553733507508,0.23246285489362442,1.7418772640463508e-06,-6.726498699506242,9.494911530686059,0.9411764705882353,0.8,20,17
3205,4,HMBOX1,3205,-1.0,7.623553733507508,0.2843883376436582,3.838055079992641e-09,-2.9814057512311702,2.4910768103347203,0.9411764705882353,0.8,20,17
3216,4,HMBOX1,3216,-1.0,7.623553733507508,0.2735066172681039,1.5456218388298663e-08,-7.677184717341354,12.242387717724117,0.9411764705882353,0.8,20,17
3207,4,HMBOX1,3207,-1.0,7.623553733507508,0.43270223752151465,2.5515379505363323e-20,-11.395521290770537,22.71697828144847,0.9411764705882353,0.8,20,17
3220,4,HMBOX1,3220,-1.0,7.623553733507508,0.19649728506615158,5.689050684759878e-05,-11.389520849710523,23.826789182257937,0.9411764705882353,0.8,20,17
3208,4,HMBOX1,3208,-1.0,7.623553733507508,0.3566668400097918,7.283283079178387e-14,-14.457895413130272,31.958262548985093,0.9411764705882353,0.8,20,17
3210,4,HMBOX1,3210,-1.0,7.623553733507508,-0.24422279073130085,4.890763356843124e-07,17.0623854229151,38.08213206596662,0.9411764705882353,0.8,20,17
3211,4,HMBOX1,3211,-1.0,7.623553733507508,-0.3010186233934581,4.0550362449845177e-10,20.111021808141476,46.88964285136334,0.9411764705882353,0.8,20,17
3215,4,HMBOX1,3215,-1.0,7.623553733507508,-0.3391722062478782,1.3260943681338481e-12,10.288831065082805,19.225051841627526,0.9411764705882353,0.8,20,17
3224,4,HMBOX1,3224,-1.0,7.623553733507508,0.40777837109042553,5.1111158042219415e-18,-11.068280706782234,20.701372242996793,0.9411764705882353,0.8,20,17
3222,4,HMBOX1,3222,-1.0,7.623553733507508,0.3341775566314104,2.9384353181378093e-12,-9.51489971864992,17.044535718293687,0.9411764705882353,0.8,20,17
3214,4,HMBOX1,3214,-1.0,7.623553733507508,0.26251869251931403,5.9373697575686544e-08,-2.331378556287741,1.6844425230476159,0.9411764705882353,0.8,20,17
3206,4,HMBOX1,3206,-1.0,7.623553733507508,0.1611981984153056,0.0009964311239570734,-12.68706219024454,28.55136599168048,0.9411764705882353,0.8,20,17
3221,4,HMBOX1,3221,-1.0,7.623553733507508,0.2833854842467036,4.374917758389035e-09,-3.1090159780486757,2.636258714500551,0.9411764705882353,0.8,20,17
3061,4,RARB,3061,1.0,3.4373904458148594,0.34032388105955774,1.1015688141378685e-12,8.23171148467852,13.790709433488972,0.7619047619047619,0.64,25,21
3071,4,RARB,3071,1.0,3.4373904458148594,0.005517807623799759,0.9108771852378781,2.1220080783075144,1.4526103041325833,0.7619047619047619,0.64,25,21
3059,4,RARB,3059,1.0,3.4373904458148594,0.40901849317472017,3.9670848386783446e-18,16.679952049493675,40.940855376631276,0.7619047619047619,0.64,25,21
3066,4,RARB,3066,1.0,3.4373904458148594,-0.20826686047273632,1.9396903055001917e-05,-16.614767306475578,35.80859823905795,0.7619047619047619,0.64,25,21
3052,4,RARB,3052,1.0,3.4373904458148594,0.4205629761915332,3.562800141892491e-19,8.94872078030652,14.56600782823067,0.7619047619047619,0.64,25,21
3070,4,RARB,3070,1.0,3.4373904458148594,0.27398927217449653,1.4548710850112002e-08,4.37965200081734,4.726997456357847,0.7619047619047619,0.64,25,21
3067,4,RARB,3067,1.0,3.4373904458148594,0.27702945691598907,9.911015251245434e-09,6.521377349496498,9.07537919999784,0.7619047619047619,0.64,25,21
3058,4,RARB,3058,1.0,3.4373904458148594,0.29463942727431464,9.769838618043224e-10,3.610245052310391,3.3612651294938063,0.7619047619047619,0.64,25,21
3048,4,RARB,3048,1.0,3.4373904458148594,0.4608712563698314,3.6775136803649896e-23,9.061326965002909,15.654964108908644,0.7619047619047619,0.64,25,21
3053,4,RARB,3053,1.0,3.4373904458148594,0.4771458927614871,6.305134376907495e-25,6.108977215731724,8.260950393741359,0.7619047619047619,0.64,25,21
3054,4,RARB,3054,1.0,3.4373904458148594,0.6062281762062461,6.706430291561132e-43,3.1316567580419004,2.6772636753831134,0.7619047619047619,0.64,25,21
3051,4,RARB,3051,1.0,3.4373904458148594,0.2985444673736529,5.717736654469874e-10,21.14027772034522,51.68355014568416,0.7619047619047619,0.64,25,21
3069,4,RARB,3069,1.0,3.4373904458148594,0.2772371304356282,9.652860705372696e-09,11.575556885125557,23.2707003819606,0.7619047619047619,0.64,25,21
3049,4,RARB,3049,1.0,3.4373904458148594,0.2903665615192637,1.7396736894543972e-09,10.20414359936962,17.525862853041716,0.7619047619047619,0.64,25,21
3056,4,RARB,3056,1.0,3.4373904458148594,0.3178080465878675,3.6097837693561917e-11,2.958794908941297,2.4381220039708364,0.7619047619047619,0.64,25,21
3057,4,RARB,3057,1.0,3.4373904458148594,0.275544455958374,1.1961946270725295e-08,9.192302227571526,15.287014810623447,0.7619047619047619,0.64,25,21
4304,4,IRF9,4304,1.0,2.1918205892924134,0.34035668941689484,1.0957505694042286e-12,15.334124360307477,33.414915021362084,0.9090909090909091,0.8,25,22
4318,4,IRF9,4318,1.0,2.1918205892924134,0.22236785863318526,4.920341819052161e-06,15.84407646885278,37.22373204925732,0.9090909090909091,0.8,25,22
4311,4,IRF9,4311,1.0,2.1918205892924134,0.24152912312477623,6.580476369850322e-07,16.397220822125092,35.220717903245244,0.9090909090909091,0.8,25,22
4306,4,IRF9,4306,1.0,2.1918205892924134,0.3253886374004281,1.1511633237476119e-11,5.008231221125608,5.9816973623326115,0.9090909090909091,0.8,25,22
4299,4,IRF9,4299,1.0,2.1918205892924134,0.3744658812109159,3.1470814654385566e-15,23.182664022713386,61.54672382444336,0.9090909090909091,0.8,25,22
4303,4,IRF9,4303,1.0,2.1918205892924134,0.35724978025587983,6.591334806709987e-14,24.76567272949483,66.4773089133621,0.9090909090909091,0.8,25,22
4316,4,IRF9,4316,1.0,2.1918205892924134,0.23934719824661316,8.347359805828537e-07,13.661462091225086,31.091658572282103,0.9090909090909091,0.8,25,22
4315,4,IRF9,4315,1.0,2.1918205892924134,0.34577159041471717,4.5329838454857366e-13,7.071663832020431,10.195620209495168,0.9090909090909091,0.8,25,22
4305,4,IRF9,4305,1.0,2.1918205892924134,-0.1645620697338253,0.0007761539065408027,-27.216027256073982,87.93018205593627,0.9090909090909091,0.8,25,22
4309,4,IRF9,4309,1.0,2.1918205892924134,0.31772213604391253,3.6561734375206276e-11,11.572686841792894,23.577886715902096,0.9090909090909091,0.8,25,22
4308,4,IRF9,4308,1.0,2.1918205892924134,0.3295801587231123,6.035199182869789e-12,10.933634722531282,21.95979960578146,0.9090909090909091,0.8,25,22
4314,4,IRF9,4314,1.0,2.1918205892924134,0.33276696638115794,3.669255925516447e-12,5.498544298251712,6.794903256616333,0.9090909090909091,0.8,25,22
4302,4,IRF9,4302,1.0,2.1918205892924134,0.4106316834872916,2.8486196914322982e-18,9.32325408119546,15.853462016243366,0.9090909090909091,0.8,25,22
4319,4,IRF9,4319,1.0,2.1918205892924134,0.47894510984246497,3.968314305964346e-25,9.921307374180657,18.375136841081932,0.9090909090909091,0.8,25,22
4313,4,IRF9,4313,1.0,2.1918205892924134,0.24261602679800157,5.840300021084514e-07,9.865417345543474,18.060202973433782,0.9090909090909091,0.8,25,22
4296,4,IRF9,4296,1.0,2.1918205892924134,0.38867951012387275,2.2199855835294022e-16,10.707427606086316,18.889584190489277,0.9090909090909091,0.8,25,22
4310,4,IRF9,4310,1.0,2.1918205892924134,0.6480853829043938,1.1093376706499942e-50,5.948767203445648,7.928487183766253,0.9090909090909091,0.8,25,22
4301,4,IRF9,4301,1.0,2.1918205892924134,-0.24587690693292175,4.0689737312379844e-07,-11.945045257839707,26.354394567497785,0.9090909090909091,0.8,25,22
4298,4,IRF9,4298,1.0,2.1918205892924134,0.6019519281463153,3.6086935338284046e-42,12.145251798122617,23.045866149056657,0.9090909090909091,0.8,25,22
4297,4,IRF9,4297,1.0,2.1918205892924134,0.350101617122242,2.210431138393667e-13,15.78283305441736,33.32800484942119,0.9090909090909091,0.8,25,22
5618,4,PEBP1,5618,-1.0,30.250968010884897,-0.47410435509804244,1.370678476211188e-24,14.800949795942827,32.16990783805338,1.0,0.85,20,17
5631,4,PEBP1,5631,-1.0,30.250968010884897,-0.3970185828057995,4.4079764982629386e-17,16.5525322711715,36.85253718867701,1.0,0.85,20,17
5633,4,PEBP1,5633,-1.0,30.250968010884897,-0.22856863816990253,2.6147685717579123e-06,4.844751408763376,5.501140833662426,1.0,0.85,20,17
5617,4,PEBP1,5617,-1.0,30.250968010884897,-0.337799666927527,1.6525396742535476e-12,10.609513633133119,18.726836438797097,1.0,0.85,20,17
5620,4,PEBP1,5620,-1.0,30.250968010884897,-0.29887779351958843,5.460116949656498e-10,9.311040920692003,15.543795241743114,1.0,0.85,20,17
5619,4,PEBP1,5619,-1.0,30.250968010884897,-0.6366536997553327,1.9497186770947682e-48,8.501817469725076,13.673132588553417,1.0,0.85,20,17
5627,4,PEBP1,5627,-1.0,30.250968010884897,-0.49032233788295626,1.991175834736848e-26,10.068678019307946,18.03456614831571,1.0,0.85,20,17
5623,4,PEBP1,5623,-1.0,30.250968010884897,0.334223725093024,2.9170951629990603e-12,-18.111966579175647,45.418066342572565,1.0,0.85,20,17
5621,4,PEBP1,5621,-1.0,30.250968010884897,-0.5689587278474886,6.979747881284029e-37,10.695479491013243,18.667661452281,1.0,0.85,20,17
5625,4,PEBP1,5625,-1.0,30.250968010884897,0.29056747042914266,1.6934746052356117e-09,-16.22708311562859,41.82201705200008,1.0,0.85,20,17
5630,4,PEBP1,5630,-1.0,30.250968010884897,-0.4279010557441896,7.33147475087678e-20,12.979728572517573,25.28012664338886,1.0,0.85,20,17
5626,4,PEBP1,5626,-1.0,30.250968010884897,-0.3918297888892131,1.2118498145606816e-16,14.269047728166644,27.314193088200458,1.0,0.85,20,17
5634,4,PEBP1,5634,-1.0,30.250968010884897,-0.34706244707221356,3.663547903536151e-13,7.314747936706255,11.236499499134501,1.0,0.85,20,17
5616,4,PEBP1,5616,-1.0,30.250968010884897,-0.28978463596463977,1.880499384836284e-09,10.107724991048345,18.617350755086274,1.0,0.85,20,17
5624,4,PEBP1,5624,-1.0,30.250968010884897,-0.5382942444586221,1.7784539758532105e-32,18.95956331522581,40.24482432512507,1.0,0.85,20,17
5622,4,PEBP1,5622,-1.0,30.250968010884897,-0.3515930444591293,1.7215824207053436e-13,16.207344803179595,39.28475926615627,1.0,0.85,20,17
5628,4,PEBP1,5628,-1.0,30.250968010884897,-0.5224388447568566,2.273131978513652e-30,13.827795055875493,30.025388973869653,1.0,0.85,20,17
5598,4,MAFB,5598,1.0,21.371453748876068,-0.2716718859858848,1.943258648588986e-08,-6.835798574296741,9.996922817478223,1.0,0.92,25,23
5603,4,MAFB,5603,1.0,21.371453748876068,0.3817106091488811,8.27897464855703e-16,6.534572434848721,9.015618551877632,1.0,0.92,25,23
5600,4,MAFB,5600,1.0,21.371453748876068,0.43879309214962814,6.526389799842453e-21,10.638398600002825,20.396205115361205,1.0,0.92,25,23
5581,4,MAFB,5581,1.0,21.371453748876068,0.32814064976613483,7.542085531060688e-12,16.489566504489396,36.386526556236284,1.0,0.92,25,23
5599,4,MAFB,5599,1.0,21.371453748876068,0.5316392213765051,1.4054308675237238e-31,7.655161559736391,11.513119159881722,1.0,0.92,25,23
5589,4,MAFB,5589,1.0,21.371453748876068,-0.3622625252034562,2.770018086621507e-14,-28.729125333460228,96.94598467626777,1.0,0.92,25,23
5592,4,MAFB,5592,1.0,21.371453748876068,0.35080192334767013,1.9659785050445255e-13,17.668431252889814,41.529858580783234,1.0,0.92,25,23
5586,4,MAFB,5586,1.0,21.371453748876068,0.18192530095114642,0.00019800991871617962,6.001176746772224,8.091499860011762,1.0,0.92,25,23
5590,4,MAFB,5590,1.0,21.371453748876068,-0.36027931073700004,3.9104575160010263e-14,-19.244547130404186,49.52274245755149,1.0,0.92,25,23
5595,4,MAFB,5595,1.0,21.371453748876068,0.6263523828972064,1.7109361572001927e-46,10.85736236857677,20.416983866504193,1.0,0.92,25,23
5585,4,MAFB,5585,1.0,21.371453748876068,0.3876632966226418,2.694983006808599e-16,7.739495371892154,12.31223613807243,1.0,0.92,25,23
5597,4,MAFB,5597,1.0,21.371453748876068,0.3771372256052318,1.9308686600644488e-15,3.977432021680512,3.938601154503678,1.0,0.92,25,23
5596,4,MAFB,5596,1.0,21.371453748876068,-0.4487837443045157,6.564410849116287e-22,-17.734829238216953,47.40484058645962,1.0,0.92,25,23
5582,4,MAFB,5582,1.0,21.371453748876068,0.6152687389203091,1.755189606854932e-44,8.369523735297115,13.333317988644643,1.0,0.92,25,23
5588,4,MAFB,5588,1.0,21.371453748876068,0.5464971793691241,1.3049987724160454e-33,24.62237375324007,62.91955669769304,1.0,0.92,25,23
5580,4,MAFB,5580,1.0,21.371453748876068,0.6446667182468162,5.326853471346463e-50,10.658876160545436,18.73434148037222,1.0,0.92,25,23
5584,4,MAFB,5584,1.0,21.371453748876068,0.5963395005434942,3.1623180542350344e-41,23.171864808737528,60.640648089793046,1.0,0.92,25,23
5591,4,MAFB,5591,1.0,21.371453748876068,-0.3677837996897581,1.0473275445686063e-14,-17.108813697349962,42.27938909008079,1.0,0.92,25,23
5587,4,MAFB,5587,1.0,21.371453748876068,0.5836512911314697,3.6654226682302484e-39,12.77182747693039,24.70591223978556,1.0,0.92,25,23
5601,4,MAFB,5601,1.0,21.371453748876068,0.34711842421797945,3.629792531450109e-13,6.883487817714012,10.349915089669715,1.0,0.92,25,23
5583,4,MAFB,5583,1.0,21.371453748876068,0.2723424279283679,1.7876330037943278e-08,8.009666654262242,13.233548111448416,1.0,0.92,25,23
5593,4,MAFB,5593,1.0,21.371453748876068,0.4141125825546633,1.3854828326961518e-18,11.780510129178545,24.866152761411886,1.0,0.92,25,23
5579,4,MAFB,5579,1.0,21.371453748876068,0.6285598441772142,6.652120269754342e-47,8.038174470534173,12.886847780624944,1.0,0.92,25,23
7817,4,PITX1,7817,1.0,16.304759213129856,-0.27827904945394805,8.452892624915828e-09,-15.828861128061794,38.012611203058476,1.0,1.0,25,25
7825,4,PITX1,7825,1.0,16.304759213129856,0.26404783255561465,4.941087965894917e-08,5.049174401185075,6.004124235302654,1.0,1.0,25,25
7812,4,PITX1,7812,1.0,16.304759213129856,0.3440932907332034,5.970200233042413e-13,16.08576057100108,36.47839935941956,1.0,1.0,25,25
7809,4,PITX1,7809,1.0,16.304759213129856,-0.5311905586341577,1.6129479421745007e-31,-16.377206074546876,41.30110649683662,1.0,1.0,25,25
7815,4,PITX1,7815,1.0,16.304759213129856,0.33343835389986093,3.3016224090800157e-12,20.60792875106268,52.67811184029985,1.0,1.0,25,25
7827,4,PITX1,7827,1.0,16.304759213129856,0.38897224861124685,2.0991280276159328e-16,8.434610396898217,13.859405855186372,1.0,1.0,25,25
7807,4,PITX1,7807,1.0,16.304759213129856,0.3116652735798442,8.903437645722597e-11,5.147270101380112,6.130517121651623,1.0,1.0,25,25
7820,4,PITX1,7820,1.0,16.304759213129856,-0.36430036389372633,1.9387713229631857e-14,-7.110449246734065,10.431500010208733,1.0,1.0,25,25
7805,4,PITX1,7805,1.0,16.304759213129856,0.3810962134674079,9.283698741980217e-16,24.03533647940071,64.45623998610854,1.0,1.0,25,25
7808,4,PITX1,7808,1.0,16.304759213129856,-0.4245226405146854,1.5254021712993177e-19,-6.496127222385108,9.357714800725729,1.0,1.0,25,25
7814,4,PITX1,7814,1.0,16.304759213129856,0.189589772924734,0.00010395335298208864,11.765648116321865,21.86295993033246,1.0,1.0,25,25
7819,4,PITX1,7819,1.0,16.304759213129856,0.32901852699776896,6.584444532515123e-12,15.480803455364162,34.67854078029605,1.0,1.0,25,25
7806,4,PITX1,7806,1.0,16.304759213129856,-0.27018840706546576,2.335521149715541e-08,-12.323620146811441,25.848298357883664,1.0,1.0,25,25
7828,4,PITX1,7828,1.0,16.304759213129856,-0.2852959791582374,3.4076597828588942e-09,-12.118255991225896,26.038526622002966,1.0,1.0,25,25
7822,4,PITX1,7822,1.0,16.304759213129856,0.4462240159712437,1.1909908423617542e-21,11.065450012578314,21.36706044358303,1.0,1.0,25,25
7811,4,PITX1,7811,1.0,16.304759213129856,0.5557531949040504,6.272235100968908e-35,10.194190469264045,18.279752476109916,1.0,1.0,25,25
7818,4,PITX1,7818,1.0,16.304759213129856,0.48166211535266246,1.9619039251374634e-25,9.631623720773216,17.873727687772615,1.0,1.0,25,25
7824,4,PITX1,7824,1.0,16.304759213129856,0.22104317892688768,5.618832845486e-06,10.642642623397249,20.698591135635144,1.0,1.0,25,25
7816,4,PITX1,7816,1.0,16.304759213129856,0.5366906937149589,2.938936587958662e-32,12.024541666907174,24.468701010194874,1.0,1.0,25,25
7810,4,PITX1,7810,1.0,16.304759213129856,0.5134209434854906,3.207603133932791e-29,12.096859378022176,23.417226450511606,1.0,1.0,25,25
7829,4,PITX1,7829,1.0,16.304759213129856,-0.3258609762769364,1.0708995778000067e-11,-5.049482990051235,5.906186949892546,1.0,1.0,25,25
7821,4,PITX1,7821,1.0,16.304759213129856,0.2512268676770457,2.224142024266416e-07,4.321135747095155,4.542642983812319,1.0,1.0,25,25
7826,4,PITX1,7826,1.0,16.304759213129856,0.18984648986513486,0.00010168856187715264,9.73572180599366,17.524775273202007,1.0,1.0,25,25
7813,4,PITX1,7813,1.0,16.304759213129856,0.3533726441718025,1.275416383240325e-13,13.57950986285859,29.54618567092913,1.0,1.0,25,25
7823,4,PITX1,7823,1.0,16.304759213129856,-0.39265202720556935,1.0336296397421077e-16,-13.206472050413403,28.892081582951892,1.0,1.0,25,25
2041,4,BBX,2041,-1.0,1.8627689615424663,0.7391155526411364,1.0486585067019821e-72,-1.9997196593311164,1.3290747928579836,0.3333333333333333,0.32,25,24
2058,4,BBX,2058,-1.0,1.8627689615424663,0.41625797854012114,8.847925519796179e-19,-3.4870893585744867,3.2462732663811567,0.3333333333333333,0.32,25,24
2052,4,BBX,2052,-1.0,1.8627689615424663,0.45839084308599803,6.706236344710913e-23,-4.709780244078116,5.354514098045329,0.3333333333333333,0.32,25,24
2049,4,BBX,2049,-1.0,1.8627689615424663,0.30056708569196255,4.318520757469413e-10,-17.509812880038538,42.87219345636316,0.3333333333333333,0.32,25,24
2062,4,BBX,2062,-1.0,1.8627689615424663,-0.26790974826773145,3.0910388473341104e-08,3.7665819232815108,3.6234586037236336,0.3333333333333333,0.32,25,24
2056,4,BBX,2056,-1.0,1.8627689615424663,0.5296353748502802,2.59567402345867e-31,-2.5357597440032116,1.9243937988852824,0.3333333333333333,0.32,25,24
2045,4,BBX,2045,-1.0,1.8627689615424663,0.3271136128892875,8.835756585601526e-12,-11.796939626598318,23.911955546946423,0.3333333333333333,0.32,25,24
2055,4,BBX,2055,-1.0,1.8627689615424663,0.11665577987283382,0.017571318480278302,-7.749884455639789,12.20805526411688,0.3333333333333333,0.32,25,24
6088,4,RBPJ,6088,1.0,6.868854073016472,0.15922513086348977,0.0011511361553206176,17.319539828963663,40.55682797202528,1.0,1.0,6,6
6084,4,RBPJ,6084,1.0,6.868854073016472,0.2695462764839757,2.5281304801178144e-08,11.063821224721544,19.812163681048442,1.0,1.0,6,6
6087,4,RBPJ,6087,1.0,6.868854073016472,0.3042593788143415,2.5726451780130143e-10,7.311936596951807,11.007463221577714,1.0,1.0,6,6
6083,4,RBPJ,6083,1.0,6.868854073016472,0.24731675412038726,3.463190489757157e-07,11.70869218844208,23.585320247524376,1.0,1.0,6,6
6085,4,RBPJ,6085,1.0,6.868854073016472,0.29959670242185715,4.94232461097639e-10,9.26116579117279,15.618634777116752,1.0,1.0,6,6
6086,4,RBPJ,6086,1.0,6.868854073016472,0.2646218096937704,4.610513748648005e-08,7.375336360972013,10.956615339159905,1.0,1.0,6,6
3556,4,IRF3,3556,-1.0,6.737446660771812,-0.21464165959553555,1.0551154115821084e-05,7.558522865098969,12.006469902380173,0.5454545454545454,0.48,25,22
3571,4,IRF3,3571,-1.0,6.737446660771812,-0.2739280524561664,1.4660896611503998e-08,3.4161197062263673,3.0797902731709668,0.5454545454545454,0.48,25,22
3555,4,IRF3,3555,-1.0,6.737446660771812,-0.16780468542239282,0.0006072904925612525,9.202076093128351,15.317996961445505,0.5454545454545454,0.48,25,22
3553,4,IRF3,3553,-1.0,6.737446660771812,-0.1918956592767533,8.520403891907503e-05,22.424267779696873,59.0076084646856,0.5454545454545454,0.48,25,22
3559,4,IRF3,3559,-1.0,6.737446660771812,0.29674271356401505,7.328388610970906e-10,-14.957521669806152,36.9348111057377,0.5454545454545454,0.48,25,22
3568,4,IRF3,3568,-1.0,6.737446660771812,-0.33593939924346294,2.2229988661888542e-12,11.226126988197489,22.382134053904256,0.5454545454545454,0.48,25,22
3572,4,IRF3,3572,-1.0,6.737446660771812,-0.21601386068539874,9.232689066614856e-06,2.290232666780284,1.629485394530772,0.5454545454545454,0.48,25,22
3565,4,IRF3,3565,-1.0,6.737446660771812,-0.2779624657171692,8.801319079140932e-09,2.2740155213845217,1.610938397168929,0.5454545454545454,0.48,25,22
3566,4,IRF3,3566,-1.0,6.737446660771812,-0.3467612528226392,3.8505145615406476e-13,12.56432554691128,26.942284956491307,0.5454545454545454,0.48,25,22
3573,4,IRF3,3573,-1.0,6.737446660771812,0.29417825000391085,1.040239836896653e-09,-3.300125951096956,2.9449625118405494,0.5454545454545454,0.48,25,22
3561,4,IRF3,3561,-1.0,6.737446660771812,-0.29720372171917486,6.878618816426761e-10,12.88425903767785,27.98464285944249,0.5454545454545454,0.48,25,22
3554,4,IRF3,3554,-1.0,6.737446660771812,-0.36106180697101503,3.414039410811248e-14,5.84668626105276,7.598662859300588,0.5454545454545454,0.48,25,22
4596,4,GATA2,4596,-1.0,35.29430185061775,0.41848032196160156,5.541366568455298e-19,-7.509217873265356,11.194625929326454,0.9583333333333334,0.92,25,24
4577,4,GATA2,4577,-1.0,35.29430185061775,0.2988840507836166,5.455390448418907e-10,-10.581929554864928,20.254576329177493,0.9583333333333334,0.92,25,24
4579,4,GATA2,4579,-1.0,35.29430185061775,0.5163649016531439,1.3635409085682302e-29,-21.24502575228639,55.83182374471237,0.9583333333333334,0.92,25,24
4595,4,GATA2,4595,-1.0,35.29430185061775,-0.34141518172912727,9.233443929516438e-13,8.467674434582147,14.149368031982776,0.9583333333333334,0.92,25,24
4574,4,GATA2,4574,-1.0,35.29430185061775,-0.3849682760941651,4.49222524987152e-16,20.61660284768232,49.24522357106667,0.9583333333333334,0.92,25,24
4580,4,GATA2,4580,-1.0,35.29430185061775,0.6324667445442366,1.2265167478528286e-47,-23.887824852259733,74.01698072414659,0.9583333333333334,0.92,25,24
4572,4,GATA2,4572,-1.0,35.29430185061775,-0.2849863291464627,3.5489475088589897e-09,10.433938002473242,18.34917806948629,0.9583333333333334,0.92,25,24
4587,4,GATA2,4587,-1.0,35.29430185061775,-0.4270042376052267,8.912642343702367e-20,13.390405620663577,28.854877797449067,0.9583333333333334,0.92,25,24
4581,4,GATA2,4581,-1.0,35.29430185061775,-0.4779363374119702,5.146326723097347e-25,20.67071757641165,51.57344739750796,0.9583333333333334,0.92,25,24
4586,4,GATA2,4586,-1.0,35.29430185061775,0.25640957344484794,1.2225903323482935e-07,-10.059784458732514,18.7028013123617,0.9583333333333334,0.92,25,24
4593,4,GATA2,4593,-1.0,35.29430185061775,0.5225705855319372,2.1856219703885954e-30,-12.470204642863363,26.706434669414534,0.9583333333333334,0.92,25,24
4578,4,GATA2,4578,-1.0,35.29430185061775,-0.3108428661482439,1.0031565142285945e-10,5.7154811619137105,7.326653060447318,0.9583333333333334,0.92,25,24
4588,4,GATA2,4588,-1.0,35.29430185061775,0.316836648626298,4.169487236342302e-11,-10.105252654613656,19.391033605008232,0.9583333333333334,0.92,25,24
4575,4,GATA2,4575,-1.0,35.29430185061775,0.5581810133469979,2.7848082884045096e-35,-16.551768639162116,41.92670085099706,0.9583333333333334,0.92,25,24
4592,4,GATA2,4592,-1.0,35.29430185061775,0.1677781343290839,0.0006085227149200671,-6.405843198662463,8.956139019478751,0.9583333333333334,0.92,25,24
4584,4,GATA2,4584,-1.0,35.29430185061775,-0.28286799160004583,4.6797431310563765e-09,8.214562815175292,12.80376380943598,0.9583333333333334,0.92,25,24
4583,4,GATA2,4583,-1.0,35.29430185061775,0.42638240085301726,1.0201576435513739e-19,-17.63910612670847,47.30350879565408,0.9583333333333334,0.92,25,24
4573,4,GATA2,4573,-1.0,35.29430185061775,-0.4555591774403647,1.3236048842690186e-22,15.710125223901533,33.94663025712023,0.9583333333333334,0.92,25,24
4576,4,GATA2,4576,-1.0,35.29430185061775,0.4449323137375273,1.6055845094427867e-21,-11.708142220020992,25.256235063023116,0.9583333333333334,0.92,25,24
4594,4,GATA2,4594,-1.0,35.29430185061775,-0.34052800315907283,1.0658544013050546e-12,9.684390695128789,17.605754595180446,0.9583333333333334,0.92,25,24
4582,4,GATA2,4582,-1.0,35.29430185061775,0.3221933739801822,1.8708741514787433e-11,-8.755853897002162,14.72701490117016,0.9583333333333334,0.92,25,24
4585,4,GATA2,4585,-1.0,35.29430185061775,0.30626998995032667,1.9343986506837664e-10,-9.1369073318942,15.814318842176325,0.9583333333333334,0.92,25,24
4591,4,GATA2,4591,-1.0,35.29430185061775,0.3826605294744617,6.932016833006616e-16,-5.496139378589162,6.717883304089511,0.9583333333333334,0.92,25,24
7027,4,PITX2,7027,1.0,4.911184265532372,0.3049206194184042,2.342924256704439e-10,5.00508662666013,5.777803186748,0.55,0.44,25,20
7021,4,PITX2,7021,1.0,4.911184265532372,0.301687135953013,3.6934311166948574e-10,6.253913006230534,8.531339900287517,0.55,0.44,25,20
7041,4,PITX2,7041,1.0,4.911184265532372,0.23412745624037368,1.461045114050805e-06,3.4656552268859975,3.1560714914516774,0.55,0.44,25,20
7026,4,PITX2,7026,1.0,4.911184265532372,0.31003043651604,1.128220573748113e-10,7.4545307027073315,11.20864437314026,0.55,0.44,25,20
7020,4,PITX2,7020,1.0,4.911184265532372,0.2819581515872946,5.266317072984941e-09,8.142166165277857,13.129456543408125,0.55,0.44,25,20
7036,4,PITX2,7036,1.0,4.911184265532372,0.16419678080677275,0.0007976827100058875,2.6953490637017747,2.1104021649794342,0.55,0.44,25,20
7030,4,PITX2,7030,1.0,4.911184265532372,0.2849633294732779,3.5596655863955207e-09,2.9930344130448163,2.48832161867597,0.55,0.44,25,20
7025,4,PITX2,7025,1.0,4.911184265532372,0.1457806380802714,0.002947821842860937,4.801399167697234,5.534817480286822,0.55,0.44,25,20
7039,4,PITX2,7039,1.0,4.911184265532372,0.20970620031446982,1.6932755075402285e-05,8.124141659032443,13.112381751694398,0.55,0.44,25,20
7031,4,PITX2,7031,1.0,4.911184265532372,-0.16693661687491096,0.0006487993303749847,-14.371757282700713,35.903629799856795,0.55,0.44,25,20
7044,4,PITX2,7044,1.0,4.911184265532372,0.13511910575241276,0.005894502901514384,3.6138773072599566,3.4113896784195386,0.55,0.44,25,20
3736,4,E2F2,3736,1.0,8.375787670387322,0.2893797740704898,1.9849394688811823e-09,18.36165572897235,44.83962857806139,0.7692307692307693,0.7142857142857143,14,13
3733,4,E2F2,3733,1.0,8.375787670387322,0.2764111715839038,1.0719798848329218e-08,10.503006649994155,18.33082942424945,0.7692307692307693,0.7142857142857143,14,13
3734,4,E2F2,3734,1.0,8.375787670387322,-0.36480128324647154,1.775283599440077e-14,-12.12463146177031,25.684394812735174,0.7692307692307693,0.7142857142857143,14,13
3728,4,E2F2,3728,1.0,8.375787670387322,0.5761907721421533,5.446139986431393e-38,12.279863934369118,25.717544526439557,0.7692307692307693,0.7142857142857143,14,13
3731,4,E2F2,3731,1.0,8.375787670387322,-0.22187065981580814,5.172195692955782e-06,-10.459891059001832,20.068563013477977,0.7692307692307693,0.7142857142857143,14,13
3738,4,E2F2,3738,1.0,8.375787670387322,0.24205287303546222,6.21321298133056e-07,10.785347802191296,19.72015861795264,0.7692307692307693,0.7142857142857143,14,13
3735,4,E2F2,3735,1.0,8.375787670387322,0.4106558669671845,2.8344726098374177e-18,4.027724446712913,4.083756801727298,0.7692307692307693,0.7142857142857143,14,13
3739,4,E2F2,3739,1.0,8.375787670387322,0.3767910467007519,2.057577889193285e-15,4.542372634803188,5.0216848219706085,0.7692307692307693,0.7142857142857143,14,13
3727,4,E2F2,3727,1.0,8.375787670387322,0.6686147897199918,5.777517667727316e-55,6.426161196023914,9.103671332812592,0.7692307692307693,0.7142857142857143,14,13
3730,4,E2F2,3730,1.0,8.375787670387322,0.6663638658222742,1.7703303649234438e-54,6.41579028687557,9.046674886718677,0.7692307692307693,0.7142857142857143,14,13
6825,4,BHLHE41,6825,-1.0,42.22855885868684,-0.37646330135786865,2.1850412411076324e-15,8.188935051333715,13.804220061255348,1.0,1.0,10,10
6827,4,BHLHE41,6827,-1.0,42.22855885868684,-0.4273817028298477,8.209924205640054e-20,3.9536002019563203,3.898770251954353,1.0,1.0,10,10
6826,4,BHLHE41,6826,-1.0,42.22855885868684,-0.45393888428754503,1.9475264999348705e-22,17.668405412530994,41.107232722068254,1.0,1.0,10,10
6828,4,BHLHE41,6828,-1.0,42.22855885868684,-0.2439038393811059,5.066592219756936e-07,3.0738563429824612,2.6190706431355104,1.0,1.0,10,10
6831,4,BHLHE41,6831,-1.0,42.22855885868684,0.4589550115400015,5.852196075260858e-23,-15.035648952529135,31.847481062668184,1.0,1.0,10,10
6829,4,BHLHE41,6829,-1.0,42.22855885868684,0.3487219749616426,2.7821448489017554e-13,-13.592092022795441,31.037442158437948,1.0,1.0,10,10
6823,4,BHLHE41,6823,-1.0,42.22855885868684,-0.3179605885379607,3.528824874186237e-11,6.616838310585044,9.275530015690162,1.0,1.0,10,10
6830,4,BHLHE41,6830,-1.0,42.22855885868684,0.5109765517486305,6.485048079874769e-29,-12.362988649549717,27.3987271594501,1.0,1.0,10,10
6832,4,BHLHE41,6832,-1.0,42.22855885868684,-0.1318196673418593,0.007236652067369393,2.0218293634585436,1.3500841662498795,1.0,1.0,10,10
6824,4,BHLHE41,6824,-1.0,42.22855885868684,-0.45501851600527815,1.505998961876163e-22,16.732082914306478,37.454721086121,1.0,1.0,10,10
5004,4,LMO2,5004,1.0,6.868854073016472,0.12911399255301023,0.008534581670162307,9.559111282508441,16.81130283579475,0.5,0.42857142857142855,14,12
4997,4,LMO2,4997,1.0,6.868854073016472,0.35885823534161915,4.999065527202806e-14,4.820415772817148,5.439305858691981,0.5,0.42857142857142855,14,12
5002,4,LMO2,5002,1.0,6.868854073016472,0.16939267756360743,0.0005376623603724178,3.6777703159609323,3.4555609849783204,0.5,0.42857142857142855,14,12
4994,4,LMO2,4994,1.0,6.868854073016472,0.29792584381107967,6.227527662240846e-10,2.5629566101601884,1.9407576450454325,0.5,0.42857142857142855,14,12
4993,4,LMO2,4993,1.0,6.868854073016472,0.23267966063643988,1.7025698914358871e-06,9.635279580433243,16.110189730335254,0.5,0.42857142857142855,14,12
4998,4,LMO2,4998,1.0,6.868854073016472,-0.20477919679560436,2.6854785458703084e-05,-2.74065452098096,2.1735146434477803,0.5,0.42857142857142855,14,12
3408,4,TCF7L2,3408,-1.0,15.16315671972608,-0.26242043656254666,6.007622515915986e-08,17.159224296310903,38.27030090518655,1.0,0.88,25,22
3417,4,TCF7L2,3417,-1.0,15.16315671972608,0.3893466697614757,1.9539289004642723e-16,-7.654769028852468,12.288069117426115,1.0,0.88,25,22
3409,4,TCF7L2,3409,-1.0,15.16315671972608,-0.30755222173037877,1.6109375770419752e-10,4.890859464191441,5.579597070148371,1.0,0.88,25,22
3403,4,TCF7L2,3403,-1.0,15.16315671972608,0.35930757454494267,4.626157533984959e-14,-15.670677966340016,39.36223185612114,1.0,0.88,25,22
3405,4,TCF7L2,3405,-1.0,15.16315671972608,0.3661300217186253,1.4042932051249857e-14,-6.654293249716251,9.54045912825288,1.0,0.88,25,22
3411,4,TCF7L2,3411,-1.0,15.16315671972608,0.28287475620980607,4.675628760401507e-09,-5.297220804445058,6.439853962611506,1.0,0.88,25,22
3413,4,TCF7L2,3413,-1.0,15.16315671972608,0.16973547416320722,0.0005236390031830862,-4.795808944353692,5.3979053330345375,1.0,0.88,25,22
3406,4,TCF7L2,3406,-1.0,15.16315671972608,-0.3461632613198346,4.2497975609121564e-13,15.696137489861684,33.81692267563804,1.0,0.88,25,22
3419,4,TCF7L2,3419,-1.0,15.16315671972608,0.2505027162022128,2.4155819452328077e-07,-12.35972946913724,26.326068072191642,1.0,0.88,25,22
3407,4,TCF7L2,3407,-1.0,15.16315671972608,-0.33309826314416524,3.4831081332612194e-12,10.421837978983774,19.92148402854268,1.0,0.88,25,22
3398,4,TCF7L2,3398,-1.0,15.16315671972608,0.484412774796417,9.553504741794124e-26,-9.92569988462218,18.25539203699521,1.0,0.88,25,22
3396,4,TCF7L2,3396,-1.0,15.16315671972608,0.35474839668178987,1.0101279364658783e-13,-3.1004854869690033,2.6548127455271455,1.0,0.88,25,22
3404,4,TCF7L2,3404,-1.0,15.16315671972608,0.32986816198365426,5.7711670044401826e-12,-4.066857021210101,4.171835874362146,1.0,0.88,25,22
3418,4,TCF7L2,3418,-1.0,15.16315671972608,0.2090532463573634,1.8011318441481454e-05,-9.439955120183793,16.175577259794718,1.0,0.88,25,22
3401,4,TCF7L2,3401,-1.0,15.16315671972608,-0.2245323646412157,3.9539907527078155e-06,2.6041311642279936,1.9986301243553823,1.0,0.88,25,22
3402,4,TCF7L2,3402,-1.0,15.16315671972608,-0.21277276703402728,1.263731785199e-05,11.126437063634128,20.015267265546225,1.0,0.88,25,22
3410,4,TCF7L2,3410,-1.0,15.16315671972608,0.24554814689857443,4.2209391243273774e-07,-6.6951031362765026,9.504849090360457,1.0,0.88,25,22
3414,4,TCF7L2,3414,-1.0,15.16315671972608,0.24393664773844298,5.048229384564651e-07,-10.03497432108192,18.57796942707755,1.0,0.88,25,22
3399,4,TCF7L2,3399,-1.0,15.16315671972608,0.2922136382142953,1.357241952018758e-09,-16.09156214033376,40.9018235763894,1.0,0.88,25,22
3400,4,TCF7L2,3400,-1.0,15.16315671972608,-0.28368515645908193,4.2072955060119255e-09,22.877658769460716,55.65896698282552,1.0,0.88,25,22
3397,4,TCF7L2,3397,-1.0,15.16315671972608,0.4243457459694553,1.584698350084713e-19,-14.575724567194351,33.44509775878753,1.0,0.88,25,22
3420,4,TCF7L2,3420,-1.0,15.16315671972608,0.26548006955709985,4.155739328319585e-08,-9.235970958786032,15.276718475202477,1.0,0.88,25,22
3774,4,TNFRSF10A,3774,1.0,8.470980176053153,-0.289240761339917,2.022081808717833e-09,-12.69684735949957,28.708099261057203,1.0,0.6666666666666666,6,4
3775,4,TNFRSF10A,3775,1.0,8.470980176053153,-0.28233206539179145,5.017102591391735e-09,-10.193057600428938,18.47412044785007,1.0,0.6666666666666666,6,4
3773,4,TNFRSF10A,3773,1.0,8.470980176053153,0.31574906849209666,4.896697958656924e-11,18.635754908567638,43.050430906803655,1.0,0.6666666666666666,6,4
3772,4,TNFRSF10A,3772,1.0,8.470980176053153,0.4752778457761989,1.016764063665868e-24,9.499405590029195,15.606769777898279,1.0,0.6666666666666666,6,4
1175,4,E2F3,1175,-1.0,27.232855228435447,0.3699100856526433,7.165291907476429e-15,-7.932757625745465,12.327655329140637,0.3,0.3,10,10
1171,4,E2F3,1171,-1.0,27.232855228435447,0.4802752012365707,2.813082656588866e-25,-5.8271037798918375,7.7237220452382545,0.3,0.3,10,10
1166,4,E2F3,1166,-1.0,27.232855228435447,0.43078193392582864,3.899594426681343e-20,-2.887210700703662,2.3648768704560577,0.3,0.3,10,10
871,4,SATB1,871,-1.0,28.814310868053557,0.45886368930823834,5.982773821006836e-23,-4.990893804029814,5.86248179682476,1.0,0.84,25,21
852,4,SATB1,852,-1.0,28.814310868053557,0.3971961538120056,4.256683517680069e-17,-2.6233690937621037,2.0276753226903095,1.0,0.84,25,21
854,4,SATB1,854,-1.0,28.814310868053557,-0.40255389385735385,1.4692875916752066e-17,17.025728489623678,39.783199335561015,1.0,0.84,25,21
863,4,SATB1,863,-1.0,28.814310868053557,0.5272941434122637,5.288203951658784e-31,-18.009894533181303,47.42085343845292,1.0,0.84,25,21
874,4,SATB1,874,-1.0,28.814310868053557,0.39986986581973755,2.5094585565679748e-17,-4.5824784009690465,5.011655368927112,1.0,0.84,25,21
858,4,SATB1,858,-1.0,28.814310868053557,0.5340401504956557,6.702227827279944e-32,-14.278416237971394,34.203535951053176,1.0,0.84,25,21
861,4,SATB1,861,-1.0,28.814310868053557,-0.29788914580313036,6.259119427761982e-10,13.23595455813455,26.475949486849295,1.0,0.84,25,21
857,4,SATB1,857,-1.0,28.814310868053557,-0.3473739573516722,3.4795266553697895e-13,13.306882074751362,25.709963707661366,1.0,0.84,25,21
862,4,SATB1,862,-1.0,28.814310868053557,0.6266030116888229,1.537511471493259e-46,-16.96001719851695,41.228752336877236,1.0,0.84,25,21
855,4,SATB1,855,-1.0,28.814310868053557,0.6596775564200164,4.654718155549177e-53,-11.401753737374454,22.738545693830787,1.0,0.84,25,21
865,4,SATB1,865,-1.0,28.814310868053557,0.40761872630008406,5.280180271139572e-18,-14.947542699316823,37.07058915669825,1.0,0.84,25,21
856,4,SATB1,856,-1.0,28.814310868053557,-0.3285656363743214,7.062625404936696e-12,21.250168363362516,54.17596492114418,1.0,0.84,25,21
869,4,SATB1,869,-1.0,28.814310868053557,0.22998616214515927,2.257220718973237e-06,-3.751223092815973,3.6203928036481545,1.0,0.84,25,21
864,4,SATB1,864,-1.0,28.814310868053557,-0.5751449634732212,7.90644675708752e-38,16.899482744377817,38.73158948530601,1.0,0.84,25,21
875,4,SATB1,875,-1.0,28.814310868053557,-0.22199343748295639,5.1088836497642e-06,13.754543575668345,30.83911982417647,1.0,0.84,25,21
853,4,SATB1,853,-1.0,28.814310868053557,0.4777498032978319,5.399223555439422e-25,-7.29352840230009,11.273207466705143,1.0,0.84,25,21
868,4,SATB1,868,-1.0,28.814310868053557,0.48330929782927906,1.276067083233537e-25,-11.508326851624572,21.849085353040785,1.0,0.84,25,21
860,4,SATB1,860,-1.0,28.814310868053557,-0.2632993284856449,5.406711891149135e-08,9.237205262730189,15.618869715177416,1.0,0.84,25,21
859,4,SATB1,859,-1.0,28.814310868053557,-0.318782995969561,3.121930042992266e-11,4.432262399441999,4.783200451588209,1.0,0.84,25,21
873,4,SATB1,873,-1.0,28.814310868053557,0.5082923545957703,1.3957459818321534e-28,-14.099496927450069,33.296404093046135,1.0,0.84,25,21
867,4,SATB1,867,-1.0,28.814310868053557,-0.5252368564689329,9.837950678549886e-31,24.675270025948222,66.25538301740309,1.0,0.84,25,21
7121,4,EGR2,7121,1.0,13.843468134227845,-0.24824959380632333,3.1180837634566464e-07,-12.179372548723999,25.819439971390974,1.0,0.8333333333333334,6,5
7124,4,EGR2,7124,1.0,13.843468134227845,-0.12477280423938095,0.011053209879540546,-3.9903824564177017,4.0245382922668975,1.0,0.8333333333333334,6,5
7120,4,EGR2,7120,1.0,13.843468134227845,0.6905463310236419,6.168374796759735e-60,8.509116488763679,13.733801392862924,1.0,0.8333333333333334,6,5
7122,4,EGR2,7122,1.0,13.843468134227845,0.554374060089183,9.91855830793899e-35,17.251799348577503,42.064524022072774,1.0,0.8333333333333334,6,5
7119,4,EGR2,7119,1.0,13.843468134227845,0.7223969887339653,5.288429584192626e-68,8.054983826918125,12.880371774608463,1.0,0.8333333333333334,6,5
1900,4,GABPA,1900,-1.0,1.7531386041467187,0.23272836582671355,1.6938571103835406e-06,-4.9101344442661885,5.681515671718099,0.8181818181818182,0.72,25,22
1880,4,GABPA,1880,-1.0,1.7531386041467187,0.5766659859778096,4.5954988283847163e-38,-10.512997553725796,19.992969852557657,0.8181818181818182,0.72,25,22
1886,4,GABPA,1886,-1.0,1.7531386041467187,-0.270951624161664,2.1250111754908645e-08,15.12665430379927,33.38375877332307,0.8181818181818182,0.72,25,22
1892,4,GABPA,1892,-1.0,1.7531386041467187,-0.3294771675395128,6.132452240467327e-12,23.183287873995926,58.846367608240506,0.8181818181818182,0.72,25,22
1877,4,GABPA,1877,-1.0,1.7531386041467187,-0.2373876599143178,1.0315118090005054e-06,3.304584936939013,2.9375993861763625,0.8181818181818182,0.72,25,22
1885,4,GABPA,1885,-1.0,1.7531386041467187,0.5117883049198584,5.136377974833218e-29,-9.555032685874263,18.018264000421258,0.8181818181818182,0.72,25,22
1889,4,GABPA,1889,-1.0,1.7531386041467187,0.5077422227070193,1.6318109874209948e-28,-8.485791328730741,14.348264886693435,0.8181818181818182,0.72,25,22
1887,4,GABPA,1887,-1.0,1.7531386041467187,0.5992120920781769,1.0467753149802834e-41,-4.63192104995741,5.199513957054089,0.8181818181818182,0.72,25,22
1888,4,GABPA,1888,-1.0,1.7531386041467187,0.5000571186736631,1.4057985446221688e-27,-16.57394203712745,40.27877695241059,0.8181818181818182,0.72,25,22
1895,4,GABPA,1895,-1.0,1.7531386041467187,-0.18894730411275593,0.00010983092940400483,7.269095158132621,10.976594574712523,0.8181818181818182,0.72,25,22
1899,4,GABPA,1899,-1.0,1.7531386041467187,0.4977043873990541,2.6886667835868143e-27,-5.779994661154696,7.57183764704484,0.8181818181818182,0.72,25,22
1896,4,GABPA,1896,-1.0,1.7531386041467187,0.27963095671453053,7.109576650787371e-09,-6.95690407958136,10.054905595460408,0.8181818181818182,0.72,25,22
1884,4,GABPA,1884,-1.0,1.7531386041467187,0.39971258864281217,2.5890299315555025e-17,-8.410112819148292,13.996690103855823,0.8181818181818182,0.72,25,22
1876,4,GABPA,1876,-1.0,1.7531386041467187,0.5864897213868634,1.2889766157930907e-39,-2.923038877860857,2.4145846737141445,0.8181818181818182,0.72,25,22
1883,4,GABPA,1883,-1.0,1.7531386041467187,0.3953710620986949,6.088833165784504e-17,-16.809872763969103,41.18832152840575,0.8181818181818182,0.72,25,22
1898,4,GABPA,1898,-1.0,1.7531386041467187,0.3891251287918281,2.0386043424282342e-16,-7.777417364855797,12.216856528080136,0.8181818181818182,0.72,25,22
1897,4,GABPA,1897,-1.0,1.7531386041467187,0.424684652918443,1.473014192938744e-19,-2.7695178937080733,2.211217590794589,0.8181818181818182,0.72,25,22
1893,4,GABPA,1893,-1.0,1.7531386041467187,0.48778171957225686,3.9221929463633084e-26,-7.2502914703291905,10.905457958640808,0.8181818181818182,0.72,25,22
1814,4,FOXJ2,1814,1.0,2.45586368491845,0.3256122077530038,1.1124663284504387e-11,24.620905674760664,65.90153095606955,0.9047619047619048,0.76,25,21
1810,4,FOXJ2,1810,1.0,2.45586368491845,0.3607048046909187,3.6323507863739636e-14,5.642739800176332,7.289065947889892,0.9047619047619048,0.76,25,21
1803,4,FOXJ2,1803,1.0,2.45586368491845,0.22545877794787952,3.5983568069957537e-06,10.692705380681788,18.87507933493145,0.9047619047619048,0.76,25,21
1820,4,FOXJ2,1820,1.0,2.45586368491845,0.5697151803339265,5.361072267988192e-37,13.457290014104311,29.22261919086952,0.9047619047619048,0.76,25,21
1817,4,FOXJ2,1817,1.0,2.45586368491845,0.5486268476368894,6.545523018363241e-34,12.210946941618998,27.226938555943057,0.9047619047619048,0.76,25,21
1819,4,FOXJ2,1819,1.0,2.45586368491845,0.47211319221511805,2.269304302696439e-24,5.6677775822799,7.31541146985066,0.9047619047619048,0.76,25,21
1815,4,FOXJ2,1815,1.0,2.45586368491845,-0.25552899036930965,1.354686926358778e-07,-28.877924808659113,97.17005700688468,0.9047619047619048,0.76,25,21
1804,4,FOXJ2,1804,1.0,2.45586368491845,0.3391742356308063,1.325661865140243e-12,13.347654019603123,29.46758841863204,0.9047619047619048,0.76,25,21
1807,4,FOXJ2,1807,1.0,2.45586368491845,0.24636835583200264,3.8515749376347225e-07,2.4497835726786867,1.8230719340600476,0.9047619047619048,0.76,25,21
1806,4,FOXJ2,1806,1.0,2.45586368491845,0.4551429848248665,1.4619286329422233e-22,7.597738517260368,12.089047091802563,0.9047619047619048,0.76,25,21
1808,4,FOXJ2,1808,1.0,2.45586368491845,0.49719754901276864,3.0897157534764098e-27,6.274636659247701,8.602417455834454,0.9047619047619048,0.76,25,21
1812,4,FOXJ2,1812,1.0,2.45586368491845,0.3580187472703743,5.776281294675439e-14,9.222363191748917,15.534974474177638,0.9047619047619048,0.76,25,21
1802,4,FOXJ2,1802,1.0,2.45586368491845,0.30826927036496343,1.4536865492369392e-10,8.758982772358456,14.826769312037344,0.9047619047619048,0.76,25,21
1816,4,FOXJ2,1816,1.0,2.45586368491845,0.3142055536600556,6.144819551919982e-11,3.569142811801196,3.315322539517144,0.9047619047619048,0.76,25,21
1809,4,FOXJ2,1809,1.0,2.45586368491845,0.4336264523300064,2.0783627407218534e-20,21.863742005026037,56.8779153351365,0.9047619047619048,0.76,25,21
1823,4,FOXJ2,1823,1.0,2.45586368491845,0.4843319377097823,9.758596870498116e-26,12.441462945753099,26.5342127972108,0.9047619047619048,0.76,25,21
1822,4,FOXJ2,1822,1.0,2.45586368491845,0.27868035992797385,8.030380973627827e-09,4.755765290979591,5.354109428103199,0.9047619047619048,0.76,25,21
1813,4,FOXJ2,1813,1.0,2.45586368491845,0.2713837136100989,2.014095814464525e-08,12.341987112452413,23.487819491621774,0.9047619047619048,0.76,25,21
1805,4,FOXJ2,1805,1.0,2.45586368491845,0.4646291662068846,1.4660962273545156e-23,14.768430198061619,29.95235565681617,0.9047619047619048,0.76,25,21
8296,4,RELA,8296,1.0,2.3623045301645624,0.17109972683660216,0.00047112733381583327,14.30998352473069,30.444359866491567,1.0,0.5,4,2
8297,4,RELA,8297,1.0,2.3623045301645624,0.1888020341181549,0.00011120254106594199,12.107610544765306,25.361326878419966,1.0,0.5,4,2
9826,4,HOXA1,9826,-1.0,29.38666786919298,0.3227247340768485,1.7264075638321627e-11,-3.4266275357199247,3.106954016029641,0.8571428571428571,0.8571428571428571,14,14
9818,4,HOXA1,9818,-1.0,29.38666786919298,-0.17491817993100944,0.000349020106909971,4.522374705899123,4.922847688825033,0.8571428571428571,0.8571428571428571,14,14
9820,4,HOXA1,9820,-1.0,29.38666786919298,0.15100494619809907,0.002063820614426962,-4.411867836437246,4.773320950224252,0.8571428571428571,0.8571428571428571,14,14
9823,4,HOXA1,9823,-1.0,29.38666786919298,0.2470625739086465,3.563417681316664e-07,-2.657497008107904,2.0671904017409326,0.8571428571428571,0.8571428571428571,14,14
9825,4,HOXA1,9825,-1.0,29.38666786919298,0.288515933404108,2.2269426652215706e-09,-2.3239900864709346,1.6757520107717012,0.8571428571428571,0.8571428571428571,14,14
9827,4,HOXA1,9827,-1.0,29.38666786919298,0.4068499284008336,6.1745126038230174e-18,-6.902234890153421,10.16549814178859,0.8571428571428571,0.8571428571428571,14,14
9828,4,HOXA1,9828,-1.0,29.38666786919298,0.2101969727525747,1.61627619851307e-05,-4.885219485781251,5.613954616346077,0.8571428571428571,0.8571428571428571,14,14
9824,4,HOXA1,9824,-1.0,29.38666786919298,0.18705202957318273,0.00012904194886543302,-5.480635005877913,6.89747491441115,0.8571428571428571,0.8571428571428571,14,14
9829,4,HOXA1,9829,-1.0,29.38666786919298,0.21808991942081413,7.53196717757763e-06,-9.102674956404353,15.675803584277206,0.8571428571428571,0.8571428571428571,14,14
9821,4,HOXA1,9821,-1.0,29.38666786919298,0.22613625361536685,3.3578541564466686e-06,-11.795614444883334,23.351799106610724,0.8571428571428571,0.8571428571428571,14,14
9819,4,HOXA1,9819,-1.0,29.38666786919298,0.21829657824898926,7.380057820555475e-06,-4.036425703226393,4.107296106163432,0.8571428571428571,0.8571428571428571,14,14
9816,4,HOXA1,9816,-1.0,29.38666786919298,0.27806444220930465,8.687593872286769e-09,-14.114001543560214,32.21088766980167,0.8571428571428571,0.8571428571428571,14,14
1305,4,BRCA1,1305,1.0,7.325254869503036,0.54748531973985,9.480594475031588e-34,8.566521949078359,14.420058282319609,0.6,0.46153846153846156,13,10
1306,4,BRCA1,1306,1.0,7.325254869503036,0.19240283589352675,8.153142940203847e-05,16.181201316155313,34.543839143436315,0.6,0.46153846153846156,13,10
1313,4,BRCA1,1313,1.0,7.325254869503036,0.7219136573665967,7.147208835903534e-68,9.702316610944468,17.63213032965194,0.6,0.46153846153846156,13,10
1302,4,BRCA1,1302,1.0,7.325254869503036,0.29642308575284404,7.656869360817183e-10,5.2395198641498135,6.391206673121849,0.6,0.46153846153846156,13,10
1303,4,BRCA1,1303,1.0,7.325254869503036,0.3695469952237628,7.646632015038016e-15,12.134908564139725,23.111937726158416,0.6,0.46153846153846156,13,10
1312,4,BRCA1,1312,1.0,7.325254869503036,0.06174794979475752,0.20992093274259205,18.189637075881883,44.47342099224505,0.6,0.46153846153846156,13,10
5093,4,TBX21,5093,1.0,18.7962863079389,-0.3805969852671027,1.0187410076452653e-15,-25.534723123533098,79.17520192406681,1.0,1.0,24,24
5082,4,TBX21,5082,1.0,18.7962863079389,0.8476188785038037,1.8689163524214752e-115,10.976910488490756,19.581934215592224,1.0,1.0,24,24
5092,4,TBX21,5092,1.0,18.7962863079389,-0.3144573662583802,5.921900885529784e-11,-14.134421803514567,31.261823338049712,1.0,1.0,24,24
5094,4,TBX21,5094,1.0,18.7962863079389,-0.3269752766196907,9.025776116036574e-12,-13.01638656172467,28.305708386671462,1.0,1.0,24,24
5103,4,TBX21,5103,1.0,18.7962863079389,-0.25215970736298177,1.9989691311294018e-07,-2.764501694437727,2.203864369332953,1.0,1.0,24,24
5083,4,TBX21,5083,1.0,18.7962863079389,0.4381269472034892,7.586066841477038e-21,22.669704708572237,53.18385560177279,1.0,1.0,24,24
5091,4,TBX21,5091,1.0,18.7962863079389,0.5358033460296603,3.876180042148317e-32,19.558059031086575,50.259263822027535,1.0,1.0,24,24
5086,4,TBX21,5086,1.0,18.7962863079389,0.6226465605553069,8.215380696570203e-46,9.766417111184007,17.078530140748427,1.0,1.0,24,24
5081,4,TBX21,5081,1.0,18.7962863079389,0.44788252916920873,8.100865485212109e-22,7.009461909143622,10.305196731365914,1.0,1.0,24,24
5098,4,TBX21,5098,1.0,18.7962863079389,0.48023292242556925,2.8440825297071535e-25,14.094741769526102,31.67276629694859,1.0,1.0,24,24
5104,4,TBX21,5104,1.0,18.7962863079389,0.370105751989958,6.918354627184762e-15,5.088673123766189,6.016317780602904,1.0,1.0,24,24
5095,4,TBX21,5095,1.0,18.7962863079389,0.39255005071343385,1.0542495899281644e-16,6.375724374975435,8.792411962041365,1.0,1.0,24,24
5085,4,TBX21,5085,1.0,18.7962863079389,-0.28052794396873737,6.335049628244433e-09,-10.028584100177856,18.371734215874522,1.0,1.0,24,24
5089,4,TBX21,5089,1.0,18.7962863079389,-0.22830008316242126,2.6883488701761543e-06,-17.284051686369224,42.77855042775763,1.0,1.0,24,24
5088,4,TBX21,5088,1.0,18.7962863079389,0.814477025905496,1.886026157078591e-99,11.808682323674109,22.01800216409714,1.0,1.0,24,24
5102,4,TBX21,5102,1.0,18.7962863079389,0.09925737268475947,0.04354240253222834,6.091840704231686,8.113403638365886,1.0,1.0,24,24
5101,4,TBX21,5101,1.0,18.7962863079389,0.2697947067774203,2.4518577499092684e-08,8.720493977190454,14.896941065911617,1.0,1.0,24,24
5099,4,TBX21,5099,1.0,18.7962863079389,-0.2184027826222249,7.303129851654535e-06,-7.784813581840283,12.065568682799496,1.0,1.0,24,24
5084,4,TBX21,5084,1.0,18.7962863079389,0.34178994110984423,8.689063640085289e-13,13.978620372279368,27.03751583624318,1.0,1.0,24,24
5090,4,TBX21,5090,1.0,18.7962863079389,0.554638556330808,9.085530682377039e-35,10.419365016169357,18.936834717754103,1.0,1.0,24,24
5097,4,TBX21,5097,1.0,18.7962863079389,0.23865382574618932,8.998434489557792e-07,9.620184188328194,17.481769506745128,1.0,1.0,24,24
5100,4,TBX21,5100,1.0,18.7962863079389,0.1656494807527827,0.0007152059144543934,4.683885298490563,5.188148774491296,1.0,1.0,24,24
5087,4,TBX21,5087,1.0,18.7962863079389,0.30934788739123253,1.2449204596172088e-10,2.2139590069064643,1.54482371288249,1.0,1.0,24,24
5096,4,TBX21,5096,1.0,18.7962863079389,0.33922953631559616,1.313929093106704e-12,9.876653030246207,17.900312422005772,1.0,1.0,24,24
7379,4,CREB5,7379,1.0,57.51453233052639,0.674960501020822,2.3307250168572015e-56,7.209465956520512,10.537356769087967,1.0,0.9333333333333333,15,14
7382,4,CREB5,7382,1.0,57.51453233052639,0.4279076512387057,7.320936622906657e-20,14.960896808493038,30.98097882783295,1.0,0.9333333333333333,15,14
7380,4,CREB5,7380,1.0,57.51453233052639,0.2257822954096627,3.4815251588369702e-06,9.415269000409184,16.345775223820368,1.0,0.9333333333333333,15,14
7381,4,CREB5,7381,1.0,57.51453233052639,-0.38326663850897863,6.187606472886522e-16,-13.269573051767987,29.023849031201966,1.0,0.9333333333333333,15,14
7374,4,CREB5,7374,1.0,57.51453233052639,0.35021847575585,2.1676666752932887e-13,8.368052239210417,14.069337129186845,1.0,0.9333333333333333,15,14
7385,4,CREB5,7385,1.0,57.51453233052639,0.4804603824287571,2.6811875967282317e-25,2.753740275445852,2.1857870530561647,1.0,0.9333333333333333,15,14
7383,4,CREB5,7383,1.0,57.51453233052639,0.5910905016000416,2.3173452895236805e-40,11.1463950887294,21.407359906784272,1.0,0.9333333333333333,15,14
7372,4,CREB5,7372,1.0,57.51453233052639,-0.15296093311027034,0.0018007194026424525,-9.684971223451782,18.24266517124363,1.0,0.9333333333333333,15,14
7375,4,CREB5,7375,1.0,57.51453233052639,-0.35783086023428384,5.965808085718922e-14,-15.89393983698878,39.6181198895275,1.0,0.9333333333333333,15,14
7378,4,CREB5,7378,1.0,57.51453233052639,0.7935488453445321,6.476311318493012e-91,18.163090943059704,45.72432262765181,1.0,0.9333333333333333,15,14
7377,4,CREB5,7377,1.0,57.51453233052639,0.47946124956717073,3.4729624809830543e-25,6.779155309714185,9.399537258760008,1.0,0.9333333333333333,15,14
7376,4,CREB5,7376,1.0,57.51453233052639,0.5568238635138513,4.3880406308521676e-35,17.912191974126465,41.31220894267634,1.0,0.9333333333333333,15,14
7371,4,CREB5,7371,1.0,57.51453233052639,0.6372136403282358,1.5213187929079498e-48,6.590881415666984,9.280267400070896,1.0,0.9333333333333333,15,14
7373,4,CREB5,7373,1.0,57.51453233052639,0.6187276530059601,4.220137242838641e-45,4.596780982107694,5.014578717577217,1.0,0.9333333333333333,15,14
5738,4,ETV7,5738,1.0,22.950867080580014,0.486535678454422,5.457946423723521e-26,11.04938942742551,20.41176208683246,0.8181818181818182,0.72,25,22
5747,4,ETV7,5747,1.0,22.950867080580014,0.24274117207856588,5.76039986572056e-07,8.265561024744093,13.534087874871204,0.8181818181818182,0.72,25,22
5728,4,ETV7,5728,1.0,22.950867080580014,0.27057263689984706,2.227140073532667e-08,11.145122134227657,21.190177952564785,0.8181818181818182,0.72,25,22
5733,4,ETV7,5733,1.0,22.950867080580014,0.22117627262392026,5.544593438206704e-06,10.66301385250242,21.118148336803234,0.8181818181818182,0.72,25,22
5729,4,ETV7,5729,1.0,22.950867080580014,0.30385637718787567,2.723248230118967e-10,9.16731892294696,15.252235838102765,0.8181818181818182,0.72,25,22
5742,4,ETV7,5742,1.0,22.950867080580014,-0.174497252088679,0.00036086573551436527,-3.383907039649623,3.0551502809562288,0.8181818181818182,0.72,25,22
5725,4,ETV7,5725,1.0,22.950867080580014,0.3560006950636529,8.161315216033723e-14,10.708626307589245,18.918707278261696,0.8181818181818182,0.72,25,22
5748,4,ETV7,5748,1.0,22.950867080580014,0.21682798147004276,8.526227700532535e-06,2.7787001404396316,2.2147966909524617,0.8181818181818182,0.72,25,22
5745,4,ETV7,5745,1.0,22.950867080580014,0.47134337962440354,2.755250837364506e-24,10.769514152835654,20.153994786853552,0.8181818181818182,0.72,25,22
5726,4,ETV7,5726,1.0,22.950867080580014,0.17539204084471374,0.00033611890336855324,13.325497753353686,26.08797529434933,0.8181818181818182,0.72,25,22
5730,4,ETV7,5730,1.0,22.950867080580014,0.2695188798144468,2.5366808898410845e-08,22.964606869174027,61.79264820429756,0.8181818181818182,0.72,25,22
5743,4,ETV7,5743,1.0,22.950867080580014,0.2956040606261239,8.565248097723635e-10,4.109085534508654,4.21262642162141,0.8181818181818182,0.72,25,22
5732,4,ETV7,5732,1.0,22.950867080580014,0.5578399078998382,3.122583384720954e-35,4.126456604915231,4.21773919633976,0.8181818181818182,0.72,25,22
5727,4,ETV7,5727,1.0,22.950867080580014,0.2604079651588775,7.636222688837396e-08,18.29784971004935,43.62473420122012,0.8181818181818182,0.72,25,22
5739,4,ETV7,5739,1.0,22.950867080580014,0.2037134325278797,2.962938630254641e-05,5.9202470412919785,7.626002205662935,0.8181818181818182,0.72,25,22
5731,4,ETV7,5731,1.0,22.950867080580014,0.3625484990810701,2.635141115708283e-14,3.6918508900353277,3.5278275124929848,0.8181818181818182,0.72,25,22
5737,4,ETV7,5737,1.0,22.950867080580014,0.18537406812215704,0.0001486418303225226,8.44260419836609,14.077526263177203,0.8181818181818182,0.72,25,22
5734,4,ETV7,5734,1.0,22.950867080580014,0.23719368472944313,1.0532484043233243e-06,4.707853369156432,5.201856572182495,0.8181818181818182,0.72,25,22
3447,4,SREBF2,3447,-1.0,24.53476662246745,-0.3122181113124992,8.215601498190249e-11,2.6803729159166085,2.0907578005910703,0.75,0.5454545454545454,11,8
3450,4,SREBF2,3450,-1.0,24.53476662246745,0.3140068432483487,6.326481954564208e-11,-2.0602435657553575,1.3882744592242422,0.75,0.5454545454545454,11,8
3456,4,SREBF2,3456,-1.0,24.53476662246745,0.21521715877088735,9.97774092092562e-06,-2.6617550521528157,2.0699792230439455,0.75,0.5454545454545454,11,8
3449,4,SREBF2,3449,-1.0,24.53476662246745,0.36491611249715145,1.7397544979378833e-14,-6.912118573294402,10.268821540328837,0.75,0.5454545454545454,11,8
3446,4,SREBF2,3446,-1.0,24.53476662246745,0.45892693840949655,5.892034494896367e-23,-3.638339188381109,3.462710201188676,0.75,0.5454545454545454,11,8
3455,4,SREBF2,3455,-1.0,24.53476662246745,-0.24604061048911938,3.995279099265946e-07,11.813099645499129,21.72753163642701,0.75,0.5454545454545454,11,8
1144,4,MEF2D,1144,1.0,4.24352362856018,0.4727003603423063,1.956474187165933e-24,5.033249027328777,5.884059943463357,0.8181818181818182,0.72,25,22
1145,4,MEF2D,1145,1.0,4.24352362856018,0.32135490060040145,2.123140919193417e-11,16.44071081423781,34.414390850904674,0.8181818181818182,0.72,25,22
1151,4,MEF2D,1151,1.0,4.24352362856018,-0.26195266379762655,6.35323115171314e-08,-15.824003343444767,39.95987538504788,0.8181818181818182,0.72,25,22
1146,4,MEF2D,1146,1.0,4.24352362856018,0.5029459452717704,6.297090982762704e-28,20.687826608822146,52.150386820718985,0.8181818181818182,0.72,25,22
1154,4,MEF2D,1154,1.0,4.24352362856018,0.15620118118542178,0.0014315864927859898,3.2221940747764126,2.8172685712471663,0.8181818181818182,0.72,25,22
1165,4,MEF2D,1165,1.0,4.24352362856018,0.43672667298312107,1.0396891707845081e-20,3.087941483890933,2.640324898747479,0.8181818181818182,0.72,25,22
1152,4,MEF2D,1152,1.0,4.24352362856018,-0.23249329563754545,1.7363063170218108e-06,-25.430910521327284,78.25152283952956,0.8181818181818182,0.72,25,22
1158,4,MEF2D,1158,1.0,4.24352362856018,0.3466327252371947,3.9331110610638773e-13,11.083192576778266,21.940573327498644,0.8181818181818182,0.72,25,22
1162,4,MEF2D,1162,1.0,4.24352362856018,0.4850386703144825,8.103191820170973e-26,13.363865473068866,29.471151624909577,0.8181818181818182,0.72,25,22
1149,4,MEF2D,1149,1.0,4.24352362856018,0.5481201783658479,7.716714861049259e-34,9.578922128508248,16.582265919408247,0.8181818181818182,0.72,25,22
1147,4,MEF2D,1147,1.0,4.24352362856018,0.21710144081960014,8.300705337191904e-06,7.126185082255807,10.807622776565266,0.8181818181818182,0.72,25,22
1148,4,MEF2D,1148,1.0,4.24352362856018,0.43318895119376344,2.290467129019215e-20,22.919546551941178,61.73248868317526,0.8181818181818182,0.72,25,22
1153,4,MEF2D,1153,1.0,4.24352362856018,0.32024651929118725,2.508047724862964e-11,2.3841669236859437,1.7307702926566213,0.8181818181818182,0.72,25,22
1143,4,MEF2D,1143,1.0,4.24352362856018,0.4474972846433635,8.861189948198826e-22,9.916416559753422,16.858821106354434,0.8181818181818182,0.72,25,22
1157,4,MEF2D,1157,1.0,4.24352362856018,0.245273503742309,4.352058330319468e-07,2.330390500140492,1.6767352811850078,0.8181818181818182,0.72,25,22
1150,4,MEF2D,1150,1.0,4.24352362856018,0.39256527108539435,1.0511465240469327e-16,12.643271442838087,24.857682036471495,0.8181818181818182,0.72,25,22
1142,4,MEF2D,1142,1.0,4.24352362856018,0.5007320576124902,1.1660879934602402e-27,7.232186065424198,10.829098815285604,0.8181818181818182,0.72,25,22
1161,4,MEF2D,1161,1.0,4.24352362856018,0.3640718891990745,2.0181556021101073e-14,5.952558955315098,7.61380351818364,0.8181818181818182,0.72,25,22
5062,4,BORCS8-MEF2B,5062,1.0,2.7751289999171878,0.34616275397410257,4.25015294083959e-13,10.190082267080113,18.271844115948507,0.8421052631578947,0.6666666666666666,24,19
5059,4,BORCS8-MEF2B,5059,1.0,2.7751289999171878,0.4517948412240393,3.2363211601194784e-22,12.504451265622587,25.20022291257172,0.8421052631578947,0.6666666666666666,24,19
5064,4,BORCS8-MEF2B,5064,1.0,2.7751289999171878,0.35511554587652644,9.48998477026644e-14,3.030034719140645,2.5438995665672004,0.8421052631578947,0.6666666666666666,24,19
5061,4,BORCS8-MEF2B,5061,1.0,2.7751289999171878,0.25890064098905363,9.127171047716056e-08,5.257306541654217,6.291781538433351,0.8421052631578947,0.6666666666666666,24,19
5058,4,BORCS8-MEF2B,5058,1.0,2.7751289999171878,0.25056393592054294,2.39880262195596e-07,12.342446884724497,24.15471496556968,0.8421052631578947,0.6666666666666666,24,19
5069,4,BORCS8-MEF2B,5069,1.0,2.7751289999171878,0.29411026567582044,1.0498949402052947e-09,5.4442514787483685,6.706694893698873,0.8421052631578947,0.6666666666666666,24,19
5073,4,BORCS8-MEF2B,5073,1.0,2.7751289999171878,0.31104022363799877,9.748772593621125e-11,5.421612895254773,6.73953507836705,0.8421052631578947,0.6666666666666666,24,19
5060,4,BORCS8-MEF2B,5060,1.0,2.7751289999171878,-0.23545129037045118,1.2692149049018488e-06,-16.793065532463494,41.701505206170474,0.8421052631578947,0.6666666666666666,24,19
5070,4,BORCS8-MEF2B,5070,1.0,2.7751289999171878,0.10213013333468626,0.037783839652242475,6.486594597613756,8.840524390831083,0.8421052631578947,0.6666666666666666,24,19
5074,4,BORCS8-MEF2B,5074,1.0,2.7751289999171878,0.2994702042193408,5.029835370264117e-10,9.107863291513558,15.812726154552895,0.8421052631578947,0.6666666666666666,24,19
5079,4,BORCS8-MEF2B,5079,1.0,2.7751289999171878,0.20205644136711076,3.448833302632215e-05,11.669272535951947,22.07104578297946,0.8421052631578947,0.6666666666666666,24,19
5063,4,BORCS8-MEF2B,5063,1.0,2.7751289999171878,0.19420678820133677,6.964098235176676e-05,16.100230772640106,33.66321782168794,0.8421052631578947,0.6666666666666666,24,19
5071,4,BORCS8-MEF2B,5071,1.0,2.7751289999171878,-0.1881844252470457,0.00011721560801532305,-11.603304088710733,24.244382423295605,0.8421052631578947,0.6666666666666666,24,19
5065,4,BORCS8-MEF2B,5065,1.0,2.7751289999171878,-0.23692479149147386,1.08410783807916e-06,-3.7483521698496682,3.640477466917426,0.8421052631578947,0.6666666666666666,24,19
5057,4,BORCS8-MEF2B,5057,1.0,2.7751289999171878,0.2635550307345817,5.2430733855764096e-08,9.979550173756781,17.06486266496492,0.8421052631578947,0.6666666666666666,24,19
5077,4,BORCS8-MEF2B,5077,1.0,2.7751289999171878,0.2998478385592058,4.772955571888671e-10,2.5852895223174692,1.9743078317230423,0.8421052631578947,0.6666666666666666,24,19
7425,4,HOXD1,7425,-1.0,29.271542122304954,-0.08881805778752447,0.0710300434495939,3.7890990092794685,3.6236995907431715,0.9333333333333333,0.9333333333333333,15,15
7427,4,HOXD1,7427,-1.0,29.271542122304954,-0.13578203750891554,0.005653502075953413,3.6749211487304203,3.474350184860194,0.9333333333333333,0.9333333333333333,15,15
7415,4,HOXD1,7415,-1.0,29.271542122304954,-0.21907433925617198,6.834101212315191e-06,7.761606388244891,12.168158220829671,0.9333333333333333,0.9333333333333333,15,15
7419,4,HOXD1,7419,-1.0,29.271542122304954,0.18639789180936825,0.00013637494134816988,-9.136630567349885,15.880450505296812,0.9333333333333333,0.9333333333333333,15,15
7417,4,HOXD1,7417,-1.0,29.271542122304954,-0.18964659564671998,0.00010344800537971091,7.487029758931083,11.75723872883786,0.9333333333333333,0.9333333333333333,15,15
7420,4,HOXD1,7420,-1.0,29.271542122304954,0.32782626452752794,7.917072212193812e-12,-18.728966010659946,50.063453115798424,0.9333333333333333,0.9333333333333333,15,15
7428,4,HOXD1,7428,-1.0,29.271542122304954,0.4687954893582119,5.2185739846412405e-24,-15.224815967790091,38.205514496344044,0.9333333333333333,0.9333333333333333,15,15
7421,4,HOXD1,7421,-1.0,29.271542122304954,-0.2572137164300956,1.1128755552307287e-07,21.047601802356414,53.363019981625854,0.9333333333333333,0.9333333333333333,15,15
7429,4,HOXD1,7429,-1.0,29.271542122304954,0.16558081996371635,0.0007189192223531778,-4.885219485781251,5.613954616346077,0.9333333333333333,0.9333333333333333,15,15
7426,4,HOXD1,7426,-1.0,29.271542122304954,-0.2131456661470601,1.2192030048528537e-05,10.024558493678255,16.762323519321903,0.9333333333333333,0.9333333333333333,15,15
7416,4,HOXD1,7416,-1.0,29.271542122304954,-0.24031301540513036,7.515350049178319e-07,20.268112427660967,47.277312654085605,0.9333333333333333,0.9333333333333333,15,15
7423,4,HOXD1,7423,-1.0,29.271542122304954,0.3009190145147387,4.1117816623265216e-10,-2.8629198449561635,2.328157055077505,0.9333333333333333,0.9333333333333333,15,15
7418,4,HOXD1,7418,-1.0,29.271542122304954,-0.19814700427142828,4.9108669196120404e-05,19.263239310104602,47.411501164822795,0.9333333333333333,0.9333333333333333,15,15
7422,4,HOXD1,7422,-1.0,29.271542122304954,-0.19654987990703737,5.6625400562278294e-05,5.141431728722455,6.18725826488258,0.9333333333333333,0.9333333333333333,15,15
3434,4,ZNF281,3434,1.0,20.252914393255864,0.5929631146969182,1.1434596898203534e-40,20.30623860652264,52.11016331107963,0.8095238095238095,0.68,25,21
3430,4,ZNF281,3430,1.0,20.252914393255864,-0.5587465347229534,2.3027117536009786e-35,-10.376085498493975,19.84540465769144,0.8095238095238095,0.68,25,21
3423,4,ZNF281,3423,1.0,20.252914393255864,0.34461298187803324,5.483142681829766e-13,10.816071382624818,19.20805084888738,0.8095238095238095,0.68,25,21
3433,4,ZNF281,3433,1.0,20.252914393255864,0.5918716449121045,1.726903769964268e-40,8.526305811006045,14.66256743027081,0.8095238095238095,0.68,25,21
3438,4,ZNF281,3438,1.0,20.252914393255864,0.38079890886844575,9.811934162164784e-16,26.095817210106937,76.23331257938308,0.8095238095238095,0.68,25,21
3437,4,ZNF281,3437,1.0,20.252914393255864,0.14758661977100954,0.002609334815921292,9.052029450693679,14.925001945979098,0.8095238095238095,0.68,25,21
3431,4,ZNF281,3431,1.0,20.252914393255864,0.3223572466516239,1.8251066518151076e-11,3.802206923880354,3.6774055781720327,0.8095238095238095,0.68,25,21
3443,4,ZNF281,3443,1.0,20.252914393255864,0.3906899521446139,1.509725159547816e-16,18.329664983732485,47.06008468100776,0.8095238095238095,0.68,25,21
3422,4,ZNF281,3422,1.0,20.252914393255864,0.3223039753497621,1.8398634856196605e-11,8.085614301876635,12.990024622432992,0.8095238095238095,0.68,25,21
3442,4,ZNF281,3442,1.0,20.252914393255864,0.3472853409638132,3.5309347864479683e-13,15.314172207334178,34.80797847678709,0.8095238095238095,0.68,25,21
3441,4,ZNF281,3441,1.0,20.252914393255864,-0.38164448508847476,8.381761912691512e-16,-6.3203391127468285,8.5192485430517,0.8095238095238095,0.68,25,21
3424,4,ZNF281,3424,1.0,20.252914393255864,0.5414174647849214,6.634155296294059e-33,16.83221938661823,40.15906937901978,0.8095238095238095,0.68,25,21
3445,4,ZNF281,3445,1.0,20.252914393255864,-0.47374397051306616,1.5020052066100512e-24,-4.302207798630671,4.5635265577507065,0.8095238095238095,0.68,25,21
3429,4,ZNF281,3429,1.0,20.252914393255864,0.4205338883695642,3.5849229584252556e-19,16.49751293249255,38.51240356410383,0.8095238095238095,0.68,25,21
3432,4,ZNF281,3432,1.0,20.252914393255864,0.42699442892107436,8.931671080503558e-20,9.942256440264963,17.353897799675742,0.8095238095238095,0.68,25,21
3439,4,ZNF281,3439,1.0,20.252914393255864,-0.2850578648946772,3.515810835952224e-09,-26.914985245617373,86.91523817271708,0.8095238095238095,0.68,25,21
3440,4,ZNF281,3440,1.0,20.252914393255864,-0.4321150693943265,2.9057256407603587e-20,-17.375464804647944,46.34473844487991,0.8095238095238095,0.68,25,21
9265,4,HOXB2,9265,-1.0,10.614840454764215,-0.1763066160842972,0.000312466707393477,18.954568346617272,44.516121310679104,0.8571428571428571,0.8571428571428571,7,7
9270,4,HOXB2,9270,-1.0,10.614840454764215,0.19860767419610015,4.7122238719992444e-05,-2.493660002409211,1.8666856461272097,0.8571428571428571,0.8571428571428571,7,7
9266,4,HOXB2,9266,-1.0,10.614840454764215,-0.30273954011646126,3.186844084553955e-10,5.547874569383024,7.000224020133011,0.8571428571428571,0.8571428571428571,7,7
9264,4,HOXB2,9264,-1.0,10.614840454764215,-0.2967797498024523,7.291223868344113e-10,7.806832052143356,12.425272393905042,0.8571428571428571,0.8571428571428571,7,7
9268,4,HOXB2,9268,-1.0,10.614840454764215,-0.13730830258606808,0.005131982765549506,7.265794370115443,11.050056217654836,0.8571428571428571,0.8571428571428571,7,7
9269,4,HOXB2,9269,-1.0,10.614840454764215,0.15913296305550662,0.0011588769377369784,-14.208441262775706,33.736712723222126,0.8571428571428571,0.8571428571428571,7,7
4002,4,NR3C1,4002,1.0,56.130339714679195,-0.5007000948313731,1.1764686581463613e-27,-14.953940958290032,35.43350377934632,0.9166666666666666,0.88,25,24
4006,4,NR3C1,4006,1.0,56.130339714679195,0.5589646933877209,2.139686421015964e-35,10.82195304772902,21.26581190895339,0.9166666666666666,0.88,25,24
4005,4,NR3C1,4005,1.0,56.130339714679195,0.5733014381983139,1.520373761627768e-37,8.58769297234366,14.66351176739122,0.9166666666666666,0.88,25,24
4004,4,NR3C1,4004,1.0,56.130339714679195,0.29511328818801896,9.158856394519634e-10,6.20382878635263,8.365180712592686,0.9166666666666666,0.88,25,24
3998,4,NR3C1,3998,1.0,56.130339714679195,0.5580266111292206,2.932970712833272e-35,9.377404079727746,15.964183890038294,0.9166666666666666,0.88,25,24
3997,4,NR3C1,3997,1.0,56.130339714679195,0.17862501696437294,0.00025928250770455375,2.2916894437107325,1.6291225733692964,0.9166666666666666,0.88,25,24
3994,4,NR3C1,3994,1.0,56.130339714679195,0.3941683144833255,7.69945735962742e-17,6.852182500942851,10.155240860144994,0.9166666666666666,0.88,25,24
4000,4,NR3C1,4000,1.0,56.130339714679195,0.6766596018773484,9.732565735708861e-57,24.70036446352433,66.39583248257337,0.9166666666666666,0.88,25,24
3995,4,NR3C1,3995,1.0,56.130339714679195,0.5239803302059697,1.4343709034301346e-30,12.600923075217223,24.44345997685735,0.9166666666666666,0.88,25,24
4003,4,NR3C1,4003,1.0,56.130339714679195,-0.45094080924180985,3.958007353858017e-22,-15.520918361931624,39.279844010769345,0.9166666666666666,0.88,25,24
4001,4,NR3C1,4001,1.0,56.130339714679195,-0.27658333090230175,1.048839120186802e-08,-16.196731965083067,39.47181166679521,0.9166666666666666,0.88,25,24
4009,4,NR3C1,4009,1.0,56.130339714679195,-0.42616085988336966,1.0703775323807036e-19,-6.12465560307409,8.281720191431834,0.9166666666666666,0.88,25,24
3991,4,NR3C1,3991,1.0,56.130339714679195,-0.5425501986892723,4.627589918662587e-33,-16.70350813450474,43.96828144605653,0.9166666666666666,0.88,25,24
3988,4,NR3C1,3988,1.0,56.130339714679195,0.6851189154977633,1.1517866580056912e-58,15.063726042186426,30.86813756622704,0.9166666666666666,0.88,25,24
3993,4,NR3C1,3993,1.0,56.130339714679195,0.4866811175642671,5.251823021752291e-26,16.26770383515367,37.52243923976961,0.9166666666666666,0.88,25,24
3996,4,NR3C1,3996,1.0,56.130339714679195,-0.24441033953690333,4.790126448314986e-07,-11.006051069562774,21.52209878360345,0.9166666666666666,0.88,25,24
3990,4,NR3C1,3990,1.0,56.130339714679195,0.7804901044328911,4.486271443799674e-86,21.57278509474919,57.00824613772139,0.9166666666666666,0.88,25,24
3986,4,NR3C1,3986,1.0,56.130339714679195,0.43934339315362303,5.762141526337004e-21,8.096079799236815,13.032746210474016,0.9166666666666666,0.88,25,24
3987,4,NR3C1,3987,1.0,56.130339714679195,0.5164399888214825,1.33396714482761e-29,10.498138021348245,18.30885012228254,0.9166666666666666,0.88,25,24
3999,4,NR3C1,3999,1.0,56.130339714679195,0.39501693477774663,6.525106321360647e-17,3.9417206503758586,3.904114399317296,0.9166666666666666,0.88,25,24
3992,4,NR3C1,3992,1.0,56.130339714679195,0.646435663699117,2.3712422338537604e-50,7.0559603047638095,10.501420701446719,0.9166666666666666,0.88,25,24
4007,4,NR3C1,4007,1.0,56.130339714679195,0.4906294511660708,1.833803380232337e-26,5.505438269237268,6.942805170953968,0.9166666666666666,0.88,25,24
4782,4,MAF,4782,1.0,32.49341002987952,-0.45497133285220054,1.5230452356659677e-22,-29.267044618053838,100.0459044391154,1.0,0.92,25,23
4776,4,MAF,4776,1.0,32.49341002987952,0.332072240958782,4.091709544429511e-12,9.392860675960177,16.014970004598545,1.0,0.92,25,23
4786,4,MAF,4786,1.0,32.49341002987952,0.727800559010439,1.7447849661941024e-69,14.592588718774472,32.6478017431744,1.0,0.92,25,23
4771,4,MAF,4771,1.0,32.49341002987952,0.45746409154884626,8.383430981409713e-23,14.394940700841655,28.525361550382378,1.0,0.92,25,23
4775,4,MAF,4775,1.0,32.49341002987952,0.4811772619480977,2.22572573537418e-25,12.544576682453872,24.097873552783913,1.0,0.92,25,23
4769,4,MAF,4769,1.0,32.49341002987952,0.557255445616554,3.798136572172098e-35,10.751500882017323,19.014347264303517,1.0,0.92,25,23
4779,4,MAF,4779,1.0,32.49341002987952,0.367491061202384,1.103272836909671e-14,6.73399618439143,9.391862184979274,1.0,0.92,25,23
4772,4,MAF,4772,1.0,32.49341002987952,0.6016011831302472,4.138164126731097e-42,9.617195296441077,16.37889013921529,1.0,0.92,25,23
4783,4,MAF,4783,1.0,32.49341002987952,-0.3289513882458987,6.653282192271777e-12,-15.971079163040379,40.671503528473075,1.0,0.92,25,23
4778,4,MAF,4778,1.0,32.49341002987952,0.49328861926281825,8.958449555475783e-27,12.611258186321306,29.094737392891012,1.0,0.92,25,23
4785,4,MAF,4785,1.0,32.49341002987952,-0.30153239550474775,3.7742332475894163e-10,-10.529311945104364,19.66012424867498,1.0,0.92,25,23
4789,4,MAF,4789,1.0,32.49341002987952,-0.27390014844090543,1.4712308351192112e-08,-4.903410166096999,5.669306561442972,1.0,0.92,25,23
4777,4,MAF,4777,1.0,32.49341002987952,0.5537320986229369,1.2268057640217572e-34,25.893776858417272,71.86410539734867,1.0,0.92,25,23
4787,4,MAF,4787,1.0,32.49341002987952,0.3936347558884872,8.541675427769447e-17,18.575717103934007,48.702488022752725,1.0,0.92,25,23
4781,4,MAF,4781,1.0,32.49341002987952,0.5355748713350084,4.1619705529793794e-32,4.191377109204145,4.321764227063072,1.0,0.92,25,23
4774,4,MAF,4774,1.0,32.49341002987952,0.6571546952099376,1.5639039481754446e-52,21.552446578927086,55.485353585253414,1.0,0.92,25,23
4780,4,MAF,4780,1.0,32.49341002987952,0.3039395818879265,2.691467844425971e-10,2.58321466918137,1.9639406752755715,1.0,0.92,25,23
4770,4,MAF,4770,1.0,32.49341002987952,-0.36175670150863487,3.0253408942260836e-14,-17.29494420127749,44.99084036601712,1.0,0.92,25,23
4790,4,MAF,4790,1.0,32.49341002987952,0.5251668427579146,1.004724914595661e-30,9.588164413153546,17.336512670309485,1.0,0.92,25,23
4784,4,MAF,4784,1.0,32.49341002987952,-0.25486656595853885,1.4630166558085627e-07,-18.228917843795763,44.93163368154208,1.0,0.92,25,23
4773,4,MAF,4773,1.0,32.49341002987952,0.49717826987495206,3.1060849755686877e-27,6.143403148376144,8.307237585551782,1.0,0.92,25,23
4768,4,MAF,4768,1.0,32.49341002987952,0.590808079142552,2.5768154985514157e-40,8.622754554571545,14.461316089476938,1.0,0.92,25,23
4792,4,MAF,4792,1.0,32.49341002987952,0.47617567860662574,8.084197098722221e-25,7.744776897291821,12.216371854889585,1.0,0.92,25,23
4197,4,HNF1B,4197,-1.0,53.8541038258924,0.40635870777906785,6.822281573830923e-18,-3.449451549471456,3.1409255279731507,1.0,1.0,25,25
4206,4,HNF1B,4206,-1.0,53.8541038258924,0.48318627923530344,1.317831354414747e-25,-17.271946680806952,46.445859028549755,1.0,1.0,25,25
4192,4,HNF1B,4192,-1.0,53.8541038258924,0.7640165920839678,2.0114622413684563e-80,-27.980343498963773,94.22634400503655,1.0,1.0,25,25
4186,4,HNF1B,4186,-1.0,53.8541038258924,-0.5042469038099873,4.375020236870473e-28,21.19639344048598,53.657666530137284,1.0,1.0,25,25
4204,4,HNF1B,4204,-1.0,53.8541038258924,-0.21142671598463922,1.4376765647574373e-05,11.631783720425288,22.980873189403972,1.0,1.0,25,25
4191,4,HNF1B,4191,-1.0,53.8541038258924,-0.4004678616916054,2.228270252443871e-17,6.656416965164036,9.525316182220894,1.0,1.0,25,25
4190,4,HNF1B,4190,-1.0,53.8541038258924,0.3868380609402217,3.152988653228597e-16,-18.37321782988549,47.00364275004528,1.0,1.0,25,25
4182,4,HNF1B,4182,-1.0,53.8541038258924,-0.2311584206111337,1.9973544209171444e-06,10.549195334054561,18.50670265562832,1.0,1.0,25,25
4189,4,HNF1B,4189,-1.0,53.8541038258924,-0.49777209735333444,2.6391422884194104e-27,8.29040312377359,13.173526922693107,1.0,1.0,25,25
4202,4,HNF1B,4202,-1.0,53.8541038258924,-0.4967249260223102,3.5166820074297974e-27,9.073275903505893,16.337746800719795,1.0,1.0,25,25
4205,4,HNF1B,4205,-1.0,53.8541038258924,0.4330001873156057,2.388437605978661e-20,-3.70661535412315,3.5688201832377575,1.0,1.0,25,25
4187,4,HNF1B,4187,-1.0,53.8541038258924,0.3632985220615725,2.3112344021092534e-14,-11.73115062655054,23.690578011144414,1.0,1.0,25,25
4194,4,HNF1B,4194,-1.0,53.8541038258924,-0.4434724079762992,2.2469085666343514e-21,17.161464679645732,39.991881609789765,1.0,1.0,25,25
4198,4,HNF1B,4198,-1.0,53.8541038258924,0.4634280232685359,1.9695088401951262e-23,-12.503270271592038,27.652014201073154,1.0,1.0,25,25
4188,4,HNF1B,4188,-1.0,53.8541038258924,-0.32111047176947966,2.2027288838271782e-11,6.974851894176498,10.502715156838644,1.0,1.0,25,25
4201,4,HNF1B,4201,-1.0,53.8541038258924,0.4575669417408701,8.178576760978209e-23,-9.038327764194252,15.985613151612261,1.0,1.0,25,25
4196,4,HNF1B,4196,-1.0,53.8541038258924,-0.43075465421913606,3.9230872570259384e-20,15.26682000374609,34.621803328755064,1.0,1.0,25,25
4200,4,HNF1B,4200,-1.0,53.8541038258924,-0.41339075414782095,1.6099595108671664e-18,6.643242680918361,9.341220085315626,1.0,1.0,25,25
4195,4,HNF1B,4195,-1.0,53.8541038258924,0.40068991207236043,2.1319471462881277e-17,-14.63821789858277,36.70535373561931,1.0,1.0,25,25
4184,4,HNF1B,4184,-1.0,53.8541038258924,0.7401878634482044,5.089462372757059e-73,-18.5124605023789,49.55569502440047,1.0,1.0,25,25
4193,4,HNF1B,4193,-1.0,53.8541038258924,-0.29220367246888024,1.3590675412136342e-09,12.584433428499175,24.535200671247324,1.0,1.0,25,25
4185,4,HNF1B,4185,-1.0,53.8541038258924,-0.6146428105113236,2.2673550077403e-44,14.861297584974585,30.5710816517599,1.0,1.0,25,25
4203,4,HNF1B,4203,-1.0,53.8541038258924,0.2492077511418547,2.798154379884284e-07,-4.064600978903986,4.160522452181556,1.0,1.0,25,25
4199,4,HNF1B,4199,-1.0,53.8541038258924,-0.3652518212982214,1.639833277138442e-14,11.409818659797407,22.90223190265726,1.0,1.0,25,25
4183,4,HNF1B,4183,-1.0,53.8541038258924,-0.3895999076790713,1.8613647173572572e-16,9.359372934086926,17.003549970875238,1.0,1.0,25,25
6859,4,RARA,6859,1.0,3.086065117784464,0.28516812803376895,3.4653219234649306e-09,2.85885602198776,2.304161863610686,0.7058823529411765,0.48,25,17
6862,4,RARA,6862,1.0,3.086065117784464,0.3794672954371439,1.25631689482181e-15,11.17653890477074,22.56882104209776,0.7058823529411765,0.48,25,17
6876,4,RARA,6876,1.0,3.086065117784464,0.3543869974053494,1.0740595695409396e-13,8.615670693028811,14.081612208135475,0.7058823529411765,0.48,25,17
6864,4,RARA,6864,1.0,3.086065117784464,0.24909618471781644,2.8337144411064963e-07,16.24955435068571,39.17759635948322,0.7058823529411765,0.48,25,17
6854,4,RARA,6854,1.0,3.086065117784464,0.25748091851562477,1.0785680897291367e-07,9.88094066847704,17.14925978045766,0.7058823529411765,0.48,25,17
6858,4,RARA,6858,1.0,3.086065117784464,0.20990778568532475,1.6612356466126693e-05,18.18602723598207,41.887645391532644,0.7058823529411765,0.48,25,17
6853,4,RARA,6853,1.0,3.086065117784464,0.2716284233681753,1.9537859256672173e-08,8.203936493935986,13.301406746141422,0.7058823529411765,0.48,25,17
6855,4,RARA,6855,1.0,3.086065117784464,0.24891709167441428,2.8917085155569083e-07,3.1253403121008154,2.6657997245692258,0.7058823529411765,0.48,25,17
6875,4,RARA,6875,1.0,3.086065117784464,0.22884869301397612,2.540090524877531e-06,4.722400504421559,5.256634774599545,0.7058823529411765,0.48,25,17
6872,4,RARA,6872,1.0,3.086065117784464,0.308288042157048,1.4497774679922305e-10,8.4356017156451,13.426277279451678,0.7058823529411765,0.48,25,17
6860,4,RARA,6860,1.0,3.086065117784464,0.39647690667924884,4.902891272027156e-17,5.136741863083335,6.088827388003381,0.7058823529411765,0.48,25,17
6874,4,RARA,6874,1.0,3.086065117784464,0.22219350081661526,5.007299415131948e-06,13.564868857962637,24.9316806824125,0.7058823529411765,0.48,25,17
7632,4,NFATC4,7632,-1.0,2.278363881824339,-0.10530442646467543,0.032184726949389356,14.999075776454829,30.540693401663216,0.5,0.4,25,20
7650,4,NFATC4,7650,-1.0,2.278363881824339,0.38870234068181353,2.2103192394049197e-16,-2.365644256755016,1.7128519973847298,0.5,0.4,25,20
7631,4,NFATC4,7631,-1.0,2.278363881824339,-0.21444125803138867,1.075808833162554e-05,15.024791925820491,33.615290450499565,0.5,0.4,25,20
7648,4,NFATC4,7648,-1.0,2.278363881824339,0.3030975570880216,3.030445234614386e-10,-4.326255426743119,4.570311154533899,0.5,0.4,25,20
7653,4,NFATC4,7653,-1.0,2.278363881824339,-0.23886724918412466,8.793010969266691e-07,8.230095528720287,13.686462084533378,0.5,0.4,25,20
7643,4,NFATC4,7643,-1.0,2.278363881824339,0.298429130777241,5.80959968273758e-10,-3.049133024777834,2.5752067373478718,0.5,0.4,25,20
7647,4,NFATC4,7647,-1.0,2.278363881824339,0.25921722472583253,8.792413795566579e-08,-7.06954659201127,10.589165268561127,0.5,0.4,25,20
7634,4,NFATC4,7634,-1.0,2.278363881824339,-0.22006873689092618,6.191983436839886e-06,9.19747559280617,15.397262699527548,0.5,0.4,25,20
7639,4,NFATC4,7639,-1.0,2.278363881824339,-0.26522030854230694,4.288598592020479e-08,12.513635692742074,28.04575040929979,0.5,0.4,25,20
7638,4,NFATC4,7638,-1.0,2.278363881824339,0.15443561803800107,0.001623074737630994,-3.8826032261736336,3.8646728151617067,0.5,0.4,25,20
7366,4,ERG,7366,1.0,2.988142712265067,0.2609809276055692,7.133582597703957e-08,11.506418149536623,23.243161525613914,0.8461538461538461,0.7333333333333333,15,13
7362,4,ERG,7362,1.0,2.988142712265067,0.7073682243449004,4.6256056082546524e-64,8.946371642195617,14.912357225785216,0.8461538461538461,0.7333333333333333,15,13
7367,4,ERG,7367,1.0,2.988142712265067,0.3469066919324842,3.759095974606295e-13,13.893657019122953,28.89198255061863,0.8461538461538461,0.7333333333333333,15,13
7370,4,ERG,7370,1.0,2.988142712265067,0.28537377217048004,3.3730309392669103e-09,8.82783359400447,15.56089248060679,0.8461538461538461,0.7333333333333333,15,13
7368,4,ERG,7368,1.0,2.988142712265067,-0.20456222193754492,2.7398890733545195e-05,-5.901694091482652,7.798318103891154,0.8461538461538461,0.7333333333333333,15,13
7365,4,ERG,7365,1.0,2.988142712265067,-0.36752268575301317,1.0970906473381085e-14,-5.551717967239505,6.943202419568429,0.8461538461538461,0.7333333333333333,15,13
7359,4,ERG,7359,1.0,2.988142712265067,0.3651204037119105,1.678260174102165e-14,4.850777913751041,5.579178145932517,0.8461538461538461,0.7333333333333333,15,13
7356,4,ERG,7356,1.0,2.988142712265067,0.5984524264021028,1.4037916459629426e-41,9.194709515010251,15.962639593962118,0.8461538461538461,0.7333333333333333,15,13
7364,4,ERG,7364,1.0,2.988142712265067,-0.211136238817783,1.4780883289951138e-05,-13.298971395268948,29.973630512420847,0.8461538461538461,0.7333333333333333,15,13
7358,4,ERG,7358,1.0,2.988142712265067,-0.21109396000678154,1.4840594508561563e-05,-2.184073717911395,1.5200563168712233,0.8461538461538461,0.7333333333333333,15,13
7363,4,ERG,7363,1.0,2.988142712265067,-0.3011094382794892,4.003964878615083e-10,-4.653252025988668,5.21627672855446,0.8461538461538461,0.7333333333333333,15,13
3577,4,ELK4,3577,-1.0,36.62820262295453,0.5584615755368035,2.5343007031251845e-35,-3.5325502791243517,3.2909609975479723,0.9333333333333333,0.7368421052631579,19,15
3589,4,ELK4,3589,-1.0,36.62820262295453,-0.3257529116360166,1.0887664720395477e-11,3.8064819312421876,3.7132874331438064,0.9333333333333333,0.7368421052631579,19,15
3578,4,ELK4,3578,-1.0,36.62820262295453,-0.4417123594916565,3.3620947911140443e-21,3.243404815457377,2.84786738993887,0.9333333333333333,0.7368421052631579,19,15
3594,4,ELK4,3594,-1.0,36.62820262295453,0.33106752729414346,4.7878188338390976e-12,-6.53095199243664,9.232744078750377,0.9333333333333333,0.7368421052631579,19,15
3582,4,ELK4,3582,-1.0,36.62820262295453,0.5892101092019411,4.688420832922032e-40,-7.27548456475904,11.077034331382631,0.9333333333333333,0.7368421052631579,19,15
3592,4,ELK4,3592,-1.0,36.62820262295453,0.1785661648594589,0.0002605209193817799,-3.3511325727228147,3.0266463448479834,0.9333333333333333,0.7368421052631579,19,15
3595,4,ELK4,3595,-1.0,36.62820262295453,0.338150073713107,1.5624138546199655e-12,-4.327049434204082,4.568642715618045,0.9333333333333333,0.7368421052631579,19,15
3581,4,ELK4,3581,-1.0,36.62820262295453,-0.43964712413185747,5.3788318623859036e-21,8.403401110693858,13.773526515555064,0.9333333333333333,0.7368421052631579,19,15
3584,4,ELK4,3584,-1.0,36.62820262295453,0.31525998720643184,5.2627081006258066e-11,-6.686695108630738,9.441067034539275,0.9333333333333333,0.7368421052631579,19,15
3580,4,ELK4,3580,-1.0,36.62820262295453,0.5094900287538194,9.92283872857281e-29,-8.057714168567244,13.112106904136944,0.9333333333333333,0.7368421052631579,19,15
3593,4,ELK4,3593,-1.0,36.62820262295453,0.49286735318999975,1.0039273169414467e-26,-6.678882073897175,9.671301114338565,0.9333333333333333,0.7368421052631579,19,15
3583,4,ELK4,3583,-1.0,36.62820262295453,0.2800968692117665,6.696477912145281e-09,-2.54847118712108,1.938900547165094,0.9333333333333333,0.7368421052631579,19,15
3591,4,ELK4,3591,-1.0,36.62820262295453,-0.22364467872542915,4.3260709202902955e-06,4.4008970385649935,4.687269514826246,0.9333333333333333,0.7368421052631579,19,15
3586,4,ELK4,3586,-1.0,36.62820262295453,-0.3361957779533758,2.1342308764055446e-12,9.71920667363431,17.216506794164513,0.9333333333333333,0.7368421052631579,19,15
9715,4,LHX8,9715,1.0,3.9924344799541194,0.12578106029608807,0.010415846225369486,4.813012192155528,5.421582109485465,0.6666666666666666,0.5714285714285714,7,6
9716,4,LHX8,9716,1.0,3.9924344799541194,-0.018215235721718147,0.7117287783354894,-11.97318791207859,22.412880361255787,0.6666666666666666,0.5714285714285714,7,6
9713,4,LHX8,9713,1.0,3.9924344799541194,0.09525571669578971,0.05278045434798562,4.374702844956988,4.640501451471124,0.6666666666666666,0.5714285714285714,7,6
9711,4,LHX8,9711,1.0,3.9924344799541194,0.20323792282777103,3.0953018357704435e-05,7.732470254646409,12.028414444612098,0.6666666666666666,0.5714285714285714,7,6
7700,4,ETV4,7700,1.0,1.44063888786488,0.2633583497058029,5.368508643229321e-08,3.3536141371989268,3.0065261352367383,0.6,0.42857142857142855,7,5
7702,4,ETV4,7702,1.0,1.44063888786488,0.27407535183369547,1.4392373395538222e-08,5.45275113691374,6.754767644258274,0.6,0.42857142857142855,7,5
7706,4,ETV4,7706,1.0,1.44063888786488,0.1677052456589174,0.000611917367714141,5.4576055341967304,6.819667696155607,0.6,0.42857142857142855,7,5
2426,4,SP3,2426,-1.0,2.0066281920618665,-0.40604882948997806,7.264820611315847e-18,3.7623992933712547,3.636569876607833,0.38095238095238093,0.32,25,21
2433,4,SP3,2433,-1.0,2.0066281920618665,-0.305146557384396,2.2691066624855591e-10,5.682355446190869,7.232913182533237,0.38095238095238093,0.32,25,21
2441,4,SP3,2441,-1.0,2.0066281920618665,0.3111846480563797,9.546763549743321e-11,-8.788880123650936,14.720742424078015,0.38095238095238093,0.32,25,21
2439,4,SP3,2439,-1.0,2.0066281920618665,0.08818759615787078,0.07306564281907033,-4.904719115797558,5.598195153350262,0.38095238095238093,0.32,25,21
2442,4,SP3,2442,-1.0,2.0066281920618665,0.28549604249189625,3.319292247999657e-09,-3.031392500629267,2.564001889105658,0.38095238095238093,0.32,25,21
2436,4,SP3,2436,-1.0,2.0066281920618665,0.14527244677203394,0.0030500176362984258,-4.505320645312854,4.8953113261531565,0.38095238095238093,0.32,25,21
2427,4,SP3,2427,-1.0,2.0066281920618665,0.22730416349047103,2.9788825993035517e-06,-10.518811494281085,20.92806693583757,0.38095238095238093,0.32,25,21
2434,4,SP3,2434,-1.0,2.0066281920618665,0.6656266924736529,2.5491689066191604e-54,-2.2929963251699,1.6421592528846174,0.38095238095238093,0.32,25,21
8318,4,TGIF2,8318,-1.0,1.4423904633981852,0.22786139821947018,2.8128185374007522e-06,-5.134818363451084,6.086888941917851,0.42857142857142855,0.375,8,7
8319,4,TGIF2,8319,-1.0,1.4423904633981852,0.2356028176290804,1.2488647372629583e-06,-3.3767440026154745,3.0355150793689423,0.42857142857142855,0.375,8,7
8314,4,TGIF2,8314,-1.0,1.4423904633981852,0.260539705933958,7.517710766598135e-08,-2.132519430329741,1.4658279940873782,0.42857142857142855,0.375,8,7
5132,4,GLI1,5132,1.0,23.576718805107664,0.3250757741990174,1.2075290591753483e-11,22.99410425915661,63.817265782440664,1.0,0.6666666666666666,9,6
5130,4,GLI1,5130,1.0,23.576718805107664,0.632302702757551,1.3173959594803884e-47,7.212079332671099,10.741589147443133,1.0,0.6666666666666666,9,6
5133,4,GLI1,5133,1.0,23.576718805107664,0.4098111363233754,3.3720528694237707e-18,14.577188885222297,32.41372849124218,1.0,0.6666666666666666,9,6
5138,4,GLI1,5138,1.0,23.576718805107664,0.2534674755448788,1.719919837652004e-07,14.798450512787754,32.28546805561418,1.0,0.6666666666666666,9,6
5131,4,GLI1,5131,1.0,23.576718805107664,0.41669294294770415,8.07577964926548e-19,11.268962135870982,20.43451377346044,1.0,0.6666666666666666,9,6
5134,4,GLI1,5134,1.0,23.576718805107664,0.1928722998108869,7.826523532615369e-05,9.982155727353536,17.029816542215496,1.0,0.6666666666666666,9,6
6313,4,HOXB3,6313,-1.0,35.62356516061436,-0.342192604505822,8.139123621768874e-13,8.308050470427627,13.583535719451193,1.0,0.96,25,24
6318,4,HOXB3,6318,-1.0,35.62356516061436,0.4808564503302187,2.4192401475691164e-25,-11.7411801686922,23.799664533137186,1.0,0.96,25,24
6319,4,HOXB3,6319,-1.0,35.62356516061436,-0.2458990610298865,4.0589246763983534e-07,5.9298002606353615,7.884221054788385,1.0,0.96,25,24
6331,4,HOXB3,6331,-1.0,35.62356516061436,-0.1715111842252683,0.00045627765452692343,4.896867528289141,5.5169085145059045,1.0,0.96,25,24
6314,4,HOXB3,6314,-1.0,35.62356516061436,-0.3770658589722613,1.95634772204645e-15,10.874607319392924,19.461127682551147,1.0,0.96,25,24
6324,4,HOXB3,6324,-1.0,35.62356516061436,0.4246077054824203,1.497671065001442e-19,-4.718527717076195,5.323521800447635,1.0,0.96,25,24
6315,4,HOXB3,6315,-1.0,35.62356516061436,-0.2604913389741723,7.561013252312628e-08,8.071654589180472,13.371953907835044,1.0,0.96,25,24
6321,4,HOXB3,6321,-1.0,35.62356516061436,-0.334979839348974,2.5884048748154678e-12,9.867419199194535,17.458391074351884,1.0,0.96,25,24
6337,4,HOXB3,6337,-1.0,35.62356516061436,0.26864150992854463,2.8257828405765934e-08,-9.12230574823601,16.16358785683736,1.0,0.96,25,24
6323,4,HOXB3,6323,-1.0,35.62356516061436,-0.4562317487657759,1.1268691060367e-22,21.99465389464057,57.78532080036163,1.0,0.96,25,24
6334,4,HOXB3,6334,-1.0,35.62356516061436,-0.3145060714486539,5.879703311663949e-11,12.513394239711367,25.506911201206467,1.0,0.96,25,24
6336,4,HOXB3,6336,-1.0,35.62356516061436,-0.42741856995304095,8.144287737092443e-20,17.202362266124865,41.13375994725132,1.0,0.96,25,24
6330,4,HOXB3,6330,-1.0,35.62356516061436,0.3261748541698112,1.0206118146450829e-11,-3.0410413014480704,2.5705452284000643,1.0,0.96,25,24
6335,4,HOXB3,6335,-1.0,35.62356516061436,0.5184243870946467,7.457800801107117e-30,-13.789105754591716,27.169012665274984,1.0,0.96,25,24
6317,4,HOXB3,6317,-1.0,35.62356516061436,-0.4722518667152028,2.1912396729024613e-24,17.034108246906214,40.84174422176216,1.0,0.96,25,24
6322,4,HOXB3,6322,-1.0,35.62356516061436,-0.47722520781092587,6.178098111648996e-25,24.032382762880033,64.72304217874095,1.0,0.96,25,24
6316,4,HOXB3,6316,-1.0,35.62356516061436,-0.38041214230540443,1.0543467158334922e-15,14.357958715833133,29.073219619985448,1.0,0.96,25,24
6326,4,HOXB3,6326,-1.0,35.62356516061436,0.5542333562061701,1.0392063435519005e-34,-24.59170749586178,79.01110878850282,1.0,0.96,25,24
6325,4,HOXB3,6325,-1.0,35.62356516061436,-0.34523228190158256,4.953320808791991e-13,13.086043080251063,26.147581290974465,1.0,0.96,25,24
6327,4,HOXB3,6327,-1.0,35.62356516061436,-0.25104777463364353,2.2700808277024446e-07,9.2670847642039,16.524702181417958,1.0,0.96,25,24
6320,4,HOXB3,6320,-1.0,35.62356516061436,0.47417318500235284,1.3469177628526143e-24,-13.727873799626517,30.93090386666136,1.0,0.96,25,24
6332,4,HOXB3,6332,-1.0,35.62356516061436,0.4697450714533045,4.1156820293929024e-24,-5.357158874850008,6.654340411906129,1.0,0.96,25,24
6333,4,HOXB3,6333,-1.0,35.62356516061436,-0.22306342963178116,4.587567822827981e-06,7.074508934627303,10.918353194776735,1.0,0.96,25,24
6329,4,HOXB3,6329,-1.0,35.62356516061436,0.30332907585706553,2.933310179211363e-10,-5.178950282932376,6.098042582318998,1.0,0.96,25,24
6678,4,SMAD3,6678,-1.0,35.482633512363805,-0.36904895083016565,8.358792246278175e-15,17.879123570368918,45.293365999222495,0.875,0.84,25,24
6671,4,SMAD3,6671,-1.0,35.482633512363805,-0.31105696604715527,9.725143012913841e-11,10.469195560050105,19.00477587591524,0.875,0.84,25,24
6663,4,SMAD3,6663,-1.0,35.482633512363805,-0.2563084425289325,1.2371051849528416e-07,3.118522580578654,2.667223761833649,0.875,0.84,25,24
6684,4,SMAD3,6684,-1.0,35.482633512363805,0.48688422497231804,4.976776699344148e-26,-2.2235365153929045,1.559560483806296,0.875,0.84,25,24
6674,4,SMAD3,6674,-1.0,35.482633512363805,0.52806023546761,4.192217650630951e-31,-13.127927217757259,30.01279099426532,0.875,0.84,25,24
6670,4,SMAD3,6670,-1.0,35.482633512363805,-0.3009558816379319,4.090689662893647e-10,3.6831299891680613,3.482794049863593,0.875,0.84,25,24
6679,4,SMAD3,6679,-1.0,35.482633512363805,0.4148636233532932,1.184624017407887e-18,-14.07833925286624,32.737854127927136,0.875,0.84,25,24
6668,4,SMAD3,6668,-1.0,35.482633512363805,-0.23620791197213323,1.1706749675907987e-06,5.313999111778301,6.585902519508996,0.875,0.84,25,24
6673,4,SMAD3,6673,-1.0,35.482633512363805,0.5392678409183634,1.309249906673508e-32,-15.497626229261353,35.61173296090101,0.875,0.84,25,24
6661,4,SMAD3,6661,-1.0,35.482633512363805,-0.25210592871538795,2.0113310206512167e-07,10.811605883478862,19.120787516064873,0.875,0.84,25,24
6667,4,SMAD3,6667,-1.0,35.482633512363805,-0.3829698412557484,6.541760171571148e-16,14.323779203476962,30.387909848611237,0.875,0.84,25,24
6664,4,SMAD3,6664,-1.0,35.482633512363805,-0.2440989983726886,4.958298899545982e-07,21.812861331605408,56.412178595443194,0.875,0.84,25,24
6662,4,SMAD3,6662,-1.0,35.482633512363805,-0.31205981944410977,8.407072734597765e-11,15.274691992286682,35.04227872175605,0.875,0.84,25,24
6660,4,SMAD3,6660,-1.0,35.482633512363805,-0.29666847197189644,7.403443059512127e-10,8.754338151019637,14.823349633078616,0.875,0.84,25,24
6683,4,SMAD3,6683,-1.0,35.482633512363805,-0.4428109321167183,2.6150745834131412e-21,2.4239027954317476,1.7826939612631023,0.875,0.84,25,24
6677,4,SMAD3,6677,-1.0,35.482633512363805,-0.26764288441269024,3.1936384213058133e-08,3.2471039105957984,2.829122590722118,0.875,0.84,25,24
6675,4,SMAD3,6675,-1.0,35.482633512363805,-0.3814975239414337,8.614713947087182e-16,3.089065002882064,2.6355645566824526,0.875,0.84,25,24
6681,4,SMAD3,6681,-1.0,35.482633512363805,0.37928972443093784,1.2983043983409425e-15,-15.79632110019546,38.445170260256305,0.875,0.84,25,24
6672,4,SMAD3,6672,-1.0,35.482633512363805,-0.25542650653144217,1.370925830076835e-07,25.281461762993096,71.82374978206559,0.875,0.84,25,24
6666,4,SMAD3,6666,-1.0,35.482633512363805,-0.3810749049466632,9.320611352326246e-16,3.573651887143273,3.3694586219001006,0.875,0.84,25,24
6680,4,SMAD3,6680,-1.0,35.482633512363805,0.5559267071444004,5.91993055317013e-35,-12.982845399116108,29.074682676370553,0.875,0.84,25,24
230,4,CTF1,230,-1.0,31.118900175006484,-0.4154778499195223,1.0418943133394664e-18,5.199314955136087,6.326982240619354,0.7692307692307693,0.6666666666666666,15,13
232,4,CTF1,232,-1.0,31.118900175006484,-0.2387546184316168,8.900852635263616e-07,22.584476529453944,58.11095894729444,0.7692307692307693,0.6666666666666666,15,13
233,4,CTF1,233,-1.0,31.118900175006484,0.31177638229515603,8.760838721602383e-11,-26.933707523056714,89.77980139387763,0.7692307692307693,0.6666666666666666,15,13
227,4,CTF1,227,-1.0,31.118900175006484,-0.3239934366373802,1.424079666948807e-11,13.25668122213785,26.238430455671182,0.7692307692307693,0.6666666666666666,15,13
229,4,CTF1,229,-1.0,31.118900175006484,0.24727532088560583,3.4793412156993526e-07,-16.37994669262005,39.01703551997348,0.7692307692307693,0.6666666666666666,15,13
228,4,CTF1,228,-1.0,31.118900175006484,-0.300754972728053,4.2069207455885963e-10,22.798694741267038,56.857209016092014,0.7692307692307693,0.6666666666666666,15,13
236,4,CTF1,236,-1.0,31.118900175006484,0.2484931197576917,3.033586710554933e-07,-6.153183328132687,7.937822847937623,0.7692307692307693,0.6666666666666666,15,13
231,4,CTF1,231,-1.0,31.118900175006484,-0.22266583969312348,4.775055430163117e-06,12.956861729429262,25.311490895535623,0.7692307692307693,0.6666666666666666,15,13
239,4,CTF1,239,-1.0,31.118900175006484,-0.15339454459590127,0.0017467205752275089,10.77090503079814,18.784407687679472,0.7692307692307693,0.6666666666666666,15,13
226,4,CTF1,226,-1.0,31.118900175006484,-0.17174219564858023,0.0004481322843843228,10.566235421180476,18.480854160169702,0.7692307692307693,0.6666666666666666,15,13
6496,4,SOX15,6496,1.0,1.5216877047017585,0.31331330163268084,7.002462439347846e-11,14.040783214738282,27.654862773738373,0.5454545454545454,0.48,25,22
6507,4,SOX15,6507,1.0,1.5216877047017585,0.27141111027962783,2.0072552839365314e-08,9.241753332014754,16.663781000238615,0.5454545454545454,0.48,25,22
6505,4,SOX15,6505,1.0,1.5216877047017585,0.5771811110110514,3.8216054589948465e-38,5.820569136238191,7.2717342123896245,0.5454545454545454,0.48,25,22
6509,4,SOX15,6509,1.0,1.5216877047017585,-0.290169542259997,1.7861655173695888e-09,-8.74087826723065,15.090352577103527,0.5454545454545454,0.48,25,22
6497,4,SOX15,6497,1.0,1.5216877047017585,-0.4007633016538203,2.101020705405815e-17,-10.155107443633828,20.044058318764552,0.5454545454545454,0.48,25,22
6498,4,SOX15,6498,1.0,1.5216877047017585,-0.3445671516469077,5.524483234190024e-13,-17.782823183624878,46.787685193240165,0.5454545454545454,0.48,25,22
6499,4,SOX15,6499,1.0,1.5216877047017585,0.5374767413690978,2.2982755690657454e-32,8.732283521457232,14.208639420853238,0.5454545454545454,0.48,25,22
6506,4,SOX15,6506,1.0,1.5216877047017585,-0.3162804285887629,4.5271649001189135e-11,-14.660919029918293,32.51369570117387,0.5454545454545454,0.48,25,22
6516,4,SOX15,6516,1.0,1.5216877047017585,-0.16132215988916188,0.00098738304694594,-5.46338885551486,6.847667078444356,0.5454545454545454,0.48,25,22
6504,4,SOX15,6504,1.0,1.5216877047017585,0.20173410771203568,3.5517245540450926e-05,4.9872459172451995,5.9309772839788275,0.5454545454545454,0.48,25,22
6517,4,SOX15,6517,1.0,1.5216877047017585,-0.22650627776925156,3.233062320511334e-06,-3.7087207054082865,3.534126751337993,0.5454545454545454,0.48,25,22
6518,4,SOX15,6518,1.0,1.5216877047017585,-0.24035495598564385,7.481086301413725e-07,-7.756119459175614,12.266120295933472,0.5454545454545454,0.48,25,22
1554,4,REL,1554,-1.0,27.892476261387195,-0.23019755620016652,2.2080848041684313e-06,21.234573642817903,54.547060614447034,0.9090909090909091,0.5882352941176471,17,11
1553,4,REL,1553,-1.0,27.892476261387195,-0.2808098590804951,6.108984438755071e-09,11.756907598238042,21.706062074945866,0.9090909090909091,0.5882352941176471,17,11
1559,4,REL,1559,-1.0,27.892476261387195,-0.3583557939516779,5.4509628828685226e-14,21.194881875093614,54.32962967507273,0.9090909090909091,0.5882352941176471,17,11
1555,4,REL,1555,-1.0,27.892476261387195,0.4180722468778156,6.040140088444952e-19,-13.229569322857172,29.70982291093751,0.9090909090909091,0.5882352941176471,17,11
1565,4,REL,1565,-1.0,27.892476261387195,-0.10137943076654445,0.039222564490405176,10.789885595220746,19.17029140243456,0.9090909090909091,0.5882352941176471,17,11
1552,4,REL,1552,-1.0,27.892476261387195,-0.22534327223622358,3.6409694040219715e-06,9.29800587198832,16.361430170418966,0.9090909090909091,0.5882352941176471,17,11
1560,4,REL,1560,-1.0,27.892476261387195,-0.3403614246437271,1.0949133078449619e-12,2.4279520258813223,1.7869476964418762,0.9090909090909091,0.5882352941176471,17,11
1551,4,REL,1551,-1.0,27.892476261387195,0.480281796731087,2.808276851428432e-25,-2.0987449291396287,1.4303955821436158,0.9090909090909091,0.5882352941176471,17,11
1566,4,REL,1566,-1.0,27.892476261387195,0.33693582626114527,1.8969841324174233e-12,-2.5833993190013373,1.978715367648938,0.9090909090909091,0.5882352941176471,17,11
1556,4,REL,1556,-1.0,27.892476261387195,-0.14891890966328733,0.0023827548620564444,10.702797333649979,19.074835836185486,0.9090909090909091,0.5882352941176471,17,11
2939,4,GTF2A1,2939,-1.0,2.14279045845005,0.3723277571809504,4.6377809534681694e-15,-7.407631275211541,11.385128719634173,0.42857142857142855,0.3333333333333333,9,7
2943,4,GTF2A1,2943,-1.0,2.14279045845005,0.4207046947660101,3.4569234069767775e-19,-8.767909198055179,14.818656144654117,0.42857142857142855,0.3333333333333333,9,7
2946,4,GTF2A1,2946,-1.0,2.14279045845005,0.29693296821352155,7.139410868925107e-10,-12.599597274350732,26.90799292015877,0.42857142857142855,0.3333333333333333,9,7
4754,4,HOXB7,4754,-1.0,8.259180207303272,-0.26418464678801534,4.8602737270468705e-08,11.419417963788149,22.798668705078004,1.0,0.9166666666666666,12,11
4755,4,HOXB7,4755,-1.0,8.259180207303272,-0.2876463428194302,2.4993836080003275e-09,11.647762767111736,23.20681864021278,1.0,0.9166666666666666,12,11
4746,4,HOXB7,4746,-1.0,8.259180207303272,-0.26699889356351614,3.454967782163285e-08,14.94659924735016,30.015688934165247,1.0,0.9166666666666666,12,11
4750,4,HOXB7,4750,-1.0,8.259180207303272,0.4818417157417966,1.8722277407507352e-25,-14.45610139922633,34.37917463977424,1.0,0.9166666666666666,12,11
4745,4,HOXB7,4745,-1.0,8.259180207303272,-0.30599653060076926,2.0111476510487623e-10,11.36122681994587,20.944183417965863,1.0,0.9166666666666666,12,11
4753,4,HOXB7,4753,-1.0,8.259180207303272,-0.3661215659564249,1.4063945677075033e-14,6.688038594994092,9.316035749488966,1.0,0.9166666666666666,12,11
4748,4,HOXB7,4748,-1.0,8.259180207303272,-0.18330511222698986,0.00017665546242661033,3.2465463163040726,2.862746852875302,1.0,0.9166666666666666,12,11
4747,4,HOXB7,4747,-1.0,8.259180207303272,-0.3798396872044447,1.1725443378895779e-15,20.50165888172719,52.598394222892686,1.0,0.9166666666666666,12,11
4749,4,HOXB7,4749,-1.0,8.259180207303272,-0.26588340941405375,3.9572907783237086e-08,21.108556726485176,49.946971297938944,1.0,0.9166666666666666,12,11
4752,4,HOXB7,4752,-1.0,8.259180207303272,0.29857659927001406,5.692396849084876e-10,-22.617083087472025,57.09852665820816,1.0,0.9166666666666666,12,11
4744,4,HOXB7,4744,-1.0,8.259180207303272,-0.36939073273830136,7.86341573052964e-15,9.391646287894657,16.705257861237694,1.0,0.9166666666666666,12,11
7331,4,TP63,7331,1.0,16.663682190132512,0.3236254418664235,1.5060030112231457e-11,11.098780994139977,19.696687788347628,0.38461538461538464,0.35714285714285715,14,13
7341,4,TP63,7341,1.0,16.663682190132512,-0.41099934002776034,2.640851090147868e-18,-3.6865573723666545,3.480705213639352,0.38461538461538464,0.35714285714285715,14,13
7338,4,TP63,7338,1.0,16.663682190132512,0.5385923946338043,1.6193961652550832e-32,7.277913966115482,10.573603522390078,0.38461538461538464,0.35714285714285715,14,13
7335,4,TP63,7335,1.0,16.663682190132512,0.4531193518150928,2.365793772803753e-22,2.7175809938650963,2.125315911836485,0.38461538461538464,0.35714285714285715,14,13
7329,4,TP63,7329,1.0,16.663682190132512,0.5662823099958525,1.765627634592663e-36,7.496267264202979,11.169450534221431,0.38461538461538464,0.35714285714285715,14,13
9925,4,HOXA4,9925,1.0,8.620355373237798,0.18586433321452991,0.00014264399083093355,7.110666908163577,10.10473764305744,0.6666666666666666,0.6666666666666666,3,3
9926,4,HOXA4,9926,1.0,8.620355373237798,0.14977040491685661,0.002247499113705778,9.26351402279244,15.948868085322902,0.6666666666666666,0.6666666666666666,3,3
9754,4,DLX5,9754,-1.0,5.216119247882344,-0.18977048058622467,0.00010235424355297705,18.787568282332042,44.74858174312999,0.8,0.8,5,5
9752,4,DLX5,9752,-1.0,5.216119247882344,-0.2917388595011213,1.4469160767842567e-09,21.264804126752324,52.235928923582264,0.8,0.8,5,5
9755,4,DLX5,9755,-1.0,5.216119247882344,0.20447462888609427,2.76214922668422e-05,-3.3889205628419363,3.0834163307268985,0.8,0.8,5,5
9756,4,DLX5,9756,-1.0,5.216119247882344,-0.2258877483145659,3.4442325849882304e-06,8.67051013912251,14.27081557280233,0.8,0.8,5,5
8837,4,MYC,8837,1.0,33.90250128036247,0.39865139048667564,3.1946434783143094e-17,10.992234242782466,20.768873240419556,1.0,0.8571428571428571,7,6
8836,4,MYC,8836,1.0,33.90250128036247,0.4834951554824415,1.2154359834151898e-25,11.02388997720391,22.934372712204496,1.0,0.8571428571428571,7,6
8834,4,MYC,8834,1.0,33.90250128036247,0.5717477764516324,2.6295451029158414e-37,22.19969768861275,62.77953110260469,1.0,0.8571428571428571,7,6
8833,4,MYC,8833,1.0,33.90250128036247,0.5435117879666894,3.404805987962178e-33,12.860350453241965,26.683684365363938,1.0,0.8571428571428571,7,6
8835,4,MYC,8835,1.0,33.90250128036247,0.5547224374918349,8.836105237897871e-35,11.047355278444245,22.01899289536222,1.0,0.8571428571428571,7,6
8839,4,MYC,8839,1.0,33.90250128036247,0.3104696288047231,1.0588380697697373e-10,5.532023106358359,6.8881993247322,1.0,0.8571428571428571,7,6
6913,4,FGF9,6913,1.0,3.1033532266577724,0.28987256990285754,1.8585311138619931e-09,8.888372622557918,14.664457591212013,0.5,0.5,4,4
6912,4,FGF9,6912,1.0,3.1033532266577724,0.3285085361896852,7.125270219533528e-12,8.828274373315192,15.100259407823852,0.5,0.5,4,4
2348,4,SIRT6,2348,1.0,2.382037131390718,0.3022646645112929,3.406454380834692e-10,13.744326699497005,28.1957370420487,0.6,0.5,18,15
2354,4,SIRT6,2354,1.0,2.382037131390718,-0.3897873840873548,1.7956259723752835e-16,-2.266570095600488,1.6122820614232187,0.6,0.5,18,15
2350,4,SIRT6,2350,1.0,2.382037131390718,0.3441996642216831,5.867180202435194e-13,5.246283235000407,6.350194920005113,0.6,0.5,18,15
2352,4,SIRT6,2352,1.0,2.382037131390718,-0.2365101209131716,1.133402860497558e-06,-8.18584675648177,13.340526177710624,0.6,0.5,18,15
2353,4,SIRT6,2353,1.0,2.382037131390718,-0.19708783549821987,5.3979941503264185e-05,-2.026433209693123,1.3518987384448964,0.6,0.5,18,15
2347,4,SIRT6,2347,1.0,2.382037131390718,0.5584527815441153,2.5418029326475287e-35,4.285766972397671,4.5231208519472705,0.6,0.5,18,15
2344,4,SIRT6,2344,1.0,2.382037131390718,-0.419338412709687,4.621074574097441e-19,-2.374866124993883,1.7330039876020424,0.6,0.5,18,15
2346,4,SIRT6,2346,1.0,2.382037131390718,-0.15439553772517167,0.0016276824200069768,-9.142397297072037,15.978357830063272,0.6,0.5,18,15
2349,4,SIRT6,2349,1.0,2.382037131390718,-0.10014015425846982,0.041698996223443585,-20.366559127778586,52.20308423700056,0.6,0.5,18,15
1970,4,MAFG,1970,1.0,16.23958394816052,0.32949492464013336,6.1155759849535194e-12,5.447133561603198,6.72935837989011,0.8095238095238095,0.68,25,21
1956,4,MAFG,1956,1.0,16.23958394816052,0.3423221467827305,7.969549232023181e-13,20.944581216702034,52.28042980200854,0.8095238095238095,0.68,25,21
1972,4,MAFG,1972,1.0,16.23958394816052,0.28658717404622175,2.8751046408741956e-09,4.049536907177348,4.132472536110687,0.8095238095238095,0.68,25,21
1967,4,MAFG,1967,1.0,16.23958394816052,0.3659595535526674,1.4472571911704936e-14,19.644252701982513,51.601725604910975,0.8095238095238095,0.68,25,21
1953,4,MAFG,1953,1.0,16.23958394816052,0.41610222340039177,9.14172367631714e-19,15.976110286362609,35.10366027198085,0.8095238095238095,0.68,25,21
1952,4,MAFG,1952,1.0,16.23958394816052,0.3232547412515628,1.5931722860559333e-11,13.344214799383346,25.107004163593555,0.8095238095238095,0.68,25,21
1959,4,MAFG,1959,1.0,16.23958394816052,0.4720687149059445,2.2949187037003582e-24,7.908518836346648,12.726720426417804,0.8095238095238095,0.68,25,21
1954,4,MAFG,1954,1.0,16.23958394816052,0.5466651108064219,1.2361133138261021e-33,8.08349239158984,13.350061614471686,0.8095238095238095,0.68,25,21
1960,4,MAFG,1960,1.0,16.23958394816052,0.4993256952433379,1.720703205336672e-27,12.078073479228964,26.996609134458318,0.8095238095238095,0.68,25,21
1957,4,MAFG,1957,1.0,16.23958394816052,0.2992687879637299,5.172292074212871e-10,25.870082007438477,67.61492073805132,0.8095238095238095,0.68,25,21
1965,4,MAFG,1965,1.0,16.23958394816052,0.3243524683004045,1.3483500517274597e-11,4.678732767893634,5.28202137302826,0.8095238095238095,0.68,25,21
1962,4,MAFG,1962,1.0,16.23958394816052,0.2158403484450488,9.390296143809961e-06,2.015272626193301,1.3404004933713538,0.8095238095238095,0.68,25,21
1974,4,MAFG,1974,1.0,16.23958394816052,0.4732425438145889,1.705611951096587e-24,6.906034441524142,9.744005262225897,0.8095238095238095,0.68,25,21
1958,4,MAFG,1958,1.0,16.23958394816052,0.23379785062980635,1.5129598473882402e-06,9.609611061427161,16.375367589382073,0.8095238095238095,0.68,25,21
1973,4,MAFG,1973,1.0,16.23958394816052,0.47298734891138405,1.8194625468487738e-24,10.403420083263759,19.052061037315216,0.8095238095238095,0.68,25,21
1971,4,MAFG,1971,1.0,16.23958394816052,0.6195417737906042,3.009613458081535e-45,4.92379507350139,5.7764153704365295,0.8095238095238095,0.68,25,21
1975,4,MAFG,1975,1.0,16.23958394816052,0.29427498392348217,1.0266502769363223e-09,10.527107801633935,19.095710306564886,0.8095238095238095,0.68,25,21
8613,4,NKX6-1,8613,1.0,5.231167114650946,0.30731315007199644,1.6669578471706982e-10,2.99633292669625,2.5203531222786184,0.8095238095238095,0.68,25,21
8616,4,NKX6-1,8616,1.0,5.231167114650946,-0.2427260377425101,5.770006419157457e-07,-2.8904488111453976,2.372771247576553,0.8095238095238095,0.68,25,21
8610,4,NKX6-1,8610,1.0,5.231167114650946,0.26986606731050633,2.430363316897546e-08,17.27268868857204,40.16720821468739,0.8095238095238095,0.68,25,21
8629,4,NKX6-1,8629,1.0,5.231167114650946,-0.25773852367951033,1.0464597596335079e-07,-6.05200598411834,8.208679592521854,0.8095238095238095,0.68,25,21
8632,4,NKX6-1,8632,1.0,5.231167114650946,0.16844060509934802,0.0005784602187508527,8.198590049771989,13.21321322027315,0.8095238095238095,0.68,25,21
8630,4,NKX6-1,8630,1.0,5.231167114650946,-0.22651252907537747,3.230992609936938e-06,-2.1301636074316597,1.465277937224507,0.8095238095238095,0.68,25,21
8617,4,NKX6-1,8617,1.0,5.231167114650946,0.2323154701404818,1.7690929935217922e-06,3.830118684283238,3.7547512140706423,0.8095238095238095,0.68,25,21
8625,4,NKX6-1,8625,1.0,5.231167114650946,-0.2541012062774006,1.5985831535991246e-07,-7.095079316979317,10.48873974138239,0.8095238095238095,0.68,25,21
8612,4,NKX6-1,8612,1.0,5.231167114650946,0.23310022011333056,1.6287300124956907e-06,5.067864634538149,5.944068261964698,0.8095238095238095,0.68,25,21
8627,4,NKX6-1,8627,1.0,5.231167114650946,-0.22508155952332362,3.7393115430615234e-06,-13.856441645320313,31.081979189453005,0.8095238095238095,0.68,25,21
8624,4,NKX6-1,8624,1.0,5.231167114650946,-0.27786206548679293,8.914694493516136e-09,-4.874063390088646,5.61384068761327,0.8095238095238095,0.68,25,21
8608,4,NKX6-1,8608,1.0,5.231167114650946,0.2503163275949767,2.467366479100205e-07,6.765677189986732,9.931717172162196,0.8095238095238095,0.68,25,21
8611,4,NKX6-1,8611,1.0,5.231167114650946,0.20372385333576884,2.9600988079086884e-05,4.41954199478202,4.771342111921929,0.8095238095238095,0.68,25,21
8618,4,NKX6-1,8618,1.0,5.231167114650946,-0.3290319213322831,6.570794711317743e-12,-16.073604107115543,42.96081022126909,0.8095238095238095,0.68,25,21
8621,4,NKX6-1,8621,1.0,5.231167114650946,0.252253623179887,1.9775563069503923e-07,7.43362410002335,11.159770836623528,0.8095238095238095,0.68,25,21
8620,4,NKX6-1,8620,1.0,5.231167114650946,-0.35749199390096537,6.323150713534625e-14,-6.649636715348704,9.570944698333353,0.8095238095238095,0.68,25,21
8623,4,NKX6-1,8623,1.0,5.231167114650946,-0.2726806368581159,1.7137836828343878e-08,-13.538222050312811,27.748427676354428,0.8095238095238095,0.68,25,21
3597,4,RFX7,3597,-1.0,1.9775882093724293,-0.49118651677982594,1.5790720961916103e-26,2.3521384845970505,1.7002454690476707,0.9,0.8181818181818182,11,10
3606,4,RFX7,3606,-1.0,1.9775882093724293,0.13953521211913664,0.004448605096126716,-11.230073970894738,21.085037013201962,0.9,0.8181818181818182,11,10
3602,4,RFX7,3602,-1.0,1.9775882093724293,0.5558544949352099,6.064107359517184e-35,-7.3989595094278195,11.200583045489394,0.9,0.8181818181818182,11,10
3605,4,RFX7,3605,-1.0,1.9775882093724293,-0.016877447678914418,0.7320563954949262,5.343638872392909,6.504408606608351,0.9,0.8181818181818182,11,10
3596,4,RFX7,3596,-1.0,1.9775882093724293,0.7257696540451732,6.349647364776702e-69,-2.2187891407035583,1.5587025665373957,0.9,0.8181818181818182,11,10
3599,4,RFX7,3599,-1.0,1.9775882093724293,-0.3859430563606146,3.73624131902113e-16,13.454571562615673,28.311164303711465,0.9,0.8181818181818182,11,10
3600,4,RFX7,3600,-1.0,1.9775882093724293,0.18513663031957286,0.0001516309026445909,-13.046364515297773,29.58625046468681,0.9,0.8181818181818182,11,10
3603,4,RFX7,3603,-1.0,1.9775882093724293,0.2133822583734242,1.1917288866321413e-05,-3.0251847183359857,2.539831182233275,0.9,0.8181818181818182,11,10
3601,4,RFX7,3601,-1.0,1.9775882093724293,-0.3286430911560761,6.978508267940331e-12,12.352596969213756,24.68243169172903,0.9,0.8181818181818182,11,10
1674,4,SOX5,1674,1.0,3.7215562557347237,0.645531573604662,3.5884944646900653e-50,2.9155844907542834,2.3807276300228666,0.5238095238095238,0.44,25,21
1662,4,SOX5,1662,1.0,3.7215562557347237,0.5506476056875148,3.385412082229634e-34,8.07750022688327,12.970271275433653,0.5238095238095238,0.44,25,21
1669,4,SOX5,1669,1.0,3.7215562557347237,0.713835867736659,1.0000402034993283e-65,3.1216595262795535,2.6652125398817947,0.5238095238095238,0.44,25,21
1665,4,SOX5,1665,1.0,3.7215562557347237,0.2002785328068776,4.0535991619377117e-05,21.721159414580267,55.9809544558266,0.5238095238095238,0.44,25,21
1672,4,SOX5,1672,1.0,3.7215562557347237,0.6866947313414095,4.956314344524844e-59,2.0887859887090934,1.4138432731265562,0.5238095238095238,0.44,25,21
1681,4,SOX5,1681,1.0,3.7215562557347237,0.16164398619850495,0.0009642452550228454,12.866103952872063,27.662521731870264,0.5238095238095238,0.44,25,21
1663,4,SOX5,1663,1.0,3.7215562557347237,0.27304087388611187,1.6383725856998893e-08,10.5440582722296,18.47804323918478,0.5238095238095238,0.44,25,21
1675,4,SOX5,1675,1.0,3.7215562557347237,0.45489590745337394,1.5506908466492718e-22,4.4674413665396235,4.774180364399668,0.5238095238095238,0.44,25,21
1683,4,SOX5,1683,1.0,3.7215562557347237,0.23523482285812375,1.2988386787028197e-06,12.607573205220568,27.593857862162587,0.5238095238095238,0.44,25,21
1666,4,SOX5,1666,1.0,3.7215562557347237,0.35578456578181344,8.467859600314813e-14,7.184200459776232,10.88004765053339,0.5238095238095238,0.44,25,21
1667,4,SOX5,1667,1.0,3.7215562557347237,0.5616553169198534,8.61195232526553e-36,9.62199130857238,16.621480327276686,0.5238095238095238,0.44,25,21
3762,4,THRB,3762,-1.0,18.06804575486263,-0.32718768536616205,8.735621374636466e-12,3.5580077535195196,3.290028350071795,1.0,0.96,25,24
3749,4,THRB,3749,-1.0,18.06804575486263,-0.5722145345250884,2.231174448316908e-37,24.301609372852095,64.97712051792615,1.0,0.96,25,24
3750,4,THRB,3750,-1.0,18.06804575486263,0.45465508734590965,1.6423129578992276e-22,-15.061445045594349,36.40904823664568,1.0,0.96,25,24
3759,4,THRB,3759,-1.0,18.06804575486263,0.6913005850119078,4.085856479040663e-60,-18.66945092126382,46.60349324648738,1.0,0.96,25,24
3747,4,THRB,3747,-1.0,18.06804575486263,-0.5362307002512631,3.392754657960201e-32,10.93726091432942,19.504531360711788,1.0,0.96,25,24
3753,4,THRB,3753,-1.0,18.06804575486263,-0.19447889462894213,6.799613668447769e-05,6.140255360862604,8.420535906291116,1.0,0.96,25,24
3756,4,THRB,3756,-1.0,18.06804575486263,-0.5561445275786799,5.505275148058814e-35,13.206945320294142,26.506525756295048,1.0,0.96,25,24
3761,4,THRB,3761,-1.0,18.06804575486263,-0.3460797183892957,4.308710277477322e-13,8.054592271688058,12.501854369108555,1.0,0.96,25,24
3748,4,THRB,3748,-1.0,18.06804575486263,-0.3346111681170413,2.74387735508473e-12,3.870880208093259,3.8143848298756393,1.0,0.96,25,24
3755,4,THRB,3755,-1.0,18.06804575486263,-0.3907068636690144,1.5048196004654612e-16,4.771694599507925,5.336805544266042,1.0,0.96,25,24
3751,4,THRB,3751,-1.0,18.06804575486263,-0.6608860539536819,2.5939979602319734e-53,26.697793640549502,75.87710808470331,1.0,0.96,25,24
3764,4,THRB,3764,-1.0,18.06804575486263,0.2420782403220631,6.195934223616654e-07,-7.89852924413479,12.560557567049285,1.0,0.96,25,24
3766,4,THRB,3766,-1.0,18.06804575486263,0.45146557384395997,3.4977359281675923e-22,-10.358464272455656,19.05364492036152,1.0,0.96,25,24
3760,4,THRB,3760,-1.0,18.06804575486263,0.29850438706082366,5.749498473099299e-10,-5.784534021414725,7.619129676276899,1.0,0.96,25,24
3757,4,THRB,3757,-1.0,18.06804575486263,0.5042001039213175,4.432833212508135e-28,-15.325882317708988,37.4940661450955,1.0,0.96,25,24
3767,4,THRB,3767,-1.0,18.06804575486263,-0.1851028072707717,0.00015206125557941356,4.744935325455188,5.329989693389706,1.0,0.96,25,24
3746,4,THRB,3746,-1.0,18.06804575486263,-0.4213853836231335,2.99002276518051e-19,8.51545934767672,14.199803358908555,1.0,0.96,25,24
3752,4,THRB,3752,-1.0,18.06804575486263,0.31259692945907225,7.774466400090694e-11,-11.351297221946023,22.866261903429603,1.0,0.96,25,24
3754,4,THRB,3754,-1.0,18.06804575486263,-0.43831449600909167,7.271669943129603e-21,14.744167475741824,34.22819953979722,1.0,0.96,25,24
3768,4,THRB,3768,-1.0,18.06804575486263,0.47333352781586396,1.6667456922154285e-24,-13.551881318780206,27.485432299717807,1.0,0.96,25,24
3765,4,THRB,3765,-1.0,18.06804575486263,-0.4057486499318677,7.720380523027228e-18,6.896701500672259,9.822602976839603,1.0,0.96,25,24
3763,4,THRB,3763,-1.0,18.06804575486263,0.16682567727484313,0.0006542896518269251,-2.898810877107798,2.3688476374219687,1.0,0.96,25,24
3745,4,THRB,3745,-1.0,18.06804575486263,0.3095964867999211,1.2011153520047906e-10,-3.458408811955695,3.1776883808554732,1.0,0.96,25,24
3758,4,THRB,3758,-1.0,18.06804575486263,0.6538821461231812,7.403186375711396e-52,-25.747495400828445,81.02405274767312,1.0,0.96,25,24
3937,4,E4F1,3937,-1.0,18.574949720667966,0.3085929569419905,1.3876963926666996e-10,-2.3761281175345244,1.7302516341611682,0.75,0.75,4,4
3935,4,E4F1,3935,-1.0,18.574949720667966,-0.3977491606599046,3.817470226262182e-17,10.50424972812945,19.719504458807435,0.75,0.75,4,4
3936,4,E4F1,3936,-1.0,18.574949720667966,-0.2404907555265805,7.371169317430303e-07,12.503122858325261,26.416589593158438,0.75,0.75,4,4
174,4,POU2F1,174,-1.0,15.269942018162242,-0.29542090881686556,8.782269207109641e-10,7.6172307806789075,11.889132068662022,0.8695652173913043,0.8,25,23
173,4,POU2F1,173,-1.0,15.269942018162242,0.580716634302237,1.0683830805790168e-38,-2.653313782480961,2.0649243198982377,0.8695652173913043,0.8,25,23
163,4,POU2F1,163,-1.0,15.269942018162242,-0.2725421530315387,1.7436581907963317e-08,12.785645790115236,24.8151538844432,0.8695652173913043,0.8,25,23
161,4,POU2F1,161,-1.0,15.269942018162242,-0.2171376314818174,8.271288014876023e-06,9.47526438386301,16.106378231031833,0.8695652173913043,0.8,25,23
165,4,POU2F1,165,-1.0,15.269942018162242,0.47066455103496424,3.268082807419831e-24,-17.265691558476053,42.47387316614302,0.8695652173913043,0.8,25,23
162,4,POU2F1,162,-1.0,15.269942018162242,0.6700668132050256,2.791003930952496e-55,-3.8866911533542097,3.87110356795462,0.8695652173913043,0.8,25,23
153,4,POU2F1,153,-1.0,15.269942018162242,0.5981285707098317,1.5904960487429026e-41,-14.405297284480522,34.91676374602922,0.8695652173913043,0.8,25,23
168,4,POU2F1,168,-1.0,15.269942018162242,0.3383117478863766,1.5224679974503536e-12,-28.584624954365225,97.2456805347386,0.8695652173913043,0.8,25,23
155,4,POU2F1,155,-1.0,15.269942018162242,0.6113811176911034,8.529872317728026e-44,-10.941652953446932,21.567363900782762,0.8695652173913043,0.8,25,23
166,4,POU2F1,166,-1.0,15.269942018162242,0.3785021547396027,1.5017403573435044e-15,-7.948961260735297,12.960644117093365,0.8695652173913043,0.8,25,23
156,4,POU2F1,156,-1.0,15.269942018162242,-0.3855327827786565,4.0378455342473627e-16,23.0653828480262,58.639444689835585,0.8695652173913043,0.8,25,23
159,4,POU2F1,159,-1.0,15.269942018162242,0.3959235616008619,5.4647870718099964e-17,-18.107775406800567,48.222336804956605,0.8695652173913043,0.8,25,23
172,4,POU2F1,172,-1.0,15.269942018162242,0.3642711069565133,1.948763264629573e-14,-9.08842185451133,16.031900208771088,0.8695652173913043,0.8,25,23
170,4,POU2F1,170,-1.0,15.269942018162242,-0.43670147481176425,1.0455890109174948e-20,5.124567981697742,5.990545122766249,0.8695652173913043,0.8,25,23
157,4,POU2F1,157,-1.0,15.269942018162242,-0.2924607155857878,1.312734645824071e-09,3.5435898760502518,3.2912641497620094,0.8695652173913043,0.8,25,23
164,4,POU2F1,164,-1.0,15.269942018162242,-0.2411704296922399,6.843929907575622e-07,9.249430916496188,15.577609525646498,0.8695652173913043,0.8,25,23
152,4,POU2F1,152,-1.0,15.269942018162242,-0.27782801909818455,8.95346106011047e-09,10.71759401993078,18.890687924045924,0.8695652173913043,0.8,25,23
151,4,POU2F1,151,-1.0,15.269942018162242,-0.21717094718488653,8.244295372985562e-06,7.967748363878079,12.688935721448278,0.8695652173913043,0.8,25,23
169,4,POU2F1,169,-1.0,15.269942018162242,0.5882490272702559,6.709219038887297e-40,-6.211711198298058,8.544422578809668,0.8695652173913043,0.8,25,23
150,4,POU2F1,150,-1.0,15.269942018162242,0.5772643157111021,3.709340056479042e-38,-2.710350502001538,2.1370664018488075,0.8695652173913043,0.8,25,23
2306,4,DLX6,2306,-1.0,2.0845351595272836,-0.35202780845022114,1.6002085928194337e-13,10.731454660555316,18.97809643899338,0.7857142857142857,0.7333333333333333,15,14
2317,4,DLX6,2317,-1.0,2.0845351595272836,-0.3213761350254143,2.1163607783130617e-11,14.365213425068726,32.06207087048869,0.7857142857142857,0.7333333333333333,15,14
2313,4,DLX6,2313,-1.0,2.0845351595272836,-0.363017465265276,2.4277621072978678e-14,13.782987372277427,28.145984061727408,0.7857142857142857,0.7333333333333333,15,14
2307,4,DLX6,2307,-1.0,2.0845351595272836,-0.2198519058759469,6.326893970566281e-06,15.396747315004564,32.372607662416534,0.7857142857142857,0.7333333333333333,15,14
2305,4,DLX6,2305,-1.0,2.0845351595272836,-0.24813453123031323,3.158790676741514e-07,7.752289659795338,12.145330546425887,0.7857142857142857,0.7333333333333333,15,14
2311,4,DLX6,2311,-1.0,2.0845351595272836,-0.23993807815108031,7.828424301901395e-07,15.5763869289183,32.572519748542746,0.7857142857142857,0.7333333333333333,15,14
2318,4,DLX6,2318,-1.0,2.0845351595272836,0.24238306158585735,5.991882740481058e-07,-4.000034154462151,4.037652377099367,0.7857142857142857,0.7333333333333333,15,14
2304,4,DLX6,2304,-1.0,2.0845351595272836,0.2489119808291007,2.8933801593199387e-07,-2.2562873846144123,1.6000468242106003,0.7857142857142857,0.7333333333333333,15,14
2314,4,DLX6,2314,-1.0,2.0845351595272836,0.2760192146864967,1.1265236695135628e-08,-23.478471314329607,76.56901225213366,0.7857142857142857,0.7333333333333333,15,14
2309,4,DLX6,2309,-1.0,2.0845351595272836,-0.2352405710690876,1.2980435365697648e-06,10.799666460298376,20.142909720870794,0.7857142857142857,0.7333333333333333,15,14
2312,4,DLX6,2312,-1.0,2.0845351595272836,0.24181430739818668,6.377990306856531e-07,-9.999046119660088,18.555746939189568,0.7857142857142857,0.7333333333333333,15,14
426,4,GTF2IRD1,426,-1.0,17.738164288378453,-0.43724450386026686,9.254560920701703e-21,10.760117349667258,19.28628975741572,1.0,0.75,8,6
430,4,GTF2IRD1,430,-1.0,17.738164288378453,0.35293362099836345,1.3736213306350512e-13,-3.9318650634630625,3.9426018851403026,1.0,0.75,8,6
427,4,GTF2IRD1,427,-1.0,17.738164288378453,-0.24810990461477453,3.1675692712426477e-07,7.048853122685804,10.23512835137821,1.0,0.75,8,6
432,4,GTF2IRD1,432,-1.0,17.738164288378453,-0.34385044124281106,6.212069483248727e-13,23.094341196329594,63.64446328382248,1.0,0.75,8,6
429,4,GTF2IRD1,429,-1.0,17.738164288378453,-0.36541128193160055,1.5943633484219647e-14,17.36729379623966,39.780009228097995,1.0,0.75,8,6
431,4,GTF2IRD1,431,-1.0,17.738164288378453,0.24162585704434753,6.5111114567936e-07,-3.469156521379422,3.1821830022912265,1.0,0.75,8,6
7835,4,HMGA1,7835,1.0,11.561540151912961,0.3013235381784006,3.88602549870083e-10,23.024304366367847,61.673792658691085,1.0,0.96,25,24
7853,4,HMGA1,7853,1.0,11.561540151912961,0.14138482554282825,0.003944695065667017,12.2408980259482,25.107478277176355,1.0,0.96,25,24
7844,4,HMGA1,7844,1.0,11.561540151912961,0.4440370176357605,1.973434750322998e-21,9.484866604076569,16.282116796446147,1.0,0.96,25,24
7830,4,HMGA1,7830,1.0,11.561540151912961,0.5280725808804225,4.176536765984419e-31,16.850670364468442,36.612957487229664,1.0,0.96,25,24
7846,4,HMGA1,7846,1.0,11.561540151912961,0.5193222199250735,5.725402468280578e-30,16.884990250038697,38.1349863555713,1.0,0.96,25,24
7841,4,HMGA1,7841,1.0,11.561540151912961,0.28090862238299447,6.031651950513978e-09,3.054623103234411,2.597584473619526,1.0,0.96,25,24
7832,4,HMGA1,7832,1.0,11.561540151912961,0.5769022399736857,4.2229866824630224e-38,15.364394456307936,35.40113172107373,1.0,0.96,25,24
7852,4,HMGA1,7852,1.0,11.561540151912961,0.2872281208210038,2.641671098725601e-09,4.95843437919395,5.7226609029033755,1.0,0.96,25,24
7833,4,HMGA1,7833,1.0,11.561540151912961,-0.3835262304085275,5.893328968626458e-16,-14.64448438691324,36.002439044631465,1.0,0.96,25,24
7847,4,HMGA1,7847,1.0,11.561540151912961,0.3440280122490172,6.034294635954417e-13,3.4058826943733047,3.088529057011937,1.0,0.96,25,24
7838,4,HMGA1,7838,1.0,11.561540151912961,-0.4012060453626275,1.923588850468542e-17,-18.731868665484306,51.140168607850285,1.0,0.96,25,24
7854,4,HMGA1,7854,1.0,11.561540151912961,0.36973674252753724,7.39126258613351e-15,11.24440571880704,23.30871588712685,1.0,0.96,25,24
7843,4,HMGA1,7843,1.0,11.561540151912961,-0.25921232038375636,8.797508173378653e-08,-17.67448095500832,43.94658662461059,1.0,0.96,25,24
7834,4,HMGA1,7834,1.0,11.561540151912961,-0.2968194918847937,7.251547644827097e-10,-10.911400292297857,21.414167390005808,1.0,0.96,25,24
7842,4,HMGA1,7842,1.0,11.561540151912961,0.38414197901195263,5.2491545521161e-16,25.61085498401749,69.50536299905094,1.0,0.96,25,24
7831,4,HMGA1,7831,1.0,11.561540151912961,0.40849727999269425,4.413448637565735e-18,7.627930635338223,12.161703146886595,1.0,0.96,25,24
7839,4,HMGA1,7839,1.0,11.561540151912961,0.4670399040101875,8.078584073555324e-24,11.90750921006893,24.60609035919858,1.0,0.96,25,24
7837,4,HMGA1,7837,1.0,11.561540151912961,0.4166936194086801,8.074632038600009e-19,5.646544314030695,7.293856132233919,1.0,0.96,25,24
7849,4,HMGA1,7849,1.0,11.561540151912961,-0.3004669694675111,4.3791576184448885e-10,-14.527932371339766,34.26645835160474,1.0,0.96,25,24
7840,4,HMGA1,7840,1.0,11.561540151912961,0.24326661314169198,5.436239151045475e-07,12.075182952366163,22.88741147036192,1.0,0.96,25,24
7845,4,HMGA1,7845,1.0,11.561540151912961,-0.43564636480441193,1.3245800449588669e-20,-27.835568159947716,90.52699088040335,1.0,0.96,25,24
7848,4,HMGA1,7848,1.0,11.561540151912961,0.27732709974543934,9.543054595759502e-09,7.327472831966593,11.287883767598569,1.0,0.96,25,24
7836,4,HMGA1,7836,1.0,11.561540151912961,0.2684054250479125,2.908860111054506e-08,3.041823736273821,2.5655826307928344,1.0,0.96,25,24
7850,4,HMGA1,7850,1.0,11.561540151912961,0.4911029738492871,1.6149169794035081e-26,8.208299006463898,13.474685299171037,1.0,0.96,25,24
9361,4,MAFK,9361,-1.0,3.1642416808424225,0.24901788435984176,2.8589307117141204e-07,-13.789094052243096,34.26672405649881,1.0,0.96,25,24
9357,4,MAFK,9357,-1.0,3.1642416808424225,-0.1666491209601011,0.0006631161370375503,9.51615119883931,16.72601985501781,1.0,0.96,25,24
9338,4,MAFK,9338,-1.0,3.1642416808424225,0.21905590569457534,6.846583328079678e-06,-17.74580730476601,47.7190269934775,1.0,0.96,25,24
9355,4,MAFK,9355,-1.0,3.1642416808424225,-0.26846630653575454,2.8872130120971112e-08,2.1912427796666707,1.5279722605641504,1.0,0.96,25,24
9359,4,MAFK,9359,-1.0,3.1642416808424225,-0.28264019336637003,4.820362424878092e-09,10.321057538941323,19.57274565454649,1.0,0.96,25,24
9351,4,MAFK,9351,-1.0,3.1642416808424225,0.16626675139340394,0.0006826111697700245,-5.989288156438119,8.058144291843025,1.0,0.96,25,24
9344,4,MAFK,9344,-1.0,3.1642416808424225,-0.210758604477918,1.5322408564393126e-05,3.7146847311887288,3.5470174439775874,1.0,0.96,25,24
9350,4,MAFK,9350,-1.0,3.1642416808424225,0.3540526565679499,1.1367229040365624e-13,-16.00324101790401,41.22862532506848,1.0,0.96,25,24
9340,4,MAFK,9340,-1.0,3.1642416808424225,-0.281185971383164,5.819524292491563e-09,8.092116918378547,13.41994012500213,1.0,0.96,25,24
9353,4,MAFK,9353,-1.0,3.1642416808424225,0.21578826094989498,9.438106586794109e-06,-9.096157821661722,15.729275895789144,1.0,0.96,25,24
9337,4,MAFK,9337,-1.0,3.1642416808424225,-0.2940757661660433,1.0548277879316928e-09,14.8075698077127,33.57658074037031,1.0,0.96,25,24
9341,4,MAFK,9341,-1.0,3.1642416808424225,-0.3058979364135138,2.039539534217851e-10,6.956668426003693,10.302506242599467,1.0,0.96,25,24
9358,4,MAFK,9358,-1.0,3.1642416808424225,-0.2634210914613291,5.3281830161307736e-08,4.3900958649676864,4.710943824072211,1.0,0.96,25,24
9342,4,MAFK,9342,-1.0,3.1642416808424225,-0.2551046802220991,1.4231489961993806e-07,5.697074039954183,7.395945387631638,1.0,0.96,25,24
9346,4,MAFK,9346,-1.0,3.1642416808424225,0.2723003182326104,1.797040591788429e-08,-18.601203015988244,46.242003467026024,1.0,0.96,25,24
9348,4,MAFK,9348,-1.0,3.1642416808424225,-0.21434706084047742,1.0856684701143825e-05,11.388924114765773,22.737208866251645,1.0,0.96,25,24
9339,4,MAFK,9339,-1.0,3.1642416808424225,-0.2511806992154321,2.2358982389952419e-07,22.595442408905868,60.034130385180255,1.0,0.96,25,24
9345,4,MAFK,9345,-1.0,3.1642416808424225,0.31601035154408563,4.7114570563679696e-11,-28.435107220839196,97.38297335364543,1.0,0.96,25,24
9360,4,MAFK,9360,-1.0,3.1642416808424225,-0.2112495460312669,1.4621980726641903e-05,6.357938013349068,8.886536362993507,1.0,0.96,25,24
9349,4,MAFK,9349,-1.0,3.1642416808424225,-0.26429693931003523,4.794899365562013e-08,8.45766550450053,14.220781638487667,1.0,0.96,25,24
9354,4,MAFK,9354,-1.0,3.1642416808424225,0.3428398085446323,7.325741626862393e-13,-13.583094703717423,27.594927971796434,1.0,0.96,25,24
9356,4,MAFK,9356,-1.0,3.1642416808424225,0.2187663803968374,7.045506220043155e-06,-7.119518688104261,10.588129225325435,1.0,0.96,25,24
9343,4,MAFK,9343,-1.0,3.1642416808424225,-0.2091185248415496,1.7900624555588468e-05,2.488176781279923,1.8677507148416903,1.0,0.96,25,24
9347,4,MAFK,9347,-1.0,3.1642416808424225,-0.2237677946230654,4.27253908119528e-06,2.2957443121319483,1.6458503165897387,1.0,0.96,25,24
4800,4,TEAD3,4800,-1.0,19.622500109489945,-0.20554596531192673,2.501284806779038e-05,6.994086633892434,10.465531674011785,1.0,1.0,25,25
4801,4,TEAD3,4801,-1.0,19.622500109489945,-0.4030779819985279,1.3227180436460595e-17,20.65730141674945,53.36210074321277,1.0,1.0,25,25
4803,4,TEAD3,4803,-1.0,19.622500109489945,-0.35164208787989104,1.7074522981805045e-13,24.431521528451874,69.29382724857248,1.0,1.0,25,25
4794,4,TEAD3,4794,-1.0,19.622500109489945,-0.37126148556749367,5.621172673196393e-15,19.772998392108924,47.08857591970602,1.0,1.0,25,25
4812,4,TEAD3,4812,-1.0,19.622500109489945,-0.29732328619668696,6.766422873214794e-10,14.018989719530932,31.45939694378559,1.0,1.0,25,25
4807,4,TEAD3,4807,-1.0,19.622500109489945,0.40430660424623016,1.033135971684985e-17,-15.175369518643445,39.74239418771933,1.0,1.0,25,25
4809,4,TEAD3,4809,-1.0,19.622500109489945,0.3645968229164685,1.8403140508028353e-14,-10.801099309282517,20.827495038173918,1.0,1.0,25,25
4817,4,TEAD3,4817,-1.0,19.622500109489945,-0.30819604346430884,1.4690338236360417e-10,11.342058206614762,22.86435736728996,1.0,1.0,25,25
4816,4,TEAD3,4816,-1.0,19.622500109489945,0.38410629569546745,5.284519858345784e-16,-13.242180183413542,29.237766755888703,1.0,1.0,25,25
4796,4,TEAD3,4796,-1.0,19.622500109489945,-0.43417878271692945,1.8380371569342045e-20,7.639408752419542,12.024131155421044,1.0,1.0,25,25
4798,4,TEAD3,4798,-1.0,19.622500109489945,0.26335361447897077,5.37156401792203e-08,-10.458276569108378,20.725502543607096,1.0,1.0,25,25
4805,4,TEAD3,4805,-1.0,19.622500109489945,-0.2084231229581977,1.9113764029127123e-05,2.373386783869551,1.7234193088704792,1.0,1.0,25,25
4815,4,TEAD3,4815,-1.0,19.622500109489945,0.5166951837246873,1.2381178003425218e-29,-12.246086189552063,24.07439307769276,1.0,1.0,25,25
4797,4,TEAD3,4797,-1.0,19.622500109489945,0.2702151272740187,2.327821929035048e-08,-8.376210687576213,13.903086322370758,1.0,1.0,25,25
4810,4,TEAD3,4810,-1.0,19.622500109489945,0.4561340001547405,1.15355913701465e-22,-29.481522916163037,96.50264943707303,1.0,1.0,25,25
4811,4,TEAD3,4811,-1.0,19.622500109489945,0.31870080596097417,3.160442467836256e-11,-13.691853647831946,30.672821669520044,1.0,1.0,25,25
4802,4,TEAD3,4802,-1.0,19.622500109489945,-0.2165181623430241,8.788784272216353e-06,12.006610165063229,22.82134140783208,1.0,1.0,25,25
4813,4,TEAD3,4813,-1.0,19.622500109489945,-0.28882372314819865,2.137601930186565e-09,10.687986145166548,18.88533465378824,1.0,1.0,25,25
4795,4,TEAD3,4795,-1.0,19.622500109489945,0.48042199326836776,2.7080187750736296e-25,-17.35668140352888,42.70973955741268,1.0,1.0,25,25
4814,4,TEAD3,4814,-1.0,19.622500109489945,-0.30355704320598537,2.840628064621161e-10,10.101228778667867,18.67571450175607,1.0,1.0,25,25
4808,4,TEAD3,4808,-1.0,19.622500109489945,0.4178694777002526,6.304153220981925e-19,-8.821976820204686,14.894169714954264,1.0,1.0,25,25
4806,4,TEAD3,4806,-1.0,19.622500109489945,0.45559908863795007,1.3110390549646246e-22,-15.067922491209467,37.05205986439109,1.0,1.0,25,25
4793,4,TEAD3,4793,-1.0,19.622500109489945,-0.3155307407120851,5.056912971096098e-11,10.582939518125142,18.644918572779083,1.0,1.0,25,25
4804,4,TEAD3,4804,-1.0,19.622500109489945,0.2892583493252936,2.0173455212720555e-09,-8.609941745213034,14.873231711155945,1.0,1.0,25,25
4799,4,TEAD3,4799,-1.0,19.622500109489945,-0.3227700569622421,1.7146016050012533e-11,9.936682804831504,17.50514542605921,1.0,1.0,25,25
3395,4,ZBTB33,3395,-1.0,2.0898357006731163,-0.3807111380568067,9.973444474943724e-16,4.746171298763627,5.28175391547207,0.6666666666666666,0.6666666666666666,6,6
3392,4,ZBTB33,3392,-1.0,2.0898357006731163,-0.29872068545790703,5.580103977322661e-10,5.733647079952892,7.377395285606263,0.6666666666666666,0.6666666666666666,6,6
3391,4,ZBTB33,3391,-1.0,2.0898357006731163,0.5382976267635021,1.7765656631514936e-32,-8.008073523804196,12.837354951482,0.6666666666666666,0.6666666666666666,6,6
3390,4,ZBTB33,3390,-1.0,2.0898357006731163,0.7083881583814995,2.5445629239693712e-64,-3.2670157357427243,2.8937558333688838,0.6666666666666666,0.6666666666666666,6,6
1380,4,PPARA,1380,-1.0,1.8319848604083995,0.34075580139274864,1.0273335604219644e-12,-13.019731099731189,28.010279874764798,0.6111111111111112,0.44,25,18
1381,4,PPARA,1381,-1.0,1.8319848604083995,-0.22699518993967238,3.07495817000599e-06,16.246530599226773,36.503913371731464,0.6111111111111112,0.44,25,18
1397,4,PPARA,1397,-1.0,1.8319848604083995,0.31088227000009727,9.974472536787931e-11,-8.434005763083814,14.167504488937574,0.6111111111111112,0.44,25,18
1382,4,PPARA,1382,-1.0,1.8319848604083995,0.466006271638824,1.0436670771786373e-23,-15.340208606471837,35.60258087186362,0.6111111111111112,0.44,25,18
1383,4,PPARA,1383,-1.0,1.8319848604083995,0.267548010760803,3.230900978776978e-08,-12.365804851233213,27.097559910908323,0.6111111111111112,0.44,25,18
1399,4,PPARA,1399,-1.0,1.8319848604083995,0.3735511368560885,3.716270030250075e-15,-5.327369593408056,6.528323574931881,0.6111111111111112,0.44,25,18
1400,4,PPARA,1400,-1.0,1.8319848604083995,-0.28988255369091914,1.8560526998638323e-09,5.601073741245864,7.01987527532486,0.6111111111111112,0.44,25,18
1392,4,PPARA,1392,-1.0,1.8319848604083995,-0.19730920735262347,5.292557357689618e-05,3.8658874769052085,3.820747363073619,0.6111111111111112,0.44,25,18
1395,4,PPARA,1395,-1.0,1.8319848604083995,0.12539176603244226,0.010657969215119596,-10.859642504231795,19.554779480097874,0.6111111111111112,0.44,25,18
1388,4,PPARA,1388,-1.0,1.8319848604083995,-0.2244395203722565,3.991427202921661e-06,9.669049778916085,17.178324268205436,0.6111111111111112,0.44,25,18
1389,4,PPARA,1389,-1.0,1.8319848604083995,0.37445319756761547,3.154355563621054e-15,-8.403916427207898,14.397317159024778,0.6111111111111112,0.44,25,18
7896,4,SH2D1A,7896,1.0,18.405910209729264,-0.34240169115318564,7.86714081718705e-13,-10.906989272163413,21.635499039146385,1.0,1.0,6,6
7894,4,SH2D1A,7894,1.0,18.405910209729264,-0.2676111193320184,3.2060679732946336e-08,-6.3407761789650205,8.87553160659415,1.0,1.0,6,6
7895,4,SH2D1A,7895,1.0,18.405910209729264,0.28697211711238163,2.7326140809555947e-09,13.724786011118187,29.150354591662104,1.0,1.0,6,6
7893,4,SH2D1A,7893,1.0,18.405910209729264,-0.2155048303562184,9.702351192025513e-06,-8.453742541658459,14.165685319161526,1.0,1.0,6,6
7898,4,SH2D1A,7898,1.0,18.405910209729264,0.11265024838812973,0.021878840295010183,8.54688000909948,14.011207160400781,1.0,1.0,6,6
7897,4,SH2D1A,7897,1.0,18.405910209729264,0.5484661663672407,6.896500049106202e-34,22.23479955922023,58.536503670183954,1.0,1.0,6,6
1325,4,MECOM,1325,-1.0,40.53558052085358,-0.49337554449823723,8.750173222669375e-27,21.836199410408103,56.26257547338409,1.0,1.0,25,25
1319,4,MECOM,1319,-1.0,40.53558052085358,-0.30885576203117554,1.336272166972674e-10,3.7722733171315235,3.6526283174036434,1.0,1.0,25,25
1315,4,MECOM,1315,-1.0,40.53558052085358,-0.3785863741311176,1.4785728557305538e-15,8.4164047483487,13.88796453913928,1.0,1.0,25,25
1334,4,MECOM,1334,-1.0,40.53558052085358,-0.48658421452945166,5.388285704732328e-26,15.145384165700223,32.57127070063329,1.0,1.0,25,25
1326,4,MECOM,1326,-1.0,40.53558052085358,-0.43162311314951357,3.239429231095268e-20,19.874577342301503,46.07783036795191,1.0,1.0,25,25
1337,4,MECOM,1337,-1.0,40.53558052085358,0.44767637768676566,8.499358300079644e-22,-7.323033682258285,11.43849769797883,1.0,1.0,25,25
1333,4,MECOM,1333,-1.0,40.53558052085358,0.7362936956796553,6.910312234151593e-72,-13.52974378424618,31.01575360876437,1.0,1.0,25,25
1323,4,MECOM,1323,-1.0,40.53558052085358,-0.5894343560154927,4.311568770568739e-40,12.69710502568088,25.881809105101034,1.0,1.0,25,25
1314,4,MECOM,1314,-1.0,40.53558052085358,0.3343517453327364,2.858710149603825e-12,-2.64931826854378,2.060376114658637,1.0,1.0,25,25
1320,4,MECOM,1320,-1.0,40.53558052085358,-0.4939211102754,7.547971649484258e-27,16.354635074616013,38.184917107268106,1.0,1.0,25,25
1316,4,MECOM,1316,-1.0,40.53558052085358,-0.39792301113074263,3.6888317715075205e-17,10.827549862067817,19.194406621753263,1.0,1.0,25,25
1322,4,MECOM,1322,-1.0,40.53558052085358,-0.2867321058103347,2.820630286266679e-09,3.070516676140831,2.622246481571841,1.0,1.0,25,25
1329,4,MECOM,1329,-1.0,40.53558052085358,0.5882109763403546,6.804928230315827e-40,-27.268593169096228,86.61942962177329,1.0,1.0,25,25
1328,4,MECOM,1328,-1.0,40.53558052085358,-0.24562492521935309,4.1849684354274767e-07,3.5115942137003513,3.2278574155770356,1.0,1.0,25,25
1317,4,MECOM,1317,-1.0,40.53558052085358,0.30423401152774066,2.5818810744542874e-10,-15.547760504202822,38.84941416096618,1.0,1.0,25,25
1324,4,MECOM,1324,-1.0,40.53558052085358,-0.3707140595226469,6.202757532107523e-15,9.194251786592082,15.319842023623028,1.0,1.0,25,25
1335,4,MECOM,1335,-1.0,40.53558052085358,0.49364308481425445,8.138692796168284e-27,-15.320617601414657,35.121745891514465,1.0,1.0,25,25
1331,4,MECOM,1331,-1.0,40.53558052085358,0.7739035730245966,9.309474756161744e-84,-17.71274167839484,44.375302974644335,1.0,1.0,25,25
1336,4,MECOM,1336,-1.0,40.53558052085358,0.26403988413914636,4.945822655422436e-08,-3.8831986715579876,3.8554736628870114,1.0,1.0,25,25
1318,4,MECOM,1318,-1.0,40.53558052085358,-0.09355852719225148,0.05716429104644898,2.661963851642908,2.078661207274675,1.0,1.0,25,25
1321,4,MECOM,1321,-1.0,40.53558052085358,0.5585975441929842,2.421055806464521e-35,-10.386505497953161,19.68104661042336,1.0,1.0,25,25
1330,4,MECOM,1330,-1.0,40.53558052085358,0.5198946750260333,4.835354928950378e-30,-8.519933160588499,14.398833113909188,1.0,1.0,25,25
1338,4,MECOM,1338,-1.0,40.53558052085358,-0.5569818171517527,4.162304267883357e-35,21.26188212084171,56.6312766707587,1.0,1.0,25,25
1332,4,MECOM,1332,-1.0,40.53558052085358,0.6444402729350924,5.906066528531068e-50,-14.127064279109575,33.65293749790145,1.0,1.0,25,25
1327,4,MECOM,1327,-1.0,40.53558052085358,-0.6001919458019466,7.160769065330623e-42,25.58846824835046,70.91018068650212,1.0,1.0,25,25
5820,4,ZSCAN4,5820,-1.0,24.374853344801867,-0.26051145008025806,7.542978814547511e-08,14.062705934543946,32.8931316525361,1.0,1.0,25,25
5802,4,ZSCAN4,5802,-1.0,24.374853344801867,-0.3210601865587951,2.2194593999957454e-11,7.191512160059648,10.646976285204945,1.0,1.0,25,25
5822,4,ZSCAN4,5822,-1.0,24.374853344801867,0.4485835532358264,6.878726645431564e-22,-15.566772961059215,37.80594024643885,1.0,1.0,25,25
5819,4,ZSCAN4,5819,-1.0,24.374853344801867,0.42027882801237887,3.7847913063445233e-19,-12.175783147011016,22.911072070871537,1.0,1.0,25,25
5815,4,ZSCAN4,5815,-1.0,24.374853344801867,-0.38227621437044196,7.448855621528645e-16,15.827126192158532,35.46411495085952,1.0,1.0,25,25
5800,4,ZSCAN4,5800,-1.0,24.374853344801867,-0.23543151512280283,1.2718940567538283e-06,10.476248920378119,18.35029331286817,1.0,1.0,25,25
5813,4,ZSCAN4,5813,-1.0,24.374853344801867,-0.33367772834691184,3.17945676305011e-12,5.755682180616286,7.537301756106389,1.0,1.0,25,25
5811,4,ZSCAN4,5811,-1.0,24.374853344801867,0.4940052147877193,7.377768342271704e-27,-14.024541430899296,33.06605324666188,1.0,1.0,25,25
5805,4,ZSCAN4,5805,-1.0,24.374853344801867,0.3214680227044495,2.0872637376740184e-11,-19.02384346041011,51.058092706924505,1.0,1.0,25,25
5809,4,ZSCAN4,5809,-1.0,24.374853344801867,-0.21451360682580284,1.0682939728587708e-05,12.163259424565581,23.827572306249433,1.0,1.0,25,25
5812,4,ZSCAN4,5812,-1.0,24.374853344801867,0.3861675346077289,3.580701256250555e-16,-15.857073525467435,37.54504236901624,1.0,1.0,25,25
5807,4,ZSCAN4,5807,-1.0,24.374853344801867,0.25940299187314114,8.601530102076614e-08,-10.855990182903053,21.081854314616436,1.0,1.0,25,25
5806,4,ZSCAN4,5806,-1.0,24.374853344801867,-0.4005488979343015,2.1926318066272966e-17,18.019168897894826,42.29871232924239,1.0,1.0,25,25
5823,4,ZSCAN4,5823,-1.0,24.374853344801867,0.3713818881573058,5.500621124938782e-15,-11.42260614906952,23.387706433797952,1.0,1.0,25,25
5801,4,ZSCAN4,5801,-1.0,24.374853344801867,-0.24539122740995045,4.2953826570349255e-07,14.808012959183252,29.697646747548937,1.0,1.0,25,25
5810,4,ZSCAN4,5810,-1.0,24.374853344801867,0.419496655640937,4.468614702947903e-19,-27.60684005651135,90.4820271420193,1.0,1.0,25,25
5821,4,ZSCAN4,5821,-1.0,24.374853344801867,0.3782261078968153,1.5802021285623278e-15,-14.400067826205397,35.23551406080904,1.0,1.0,25,25
5818,4,ZSCAN4,5818,-1.0,24.374853344801867,-0.17387676589916665,0.000379011829779288,11.19355938812494,21.95384508368153,1.0,1.0,25,25
5824,4,ZSCAN4,5824,-1.0,24.374853344801867,-0.21772232389791948,7.80956701168036e-06,2.3623002277369483,1.7155836984581887,1.0,1.0,25,25
5814,4,ZSCAN4,5814,-1.0,24.374853344801867,-0.34485976473042157,5.26568409935703e-13,15.894975318757599,35.182620212043496,1.0,1.0,25,25
5816,4,ZSCAN4,5816,-1.0,24.374853344801867,0.33348281972223065,3.278587521400827e-12,-20.6448176223029,51.181172265786344,1.0,1.0,25,25
5804,4,ZSCAN4,5804,-1.0,24.374853344801867,-0.3305502232017457,5.190055903088055e-12,21.63767128106307,57.362901341062816,1.0,1.0,25,25
5803,4,ZSCAN4,5803,-1.0,24.374853344801867,-0.21873654243147092,7.0663170693860475e-06,9.516759140699262,16.245044922054756,1.0,1.0,25,25
5808,4,ZSCAN4,5808,-1.0,24.374853344801867,-0.28825581300774716,2.305263064745372e-09,3.5149942257321594,3.2787247964715385,1.0,1.0,25,25
5817,4,ZSCAN4,5817,-1.0,24.374853344801867,-0.32563089532247713,1.1092898780735689e-11,16.324081798885807,35.95649918860423,1.0,1.0,25,25
2132,4,NFKB1,2132,1.0,12.90089384030923,0.36745064265906663,1.1112238790459797e-14,17.266634438686413,36.22370037475902,0.75,0.72,25,24
2139,4,NFKB1,2139,1.0,12.90089384030923,0.2217355367358475,5.242738873510063e-06,4.901736793295272,5.7058507397142595,0.75,0.72,25,24
2122,4,NFKB1,2122,1.0,12.90089384030923,-0.22942233192164385,2.3934447545081225e-06,-16.077502560237154,40.5792173653241,0.75,0.72,25,24
2129,4,NFKB1,2129,1.0,12.90089384030923,0.5527201130028061,1.7136199880154687e-34,9.41354737410999,15.952245904859986,0.75,0.72,25,24
2126,4,NFKB1,2126,1.0,12.90089384030923,0.3075165384138935,1.619181122915236e-10,20.720923183745718,52.710042114851916,0.75,0.72,25,24
2119,4,NFKB1,2119,1.0,12.90089384030923,0.41465848656231413,1.2364496791866852e-18,13.046167732995833,25.567373440456482,0.75,0.72,25,24
2135,4,NFKB1,2135,1.0,12.90089384030923,0.4375235440128765,8.691235707341642e-21,14.93108518527828,33.81714275194835,0.75,0.72,25,24
2121,4,NFKB1,2121,1.0,12.90089384030923,0.6076391046869867,3.827449480444896e-43,12.429726335479323,24.029256799118116,0.75,0.72,25,24
2138,4,NFKB1,2138,1.0,12.90089384030923,0.5412497024628676,6.99686053074622e-33,10.609023810382295,20.738191371805815,0.75,0.72,25,24
2128,4,NFKB1,2128,1.0,12.90089384030923,-0.2905563088230383,1.6960096685024732e-09,-25.710211751304584,81.87981260773142,0.75,0.72,25,24
2120,4,NFKB1,2120,1.0,12.90089384030923,0.5121324544414103,4.6520724524559805e-29,22.913071542844083,61.54229252835643,0.75,0.72,25,24
2125,4,NFKB1,2125,1.0,12.90089384030923,0.38549743769265926,4.064920145170696e-16,25.073624333370624,70.37028716226779,0.75,0.72,25,24
2117,4,NFKB1,2117,1.0,12.90089384030923,0.3191805859082187,2.941996543658907e-11,11.118549002953065,19.904528248977833,0.75,0.72,25,24
2123,4,NFKB1,2123,1.0,12.90089384030923,0.29343566496748136,1.1505428520434458e-09,8.941501235739018,14.4974196183527,0.75,0.72,25,24
2116,4,NFKB1,2116,1.0,12.90089384030923,0.20437534959291848,2.787586335506232e-05,9.111901167633306,15.76324942352266,0.75,0.72,25,24
2133,4,NFKB1,2133,1.0,12.90089384030923,0.3829130185337624,6.611798399802589e-16,14.585226855130658,32.8520149888164,0.75,0.72,25,24
2131,4,NFKB1,2131,1.0,12.90089384030923,0.38714208344061585,2.9759922530924613e-16,10.692877673091532,20.765095096313566,0.75,0.72,25,24
2124,4,NFKB1,2124,1.0,12.90089384030923,0.24149141042536293,6.607710752674311e-07,15.544012573167699,35.61275488966144,0.75,0.72,25,24
5117,4,IKZF1,5117,1.0,17.35737397139936,0.4721043982224297,2.2743462666275243e-24,3.87291278975688,3.7697591077465966,0.92,0.92,25,25
5123,4,IKZF1,5123,1.0,17.35737397139936,0.5616008618112835,8.772771383651298e-36,17.765362010466465,44.13428926581585,0.92,0.92,25,25
5106,4,IKZF1,5106,1.0,17.35737397139936,0.8908609699351148,2.8835084471582128e-143,11.400894067595017,20.717465807768168,0.92,0.92,25,25
5105,4,IKZF1,5105,1.0,17.35737397139936,0.5786163920869286,2.2821898132658472e-38,8.620782825969076,14.492379164421374,0.92,0.92,25,25
5111,4,IKZF1,5111,1.0,17.35737397139936,0.7272203246082553,2.526622680124173e-69,10.025695248376051,17.51040808879014,0.92,0.92,25,25
5129,4,IKZF1,5129,1.0,17.35737397139936,0.24738253995030549,3.437695115631217e-07,4.050833818909932,4.082644181132495,0.92,0.92,25,25
5119,4,IKZF1,5119,1.0,17.35737397139936,0.20662475145343986,2.262313769899208e-05,2.9292279803392907,2.4034065541134986,0.92,0.92,25,25
5109,4,IKZF1,5109,1.0,17.35737397139936,0.37138527792610593,5.497264123231678e-15,14.708578627311384,30.80951321884419,0.92,0.92,25,25
5126,4,IKZF1,5126,1.0,17.35737397139936,0.3637103208073901,2.1503378211602898e-14,17.651116428511134,40.0192820039345,0.92,0.92,25,25
5128,4,IKZF1,5128,1.0,17.35737397139936,-0.23689418163230883,1.0876752355834454e-06,-2.933102131541172,2.4123531760950527,0.92,0.92,25,25
5113,4,IKZF1,5113,1.0,17.35737397139936,0.6324139805881067,1.2550482912090138e-47,21.93221329724152,55.75450539579312,0.92,0.92,25,25
5127,4,IKZF1,5127,1.0,17.35737397139936,0.5263450686629031,7.045445180135374e-31,11.299800794775091,22.22634062421352,0.92,0.92,25,25
5114,4,IKZF1,5114,1.0,17.35737397139936,-0.367489539165188,1.103571235337483e-14,-13.59184846344729,31.273524947078876,0.92,0.92,25,25
5110,4,IKZF1,5110,1.0,17.35737397139936,0.7678683573117611,1.0572388519082353e-81,12.624904941906632,24.713921493127632,0.92,0.92,25,25
5124,4,IKZF1,5124,1.0,17.35737397139936,-0.18184158890536356,0.00019938026084866312,-8.413626879284772,13.954563765225258,0.92,0.92,25,25
5122,4,IKZF1,5122,1.0,17.35737397139936,0.24053810779490215,7.333207895546273e-07,11.833570713666157,25.29263226396688,0.92,0.92,25,25
5112,4,IKZF1,5112,1.0,17.35737397139936,0.4605912015257577,3.9365995225746934e-23,6.637259307928945,9.411299775943547,0.92,0.92,25,25
5125,4,IKZF1,5125,1.0,17.35737397139936,0.33616973420579893,2.1430877283730452e-12,8.46636370221467,14.060923627246327,0.92,0.92,25,25
5121,4,IKZF1,5121,1.0,17.35737397139936,0.5490765250707007,5.654514679924451e-34,15.624935772418576,37.470687446678454,0.92,0.92,25,25
5107,4,IKZF1,5107,1.0,17.35737397139936,0.18210456310979256,0.00019510505069602013,7.072004294651172,10.70371965598599,0.92,0.92,25,25
5116,4,IKZF1,5116,1.0,17.35737397139936,-0.20289136332676747,3.1952765938403734e-05,-12.875691962551022,28.18102044112403,0.92,0.92,25,25
5115,4,IKZF1,5115,1.0,17.35737397139936,-0.32321601386068544,1.602558015599617e-11,-26.17509984503235,84.7831645375247,0.92,0.92,25,25
5108,4,IKZF1,5108,1.0,17.35737397139936,0.4332675897822261,2.2508308412581912e-20,21.678023112585304,53.108124339220886,0.92,0.92,25,25
1428,4,ATF7,1428,-1.0,1.7454249968084148,0.703285613239356,4.93178146073017e-63,-2.3615725633882874,1.7190862383830383,0.5,0.45454545454545453,11,10
1433,4,ATF7,1433,-1.0,1.7454249968084148,0.3180657782197323,3.4740315304917025e-11,-13.978691426553508,32.648496242601574,0.5,0.45454545454545453,11,10
1436,4,ATF7,1436,-1.0,1.7454249968084148,-0.30080384703357066,4.178353503957981e-10,6.799953429769862,9.816116913611168,0.5,0.45454545454545453,11,10
1434,4,ATF7,1434,-1.0,1.7454249968084148,0.5180712744651624,8.273120566752017e-30,-3.4194305587259195,3.1287230135929662,0.5,0.45454545454545453,11,10
1431,4,ATF7,1431,-1.0,1.7454249968084148,-0.48019706999384004,2.8706345190998894e-25,3.0892122472353467,2.6293153013220905,0.5,0.45454545454545453,11,10
4672,4,IRF4,4672,1.0,18.880872269783115,-0.26446301047964893,4.6997705521740946e-08,-19.678732623827308,49.54744394005863,0.9047619047619048,0.8636363636363636,22,21
4674,4,IRF4,4674,1.0,18.880872269783115,0.5197187951722672,5.0931629426765416e-30,5.035066862680113,5.7579451371240395,0.9047619047619048,0.8636363636363636,22,21
4660,4,IRF4,4660,1.0,18.880872269783115,0.6811458910703346,9.428723251268027e-58,9.88991416491794,17.519970497971624,0.9047619047619048,0.8636363636363636,22,21
4664,4,IRF4,4664,1.0,18.880872269783115,0.32647469549743346,9.747294153681607e-12,16.33274038767111,37.232576231248075,0.9047619047619048,0.8636363636363636,22,21
4656,4,IRF4,4656,1.0,18.880872269783115,0.849723179484968,1.3436535614264996e-116,10.520620270161155,18.40120695182946,0.9047619047619048,0.8636363636363636,22,21
4667,4,IRF4,4667,1.0,18.880872269783115,0.34387056595684773,6.191667090237532e-13,12.00423338233714,24.258155660429892,0.9047619047619048,0.8636363636363636,22,21
4661,4,IRF4,4661,1.0,18.880872269783115,-0.2315310298991524,1.920933478123298e-06,-14.163227422441107,30.691199248086516,0.9047619047619048,0.8636363636363636,22,21
4665,4,IRF4,4665,1.0,18.880872269783115,0.46531239179266815,1.238844535577447e-23,9.358012254405836,16.457881783233127,0.9047619047619048,0.8636363636363636,22,21
4657,4,IRF4,4657,1.0,18.880872269783115,0.5847928190285092,2.41059631875257e-39,23.711585706666963,64.25028486307421,0.9047619047619048,0.8636363636363636,22,21
4659,4,IRF4,4659,1.0,18.880872269783115,0.3880799965838721,2.489216077892026e-16,5.301000501345974,6.481441955940834,0.9047619047619048,0.8636363636363636,22,21
4670,4,IRF4,4670,1.0,18.880872269783115,-0.14361697764846101,0.003405648792049698,-5.1387790089515075,6.212165078869724,0.9047619047619048,0.8636363636363636,22,21
4673,4,IRF4,4673,1.0,18.880872269783115,0.39800503202408544,3.62963003854045e-17,9.443885723873965,16.468252395647585,0.9047619047619048,0.8636363636363636,22,21
4669,4,IRF4,4669,1.0,18.880872269783115,0.26178760731947687,6.479701597139412e-08,4.773705368714694,5.435261251722654,0.9047619047619048,0.8636363636363636,22,21
4658,4,IRF4,4658,1.0,18.880872269783115,0.6925797727175679,2.0259753715087912e-60,12.146375403425274,23.245431083651614,0.9047619047619048,0.8636363636363636,22,21
4666,4,IRF4,4666,1.0,18.880872269783115,0.47475781640088094,1.1608203378981504e-24,11.06969490392676,21.128191963001683,0.9047619047619048,0.8636363636363636,22,21
4668,4,IRF4,4668,1.0,18.880872269783115,0.4461310025870405,1.2169372907423847e-21,10.098899485992286,19.02026412177515,0.9047619047619048,0.8636363636363636,22,21
4655,4,IRF4,4655,1.0,18.880872269783115,0.5668271993120393,1.4626439222486505e-36,7.722380499655794,12.022171053754132,0.9047619047619048,0.8636363636363636,22,21
4671,4,IRF4,4671,1.0,18.880872269783115,-0.2277962888505279,2.8317553836539105e-06,-9.259964932353757,15.869593873829375,0.9047619047619048,0.8636363636363636,22,21
4663,4,IRF4,4663,1.0,18.880872269783115,0.4142960725944097,1.3335169159458616e-18,4.878906023612205,5.540116759066727,0.9047619047619048,0.8636363636363636,22,21
6954,4,NR2F1,6954,-1.0,2.205881594155837,-0.24499987527750758,4.486581632355725e-07,15.335210601148813,34.606983754316936,0.3333333333333333,0.28,25,21
6973,4,NR2F1,6973,-1.0,2.205881594155837,0.17285903271999464,0.00041062568498623637,-7.044552427309434,10.090053953529491,0.3333333333333333,0.28,25,21
6966,4,NR2F1,6966,-1.0,2.205881594155837,0.6426434234675306,1.3355662886820852e-49,-2.4053678070749434,1.7600274907351516,0.3333333333333333,0.28,25,21
6976,4,NR2F1,6976,-1.0,2.205881594155837,0.31793065513977165,3.5445705938107924e-11,-3.6195710020255865,3.4146026073163,0.3333333333333333,0.28,25,21
6964,4,NR2F1,6964,-1.0,2.205881594155837,-0.20859291466317953,1.881055861501516e-05,11.041074470586402,20.612508144791057,0.3333333333333333,0.28,25,21
6967,4,NR2F1,6967,-1.0,2.205881594155837,0.2742035411886519,1.4162566258572222e-08,-6.101218877779017,8.233938804445481,0.3333333333333333,0.28,25,21
6968,4,NR2F1,6968,-1.0,2.205881594155837,0.23039846511004541,2.1623357561176124e-06,-14.811584327512614,32.06293414990411,0.3333333333333333,0.28,25,21
8815,4,GBX1,8815,-1.0,27.167950761834266,-0.4505558583634343,4.333138068225374e-22,9.764182912946955,17.00286562277213,1.0,1.0,5,5
8813,4,GBX1,8813,-1.0,27.167950761834266,0.41897542443094143,4.990403889304789e-19,-5.700727462816904,7.424075387586254,1.0,1.0,5,5
8812,4,GBX1,8812,-1.0,27.167950761834266,-0.3372944032404743,1.7915016653349686e-12,13.48705245522223,26.199458175211763,1.0,1.0,5,5
8814,4,GBX1,8814,-1.0,27.167950761834266,-0.32510484880433965,1.2021794353081976e-11,14.55338499203666,29.707311930780907,1.0,1.0,5,5
8816,4,GBX1,8816,-1.0,27.167950761834266,-0.31587724952839435,4.804951754783279e-11,9.34988134483299,15.797042171502763,1.0,1.0,5,5
6767,4,TCF7L1,6767,1.0,15.245618746792214,0.5368520296577404,2.794440514565581e-32,9.794068189711082,17.006554325141895,1.0,0.9583333333333334,24,23
6771,4,TCF7L1,6771,1.0,15.245618746792214,-0.46682005419298,8.53148147620295e-24,-24.92981446184485,75.04366245089128,1.0,0.9583333333333334,24,23
6783,4,TCF7L1,6783,1.0,15.245618746792214,0.32943015350167915,6.177354027655861e-12,6.423645520580411,8.787062831466471,1.0,0.9583333333333334,24,23
6778,4,TCF7L1,6778,1.0,15.245618746792214,0.22265180312787103,4.781806348264907e-06,10.612777564423151,20.202808977030536,1.0,0.9583333333333334,24,23
6769,4,TCF7L1,6769,1.0,15.245618746792214,0.4592343899230991,5.469931533580417e-23,17.660332580384267,40.31545952021372,1.0,0.9583333333333334,24,23
6770,4,TCF7L1,6770,1.0,15.245618746792214,-0.3573646095065598,6.462832755616696e-14,-11.366284299539048,22.535103273531863,1.0,0.9583333333333334,24,23
6760,4,TCF7L1,6760,1.0,15.245618746792214,0.5748041962565495,8.924977229527666e-38,8.285511009446559,13.503877433262886,1.0,0.9583333333333334,24,23
6781,4,TCF7L1,6781,1.0,15.245618746792214,0.5081961280219309,1.434450790588294e-28,11.905865286108378,23.945587544479302,1.0,0.9583333333333334,24,23
6761,4,TCF7L1,6761,1.0,15.245618746792214,0.4459500492759543,1.2690215073936062e-21,11.47406661647789,21.01682780053426,1.0,0.9583333333333334,24,23
6782,4,TCF7L1,6782,1.0,15.245618746792214,-0.23208217647936732,1.8130064891787265e-06,-7.384081238570369,11.183671089515286,1.0,0.9583333333333334,24,23
6772,4,TCF7L1,6772,1.0,15.245618746792214,-0.34973751200189745,2.3490387434435733e-13,-17.323114786457598,39.9304912368671,1.0,0.9583333333333334,24,23
6766,4,TCF7L1,6766,1.0,15.245618746792214,-0.17003886691095368,0.0005115116913317866,-13.218296236792511,31.06190885506612,1.0,0.9583333333333334,24,23
6777,4,TCF7L1,6777,1.0,15.245618746792214,-0.27477295221521947,1.3183992043109371e-08,-9.27585753313692,16.807931200997988,1.0,0.9583333333333334,24,23
6762,4,TCF7L1,6762,1.0,15.245618746792214,0.5057520745155588,2.865132289049689e-28,21.24839632821238,52.93521804529494,1.0,0.9583333333333334,24,23
6780,4,TCF7L1,6780,1.0,15.245618746792214,-0.3043452893582964,2.541604464061425e-10,-9.840131666644636,17.764743403376198,1.0,0.9583333333333334,24,23
6763,4,TCF7L1,6763,1.0,15.245618746792214,-0.1972596565861298,5.315987514277605e-05,-15.932708482067714,39.33564360288821,1.0,0.9583333333333334,24,23
6773,4,TCF7L1,6773,1.0,15.245618746792214,0.2989400279293826,5.413284015852851e-10,12.959902690609756,26.71543529667462,1.0,0.9583333333333334,24,23
6775,4,TCF7L1,6775,1.0,15.245618746792214,0.32153619214197565,2.0659297980507057e-11,6.571454048586707,9.329238355968457,1.0,0.9583333333333334,24,23
6765,4,TCF7L1,6765,1.0,15.245618746792214,0.20794452681766123,1.9993575438221466e-05,7.440013807489496,11.069024233742955,1.0,0.9583333333333334,24,23
6768,4,TCF7L1,6768,1.0,15.245618746792214,0.3017507232847592,3.6607172122682333e-10,5.885904210054753,7.689257999841319,1.0,0.9583333333333334,24,23
6776,4,TCF7L1,6776,1.0,15.245618746792214,0.3695892740347642,7.588992838956596e-15,9.803545861059629,17.503198441574714,1.0,0.9583333333333334,24,23
6779,4,TCF7L1,6779,1.0,15.245618746792214,0.3282201339308175,7.450060722423629e-12,3.1953592050341095,2.7485597284562777,1.0,0.9583333333333334,24,23
6764,4,TCF7L1,6764,1.0,15.245618746792214,0.3125950691913882,7.776575234928517e-11,15.849844098158545,37.21441059606192,1.0,0.9583333333333334,24,23
5406,4,RUNX2,5406,1.0,13.450857507826521,0.35643971823709203,7.571716951317836e-14,16.530226601300726,37.27428440678353,1.0,0.84,25,21
5416,4,RUNX2,5416,1.0,13.450857507826521,0.3727179060488718,4.321895928968596e-15,17.450959442641427,43.945415603885685,1.0,0.84,25,21
5427,4,RUNX2,5427,1.0,13.450857507826521,-0.34304968056244356,7.079474125904104e-13,-10.86079246723496,21.41589412558639,1.0,0.84,25,21
5414,4,RUNX2,5414,1.0,13.450857507826521,0.3612272016796526,3.317307676656603e-14,7.7362377244395235,12.521300155491796,1.0,0.84,25,21
5411,4,RUNX2,5411,1.0,13.450857507826521,0.5025148705147995,7.102267031749864e-28,20.484953583686742,51.70229725639279,1.0,0.84,25,21
5409,4,RUNX2,5409,1.0,13.450857507826521,0.4542456593401716,1.8104902984556326e-22,9.413069484826,15.931751594918078,1.0,0.84,25,21
5410,4,RUNX2,5410,1.0,13.450857507826521,0.3643930390474415,1.9074508532200662e-14,10.47037329420284,19.05412671412386,1.0,0.84,25,21
5423,4,RUNX2,5423,1.0,13.450857507826521,0.45087468518140367,4.0200853389138605e-22,15.285987176333583,30.57103646302022,1.0,0.84,25,21
5424,4,RUNX2,5424,1.0,13.450857507826521,0.4420573545894284,3.107297440502562e-21,13.503904693784646,29.48017852762461,1.0,0.84,25,21
5428,4,RUNX2,5428,1.0,13.450857507826521,0.1458706073900825,0.002930057087527083,4.0243292556139085,4.08926622910254,1.0,0.84,25,21
5407,4,RUNX2,5407,1.0,13.450857507826521,0.4865889497562838,5.381536731507037e-26,20.68027707264882,47.99150418309737,1.0,0.84,25,21
5417,4,RUNX2,5417,1.0,13.450857507826521,-0.2940441416154142,1.0593693392531723e-09,-9.510903019307912,16.796540156379884,1.0,0.84,25,21
5418,4,RUNX2,5418,1.0,13.450857507826521,0.35447527556272046,1.05808678298139e-13,9.772940241083814,18.058312302637695,1.0,0.84,25,21
5408,4,RUNX2,5408,1.0,13.450857507826521,0.2579676321878735,1.0186793536058985e-07,7.463577212114823,11.671569912295759,1.0,0.84,25,21
5425,4,RUNX2,5425,1.0,13.450857507826521,0.24047857922901208,7.380961272242082e-07,6.365820660374896,8.589184794010981,1.0,0.84,25,21
5412,4,RUNX2,5412,1.0,13.450857507826521,-0.268827029351219,2.7621134248376225e-08,-14.685407430427967,36.26276107329855,1.0,0.84,25,21
5405,4,RUNX2,5405,1.0,13.450857507826521,0.38015728563268764,1.1054491159035702e-15,10.080381826737412,17.256278642510626,1.0,0.84,25,21
5422,4,RUNX2,5422,1.0,13.450857507826521,0.33176005421834726,4.2966798514975016e-12,7.218028046462137,11.330516733926217,1.0,0.84,25,21
5421,4,RUNX2,5421,1.0,13.450857507826521,-0.18285019222061424,0.00018344525851185736,-12.9123530598922,29.261634189626285,1.0,0.84,25,21
5415,4,RUNX2,5415,1.0,13.450857507826521,-0.23699480520249228,1.075990284592993e-06,-14.9398461678255,36.39549442682202,1.0,0.84,25,21
5404,4,RUNX2,5404,1.0,13.450857507826521,0.5241450484536314,1.365316868560364e-30,8.378102215485095,13.734983855304497,1.0,0.84,25,21
2865,4,ZNF784,2865,-1.0,5.228473793951324,-0.19547870395150452,6.226157603833238e-05,10.700520324863428,20.08536121928208,0.5,0.4,5,4
2863,4,ZNF784,2863,-1.0,5.228473793951324,-0.23922983226727315,8.454292754363061e-07,13.724745266147023,26.65237059261629,0.5,0.4,5,4
6880,4,STAT6,6880,-1.0,27.19472609843608,0.5629219900974569,5.594691122155655e-36,-16.039374886727416,37.75492008183971,0.9473684210526315,0.75,24,19
6894,4,STAT6,6894,-1.0,27.19472609843608,0.418928477358217,5.040244276814307e-19,-11.201799107348553,22.164437843051175,0.9473684210526315,0.75,24,19
6886,4,STAT6,6886,-1.0,27.19472609843608,0.3284721156443862,7.165510356692784e-12,-4.7220295754274115,5.273463778618207,0.9473684210526315,0.75,24,19
6884,4,STAT6,6884,-1.0,27.19472609843608,0.3196101386279934,2.7589626611546833e-11,-4.755879493449793,5.41190353852145,0.9473684210526315,0.75,24,19
6885,4,STAT6,6885,-1.0,27.19472609843608,-0.35699746031182317,6.88255306766458e-14,23.761692822047035,63.36707578866342,0.9473684210526315,0.75,24,19
6901,4,STAT6,6901,-1.0,27.19472609843608,-0.28749904344190114,2.548628012536658e-09,7.9877754285454605,12.39947201558625,0.9473684210526315,0.75,24,19
6888,4,STAT6,6888,-1.0,27.19472609843608,0.3711483474692539,5.736810094760394e-15,-9.990265654223492,18.348354049529416,0.9473684210526315,0.75,24,19
6898,4,STAT6,6898,-1.0,27.19472609843608,0.36556788264754986,1.550912601922838e-14,-7.534054620888533,11.557477259177444,0.9473684210526315,0.75,24,19
6883,4,STAT6,6883,-1.0,27.19472609843608,0.28237941766011304,4.9863697811311156e-09,-23.06818865090508,69.52253938771828,0.9473684210526315,0.75,24,19
6896,4,STAT6,6896,-1.0,27.19472609843608,0.4557448659782831,1.2661334844337564e-22,-12.545778767260892,27.46132355471155,0.9473684210526315,0.75,24,19
6897,4,STAT6,6897,-1.0,27.19472609843608,-0.28548369707908383,3.3246802266495195e-09,12.52895894136373,22.345076224292395,0.9473684210526315,0.75,24,19
6887,4,STAT6,6887,-1.0,27.19472609843608,-0.2974247553430905,6.672604147287064e-10,8.860332516874676,15.654272366264673,0.9473684210526315,0.75,24,19
6879,4,STAT6,6879,-1.0,27.19472609843608,-0.2998184125067488,4.792505057822076e-10,12.917130674093,27.69348294207578,0.9473684210526315,0.75,24,19
6900,4,STAT6,6900,-1.0,27.19472609843608,0.4137363011367504,1.4983597133682783e-18,-3.4109655722501526,3.1010074922081987,0.9473684210526315,0.75,24,19
6899,4,STAT6,6899,-1.0,27.19472609843608,0.3253537996601629,1.1573103878789123e-11,-10.321948621256638,17.938728403497063,0.9473684210526315,0.75,24,19
6882,4,STAT6,6882,-1.0,27.19472609843608,0.5669109113578222,1.4209021727029591e-36,-14.688478531409878,35.696474232523315,0.9473684210526315,0.75,24,19
6892,4,STAT6,6892,-1.0,27.19472609843608,0.4093738043023764,3.688567640091231e-18,-3.8376168801787474,3.7897907921011385,0.9473684210526315,0.75,24,19
6878,4,STAT6,6878,-1.0,27.19472609843608,-0.292788122698183,1.25593552416381e-09,7.608892103664465,11.751245718452934,0.9473684210526315,0.75,24,19
2178,4,CDC5L,2178,-1.0,1.8235622903353728,0.3440483060782979,6.014297158025773e-13,-8.891169891550948,15.43900289974619,0.3333333333333333,0.25,24,18
2175,4,CDC5L,2175,-1.0,1.8235622903353728,0.6116170334564917,7.75438233457931e-44,-2.478430383910142,1.852956934438375,0.3333333333333333,0.25,24,18
2196,4,CDC5L,2196,-1.0,1.8235622903353728,0.4060244768948412,7.300771516744389e-18,-7.991960391414798,12.740619460334319,0.3333333333333333,0.25,24,18
2185,4,CDC5L,2185,-1.0,1.8235622903353728,0.637830741853613,1.1566717884119606e-48,-2.9064399324764145,2.394678631277979,0.3333333333333333,0.25,24,18
2182,4,CDC5L,2182,-1.0,1.8235622903353728,0.14686872556020483,0.0027394036397335284,-13.571596210016608,29.94985576849913,0.3333333333333333,0.25,24,18
2180,4,CDC5L,2180,-1.0,1.8235622903353728,0.3175288373200138,3.762685481881462e-11,-8.228472464380992,13.788252661770676,0.3333333333333333,0.25,24,18
4447,4,POU2AF1,4447,1.0,18.990020503008797,0.31766565155241455,3.6869898994824665e-11,2.1707986898481386,1.5017524295515865,1.0,0.8888888888888888,9,8
4442,4,POU2AF1,4442,1.0,18.990020503008797,0.5624447468788725,6.583384222021038e-36,10.521082806042681,18.357563810953852,1.0,0.8888888888888888,9,8
4441,4,POU2AF1,4441,1.0,18.990020503008797,0.3968169974349446,4.5861409632462697e-17,8.545680995835394,14.238866975301633,1.0,0.8888888888888888,9,8
4444,4,POU2AF1,4444,1.0,18.990020503008797,0.4108117912221579,2.7449036433449302e-18,12.136533021979258,23.92780080040385,1.0,0.8888888888888888,9,8
4445,4,POU2AF1,4445,1.0,18.990020503008797,0.2728073257341399,1.6868878614472334e-08,3.4232362274658987,3.09748877410959,1.0,0.8888888888888888,9,8
4449,4,POU2AF1,4449,1.0,18.990020503008797,0.26066062333342216,7.410498954241151e-08,2.439865842426121,1.7967521700457312,1.0,0.8888888888888888,9,8
4446,4,POU2AF1,4446,1.0,18.990020503008797,0.4549089293271623,1.5458828561824935e-22,10.364438879811475,18.174286677715585,1.0,0.8888888888888888,9,8
4443,4,POU2AF1,4443,1.0,18.990020503008797,0.2546873037998927,1.493738538134869e-07,25.62571215141107,73.06109960747402,1.0,0.8888888888888888,9,8
4479,4,GLIS2,4479,1.0,13.583954014946935,-0.2734320374454973,1.560124535056048e-08,-13.03568849142805,29.378667412958208,1.0,0.92,25,23
4493,4,GLIS2,4493,1.0,13.583954014946935,0.37780793666295887,1.7067813589817723e-15,11.865958816604225,24.512939185896798,1.0,0.92,25,23
4484,4,GLIS2,4484,1.0,13.583954014946935,0.5998773914480958,8.090141905308532e-42,3.9012634397577544,3.8359965688507507,1.0,0.92,25,23
4497,4,GLIS2,4497,1.0,13.583954014946935,-0.19510309899456763,6.43602292740668e-05,-14.17941593763762,33.190535444786526,1.0,0.92,25,23
4482,4,GLIS2,4482,1.0,13.583954014946935,0.6286574236730055,6.378930379175472e-47,8.874853882597824,14.547331269939772,1.0,0.92,25,23
4495,4,GLIS2,4495,1.0,13.583954014946935,0.42007220375342835,3.9547122192654726e-19,6.912625552867285,10.020786144034535,1.0,0.92,25,23
4487,4,GLIS2,4487,1.0,13.583954014946935,0.3427523759634813,7.430791143584163e-13,16.43655930911253,36.817602194088664,1.0,0.92,25,23
4492,4,GLIS2,4492,1.0,13.583954014946935,0.30794338528976417,1.5232080387703528e-10,11.926332669741983,24.458024220017528,1.0,0.92,25,23
4488,4,GLIS2,4488,1.0,13.583954014946935,-0.3414512032761005,9.179702430211944e-13,-27.40394170796832,89.11306420658859,1.0,0.92,25,23
4475,4,GLIS2,4475,1.0,13.583954014946935,0.7561774204936391,6.809859394406094e-78,7.5128559862307345,11.519440771770814,1.0,0.92,25,23
4480,4,GLIS2,4480,1.0,13.583954014946935,-0.2849837924178026,3.5501281122391507e-09,-11.60845464315282,23.493804149033803,1.0,0.92,25,23
4478,4,GLIS2,4478,1.0,13.583954014946935,0.5539138975102431,1.1551800942349706e-34,23.019066643389465,60.509491102589095,1.0,0.92,25,23
4483,4,GLIS2,4483,1.0,13.583954014946935,0.4625833791001463,2.4221553170364126e-23,20.386100656224205,61.351160520606676,1.0,0.92,25,23
4489,4,GLIS2,4489,1.0,13.583954014946935,0.3980611782850953,3.58964375013248e-17,10.237065349116039,20.51650881242557,1.0,0.92,25,23
4494,4,GLIS2,4494,1.0,13.583954014946935,0.6271803711318588,1.2015239702213591e-46,15.86520329306053,37.29711458866903,1.0,0.92,25,23
4490,4,GLIS2,4490,1.0,13.583954014946935,0.4933574491671286,8.793132363412242e-27,2.2646094216951584,1.6002846445848131,1.0,0.92,25,23
4481,4,GLIS2,4481,1.0,13.583954014946935,0.44330542509019133,2.3347181356729665e-21,12.29584404978137,23.56257583051972,1.0,0.92,25,23
4477,4,GLIS2,4477,1.0,13.583954014946935,0.34480864821534796,5.31002246880642e-13,7.413122225651735,11.299615384632267,1.0,0.92,25,23
4486,4,GLIS2,4486,1.0,13.583954014946935,0.5685846449277476,7.950543991456089e-37,25.743155832691034,73.22850012418748,1.0,0.92,25,23
4476,4,GLIS2,4476,1.0,13.583954014946935,0.5349532036980431,5.049445057413829e-32,10.293820710075824,17.782602162244185,1.0,0.92,25,23
4485,4,GLIS2,4485,1.0,13.583954014946935,-0.33754058237371004,1.722425164075477e-12,-18.029401124512155,44.61339703895546,1.0,0.92,25,23
4496,4,GLIS2,4496,1.0,13.583954014946935,0.441842916460029,3.2633370294372185e-21,8.610265270968963,14.229788535527215,1.0,0.92,25,23
4498,4,GLIS2,4498,1.0,13.583954014946935,-0.07632365444513078,0.12101589465816405,-8.382872331836992,13.99818022315272,1.0,0.92,25,23
7311,4,TAL1,7311,1.0,1.5726551207687192,-0.16126702831961598,0.0009913977579865884,-17.91595880818538,49.992293564524104,0.7647058823529411,0.52,25,17
7315,4,TAL1,7315,1.0,1.5726551207687192,0.48519577837616396,7.774704449718933e-26,4.690937234033543,5.157185293901312,0.7647058823529411,0.52,25,17
7326,4,TAL1,7326,1.0,1.5726551207687192,0.35316412507594336,1.321171296307393e-13,3.7514246161215086,3.550417986962275,0.7647058823529411,0.52,25,17
7313,4,TAL1,7313,1.0,1.5726551207687192,0.236580472854678,1.1248908996708894e-06,16.363838667430116,35.068078639979525,0.7647058823529411,0.52,25,17
7307,4,TAL1,7307,1.0,1.5726551207687192,0.5000769051572117,1.3981232051023218e-27,4.179312062577,4.296256010586353,0.7647058823529411,0.52,25,17
7303,4,TAL1,7303,1.0,1.5726551207687192,0.4413935772567056,3.615778233619092e-21,8.514435762971853,14.139115925819144,0.7647058823529411,0.52,25,17
7305,4,TAL1,7305,1.0,1.5726551207687192,0.5112006294469382,6.081201656488524e-29,10.314990297948375,18.410929822697682,0.7647058823529411,0.52,25,17
7324,4,TAL1,7324,1.0,1.5726551207687192,0.29349789937727544,1.1408785779286365e-09,14.049076462816327,27.019584180461596,0.7647058823529411,0.52,25,17
7309,4,TAL1,7309,1.0,1.5726551207687192,0.726485349757806,4.0329847482823414e-69,3.0513216928542284,2.558812207941518,0.7647058823529411,0.52,25,17
7304,4,TAL1,7304,1.0,1.5726551207687192,0.1864640158697745,0.00013561628229875056,7.450510487433713,11.473925226687987,0.7647058823529411,0.52,25,17
7320,4,TAL1,7320,1.0,1.5726551207687192,-0.3021858568075862,3.4442964075022755e-10,-7.587190009542915,11.500179217575106,0.7647058823529411,0.52,25,17
7327,4,TAL1,7327,1.0,1.5726551207687192,0.23046915528203987,2.146455653928315e-06,11.622010272421521,22.441175161751936,0.7647058823529411,0.52,25,17
7317,4,TAL1,7317,1.0,1.5726551207687192,-0.2421827535428587,6.125231204634943e-07,-11.309187069272019,24.016847518783283,0.7647058823529411,0.52,25,17
2828,4,PBX1,2828,-1.0,8.33118002328516,0.25854448428517735,9.51846980457649e-08,-5.115437091440758,6.103338673457442,1.0,0.76,25,19
2835,4,PBX1,2835,-1.0,8.33118002328516,0.4078079662581266,5.080364668368874e-18,-5.25744012419328,6.421016246660643,1.0,0.76,25,19
2821,4,PBX1,2821,-1.0,8.33118002328516,-0.27643924471440884,1.0681729944901112e-08,22.89293303100006,54.537927552686405,1.0,0.76,25,19
2811,4,PBX1,2811,-1.0,8.33118002328516,0.3574784240657757,6.337888701529167e-14,-2.6885229042141967,2.1091806696380537,1.0,0.76,25,19
2822,4,PBX1,2822,-1.0,8.33118002328516,0.2882617531923673,2.3034450518503795e-09,-15.795976643343378,39.27847914469836,1.0,0.76,25,19
2834,4,PBX1,2834,-1.0,8.33118002328516,0.4393975100317049,5.691928665379895e-21,-9.738590095909593,18.60621821008539,1.0,0.76,25,19
2820,4,PBX1,2820,-1.0,8.33118002328516,0.3606826505939539,3.64634008153863e-14,-9.568384643613038,17.54609726101918,1.0,0.76,25,19
2817,4,PBX1,2817,-1.0,8.33118002328516,0.28764887954809026,2.4985436820168924e-09,-17.542864502621956,47.242736271135364,1.0,0.76,25,19
2816,4,PBX1,2816,-1.0,8.33118002328516,-0.3076494629956821,1.588679784614523e-10,16.24230480733359,36.88508908676617,1.0,0.76,25,19
2813,4,PBX1,2813,-1.0,8.33118002328516,-0.09789193620465653,0.04652849543529687,15.824292242450165,34.00150127891919,1.0,0.76,25,19
2823,4,PBX1,2823,-1.0,8.33118002328516,0.26546687856806744,4.162389169201241e-08,-3.61409378041568,3.4256814293635625,1.0,0.76,25,19
2815,4,PBX1,2815,-1.0,8.33118002328516,-0.21032161068740698,1.597257429894038e-05,24.289731595792308,68.14960326455419,1.0,0.76,25,19
2818,4,PBX1,2818,-1.0,8.33118002328516,0.4953203698043041,5.160334192041321e-27,-16.832801315313976,40.14889623345289,1.0,0.76,25,19
2832,4,PBX1,2832,-1.0,8.33118002328516,0.48463363930508857,9.014599816734916e-26,-9.675694216958492,17.93565277964493,1.0,0.76,25,19
2833,4,PBX1,2833,-1.0,8.33118002328516,0.36887526947457167,8.622123250274102e-15,-14.015957434440772,32.625297160289,1.0,0.76,25,19
2819,4,PBX1,2819,-1.0,8.33118002328516,-0.1991792837208398,4.47628918564072e-05,12.547043230406077,23.99134078568055,1.0,0.76,25,19
2829,4,PBX1,2829,-1.0,8.33118002328516,0.5463096305635216,1.3864285435608e-33,-4.873428748787195,5.633489051950959,1.0,0.76,25,19
2814,4,PBX1,2814,-1.0,8.33118002328516,0.4201116076052817,3.9217385199261393e-19,-11.200397947863301,22.206869368117047,1.0,0.76,25,19
2812,4,PBX1,2812,-1.0,8.33118002328516,0.2829133144854394,4.652243731105143e-09,-13.321980307238105,30.645603426132016,1.0,0.76,25,19
2990,4,RREB1,2990,-1.0,2.1540020499549577,0.14851929034170158,0.002448757540546663,-18.40389248536469,51.40782750625708,0.6666666666666666,0.64,25,24
2985,4,RREB1,2985,-1.0,2.1540020499549577,-0.21690408332984537,8.462887215286142e-06,16.396864085471787,34.7659024089519,0.6666666666666666,0.64,25,24
2972,4,RREB1,2972,-1.0,2.1540020499549577,0.6775814490724241,6.044889488432526e-57,-2.552560921415902,1.941228752242387,0.6666666666666666,0.64,25,24
2988,4,RREB1,2988,-1.0,2.1540020499549577,0.3286463043457122,6.975039906840221e-12,-12.493568023477756,28.18524243628352,0.6666666666666666,0.64,25,24
2993,4,RREB1,2993,-1.0,2.1540020499549577,0.15884022456813252,0.001183781797729393,-3.0395580454301725,2.554032975814521,0.6666666666666666,0.64,25,24
2982,4,RREB1,2982,-1.0,2.1540020499549577,-0.3030140141574827,3.06625879359408e-10,2.1056757401712067,1.4304186809439359,0.6666666666666666,0.64,25,24
2986,4,RREB1,2986,-1.0,2.1540020499549577,-0.20863756108759707,1.873159251595441e-05,8.484065786774297,14.185402318816047,0.6666666666666666,0.64,25,24
2974,4,RREB1,2974,-1.0,2.1540020499549577,-0.4900326434699743,2.1518167855703984e-26,2.9996106789725303,2.5059657849259276,0.6666666666666666,0.64,25,24
2991,4,RREB1,2991,-1.0,2.1540020499549577,0.1890310161585388,0.00010904777486514941,-5.736334522084507,7.451914471004308,0.6666666666666666,0.64,25,24
2992,4,RREB1,2992,-1.0,2.1540020499549577,-0.30596456781965214,2.0203094764804445e-10,8.275815134252785,13.170479789064554,0.6666666666666666,0.64,25,24
2976,4,RREB1,2976,-1.0,2.1540020499549577,0.5042970069561328,4.313952425145034e-28,-10.494591452322352,19.95706564773636,0.6666666666666666,0.64,25,24
2975,4,RREB1,2975,-1.0,2.1540020499549577,-0.19745904345881263,5.222298872960174e-05,3.138131277502069,2.6838892500616156,0.6666666666666666,0.64,25,24
2978,4,RREB1,2978,-1.0,2.1540020499549577,0.5022468228530503,7.6533862275273675e-28,-15.280079983163908,35.039533758929124,0.6666666666666666,0.64,25,24
2996,4,RREB1,2996,-1.0,2.1540020499549577,0.3254116370736129,1.1471225432628369e-11,-7.233670442869202,11.018966742892113,0.6666666666666666,0.64,25,24
2995,4,RREB1,2995,-1.0,2.1540020499549577,-0.5205471216374077,3.986826675894161e-30,4.403833247827548,4.701222395424908,0.6666666666666666,0.64,25,24
2994,4,RREB1,2994,-1.0,2.1540020499549577,-0.10415934714751206,0.034116902698999814,7.646541067390951,11.660229362040905,0.6666666666666666,0.64,25,24
501,4,BACH1,501,-1.0,1.7349334467442372,0.5507226928558534,3.30319659425782e-34,-3.3955560290242404,3.081011329717304,0.23809523809523808,0.2,25,21
523,4,BACH1,523,-1.0,1.7349334467442372,0.2982075898075934,5.990094031353823e-10,-1.9846818101900892,1.3115982266716508,0.23809523809523808,0.2,25,21
515,4,BACH1,515,-1.0,1.7349334467442372,-0.14659137656003526,0.0027912148202757087,7.811133504162398,12.1593000797553,0.23809523809523808,0.2,25,21
514,4,BACH1,514,-1.0,1.7349334467442372,0.19660450413085126,5.635129959546105e-05,-3.113837605374452,2.651639315233593,0.23809523809523808,0.2,25,21
507,4,BACH1,507,-1.0,1.7349334467442372,0.2121516067427939,1.3413574679840475e-05,-10.058747818212618,18.848135009863885,0.23809523809523808,0.2,25,21
8767,4,XBP1,8767,-1.0,8.320796291272629,0.31050581946694034,1.0533098045429523e-10,-10.110497031715468,17.319477071372265,0.85,0.7083333333333334,24,20
8769,4,XBP1,8769,-1.0,8.320796291272629,0.3897462890830614,1.8098379325276664e-16,-13.486346638888069,27.564275014451994,0.85,0.7083333333333334,24,20
8763,4,XBP1,8763,-1.0,8.320796291272629,0.24866291146267355,2.975981523411267e-07,-3.739983384652266,3.6095137159252446,0.85,0.7083333333333334,24,20
8771,4,XBP1,8771,-1.0,8.320796291272629,-0.3295317917633266,6.080682357716907e-12,10.252597174616973,18.60567860013891,0.85,0.7083333333333334,24,20
8766,4,XBP1,8766,-1.0,8.320796291272629,0.5142298216975704,2.5378424050838567e-29,-2.5913761591733597,1.973928766589049,0.85,0.7083333333333334,24,20
8777,4,XBP1,8777,-1.0,8.320796291272629,0.11724734499636615,0.017002455622154737,-3.155726820209262,2.7133252105950563,0.85,0.7083333333333334,24,20
8770,4,XBP1,8770,-1.0,8.320796291272629,0.2903293561655825,1.7483623243746635e-09,-4.56209052520548,5.062891488753071,0.85,0.7083333333333334,24,20
8779,4,XBP1,8779,-1.0,8.320796291272629,0.2731242477014068,1.6213824721042725e-08,-9.749722518857077,18.4148087739562,0.85,0.7083333333333334,24,20
8762,4,XBP1,8762,-1.0,8.320796291272629,0.20440308449293543,2.7804579157831604e-05,-2.018171251981179,1.3467985098311848,0.85,0.7083333333333334,24,20
8776,4,XBP1,8776,-1.0,8.320796291272629,0.2274430071057998,2.9366497159188643e-06,-14.762602222389308,31.303355336380474,0.85,0.7083333333333334,24,20
8781,4,XBP1,8781,-1.0,8.320796291272629,0.22416200225684296,4.105355933172383e-06,-4.026077014402922,4.061298625709626,0.85,0.7083333333333334,24,20
8759,4,XBP1,8759,-1.0,8.320796291272629,0.21759965432844128,7.904353617140136e-06,-3.8243601556721543,3.762054974049507,0.85,0.7083333333333334,24,20
8773,4,XBP1,8773,-1.0,8.320796291272629,0.21751458936070633,7.9707255339175e-06,-8.187751795196839,13.065062536468096,0.85,0.7083333333333334,24,20
8775,4,XBP1,8775,-1.0,8.320796291272629,0.43272016373737926,2.5414221242765672e-20,-6.819712375769621,10.054539308771435,0.85,0.7083333333333334,24,20
8765,4,XBP1,8765,-1.0,8.320796291272629,0.2844241900753874,3.8200962557797745e-09,-2.62947625620156,2.029513124133307,0.85,0.7083333333333334,24,20
8758,4,XBP1,8758,-1.0,8.320796291272629,0.32223582190642774,1.8589126741974925e-11,-5.755516051912195,7.595915780958382,0.85,0.7083333333333334,24,20
8760,4,XBP1,8760,-1.0,8.320796291272629,0.21566615974372275,9.551091545257752e-06,-16.58502581133258,39.76760761477253,0.85,0.7083333333333334,24,20
6021,4,HIC2,6021,-1.0,34.96751795193427,-0.3088331005884788,1.3406323055605497e-10,11.894100561757122,22.315323981483402,1.0,1.0,4,4
6024,4,HIC2,6024,-1.0,34.96751795193427,0.2074642395246847,2.091503438879265e-05,-14.173130388193213,31.867563163494257,1.0,1.0,4,4
6022,4,HIC2,6022,-1.0,34.96751795193427,0.31128949950766327,9.402666581928602e-11,-14.518411323481603,35.23851831053622,1.0,1.0,4,4
6023,4,HIC2,6023,-1.0,34.96751795193427,-0.369262205152857,8.046229969143838e-15,6.612137339158512,9.081115915971896,1.0,1.0,4,4
4274,4,IRF1,4274,1.0,25.048715219193305,0.48201455152117056,1.7897550349435647e-25,14.88235310093468,30.845874163848077,1.0,0.92,25,23
4289,4,IRF1,4289,1.0,25.048715219193305,-0.2744766623077213,1.3684721556089778e-08,-13.378891476011173,27.493206165339004,1.0,0.92,25,23
4292,4,IRF1,4292,1.0,25.048715219193305,0.3944821923762003,7.242706145627311e-17,10.47633237158705,19.75019589322862,1.0,0.92,25,23
4276,4,IRF1,4276,1.0,25.048715219193305,-0.2336782861522942,1.5322250709700963e-06,-11.206494152810059,22.245699228938555,1.0,0.92,25,23
4290,4,IRF1,4290,1.0,25.048715219193305,0.3558953362666373,8.309367034581647e-14,10.04143828793438,18.02520183807805,1.0,0.92,25,23
4272,4,IRF1,4272,1.0,25.048715219193305,0.6498994821268442,4.785287207221108e-51,10.55124406843224,18.451559972881284,1.0,0.92,25,23
4284,4,IRF1,4284,1.0,25.048715219193305,0.5663168095056297,1.744724964166594e-36,25.57198288360127,72.15347378369125,1.0,0.92,25,23
4293,4,IRF1,4293,1.0,25.048715219193305,-0.22460187100650206,3.9261842800260365e-06,-8.380853841562365,13.867031200375685,1.0,0.92,25,23
4275,4,IRF1,4275,1.0,25.048715219193305,-0.3286146797950831,7.009249242631726e-12,-13.572609205846842,32.28343927795105,1.0,0.92,25,23
4286,4,IRF1,4286,1.0,25.048715219193305,-0.371764941648899,5.133714581056217e-15,-27.919089637559598,91.9513406508362,1.0,0.92,25,23
4277,4,IRF1,4277,1.0,25.048715219193305,0.8403719520676664,1.2032937480177423e-111,12.25251382532045,23.204716185306882,1.0,0.92,25,23
4278,4,IRF1,4278,1.0,25.048715219193305,0.6192999389916759,3.3278779206748017e-45,22.743717414066506,59.93421008064423,1.0,0.92,25,23
4279,4,IRF1,4279,1.0,25.048715219193305,-0.27551722840408904,1.200314287517023e-08,-19.14326654415757,53.954147986716414,1.0,0.92,25,23
4294,4,IRF1,4294,1.0,25.048715219193305,0.3512083072790161,1.8364739187716277e-13,11.045711401175259,22.214868844399103,1.0,0.92,25,23
4283,4,IRF1,4283,1.0,25.048715219193305,0.46570829057888574,1.1234579781433453e-23,9.630850486728363,16.665321113685906,1.0,0.92,25,23
4288,4,IRF1,4288,1.0,25.048715219193305,0.4186758191836723,5.317005027672037e-19,10.167042588733567,20.373631749871013,1.0,0.92,25,23
4287,4,IRF1,4287,1.0,25.048715219193305,-0.22823311352579495,2.707003703874881e-06,-14.834373476790917,35.94805118397819,1.0,0.92,25,23
4273,4,IRF1,4273,1.0,25.048715219193305,0.39000317513870625,1.7227786971258913e-16,16.22338760307171,37.50362373095693,1.0,0.92,25,23
4271,4,IRF1,4271,1.0,25.048715219193305,0.2216389719315202,5.293713434621743e-06,7.979137004928631,12.717862931660306,1.0,0.92,25,23
4280,4,IRF1,4280,1.0,25.048715219193305,0.2523269623393035,1.9609887301475084e-07,8.070179373598446,13.392751843530146,1.0,0.92,25,23
4281,4,IRF1,4281,1.0,25.048715219193305,0.37744975057615454,1.823074300216508e-15,8.988037474660677,14.79634827624687,1.0,0.92,25,23
4285,4,IRF1,4285,1.0,25.048715219193305,-0.23040793556370975,2.1602017754069475e-06,-17.411924313583466,43.22860500658913,1.0,0.92,25,23
4291,4,IRF1,4291,1.0,25.048715219193305,0.3924492580280064,1.0750271189385282e-16,9.242732110812568,16.69633980887271,1.0,0.92,25,23
5380,4,TEAD4,5380,1.0,50.40793830561659,-0.5208828153967593,3.6094395356467884e-30,-15.390467990152848,34.89542434531642,1.0,1.0,25,25
5377,4,TEAD4,5377,1.0,50.40793830561659,0.3765186020426585,2.1630037446182418e-15,3.61512222145831,3.411636801645591,1.0,1.0,25,25
5387,4,TEAD4,5387,1.0,50.40793830561659,-0.5514553000928866,2.597876616561791e-34,-13.651682839674224,30.916171273947526,1.0,1.0,25,25
5372,4,TEAD4,5372,1.0,50.40793830561659,0.4601643546498871,4.36649936873824e-23,9.85601460097322,17.18667830960154,1.0,1.0,25,25
5366,4,TEAD4,5366,1.0,50.40793830561659,0.45763641998248816,8.042994186027872e-23,9.142727515200729,15.92493861573933,1.0,1.0,25,25
5373,4,TEAD4,5373,1.0,50.40793830561659,0.7622109450540345,7.849625324654244e-80,22.447937966225577,57.795152709987605,1.0,1.0,25,25
5371,4,TEAD4,5371,1.0,50.40793830561659,-0.4307734781636284,3.906861531429722e-20,-8.19671943441049,13.385250564096731,1.0,1.0,25,25
5383,4,TEAD4,5383,1.0,50.40793830561659,0.5453351885275601,1.897631754547832e-33,12.118461230309435,24.430366737555016,1.0,1.0,25,25
5369,4,TEAD4,5369,1.0,50.40793830561659,0.7365181116084508,5.953352158325285e-72,17.898239764981508,40.412710821113976,1.0,1.0,25,25
5381,4,TEAD4,5381,1.0,50.40793830561659,-0.5916795299949139,1.8565754181722636e-40,-15.917297447753876,37.557282611298746,1.0,1.0,25,25
5385,4,TEAD4,5385,1.0,50.40793830561659,-0.05025403223590224,0.30769463683891574,-3.7089597039560442,3.579039236829757,1.0,1.0,25,25
5379,4,TEAD4,5379,1.0,50.40793830561659,-0.546551972708182,1.282115002696848e-33,-13.814827237592906,31.891509757854966,1.0,1.0,25,25
5378,4,TEAD4,5378,1.0,50.40793830561659,0.4361530340754534,1.1824906373546082e-20,7.655723447318515,12.154311674903722,1.0,1.0,25,25
5370,4,TEAD4,5370,1.0,50.40793830561659,0.7271890382881141,2.5775011659591804e-69,20.967562272728692,52.447062838900024,1.0,1.0,25,25
5390,4,TEAD4,5390,1.0,50.40793830561659,0.523289325318962,1.7637048970171504e-30,9.280712648482695,16.37114621843335,1.0,1.0,25,25
5374,4,TEAD4,5374,1.0,50.40793830561659,0.42223332745657866,2.494451320634749e-19,7.39613563615667,11.461480535207142,1.0,1.0,25,25
5367,4,TEAD4,5367,1.0,50.40793830561659,0.48259140361847436,1.5396185320473903e-25,10.8110778583309,19.326618808837683,1.0,1.0,25,25
5368,4,TEAD4,5368,1.0,50.40793830561659,0.715496072087064,3.673610746730731e-66,16.803385672472338,36.74827371832022,1.0,1.0,25,25
5376,4,TEAD4,5376,1.0,50.40793830561659,0.36074860553911614,3.604847148818323e-14,6.089330631367628,8.184381186550972,1.0,1.0,25,25
5375,4,TEAD4,5375,1.0,50.40793830561659,0.5254208538544113,9.308243863104408e-31,10.108192369999902,17.38807269721237,1.0,1.0,25,25
5386,4,TEAD4,5386,1.0,50.40793830561659,0.42701032575401093,8.900851488160842e-20,6.224233823743626,8.24525423422953,1.0,1.0,25,25
5384,4,TEAD4,5384,1.0,50.40793830561659,0.2668409399256147,3.5221540547362625e-08,2.4225477495531167,1.777634060653133,1.0,1.0,25,25
5389,4,TEAD4,5389,1.0,50.40793830561659,0.2905541103248662,1.6965094332953235e-09,5.142822849290267,6.1884242349079805,1.0,1.0,25,25
5388,4,TEAD4,5388,1.0,50.40793830561659,0.36111186508324067,3.3844747271966665e-14,6.421928984454328,8.926865892940283,1.0,1.0,25,25
5382,4,TEAD4,5382,1.0,50.40793830561659,0.47965268802338534,3.305198257135248e-25,9.265039753533243,16.895447765442057,1.0,1.0,25,25
7940,4,NR2F2,7940,-1.0,8.042126359972324,0.3536718090384488,1.2124698084360238e-13,-9.195978599561892,16.362945222425083,1.0,0.8947368421052632,19,17
7926,4,NR2F2,7926,-1.0,8.042126359972324,0.2971318477404724,6.946931343090471e-10,-7.860805789283273,12.830759812955275,1.0,0.8947368421052632,19,17
7924,4,NR2F2,7924,-1.0,8.042126359972324,0.268333720184454,2.9345568288105388e-08,-9.444576888278373,16.942006202682673,1.0,0.8947368421052632,19,17
7938,4,NR2F2,7938,-1.0,8.042126359972324,-0.19166633900588145,8.691525059195852e-05,10.258012330160376,17.318183292070923,1.0,0.8947368421052632,19,17
7925,4,NR2F2,7925,-1.0,8.042126359972324,0.504711170188703,3.840376621608792e-28,-16.312150239770684,40.778032822259675,1.0,0.8947368421052632,19,17
7934,4,NR2F2,7934,-1.0,8.042126359972324,0.4117505499416341,2.2615925115610302e-18,-22.126364607668854,60.75567256897329,1.0,0.8947368421052632,19,17
7928,4,NR2F2,7928,-1.0,8.042126359972324,-0.34892457502396157,2.689922178617103e-13,15.495104176512896,33.87181572746577,1.0,0.8947368421052632,19,17
7936,4,NR2F2,7936,-1.0,8.042126359972324,0.4004829085792586,2.221610099127531e-17,-7.240880174591386,10.793702345242831,1.0,0.8947368421052632,19,17
7929,4,NR2F2,7929,-1.0,8.042126359972324,0.35326255014795477,1.2993772810199697e-13,-12.653446131288057,26.989145490111948,1.0,0.8947368421052632,19,17
7942,4,NR2F2,7942,-1.0,8.042126359972324,0.38953032891646594,1.8863592664728777e-16,-8.17535204270914,13.214259173499126,1.0,0.8947368421052632,19,17
7927,4,NR2F2,7927,-1.0,8.042126359972324,-0.2895554848090119,1.938938540641696e-09,12.56542365463656,24.417239004928874,1.0,0.8947368421052632,19,17
7941,4,NR2F2,7941,-1.0,8.042126359972324,-0.21341134619539323,1.1883920113885915e-05,5.257446558049503,6.2934994315461195,1.0,0.8947368421052632,19,17
7939,4,NR2F2,7939,-1.0,8.042126359972324,0.4270686705131929,8.788631880278056e-20,-7.695435393201916,12.272207342904672,1.0,0.8947368421052632,19,17
7933,4,NR2F2,7933,-1.0,8.042126359972324,0.4089746923265227,4.002819872634383e-18,-9.099520881949264,15.206316855275913,1.0,0.8947368421052632,19,17
7931,4,NR2F2,7931,-1.0,8.042126359972324,0.414218617812655,1.3552145903395658e-18,-22.90931202152935,67.38391938431236,1.0,0.8947368421052632,19,17
7930,4,NR2F2,7930,-1.0,8.042126359972324,-0.2185367218954775,7.207201432716348e-06,21.05902826779634,52.5083499339681,1.0,0.8947368421052632,19,17
7937,4,NR2F2,7937,-1.0,8.042126359972324,0.3760591159246947,2.3529379505763358e-15,-10.828924422963135,19.779734217548125,1.0,0.8947368421052632,19,17
4456,4,GFI1,4456,1.0,50.697392476987,0.36262984351343686,2.5979659979565834e-14,7.4824633621973655,11.730864447226592,1.0,1.0,25,25
4461,4,GFI1,4461,1.0,50.697392476987,-0.35917718669181414,4.7314655891681216e-14,-18.87850410572887,48.212328794502156,1.0,1.0,25,25
4473,4,GFI1,4473,1.0,50.697392476987,0.3758463689477354,2.4463319184541065e-15,4.672023997040111,5.257106519878052,1.0,1.0,25,25
4465,4,GFI1,4465,1.0,50.697392476987,0.44421814006209065,1.8928655938565146e-21,14.619488775842594,30.578723481584497,1.0,1.0,25,25
4468,4,GFI1,4468,1.0,50.697392476987,0.5119880300230293,4.8495567582016996e-29,11.038386277349241,22.711484704721887,1.0,1.0,25,25
4472,4,GFI1,4472,1.0,50.697392476987,0.14710717805425302,0.0026955601781983697,5.3753674769881545,6.589826196756907,1.0,1.0,25,25
4466,4,GFI1,4466,1.0,50.697392476987,0.2448789578780434,4.547293037273763e-07,4.810022703954228,5.320326104147975,1.0,1.0,25,25
4457,4,GFI1,4457,1.0,50.697392476987,0.6968404621750505,1.9068359353889884e-61,12.33814720147838,23.64328154870979,1.0,1.0,25,25
4458,4,GFI1,4458,1.0,50.697392476987,0.254520894399791,1.5228134200686751e-07,3.3996791650032114,3.0962762224697054,1.0,1.0,25,25
4454,4,GFI1,4454,1.0,50.697392476987,0.422621277826328,2.295589648578408e-19,8.270386820285996,13.035593886975304,1.0,1.0,25,25
4459,4,GFI1,4459,1.0,50.697392476987,0.581244612094023,8.8203689677603e-39,23.453121075131566,58.918296446083545,1.0,1.0,25,25
4452,4,GFI1,4452,1.0,50.697392476987,0.5387290397509609,1.551283389041723e-32,17.38470319766505,39.953349437140986,1.0,1.0,25,25
4467,4,GFI1,4467,1.0,50.697392476987,-0.32514730994723184,1.1944082691744987e-11,-17.848260144445977,47.33843890225135,1.0,1.0,25,25
4462,4,GFI1,4462,1.0,50.697392476987,0.30008341609410594,4.619218068544256e-10,5.350339692626875,6.566174817761429,1.0,1.0,25,25
4455,4,GFI1,4455,1.0,50.697392476987,-0.2531179143355188,1.790595635148035e-07,-13.27074132266773,30.87631259657074,1.0,1.0,25,25
4450,4,GFI1,4450,1.0,50.697392476987,0.3624274125663619,2.6914461262935213e-14,7.940478224709597,12.630429686883225,1.0,1.0,25,25
4469,4,GFI1,4469,1.0,50.697392476987,0.29014028532278396,1.7931715102596516e-09,6.083341233232215,7.987684409905119,1.0,1.0,25,25
4471,4,GFI1,4471,1.0,50.697392476987,0.43618685712425453,1.1735592207787444e-20,9.1561859785325,16.079165744942852,1.0,1.0,25,25
4470,4,GFI1,4470,1.0,50.697392476987,-0.3428536759946408,7.309214002604536e-13,-14.487105600463691,35.18576010073529,1.0,1.0,25,25
4453,4,GFI1,4453,1.0,50.697392476987,0.6741565271508183,3.5161287747406156e-56,22.92442142905261,61.53645684111745,1.0,1.0,25,25
4474,4,GFI1,4474,1.0,50.697392476987,0.33739429768764506,1.7631514076495373e-12,6.693133640569677,9.955093958626753,1.0,1.0,25,25
4464,4,GFI1,4464,1.0,50.697392476987,0.3469773821044786,3.7154326334176004e-13,4.763486537270599,5.3265439607105005,1.0,1.0,25,25
4463,4,GFI1,4463,1.0,50.697392476987,0.382261755729096,7.469021014559203e-16,9.601611712241766,16.833009528305773,1.0,1.0,25,25
4460,4,GFI1,4460,1.0,50.697392476987,-0.26530435881857783,4.2451668559811005e-08,-14.446646957509614,33.005956548308646,1.0,1.0,25,25
4451,4,GFI1,4451,1.0,50.697392476987,0.6585664692668981,7.9490190306221725e-53,10.41382944076974,18.062412433063596,1.0,1.0,25,25
756,4,MYB,756,1.0,6.6022382744121675,0.3248838283970708,1.2434339444486977e-11,3.415986693359758,3.1057639103722647,0.5263157894736842,0.4,25,19
749,4,MYB,749,1.0,6.6022382744121675,0.3760543806978625,2.354978092627161e-15,5.386974192513843,6.739206249558565,0.5263157894736842,0.4,25,19
770,4,MYB,770,1.0,6.6022382744121675,0.19853698402410572,4.7422047095409374e-05,6.263903875199883,8.706257329475324,0.5263157894736842,0.4,25,19
762,4,MYB,762,1.0,6.6022382744121675,0.20492835644081753,2.6486694728024414e-05,7.204472058519558,10.87941954383723,0.5263157894736842,0.4,25,19
747,4,MYB,747,1.0,6.6022382744121675,0.19324587538489577,7.575464646683131e-05,16.832171742116333,39.7163612389597,0.5263157894736842,0.4,25,19
765,4,MYB,765,1.0,6.6022382744121675,-0.1663032802861092,0.0006807260720459957,-3.9798053187942735,4.02130994269806,0.5263157894736842,0.4,25,19
754,4,MYB,754,1.0,6.6022382744121675,0.4668724799186218,8.421259382002708e-24,3.8485008345129104,3.8051335012665564,0.5263157894736842,0.4,25,19
769,4,MYB,769,1.0,6.6022382744121675,0.2625701035534918,5.900927737528372e-08,3.6752830525782243,3.4787343981860523,0.5263157894736842,0.4,25,19
758,4,MYB,758,1.0,6.6022382744121675,0.2453494364868676,4.315420343176785e-07,11.865847884277086,25.416468906221596,0.5263157894736842,0.4,25,19
750,4,MYB,750,1.0,6.6022382744121675,0.3170316385026367,4.050743329153828e-11,6.593227267418313,9.498943888026986,0.5263157894736842,0.4,25,19
2593,4,ZNF410,2593,1.0,17.029816542215496,-0.1924187327264633,8.141876180738993e-05,-14.210224710562075,34.45086875184987,0.9565217391304348,0.88,25,23
2594,4,ZNF410,2594,1.0,17.029816542215496,0.37289243298068586,4.187515289353452e-15,21.964123327437523,58.29678842611528,0.9565217391304348,0.88,25,23
2588,4,ZNF410,2588,1.0,17.029816542215496,0.39717399971504086,4.2752767920589295e-17,25.856288464784257,73.19246915045241,0.9565217391304348,0.88,25,23
2598,4,ZNF410,2598,1.0,17.029816542215496,0.2671647956178858,3.385734657699608e-08,10.647824067542748,19.4752502003314,0.9565217391304348,0.88,25,23
2592,4,ZNF410,2592,1.0,17.029816542215496,0.4068298036867969,6.1998208750978075e-18,2.0610305323110794,1.3924675638616302,0.9565217391304348,0.88,25,23
2607,4,ZNF410,2607,1.0,17.029816542215496,0.26363383843828836,5.193611303012775e-08,2.9201158407411563,2.412490215524089,0.9565217391304348,0.88,25,23
2591,4,ZNF410,2591,1.0,17.029816542215496,0.3411376636137137,9.657924529049887e-13,8.033394138931586,13.045768995647405,0.9565217391304348,0.88,25,23
2609,4,ZNF410,2609,1.0,17.029816542215496,0.34586984637148455,4.4602548638033964e-13,3.981638288127362,3.9582540559169734,0.9565217391304348,0.88,25,23
2590,4,ZNF410,2590,1.0,17.029816542215496,0.4660384035351851,1.0354044820038273e-23,16.619459839553123,38.9509980750962,0.9565217391304348,0.88,25,23
2610,4,ZNF410,2610,1.0,17.029816542215496,0.4120013478484948,2.1473260509031845e-18,4.144078393024568,4.307050477185006,0.9565217391304348,0.88,25,23
2603,4,ZNF410,2603,1.0,17.029816542215496,0.22907226336655184,2.481942917401052e-06,16.317583007192262,39.62759037976332,0.9565217391304348,0.88,25,23
2604,4,ZNF410,2604,1.0,17.029816542215496,0.47608165053095847,8.280943560588644e-25,4.99903461322989,5.884265075658565,0.9565217391304348,0.88,25,23
2597,4,ZNF410,2597,1.0,17.029816542215496,0.18040157260265402,0.00022438791825564683,3.6083194935449985,3.3708843353533355,0.9565217391304348,0.88,25,23
2595,4,ZNF410,2595,1.0,17.029816542215496,0.46375196543622654,1.8190061396883545e-23,10.141226002470606,18.53612875039848,0.9565217391304348,0.88,25,23
2596,4,ZNF410,2596,1.0,17.029816542215496,-0.292379878499153,1.327137903770269e-09,-15.900979247460697,40.69039017642553,0.9565217391304348,0.88,25,23
2599,4,ZNF410,2599,1.0,17.029816542215496,0.244983809329327,4.49460307124277e-07,9.60965375115934,16.548763179235184,0.9565217391304348,0.88,25,23
2600,4,ZNF410,2600,1.0,17.029816542215496,0.34296410824897655,7.178892769787772e-13,5.864422293546983,7.7327510300646,0.9565217391304348,0.88,25,23
2589,4,ZNF410,2589,1.0,17.029816542215496,0.4453036908133641,1.4736444807356433e-21,6.399681096461726,9.057958395084507,0.9565217391304348,0.88,25,23
2608,4,ZNF410,2608,1.0,17.029816542215496,0.29431421866009155,1.0211877303662682e-09,4.656795460720928,5.257818389922616,0.9565217391304348,0.88,25,23
2601,4,ZNF410,2601,1.0,17.029816542215496,0.47202440671201495,2.3207193903406833e-24,6.260945192962873,8.73922374300028,0.9565217391304348,0.88,25,23
2587,4,ZNF410,2587,1.0,17.029816542215496,0.21375431191023705,1.1497119711841202e-05,11.144049419270605,20.01940900773651,0.9565217391304348,0.88,25,23
2602,4,ZNF410,2602,1.0,17.029816542215496,0.26859737084985913,2.841138826206358e-08,17.34118665333922,40.28960076604659,0.9565217391304348,0.88,25,23
1441,4,HLTF,1441,-1.0,3.9673573860644478,0.4749228728790306,1.1130406766491061e-24,-9.593673299517416,17.16728269890754,0.47058823529411764,0.38095238095238093,21,17
1454,4,HLTF,1454,-1.0,3.9673573860644478,0.15860515437896444,0.001204136164150136,-5.332603578846198,6.562627775801203,0.47058823529411764,0.38095238095238093,21,17
1457,4,HLTF,1457,-1.0,3.9673573860644478,0.4353666481908263,1.4100971089435952e-20,-7.287580483356448,10.741128053887893,0.47058823529411764,0.38095238095238093,21,17
1456,4,HLTF,1456,-1.0,3.9673573860644478,0.266209632719741,3.80351207897958e-08,-4.48891377233676,4.830842490699693,0.47058823529411764,0.38095238095238093,21,17
1444,4,HLTF,1444,-1.0,3.9673573860644478,0.39165948983849924,1.2523711628607783e-16,-9.706168288678686,16.717033893107867,0.47058823529411764,0.38095238095238093,21,17
1439,4,HLTF,1439,-1.0,3.9673573860644478,0.6015328605716688,4.249923198936208e-42,-2.987442577122519,2.5023542887180263,0.47058823529411764,0.38095238095238093,21,17
1443,4,HLTF,1443,-1.0,3.9673573860644478,0.30921327165700385,1.269286098142392e-10,-14.554247780356283,32.68053555002359,0.47058823529411764,0.38095238095238093,21,17
1446,4,HLTF,1446,-1.0,3.9673573860644478,0.24049616721438868,7.366821341106093e-07,-3.6240379453903593,3.431884982845353,0.47058823529411764,0.38095238095238093,21,17
674,4,TFE3,674,1.0,21.763858856743134,0.2789905172854805,7.717926875294221e-09,13.112386155530897,28.541916781672757,0.8333333333333334,0.7142857142857143,7,6
671,4,TFE3,671,1.0,21.763858856743134,0.32754012153467016,8.274154456164798e-12,6.877405220510595,9.888633678048445,0.8333333333333334,0.7142857142857143,7,6
672,4,TFE3,672,1.0,21.763858856743134,0.4359232064588494,1.2449784625393958e-20,21.591157809881967,53.97365292516906,0.8333333333333334,0.7142857142857143,7,6
675,4,TFE3,675,1.0,21.763858856743134,0.5036689129398952,5.144358939716846e-28,16.434252820419122,37.56579884174329,0.8333333333333334,0.7142857142857143,7,6
676,4,TFE3,676,1.0,21.763858856743134,-0.2953600273290235,8.85558538357339e-10,-14.622217013759172,30.287692806675157,0.8333333333333334,0.7142857142857143,7,6
9210,4,ETV5,9210,1.0,23.413872948468207,0.3053007904869293,2.2200213794650472e-10,8.58406960301379,14.729618759486863,0.9166666666666666,0.9166666666666666,12,12
9209,4,ETV5,9209,1.0,23.413872948468207,0.21371964328521587,1.1535668529664748e-05,11.546676242122668,22.650066438254775,0.9166666666666666,0.9166666666666666,12,12
9217,4,ETV5,9217,1.0,23.413872948468207,0.1765834577387347,0.0003056192242120392,5.4576055341967304,6.819667696155607,0.9166666666666666,0.9166666666666666,12,12
9215,4,ETV5,9215,1.0,23.413872948468207,0.15113364289878747,0.0020454846226011123,5.278206327013564,6.300605329506162,0.9166666666666666,0.9166666666666666,12,12
9216,4,ETV5,9216,1.0,23.413872948468207,-0.1690055727700781,0.0005539170553665717,-9.776984359359941,18.428815644414613,0.9166666666666666,0.9166666666666666,12,12
9211,4,ETV5,9211,1.0,23.413872948468207,0.24436755338016983,4.812908374906473e-07,6.890367082643403,10.270326451393814,0.9166666666666666,0.9166666666666666,12,12
9219,4,ETV5,9219,1.0,23.413872948468207,0.17779229350288828,0.00027732784173067394,4.676127791582594,5.141025945762773,0.9166666666666666,0.9166666666666666,12,12
9212,4,ETV5,9212,1.0,23.413872948468207,-0.33642120857363556,2.0590473962315197e-12,-14.298874595838855,34.32388295765426,0.9166666666666666,0.9166666666666666,12,12
9213,4,ETV5,9213,1.0,23.413872948468207,0.4098060628660553,3.3755668620041877e-18,5.9648725637837945,7.831701134427647,0.9166666666666666,0.9166666666666666,12,12
9208,4,ETV5,9208,1.0,23.413872948468207,0.31505603422216083,5.423097181827033e-11,12.044500043065547,25.145012860155163,0.9166666666666666,0.9166666666666666,12,12
9214,4,ETV5,9214,1.0,23.413872948468207,0.27097377825862884,2.1191833998712687e-08,9.905783979648739,17.814897388002848,0.9166666666666666,0.9166666666666666,12,12
6811,4,CREB3L1,6811,1.0,13.51814794428162,-0.13532847042449198,0.005817412494446771,-15.198413250882371,37.397538633781984,1.0,0.6,5,3
6809,4,CREB3L1,6809,1.0,13.51814794428162,0.6727892304030313,7.054479260139944e-56,10.134759574192293,18.64139939678286,1.0,0.6,5,3
6812,4,CREB3L1,6812,1.0,13.51814794428162,0.17081527499618435,0.0004816546084030921,10.888059293336163,20.208559071257067,1.0,0.6,5,3
1426,4,TEAD1,1426,1.0,7.558672630335807,0.39034766289074607,1.612459051550993e-16,5.977267634106238,7.976295308650433,0.625,0.6,25,24
1404,4,TEAD1,1404,1.0,7.558672630335807,0.3461887977216795,4.2319476132064357e-13,8.55360370637861,14.273340064577049,0.625,0.6,25,24
1411,4,TEAD1,1411,1.0,7.558672630335807,0.45038729504817887,4.508239207196246e-22,7.221508638789405,11.04554881776869,0.625,0.6,25,24
1416,4,TEAD1,1416,1.0,7.558672630335807,-0.24950831856745861,2.7044768704267724e-07,-17.404036598499133,47.76755349714082,0.625,0.6,25,24
1414,4,TEAD1,1414,1.0,7.558672630335807,0.3349989493715467,2.5805850713267458e-12,2.7370994816412657,2.15668014635514,0.625,0.6,25,24
1407,4,TEAD1,1407,1.0,7.558672630335807,0.30549442744131594,2.159857095135781e-10,5.662981065292297,7.321408853505154,0.625,0.6,25,24
1412,4,TEAD1,1412,1.0,7.558672630335807,0.37956199997378715,1.234471474942816e-15,10.219494445813966,18.188583473750572,0.625,0.6,25,24
1420,4,TEAD1,1420,1.0,7.558672630335807,0.7147903541738276,5.627953294635298e-66,10.04761283344616,18.258302816691497,0.625,0.6,25,24
1419,4,TEAD1,1419,1.0,7.558672630335807,0.5640313860981352,3.8286560461641963e-36,6.956093148734424,10.486718104534669,0.625,0.6,25,24
1406,4,TEAD1,1406,1.0,7.558672630335807,0.357836948383068,5.959572392672389e-14,25.105021119921236,70.86457094753267,0.625,0.6,25,24
1418,4,TEAD1,1418,1.0,7.558672630335807,0.5704219129386269,4.187234320152058e-37,12.00220418319406,24.914130704869006,0.625,0.6,25,24
1422,4,TEAD1,1422,1.0,7.558672630335807,0.23050111806315696,2.139312109135964e-06,8.568885885435254,14.857287040392373,0.625,0.6,25,24
1405,4,TEAD1,1405,1.0,7.558672630335807,0.26096080289153245,7.150683162744495e-08,20.190136957455092,49.291605082872124,0.625,0.6,25,24
1413,4,TEAD1,1413,1.0,7.558672630335807,-0.3481929824783924,3.0377735986534764e-13,-14.323596350127247,34.05418529543975,0.625,0.6,25,24
1408,4,TEAD1,1408,1.0,7.558672630335807,0.48760093537641463,4.1151480671622386e-26,6.321777847402189,8.725450912712336,0.625,0.6,25,24
5294,4,GATA6,5294,1.0,13.35372649747911,0.39104898380763825,1.4088760693987774e-16,7.895576264579758,12.6691795311386,1.0,0.88,25,22
5297,4,GATA6,5297,1.0,13.35372649747911,-0.2882776500253039,2.298586616049234e-09,-18.90172053176213,47.80934447713394,1.0,0.88,25,22
5298,4,GATA6,5298,1.0,13.35372649747911,0.5274624130800495,5.025458347148004e-31,20.277563932106723,48.87501614395091,1.0,0.88,25,22
5314,4,GATA6,5314,1.0,13.35372649747911,0.36467512327444324,1.8151386228112557e-14,9.095568881275641,15.536798383899518,1.0,0.88,25,22
5292,4,GATA6,5292,1.0,13.35372649747911,0.543558463774035,3.354384417767833e-33,10.933180061077957,19.567101730437766,1.0,0.88,25,22
5293,4,GATA6,5293,1.0,13.35372649747911,-0.2667670365639841,3.5540210722116313e-08,-10.331378967395272,19.485337913508033,1.0,0.88,25,22
5311,4,GATA6,5311,1.0,13.35372649747911,-0.1347805370339131,0.006021110468243053,-7.641486461763549,12.088935747271696,1.0,0.88,25,22
5301,4,GATA6,5301,1.0,13.35372649747911,-0.12781789332294965,0.009226835634004065,-14.934269184543783,32.60928955683052,1.0,0.88,25,22
5307,4,GATA6,5307,1.0,13.35372649747911,0.31055807607733815,1.0453769761042026e-10,8.832849791579147,15.47841662793838,1.0,0.88,25,22
5308,4,GATA6,5308,1.0,13.35372649747911,-0.2507633227932258,2.344928125800836e-07,-17.474581156845357,46.887282400571245,1.0,0.88,25,22
5299,4,GATA6,5299,1.0,13.35372649747911,0.37084596941297143,6.057440033855802e-15,9.009553596774841,16.475090922242433,1.0,0.88,25,22
5306,4,GATA6,5306,1.0,13.35372649747911,-0.33136533923883765,4.570234488703129e-12,-9.283646682462782,16.4250760058412,1.0,0.88,25,22
5295,4,GATA6,5295,1.0,13.35372649747911,0.5162970864402975,1.390807103781008e-29,25.493246421322347,69.16394391557543,1.0,0.88,25,22
5312,4,GATA6,5312,1.0,13.35372649747911,0.41652788646955446,8.360648108947425e-19,5.378920899614244,6.49830801892461,1.0,0.88,25,22
5304,4,GATA6,5304,1.0,13.35372649747911,0.3568494844733181,7.059164797281896e-14,2.7952237419720665,2.2282030805779676,1.0,0.88,25,22
5309,4,GATA6,5309,1.0,13.35372649747911,0.27420810730024003,1.4154446372677302e-08,6.448285090298706,9.304563035441486,1.0,0.88,25,22
5291,4,GATA6,5291,1.0,13.35372649747911,0.7058673265543488,1.1094051152117345e-63,8.056750072768622,12.878923325502726,1.0,0.88,25,22
5300,4,GATA6,5300,1.0,13.35372649747911,0.4193675005316561,4.592670850431892e-19,12.584032739937525,23.765097899250364,1.0,0.88,25,22
5313,4,GATA6,5313,1.0,13.35372649747911,0.26673777962677114,3.56671344772154e-08,9.597421228604496,17.424914612450383,1.0,0.88,25,22
5296,4,GATA6,5296,1.0,13.35372649747911,0.6485332000705211,9.018938196244962e-51,9.622985547282518,16.659908055195103,1.0,0.88,25,22
5302,4,GATA6,5302,1.0,13.35372649747911,0.5054676226751411,3.1042484340917707e-28,14.142832178503298,31.926819697210682,1.0,0.88,25,22
5303,4,GATA6,5303,1.0,13.35372649747911,0.481648755248386,1.9687417430123052e-25,2.7768673251007012,2.198515795901227,1.0,0.88,25,22
6905,4,HOXA11,6905,-1.0,9.031129914870265,0.167256413801326,0.0006332107941028951,-8.472138174864629,14.671194288999818,0.2222222222222222,0.2,10,9
6907,4,HOXA11,6907,-1.0,9.031129914870265,0.21442569942894013,1.0774314605651383e-05,-2.143077544989551,1.4671395922274415,0.2222222222222222,0.2,10,9
2769,4,KLF13,2769,1.0,10.245490236917556,0.6504234011527741,3.7495927973605466e-51,17.31378545266518,38.535691335704726,0.8181818181818182,0.72,25,22
2767,4,KLF13,2767,1.0,10.245490236917556,0.4562205871596715,1.1298856848090843e-22,15.626369237710591,35.218195608149884,0.8181818181818182,0.72,25,22
2776,4,KLF13,2776,1.0,10.245490236917556,-0.4829705599955354,1.3943503358501677e-25,-15.562072438685298,37.814645316714056,0.8181818181818182,0.72,25,22
2779,4,KLF13,2779,1.0,10.245490236917556,0.4857191900563619,6.772384903703529e-26,2.31752172967017,1.6671272679326796,0.8181818181818182,0.72,25,22
2775,4,KLF13,2775,1.0,10.245490236917556,0.360017182108791,4.092061248953589e-14,7.048178093090365,10.080635304833235,0.8181818181818182,0.72,25,22
2786,4,KLF13,2786,1.0,10.245490236917556,-0.25188235836281225,2.0635159976836015e-07,-8.14051275462925,13.093254249076507,0.8181818181818182,0.72,25,22
2777,4,KLF13,2777,1.0,10.245490236917556,-0.5165886411209636,1.2772770400571503e-29,-24.97209707790983,75.80181639026887,0.8181818181818182,0.72,25,22
2770,4,KLF13,2770,1.0,10.245490236917556,0.7843132927541306,1.8610142888532426e-87,5.910692746947191,7.750631460134072,0.8181818181818182,0.72,25,22
2773,4,KLF13,2773,1.0,10.245490236917556,0.27183643511830247,1.903897358759666e-08,15.221269664629704,32.26720447745204,0.8181818181818182,0.72,25,22
2768,4,KLF13,2768,1.0,10.245490236917556,-0.4599111891296104,4.6430196153214664e-23,-16.362377201481202,40.796977779188886,0.8181818181818182,0.72,25,22
2784,4,KLF13,2784,1.0,10.245490236917556,-0.21022538411356767,1.6119220169234094e-05,-13.276845575583009,30.54006244744846,0.8181818181818182,0.72,25,22
2771,4,KLF13,2771,1.0,10.245490236917556,0.6580760350592813,1.005980863868866e-52,19.994045054938777,51.05662953790757,0.8181818181818182,0.72,25,22
2780,4,KLF13,2780,1.0,10.245490236917556,-0.31510169533804233,5.386780394001617e-11,-5.028837234413264,5.93005875822941,0.8181818181818182,0.72,25,22
2781,4,KLF13,2781,1.0,10.245490236917556,0.4945749098087264,6.320595848636451e-27,10.415189818936183,20.703774693669782,0.8181818181818182,0.72,25,22
2787,4,KLF13,2787,1.0,10.245490236917556,-0.22447469634300973,3.977203977229125e-06,-6.863813506712837,9.941251824796115,0.8181818181818182,0.72,25,22
2765,4,KLF13,2765,1.0,10.245490236917556,0.41177879218738317,2.248431938044957e-18,11.568676575446785,21.162248350640045,0.8181818181818182,0.72,25,22
2764,4,KLF13,2764,1.0,10.245490236917556,0.33877377073300047,1.4137362943841703e-12,8.125330410722826,13.0666504867755,0.8181818181818182,0.72,25,22
2772,4,KLF13,2772,1.0,10.245490236917556,0.5350034309255128,4.971275879586802e-32,23.085196163598315,60.29633444824344,0.8181818181818182,0.72,25,22
8426,4,ZNF232,8426,1.0,2.134539530645778,0.2109705058786573,1.5016265616757638e-05,9.984885980287439,18.028291461686454,0.7,0.5384615384615384,13,10
8422,4,ZNF232,8422,1.0,2.134539530645778,0.3550255765667153,9.636342756168975e-14,5.528621371806885,7.052106770275785,0.7,0.5384615384615384,13,10
8429,4,ZNF232,8429,1.0,2.134539530645778,0.2538733521304927,1.6412276366093907e-07,4.537426331898753,5.034252260248566,0.7,0.5384615384615384,13,10
8419,4,ZNF232,8419,1.0,2.134539530645778,0.25004373742998104,2.5450288188791116e-07,14.7986343036303,32.133262327446616,0.7,0.5384615384615384,13,10
8428,4,ZNF232,8428,1.0,2.134539530645778,0.46201447541931073,2.783396816968887e-23,8.309569388350106,14.377372738491323,0.7,0.5384615384615384,13,10
8423,4,ZNF232,8423,1.0,2.134539530645778,0.20341240739354938,3.0460949135010427e-05,15.320992001563809,34.13445920744636,0.7,0.5384615384615384,13,10
8430,4,ZNF232,8430,1.0,2.134539530645778,0.22636269892709063,3.2809492527441038e-06,2.036317956655981,1.362551167271604,0.7,0.5384615384615384,13,10
7461,4,PATZ1,7461,-1.0,50.511950705362054,-0.4181885981656916,5.89359176642979e-19,11.085072164726778,20.729220574739912,1.0,1.0,11,11
7458,4,PATZ1,7458,-1.0,50.511950705362054,0.2665821936022858,3.634949748700672e-08,-3.4653640804087793,3.1831783637756614,1.0,1.0,11,11
7462,4,PATZ1,7462,-1.0,50.511950705362054,0.350973406205092,1.9102759644618003e-13,-8.074991329896438,12.71311623022697,1.0,1.0,11,11
7457,4,PATZ1,7457,-1.0,50.511950705362054,0.38989155907766243,1.7600882642254618e-16,-12.235186398789427,26.98305649768881,1.0,1.0,11,11
7456,4,PATZ1,7456,-1.0,50.511950705362054,-0.575048906014626,8.181294766222616e-38,14.393325651763412,29.768615253020993,1.0,1.0,11,11
7465,4,PATZ1,7465,-1.0,50.511950705362054,-0.22559153341442412,3.5499688366219893e-06,6.120919814039744,8.061047008912459,1.0,1.0,11,11
7455,4,PATZ1,7455,-1.0,50.511950705362054,-0.35895530749167853,4.9160901353159084e-14,7.15707925263094,10.552190920589155,1.0,1.0,11,11
7464,4,PATZ1,7464,-1.0,50.511950705362054,0.15051028410938208,0.002135704390779488,-7.36655552457908,11.568182921809301,1.0,1.0,11,11
7463,4,PATZ1,7463,-1.0,50.511950705362054,-0.3792149754930872,1.3163882469044396e-15,7.447496684011143,11.318627941460548,1.0,1.0,11,11
7460,4,PATZ1,7460,-1.0,50.511950705362054,-0.396946539711853,4.470854181065457e-17,13.673906176428323,28.017162679632094,1.0,1.0,11,11
7459,4,PATZ1,7459,-1.0,50.511950705362054,-0.609275125557499,1.9903764368022047e-43,16.308775258593325,36.14763380341715,1.0,1.0,11,11
562,4,ZNF652,562,-1.0,23.834673173380782,-0.11771088988018609,0.01656801749496466,6.588763734987374,9.32420430819762,0.9523809523809523,0.9523809523809523,21,21
556,4,ZNF652,556,-1.0,23.834673173380782,-0.327942277584916,7.77662408603483e-12,12.112938567125719,22.288594846203672,0.9523809523809523,0.9523809523809523,21,21
557,4,ZNF652,557,-1.0,23.834673173380782,-0.37771948939034383,1.7348021128206963e-15,21.38209752284955,57.25504366461654,0.9523809523809523,0.9523809523809523,21,21
559,4,ZNF652,559,-1.0,23.834673173380782,0.4939346394949205,7.520332935106505e-27,-15.542809330989911,34.77052618471471,0.9523809523809523,0.9523809523809523,21,21
569,4,ZNF652,569,-1.0,23.834673173380782,0.5023704460964186,7.394149660230837e-28,-12.182383787069824,24.717010184389327,0.9523809523809523,0.9523809523809523,21,21
555,4,ZNF652,555,-1.0,23.834673173380782,0.43132225713042716,3.4618176396881334e-20,-12.896299648201921,28.790913364535047,0.9523809523809523,0.9523809523809523,21,21
567,4,ZNF652,567,-1.0,23.834673173380782,-0.3350214416989994,2.5714108027690133e-12,13.99636218450869,30.9651784981163,0.9523809523809523,0.9523809523809523,21,21
566,4,ZNF652,566,-1.0,23.834673173380782,0.2642957555033272,4.795584102898056e-08,-5.8806577042948165,7.626276625453037,0.9523809523809523,0.9523809523809523,21,21
560,4,ZNF652,560,-1.0,23.834673173380782,0.5588875768364542,2.19596479070633e-35,-14.472698837736258,32.4472517327244,0.9523809523809523,0.9523809523809523,21,21
552,4,ZNF652,552,-1.0,23.834673173380782,-0.3218774667043794,1.9622839111523967e-11,10.896821038246708,19.42413807666169,0.9523809523809523,0.9523809523809523,21,21
561,4,ZNF652,561,-1.0,23.834673173380782,-0.5224138157007439,2.2901451826540374e-30,15.206325623930486,33.47439571456233,0.9523809523809523,0.9523809523809523,21,21
565,4,ZNF652,565,-1.0,23.834673173380782,0.492991145548612,9.708953253752342e-27,-13.133734358486478,25.662076177844327,0.9523809523809523,0.9523809523809523,21,21
558,4,ZNF652,558,-1.0,23.834673173380782,-0.501654243038054,9.02619282523885e-28,25.059029195179928,71.83467447804144,0.9523809523809523,0.9523809523809523,21,21
554,4,ZNF652,554,-1.0,23.834673173380782,-0.4307290008544548,3.945306660018518e-20,18.692655096794816,42.5642620655675,0.9523809523809523,0.9523809523809523,21,21
551,4,ZNF652,551,-1.0,23.834673173380782,0.41276879282579315,1.8318075460079018e-18,-3.12706290505918,2.694830791382546,0.9523809523809523,0.9523809523809523,21,21
553,4,ZNF652,553,-1.0,23.834673173380782,0.46546019851592924,1.1944585182347547e-23,-13.299526268019054,31.418089404829086,0.9523809523809523,0.9523809523809523,21,21
571,4,ZNF652,571,-1.0,23.834673173380782,0.24006120280680573,7.724259448646106e-07,-7.543065873834566,11.674057727125358,0.9523809523809523,0.9523809523809523,21,21
563,4,ZNF652,563,-1.0,23.834673173380782,0.37348450544995015,3.7614687081543315e-15,-4.342703208537666,4.607344893050327,0.9523809523809523,0.9523809523809523,21,21
564,4,ZNF652,564,-1.0,23.834673173380782,-0.3544172690340265,1.0685558902245954e-13,12.951440981622085,25.824756198574274,0.9523809523809523,0.9523809523809523,21,21
568,4,ZNF652,568,-1.0,23.834673173380782,-0.33833271817663324,1.5173604437831845e-12,12.088472984443609,25.123778654471593,0.9523809523809523,0.9523809523809523,21,21
3784,4,TCF4,3784,1.0,10.178200021699139,0.7376050152816763,2.885939008855134e-72,2.956537615179323,2.4392971317745578,0.8571428571428571,0.72,25,21
3800,4,TCF4,3800,1.0,10.178200021699139,-0.2862318629185656,3.0130065423887516e-09,-20.82364343968345,53.22878380244291,0.8571428571428571,0.72,25,21
3785,4,TCF4,3785,1.0,10.178200021699139,-0.2833579184619307,4.39065796035814e-09,-26.955648695620756,85.27600904974278,0.8571428571428571,0.72,25,21
3778,4,TCF4,3778,1.0,10.178200021699139,0.493602328040449,8.229042934852104e-27,11.40797414127326,20.84486276755806,0.8571428571428571,0.72,25,21
3777,4,TCF4,3777,1.0,10.178200021699139,0.7507699605665531,3.332606690686206e-76,9.032489263689062,15.576490318212617,0.8571428571428571,0.72,25,21
3782,4,TCF4,3782,1.0,10.178200021699139,0.41501548884241046,1.1476395356805631e-18,24.356110226090752,64.3081523609096,0.8571428571428571,0.72,25,21
3798,4,TCF4,3798,1.0,10.178200021699139,-0.2366898904175498,1.1117740146785831e-06,-11.720708152532666,21.19976135102209,0.8571428571428571,0.72,25,21
3787,4,TCF4,3787,1.0,10.178200021699139,-0.3271986778570224,8.720855842087925e-12,-14.05539350014201,32.118591334049604,0.8571428571428571,0.72,25,21
3781,4,TCF4,3781,1.0,10.178200021699139,0.3588014126196333,5.0482714501399096e-14,12.436880031988045,23.816146387129855,0.8571428571428571,0.72,25,21
3780,4,TCF4,3780,1.0,10.178200021699139,0.5969106027225018,2.5405708371083796e-41,5.48333151692555,6.828141780062894,0.8571428571428571,0.72,25,21
3799,4,TCF4,3799,1.0,10.178200021699139,0.4582354261767568,6.962367113154267e-23,12.07114527924312,24.17877813459763,0.8571428571428571,0.72,25,21
3796,4,TCF4,3796,1.0,10.178200021699139,0.4933420596799241,8.82983159974749e-27,5.999241800225761,7.922413138589206,0.8571428571428571,0.72,25,21
3783,4,TCF4,3783,1.0,10.178200021699139,0.5571193078451293,3.9751955716944823e-35,20.9445245322285,53.49559674212122,0.8571428571428571,0.72,25,21
3793,4,TCF4,3793,1.0,10.178200021699139,0.6331325512598875,9.17245987334263e-48,15.799588827821719,37.56053681654324,0.8571428571428571,0.72,25,21
3792,4,TCF4,3792,1.0,10.178200021699139,0.3516202720134142,1.7137236923310439e-13,11.957977277152123,25.002209245488988,0.8571428571428571,0.72,25,21
3786,4,TCF4,3786,1.0,10.178200021699139,0.7011194160788855,1.703152426748527e-62,9.465671988871467,15.913865996495593,0.8571428571428571,0.72,25,21
3791,4,TCF4,3791,1.0,10.178200021699139,0.5262060559323303,7.347268038118233e-31,13.756944356119552,30.665515008593438,0.8571428571428571,0.72,25,21
3797,4,TCF4,3797,1.0,10.178200021699139,-0.3295194463505142,6.092345215117383e-12,-4.34483289098311,4.652970752993048,0.8571428571428571,0.72,25,21
7111,4,BHLHE40,7111,1.0,1.606576366455221,0.23311783823365895,1.6257046268355425e-06,7.527831776588584,11.685572398915772,1.0,0.6666666666666666,18,12
7113,4,BHLHE40,7113,1.0,1.606576366455221,-0.27763624241148194,9.174894678730638e-09,-7.10672782116902,10.351780855814003,1.0,0.6666666666666666,18,12
7107,4,BHLHE40,7107,1.0,1.606576366455221,-0.37486076530566953,2.928665832892227e-15,-13.68797832005465,27.635626485522213,1.0,0.6666666666666666,18,12
7109,4,BHLHE40,7109,1.0,1.606576366455221,0.5282266448677118,3.9856596678765485e-31,8.172906645283588,13.061891596646225,1.0,0.6666666666666666,18,12
7103,4,BHLHE40,7103,1.0,1.606576366455221,0.37961256543174493,1.2229606961666126e-15,19.701919866626497,49.162590553166744,1.0,0.6666666666666666,18,12
7104,4,BHLHE40,7104,1.0,1.606576366455221,-0.23202924340799352,1.8231144909882249e-06,-16.11857966083824,38.63049569086627,1.0,0.6666666666666666,18,12
7115,4,BHLHE40,7115,1.0,1.606576366455221,0.20444384126674084,2.770013941654359e-05,6.815083377572382,9.68725769690201,1.0,0.6666666666666666,18,12
7116,4,BHLHE40,7116,1.0,1.606576366455221,-0.3132747433570476,7.042041576260467e-11,-16.53573376574504,40.0874522126584,1.0,0.6666666666666666,18,12
7110,4,BHLHE40,7110,1.0,1.606576366455221,0.38133229834804006,8.884210942773308e-16,11.072527069209299,21.568314145860565,1.0,0.6666666666666666,18,12
7106,4,BHLHE40,7106,1.0,1.606576366455221,0.3592400975625843,4.6803655378593544e-14,22.646413093216193,57.26069695533169,1.0,0.6666666666666666,18,12
7105,4,BHLHE40,7105,1.0,1.606576366455221,0.1469519302602557,0.002724031875440648,16.382672617333025,37.7485397259516,1.0,0.6666666666666666,18,12
7101,4,BHLHE40,7101,1.0,1.606576366455221,0.24015539999771696,7.645467052892863e-07,6.041834652678793,7.994247197435973,1.0,0.6666666666666666,18,12
3338,4,EP300,3338,-1.0,2.3315575409149107,0.29551358397058075,8.671796678709527e-10,-12.042473552149202,25.09606348137681,0.8461538461538461,0.7333333333333333,15,13
3328,4,EP300,3328,-1.0,2.3315575409149107,0.1902932923397982,9.785709510599545e-05,-11.851702022823787,24.470605769598,0.8461538461538461,0.7333333333333333,15,13
3339,4,EP300,3339,-1.0,2.3315575409149107,-0.2272305983593285,3.001494006480565e-06,4.682035546261742,5.148513440489905,0.8461538461538461,0.7333333333333333,15,13
3335,4,EP300,3335,-1.0,2.3315575409149107,-0.16077152065467895,0.0010281626823670368,4.4504334771691445,4.7541570303614575,0.8461538461538461,0.7333333333333333,15,13
3326,4,EP300,3326,-1.0,2.3315575409149107,-0.24319287889530544,5.480647214426729e-07,10.863033091732955,19.35858010820815,0.8461538461538461,0.7333333333333333,15,13
3329,4,EP300,3329,-1.0,2.3315575409149107,-0.39400089039175973,7.954545811556803e-17,19.449646651838595,45.92334578636743,0.8461538461538461,0.7333333333333333,15,13
3332,4,EP300,3332,-1.0,2.3315575409149107,0.47681375042225965,6.865720023674656e-25,-5.801955034999103,7.576372302529783,0.8461538461538461,0.7333333333333333,15,13
3327,4,EP300,3327,-1.0,2.3315575409149107,0.6299942796768716,3.5857696416434276e-47,-8.851569534184268,15.248231567621794,0.8461538461538461,0.7333333333333333,15,13
3337,4,EP300,3337,-1.0,2.3315575409149107,0.5964017349532883,3.087836625380033e-41,-4.886454620463315,5.63205504707118,0.8461538461538461,0.7333333333333333,15,13
3331,4,EP300,3331,-1.0,2.3315575409149107,-0.5375724605972052,2.2303809341461923e-32,2.2007000171867275,1.5381048813706593,0.8461538461538461,0.7333333333333333,15,13
3336,4,EP300,3336,-1.0,2.3315575409149107,-0.25134423365638575,2.1945235756362927e-07,16.31338683105153,37.86918268441798,0.8461538461538461,0.7333333333333333,15,13
6255,4,IRF8,6255,1.0,18.70402251884367,0.45944848982201053,5.193754293519745e-23,9.626922009668794,17.193144165641566,1.0,1.0,25,25
6246,4,IRF8,6246,1.0,18.70402251884367,0.24236996411797312,6.000516069244661e-07,14.580158649707656,32.79054626699243,1.0,1.0,25,25
6256,4,IRF8,6256,1.0,18.70402251884367,0.5046069951983955,3.9544221236057088e-28,11.221659267364902,22.21023872254563,1.0,1.0,25,25
6251,4,IRF8,6251,1.0,18.70402251884367,-0.37890008290874844,1.3953222459536405e-15,-15.163125412937363,39.674924778265186,1.0,1.0,25,25
6261,4,IRF8,6261,1.0,18.70402251884367,0.48134299488722343,2.1318261304287357e-25,6.105173776793732,8.022403385113604,1.0,1.0,25,25
6249,4,IRF8,6249,1.0,18.70402251884367,0.43860605068975766,6.808240428573288e-21,15.25333059733683,33.55894164250724,1.0,1.0,25,25
6258,4,IRF8,6258,1.0,18.70402251884367,0.4213016715773506,3.0439107854258927e-19,10.747838749829025,20.684386866698958,1.0,1.0,25,25
6260,4,IRF8,6260,1.0,18.70402251884367,0.27642081115281214,1.0706712209140096e-08,4.290874734551999,4.4708122726691695,1.0,1.0,25,25
6247,4,IRF8,6247,1.0,18.70402251884367,0.3378821951666018,1.6308662854794845e-12,6.357195540017726,8.847074348433775,1.0,1.0,25,25
6253,4,IRF8,6253,1.0,18.70402251884367,0.5318805488297015,1.3049723903741135e-31,15.517530415382144,35.79366486994554,1.0,1.0,25,25
6244,4,IRF8,6244,1.0,18.70402251884367,0.6982603537637232,8.595365611548329e-62,22.02052651959063,59.91242370758871,1.0,1.0,25,25
6254,4,IRF8,6254,1.0,18.70402251884367,0.6313064448551127,2.0316313823804766e-47,10.577107857559666,19.32010222379249,1.0,1.0,25,25
6252,4,IRF8,6252,1.0,18.70402251884367,-0.3119712030562507,8.516154785958996e-11,-13.503361943700767,29.20990469661123,1.0,1.0,25,25
6262,4,IRF8,6262,1.0,18.70402251884367,0.30888975419522074,1.329757838630164e-10,9.148461362702083,16.356615029104127,1.0,1.0,25,25
6238,4,IRF8,6238,1.0,18.70402251884367,0.9084359334379312,3.72099631756656e-158,10.522117794341723,18.45606427145745,1.0,1.0,25,25
6241,4,IRF8,6241,1.0,18.70402251884367,0.709157125395994,1.618753826889694e-64,12.074163356637609,23.22370081469444,1.0,1.0,25,25
6250,4,IRF8,6250,1.0,18.70402251884367,0.6185025606161885,4.6327948983635515e-45,4.184570108373412,4.301080860132877,1.0,1.0,25,25
6242,4,IRF8,6242,1.0,18.70402251884367,0.4667835253002747,8.609121647134494e-24,18.44090463880218,43.973161521857996,1.0,1.0,25,25
6243,4,IRF8,6243,1.0,18.70402251884367,-0.11947307072272668,0.015003892188504184,-15.436457812232359,38.65692810652697,1.0,1.0,25,25
6259,4,IRF8,6259,1.0,18.70402251884367,-0.23822579506361063,9.424383136158819e-07,-6.190428347646278,8.572668235191289,1.0,1.0,25,25
6240,4,IRF8,6240,1.0,18.70402251884367,0.3365378980919996,2.021153277268074e-12,2.8549547103651167,2.3174920921722744,1.0,1.0,25,25
6257,4,IRF8,6257,1.0,18.70402251884367,-0.16962132137350333,0.0005282706778169722,-5.725861343034204,7.459157245846046,1.0,1.0,25,25
6245,4,IRF8,6245,1.0,18.70402251884367,0.824189483483994,8.656757872339077e-104,9.526260320413638,16.187023969404958,1.0,1.0,25,25
6248,4,IRF8,6248,1.0,18.70402251884367,0.6440738002013318,6.978557964384137e-50,24.423306371074688,67.43910920178939,1.0,1.0,25,25
6239,4,IRF8,6239,1.0,18.70402251884367,0.7052277327015188,1.6079055845301713e-63,8.185210120179221,13.240696507756082,1.0,1.0,25,25
3686,4,FOXJ3,3686,-1.0,1.8244988936432498,0.4260482291308618,1.0968346834625056e-19,-17.69077146283754,44.195058421224786,0.55,0.44,25,20
3699,4,FOXJ3,3699,-1.0,1.8244988936432498,0.5756489269003586,6.607539058239692e-38,-9.293360870656143,16.899703657994603,0.55,0.44,25,20
3680,4,FOXJ3,3680,-1.0,1.8244988936432498,0.5207082884649452,3.8010095743750285e-30,-10.973591847190006,21.525714567018614,0.55,0.44,25,20
3692,4,FOXJ3,3692,-1.0,1.8244988936432498,0.6383174555258617,9.314379565628292e-49,-4.243190221526113,4.488576334187191,0.55,0.44,25,20
3689,4,FOXJ3,3689,-1.0,1.8244988936432498,0.544603765097235,2.4001478002725796e-33,-7.9122626030856695,12.808892776285825,0.55,0.44,25,20
3687,4,FOXJ3,3687,-1.0,1.8244988936432498,0.32390126882939696,1.444180336447946e-11,-8.216117530668074,13.590777632324821,0.55,0.44,25,20
3679,4,FOXJ3,3679,-1.0,1.8244988936432498,-0.3361178158258891,2.1608512258775436e-12,2.7779767599261054,2.215835638731818,0.55,0.44,25,20
3677,4,FOXJ3,3677,-1.0,1.8244988936432498,0.3420434448606089,8.338750601556069e-13,-16.304811831190975,41.900957940771356,0.55,0.44,25,20
3690,4,FOXJ3,3690,-1.0,1.8244988936432498,0.43923279178404323,5.9083041588370476e-21,-2.0720149807425328,1.4049615004692413,0.55,0.44,25,20
3676,4,FOXJ3,3676,-1.0,1.8244988936432498,0.6570752110452549,1.6244622404012974e-52,-2.5052271236777623,1.8852451691308934,0.55,0.44,25,20
3685,4,FOXJ3,3685,-1.0,1.8244988936432498,0.6736731957834498,4.499325505230993e-56,-3.2799065723898844,2.9179073151586037,0.55,0.44,25,20
899,4,SOX9,899,1.0,27.085102938331026,0.4741459574480679,1.3562679636910996e-24,19.327905973347097,52.22421116416343,0.9565217391304348,0.88,25,23
880,4,SOX9,880,1.0,27.085102938331026,0.560451723728264,1.295249825798094e-35,17.643732872495796,40.07528641774911,0.9565217391304348,0.88,25,23
887,4,SOX9,887,1.0,27.085102938331026,0.46397587401929014,1.721669701664934e-23,9.047222496949276,15.01516487320237,0.9565217391304348,0.88,25,23
883,4,SOX9,883,1.0,27.085102938331026,0.3726445100329732,4.37966397851391e-15,8.25692396119435,13.521194359101056,0.9565217391304348,0.88,25,23
882,4,SOX9,882,1.0,27.085102938331026,0.2553213168496705,1.3877885194744951e-07,9.780295307386115,16.945074566787117,0.9565217391304348,0.88,25,23
892,4,SOX9,892,1.0,27.085102938331026,-0.4525352277622967,2.716818612785404e-22,-27.728956239196826,92.89334174679414,0.9565217391304348,0.88,25,23
896,4,SOX9,896,1.0,27.085102938331026,0.34061864892985994,1.05035986490919e-12,11.986297049257338,24.16016255632743,0.9565217391304348,0.88,25,23
884,4,SOX9,884,1.0,27.085102938331026,0.38296730452708827,6.544871287899122e-16,7.892160810253539,12.863108777080566,0.9565217391304348,0.88,25,23
881,4,SOX9,881,1.0,27.085102938331026,0.3082508368033668,1.4575351826944373e-10,6.039744246383374,8.179204653690958,0.9565217391304348,0.88,25,23
894,4,SOX9,894,1.0,27.085102938331026,0.3582807067833393,5.5218462767929613e-14,6.28234121404496,8.775172236369489,0.9565217391304348,0.88,25,23
885,4,SOX9,885,1.0,27.085102938331026,0.5252728780159062,9.731953978057977e-31,20.988185486792982,53.492956568878476,0.9565217391304348,0.88,25,23
898,4,SOX9,898,1.0,27.085102938331026,0.4854185031525196,7.331444849537984e-26,13.95611571594713,31.81167634247623,0.9565217391304348,0.88,25,23
886,4,SOX9,886,1.0,27.085102938331026,-0.28864175514564844,2.18999143959445e-09,-18.171165305995416,48.3225096630076,0.9565217391304348,0.88,25,23
888,4,SOX9,888,1.0,27.085102938331026,0.34158446608837717,8.98353005775376e-13,11.860432565159204,22.133287748217942,0.9565217391304348,0.88,25,23
895,4,SOX9,895,1.0,27.085102938331026,-0.33433703230650785,2.865361672413502e-12,-14.369349915352956,35.4623280566623,0.9565217391304348,0.88,25,23
889,4,SOX9,889,1.0,27.085102938331026,0.5603423061653923,1.3440997252815052e-35,24.59887761947755,64.71536667212574,0.9565217391304348,0.88,25,23
890,4,SOX9,890,1.0,27.085102938331026,0.597410676499027,2.096645394110866e-41,13.456530111255002,31.441437335557964,0.9565217391304348,0.88,25,23
897,4,SOX9,897,1.0,27.085102938331026,0.4946897390594064,6.126386593846002e-27,11.929408889904517,24.717497922277392,0.9565217391304348,0.88,25,23
878,4,SOX9,878,1.0,27.085102938331026,0.26936397025093745,2.5855562144307027e-08,8.252115224936569,13.48359243162421,0.9565217391304348,0.88,25,23
901,4,SOX9,901,1.0,27.085102938331026,0.3246937428628083,1.2800168128126376e-11,6.655232851231111,9.312268859193711,0.9565217391304348,0.88,25,23
900,4,SOX9,900,1.0,27.085102938331026,0.28977770223963545,1.882242298389022e-09,5.120768432761541,6.135851334090959,0.9565217391304348,0.88,25,23
879,4,SOX9,879,1.0,27.085102938331026,0.2501203466355157,2.522967947386854e-07,10.342595350676728,17.933606138849477,0.9565217391304348,0.88,25,23
9070,4,OSR1,9070,-1.0,16.720486957303823,-0.23043347196555464,2.1544576868716336e-06,9.549999241908413,16.633578075683527,0.9411764705882353,0.9411764705882353,17,17
9072,4,OSR1,9072,-1.0,16.720486957303823,-0.32550769453220824,1.1303954661887883e-11,20.67987103006907,54.90704589466753,0.9411764705882353,0.9411764705882353,17,17
9068,4,OSR1,9068,-1.0,16.720486957303823,-0.25095154805980424,2.2951395758448368e-07,5.270501473472908,6.4084159148578825,0.9411764705882353,0.9411764705882353,17,17
9080,4,OSR1,9080,-1.0,16.720486957303823,0.15745939860082506,0.0013080357034669656,-7.945007188067697,12.92423043345622,0.9411764705882353,0.9411764705882353,17,17
9074,4,OSR1,9074,-1.0,16.720486957303823,0.2885074776419078,2.229447528890536e-09,-17.054229505833906,41.56553376708798,0.9411764705882353,0.9411764705882353,17,17
9076,4,OSR1,9076,-1.0,16.720486957303823,0.3491036680673637,2.610895821000056e-13,-2.0924394106079447,1.420729369847831,0.9411764705882353,0.9411764705882353,17,17
9075,4,OSR1,9075,-1.0,16.720486957303823,-0.35007743364234917,2.2193836647762742e-13,13.267256555467306,27.25192281082902,0.9411764705882353,0.9411764705882353,17,17
9067,4,OSR1,9067,-1.0,16.720486957303823,-0.3979179376734224,3.692524740817727e-17,14.65384285750389,29.63244478746465,0.9411764705882353,0.9411764705882353,17,17
9069,4,OSR1,9069,-1.0,16.720486957303823,0.29617719218805955,7.919268772672919e-10,-19.473746354499987,51.973896655257064,0.9411764705882353,0.9411764705882353,17,17
9082,4,OSR1,9082,-1.0,16.720486957303823,-0.13289760790715235,0.006770803023059176,6.806385179418003,9.640076165847153,0.9411764705882353,0.9411764705882353,17,17
9077,4,OSR1,9077,-1.0,16.720486957303823,0.22432012500998838,4.040067217804082e-06,-6.390196023530889,9.070221528596804,0.9411764705882353,0.9411764705882353,17,17
9066,4,OSR1,9066,-1.0,16.720486957303823,-0.48634829876406355,5.735324716716095e-26,10.457223227620066,20.010999612606685,0.9411764705882353,0.9411764705882353,17,17
9071,4,OSR1,9071,-1.0,16.720486957303823,0.44661585599160514,1.0875435110771614e-21,-17.824412682617176,42.79497768989791,0.9411764705882353,0.9411764705882353,17,17
9079,4,OSR1,9079,-1.0,16.720486957303823,-0.16206017881400325,0.0009350647745333983,4.457277072821865,4.827592528894333,0.9411764705882353,0.9411764705882353,17,17
9073,4,OSR1,9073,-1.0,16.720486957303823,-0.19083987280842502,9.335463229131433e-05,20.308300269995925,47.72852851235286,0.9411764705882353,0.9411764705882353,17,17
9078,4,OSR1,9078,-1.0,16.720486957303823,-0.33769143317136324,1.6813909459971829e-12,4.466506864678266,4.870310123684259,0.9411764705882353,0.9411764705882353,17,17
6737,4,STAT5A,6737,1.0,15.680516625377322,0.48827587431524183,3.439192736509648e-26,12.534153958246549,23.965516268122293,1.0,0.84,25,21
6752,4,STAT5A,6752,1.0,15.680516625377322,0.26505998729098945,4.3726354732490036e-08,10.165532764765295,18.994051836752654,1.0,0.84,25,21
6743,4,STAT5A,6743,1.0,15.680516625377322,0.3310939092722084,4.768142474441377e-12,16.705022757347255,38.02334114525348,1.0,0.84,25,21
6742,4,STAT5A,6742,1.0,15.680516625377322,0.30244612516811115,3.320851599443117e-10,3.49093513181924,3.2046736455583833,1.0,0.84,25,21
6757,4,STAT5A,6757,1.0,15.680516625377322,-0.26601667222633035,3.893759660050462e-08,-3.4013926603349636,3.073895439180074,1.0,0.84,25,21
6741,4,STAT5A,6741,1.0,15.680516625377322,0.29946293226384857,5.034911604127244e-10,2.658134516195948,2.056254065490272,1.0,0.84,25,21
6740,4,STAT5A,6740,1.0,15.680516625377322,0.40994879613199614,3.2780679540589597e-18,10.03931122245695,17.755053196997228,1.0,0.84,25,21
6753,4,STAT5A,6753,1.0,15.680516625377322,0.24269754034561236,5.788136987897231e-07,10.826429479698769,21.48450951479461,1.0,0.84,25,21
6736,4,STAT5A,6736,1.0,15.680516625377322,0.5252759220902983,9.723048438712175e-31,10.850874403087783,19.332256374503533,1.0,0.84,25,21
6758,4,STAT5A,6758,1.0,15.680516625377322,0.31631628102049214,4.503234953323153e-11,3.6431113718421844,3.425932974920431,1.0,0.84,25,21
6747,4,STAT5A,6747,1.0,15.680516625377322,0.36724533675284365,1.152486683779115e-14,8.476520752865563,13.89872268654117,1.0,0.84,25,21
6744,4,STAT5A,6744,1.0,15.680516625377322,0.35261534610914447,1.4494072151538484e-13,5.8383694958060275,7.640140499768402,1.0,0.84,25,21
6754,4,STAT5A,6754,1.0,15.680516625377322,0.25713609253309694,1.1230377470799194e-07,14.518932575276272,33.197433205682145,1.0,0.84,25,21
6738,4,STAT5A,6738,1.0,15.680516625377322,0.30653482442243973,1.8627915747985032e-10,20.730434201483156,52.01078040935264,1.0,0.84,25,21
6735,4,STAT5A,6735,1.0,15.680516625377322,0.32266030116888234,1.743328031182015e-11,8.5053230131327,14.148967350865236,1.0,0.84,25,21
6745,4,STAT5A,6745,1.0,15.680516625377322,0.4848413128247277,8.535313727956124e-26,13.658317366359071,26.112626650758823,1.0,0.84,25,21
6759,4,STAT5A,6759,1.0,15.680516625377322,0.23992506503538105,7.839511985780335e-07,5.120793580152122,6.067189623501598,1.0,0.84,25,21
6746,4,STAT5A,6746,1.0,15.680516625377322,0.63541323944055,3.3719958347872546e-48,4.83021494705753,5.399306556979167,1.0,0.84,25,21
6756,4,STAT5A,6756,1.0,15.680516625377322,0.2826244656486775,4.8302208468173136e-09,6.568199894661827,9.244058026205561,1.0,0.84,25,21
6749,4,STAT5A,6749,1.0,15.680516625377322,0.34749132333101224,3.412566263857789e-13,8.86452756252856,14.817403500867986,1.0,0.84,25,21
6739,4,STAT5A,6739,1.0,15.680516625377322,0.30335833279427854,2.9212529689161563e-10,24.172782581667487,62.255628243840974,1.0,0.84,25,21
8994,4,NKX1-2,8994,1.0,1.6691193159251665,0.37638733568529786,2.2156733362219986e-15,11.140056063078884,21.600995322323172,1.0,1.0,6,6
8995,4,NKX1-2,8995,1.0,1.6691193159251665,-0.16306395086835188,0.0008680088714252902,-14.831115139057781,33.33621615268888,1.0,1.0,6,6
8996,4,NKX1-2,8996,1.0,1.6691193159251665,0.35002843954359597,2.2376297925048214e-13,9.309561448947289,17.254965951835164,1.0,1.0,6,6
8997,4,NKX1-2,8997,1.0,1.6691193159251665,0.1925720373456889,8.0339726509537e-05,11.449991136015658,24.447351875628904,1.0,1.0,6,6
8993,4,NKX1-2,8993,1.0,1.6691193159251665,0.15102660339147675,0.0020607245418649356,2.532741450570038,1.9151993579311997,1.0,1.0,6,6
8992,4,NKX1-2,8992,1.0,1.6691193159251665,0.33917999793464115,1.3244345519222402e-12,15.403746216707894,33.286071252999214,1.0,1.0,6,6
5192,4,HOXB8,5192,-1.0,38.77101688381293,0.19368743528699495,7.288503196070745e-05,-3.998222200071366,4.029511537882841,1.0,1.0,25,25
5181,4,HOXB8,5181,-1.0,38.77101688381293,-0.2361456775623391,1.1784950372082893e-06,7.580424542676134,11.364066155406983,1.0,1.0,25,25
5182,4,HOXB8,5182,-1.0,38.77101688381293,0.22844501492653427,2.6483971484838567e-06,-15.058166722100209,35.32988496029064,1.0,1.0,25,25
5180,4,HOXB8,5180,-1.0,38.77101688381293,0.3099934002776027,1.1342698561326394e-10,-16.426380076975725,38.64499998765139,1.0,1.0,25,25
5195,4,HOXB8,5195,-1.0,38.77101688381293,-0.2745502274388638,1.3558705632139083e-08,17.13233785955198,39.65651326120912,1.0,1.0,25,25
5190,4,HOXB8,5190,-1.0,38.77101688381293,0.24892537832137057,2.8890001123188484e-07,-8.29780820912448,14.052065355510917,1.0,1.0,25,25
5186,4,HOXB8,5186,-1.0,38.77101688381293,0.24614664574711104,3.9482316626060544e-07,-11.409038579749945,24.785378060127368,1.0,1.0,25,25
5173,4,HOXB8,5173,-1.0,38.77101688381293,-0.22409503262021666,4.133310245759588e-06,10.562274355019897,18.5998477225448,1.0,1.0,25,25
5189,4,HOXB8,5189,-1.0,38.77101688381293,-0.18594652322311672,0.0001416609928250065,9.064203439930768,15.36586535934947,1.0,1.0,25,25
5185,4,HOXB8,5185,-1.0,38.77101688381293,0.44997685235097673,4.964309055301217e-22,-9.371988370166791,16.74933197506751,1.0,1.0,25,25
5194,4,HOXB8,5194,-1.0,38.77101688381293,-0.07457280432393856,0.12980929991316006,5.77605668098757,7.368698666910127,1.0,1.0,25,25
5174,4,HOXB8,5174,-1.0,38.77101688381293,-0.34697027926423035,3.7197973362242997e-13,13.46314008200741,29.67128401996794,1.0,1.0,25,25
5188,4,HOXB8,5188,-1.0,38.77101688381293,-0.20403458237624678,2.8765953336593157e-05,13.161123574683796,27.73401339162912,1.0,1.0,25,25
5197,4,HOXB8,5197,-1.0,38.77101688381293,0.31905053628557817,2.999709364500721e-11,-7.719483033917455,11.811759072249368,1.0,1.0,25,25
5187,4,HOXB8,5187,-1.0,38.77101688381293,-0.323290424568048,1.5845717892015884e-11,14.609411006129058,29.60801438556014,1.0,1.0,25,25
5184,4,HOXB8,5184,-1.0,38.77101688381293,-0.2541958549008118,1.581184619605562e-07,12.07547101789741,22.662887719198437,1.0,1.0,25,25
5179,4,HOXB8,5179,-1.0,38.77101688381293,0.16035532803918062,0.0010600097765099562,-9.794219045594543,17.653917964265393,1.0,1.0,25,25
5191,4,HOXB8,5191,-1.0,38.77101688381293,-0.3225096194864731,1.7835320300120335e-11,6.393694301266362,8.705335016354919,1.0,1.0,25,25
5175,4,HOXB8,5175,-1.0,38.77101688381293,-0.2982064060008854,5.99107299524231e-10,12.145064063735404,22.313326355711425,1.0,1.0,25,25
5176,4,HOXB8,5176,-1.0,38.77101688381293,-0.29698471747818733,7.088833781773344e-10,23.038399835594287,58.96519804840251,1.0,1.0,25,25
5196,4,HOXB8,5196,-1.0,38.77101688381293,0.2341578969842947,1.456337565827298e-06,-11.46366616217947,21.728118235621636,1.0,1.0,25,25
5183,4,HOXB8,5183,-1.0,38.77101688381293,-0.27168152555479314,1.9409312506310638e-08,6.302291462123517,8.349736096082784,1.0,1.0,25,25
5193,4,HOXB8,5193,-1.0,38.77101688381293,-0.1920287529737859,8.422547919442592e-05,7.03585877693835,10.795479507747363,1.0,1.0,25,25
5178,4,HOXB8,5178,-1.0,38.77101688381293,-0.3200743599727893,2.5736414119773453e-11,19.263278607905427,45.738144935913915,1.0,1.0,25,25
5177,4,HOXB8,5177,-1.0,38.77101688381293,-0.2637598292950727,5.115470332539422e-08,5.768331374757422,7.539574509417611,1.0,1.0,25,25
6607,4,BACH2,6607,1.0,4.327692064681621,0.6532767135496403,9.849543751575199e-52,13.022557125219452,25.26630606789981,0.9565217391304348,0.9166666666666666,24,23
6587,4,BACH2,6587,1.0,4.327692064681621,0.5761180525872307,5.589393750035903e-38,11.194074786465844,19.996593222518385,0.9565217391304348,0.9166666666666666,24,23
6596,4,BACH2,6596,1.0,4.327692064681621,0.5397212388875431,1.1348224308160055e-32,6.11288381496591,8.125397790440442,0.9565217391304348,0.9166666666666666,24,23
6593,4,BACH2,6593,1.0,4.327692064681621,-0.43466279054527407,1.650092203189772e-20,-27.143615801797047,88.37310741149604,0.9565217391304348,0.9166666666666666,24,23
6586,4,BACH2,6586,1.0,4.327692064681621,0.7182362463856902,6.924520486599763e-67,8.118271521769275,13.0478922021493,0.9565217391304348,0.9166666666666666,24,23
6598,4,BACH2,6598,1.0,4.327692064681621,0.5229791679614554,1.9348609772569408e-30,4.525771523404668,4.867263445351071,0.9565217391304348,0.9166666666666666,24,23
6600,4,BACH2,6600,1.0,4.327692064681621,0.47969801090877884,3.2666666358732517e-25,12.506087424721384,23.791660995150743,0.9565217391304348,0.9166666666666666,24,23
6608,4,BACH2,6608,1.0,4.327692064681621,0.4401725651949836,4.774174319722058e-21,5.927240331123062,7.499875754022931,0.9565217391304348,0.9166666666666666,24,23
6588,4,BACH2,6588,1.0,4.327692064681621,0.46866780734898755,5.38755354235671e-24,16.12384025531757,34.95666876440778,0.9565217391304348,0.9166666666666666,24,23
6602,4,BACH2,6602,1.0,4.327692064681621,0.3921889896674814,1.1305578391786233e-16,5.2572227048921745,6.294254746115516,0.9565217391304348,0.9166666666666666,24,23
6591,4,BACH2,6591,1.0,4.327692064681621,0.6351299714068401,3.8200069088455765e-48,2.7689147126029874,2.1960349095458187,0.9565217391304348,0.9166666666666666,24,23
6590,4,BACH2,6590,1.0,4.327692064681621,0.44663479689893376,1.082774025336405e-21,12.822992702471199,25.017214262076063,0.9565217391304348,0.9166666666666666,24,23
6595,4,BACH2,6595,1.0,4.327692064681621,-0.42647456866100053,9.999546928093644e-20,-21.713568922371287,60.48128940287659,0.9565217391304348,0.9166666666666666,24,23
6609,4,BACH2,6609,1.0,4.327692064681621,-0.4027639349904091,1.4087221526194457e-17,-7.059278193279018,10.058721179737075,0.9565217391304348,0.9166666666666666,24,23
6589,4,BACH2,6589,1.0,4.327692064681621,-0.3182394595753263,3.3853713477632415e-11,-19.31815692112013,49.26033204960337,0.9565217391304348,0.9166666666666666,24,23
6605,4,BACH2,6605,1.0,4.327692064681621,0.36449450819384505,1.8737270154177168e-14,14.280637376932455,31.237648981389167,0.9565217391304348,0.9166666666666666,24,23
6601,4,BACH2,6601,1.0,4.327692064681621,0.2739708386128999,1.4582402825653148e-08,4.36684122443397,4.6319031650401845,0.9565217391304348,0.9166666666666666,24,23
6592,4,BACH2,6592,1.0,4.327692064681621,0.5685361088527181,8.085924068897831e-37,23.25450282718242,59.71572422376373,0.9565217391304348,0.9166666666666666,24,23
6603,4,BACH2,6603,1.0,4.327692064681621,0.4186548488934156,5.340636806987481e-19,9.755531480092737,18.046978215462577,0.9565217391304348,0.9166666666666666,24,23
6599,4,BACH2,6599,1.0,4.327692064681621,0.40987421630938964,3.328661574988223e-18,14.557251586337287,31.4033721227076,0.9565217391304348,0.9166666666666666,24,23
6604,4,BACH2,6604,1.0,4.327692064681621,-0.27805226591173626,8.701097798908149e-09,-13.49351667834496,28.68729440197137,0.9565217391304348,0.9166666666666666,24,23
6597,4,BACH2,6597,1.0,4.327692064681621,-0.3230741261709646,1.6374081792200347e-11,-6.5500990001803165,9.211589523636249,0.9565217391304348,0.9166666666666666,24,23
3387,4,SOX2,3387,1.0,9.985286246371665,0.24313701287537517,5.514525573582434e-07,6.031663229603663,8.189164155441908,0.5,0.4,25,20
3366,4,SOX2,3366,1.0,9.985286246371665,0.19501933345130038,6.483727223954284e-05,4.814758679753997,5.573278706758568,0.5,0.4,25,20
3372,4,SOX2,3372,1.0,9.985286246371665,0.22459342331915458,3.9295538361321035e-06,7.223250566074343,10.882473908347244,0.5,0.4,25,20
3388,4,SOX2,3388,1.0,9.985286246371665,0.14782368807475485,0.0025676342563961604,5.127023109129664,6.157600181074541,0.5,0.4,25,20
3370,4,SOX2,3370,1.0,9.985286246371665,0.2945570691971214,9.879992787188025e-10,6.877875983955794,10.058515050773153,0.5,0.4,25,20
3385,4,SOX2,3385,1.0,9.985286246371665,0.19286400276187685,7.832187477619398e-05,4.126576793732174,4.25670358454299,0.5,0.4,25,20
3369,4,SOX2,3369,1.0,9.985286246371665,0.23031833813205582,2.180471704933762e-06,7.209028455919546,11.054095051466494,0.5,0.4,25,20
3379,4,SOX2,3379,1.0,9.985286246371665,0.11779788270049003,0.016487578542961567,3.869382334032976,3.8172990789289774,0.5,0.4,25,20
3368,4,SOX2,3368,1.0,9.985286246371665,0.20152701322916663,3.6193557865118125e-05,5.9444614382054874,7.959260026839325,0.5,0.4,25,20
3380,4,SOX2,3380,1.0,9.985286246371665,0.23847416222580553,9.174925402445638e-07,3.4554604232606363,3.1622131960236826,0.5,0.4,25,20
7961,4,SOX7,7961,-1.0,2.1293599115747144,-0.20731305049654355,2.121333954671583e-05,3.8083462737136236,3.7157597255675157,0.043478260869565216,0.04,25,23
2323,4,IKZF2,2323,-1.0,39.072175188055084,0.5628531601931467,5.727642989300639e-36,-10.637357670521325,20.588298748565254,1.0,1.0,25,25
2332,4,IKZF2,2332,-1.0,39.072175188055084,-0.35187360664893497,1.6422667396336195e-13,3.102403914894817,2.650254251746956,1.0,1.0,25,25
2320,4,IKZF2,2320,-1.0,39.072175188055084,-0.36821149214184884,9.705587194477331e-15,8.034444463954506,12.873744979981426,1.0,1.0,25,25
2325,4,IKZF2,2325,-1.0,39.072175188055084,-0.5379793518742831,1.9632383415095374e-32,22.30448862720408,60.3632571920286,1.0,1.0,25,25
2340,4,IKZF2,2340,-1.0,39.072175188055084,0.5680030576036117,9.731571677396696e-37,-8.831089524200777,14.993084481794405,1.0,1.0,25,25
2334,4,IKZF2,2334,-1.0,39.072175188055084,0.2489005183805017,2.897132652833193e-07,-3.059629333146046,2.6020844867364885,1.0,1.0,25,25
2341,4,IKZF2,2341,-1.0,39.072175188055084,0.45072806226485057,4.1611813400705725e-22,-8.477407910375783,13.916160551933231,1.0,1.0,25,25
2336,4,IKZF2,2336,-1.0,39.072175188055084,0.4003518442651542,2.280285993452665e-17,-7.472567495414502,11.666810043309695,1.0,1.0,25,25
2319,4,IKZF2,2319,-1.0,39.072175188055084,0.36248930874566804,2.6625187825398984e-14,-2.7024152980620464,2.1268947047918996,1.0,1.0,25,25
2328,4,IKZF2,2328,-1.0,39.072175188055084,-0.3423508963742115,7.932386369679878e-13,12.154377503253265,23.300938043266125,1.0,1.0,25,25
2342,4,IKZF2,2342,-1.0,39.072175188055084,0.35364238298599177,1.2185238541261747e-13,-8.456263230409245,14.192927556541395,1.0,1.0,25,25
2331,4,IKZF2,2331,-1.0,39.072175188055084,0.7677362783061925,1.1707182709856974e-81,-17.017382704988986,42.326897917196746,1.0,1.0,25,25
2335,4,IKZF2,2335,-1.0,39.072175188055084,0.5448833125955767,2.1941865647415195e-33,-14.78156963657711,35.61430683688553,1.0,1.0,25,25
2324,4,IKZF2,2324,-1.0,39.072175188055084,0.40883314286728983,4.120481982599472e-18,-11.23432924440206,23.62036732929985,1.0,1.0,25,25
2343,4,IKZF2,2343,-1.0,39.072175188055084,-0.3752554802851791,2.7252253597403866e-15,14.411758603518,33.18190241243598,1.0,1.0,25,25
2326,4,IKZF2,2326,-1.0,39.072175188055084,-0.17523273428486028,0.00034040569107385423,2.67297274081862,2.09133801907424,1.0,1.0,25,25
2322,4,IKZF2,2322,-1.0,39.072175188055084,-0.4527158428428949,2.60312307333663e-22,16.58465607474367,38.383533683752475,1.0,1.0,25,25
2338,4,IKZF2,2338,-1.0,39.072175188055084,0.687348869105224,3.487017687196471e-59,-27.454253091270434,90.2685942224377,1.0,1.0,25,25
2333,4,IKZF2,2333,-1.0,39.072175188055084,-0.6124549994905404,5.523700114564413e-44,23.5447897733364,58.62486019254562,1.0,1.0,25,25
2329,4,IKZF2,2329,-1.0,39.072175188055084,-0.32561322244446783,1.1122936269058529e-11,6.168710606883349,8.314522327453883,1.0,1.0,25,25
2330,4,IKZF2,2330,-1.0,39.072175188055084,0.5839098683395547,3.33396293033205e-39,-16.330966511048718,41.715034412658234,1.0,1.0,25,25
2339,4,IKZF2,2339,-1.0,39.072175188055084,0.542133329612798,5.284374846123818e-33,-13.580376965612258,29.606473088578444,1.0,1.0,25,25
2321,4,IKZF2,2321,-1.0,39.072175188055084,-0.3966196399451898,4.7674180221304153e-17,11.026826798986852,19.761976507489752,1.0,1.0,25,25
2337,4,IKZF2,2337,-1.0,39.072175188055084,-0.3119928498074835,8.489382206332313e-11,3.8495263792383714,3.7719112628775195,1.0,1.0,25,25
2327,4,IKZF2,2327,-1.0,39.072175188055084,-0.3896794885616791,1.8331757862195546e-16,9.167341856949852,15.410373078402028,1.0,1.0,25,25
8588,4,ARID3A,8588,-1.0,11.889111045764594,-0.21641601673564456,8.877022291884726e-06,4.953208443599503,5.783412291466142,0.5263157894736842,0.4,25,19
8587,4,ARID3A,8587,-1.0,11.889111045764594,0.18782015101145716,0.00012090406528528765,-4.970585515794489,5.832263711705944,0.5263157894736842,0.4,25,19
8581,4,ARID3A,8581,-1.0,11.889111045764594,-0.17368397688025503,0.0003848207141840182,8.857234363791198,14.585699056015052,0.5263157894736842,0.4,25,19
8598,4,ARID3A,8598,-1.0,11.889111045764594,0.20837949122524418,1.9192425143545543e-05,-5.075498445536798,6.028993839223844,0.5263157894736842,0.4,25,19
8602,4,ARID3A,8602,-1.0,11.889111045764594,0.18581106191266805,0.00014328453395026977,-8.230269566699343,13.307532206459395,0.5263157894736842,0.4,25,19
8589,4,ARID3A,8589,-1.0,11.889111045764594,-0.1781349209872441,0.00026976549380560306,3.6140477051726614,3.389284333390419,0.5263157894736842,0.4,25,19
8590,4,ARID3A,8590,-1.0,11.889111045764594,0.3515051045322463,1.747206389375189e-13,-7.450328835255872,11.324908199094855,0.5263157894736842,0.4,25,19
8580,4,ARID3A,8580,-1.0,11.889111045764594,0.28099030504584926,5.96841133994748e-09,-13.937018873258042,33.294752550949454,0.5263157894736842,0.4,25,19
8596,4,ARID3A,8596,-1.0,11.889111045764594,0.23170471125474637,1.8862759746635761e-06,-11.639860001022399,22.04306085721829,0.5263157894736842,0.4,25,19
8601,4,ARID3A,8601,-1.0,11.889111045764594,0.19105245067014032,9.165675503661899e-05,-3.002370812296571,2.508271751897297,0.5263157894736842,0.4,25,19
4830,4,FLI1,4830,1.0,17.409317818122496,-0.2896819830115282,1.906463850023772e-09,-13.655930905611468,30.218600505427805,1.0,1.0,25,25
4834,4,FLI1,4834,1.0,17.409317818122496,-0.32141087774616733,2.1053129682842637e-11,-4.551079151120398,4.987291141672371,1.0,1.0,25,25
4838,4,FLI1,4838,1.0,17.409317818122496,-0.23862609084617237,9.025465418491374e-07,-8.991501313226589,15.829924339748732,1.0,1.0,25,25
4837,4,FLI1,4837,1.0,17.409317818122496,0.46946552395496294,4.413974703554002e-24,6.750729632808212,9.39050396327219,1.0,1.0,25,25
4840,4,FLI1,4840,1.0,17.409317818122496,-0.22289651288594742,4.665407117632282e-06,-2.845797664267385,2.3111825490863898,1.0,1.0,25,25
4831,4,FLI1,4831,1.0,17.409317818122496,-0.3019071548854646,3.5814325091805986e-10,-3.6126703303826306,3.4011996052086406,1.0,1.0,25,25
4832,4,FLI1,4832,1.0,17.409317818122496,-0.28067845653590257,6.213364817957455e-09,-17.675914778951213,50.00119913637199,1.0,1.0,25,25
4829,4,FLI1,4829,1.0,17.409317818122496,0.8697797400783258,1.8496826407015326e-128,9.151742575363738,15.378640812067099,1.0,1.0,25,25
4824,4,FLI1,4824,1.0,17.409317818122496,0.6835953562645148,2.5896322151798276e-58,18.928772851743847,46.139156851686174,1.0,1.0,25,25
4825,4,FLI1,4825,1.0,17.409317818122496,0.39855550214332436,3.2557771655473784e-17,5.392761983915851,6.6599721891378465,1.0,1.0,25,25
4820,4,FLI1,4820,1.0,17.409317818122496,-0.2738306420756191,1.484113009085138e-08,-9.630752786086404,17.44943522366977,1.0,1.0,25,25
4819,4,FLI1,4819,1.0,17.409317818122496,0.7111712879521034,4.915947877465102e-65,8.876234872539596,15.00693747298023,1.0,1.0,25,25
4821,4,FLI1,4821,1.0,17.409317818122496,-0.3774120378767412,1.835761842933735e-15,-8.165639874226866,13.54650645007733,1.0,1.0,25,25
4823,4,FLI1,4823,1.0,17.409317818122496,-0.19558659947718024,6.167076043654854e-05,-16.48359125844304,41.401094146899794,1.0,1.0,25,25
4828,4,FLI1,4828,1.0,17.409317818122496,0.5146487201569728,2.2474049113628343e-29,23.278432932259406,58.89107207181835,1.0,1.0,25,25
4827,4,FLI1,4827,1.0,17.409317818122496,-0.3370097296227758,1.8747589067595065e-12,-10.4400085154559,20.50845926108653,1.0,1.0,25,25
4818,4,FLI1,4818,1.0,17.409317818122496,0.8108197396386261,6.973851650249843e-98,11.039629719279127,19.772951610659852,1.0,1.0,25,25
4841,4,FLI1,4841,1.0,17.409317818122496,-0.48248604482145874,1.5825730478645062e-25,-14.867126619690742,31.672475402748418,1.0,1.0,25,25
4836,4,FLI1,4836,1.0,17.409317818122496,-0.3738369416184583,3.5283664309766047e-15,-7.6463924442602895,11.58485759606413,1.0,1.0,25,25
4835,4,FLI1,4835,1.0,17.409317818122496,0.35543517368769745,8.987420960707674e-14,10.603250737908086,20.65864628838759,1.0,1.0,25,25
4822,4,FLI1,4822,1.0,17.409317818122496,0.2974320272985827,6.665929244698885e-10,16.102680686193313,35.374339295631515,1.0,1.0,25,25
4839,4,FLI1,4839,1.0,17.409317818122496,-0.38145050990360013,8.690570167879736e-16,-8.214534781411775,13.612200500039377,1.0,1.0,25,25
4833,4,FLI1,4833,1.0,17.409317818122496,-0.29614167798681834,7.957881895709015e-10,-5.9270442298208845,7.912383425677487,1.0,1.0,25,25
4842,4,FLI1,4842,1.0,17.409317818122496,-0.2743474582613008,1.390879524518889e-08,-3.9547662464625906,3.9576742539591088,1.0,1.0,25,25
4826,4,FLI1,4826,1.0,17.409317818122496,0.2042128298434289,2.8297063182343743e-05,13.454303932825,28.2015660356394,1.0,1.0,25,25
7560,4,MIXL1,7560,1.0,3.4165482924218704,0.36486041054713697,1.7569012176145413e-14,8.687032262222388,14.668253322421409,1.0,0.8333333333333334,6,5
7564,4,MIXL1,7564,1.0,3.4165482924218704,-0.22478599465008667,3.853424109425555e-06,-12.516682818494642,25.52548091665896,1.0,0.8333333333333334,6,5
7562,4,MIXL1,7562,1.0,3.4165482924218704,0.38987943138953385,1.7641896407888183e-16,9.832931805535061,17.38358897178828,1.0,0.8333333333333334,6,5
7565,4,MIXL1,7565,1.0,3.4165482924218704,-0.19938677020287063,4.3934438249247225e-05,-12.300720375109938,27.93457278314696,1.0,0.8333333333333334,6,5
7561,4,MIXL1,7561,1.0,3.4165482924218704,-0.22354695034007502,4.36901929989068e-06,-13.283087792585787,29.469299704392313,1.0,0.8333333333333334,6,5
2745,4,NFIX,2745,1.0,13.778663431268864,0.5642131849854413,3.5974308715931394e-36,9.902106094249158,17.489477493789984,0.9523809523809523,0.8333333333333334,24,21
2742,4,NFIX,2742,1.0,13.778663431268864,0.5860364925329278,1.524117566797512e-39,7.070447327230505,10.453274856230326,0.9523809523809523,0.8333333333333334,24,21
2743,4,NFIX,2743,1.0,13.778663431268864,0.4291756773382614,5.548938871377364e-20,13.151327150339082,25.06583936065473,0.9523809523809523,0.8333333333333334,24,21
2741,4,NFIX,2741,1.0,13.778663431268864,0.5057989194381485,2.8275387660234856e-28,10.608557239128547,18.556832126455518,0.9523809523809523,0.8333333333333334,24,21
2760,4,NFIX,2760,1.0,13.778663431268864,0.3981758384205313,3.509325180339467e-17,5.529695995874042,6.725078556249238,0.9523809523809523,0.8333333333333334,24,21
2749,4,NFIX,2749,1.0,13.778663431268864,0.22421087656236063,4.085068974211322e-06,2.817751321865111,2.253875582657543,0.9523809523809523,0.8333333333333334,24,21
2751,4,NFIX,2751,1.0,13.778663431268864,0.5155884935679131,1.710009754003183e-29,22.49963909833168,57.06085086565951,0.9523809523809523,0.8333333333333334,24,21
2755,4,NFIX,2755,1.0,13.778663431268864,0.11662703028135281,0.01759938341090306,7.19658592987457,10.67497833371173,0.9523809523809523,0.8333333333333334,24,21
2756,4,NFIX,2756,1.0,13.778663431268864,0.5583754958776046,2.608688745771926e-35,10.726886876216629,19.756526409650743,0.9523809523809523,0.8333333333333334,24,21
2747,4,NFIX,2747,1.0,13.778663431268864,-0.24726804893011356,3.482183295088442e-07,-16.960030034372025,43.18875299654441,0.9523809523809523,0.8333333333333334,24,21
2753,4,NFIX,2753,1.0,13.778663431268864,0.49984318788999565,1.4914895397530111e-27,12.791742674911644,26.745349356619897,0.9523809523809523,0.8333333333333334,24,21
2748,4,NFIX,2748,1.0,13.778663431268864,0.4735477968300194,1.5786348048482326e-24,12.567995574743286,24.59582953767962,0.9523809523809523,0.8333333333333334,24,21
2759,4,NFIX,2759,1.0,13.778663431268864,0.4492477965340677,5.889239963362974e-22,4.6472616411655085,5.208043599091463,0.9523809523809523,0.8333333333333334,24,21
2754,4,NFIX,2754,1.0,13.778663431268864,0.37050165077617564,6.443971251837744e-15,6.307754329689002,8.729168569755041,0.9523809523809523,0.8333333333333334,24,21
2761,4,NFIX,2761,1.0,13.778663431268864,0.4437476614532665,2.1092163777160378e-21,13.756391601768753,31.001120022758993,0.9523809523809523,0.8333333333333334,24,21
2758,4,NFIX,2758,1.0,13.778663431268864,0.2297844076590603,2.305090435743952e-06,7.466253542809397,11.83400414588116,0.9523809523809523,0.8333333333333334,24,21
2740,4,NFIX,2740,1.0,13.778663431268864,0.5601276989207489,1.4452694429861044e-35,7.583627660015877,11.721778430626118,0.9523809523809523,0.8333333333333334,24,21
2750,4,NFIX,2750,1.0,13.778663431268864,0.276271820622843,1.0910720347352126e-08,9.234254726494646,15.600739855548934,0.9523809523809523,0.8333333333333334,24,21
2762,4,NFIX,2762,1.0,13.778663431268864,0.16374355195283719,0.0008251617662722542,6.369163676888346,8.854808480539829,0.9523809523809523,0.8333333333333334,24,21
2744,4,NFIX,2744,1.0,13.778663431268864,0.5916140823954836,1.9029174003224216e-40,23.67153394166378,62.658089998894006,0.9523809523809523,0.8333333333333334,24,21
8956,4,DLX1,8956,1.0,9.270392026550242,0.28669028392426205,2.8362459045613e-09,11.130899655845152,22.685705325735338,1.0,0.9583333333333334,24,23
8946,4,DLX1,8946,1.0,9.270392026550242,0.18608604856284275,0.00014000680130958675,5.741121922787379,7.453430893842162,1.0,0.9583333333333334,24,23
8940,4,DLX1,8940,1.0,9.270392026550242,0.26185948347187893,6.424332385712981e-08,5.172558468091522,6.225364642134115,1.0,0.9583333333333334,24,23
8939,4,DLX1,8939,1.0,9.270392026550242,0.3395779440313792,1.2423102003569869e-12,15.347183353765036,31.006302889961336,1.0,0.9583333333333334,24,23
8957,4,DLX1,8957,1.0,9.270392026550242,0.16691868027041196,0.0006496840972331151,14.3668695055454,29.153950768538998,1.0,0.9583333333333334,24,23
8941,4,DLX1,8941,1.0,9.270392026550242,0.34893178150517323,2.686697530336928e-13,21.918493932375615,56.86964405046839,1.0,0.9583333333333334,24,23
8954,4,DLX1,8954,1.0,9.270392026550242,-0.25711628395918423,1.1256452961943775e-07,-11.091057522625652,21.62921484235828,1.0,0.9583333333333334,24,23
8953,4,DLX1,8953,1.0,9.270392026550242,0.2224266939580409,4.891325393494566e-06,15.691977285256725,37.29512584182855,1.0,0.9583333333333334,24,23
8949,4,DLX1,8949,1.0,9.270392026550242,0.19652288092082446,5.6761343999622015e-05,16.35915091798085,38.76902068248824,1.0,0.9583333333333334,24,23
8961,4,DLX1,8961,1.0,9.270392026550242,-0.2501249521978342,2.5216475820741413e-07,-14.11576839494367,29.753369551969474,1.0,0.9583333333333334,24,23
8944,4,DLX1,8944,1.0,9.270392026550242,-0.29106506891417605,1.5841211079028075e-09,-25.83824343038562,84.66774203794299,1.0,0.9583333333333334,24,23
8948,4,DLX1,8948,1.0,9.270392026550242,0.3205873808715802,2.3829524222628395e-11,16.039671147115484,36.35481622617675,1.0,0.9583333333333334,24,23
8951,4,DLX1,8951,1.0,9.270392026550242,-0.06658142911884236,0.1763316909131049,-3.897381969763345,3.839842779393551,1.0,0.9583333333333334,24,23
8960,4,DLX1,8960,1.0,9.270392026550242,0.272303506469226,1.7963266456125034e-08,2.6235067646685697,2.0215959570245627,1.0,0.9583333333333334,24,23
8938,4,DLX1,8938,1.0,9.270392026550242,0.30658534492047207,1.8494277940141014e-10,11.163962496732989,22.457578473474996,1.0,0.9583333333333334,24,23
8947,4,DLX1,8947,1.0,9.270392026550242,-0.23092822917764108,2.046010965083198e-06,-4.078827107368891,4.095928346072981,1.0,0.9583333333333334,24,23
8952,4,DLX1,8952,1.0,9.270392026550242,-0.040534395464618435,0.4107369811912863,-2.2099706193249586,1.535884056531061,1.0,0.9583333333333334,24,23
8942,4,DLX1,8942,1.0,9.270392026550242,-0.17030767090120721,0.0005009854408122208,-15.236751762539841,36.094926747344395,1.0,0.9583333333333334,24,23
8950,4,DLX1,8950,1.0,9.270392026550242,0.27347481932397233,1.551789200544265e-08,8.38189333726948,13.516041747039635,1.0,0.9583333333333334,24,23
8945,4,DLX1,8945,1.0,9.270392026550242,0.3322297027702332,3.99198129064478e-12,22.017492835915384,52.355390819528665,1.0,0.9583333333333334,24,23
8943,4,DLX1,8943,1.0,9.270392026550242,-0.299965726916435,4.69541001863752e-10,-15.801045781749577,36.721118304101765,1.0,0.9583333333333334,24,23
8955,4,DLX1,8955,1.0,9.270392026550242,0.227095702991636,3.0433831279306163e-06,10.429312248536542,19.017275877626172,1.0,0.9583333333333334,24,23
8959,4,DLX1,8959,1.0,9.270392026550242,0.1904369775492151,9.665409274999319e-05,2.789961659441014,2.230167875999346,1.0,0.9583333333333334,24,23
906,4,ESR2,906,-1.0,29.459104569258074,-0.30167749638410474,3.6984151620003115e-10,20.08656256037926,50.419028064513974,1.0,1.0,21,21
905,4,ESR2,905,-1.0,29.459104569258074,0.4689020319619356,5.081582613105124e-24,-19.01190055836508,48.325773037518914,1.0,1.0,21,21
917,4,ESR2,917,-1.0,29.459104569258074,-0.19686375779991216,5.506736975538538e-05,3.5062194652296945,3.2133202192215373,1.0,1.0,21,21
911,4,ESR2,911,-1.0,29.459104569258074,-0.1725471842100479,0.00042079328643825114,13.205539422090569,26.151508550241275,1.0,1.0,21,21
922,4,ESR2,922,-1.0,29.459104569258074,-0.297848219914081,6.294534552264757e-10,9.004318167130771,15.907359427890892,1.0,1.0,21,21
919,4,ESR2,919,-1.0,29.459104569258074,-0.3280966798026933,7.593468672300753e-12,15.309936126521164,31.128371260811676,1.0,1.0,21,21
907,4,ESR2,907,-1.0,29.459104569258074,-0.18450819807284724,0.0001598164937693453,13.214886691338284,26.09300416889645,1.0,1.0,21,21
921,4,ESR2,921,-1.0,29.459104569258074,-0.16335627804406383,0.0008493325081489991,3.390236237393248,3.053250118336984,1.0,1.0,21,21
903,4,ESR2,903,-1.0,29.459104569258074,-0.4114331206286352,2.4148250221029664e-18,12.5053187656418,23.843844189241217,1.0,1.0,21,21
914,4,ESR2,914,-1.0,29.459104569258074,0.5035490102318951,5.319963406850449e-28,-24.87773456766879,79.29298716117518,1.0,1.0,21,21
910,4,ESR2,910,-1.0,29.459104569258074,0.243470566125963,5.315197106708727e-07,-4.896264186405093,5.711177239094103,1.0,1.0,21,21
913,4,ESR2,913,-1.0,29.459104569258074,0.43230989015542115,2.7831460304586514e-20,-5.402084600388183,6.697865731545658,1.0,1.0,21,21
918,4,ESR2,918,-1.0,29.459104569258074,-0.2888747959518885,2.1231177754493734e-09,22.411835552546155,59.371108046194536,1.0,1.0,21,21
920,4,ESR2,920,-1.0,29.459104569258074,0.22933270084232077,2.415811780526106e-06,-4.783782430771556,5.41324691047615,1.0,1.0,21,21
902,4,ESR2,902,-1.0,29.459104569258074,0.14251096395266297,0.003663778405024001,-3.2524994330635395,2.8736967588609637,1.0,1.0,21,21
912,4,ESR2,912,-1.0,29.459104569258074,0.3950445005625196,6.490071466590923e-17,-9.81077033770638,17.37876427856194,1.0,1.0,21,21
916,4,ESR2,916,-1.0,29.459104569258074,-0.29220399864538693,1.359007752377084e-09,12.095792258329375,24.555685298285947,1.0,1.0,21,21
908,4,ESR2,908,-1.0,29.459104569258074,-0.38970231911961994,1.8251664998962623e-16,8.922944272996897,14.6013319033584,1.0,1.0,21,21
915,4,ESR2,915,-1.0,29.459104569258074,0.2792822410813906,7.434812690765622e-09,-5.893770437180384,7.806149559779462,1.0,1.0,21,21
904,4,ESR2,904,-1.0,29.459104569258074,-0.14591677585169607,0.0029209788073101335,3.496710040243176,3.2182867084115716,1.0,1.0,21,21
909,4,ESR2,909,-1.0,29.459104569258074,-0.3100277306721359,1.1286614644431774e-10,16.071921198226796,36.30041366929772,1.0,1.0,21,21
5881,4,ZNF219,5881,-1.0,13.190255588398081,-0.30371415126766677,2.778419483511702e-10,18.647624166128207,43.721536035737934,1.0,0.96,25,24
5876,4,ZNF219,5876,-1.0,13.190255588398081,-0.29381363753783424,1.0930503084403065e-09,10.863951230378436,19.42855465850788,1.0,0.96,25,24
5896,4,ZNF219,5896,-1.0,13.190255588398081,0.4895225918940527,2.4663442910160333e-26,-16.81888594238794,38.69087668509737,1.0,0.96,25,24
5882,4,ZNF219,5882,-1.0,13.190255588398081,-0.3318838465769595,4.214229645101875e-12,9.546943366885404,16.329885035894222,1.0,0.96,25,24
5880,4,ZNF219,5880,-1.0,13.190255588398081,-0.2820728117227305,5.1886471485145815e-09,14.70599110707211,29.67543448824124,1.0,0.96,25,24
5899,4,ZNF219,5899,-1.0,13.190255588398081,0.46288711007838074,2.248656674402728e-23,-5.525437269966617,6.938110744089725,1.0,0.96,25,24
5886,4,ZNF219,5886,-1.0,13.190255588398081,0.41859954820862566,5.403452972109879e-19,-4.6303996253299715,5.156431518251225,1.0,0.96,25,24
5892,4,ZNF219,5892,-1.0,13.190255588398081,0.512442950029405,4.254023546407486e-29,-16.18061510216167,42.230303600921665,1.0,0.96,25,24
5890,4,ZNF219,5890,-1.0,13.190255588398081,0.21872731477547205,7.072764859532195e-06,-3.7219261615548724,3.5904249152865604,1.0,0.96,25,24
5877,4,ZNF219,5877,-1.0,13.190255588398081,-0.41130679154136285,2.4786095456858675e-18,22.81116745487385,62.83663935187425,1.0,0.96,25,24
5883,4,ZNF219,5883,-1.0,13.190255588398081,-0.3626061673792761,2.608732847524248e-14,25.450070106116865,72.04583589472368,1.0,0.96,25,24
5898,4,ZNF219,5898,-1.0,13.190255588398081,-0.21420263642209647,1.1009525054502469e-05,3.5380708826359504,3.284897534611081,1.0,0.96,25,24
5884,4,ZNF219,5884,-1.0,13.190255588398081,0.5649358144230783,2.8073126205625436e-36,-13.784799705181225,32.51377419289323,1.0,0.96,25,24
5888,4,ZNF219,5888,-1.0,13.190255588398081,0.24897103943725213,2.874119979573897e-07,-10.28535438485001,19.2809677568552,1.0,0.96,25,24
5879,4,ZNF219,5879,-1.0,13.190255588398081,0.21357826294122698,1.1694149021616705e-05,-13.79046509196068,33.0516477895288,1.0,0.96,25,24
5894,4,ZNF219,5894,-1.0,13.190255588398081,0.2989767259373318,5.38585115539249e-10,-12.641066623040693,25.866869892650858,1.0,0.96,25,24
5875,4,ZNF219,5875,-1.0,13.190255588398081,-0.275427428209522,1.213999079516527e-08,8.171063610449714,13.202987358706963,1.0,0.96,25,24
5889,4,ZNF219,5889,-1.0,13.190255588398081,-0.3158099499799387,4.852910805675636e-11,19.534039024048237,51.998104654179855,1.0,0.96,25,24
5878,4,ZNF219,5878,-1.0,13.190255588398081,0.33457768329872817,2.7584420211935346e-12,-11.08745516677206,21.457802747578693,1.0,0.96,25,24
5887,4,ZNF219,5887,-1.0,13.190255588398081,0.33739006980654485,1.7643423524895482e-12,-3.3702019451375884,3.023043276967158,1.0,0.96,25,24
5893,4,ZNF219,5893,-1.0,13.190255588398081,0.3552498233802671,9.275588631140302e-14,-2.0786165252682123,1.4096714681479763,1.0,0.96,25,24
5885,4,ZNF219,5885,-1.0,13.190255588398081,0.30332095832535316,2.9366641040429017e-10,-16.315315829673096,38.41728507119899,1.0,0.96,25,24
5895,4,ZNF219,5895,-1.0,13.190255588398081,-0.25144621014852125,2.1690974456646151e-07,10.127170728683911,18.46732149812065,1.0,0.96,25,24
5897,4,ZNF219,5897,-1.0,13.190255588398081,0.4651901214712519,1.2767888248966528e-23,-16.579675515202556,35.63634044120291,1.0,0.96,25,24
5247,4,EMX2,5247,-1.0,87.35738259036837,0.3023335497497801,3.373708454601455e-10,-10.841360154450017,20.987074926721142,1.0,1.0,25,25
5251,4,EMX2,5251,-1.0,87.35738259036837,0.4987701226878369,2.0055919512622996e-27,-11.589185434106389,24.53541724293003,1.0,1.0,25,25
5243,4,EMX2,5243,-1.0,87.35738259036837,-0.4621003343514375,2.7256548283899296e-23,13.070800755955386,28.504005184499473,1.0,1.0,25,25
5252,4,EMX2,5252,-1.0,87.35738259036837,-0.44971843771787934,5.27448020171103e-22,17.019461504737343,38.077557647288906,1.0,1.0,25,25
5253,4,EMX2,5253,-1.0,87.35738259036837,0.688427043206328,1.9492907785164031e-59,-28.301829953961757,91.73662784264619,1.0,1.0,25,25
5261,4,EMX2,5261,-1.0,87.35738259036837,-0.1912041079601294,9.046326311671299e-05,4.049128560226676,4.039745365094156,1.0,1.0,25,25
5259,4,EMX2,5259,-1.0,87.35738259036837,-0.4493563534076047,5.741456359305082e-22,9.984244325762806,18.064226839269292,1.0,1.0,25,25
5262,4,EMX2,5262,-1.0,87.35738259036837,-0.3179512049580626,3.5337535201009693e-11,7.7842409309401654,12.043299035392089,1.0,1.0,25,25
5250,4,EMX2,5250,-1.0,87.35738259036837,-0.5342171788601607,6.344613956653167e-32,8.655216147132153,14.077162493334898,1.0,1.0,25,25
5265,4,EMX2,5265,-1.0,87.35738259036837,-0.3262448128870064,1.0097216130690485e-11,5.841002227171113,7.703662270462679,1.0,1.0,25,25
5263,4,EMX2,5263,-1.0,87.35738259036837,-0.28192914334205177,5.286144976915933e-09,11.5024406123706,22.611264711172367,1.0,1.0,25,25
5254,4,EMX2,5254,-1.0,87.35738259036837,-0.5447506021115134,2.2896854301818424e-33,21.894079672348404,53.87831684088365,1.0,1.0,25,25
5242,4,EMX2,5242,-1.0,87.35738259036837,-0.2773933651068505,9.462953420015852e-09,11.093131701129177,19.98778452234273,1.0,1.0,25,25
5248,4,EMX2,5248,-1.0,87.35738259036837,-0.1753109574966216,0.00033829445047427366,9.624699641478072,16.587436768182616,1.0,1.0,25,25
5246,4,EMX2,5246,-1.0,87.35738259036837,-0.49287462569756396,1.0019564385191599e-26,21.671248710163376,54.62455042457213,1.0,1.0,25,25
5257,4,EMX2,5257,-1.0,87.35738259036837,-0.3721064014792383,4.826957826215376e-15,15.119525273151126,34.570375147290044,1.0,1.0,25,25
5256,4,EMX2,5256,-1.0,87.35738259036837,-0.4044790388395665,9.978405971891583e-18,11.874382207694232,24.35938099919826,1.0,1.0,25,25
5245,4,EMX2,5245,-1.0,87.35738259036837,-0.23295508410699198,1.6538587780931998e-06,5.483895901413218,6.875018888399432,1.0,1.0,25,25
5266,4,EMX2,5266,-1.0,87.35738259036837,-0.22690873274737539,3.10236798353061e-06,5.038039683751835,5.987840282947076,1.0,1.0,25,25
5260,4,EMX2,5260,-1.0,87.35738259036837,-0.48752064853984584,4.203818259340069e-26,6.215719071762794,8.105081446967805,1.0,1.0,25,25
5255,4,EMX2,5255,-1.0,87.35738259036837,0.2937893070950881,1.0966655501630416e-09,-15.335265886157766,39.40990519885748,1.0,1.0,25,25
5249,4,EMX2,5249,-1.0,87.35738259036837,0.35941231071360774,4.543233224978554e-14,-16.814875854801834,41.12124844790041,1.0,1.0,25,25
5258,4,EMX2,5258,-1.0,87.35738259036837,0.5008984884257194,1.1134808529607439e-27,-18.931205955878298,48.500735125302505,1.0,1.0,25,25
5244,4,EMX2,5244,-1.0,87.35738259036837,-0.6001192292381167,7.365737740547523e-42,14.691703686620729,29.521462642588872,1.0,1.0,25,25
5264,4,EMX2,5264,-1.0,87.35738259036837,-0.47577041229810263,8.966511094239427e-25,15.161107366612253,35.95262462131418,1.0,1.0,25,25
2149,4,BPTF,2149,-1.0,2.0614212801552654,-0.3116422739066594,8.933237045575996e-11,12.08747511856039,24.213221125871687,0.6956521739130435,0.64,25,23
2143,4,BPTF,2143,-1.0,2.0614212801552654,-0.4893183006792937,2.604693462197617e-26,2.9758834887727037,2.475533701698274,0.6956521739130435,0.64,25,23
2161,4,BPTF,2161,-1.0,2.0614212801552654,0.37735352400231525,1.8556191436616156e-15,-11.346676895609624,21.699669186741627,0.6956521739130435,0.64,25,23
2141,4,BPTF,2141,-1.0,2.0614212801552654,0.44850385857568603,7.007942005945688e-22,-15.142506273324797,36.864284397842084,0.6956521739130435,0.64,25,23
2159,4,BPTF,2159,-1.0,2.0614212801552654,0.3397159117573568,1.215016980224358e-12,-7.109203911720125,10.470101255706405,0.6956521739130435,0.64,25,23
2158,4,BPTF,2158,-1.0,2.0614212801552654,0.1862193061116981,0.00013844385880683611,-8.194087123747705,13.557409676897835,0.6956521739130435,0.64,25,23
2151,4,BPTF,2151,-1.0,2.0614212801552654,0.4942813257451324,6.845218119197361e-27,-2.958520844279513,2.456876051655671,0.6956521739130435,0.64,25,23
2152,4,BPTF,2152,-1.0,2.0614212801552654,0.38434660845719976,5.050790937882976e-16,-7.595663303527298,11.923579399713072,0.6956521739130435,0.64,25,23
2147,4,BPTF,2147,-1.0,2.0614212801552654,-0.19794034544325317,5.002525820171498e-05,24.88286139500017,68.3136309043927,0.6956521739130435,0.64,25,23
2154,4,BPTF,2154,-1.0,2.0614212801552654,0.5658385515955812,2.057656599160919e-36,-16.335157232973287,38.719185005198604,0.6956521739130435,0.64,25,23
2150,4,BPTF,2150,-1.0,2.0614212801552654,0.7778837002922735,3.786950385701095e-85,-2.9813541365961087,2.4957772069651196,0.6956521739130435,0.64,25,23
2146,4,BPTF,2146,-1.0,2.0614212801552654,0.6869095077012969,4.4163660458216525e-59,-10.272764863063228,19.308632635839007,0.6956521739130435,0.64,25,23
2153,4,BPTF,2153,-1.0,2.0614212801552654,0.27053526243092174,2.2374650601085762e-08,-26.555869881536264,85.49543660054032,0.6956521739130435,0.64,25,23
2140,4,BPTF,2140,-1.0,2.0614212801552654,0.8560771774327546,3.688309166375618e-120,-2.4409449305726385,1.8097905050683152,0.6956521739130435,0.64,25,23
2156,4,BPTF,2156,-1.0,2.0614212801552654,-0.23705501022935838,1.0690566088197578e-06,9.641342507344246,16.99746136183285,0.6956521739130435,0.64,25,23
2155,4,BPTF,2155,-1.0,2.0614212801552654,0.5055988561044896,2.991575160924452e-28,-3.239360698948059,2.8297271621823623,0.6956521739130435,0.64,25,23
5931,4,ZEB1,5931,1.0,13.600317710636,0.42881055752645286,6.010601032174953e-20,24.97362327455061,69.9526067149077,0.8181818181818182,0.72,25,22
5924,4,ZEB1,5924,1.0,13.600317710636,0.5878346949224417,7.827301247941646e-40,10.532989770675961,18.47323739316895,0.8181818181818182,0.72,25,22
5928,4,ZEB1,5928,1.0,13.600317710636,0.40570315793123013,7.791828258797059e-18,12.682708499061757,24.446464244748487,0.8181818181818182,0.72,25,22
5938,4,ZEB1,5938,1.0,13.600317710636,0.45602762666626084,1.1833128163545063e-22,8.481344025909786,14.336957472010077,0.8181818181818182,0.72,25,22
5934,4,ZEB1,5934,1.0,13.600317710636,-0.3679513928965679,1.0165608925632941e-14,-15.784396699049069,40.94781296076368,0.8181818181818182,0.72,25,22
5926,4,ZEB1,5926,1.0,13.600317710636,0.5468886811589976,1.1499598174654791e-33,21.71270697744839,57.15077893684654,0.8181818181818182,0.72,25,22
5925,4,ZEB1,5925,1.0,13.600317710636,0.4883638142421249,3.359619989635714e-26,7.3641708162366735,11.191653728177723,0.8181818181818182,0.72,25,22
5944,4,ZEB1,5944,1.0,13.600317710636,-0.3710717382637192,5.816433081835181e-15,-6.3311592646036035,8.762087659405749,0.8181818181818182,0.72,25,22
5932,4,ZEB1,5932,1.0,13.600317710636,0.15422354752201775,0.0016475911089139656,17.220754923852766,40.533797762893094,0.8181818181818182,0.72,25,22
5942,4,ZEB1,5942,1.0,13.600317710636,0.33061903366704004,5.134707000418824e-12,8.828856126855097,14.55929816756287,0.8181818181818182,0.72,25,22
5947,4,ZEB1,5947,1.0,13.600317710636,0.16439853529287168,0.0007857247145794184,6.160216965599093,8.324610038401804,0.8181818181818182,0.72,25,22
5933,4,ZEB1,5933,1.0,13.600317710636,0.5785626134393348,2.3268094911090302e-38,15.605635885328637,36.50738741461791,0.8181818181818182,0.72,25,22
5936,4,ZEB1,5936,1.0,13.600317710636,0.7132615523680151,1.4117222543647728e-65,2.7147065408560613,2.12529436650847,0.8181818181818182,0.72,25,22
5929,4,ZEB1,5929,1.0,13.600317710636,0.7932090928193246,8.743242886797377e-91,9.336937841236585,15.575425802665437,0.8181818181818182,0.72,25,22
5945,4,ZEB1,5945,1.0,13.600317710636,-0.2387492067438086,8.906066036507925e-07,-10.874502036534041,19.456448497472266,0.8181818181818182,0.72,25,22
5937,4,ZEB1,5937,1.0,13.600317710636,-0.4173832713737358,6.984359633806486e-19,-9.364256700568292,16.40333739595556,0.8181818181818182,0.72,25,22
5923,4,ZEB1,5923,1.0,13.600317710636,0.8428966735454294,5.962367182980304e-113,8.733018612746516,14.800289677103672,0.8181818181818182,0.72,25,22
5930,4,ZEB1,5930,1.0,13.600317710636,-0.3064873030388741,1.8754477898261319e-10,-12.925238268881488,29.45911731297686,0.8181818181818182,0.72,25,22
17,4,PARP1,17,1.0,6.044576874712749,0.5511351649359836,2.8855873459273925e-34,5.2459448063151894,6.433744154065502,0.6470588235294118,0.44,25,17
32,4,PARP1,32,1.0,6.044576874712749,-0.25599710136471776,1.2828409571820367e-07,-9.408233931534992,17.07321207740268,0.6470588235294118,0.44,25,17
18,4,PARP1,18,1.0,6.044576874712749,0.20569698522482394,2.4664471646024532e-05,23.014139763313683,64.20989569934008,0.6470588235294118,0.44,25,17
21,4,PARP1,21,1.0,6.044576874712749,0.3409460560422552,9.962074072033808e-13,5.81732814418047,7.512293119702487,0.6470588235294118,0.44,25,17
20,4,PARP1,20,1.0,6.044576874712749,0.5656237752356938,2.215693769422555e-36,5.533174822947481,7.057962895587316,0.6470588235294118,0.44,25,17
22,4,PARP1,22,1.0,6.044576874712749,0.1246463060368646,0.011135564404939654,14.553257986345338,31.218448719584238,0.6470588235294118,0.44,25,17
31,4,PARP1,31,1.0,6.044576874712749,0.13324818380797643,0.006625189505533513,8.265681543870375,13.079381001532425,0.6470588235294118,0.44,25,17
26,4,PARP1,26,1.0,6.044576874712749,0.19035552674959233,9.733431948205335e-05,15.246081311795031,36.398213013804245,0.6470588235294118,0.44,25,17
28,4,PARP1,28,1.0,6.044576874712749,0.42130792884137885,3.0398499469382114e-19,4.232805771098969,4.414516138390808,0.6470588235294118,0.44,25,17
33,4,PARP1,33,1.0,6.044576874712749,0.23006750657752603,2.2381906580828434e-06,14.679332243908762,32.29927478611043,0.6470588235294118,0.44,25,17
16,4,PARP1,16,1.0,6.044576874712749,0.4172241339291264,7.222305846606502e-19,15.950845182282745,36.471802356267084,0.6470588235294118,0.44,25,17
8803,4,FOSL1,8803,1.0,33.47426884548624,0.28213132559715653,5.149439389611966e-09,4.984610514002164,5.767523796353552,1.0,0.96,25,24
8796,4,FOSL1,8796,1.0,33.47426884548624,-0.42310866795955276,2.0677547406925513e-19,-16.94340059193055,39.963967520046594,1.0,0.96,25,24
8791,4,FOSL1,8791,1.0,33.47426884548624,-0.5058016252820526,2.825382254059453e-28,-14.267195834050275,33.86332178642938,1.0,0.96,25,24
8788,4,FOSL1,8788,1.0,33.47426884548624,0.5286485874015063,3.5059538040642474e-31,11.157726364920205,21.010137632835285,1.0,0.96,25,24
8802,4,FOSL1,8802,1.0,33.47426884548624,0.3576455099268534,6.158739626548237e-14,13.473770299724006,28.83630571932831,1.0,0.96,25,24
8799,4,FOSL1,8799,1.0,33.47426884548624,0.3818357544294454,8.087816889288408e-16,15.25082222197397,35.33599728908526,1.0,0.96,25,24
8805,4,FOSL1,8805,1.0,33.47426884548624,-0.20190000976640535,3.4984100216852275e-05,-8.56848763462732,14.197161792839026,1.0,0.96,25,24
8792,4,FOSL1,8792,1.0,33.47426884548624,0.5691489824969951,6.5320222911748624e-37,24.12693006124788,61.89580678030518,1.0,0.96,25,24
8794,4,FOSL1,8794,1.0,33.47426884548624,0.4355393148549562,1.3566870773488932e-20,13.602155026490523,26.25769004083677,1.0,0.96,25,24
8787,4,FOSL1,8787,1.0,33.47426884548624,0.5255111613947104,9.05867875743287e-31,16.103030228885682,35.080679967505745,1.0,0.96,25,24
8808,4,FOSL1,8808,1.0,33.47426884548624,0.2693372500423845,2.594078237100155e-08,10.287332059516105,19.836247565124147,1.0,0.96,25,24
8798,4,FOSL1,8798,1.0,33.47426884548624,0.3522874316510172,1.5317671139355786e-13,10.016387837266608,19.512951223178625,1.0,0.96,25,24
8800,4,FOSL1,8800,1.0,33.47426884548624,-0.3771894822156296,1.9124189712573995e-15,-18.949640305317526,49.498619502608285,1.0,0.96,25,24
8790,4,FOSL1,8790,1.0,33.47426884548624,0.31218378091796606,8.25676365132586e-11,11.073796174915254,19.89756723468328,1.0,0.96,25,24
8793,4,FOSL1,8793,1.0,33.47426884548624,0.3896781356397271,1.833651492567571e-16,17.368754984939557,39.58167249467579,1.0,0.96,25,24
8801,4,FOSL1,8801,1.0,33.47426884548624,0.35644648284685226,7.562966773454779e-14,18.014974770738867,41.658241140404336,1.0,0.96,25,24
8807,4,FOSL1,8807,1.0,33.47426884548624,-0.31773431234148086,3.6495633456338887e-11,-16.215632614659288,39.8338084321765,1.0,0.96,25,24
8797,4,FOSL1,8797,1.0,33.47426884548624,0.4131558976193225,1.6904376135715693e-18,6.468950098162641,8.58828432031711,1.0,0.96,25,24
8806,4,FOSL1,8806,1.0,33.47426884548624,-0.3278719256434095,7.861500731861989e-12,-4.318653420838025,4.6083876893295,1.0,0.96,25,24
8811,4,FOSL1,8811,1.0,33.47426884548624,0.44272789653191147,2.665300709350066e-21,9.362444268699077,15.943084005181936,1.0,0.96,25,24
8789,4,FOSL1,8789,1.0,33.47426884548624,-0.42935764534081167,5.3320779578619255e-20,-18.728936507023526,47.894734765663806,1.0,0.96,25,24
8795,4,FOSL1,8795,1.0,33.47426884548624,0.29548601818580783,8.704514338548032e-10,1.9839668668783057,1.309071130645451,1.0,0.96,25,24
8809,4,FOSL1,8809,1.0,33.47426884548624,0.16343914451362668,0.0008441062426513604,8.529471573470051,14.189473881287048,1.0,0.96,25,24
8804,4,FOSL1,8804,1.0,33.47426884548624,-0.22824461336238733,2.7037915705769234e-06,-13.548455832314927,26.86082174684173,1.0,0.96,25,24
207,4,EHF,207,-1.0,24.66623880800522,-0.3043371718265842,2.544521783326038e-10,25.865037475789048,71.54027782978336,0.9565217391304348,0.88,25,23
204,4,EHF,204,-1.0,24.66623880800522,0.5128302239381782,3.804446894988736e-29,-11.338825943436623,22.41592983410039,0.9565217391304348,0.88,25,23
215,4,EHF,215,-1.0,24.66623880800522,-0.3262989847589115,1.001366885516922e-11,3.0182258251006964,2.5363543277054337,0.9565217391304348,0.88,25,23
210,4,EHF,210,-1.0,24.66623880800522,0.3006477536633533,4.270257770453655e-10,-5.225633126515636,6.2953559649023605,0.9565217391304348,0.88,25,23
208,4,EHF,208,-1.0,24.66623880800522,-0.12642945716966192,0.01002338491743337,20.53845600797496,51.9941941355286,0.9565217391304348,0.88,25,23
214,4,EHF,214,-1.0,24.66623880800522,-0.3121283111179321,8.32369690074551e-11,7.34246052227613,11.077596859349349,0.9565217391304348,0.88,25,23
200,4,EHF,200,-1.0,24.66623880800522,0.612732179375466,4.936326316808814e-44,-2.4535392415573556,1.8241742468050357,0.9565217391304348,0.88,25,23
211,4,EHF,211,-1.0,24.66623880800522,0.47130126992864607,2.784611269024015e-24,-27.150894297308387,85.6099838524562,0.9565217391304348,0.88,25,23
201,4,EHF,201,-1.0,24.66623880800522,-0.20282388634440915,3.2150944354271426e-05,8.559313318063767,14.233810228374354,0.9565217391304348,0.88,25,23
212,4,EHF,212,-1.0,24.66623880800522,-0.36664649967381896,1.2816133152899955e-14,11.992940162482679,23.937756575380106,0.9565217391304348,0.88,25,23
206,4,EHF,206,-1.0,24.66623880800522,0.3235574575383332,1.5216330227716946e-11,-8.842063360553402,15.974240489862268,0.9565217391304348,0.88,25,23
218,4,EHF,218,-1.0,24.66623880800522,-0.2672644044966052,3.344812772168734e-08,3.2313708374702945,2.8057499303698408,0.9565217391304348,0.88,25,23
217,4,EHF,217,-1.0,24.66623880800522,0.5307779174387836,1.8304183036229338e-31,-2.9574517062219923,2.4602182737838922,0.9565217391304348,0.88,25,23
223,4,EHF,223,-1.0,24.66623880800522,0.24302393276654363,5.583716533093351e-07,-5.367212027971632,6.5217907087830485,0.9565217391304348,0.88,25,23
203,4,EHF,203,-1.0,24.66623880800522,-0.47515388430234257,1.0494126893125116e-24,3.285135832415412,2.906917374134932,0.9565217391304348,0.88,25,23
209,4,EHF,209,-1.0,24.66623880800522,0.6682390156478109,6.969858170472242e-55,-15.037560789574174,35.08384130555002,0.9565217391304348,0.88,25,23
216,4,EHF,216,-1.0,24.66623880800522,0.1938819178176016,7.165389888029497e-05,-13.861697222017838,31.37571196821229,0.9565217391304348,0.88,25,23
224,4,EHF,224,-1.0,24.66623880800522,0.40628964959744235,6.918548863813417e-18,-6.57367324708459,9.282757731744502,0.9565217391304348,0.88,25,23
205,4,EHF,205,-1.0,24.66623880800522,0.48155202132881464,2.018957946071162e-25,-18.574462180353606,50.2782350738301,0.9565217391304348,0.88,25,23
221,4,EHF,221,-1.0,24.66623880800522,0.4337664797520433,2.0146560960085458e-20,-2.8979182103275156,2.3728556696059133,0.9565217391304348,0.88,25,23
202,4,EHF,202,-1.0,24.66623880800522,-0.21223667171052885,1.3304653759322213e-05,10.511013135983069,18.33077169822004,0.9565217391304348,0.88,25,23
213,4,EHF,213,-1.0,24.66623880800522,0.5155431706825196,1.7327297442963493e-29,-4.665382914461545,5.262337368642464,0.9565217391304348,0.88,25,23
8243,4,LBX2,8243,1.0,2.6071250487529314,0.23383793094263572,1.5065538626003882e-06,8.09315172757002,13.276863882470245,0.4666666666666667,0.3888888888888889,18,15
8241,4,LBX2,8241,1.0,2.6071250487529314,0.20138539207889566,3.666304760664562e-05,2.691009108077517,2.0995913097785395,0.4666666666666667,0.3888888888888889,18,15
8228,4,LBX2,8228,1.0,2.6071250487529314,0.16034095324344014,0.0010611258109701018,15.816173349817628,34.58608630642335,0.4666666666666667,0.3888888888888889,18,15
8238,4,LBX2,8238,1.0,2.6071250487529314,0.24310984331049856,5.53107440334164e-07,5.835686158807994,7.6777444834020905,0.4666666666666667,0.3888888888888889,18,15
8236,4,LBX2,8236,1.0,2.6071250487529314,0.13645579264103472,0.005417676941592033,3.7050333910079827,3.5682721018542436,0.4666666666666667,0.3888888888888889,18,15
8229,4,LBX2,8229,1.0,2.6071250487529314,0.15779593793639662,0.0012766932909044596,7.604310242145864,11.889462366151681,0.4666666666666667,0.3888888888888889,18,15
8227,4,LBX2,8227,1.0,2.6071250487529314,0.28243657861258703,4.949513964790862e-09,3.6102204177212407,3.3947125312108586,0.4666666666666667,0.3888888888888889,18,15
7063,4,FOXL1,7063,1.0,22.864267182156905,0.23703505463056568,1.0713500889789308e-06,9.258419335421957,15.537693457871391,1.0,1.0,25,25
7065,4,FOXL1,7065,1.0,22.864267182156905,0.31842971422483285,3.2907826158048965e-11,7.019615749103427,9.981940394320606,1.0,1.0,25,25
7054,4,FOXL1,7054,1.0,22.864267182156905,0.3332012543277648,3.4271431888813845e-12,12.126853848764902,26.82038988916489,1.0,1.0,25,25
7049,4,FOXL1,7049,1.0,22.864267182156905,-0.25815957798982014,9.959538668664313e-08,-17.836824226449973,47.811934861520434,1.0,1.0,25,25
7048,4,FOXL1,7048,1.0,22.864267182156905,0.30787709211411396,1.537741534233088e-10,21.836571457340753,55.887142513291025,1.0,1.0,25,25
7055,4,FOXL1,7055,1.0,22.864267182156905,-0.2615396843717644,6.674243727459305e-08,-16.156960190761772,37.78558869462533,1.0,1.0,25,25
7050,4,FOXL1,7050,1.0,22.864267182156905,0.28154195897179624,5.557825538950974e-09,9.594956044139492,16.464119847900427,1.0,1.0,25,25
7056,4,FOXL1,7056,1.0,22.864267182156905,0.4366216524165934,1.0644970330779362e-20,13.8042841721279,30.042611449902672,1.0,1.0,25,25
7062,4,FOXL1,7062,1.0,22.864267182156905,-0.17916584751470352,0.00024815664398896136,-8.15414633616844,13.337951817354213,1.0,1.0,25,25
7047,4,FOXL1,7047,1.0,22.864267182156905,0.3245286863846586,1.3126330787971795e-11,14.548517587737534,29.55911727042659,1.0,1.0,25,25
7058,4,FOXL1,7058,1.0,22.864267182156905,0.1701560637750497,0.0005068973059087355,11.780004458407815,24.205407934819203,1.0,1.0,25,25
7067,4,FOXL1,7067,1.0,22.864267182156905,-0.28876301077560057,2.1549446419432387e-09,-19.631841943023492,45.71005203558737,1.0,1.0,25,25
7069,4,FOXL1,7069,1.0,22.864267182156905,0.2215397012832888,5.346609033298378e-06,15.11464069416349,34.475207238327876,1.0,1.0,25,25
7061,4,FOXL1,7061,1.0,22.864267182156905,0.1940175482432943,7.080694645605819e-05,20.630892763393824,56.19511731093913,1.0,1.0,25,25
7060,4,FOXL1,7060,1.0,22.864267182156905,0.2706218494358527,2.213614992824861e-08,16.019763191208774,33.479708932529114,1.0,1.0,25,25
7051,4,FOXL1,7051,1.0,22.864267182156905,0.2932049917746574,1.1870621501704727e-09,9.458553471309797,16.236176718230173,1.0,1.0,25,25
7066,4,FOXL1,7066,1.0,22.864267182156905,-0.2604767950631878,7.574081279589742e-08,-3.1715119986608964,2.759163943383991,1.0,1.0,25,25
7068,4,FOXL1,7068,1.0,22.864267182156905,0.26417991156118314,4.863049307715863e-08,6.262888748405523,8.375799280761628,1.0,1.0,25,25
7064,4,FOXL1,7064,1.0,22.864267182156905,0.17226932786414634,0.0004300494463620004,3.440835246877772,3.1438039470645003,1.0,1.0,25,25
7053,4,FOXL1,7053,1.0,22.864267182156905,-0.21651224330948388,8.793874525772245e-06,-28.81427761718835,96.97501386478885,1.0,1.0,25,25
7046,4,FOXL1,7046,1.0,22.864267182156905,-0.2822953673838422,5.041046742564028e-09,-13.087955650331546,30.041817791234294,1.0,1.0,25,25
7059,4,FOXL1,7059,1.0,22.864267182156905,-0.33044399938949404,5.276644723577186e-12,-3.2433445612431138,2.8488083684045233,1.0,1.0,25,25
7052,4,FOXL1,7052,1.0,22.864267182156905,0.33936516674128886,1.2855814384745148e-12,24.758322908761027,65.80846166029423,1.0,1.0,25,25
7045,4,FOXL1,7045,1.0,22.864267182156905,0.31226867677045694,8.155337359127834e-11,8.105020761589424,13.051854354585256,1.0,1.0,25,25
7057,4,FOXL1,7057,1.0,22.864267182156905,0.27496253040374996,1.2872959226185755e-08,6.141748460305211,7.917840186796554,1.0,1.0,25,25
282,4,CTCF,282,-1.0,3.8206600624630536,0.22904131527689875,2.4899154905812647e-06,-9.827389093123255,16.796746714197013,0.6363636363636364,0.56,25,22
287,4,CTCF,287,-1.0,3.8206600624630536,0.6620417875312177,1.4791990774709995e-53,-3.447741169701569,3.1635467813391966,0.6363636363636364,0.56,25,22
265,4,CTCF,265,-1.0,3.8206600624630536,0.730704605980507,2.695636662641949e-70,-2.2071419550359614,1.54656299669875,0.6363636363636364,0.56,25,22
272,4,CTCF,272,-1.0,3.8206600624630536,0.30474237195122217,2.4028047560492537e-10,-14.48879148155274,35.88556931763266,0.6363636363636364,0.56,25,22
268,4,CTCF,268,-1.0,3.8206600624630536,0.18312551183785572,0.00017930741822664556,-18.323929754961394,45.73188279540222,0.6363636363636364,0.56,25,22
279,4,CTCF,279,-1.0,3.8206600624630536,0.31680654611286496,4.188118720547779e-11,-13.616378730788991,28.900755705027553,0.6363636363636364,0.56,25,22
280,4,CTCF,280,-1.0,3.8206600624630536,0.3094615328352044,1.224705571001341e-10,-2.2622446990235905,1.6064101823516592,0.6363636363636364,0.56,25,22
267,4,CTCF,267,-1.0,3.8206600624630536,-0.3089729588952716,1.3139425334205587e-10,3.1542815230168233,2.7236953512590394,0.6363636363636364,0.56,25,22
278,4,CTCF,278,-1.0,3.8206600624630536,0.3170306238111727,4.051352632608947e-11,-8.625163675118825,14.792145795234275,0.6363636363636364,0.56,25,22
283,4,CTCF,283,-1.0,3.8206600624630536,0.20263227877295054,3.272005379333271e-05,-19.605322479456248,54.91185716289359,0.6363636363636364,0.56,25,22
276,4,CTCF,276,-1.0,3.8206600624630536,-0.3611066225106765,3.387559229884787e-14,4.524034995195258,4.913870599472164,0.6363636363636364,0.56,25,22
281,4,CTCF,281,-1.0,3.8206600624630536,0.5807727805632468,1.0468447146199636e-38,-7.104779566281507,10.636658272780135,0.6363636363636364,0.56,25,22
270,4,CTCF,270,-1.0,3.8206600624630536,0.5447191016936469,2.312950535719666e-33,-10.04407931570719,18.768019353133056,0.6363636363636364,0.56,25,22
275,4,CTCF,275,-1.0,3.8206600624630536,-0.2196095890034504,6.480976420308811e-06,12.595425739299145,25.597436615253887,0.6363636363636364,0.56,25,22
5988,4,HOXD3,5988,-1.0,14.853799565207659,-0.13088259977482308,0.007664687759996951,4.151426964823637,4.204796881826157,0.9473684210526315,0.782608695652174,23,19
5976,4,HOXD3,5976,-1.0,14.853799565207659,0.19634880188191445,5.76452773832235e-05,-13.502198166500506,30.142564382638938,0.9473684210526315,0.782608695652174,23,19
5992,4,HOXD3,5992,-1.0,14.853799565207659,0.13640353603063696,0.005435645918037721,-3.831138994165457,3.7680514016758044,0.9473684210526315,0.782608695652174,23,19
5983,4,HOXD3,5983,-1.0,14.853799565207659,0.2990146077519892,5.357675153264604e-10,-3.6821272808803114,3.5261415943515995,0.9473684210526315,0.782608695652174,23,19
5975,4,HOXD3,5975,-1.0,14.853799565207659,0.2732350181862306,1.5990729408869464e-08,-8.760147761323998,14.83657670205178,0.9473684210526315,0.782608695652174,23,19
5977,4,HOXD3,5977,-1.0,14.853799565207659,-0.18780290125656857,0.00012108140308497316,9.664665130938742,16.57462501808699,0.9473684210526315,0.782608695652174,23,19
5987,4,HOXD3,5987,-1.0,14.853799565207659,0.29771681736948846,6.409565174805883e-10,-3.475611005277057,3.1698054293493336,0.9473684210526315,0.782608695652174,23,19
5984,4,HOXD3,5984,-1.0,14.853799565207659,0.1861555496647079,0.00013918958693747858,-4.5436535243533696,5.019498261729357,0.9473684210526315,0.782608695652174,23,19
5974,4,HOXD3,5974,-1.0,14.853799565207659,-0.24137522825273092,6.692294137174977e-07,10.790430441894555,19.14395222866546,0.9473684210526315,0.782608695652174,23,19
5986,4,HOXD3,5986,-1.0,14.853799565207659,0.23819450874346954,9.456264416425494e-07,-16.732570203652624,37.559888281944424,0.9473684210526315,0.782608695652174,23,19
5982,4,HOXD3,5982,-1.0,14.853799565207659,0.25579602333959484,1.31324077932419e-07,-17.377378067033376,45.0842222855847,0.9473684210526315,0.782608695652174,23,19
5981,4,HOXD3,5981,-1.0,14.853799565207659,0.4199673523021447,4.043788372654353e-19,-5.090727676232002,6.081489387906764,0.9473684210526315,0.782608695652174,23,19
5985,4,HOXD3,5985,-1.0,14.853799565207659,0.466848634669217,8.47121734900521e-24,-11.591430898650502,24.270003354051397,0.9473684210526315,0.782608695652174,23,19
5993,4,HOXD3,5993,-1.0,14.853799565207659,0.15015446563599383,0.002188818081389399,-6.203444103893342,8.422271243984202,0.9473684210526315,0.782608695652174,23,19
5991,4,HOXD3,5991,-1.0,14.853799565207659,0.25689848561526873,1.1547033894479903e-07,-11.047598129773695,21.079733976616655,0.9473684210526315,0.782608695652174,23,19
5978,4,HOXD3,5978,-1.0,14.853799565207659,-0.22142334999541277,5.4092477327923194e-06,11.936937637908255,22.788597230029506,0.9473684210526315,0.782608695652174,23,19
5979,4,HOXD3,5979,-1.0,14.853799565207659,-0.2256546134004383,3.527195296235962e-06,22.301869705288023,54.79971591497031,0.9473684210526315,0.782608695652174,23,19
5973,4,HOXD3,5973,-1.0,14.853799565207659,-0.21739214992404615,8.067191445597518e-06,8.148904856254541,13.191029092421651,0.9473684210526315,0.782608695652174,23,19
3164,4,SOX17,3164,1.0,2.7485886883846096,-0.3048724215738626,2.358971052428687e-10,-2.211231511856591,1.55203953390477,0.6190476190476191,0.52,25,21
3177,4,SOX17,3177,1.0,2.7485886883846096,-0.22235077799354064,4.92879637099293e-06,-9.22877718189622,16.52516506766286,0.6190476190476191,0.52,25,21
3175,4,SOX17,3175,1.0,2.7485886883846096,-0.19619338497267313,5.844540936374831e-05,-8.813459324095886,15.259935285357978,0.6190476190476191,0.52,25,21
3156,4,SOX17,3156,1.0,2.7485886883846096,0.492526078627596,1.1008495993867228e-26,8.145937600171541,13.144374459891534,0.6190476190476191,0.52,25,21
3170,4,SOX17,3170,1.0,2.7485886883846096,0.1238873168217665,0.011641191159120394,9.810476171390958,17.116019862075195,0.6190476190476191,0.52,25,21
3168,4,SOX17,3168,1.0,2.7485886883846096,0.5064511969342789,2.352045189418162e-28,3.444290462818448,3.1272822780058966,0.6190476190476191,0.52,25,21
3163,4,SOX17,3163,1.0,2.7485886883846096,0.5889058708779745,5.2523503661966715e-40,9.168872180854974,15.293108039547981,0.6190476190476191,0.52,25,21
3172,4,SOX17,3172,1.0,2.7485886883846096,0.297062679605674,7.013294497125864e-10,15.844387745015094,37.444375216630824,0.6190476190476191,0.52,25,21
3161,4,SOX17,3161,1.0,2.7485886883846096,-0.2319446857859906,1.8393734773688368e-06,-10.759696717580638,21.024441420023205,0.6190476190476191,0.52,25,21
3157,4,SOX17,3157,1.0,2.7485886883846096,0.40827235671816653,4.621001201460694e-18,10.296932013092132,17.831739587737022,0.6190476190476191,0.52,25,21
3155,4,SOX17,3155,1.0,2.7485886883846096,-0.26132998146919717,6.843185099528924e-08,-2.5234198552024623,1.9069433799812738,0.6190476190476191,0.52,25,21
3165,4,SOX17,3165,1.0,2.7485886883846096,0.8613758962579449,2.9058660097661762e-123,2.3450765228871995,1.688472559428572,0.6190476190476191,0.52,25,21
3171,4,SOX17,3171,1.0,2.7485886883846096,-0.26545588607720705,4.167938554728607e-08,-3.6584121157205045,3.4877400232938434,0.6190476190476191,0.52,25,21
6799,4,FOXF1,6799,1.0,13.0989802436069,0.635936482005504,2.6770968371282006e-48,3.021452389399529,2.51839086047331,0.5789473684210527,0.44,25,19
6808,4,FOXF1,6808,1.0,13.0989802436069,0.42090830951979313,3.3102056667174037e-19,4.628900645974469,5.090487313949323,0.5789473684210527,0.44,25,19
6792,4,FOXF1,6792,1.0,13.0989802436069,0.6009697068091293,5.2926032894324234e-42,3.765115853772124,3.620001704885401,0.5789473684210527,0.44,25,19
6797,4,FOXF1,6797,1.0,13.0989802436069,0.5788316757925481,2.1119005467056083e-38,2.907876371232337,2.368162068498161,0.5789473684210527,0.44,25,19
6801,4,FOXF1,6801,1.0,13.0989802436069,0.3471713572893533,3.5981528409834487e-13,14.137275887806137,30.87588981765271,0.5789473684210527,0.44,25,19
6795,4,FOXF1,6795,1.0,13.0989802436069,-0.15505322690911028,0.0015535694142994952,-4.363149511421198,4.660871045859573,0.5789473684210527,0.44,25,19
6785,4,FOXF1,6785,1.0,13.0989802436069,0.34490436744345526,5.227291816735538e-13,10.099004922945799,17.402510246720716,0.5789473684210527,0.44,25,19
6803,4,FOXF1,6803,1.0,13.0989802436069,0.5666273050936245,1.567293464591231e-36,2.346871042309482,1.691308592920188,0.5789473684210527,0.44,25,19
6788,4,FOXF1,6788,1.0,13.0989802436069,0.5361221282646114,3.509601505206597e-32,10.172957421622405,18.050530517827642,0.5789473684210527,0.44,25,19
6800,4,FOXF1,6800,1.0,13.0989802436069,0.18401674917376634,0.0001665045847947717,7.669021019266205,11.824375242790534,0.5789473684210527,0.44,25,19
6784,4,FOXF1,6784,1.0,13.0989802436069,0.6121796798732989,6.175623248037948e-44,8.115984266269997,13.097921608549761,0.5789473684210527,0.44,25,19
7181,4,GLIS3,7181,-1.0,5.514969304000513,-0.17574718285712598,0.0003267428739532817,2.6913423227346867,2.1038479271912074,0.14285714285714285,0.14285714285714285,7,7
3845,4,STAT1,3845,1.0,25.759287549212893,0.558735542232093,2.3112439467495882e-35,13.447602035031373,29.9218670696646,0.9565217391304348,0.88,25,23
3836,4,STAT1,3836,1.0,25.759287549212893,-0.24016537779711333,7.637166328474319e-07,-11.341782163647066,23.875177895237762,0.9565217391304348,0.88,25,23
3844,4,STAT1,3844,1.0,25.759287549212893,-0.4397299906014203,5.278691483695437e-21,-26.721765118828074,87.10031743852178,0.9565217391304348,0.88,25,23
3850,4,STAT1,3850,1.0,25.759287549212893,0.5207583465771709,3.745057663933e-30,13.25933363951516,28.88104054289263,0.9565217391304348,0.88,25,23
3831,4,STAT1,3831,1.0,25.759287549212893,0.6512880873953759,2.504415003364205e-51,10.86249176162854,19.350929189345848,0.9565217391304348,0.88,25,23
3833,4,STAT1,3833,1.0,25.759287549212893,0.831109848383956,4.783637210069177e-107,12.237718623717335,23.265674290246288,0.9565217391304348,0.88,25,23
3848,4,STAT1,3848,1.0,25.759287549212893,0.5167513299856971,1.2179615231756621e-29,11.272928228640213,22.834779949139165,0.9565217391304348,0.88,25,23
3837,4,STAT1,3837,1.0,25.759287549212893,0.43020271421510875,4.4294985044625446e-20,7.1415543353013975,10.833842314108628,0.9565217391304348,0.88,25,23
3851,4,STAT1,3851,1.0,25.759287549212893,0.4591875450005095,5.53226363885317e-23,7.4140571181011605,11.757777510796355,0.9565217391304348,0.88,25,23
3842,4,STAT1,3842,1.0,25.759287549212893,0.48063609316727907,2.5616909573686095e-25,7.405073511420073,10.82971153793947,0.9565217391304348,0.88,25,23
3832,4,STAT1,3832,1.0,25.759287549212893,0.5966751943028457,2.7806350602808684e-41,18.73393150546016,44.871763375367856,0.9565217391304348,0.88,25,23
3843,4,STAT1,3843,1.0,25.759287549212893,0.6945195245663146,6.94403810164911e-61,2.4003091261793053,1.7618879107798815,0.9565217391304348,0.88,25,23
3834,4,STAT1,3834,1.0,25.759287549212893,0.7220203690855644,6.68774452107204e-68,21.0595604709172,54.42160668653368,0.9565217391304348,0.88,25,23
3847,4,STAT1,3847,1.0,25.759287549212893,0.3712301992473527,5.652919466248845e-15,5.726010110664449,7.460417061157029,0.9565217391304348,0.88,25,23
3838,4,STAT1,3838,1.0,25.759287549212893,0.32368040432072537,1.493481428623438e-11,5.455317312525511,6.866166101282992,0.9565217391304348,0.88,25,23
3830,4,STAT1,3830,1.0,25.759287549212893,0.31999250819469055,2.6054113421765322e-11,8.39772737676669,13.828077496268554,0.9565217391304348,0.88,25,23
3839,4,STAT1,3839,1.0,25.759287549212893,-0.26091835496528704,7.18688224150816e-08,-15.726980662327346,39.25927401238,0.9565217391304348,0.88,25,23
3835,4,STAT1,3835,1.0,25.759287549212893,0.35638137347791,7.647599940411972e-14,6.873882192715738,10.033276673456834,0.9565217391304348,0.88,25,23
3849,4,STAT1,3849,1.0,25.759287549212893,0.6209210777207156,1.6935022669914702e-45,16.929640642870357,41.49174075672709,0.9565217391304348,0.88,25,23
3841,4,STAT1,3841,1.0,25.759287549212893,0.6344729586838775,5.099237842347571e-48,25.6969372063293,69.61375058182641,0.9565217391304348,0.88,25,23
3840,4,STAT1,3840,1.0,25.759287549212893,0.4383995609768266,7.133337813467073e-21,9.01459054086837,14.98543373934101,0.9565217391304348,0.88,25,23
3846,4,STAT1,3846,1.0,25.759287549212893,-0.3758216781221105,2.4574037401538044e-15,-9.210829847638962,16.16853458376176,0.9565217391304348,0.88,25,23
5533,4,BCL6B,5533,1.0,3.4334709504482483,0.29863646606639216,5.64547568553651e-10,23.058060058842617,59.12207115133368,0.8260869565217391,0.76,25,23
5542,4,BCL6B,5542,1.0,3.4334709504482483,0.8473112578749571,2.7370024729892747e-115,2.0310891334007417,1.354613181178358,0.8260869565217391,0.76,25,23
5545,4,BCL6B,5545,1.0,3.4334709504482483,0.3835069512707108,5.914703409292385e-16,6.5993349299390935,9.128901164717321,0.8260869565217391,0.76,25,23
5532,4,BCL6B,5532,1.0,3.4334709504482483,0.368973694546583,8.471911171369738e-15,24.153400298899015,67.9561410534117,0.8260869565217391,0.76,25,23
5547,4,BCL6B,5547,1.0,3.4334709504482483,0.2853688678284038,3.3752039434042852e-09,8.690613245809613,14.644519763422663,0.8260869565217391,0.76,25,23
5552,4,BCL6B,5552,1.0,3.4334709504482483,-0.37042639449259296,6.531621007509355e-15,-3.882786319491383,3.783788826252921,0.8260869565217391,0.76,25,23
5538,4,BCL6B,5538,1.0,3.4334709504482483,-0.3220479348703372,1.9124298119108205e-11,-17.43585239215351,45.64849826520222,0.8260869565217391,0.76,25,23
5544,4,BCL6B,5544,1.0,3.4334709504482483,0.7674915685481162,1.4138822615112538e-81,2.174886866355259,1.505469570339464,0.8260869565217391,0.76,25,23
5553,4,BCL6B,5553,1.0,3.4334709504482483,0.3043657523028212,2.534264824542374e-10,13.679524467259332,29.61703998262951,0.8260869565217391,0.76,25,23
5537,4,BCL6B,5537,1.0,3.4334709504482483,0.3560888041057799,8.039489206118615e-14,11.93303497509974,24.036027060623127,0.8260869565217391,0.76,25,23
5534,4,BCL6B,5534,1.0,3.4334709504482483,0.7319883597977551,1.1714842997716919e-70,9.502723438466312,16.33068334218965,0.8260869565217391,0.76,25,23
5541,4,BCL6B,5541,1.0,3.4334709504482483,-0.22736605966977713,2.959984047824391e-06,-11.039038369677716,21.30828809526894,0.8260869565217391,0.76,25,23
5530,4,BCL6B,5530,1.0,3.4334709504482483,0.4225172719512645,2.347317070248324e-19,11.335313997285152,20.56748412676772,0.8260869565217391,0.76,25,23
5546,4,BCL6B,5546,1.0,3.4334709504482483,0.3081649262594118,1.4756031884078103e-10,10.082911820541467,18.20201132017816,0.8260869565217391,0.76,25,23
5551,4,BCL6B,5551,1.0,3.4334709504482483,-0.17599442934386247,0.0003203599920112732,-15.521872919402519,35.756696002122276,0.8260869565217391,0.76,25,23
5531,4,BCL6B,5531,1.0,3.4334709504482483,0.21476156230353566,1.0429159518863494e-05,6.356412528540783,8.832361606155812,0.8260869565217391,0.76,25,23
5535,4,BCL6B,5535,1.0,3.4334709504482483,0.5918672479157603,1.7297687734915435e-40,2.2220096078619593,1.5559138497360956,0.8260869565217391,0.76,25,23
5543,4,BCL6B,5543,1.0,3.4334709504482483,0.355045701280752,9.603414080004599e-14,6.172651928792831,8.232637178556946,0.8260869565217391,0.76,25,23
5529,4,BCL6B,5529,1.0,3.4334709504482483,0.642710054873669,1.2958867733680218e-49,8.407121414508016,13.893271840670172,0.8260869565217391,0.76,25,23
65,4,NFAT5,65,-1.0,24.53476662246745,-0.30537300269611983,2.1973962548616123e-10,15.427165426430163,35.39451161421057,0.8095238095238095,0.7727272727272727,22,21
79,4,NFAT5,79,-1.0,24.53476662246745,0.42459468360863184,1.5018837800429659e-19,-6.0011373854821475,8.106563064349137,0.8095238095238095,0.7727272727272727,22,21
72,4,NFAT5,72,-1.0,24.53476662246745,0.5858455614224451,1.6354655613354148e-39,-11.286959420513849,22.24133200935822,0.8095238095238095,0.7727272727272727,22,21
80,4,NFAT5,80,-1.0,24.53476662246745,0.3005268362638892,4.342799622960741e-10,-9.571084688799539,17.826506047465966,0.8095238095238095,0.7727272727272727,22,21
75,4,NFAT5,75,-1.0,24.53476662246745,0.3506764398366178,2.0077433910174187e-13,-7.686045845589202,12.0312280375921,0.8095238095238095,0.7727272727272727,22,21
64,4,NFAT5,64,-1.0,24.53476662246745,0.5826022692729018,5.3795044558035804e-39,-11.35344029923094,22.616034379700164,0.8095238095238095,0.7727272727272727,22,21
77,4,NFAT5,77,-1.0,24.53476662246745,0.32554033377430136,1.1247661657282946e-11,-13.060148885243475,25.073890812646983,0.8095238095238095,0.7727272727272727,22,21
67,4,NFAT5,67,-1.0,24.53476662246745,0.2514084974491079,2.1784672482672735e-07,-13.912495141340834,29.430765291527653,0.8095238095238095,0.7727272727272727,22,21
82,4,NFAT5,82,-1.0,24.53476662246745,-0.16017555853480245,0.0010740449289042815,16.306104911181333,35.567995556846434,0.8095238095238095,0.7727272727272727,22,21
63,4,NFAT5,63,-1.0,24.53476662246745,0.461789721260027,2.9403248940971655e-23,-3.2701416863572605,2.8992123253683593,0.8095238095238095,0.7727272727272727,22,21
73,4,NFAT5,73,-1.0,24.53476662246745,0.30001018919345135,4.666482594516372e-10,-9.769804180735775,18.265005733123214,0.8095238095238095,0.7727272727272727,22,21
69,4,NFAT5,69,-1.0,24.53476662246745,0.32811663540148595,7.570106413192012e-12,-14.347163114759528,33.54776147841377,0.8095238095238095,0.7727272727272727,22,21
70,4,NFAT5,70,-1.0,24.53476662246745,0.34347348336392214,6.606608091909681e-13,-14.89465129515515,34.32296034057173,0.8095238095238095,0.7727272727272727,22,21
71,4,NFAT5,71,-1.0,24.53476662246745,0.4258687978569717,1.1403191754374015e-19,-11.655530665080091,24.660489724940643,0.8095238095238095,0.7727272727272727,22,21
66,4,NFAT5,66,-1.0,24.53476662246745,0.379497736181065,1.2492540973856735e-15,-8.025401474822145,12.87037870163874,0.8095238095238095,0.7727272727272727,22,21
76,4,NFAT5,76,-1.0,24.53476662246745,0.3676302430482008,1.0763177138564035e-14,-9.88254569458866,17.757160992550233,0.8095238095238095,0.7727272727272727,22,21
68,4,NFAT5,68,-1.0,24.53476662246745,-0.22957943998332525,2.354716253044806e-06,24.34289031704136,66.89919620231298,0.8095238095238095,0.7727272727272727,22,21
5759,4,MSX2,5759,-1.0,5.484032540618635,-0.2662021916490047,3.806954487272017e-08,9.435794715911046,15.969828144021138,1.0,1.0,25,25
5753,4,MSX2,5753,-1.0,5.484032540618635,-0.5733550477306637,1.491825040227577e-37,22.417607756056064,60.319787933034235,1.0,1.0,25,25
5756,4,MSX2,5756,-1.0,5.484032540618635,-0.46333408166828816,2.0154070360976388e-23,19.530613372152366,47.167922513212105,1.0,1.0,25,25
5752,4,MSX2,5752,-1.0,5.484032540618635,-0.4078236939758191,5.064096755965567e-18,9.431866856902383,17.3110839785569,1.0,1.0,25,25
5757,4,MSX2,5757,-1.0,5.484032540618635,0.23205461069459438,1.8182636866288553e-06,-9.885365566622077,18.43316789434627,1.0,1.0,25,25
5755,4,MSX2,5755,-1.0,5.484032540618635,-0.40371487000745376,1.1638472511570912e-17,7.083990602042173,10.547845739205984,1.0,1.0,25,25
5763,4,MSX2,5763,-1.0,5.484032540618635,-0.45841570302686696,6.666137999756471e-23,10.756730084530421,19.953176372816497,1.0,1.0,25,25
5773,4,MSX2,5773,-1.0,5.484032540618635,0.22050573068143722,5.928376986552336e-06,-7.0522985922823045,10.439615337567277,1.0,1.0,25,25
5758,4,MSX2,5758,-1.0,5.484032540618635,0.6046364635296636,1.2584191279433543e-42,-14.98418976000645,36.1061721306598,1.0,1.0,25,25
5768,4,MSX2,5768,-1.0,5.484032540618635,0.39455068405002264,7.146634560359994e-17,-15.846537036653986,39.78679967169586,1.0,1.0,25,25
5764,4,MSX2,5764,-1.0,5.484032540618635,-0.5205677536971763,3.962546681592436e-30,15.689036055823536,40.53030076130521,1.0,1.0,25,25
5765,4,MSX2,5765,-1.0,5.484032540618635,0.6647547342755591,3.9184239190260806e-54,-25.54860148898211,81.62591203319693,1.0,1.0,25,25
5762,4,MSX2,5762,-1.0,5.484032540618635,-0.2620216628171809,6.301071573677212e-08,4.800734235787686,5.535697757408143,1.0,1.0,25,25
5772,4,MSX2,5772,-1.0,5.484032540618635,0.45719435273465703,8.945039873527776e-23,-16.352010080386275,43.72467230288682,1.0,1.0,25,25
5767,4,MSX2,5767,-1.0,5.484032540618635,-0.44210927296933816,3.0706378451986855e-21,17.424009463942173,39.616711542830124,1.0,1.0,25,25
5771,4,MSX2,5771,-1.0,5.484032540618635,0.4052213486010576,8.589603629786419e-18,-5.5199075266669695,6.762039535467924,1.0,1.0,25,25
5761,4,MSX2,5761,-1.0,5.484032540618635,0.4389540898619217,6.293014623162224e-21,-16.598520505961474,40.74323876697456,1.0,1.0,25,25
5750,4,MSX2,5750,-1.0,5.484032540618635,-0.3586618925433284,5.171111076065845e-14,10.940933223011603,19.51198788884108,1.0,1.0,25,25
5754,4,MSX2,5754,-1.0,5.484032540618635,0.39776015315076496,3.8092075070254445e-17,-9.272322408013538,17.109745786991414,1.0,1.0,25,25
5769,4,MSX2,5769,-1.0,5.484032540618635,-0.475165384138935,1.0463408527659525e-24,9.780913393199794,18.633338567189675,1.0,1.0,25,25
5760,4,MSX2,5760,-1.0,5.484032540618635,0.3918165979001806,1.2149419383431817e-16,-14.461574480662135,33.940450170162215,1.0,1.0,25,25
5751,4,MSX2,5751,-1.0,5.484032540618635,-0.545242344258601,1.955134519134699e-33,13.819689491559846,27.338943549759755,1.0,1.0,25,25
5766,4,MSX2,5766,-1.0,5.484032540618635,-0.4872796164128036,4.4815106560736293e-26,13.229594420648713,28.468124012713606,1.0,1.0,25,25
5774,4,MSX2,5774,-1.0,5.484032540618635,-0.26959143025412524,2.514098918816203e-08,10.140745206869362,18.387813083636477,1.0,1.0,25,25
5770,4,MSX2,5770,-1.0,5.484032540618635,0.15838834863614898,0.0012231940994771255,-6.819397187536372,10.138966968127251,1.0,1.0,25,25
2856,4,BHLHA15,2856,1.0,17.964455729356658,0.23716542912518024,1.0564511088442694e-06,3.0514286091781577,2.5712136710847893,0.6666666666666666,0.6666666666666666,3,3
2857,4,BHLHA15,2857,1.0,17.964455729356658,0.263439158157812,5.3166254604499055e-08,12.378191657558409,24.444924581932234,0.6666666666666666,0.6666666666666666,3,3
1085,4,ZBTB14,1085,-1.0,1.9068885656617258,0.28755552793339906,2.529634104419014e-09,-15.09509080928281,34.56227044877919,0.7692307692307693,0.5882352941176471,17,13
1083,4,ZBTB14,1083,-1.0,1.9068885656617258,0.5208273455967253,3.669267491564288e-30,-11.937519163021753,24.446162531312623,0.7692307692307693,0.5882352941176471,17,13
1078,4,ZBTB14,1078,-1.0,1.9068885656617258,0.5169451360553279,1.1508468271728709e-29,-2.157258836803923,1.4925480017221935,0.7692307692307693,0.5882352941176471,17,13
1094,4,ZBTB14,1094,-1.0,1.9068885656617258,0.3300163069374033,5.639780552663094e-12,-12.375332462538719,24.133433838837835,0.7692307692307693,0.5882352941176471,17,13
1091,4,ZBTB14,1091,-1.0,1.9068885656617258,0.38424277169738014,5.150510526536117e-16,-9.189133366899355,16.13993320978693,0.7692307692307693,0.5882352941176471,17,13
1088,4,ZBTB14,1088,-1.0,1.9068885656617258,0.2178617829566503,7.703122446426448e-06,-6.198933388889949,8.460858324112587,0.7692307692307693,0.5882352941176471,17,13
1081,4,ZBTB14,1081,-1.0,1.9068885656617258,-0.08905989258645278,0.07026161750922388,3.892098806492442,3.835287420621411,0.7692307692307693,0.5882352941176471,17,13
1090,4,ZBTB14,1090,-1.0,1.9068885656617258,0.2542261265294889,1.5756586276992476e-07,-4.867296520930332,5.675244272761104,0.7692307692307693,0.5882352941176471,17,13
1087,4,ZBTB14,1087,-1.0,1.9068885656617258,0.3261180314478252,1.0295414864904415e-11,-15.284344721193118,33.68154646386321,0.7692307692307693,0.5882352941176471,17,13
1092,4,ZBTB14,1092,-1.0,1.9068885656617258,0.5292300056103983,2.93720367462503e-31,-5.109120166376967,6.065166407829254,0.7692307692307693,0.5882352941176471,17,13
6099,4,POU2F2,6099,1.0,18.82759135048977,-0.20279479852244012,3.223673304717293e-05,-9.852828864067613,18.6681618620739,1.0,0.88,25,22
6102,4,POU2F2,6102,1.0,18.82759135048977,0.4247969454404628,1.4377470553255537e-19,10.583410160961922,19.6154489662779,1.0,0.88,25,22
6113,4,POU2F2,6113,1.0,18.82759135048977,0.37629739930349887,2.2524839369596227e-15,3.786992095293962,3.667130200359319,1.0,0.88,25,22
6104,4,POU2F2,6104,1.0,18.82759135048977,-0.3136823110951016,6.63448264169149e-11,-15.29327585492329,39.726394176497415,1.0,0.88,25,22
6100,4,POU2F2,6100,1.0,18.82759135048977,0.37178760309159586,5.112777048874056e-15,7.253216683232828,10.858717682331338,1.0,0.88,25,22
6108,4,POU2F2,6108,1.0,18.82759135048977,-0.2554281976838822,1.3706563453510927e-07,-12.042534183686467,25.522192496056963,1.0,0.88,25,22
6106,4,POU2F2,6106,1.0,18.82759135048977,0.22571464931206037,3.5056504248491322e-06,6.372068766162994,8.812023766303767,1.0,0.88,25,22
6092,4,POU2F2,6092,1.0,18.82759135048977,0.3063075335344959,1.924086835904411e-10,6.449386017636153,9.006416381645568,1.0,0.88,25,22
6101,4,POU2F2,6101,1.0,18.82759135048977,0.3125820473175997,7.791352691537907e-11,10.58399053733535,20.329122101832144,1.0,0.88,25,22
6097,4,POU2F2,6097,1.0,18.82759135048977,0.49646155947085535,3.779378673162595e-27,13.391576165450132,28.64848539108912,1.0,0.88,25,22
6091,4,POU2F2,6091,1.0,18.82759135048977,0.4831180284883085,1.341581359550855e-25,26.15585019371956,73.00379705877653,1.0,0.88,25,22
6090,4,POU2F2,6090,1.0,18.82759135048977,0.6955134148553368,3.998573430800158e-61,10.693552025409664,18.82138622290036,1.0,0.88,25,22
6093,4,POU2F2,6093,1.0,18.82759135048977,-0.3319103976702685,4.196747989467729e-12,-15.9521895717935,37.758230353396954,1.0,0.88,25,22
6112,4,POU2F2,6112,1.0,18.82759135048977,-0.19866838656869823,4.686617802863508e-05,-5.495640834635816,6.945573230859694,1.0,0.88,25,22
6094,4,POU2F2,6094,1.0,18.82759135048977,0.6742938487289512,3.277961204239239e-56,9.861041582190309,17.21942095826444,1.0,0.88,25,22
6098,4,POU2F2,6098,1.0,18.82759135048977,0.4393596282170476,5.7409885330907434e-21,14.073029292345186,30.712726716182765,1.0,0.88,25,22
6103,4,POU2F2,6103,1.0,18.82759135048977,0.4158397565416948,9.65867635339747e-19,2.344862573656231,1.6880864445878105,1.0,0.88,25,22
6107,4,POU2F2,6107,1.0,18.82759135048977,0.3834624739615373,5.964305368960224e-16,15.084792626863806,35.21624470291065,1.0,0.88,25,22
6110,4,POU2F2,6110,1.0,18.82759135048977,0.38857736451649316,2.263744402134915e-16,5.496541365906947,6.71240519460195,1.0,0.88,25,22
6096,4,POU2F2,6096,1.0,18.82759135048977,0.487581994469086,4.135898785123215e-26,25.0322601053704,67.19282164338392,1.0,0.88,25,22
6095,4,POU2F2,6095,1.0,18.82759135048977,0.5166830074271188,1.2425323665355897e-29,3.1702120351828835,2.732428073757729,1.0,0.88,25,22
6089,4,POU2F2,6089,1.0,18.82759135048977,0.6273148177508434,1.1343930822390459e-46,8.233880922757521,13.402973786401363,1.0,0.88,25,22
1248,4,NR5A2,1248,1.0,1.3298805036351926,-0.14588988652789917,0.0029262630421015077,-3.0140431593408947,2.526238958134783,0.6153846153846154,0.47058823529411764,17,13
1234,4,NR5A2,1234,1.0,1.3298805036351926,0.24074527396880924,7.169321889357964e-07,10.690586887264706,18.89634610487578,0.6153846153846154,0.47058823529411764,17,13
1236,4,NR5A2,1236,1.0,1.3298805036351926,0.4899533284205355,2.1979873355390067e-26,8.719952591318842,14.111912400336145,0.6153846153846154,0.47058823529411764,17,13
1242,4,NR5A2,1242,1.0,1.3298805036351926,0.26637282893020664,3.7287657300470786e-08,5.065538879150891,5.989847711089832,0.6153846153846154,0.47058823529411764,17,13
1233,4,NR5A2,1233,1.0,1.3298805036351926,0.2233086467355896,4.4754587554466635e-06,7.446235057350711,11.345312122963856,0.6153846153846154,0.47058823529411764,17,13
1246,4,NR5A2,1246,1.0,1.3298805036351926,0.16629262602573683,0.0006812753935501194,7.497546202450124,11.856458385385617,0.6153846153846154,0.47058823529411764,17,13
1241,4,NR5A2,1241,1.0,1.3298805036351926,-0.1969635357938756,5.458062714839607e-05,-5.908570281542142,7.745902669817451,0.6153846153846154,0.47058823529411764,17,13
1240,4,NR5A2,1240,1.0,1.3298805036351926,-0.027017090363771118,0.5835858539558545,-6.559147784591563,9.338772136008519,0.6153846153846154,0.47058823529411764,17,13
6651,4,POU6F1,6651,1.0,3.0766355655481026,-0.22138749756368356,5.428689856380605e-06,-2.04844152882431,1.3742090191538139,0.9545454545454546,0.84,25,22
6655,4,POU6F1,6655,1.0,3.0766355655481026,0.4685304857708548,5.575319014531036e-24,9.827328147538877,17.65474144006572,0.9545454545454546,0.84,25,22
6649,4,POU6F1,6649,1.0,3.0766355655481026,0.5164545327324669,1.3283126447697997e-29,2.125608657839738,1.4551470364498211,0.9545454545454546,0.84,25,22
6635,4,POU6F1,6635,1.0,3.0766355655481026,0.5970420052670944,2.4156227338953357e-41,8.334108196876972,13.645560509567996,0.9545454545454546,0.84,25,22
6638,4,POU6F1,6638,1.0,3.0766355655481026,0.5548661854492398,8.424325867474046e-35,8.860210446429054,14.455637737712365,0.9545454545454546,0.84,25,22
6658,4,POU6F1,6658,1.0,3.0766355655481026,0.37898176557160324,1.3744116464560042e-15,8.179017908832837,13.161995155758095,0.9545454545454546,0.84,25,22
6644,4,POU6F1,6644,1.0,3.0766355655481026,0.3891373050893965,2.0338582396845166e-16,23.012048742525984,56.40717949472655,0.9545454545454546,0.84,25,22
6639,4,POU6F1,6639,1.0,3.0766355655481026,0.2025242141320308,3.304521735302375e-05,3.648533724129743,3.4891290374894575,0.9545454545454546,0.84,25,22
6636,4,POU6F1,6636,1.0,3.0766355655481026,0.47634749969453566,7.736522322207447e-25,10.395952730173018,18.095249214438848,0.9545454545454546,0.84,25,22
6640,4,POU6F1,6640,1.0,3.0766355655481026,0.6996127683700378,4.006472670403474e-62,4.528995833597233,4.919764893923213,0.9545454545454546,0.84,25,22
6652,4,POU6F1,6652,1.0,3.0766355655481026,0.42240295004631645,2.405499477405566e-19,5.711297642247167,7.304646122612878,0.9545454545454546,0.84,25,22
6643,4,POU6F1,6643,1.0,3.0766355655481026,0.4140862005765984,1.3931164313314874e-18,20.94870117089541,53.97955130977701,0.9545454545454546,0.84,25,22
6653,4,POU6F1,6653,1.0,3.0766355655481026,0.3768502370361539,2.0353491050752723e-15,15.214873598060255,33.0432077046837,0.9545454545454546,0.84,25,22
6645,4,POU6F1,6645,1.0,3.0766355655481026,-0.23831914667830184,9.329867906002699e-07,-14.196028064447688,33.36481764933986,0.9545454545454546,0.84,25,22
6641,4,POU6F1,6641,1.0,3.0766355655481026,-0.34299184314899356,7.146521489887291e-13,-14.89894545271937,34.01247877881211,0.9545454545454546,0.84,25,22
6648,4,POU6F1,6648,1.0,3.0766355655481026,-0.2665147166199275,3.664934159277607e-08,-2.9340806660500625,2.421998254405792,0.9545454545454546,0.84,25,22
6637,4,POU6F1,6637,1.0,3.0766355655481026,0.37540650019807625,2.6511120410733902e-15,5.758822465792067,7.4334059670490165,0.9545454545454546,0.84,25,22
6650,4,POU6F1,6650,1.0,3.0766355655481026,0.2898012092585523,1.8763397418620855e-09,4.205433032533323,4.340042216692439,0.9545454545454546,0.84,25,22
6656,4,POU6F1,6656,1.0,3.0766355655481026,-0.348123306997862,3.073111392711113e-13,-8.307353258432514,13.503115905463348,0.9545454545454546,0.84,25,22
6654,4,POU6F1,6654,1.0,3.0766355655481026,0.2455609996571189,4.214896958124862e-07,19.65888105492688,51.003799797035185,0.9545454545454546,0.84,25,22
6657,4,POU6F1,6657,1.0,3.0766355655481026,0.3970204430734836,4.4063644600817115e-17,5.331703699651086,6.3618494278444,0.9545454545454546,0.84,25,22
7509,4,CNOT3,7509,-1.0,3.2888999202420037,0.38242816512919775,7.240136586458838e-16,-7.592641807652006,11.674262013333497,0.9333333333333333,0.7777777777777778,18,15
7500,4,CNOT3,7500,-1.0,3.2888999202420037,0.28718939343012645,2.655237627751697e-09,-12.41015665583888,26.47385488890984,0.9333333333333333,0.7777777777777778,18,15
7502,4,CNOT3,7502,-1.0,3.2888999202420037,0.4042421713382639,1.0466372983245561e-17,-3.5240048924225134,3.2782261106209476,0.9333333333333333,0.7777777777777778,18,15
7503,4,CNOT3,7503,-1.0,3.2888999202420037,-0.22254323114121927,4.834332855292915e-06,17.74507945477214,42.92100491656354,0.9333333333333333,0.7777777777777778,18,15
7512,4,CNOT3,7512,-1.0,3.2888999202420037,0.3846401925207938,4.778991376886013e-16,-13.87875436689085,27.192775021624534,0.9333333333333333,0.7777777777777778,18,15
7501,4,CNOT3,7501,-1.0,3.2888999202420037,-0.3012888695533794,3.904891139007342e-10,8.872308570026018,14.719301458437338,0.9333333333333333,0.7777777777777778,18,15
7511,4,CNOT3,7511,-1.0,3.2888999202420037,0.31001183383919934,1.1312550880619176e-10,-5.880404630902856,7.743269387907283,0.9333333333333333,0.7777777777777778,18,15
7510,4,CNOT3,7510,-1.0,3.2888999202420037,0.19567453940406326,6.11931338328049e-05,-12.210339944479072,24.59336045033496,0.9333333333333333,0.7777777777777778,18,15
7496,4,CNOT3,7496,-1.0,3.2888999202420037,-0.18869227832479515,0.00011224949399221905,7.6001430842271525,11.672185999259469,0.9333333333333333,0.7777777777777778,18,15
7504,4,CNOT3,7504,-1.0,3.2888999202420037,-0.24815894803553623,3.1501099803515105e-07,23.65394849724236,60.49839818686303,0.9333333333333333,0.7777777777777778,18,15
7497,4,CNOT3,7497,-1.0,3.2888999202420037,0.35417814007900217,1.1127955861614452e-13,-8.95795094667404,15.55291086832752,0.9333333333333333,0.7777777777777778,18,15
7513,4,CNOT3,7513,-1.0,3.2888999202420037,0.16211564861403718,0.0009312377873292574,-6.57759232340353,9.11163008382979,0.9333333333333333,0.7777777777777778,18,15
7498,4,CNOT3,7498,-1.0,3.2888999202420037,0.37315371603267483,3.993962107526691e-15,-8.894542062898463,15.667220480943039,0.9333333333333333,0.7777777777777778,18,15
7508,4,CNOT3,7508,-1.0,3.2888999202420037,0.3900478215631238,1.7080733633801377e-16,-6.9934991589680475,10.481641030438512,0.9333333333333333,0.7777777777777778,18,15
950,4,CEBPZ,950,1.0,10.852144068889668,0.35932211845592715,4.614554430251781e-14,10.357548480159329,19.582991226516913,0.5833333333333334,0.56,25,24
946,4,CEBPZ,946,1.0,10.852144068889668,0.29356165582426563,1.1310597345483707e-09,8.910776474941398,15.66107852203598,0.5833333333333334,0.56,25,24
948,4,CEBPZ,948,1.0,10.852144068889668,-0.1875020452374822,0.00012421395103167648,-17.55104042219614,46.79395258534496,0.5833333333333334,0.56,25,24
939,4,CEBPZ,939,1.0,10.852144068889668,0.501800696839363,8.66581410989542e-28,16.951150014365005,38.855449748608024,0.5833333333333334,0.56,25,24
953,4,CEBPZ,953,1.0,10.852144068889668,0.20533440214167548,2.5508737483673157e-05,12.170897805460434,22.493140984230894,0.5833333333333334,0.56,25,24
945,4,CEBPZ,945,1.0,10.852144068889668,0.19829785506908146,4.84496443607709e-05,5.327179960393504,6.561535605784369,0.5833333333333334,0.56,25,24
949,4,CEBPZ,949,1.0,10.852144068889668,0.19985811231027914,4.2105988200840084e-05,21.020263136148362,56.52136289331244,0.5833333333333334,0.56,25,24
941,4,CEBPZ,941,1.0,10.852144068889668,0.6412196422282457,2.5396659038164427e-49,6.509081127912797,9.297083767604226,0.5833333333333334,0.56,25,24
959,4,CEBPZ,959,1.0,10.852144068889668,0.49495423530103155,5.701191782480676e-27,6.529439131643359,9.510423493495887,0.5833333333333334,0.56,25,24
943,4,CEBPZ,943,1.0,10.852144068889668,0.2503434096423593,2.459776446700548e-07,8.526878905996167,13.692111690910176,0.5833333333333334,0.56,25,24
952,4,CEBPZ,952,1.0,10.852144068889668,0.5402531063299413,9.593263941860077e-33,10.894497172182824,21.449675912012818,0.5833333333333334,0.56,25,24
944,4,CEBPZ,944,1.0,10.852144068889668,0.47079443154236067,3.1631673634255698e-24,3.230483262928504,2.842964984466981,0.5833333333333334,0.56,25,24
942,4,CEBPZ,942,1.0,10.852144068889668,0.2702421857130597,2.3200502655271852e-08,20.40627847112516,50.237483313908186,0.5833333333333334,0.56,25,24
960,4,CEBPZ,960,1.0,10.852144068889668,0.49635535509761974,3.890716197985321e-27,6.1749915388378405,8.500964436082283,0.5833333333333334,0.56,25,24
2514,4,NFE2L2,2514,-1.0,10.356204021893536,-0.21618483619708861,9.079851532673046e-06,6.183564997509572,8.392409450384315,0.3684210526315789,0.28,25,19
2518,4,NFE2L2,2518,-1.0,10.356204021893536,0.35614478125154586,7.963018180967109e-14,-15.536286099800147,36.15018697958132,0.3684210526315789,0.28,25,19
2516,4,NFE2L2,2516,-1.0,10.356204021893536,-0.25437714644238607,1.548367218997151e-07,3.4085323874708178,3.083171946369982,0.3684210526315789,0.28,25,19
2521,4,NFE2L2,2521,-1.0,10.356204021893536,0.5301114342621566,2.2444608131129124e-31,-1.9774789263168546,1.3053647338478152,0.3684210526315789,0.28,25,19
2529,4,NFE2L2,2529,-1.0,10.356204021893536,0.46414634218524803,1.6510270631893252e-23,-8.811643218672964,14.478432239255397,0.3684210526315789,0.28,25,19
2507,4,NFE2L2,2507,-1.0,10.356204021893536,-0.3745939014506283,3.074576719402615e-15,2.8138963547622438,2.2618248845580187,0.3684210526315789,0.28,25,19
2508,4,NFE2L2,2508,-1.0,10.356204021893536,-0.21666021914798894,8.667456465592123e-06,16.241284528924105,35.90360179267123,0.3684210526315789,0.28,25,19
976,4,KLF16,976,1.0,13.069200077180355,0.43499036677291336,1.5337695753038478e-20,24.015968592504343,66.71212723521498,0.88,0.88,25,25
981,4,KLF16,981,1.0,13.069200077180355,0.3412213756594967,9.527911437450525e-13,13.037521317827727,26.6887866015421,0.88,0.88,25,25
965,4,KLF16,965,1.0,13.069200077180355,-0.275748747173133,1.1657180761873005e-08,-11.943575002058028,26.083706038476503,0.88,0.88,25,25
969,4,KLF16,969,1.0,13.069200077180355,-0.3967764097763832,4.622859578906671e-17,-12.172774169128727,24.76609033625912,0.88,0.88,25,25
971,4,KLF16,971,1.0,13.069200077180355,0.23532242455451874,1.286771351719416e-06,5.2363258437689675,6.254879862308349,0.88,0.88,25,25
974,4,KLF16,974,1.0,13.069200077180355,0.2941674266282944,1.041771173538066e-09,19.87493771994254,51.52435188851771,0.88,0.88,25,25
972,4,KLF16,972,1.0,13.069200077180355,0.2980043132842984,6.160495810307733e-10,8.648576183509675,13.95784889933884,0.88,0.88,25,25
968,4,KLF16,968,1.0,13.069200077180355,-0.31592072046476255,4.774219381182128e-11,-16.796329881683814,41.098979887972774,0.88,0.88,25,25
970,4,KLF16,970,1.0,13.069200077180355,0.35066138857990126,2.0128108863382763e-13,4.9775501540013956,5.857823825005316,0.88,0.88,25,25
963,4,KLF16,963,1.0,13.069200077180355,-0.21124024469284658,1.4634963571057682e-05,-2.8186089472433644,2.2741376370698867,0.88,0.88,25,25
983,4,KLF16,983,1.0,13.069200077180355,0.18715451341105024,0.00012792720127557575,4.010593614641118,4.044530314061197,0.88,0.88,25,25
964,4,KLF16,964,1.0,13.069200077180355,0.4244431563500027,1.5517705111011734e-19,3.2332408443181957,2.8308599374371126,0.88,0.88,25,25
977,4,KLF16,977,1.0,13.069200077180355,0.5401086819115605,1.0041332907443735e-32,8.688896230297722,14.667377445664606,0.88,0.88,25,25
982,4,KLF16,982,1.0,13.069200077180355,-0.23144833254483352,1.9376488641451947e-06,-15.57629878133708,41.15657390990252,0.88,0.88,25,25
975,4,KLF16,975,1.0,13.069200077180355,0.3210459270496028,2.2242262316886226e-11,13.879556915118766,28.76307241823619,0.88,0.88,25,25
978,4,KLF16,978,1.0,13.069200077180355,0.44714856901022354,9.60983015517153e-22,10.936266889007744,20.377535800159418,0.88,0.88,25,25
987,4,KLF16,987,1.0,13.069200077180355,0.3610660348521151,3.4115326411873486e-14,5.691814862990633,7.296753884004574,0.88,0.88,25,25
980,4,KLF16,980,1.0,13.069200077180355,-0.3713712413608535,5.511178084309628e-15,-13.286798840095136,27.030705367677957,0.88,0.88,25,25
985,4,KLF16,985,1.0,13.069200077180355,-0.20224585044039725,3.3896949745015084e-05,-6.51019476832999,9.156522407177922,0.88,0.88,25,25
967,4,KLF16,967,1.0,13.069200077180355,0.44838615436585805,7.203173880859428e-22,14.503047440479534,32.442760014246694,0.88,0.88,25,25
966,4,KLF16,966,1.0,13.069200077180355,0.5093582879787388,1.0302982744377215e-28,21.754498763447124,52.83371025070888,0.88,0.88,25,25
973,4,KLF16,973,1.0,13.069200077180355,-0.392120836224147,1.145558601820464e-16,-26.82422650684458,85.18581570915518,0.88,0.88,25,25
104,4,ZNF263,104,-1.0,11.3174264417407,0.247542015625403,3.37663712758919e-07,-9.75152694112557,17.46647683685849,0.7222222222222222,0.52,25,18
108,4,ZNF263,108,-1.0,11.3174264417407,0.3975056347085363,4.0051062530554085e-17,-5.919433171480749,7.777560811518313,0.7222222222222222,0.52,25,18
103,4,ZNF263,103,-1.0,11.3174264417407,0.2563585006411582,1.229899934912255e-07,-5.749593410973462,7.455870037020139,0.7222222222222222,0.52,25,18
85,4,ZNF263,85,-1.0,11.3174264417407,0.2825662900047395,4.866856562169353e-09,-3.177893807910061,2.763312947630659,0.7222222222222222,0.52,25,18
90,4,ZNF263,90,-1.0,11.3174264417407,0.343645135336588,6.424001628990344e-13,-10.199595222340019,19.02487289990833,0.7222222222222222,0.52,25,18
98,4,ZNF263,98,-1.0,11.3174264417407,0.2517384412901633,2.097795731193575e-07,-4.965058862253062,5.708145846883531,0.7222222222222222,0.52,25,18
88,4,ZNF263,88,-1.0,11.3174264417407,0.19760279141621756,5.1557235541890145e-05,-14.080080929460932,33.04999020987353,0.7222222222222222,0.52,25,18
94,4,ZNF263,94,-1.0,11.3174264417407,0.18449179389417872,0.0001600356132731652,-10.097261732403473,18.847586865207486,0.7222222222222222,0.52,25,18
93,4,ZNF263,93,-1.0,11.3174264417407,0.30117826818379956,3.965674460405596e-10,-10.320788597739035,19.187798236281463,0.7222222222222222,0.52,25,18
91,4,ZNF263,91,-1.0,11.3174264417407,0.21289622116215154,1.2488213643953231e-05,-15.730828591969248,36.27617771046755,0.7222222222222222,0.52,25,18
105,4,ZNF263,105,-1.0,11.3174264417407,0.17970295752966597,0.0002375501714084052,-17.01819284875619,39.307295907131476,0.7222222222222222,0.52,25,18
106,4,ZNF263,106,-1.0,11.3174264417407,0.37408198960702277,3.3747043289046546e-15,-3.6819707458274378,3.5095552062902904,0.7222222222222222,0.52,25,18
99,4,ZNF263,99,-1.0,11.3174264417407,0.2906476310548014,1.6753760211556984e-09,-9.832638494651277,16.833943447134075,0.7222222222222222,0.52,25,18
1644,4,TBP,1644,1.0,7.940002925472499,0.5196428624277086,5.208624056917413e-30,5.782316484134126,7.593449735282703,0.8333333333333334,0.8,25,24
1660,4,TBP,1660,1.0,7.940002925472499,0.24388844989390135,5.075227810771057e-07,11.839009307966249,23.498168707911404,0.8333333333333334,0.8,25,24
1659,4,TBP,1659,1.0,7.940002925472499,0.5076549592411124,1.6727198961418991e-28,4.563220455990428,5.014669733647222,0.8333333333333334,0.8,25,24
1650,4,TBP,1650,1.0,7.940002925472499,0.3641402117576528,1.9940886304958694e-14,2.0893782126050984,1.4196872894640502,0.8333333333333334,0.8,25,24
1658,4,TBP,1658,1.0,7.940002925472499,0.4170545113393886,7.484714673839895e-19,11.575497108616775,23.5569608384198,0.8333333333333334,0.8,25,24
1648,4,TBP,1648,1.0,7.940002925472499,0.27892777552995435,7.78016757208581e-09,16.68810640725118,37.94880167465697,0.8333333333333334,0.8,25,24
1657,4,TBP,1657,1.0,7.940002925472499,-0.2062736682068838,2.337601611809967e-05,-16.94555869528484,46.47918116871968,0.8333333333333334,0.8,25,24
1646,4,TBP,1646,1.0,7.940002925472499,0.26711541396663613,3.406200886827222e-08,8.579210438856364,13.815058249919312,0.8333333333333334,0.8,25,24
1656,4,TBP,1656,1.0,7.940002925472499,0.31164582532678353,8.928629332945541e-11,10.102438012286793,19.125124318761664,0.8333333333333334,0.8,25,24
1652,4,TBP,1652,1.0,7.940002925472499,0.4443495426066832,1.8364514316748637e-21,14.986933359420506,34.37226350338091,0.8333333333333334,0.8,25,24
1647,4,TBP,1647,1.0,7.940002925472499,0.24126648715083518,6.772401344256788e-07,12.775658139251936,24.7445663656956,0.8333333333333334,0.8,25,24
1653,4,TBP,1653,1.0,7.940002925472499,0.31785692089338513,3.5836494280965215e-11,4.111772662027061,4.230155438813693,0.8333333333333334,0.8,25,24
1651,4,TBP,1651,1.0,7.940002925472499,-0.22222360333004829,4.992182372826705e-06,-27.055392627616552,89.05149198132582,0.8333333333333334,0.8,25,24
1638,4,TBP,1638,1.0,7.940002925472499,0.5098627587516082,8.920800882519439e-29,15.462344641065872,35.710585391852106,0.8333333333333334,0.8,25,24
1637,4,TBP,1637,1.0,7.940002925472499,0.47014824219501444,3.720198931183797e-24,13.59232452276985,30.66110329120444,0.8333333333333334,0.8,25,24
1640,4,TBP,1640,1.0,7.940002925472499,0.3837641755568437,5.635686040821831e-16,14.795133623933383,29.980866855693556,0.8333333333333334,0.8,25,24
1639,4,TBP,1639,1.0,7.940002925472499,0.5092108194859658,1.0745602461523615e-28,4.609151746245131,5.177300949891922,0.8333333333333334,0.8,25,24
1643,4,TBP,1643,1.0,7.940002925472499,0.5469384010407352,1.1316231595395083e-33,7.490679745473745,11.781057101493907,0.8333333333333334,0.8,25,24
1649,4,TBP,1649,1.0,7.940002925472499,0.3047403425682941,2.4034950089972125e-10,4.410730667386099,4.803107654359243,0.8333333333333334,0.8,25,24
1642,4,TBP,1642,1.0,7.940002925472499,0.3119756000525949,8.510709957272114e-11,22.921018569331757,59.77399723524101,0.8333333333333334,0.8,25,24
4156,4,LTF,4156,1.0,6.2356830190929555,0.1891595437439832,0.00010785556582173592,17.557589073296192,37.51655852446662,1.0,1.0,6,6
4151,4,LTF,4151,1.0,6.2356830190929555,0.4860186931534962,6.257421734697243e-26,7.461232288368207,11.439670589672815,1.0,1.0,6,6
4154,4,LTF,4154,1.0,6.2356830190929555,0.34274155258786493,7.443897374078473e-13,12.528939686118147,23.985914480643558,1.0,1.0,6,6
4153,4,LTF,4153,1.0,6.2356830190929555,0.500230461798769,1.3399482226643985e-27,5.311824109815478,6.376173100194048,1.0,1.0,6,6
4152,4,LTF,4152,1.0,6.2356830190929555,0.490055304912671,2.1388020577685167e-26,11.61250086155933,21.241399509454148,1.0,1.0,6,6
4155,4,LTF,4155,1.0,6.2356830190929555,0.20366760229675415,2.9754586903844328e-05,20.48006656256642,51.39528983753077,1.0,1.0,6,6
4648,4,MYCN,4648,-1.0,27.771047186706813,0.6155491385689166,1.564697468953271e-44,-13.255076189116696,29.4695787342618,1.0,0.875,8,7
4652,4,MYCN,4652,-1.0,27.771047186706813,-0.3107885424374023,1.0110797459039733e-10,14.32301132925341,30.385311660231334,1.0,0.875,8,7
4650,4,MYCN,4650,-1.0,27.771047186706813,-0.3736138674559049,3.674204536453254e-15,24.34534180882363,69.52956469718906,1.0,0.875,8,7
4649,4,MYCN,4649,-1.0,27.771047186706813,0.31523314660186735,5.283548388274342e-11,-3.5691222739777357,3.3307815868808652,1.0,0.875,8,7
4653,4,MYCN,4653,-1.0,27.771047186706813,-0.2637654370574171,5.112018857508734e-08,16.68114837686415,39.38835689605977,1.0,0.875,8,7
4647,4,MYCN,4647,-1.0,27.771047186706813,-0.17808806680056552,0.00027078815144711456,9.638579548374423,16.22197588264624,1.0,0.875,8,7
4654,4,MYCN,4654,-1.0,27.771047186706813,-0.22285880985098708,4.683163097991515e-06,14.403582450024027,28.54457377195048,1.0,0.875,8,7
7086,4,HOXB4,7086,-1.0,37.75990817880952,0.27698092084095943,9.972306447781013e-09,-16.191064549897558,37.646505967457294,1.0,0.9166666666666666,24,22
7084,4,HOXB4,7084,-1.0,37.75990817880952,-0.2869778302598752,2.7305517897906854e-09,13.142241871787213,26.092158124867563,1.0,0.9166666666666666,24,22
7095,4,HOXB4,7095,-1.0,37.75990817880952,0.2027768723065755,3.228971069293923e-05,-6.693647716247576,9.589354327426667,1.0,0.9166666666666666,24,22
7078,4,HOXB4,7078,-1.0,37.75990817880952,-0.18565040243086253,0.00014523271281587967,7.546934130546487,11.881052667945262,1.0,0.9166666666666666,24,22
7099,4,HOXB4,7099,-1.0,37.75990817880952,0.2754832362400439,1.2054767479810761e-08,-7.069121894456067,10.440936431490325,1.0,0.9166666666666666,24,22
7077,4,HOXB4,7077,-1.0,37.75990817880952,-0.29854379091267697,5.718271300968687e-10,8.755537291059776,14.82228888468697,1.0,0.9166666666666666,24,22
7090,4,HOXB4,7090,-1.0,37.75990817880952,0.2765687869913172,1.0507751800822008e-08,-9.952603162049604,18.900639316516017,1.0,0.9166666666666666,24,22
7093,4,HOXB4,7093,-1.0,37.75990817880952,0.26252207482419415,5.9349655944248015e-08,-3.321701543524941,2.9619615438809337,1.0,0.9166666666666666,24,22
7079,4,HOXB4,7079,-1.0,37.75990817880952,-0.3387558445171358,1.4178097646534428e-12,14.47632555280155,29.71343504902342,1.0,0.9166666666666666,24,22
7097,4,HOXB4,7097,-1.0,37.75990817880952,0.4262232634084079,1.0559904192455542e-19,-13.1316392113308,28.18991115364401,1.0,0.9166666666666666,24,22
7094,4,HOXB4,7094,-1.0,37.75990817880952,-0.2601527702556727,7.870940900139884e-08,11.168503746185248,21.436319904466448,1.0,0.9166666666666666,24,22
7092,4,HOXB4,7092,-1.0,37.75990817880952,0.3646308150805137,1.829343000000084e-14,-14.33379022529111,31.991643382106705,1.0,0.9166666666666666,24,22
7096,4,HOXB4,7096,-1.0,37.75990817880952,0.37705317532896093,1.96091038965372e-15,-5.615785853638728,7.077828357044615,1.0,0.9166666666666666,24,22
7089,4,HOXB4,7089,-1.0,37.75990817880952,0.24339142019176827,5.361857998397887e-07,-2.8932093343244945,2.341986749324564,1.0,0.9166666666666666,24,22
7080,4,HOXB4,7080,-1.0,37.75990817880952,-0.33322628338387766,3.4136757617155036e-12,16.080550773281644,37.322084982776076,1.0,0.9166666666666666,24,22
7100,4,HOXB4,7100,-1.0,37.75990817880952,-0.30120312812466843,3.951932489915761e-10,12.662874099421945,25.763989759471485,1.0,0.9166666666666666,24,22
7081,4,HOXB4,7081,-1.0,37.75990817880952,-0.42769930125809064,7.661150868073006e-20,21.579341615568186,51.4146347758977,1.0,0.9166666666666666,24,22
7083,4,HOXB4,7083,-1.0,37.75990817880952,-0.21255021137291563,1.2910399357906799e-05,8.03639222790376,12.506226684732518,1.0,0.9166666666666666,24,22
7085,4,HOXB4,7085,-1.0,37.75990817880952,-0.38777863321905376,2.6364142590881664e-16,21.463936331268847,55.03367698809706,1.0,0.9166666666666666,24,22
7088,4,HOXB4,7088,-1.0,37.75990817880952,-0.2834778211699308,4.3225904977894e-09,14.071618151924914,29.04469868823246,1.0,0.9166666666666666,24,22
7091,4,HOXB4,7091,-1.0,37.75990817880952,-0.22561334928090088,3.542076889675427e-06,4.695790985915562,5.174453906879021,1.0,0.9166666666666666,24,22
7082,4,HOXB4,7082,-1.0,37.75990817880952,0.41098631815397185,2.6479485581755657e-18,-14.465730093443486,33.27345953780703,1.0,0.9166666666666666,24,22
7238,4,HLF,7238,1.0,13.252323600698816,0.4715596993554464,2.6091738046003972e-24,4.941963137095076,5.637970765913326,0.9090909090909091,0.7142857142857143,14,11
7228,4,HLF,7228,1.0,13.252323600698816,0.5523467628658018,1.9379175576907333e-34,7.520285192195968,11.533865632183721,0.9090909090909091,0.7142857142857143,14,11
7237,4,HLF,7237,1.0,13.252323600698816,0.189348387431121,0.000106126080126379,3.040578080547642,2.572852101494508,0.9090909090909091,0.7142857142857143,14,11
7231,4,HLF,7231,1.0,13.252323600698816,0.3311732915903548,4.709412232384208e-12,21.36011948490612,56.75376655270249,0.9090909090909091,0.7142857142857143,14,11
7241,4,HLF,7241,1.0,13.252323600698816,0.32978654453745493,5.844823762218333e-12,12.244650311340603,24.79145441259563,0.9090909090909091,0.7142857142857143,14,11
7239,4,HLF,7239,1.0,13.252323600698816,0.2667018145038482,3.5823760246030354e-08,7.023896947884728,10.377124020170617,0.9090909090909091,0.7142857142857143,14,11
7229,4,HLF,7229,1.0,13.252323600698816,0.4164888452481521,8.429461677594866e-19,5.934561675259413,7.824839824995257,0.9090909090909091,0.7142857142857143,14,11
7230,4,HLF,7230,1.0,13.252323600698816,0.5336799637253109,7.49252808542254e-32,9.243535629246326,15.79689983522482,0.9090909090909091,0.7142857142857143,14,11
7232,4,HLF,7232,1.0,13.252323600698816,0.3974286834680215,4.066260004513168e-17,3.5685722856011544,3.2963142518101423,0.9090909090909091,0.7142857142857143,14,11
7236,4,HLF,7236,1.0,13.252323600698816,0.6508875709631594,3.019707636286295e-51,2.6838477522567104,2.09298987437254,0.9090909090909091,0.7142857142857143,14,11
843,4,ZBTB18,843,-1.0,7.676403251378231,-0.30566557206824985,2.1080047252907467e-10,12.299421976106318,27.106196157913878,0.9047619047619048,0.7916666666666666,24,21
841,4,ZBTB18,841,-1.0,7.676403251378231,0.3731237826344858,4.0156831392892174e-15,-5.824276554755571,7.618684993650743,0.9047619047619048,0.7916666666666666,24,21
836,4,ZBTB18,836,-1.0,7.676403251378231,0.31707239527644215,4.0263433625537234e-11,-4.249354564725817,4.489416970001642,0.9047619047619048,0.7916666666666666,24,21
833,4,ZBTB18,833,-1.0,7.676403251378231,0.29944889569859606,5.044724007192715e-10,-14.731185182812167,35.153475255401425,0.9047619047619048,0.7916666666666666,24,21
848,4,ZBTB18,848,-1.0,7.676403251378231,0.24787770938475454,3.251501376610736e-07,-2.5804815898562854,1.9562403988963282,0.9047619047619048,0.7916666666666666,24,21
838,4,ZBTB18,838,-1.0,7.676403251378231,0.3753319203754697,2.687461690659579e-15,-12.023326718838776,25.08217326200418,0.9047619047619048,0.7916666666666666,24,21
831,4,ZBTB18,831,-1.0,7.676403251378231,-0.3171691291960135,3.9690036158217326e-11,22.766438281417802,56.93025769157979,0.9047619047619048,0.7916666666666666,24,21
830,4,ZBTB18,830,-1.0,7.676403251378231,0.4558179237636936,1.2442026776940943e-22,-10.716262333260051,20.466799134207584,0.9047619047619048,0.7916666666666666,24,21
847,4,ZBTB18,847,-1.0,7.676403251378231,0.3686182143036828,9.026854949796791e-15,-7.376388674204711,11.341989094883994,0.9047619047619048,0.7916666666666666,24,21
851,4,ZBTB18,851,-1.0,7.676403251378231,0.32288353329096997,1.685387080561349e-11,-6.030089625923462,7.829101100762854,0.9047619047619048,0.7916666666666666,24,21
832,4,ZBTB18,832,-1.0,7.676403251378231,-0.31014069965513175,1.1103962672857075e-10,7.683597446399983,11.541086163593757,0.9047619047619048,0.7916666666666666,24,21
828,4,ZBTB18,828,-1.0,7.676403251378231,0.260104741526375,7.915887435494926e-08,-2.5122495880657683,1.8935944549971386,0.9047619047619048,0.7916666666666666,24,21
829,4,ZBTB18,829,-1.0,7.676403251378231,-0.2940647736751829,1.0564042532240447e-09,15.112838768028308,30.95838700556061,0.9047619047619048,0.7916666666666666,24,21
846,4,ZBTB18,846,-1.0,7.676403251378231,-0.28357134189986605,4.270211164816221e-09,16.608796224582203,36.677633745057314,0.9047619047619048,0.7916666666666666,24,21
845,4,ZBTB18,845,-1.0,7.676403251378231,-0.24978516022189612,2.6208695174359756e-07,10.917390953822364,21.24416231001734,0.9047619047619048,0.7916666666666666,24,21
839,4,ZBTB18,839,-1.0,7.676403251378231,0.28118123615633184,5.823084555191792e-09,-2.1648675225782137,1.4922342496799652,0.9047619047619048,0.7916666666666666,24,21
837,4,ZBTB18,837,-1.0,7.676403251378231,0.3375874272962997,1.7095787987108428e-12,-9.2896181854353,16.231199460423156,0.9047619047619048,0.7916666666666666,24,21
849,4,ZBTB18,849,-1.0,7.676403251378231,0.35294816490934794,1.3702525255769328e-13,-5.483467811454388,6.839339082670942,0.9047619047619048,0.7916666666666666,24,21
842,4,ZBTB18,842,-1.0,7.676403251378231,0.5130818674212589,3.537841459569593e-29,-12.027171118282292,23.189906178438186,0.9047619047619048,0.7916666666666666,24,21
4251,4,ELF5,4251,-1.0,42.313560996556376,0.4247567749304355,1.4502666446736552e-19,-11.048332715573869,21.602190721475925,1.0,1.0,25,25
4263,4,ELF5,4263,-1.0,42.313560996556376,-0.03306019166365444,0.5023320642813351,4.226861209453633,4.449953452528381,1.0,1.0,25,25
4257,4,ELF5,4257,-1.0,42.313560996556376,0.4594000073163346,5.2550636684350277e-23,-13.751419488284956,30.29938917436295,1.0,1.0,25,25
4254,4,ELF5,4254,-1.0,42.313560996556376,0.6368321429827927,1.801596664149843e-48,-17.8149011615871,46.284448101435295,1.0,1.0,25,25
4259,4,ELF5,4259,-1.0,42.313560996556376,0.42785114981371214,7.411698900232178e-20,-14.061403963588045,33.12133676346668,1.0,1.0,25,25
4255,4,ELF5,4255,-1.0,42.313560996556376,-0.41647348327562844,8.456691034138032e-19,12.444219024278016,23.714177882575598,1.0,1.0,25,25
4269,4,ELF5,4269,-1.0,42.313560996556376,0.2223601014493152,4.924179742770167e-06,-3.7974387348067196,3.6742240211233086,1.0,1.0,25,25
4253,4,ELF5,4253,-1.0,42.313560996556376,-0.315151943162796,5.3470894770697557e-11,9.189329469570362,15.394402084957761,1.0,1.0,25,25
4267,4,ELF5,4267,-1.0,42.313560996556376,-0.3251071477047469,1.20175743392785e-11,10.48726768195473,20.007393407502576,1.0,1.0,25,25
4270,4,ELF5,4270,-1.0,42.313560996556376,0.22126606903307666,5.495034732564224e-06,-6.756347109233711,9.896340151186424,1.0,1.0,25,25
4262,4,ELF5,4262,-1.0,42.313560996556376,0.20115931250208038,3.7424484235629364e-05,-4.59284028510634,5.134604027004659,1.0,1.0,25,25
4256,4,ELF5,4256,-1.0,42.313560996556376,0.3097590685780047,1.173282976578983e-10,-7.869113498343546,12.592367012751993,1.0,1.0,25,25
4260,4,ELF5,4260,-1.0,42.313560996556376,0.6425884548318437,1.3692057844395399e-49,-27.19640923789407,88.32857976623056,1.0,1.0,25,25
4265,4,ELF5,4265,-1.0,42.313560996556376,0.31672170802406135,4.241065715688651e-11,-6.390164583492134,8.70844962799871,1.0,1.0,25,25
4248,4,ELF5,4248,-1.0,42.313560996556376,-0.46216781293144665,2.6811047879406154e-23,15.951551119496088,34.965455980549365,1.0,1.0,25,25
4252,4,ELF5,4252,-1.0,42.313560996556376,-0.3007419685055043,4.214553707677421e-10,6.830520268124171,9.945193119214276,1.0,1.0,25,25
4266,4,ELF5,4266,-1.0,42.313560996556376,0.41592384571916297,9.489999035784122e-19,-12.25365582149487,25.83907711555981,1.0,1.0,25,25
4258,4,ELF5,4258,-1.0,42.313560996556376,-0.3171857712409664,3.959219511911334e-11,8.756852086448465,14.139262038933829,1.0,1.0,25,25
4261,4,ELF5,4261,-1.0,42.313560996556376,-0.4550380836682245,1.498984900411647e-22,14.020709793560808,29.680859480918244,1.0,1.0,25,25
4249,4,ELF5,4249,-1.0,42.313560996556376,-0.555945112503858,5.883728876840238e-35,25.247845799618403,71.89530704903791,1.0,1.0,25,25
4246,4,ELF5,4246,-1.0,42.313560996556376,-0.26213356622763906,6.21735626178779e-08,7.795585464554578,12.230876320341133,1.0,1.0,25,25
4247,4,ELF5,4247,-1.0,42.313560996556376,-0.3626945770815715,2.5687498688360996e-14,10.600738348149457,18.66117451381546,1.0,1.0,25,25
4264,4,ELF5,4264,-1.0,42.313560996556376,0.5789608892221659,2.0158013351955828e-38,-16.94212013458677,40.07348139662125,1.0,1.0,25,25
4268,4,ELF5,4268,-1.0,42.313560996556376,-0.3362008630251981,2.132505744632862e-12,9.315271544739511,16.74720426094436,1.0,1.0,25,25
4250,4,ELF5,4250,-1.0,42.313560996556376,0.5021021101147547,7.968274659969472e-28,-11.264310600294884,23.730243475340203,1.0,1.0,25,25
6562,4,SOX8,6562,1.0,4.445889359155731,0.24983676144173042,2.605563239393975e-07,6.414131290890674,8.64327267094439,0.8571428571428571,0.72,25,21
6558,4,SOX8,6558,1.0,4.445889359155731,-0.2479660923792633,3.219304265733594e-07,-2.2958087708017616,1.6440980048699316,0.8571428571428571,0.72,25,21
6566,4,SOX8,6566,1.0,4.445889359155731,0.15089728358525817,0.002079275061558791,10.039440794365541,18.233205595801827,0.8571428571428571,0.72,25,21
6557,4,SOX8,6557,1.0,4.445889359155731,0.2290278828876645,2.4933834413173994e-06,17.323062007789922,38.03216794064311,0.8571428571428571,0.72,25,21
6544,4,SOX8,6544,1.0,4.445889359155731,0.2771796638833352,9.723637061825588e-09,10.481103794927147,18.326746955412872,0.8571428571428571,0.72,25,21
6556,4,SOX8,6556,1.0,4.445889359155731,0.20134108445197868,3.681111150058519e-05,12.114880116107118,23.017661551444192,0.8571428571428571,0.72,25,21
6550,4,SOX8,6550,1.0,4.445889359155731,0.5150681746116093,1.9895487444602217e-29,4.408706166592298,4.657166755455057,0.8571428571428571,0.72,25,21
6552,4,SOX8,6552,1.0,4.445889359155731,-0.23663485889442976,1.1183527095295218e-06,-3.3632177057379966,3.041208956742366,0.8571428571428571,0.72,25,21
6567,4,SOX8,6567,1.0,4.445889359155731,0.273760997780386,1.497130207138084e-08,5.932318576691328,7.489153477102795,0.8571428571428571,0.72,25,21
6545,4,SOX8,6545,1.0,4.445889359155731,0.41329516964383783,1.6422480069124885e-18,9.379168517796707,15.83870489676495,0.8571428571428571,0.72,25,21
6564,4,SOX8,6564,1.0,4.445889359155731,0.5253597716943711,9.480887197943028e-31,3.8962413330155514,3.807027217069187,0.8571428571428571,0.72,25,21
6561,4,SOX8,6561,1.0,4.445889359155731,0.2918962477539633,1.4165698675753097e-09,4.565361517121502,4.994726884807112,0.8571428571428571,0.72,25,21
6546,4,SOX8,6546,1.0,4.445889359155731,0.5861521615051788,1.4603493561215935e-39,2.778076185917722,2.205158029173927,0.8571428571428571,0.72,25,21
6554,4,SOX8,6554,1.0,4.445889359155731,0.1299404291301247,0.00811770809164389,7.675492052525497,11.735192626115357,0.8571428571428571,0.72,25,21
6543,4,SOX8,6543,1.0,4.445889359155731,0.38904369516967857,2.0706265423999917e-16,8.192349638487308,13.279023568414482,0.8571428571428571,0.72,25,21
6551,4,SOX8,6551,1.0,4.445889359155731,0.15460725081916615,0.001603478583695381,8.952888706227498,14.671340004372736,0.8571428571428571,0.72,25,21
6553,4,SOX8,6553,1.0,4.445889359155731,0.43689377444248706,1.0013859754153282e-20,2.4724982242611735,1.8383898462942616,0.8571428571428571,0.72,25,21
6547,4,SOX8,6547,1.0,4.445889359155731,0.4417218475848614,3.354819493412532e-21,3.5972138490064847,3.3590689687186837,0.8571428571428571,0.72,25,21
5206,4,MSC,5206,1.0,13.71149851750972,0.418288545274899,5.770503299612865e-19,16.8938405125409,37.79454610377618,1.0,0.8947368421052632,19,17
5200,4,MSC,5200,1.0,13.71149851750972,-0.26068074804745883,7.392799129281302e-08,-21.340222017598347,61.90841348346917,1.0,0.8947368421052632,19,17
5208,4,MSC,5208,1.0,13.71149851750972,0.2398545439786306,7.899861317019631e-07,8.095102423318712,13.000250788386582,1.0,0.8947368421052632,19,17
5199,4,MSC,5199,1.0,13.71149851750972,0.6953672992845158,4.3371735853669816e-61,11.683222403101098,21.474264582747715,1.0,0.8947368421052632,19,17
5216,4,MSC,5216,1.0,13.71149851750972,0.5365134609392407,3.1061996554202624e-32,3.864864427664998,3.768027004099365,1.0,0.8947368421052632,19,17
5209,4,MSC,5209,1.0,13.71149851750972,0.5055648639404444,3.0203659389046984e-28,6.560022317245174,9.12786450190647,1.0,0.8947368421052632,19,17
5204,4,MSC,5204,1.0,13.71149851750972,0.704827606034201,2.0270637340927872e-63,8.820733117769606,14.492223787232195,1.0,0.8947368421052632,19,17
5202,4,MSC,5202,1.0,13.71149851750972,-0.059093178694354216,0.23022416788013733,-10.03490373991903,19.259617426420235,1.0,0.8947368421052632,19,17
5198,4,MSC,5198,1.0,13.71149851750972,0.7934167663389636,7.278275074741415e-91,7.357430533774304,11.101665273510486,1.0,0.8947368421052632,19,17
5210,4,MSC,5210,1.0,13.71149851750972,0.5378942869065483,2.0163340203703624e-32,22.28335528834657,57.043510462491824,1.0,0.8947368421052632,19,17
5213,4,MSC,5213,1.0,13.71149851750972,-0.3926537183580094,1.0332910456338735e-16,-13.747717821289168,31.80320590283384,1.0,0.8947368421052632,19,17
5207,4,MSC,5207,1.0,13.71149851750972,-0.3309900725123888,4.846045910095194e-12,-15.85334803510297,36.83521679483152,1.0,0.8947368421052632,19,17
5212,4,MSC,5212,1.0,13.71149851750972,0.36350958101275516,2.227349359552433e-14,14.006999950078415,30.918679996104,1.0,0.8947368421052632,19,17
5203,4,MSC,5203,1.0,13.71149851750972,0.24972444784929804,2.638989213462138e-07,12.929947180018026,24.360145757902227,1.0,0.8947368421052632,19,17
5215,4,MSC,5215,1.0,13.71149851750972,0.25058203125165157,2.393864507418479e-07,9.00645547431204,15.57359677094741,1.0,0.8947368421052632,19,17
5211,4,MSC,5211,1.0,13.71149851750972,0.3786787110543448,1.453575348647058e-15,13.508221459545126,26.421334282624247,1.0,0.8947368421052632,19,17
5205,4,MSC,5205,1.0,13.71149851750972,0.6882328344856423,2.164981927291054e-59,15.296562233907911,34.87623447387651,1.0,0.8947368421052632,19,17
1196,4,ZNF8,1196,-1.0,2.032340615837566,0.4614775345195922,3.1728729315886245e-23,-3.435806585375581,3.1434522190472984,0.6363636363636364,0.56,25,22
1200,4,ZNF8,1200,-1.0,2.032340615837566,0.34266832568721045,7.53316501116004e-13,-4.2920639914410375,4.528533622464998,0.6363636363636364,0.56,25,22
1201,4,ZNF8,1201,-1.0,2.032340615837566,-0.2710686519105161,2.0944006626290004e-08,14.582236447003792,29.51761650652893,0.6363636363636364,0.56,25,22
1193,4,ZNF8,1193,-1.0,2.032340615837566,0.4060584690588864,7.250638188910138e-18,-4.1116700702784135,4.246920995003674,0.6363636363636364,0.56,25,22
1187,4,ZNF8,1187,-1.0,2.032340615837566,0.16913460770125457,0.0005484488245548643,-16.713474282243023,44.01296906243395,0.6363636363636364,0.56,25,22
1197,4,ZNF8,1197,-1.0,2.032340615837566,0.18017157587080612,0.00022864392791084349,-2.034259738329109,1.3633655752544922,0.6363636363636364,0.56,25,22
1194,4,ZNF8,1194,-1.0,2.032340615837566,0.2908926790433658,1.6212062112114648e-09,-4.357136354895186,4.628405566625958,0.6363636363636364,0.56,25,22
1191,4,ZNF8,1191,-1.0,2.032340615837566,-0.2790574869221068,7.652024349486624e-09,22.851679418220932,61.22150614706923,0.6363636363636364,0.56,25,22
1192,4,ZNF8,1192,-1.0,2.032340615837566,0.44784904435089556,8.164315535954023e-22,-15.532345409246357,36.86433455012674,0.6363636363636364,0.56,25,22
1204,4,ZNF8,1204,-1.0,2.032340615837566,0.23423450618982938,1.4445544519492014e-06,-9.350449830912451,16.091996076224707,0.6363636363636364,0.56,25,22
1205,4,ZNF8,1205,-1.0,2.032340615837566,0.5415077723252205,6.446676983033814e-33,-5.645024559619297,7.249034511718625,0.6363636363636364,0.56,25,22
1195,4,ZNF8,1195,-1.0,2.032340615837566,0.23415958813673476,1.456076461893763e-06,-12.727151810853018,28.109199753113803,0.6363636363636364,0.56,25,22
1203,4,ZNF8,1203,-1.0,2.032340615837566,0.05384959143870989,0.27432461120369966,-11.387737207433076,24.210952085174675,0.6363636363636364,0.56,25,22
1185,4,ZNF8,1185,-1.0,2.032340615837566,0.6901607482673087,7.610407225785789e-60,-10.989256284543606,21.139041873800984,0.6363636363636364,0.56,25,22
1594,4,CENPB,1594,1.0,18.215005645848766,-0.1363680218293957,0.005447888420951979,-4.442097654035113,4.850945419946072,1.0,1.0,1,1
8980,4,IRX3,8980,1.0,3.052194886867062,-0.18856527277654678,0.00011347255187986456,-13.741300903003017,28.215754361863343,0.8571428571428571,0.72,25,21
8985,4,IRX3,8985,1.0,3.052194886867062,0.44985272176187646,5.110989038360848e-22,2.54562659863733,1.924632469374806,0.8571428571428571,0.72,25,21
8982,4,IRX3,8982,1.0,3.052194886867062,-0.1512537147220316,0.002028511862704066,-2.1863008147180976,1.5188498855736876,0.8571428571428571,0.72,25,21
8967,4,IRX3,8967,1.0,3.052194886867062,0.23240873801554257,1.7518234551064826e-06,4.231247269960272,4.457646262863254,0.8571428571428571,0.72,25,21
8965,4,IRX3,8965,1.0,3.052194886867062,-0.32582106507935105,1.0774647242602331e-11,-3.322876821467907,2.960289512014668,0.8571428571428571,0.72,25,21
8971,4,IRX3,8971,1.0,3.052194886867062,0.2661384352020145,3.836573323275062e-08,11.589824118438955,22.969136292563395,0.8571428571428571,0.72,25,21
8964,4,IRX3,8964,1.0,3.052194886867062,-0.4774518222378936,5.828895195820771e-25,-15.994065262809839,38.66235319975147,0.8571428571428571,0.72,25,21
8979,4,IRX3,8979,1.0,3.052194886867062,0.2176588446638433,7.858481329606624e-06,6.282362843681793,8.629727259409592,0.8571428571428571,0.72,25,21
8981,4,IRX3,8981,1.0,3.052194886867062,0.2720715053074706,1.8490021457128527e-08,5.8325663253251685,7.446943956665026,0.8571428571428571,0.72,25,21
8963,4,IRX3,8963,1.0,3.052194886867062,0.34287870505075363,7.279475915635478e-13,9.01117897850584,15.616608919958813,0.8571428571428571,0.72,25,21
8972,4,IRX3,8972,1.0,3.052194886867062,0.307618176675541,1.5958081172473555e-10,13.727858878290952,30.08009670413652,0.8571428571428571,0.72,25,21
8968,4,IRX3,8968,1.0,3.052194886867062,0.35847079231760187,5.344127314360634e-14,10.409274665270742,20.131779511399834,0.8571428571428571,0.72,25,21
8966,4,IRX3,8966,1.0,3.052194886867062,0.4486322170458865,6.800982144049069e-22,9.447723097232108,16.268844826420615,0.8571428571428571,0.72,25,21
8969,4,IRX3,8969,1.0,3.052194886867062,0.19199983426706088,8.44371973149002e-05,15.230970692185899,34.365149411746295,0.8571428571428571,0.72,25,21
8962,4,IRX3,8962,1.0,3.052194886867062,0.3356346535737645,2.333213712227667e-12,16.645249820036568,37.294786025649806,0.8571428571428571,0.72,25,21
8983,4,IRX3,8983,1.0,3.052194886867062,-0.5111877766883939,6.103678234929998e-29,-4.6728518258202065,5.254235947721724,0.8571428571428571,0.72,25,21
8977,4,IRX3,8977,1.0,3.052194886867062,-0.3313535011717573,4.5786961455637145e-12,-12.817392158697524,24.62996939484346,0.8571428571428571,0.72,25,21
8975,4,IRX3,8975,1.0,3.052194886867062,0.3991494348802728,2.894815796433367e-17,7.693735519205168,11.953929343191584,0.8571428571428571,0.72,25,21
8739,4,HOXD11,8739,1.0,32.8446301297553,0.4527935654763783,2.5556534652430123e-22,20.105984059307403,50.81744585281409,1.0,0.96,25,24
8735,4,HOXD11,8735,1.0,32.8446301297553,0.6523651098345066,1.51211075789449e-51,13.804710477501189,27.733484810441713,1.0,0.96,25,24
8738,4,HOXD11,8738,1.0,32.8446301297553,0.30386265405282503,2.7208380761517633e-10,8.256303025879049,13.706540330088622,1.0,0.96,25,24
8749,4,HOXD11,8749,1.0,32.8446301297553,0.4113124297428381,2.4757277649312277e-18,17.419539808285446,44.17576329573166,1.0,0.96,25,24
8733,4,HOXD11,8733,1.0,32.8446301297553,0.41829032922792714,5.768329440905393e-19,13.032758835305636,28.001642016670328,1.0,0.96,25,24
8744,4,HOXD11,8744,1.0,32.8446301297553,0.5778290481501402,3.029067679076309e-38,6.046697838977135,7.711244631366668,1.0,0.96,25,24
8752,4,HOXD11,8752,1.0,32.8446301297553,0.32257619632088746,1.7656580722398355e-11,11.723382700061851,21.589226072009872,1.0,0.96,25,24
8747,4,HOXD11,8747,1.0,32.8446301297553,0.34401927247541253,6.042926804519778e-13,10.90419133922408,21.441248132447114,1.0,0.96,25,24
8736,4,HOXD11,8736,1.0,32.8446301297553,-0.28983802482912846,1.867131530902885e-09,-11.422179019590853,24.14308395959285,1.0,0.96,25,24
8741,4,HOXD11,8741,1.0,32.8446301297553,0.5725057806071301,2.0135239975105193e-37,8.068150997859467,12.580020364323127,1.0,0.96,25,24
8748,4,HOXD11,8748,1.0,32.8446301297553,0.4110585864737192,2.608794841511584e-18,15.94482500730732,37.491105519121525,1.0,0.96,25,24
8734,4,HOXD11,8734,1.0,32.8446301297553,0.4126748290606413,1.867840438347008e-18,6.658854397485072,9.520141861684614,1.0,0.96,25,24
8740,4,HOXD11,8740,1.0,32.8446301297553,0.26283914649132756,5.713714664557897e-08,5.901319990289923,7.860210605396252,1.0,0.96,25,24
8745,4,HOXD11,8745,1.0,32.8446301297553,0.44736933562046727,9.128950488191922e-22,22.693443497042406,56.32194967404409,1.0,0.96,25,24
8742,4,HOXD11,8742,1.0,32.8446301297553,-0.40853030074865,4.3837602252876975e-18,-17.202174346013443,44.66373845202539,1.0,0.96,25,24
8757,4,HOXD11,8757,1.0,32.8446301297553,-0.3336179557373084,3.2095416750068612e-12,-22.033763284149146,51.17574256848998,1.0,0.96,25,24
8743,4,HOXD11,8743,1.0,32.8446301297553,-0.18212273685895758,0.00019481279085804742,-16.059393951552938,37.28724021058288,1.0,0.96,25,24
8754,4,HOXD11,8754,1.0,32.8446301297553,0.2119429791266133,1.3684310206736446e-05,2.542660258922742,1.9234979082307768,1.0,0.96,25,24
8753,4,HOXD11,8753,1.0,32.8446301297553,-0.2674445161812997,3.272028679813663e-08,-13.323773025248105,29.115257259025142,1.0,0.96,25,24
8756,4,HOXD11,8756,1.0,32.8446301297553,0.17995416108286644,0.000232736413867811,6.664793698744186,9.896068194468384,1.0,0.96,25,24
8737,4,HOXD11,8737,1.0,32.8446301297553,0.35164048961255256,1.7079109874552507e-13,14.692931644633829,30.23139864939159,1.0,0.96,25,24
8750,4,HOXD11,8750,1.0,32.8446301297553,-0.32274970944155107,1.7198920653725507e-11,-11.933799521277129,25.595816535377125,1.0,0.96,25,24
8755,4,HOXD11,8755,1.0,32.8446301297553,0.1758503897514598,0.00032406421407290637,5.670669242484957,7.266394502496094,1.0,0.96,25,24
8746,4,HOXD11,8746,1.0,32.8446301297553,-0.36303299582454507,2.4211754048139434e-14,-14.651065704860038,30.591588956988236,1.0,0.96,25,24
9042,4,TFAP2E,9042,1.0,13.754618725718535,0.3289980640532443,6.605351266919154e-12,15.489177739126609,32.26280267669244,1.0,1.0,25,25
9061,4,TFAP2E,9061,1.0,13.754618725718535,0.20898357087683295,1.813018513304039e-05,5.656450951278823,7.237503690183352,1.0,1.0,25,25
9044,4,TFAP2E,9044,1.0,13.754618725718535,-0.3096500963322709,1.1918676243958534e-10,-18.87843415411773,50.45371333214342,1.0,1.0,25,25
9047,4,TFAP2E,9047,1.0,13.754618725718535,0.2578759717256224,1.0297071558893026e-07,25.553004273882415,71.27685124027802,1.0,1.0,25,25
9064,4,TFAP2E,9064,1.0,13.754618725718535,-0.2694698363936851,2.5520570592476865e-08,-14.433060990305808,30.71124344156016,1.0,1.0,25,25
9054,4,TFAP2E,9054,1.0,13.754618725718535,0.26002644116840035,7.989694400543758e-08,8.16636991355637,12.94461583204278,1.0,1.0,25,25
9043,4,TFAP2E,9043,1.0,13.754618725718535,0.31966966719388346,2.734490181298995e-11,15.26113692605882,35.12560916347907,1.0,1.0,25,25
9046,4,TFAP2E,9046,1.0,13.754618725718535,-0.35051408920237215,2.0630694576127952e-13,-27.29474188756192,89.717277510632,1.0,1.0,25,25
9058,4,TFAP2E,9058,1.0,13.754618725718535,0.2523807409868974,1.9489249717799315e-07,8.506457314002073,13.952844760211208,1.0,1.0,25,25
9059,4,TFAP2E,9059,1.0,13.754618725718535,-0.25188185101708027,2.0636358900340094e-07,-6.073527023998579,8.127886528795624,1.0,1.0,25,25
9045,4,TFAP2E,9045,1.0,13.754618725718535,0.22829484058985708,2.6898047771533303e-06,7.304212099582042,11.229531749323652,1.0,1.0,25,25
9062,4,TFAP2E,9062,1.0,13.754618725718535,-0.2641222432629772,4.8969750019743174e-08,-13.664566954302915,28.937776968314164,1.0,1.0,25,25
9041,4,TFAP2E,9041,1.0,13.754618725718535,0.29646536456384553,7.612612129128584e-10,26.542158111066396,74.93079837195992,1.0,1.0,25,25
9063,4,TFAP2E,9063,1.0,13.754618725718535,-0.31987328194766645,2.6523731300073407e-11,-19.016056383592904,52.25434528823529,1.0,1.0,25,25
9053,4,TFAP2E,9053,1.0,13.754618725718535,0.1922675436983221,8.249626235287563e-05,3.043945682241275,2.564150488208188,1.0,1.0,25,25
9060,4,TFAP2E,9060,1.0,13.754618725718535,-0.1867418722156761,0.0001324714519002241,-15.198764806411921,38.98543419675534,1.0,1.0,25,25
9055,4,TFAP2E,9055,1.0,13.754618725718535,0.21549247838812882,9.71402566408272e-06,5.837907839785965,7.286665303954478,1.0,1.0,25,25
9048,4,TFAP2E,9048,1.0,13.754618725718535,0.21903493540431862,6.8608095840680545e-06,9.475806838293966,16.23584288224079,1.0,1.0,25,25
9065,4,TFAP2E,9065,1.0,13.754618725718535,-0.34400146115570823,6.060556235845124e-13,-15.735918140400473,33.80569605904607,1.0,1.0,25,25
9056,4,TFAP2E,9056,1.0,13.754618725718535,0.29206058891847003,1.3855428958727888e-09,20.550429483067813,53.84186662261203,1.0,1.0,25,25
9049,4,TFAP2E,9049,1.0,13.754618725718535,-0.2784491793894179,8.271209078792182e-09,-18.38260204519889,46.583665372737784,1.0,1.0,25,25
9050,4,TFAP2E,9050,1.0,13.754618725718535,0.3413218301144361,9.374153501117086e-13,16.86927777925297,38.09556489581869,1.0,1.0,25,25
9051,4,TFAP2E,9051,1.0,13.754618725718535,0.22031716718437075,6.0407836437359385e-06,3.9838492357178947,4.0079777922529916,1.0,1.0,25,25
9052,4,TFAP2E,9052,1.0,13.754618725718535,0.2509882460677535,2.285551647271467e-07,10.288122933653097,18.824760435097946,1.0,1.0,25,25
9057,4,TFAP2E,9057,1.0,13.754618725718535,0.1654999828770816,0.0007233139190599927,11.212198975834339,22.92962744187839,1.0,1.0,25,25
5706,4,FOXJ1,5706,-1.0,36.62090935815506,-0.3215507802505803,2.0613920899039393e-11,20.624964820425042,56.488495286251705,1.0,0.96,25,24
5695,4,FOXJ1,5695,-1.0,36.62090935815506,-0.3445935942119241,5.500594007193812e-13,12.854450040283524,25.258897014068378,1.0,0.96,25,24
5689,4,FOXJ1,5689,-1.0,36.62090935815506,0.3092848319499755,1.2562763356147751e-10,-12.389604241821264,27.215926564870127,1.0,0.96,25,24
5697,4,FOXJ1,5697,-1.0,36.62090935815506,0.2786717958184657,8.039180046058065e-09,-16.046537819402218,41.72489829722752,1.0,0.96,25,24
5703,4,FOXJ1,5703,-1.0,36.62090935815506,0.21551473598225046,9.692998531591814e-06,-17.112077320781854,46.985894558182956,1.0,0.96,25,24
5709,4,FOXJ1,5709,-1.0,36.62090935815506,0.19577327150561083,6.066105069402414e-05,-7.577700882579432,11.722618467606114,1.0,0.96,25,24
5698,4,FOXJ1,5698,-1.0,36.62090935815506,0.37855262693965697,1.4878137851647614e-15,-28.493801711408413,95.19247335613576,1.0,0.96,25,24
5687,4,FOXJ1,5687,-1.0,36.62090935815506,-0.3099553842119935,1.1405120283167055e-10,10.41869520409275,18.14743753986877,1.0,0.96,25,24
5686,4,FOXJ1,5686,-1.0,36.62090935815506,-0.23380736786653006,1.5114363616191842e-06,8.337310558213135,13.689781799158613,1.0,0.96,25,24
5688,4,FOXJ1,5688,-1.0,36.62090935815506,-0.4111984595880534,2.5346250567800098e-18,15.054307554230727,30.685212624381293,1.0,0.96,25,24
5694,4,FOXJ1,5694,-1.0,36.62090935815506,-0.3688095786755675,8.723827605466131e-15,9.351117040278671,15.836590605076067,1.0,0.96,25,24
5701,4,FOXJ1,5701,-1.0,36.62090935815506,-0.30743400623609807,1.6384053306435917e-10,6.108621225136943,7.843848000466807,1.0,0.96,25,24
5708,4,FOXJ1,5708,-1.0,36.62090935815506,-0.2201206605361113,6.160086402999097e-06,3.6368809799576236,3.4571237852806482,1.0,0.96,25,24
5693,4,FOXJ1,5693,-1.0,36.62090935815506,0.3619149823028193,2.9430624789594926e-14,-18.60059452085828,49.708966230950836,1.0,0.96,25,24
5702,4,FOXJ1,5702,-1.0,36.62090935815506,0.1682823199413426,0.0005855151454153215,-2.5954526058244927,1.991506362244975,1.0,0.96,25,24
5705,4,FOXJ1,5705,-1.0,36.62090935815506,-0.3024282870927264,3.329172958151789e-10,11.335751018025409,23.143043085918976,1.0,0.96,25,24
5691,4,FOXJ1,5691,-1.0,36.62090935815506,-0.2574339766345538,1.0845204352750965e-07,9.4322023851724,16.081995952870177,1.0,0.96,25,24
5696,4,FOXJ1,5696,-1.0,36.62090935815506,-0.39971603427103725,2.5872603970590548e-17,24.265240083738952,63.0319846411648,1.0,0.96,25,24
5704,4,FOXJ1,5704,-1.0,36.62090935815506,-0.31271589482306994,7.640755922553232e-11,11.439599308380927,23.149605622699855,1.0,0.96,25,24
5692,4,FOXJ1,5692,-1.0,36.62090935815506,-0.41713145188467704,7.3645437557987e-19,22.00430300411822,57.5233949980945,1.0,0.96,25,24
5707,4,FOXJ1,5707,-1.0,36.62090935815506,0.3178694229644249,3.576993937528856e-11,-5.185040007994578,6.231704386864149,1.0,0.96,25,24
5699,4,FOXJ1,5699,-1.0,36.62090935815506,-0.34763450221276754,3.332584660418975e-13,12.652295873099845,28.615789993185253,1.0,0.96,25,24
5700,4,FOXJ1,5700,-1.0,36.62090935815506,0.34545186728373767,4.777764159802697e-13,-10.302122936958561,18.476103580423967,1.0,0.96,25,24
5690,4,FOXJ1,5690,-1.0,36.62090935815506,-0.2808962028556212,6.0413241377515116e-09,16.66677407958065,39.06831258856037,1.0,0.96,25,24
8851,4,BARX2,8851,1.0,24.982951652974506,0.23653600733141567,1.130263677780996e-06,15.203831878379315,34.196198373858664,0.9473684210526315,0.9,20,19
8856,4,BARX2,8856,1.0,24.982951652974506,0.3909293213505193,1.4417302241721371e-16,6.2776970208618605,8.620908599030283,0.9473684210526315,0.9,20,19
8846,4,BARX2,8846,1.0,24.982951652974506,0.24031337101111924,7.515058901416999e-07,4.689115652944955,5.293903704883061,0.9473684210526315,0.9,20,19
8857,4,BARX2,8857,1.0,24.982951652974506,0.21451547882433256,1.0681001930014687e-05,4.930140352840886,5.613683327350135,0.9473684210526315,0.9,20,19
8842,4,BARX2,8842,1.0,24.982951652974506,0.23791218466592445,9.748674458458655e-07,5.210779481499519,6.35417501420034,0.9473684210526315,0.9,20,19
8850,4,BARX2,8850,1.0,24.982951652974506,-0.1667481310097281,0.0006581528887153767,-5.025618771924204,5.887123731458893,0.9473684210526315,0.9,20,19
8847,4,BARX2,8847,1.0,24.982951652974506,0.26502934682340273,4.388876591258319e-08,19.635742245144304,47.031925450327655,0.9473684210526315,0.9,20,19
8845,4,BARX2,8845,1.0,24.982951652974506,0.3013578071642737,3.8674644672785117e-10,6.851590317305484,10.131096521585366,0.9473684210526315,0.9,20,19
8855,4,BARX2,8855,1.0,24.982951652974506,0.2541558970047144,1.588507405999767e-07,7.063987885740575,9.814001273050843,0.9473684210526315,0.9,20,19
8840,4,BARX2,8840,1.0,24.982951652974506,0.563031902581636,5.38869198971758e-36,17.35989050812045,38.41515041946912,0.9473684210526315,0.9,20,19
8859,4,BARX2,8859,1.0,24.982951652974506,-0.384484076191179,4.921684910474051e-16,-13.130572334677415,26.682925880485687,0.9473684210526315,0.9,20,19
8854,4,BARX2,8854,1.0,24.982951652974506,-0.29834306980591785,5.879078482182971e-10,-10.376460884130005,19.835779287809764,0.9473684210526315,0.9,20,19
8858,4,BARX2,8858,1.0,24.982951652974506,0.2293962048371657,2.399944110737853e-06,12.294078082579484,24.356396848445154,0.9473684210526315,0.9,20,19
8844,4,BARX2,8844,1.0,24.982951652974506,0.3491258314408552,2.6012754473763635e-13,23.30777271414146,58.79046004432249,0.9473684210526315,0.9,20,19
8848,4,BARX2,8848,1.0,24.982951652974506,0.6245689721695584,3.650023938864716e-46,7.742051948129029,11.563857576249738,0.9473684210526315,0.9,20,19
8841,4,BARX2,8841,1.0,24.982951652974506,0.3428869071845073,7.269756378546064e-13,22.13840002863624,55.83935055695,0.9473684210526315,0.9,20,19
8849,4,BARX2,8849,1.0,24.982951652974506,-0.21554124885474274,9.668007897025308e-06,-11.81672350892743,25.27214933283863,0.9473684210526315,0.9,20,19
8843,4,BARX2,8843,1.0,24.982951652974506,0.6037379174913253,1.7924529961023767e-42,9.217492699724742,15.56305502216443,0.9473684210526315,0.9,20,19
8666,4,E2F1,8666,1.0,3.1815352995725497,-0.2599325822079771,8.079042315852399e-08,-14.777155756022655,33.4895681313609,0.7727272727272727,0.68,25,22
8675,4,E2F1,8675,1.0,3.1815352995725497,0.18542683207828684,0.00014798514128352332,9.792792565473396,17.41540000728507,0.7727272727272727,0.68,25,22
8660,4,E2F1,8660,1.0,3.1815352995725497,0.8280356714784183,1.395867866381107e-105,3.1692403052257165,2.757891815788133,0.7727272727272727,0.68,25,22
8678,4,E2F1,8678,1.0,3.1815352995725497,0.5999529859621664,7.856430017233207e-42,5.549570902046258,7.021908281860089,0.7727272727272727,0.68,25,22
8680,4,E2F1,8680,1.0,3.1815352995725497,0.19290375524627199,7.805085636035486e-05,3.3992128649269535,3.082969363137586,0.7727272727272727,0.68,25,22
8658,4,E2F1,8658,1.0,3.1815352995725497,0.5701577549274898,4.592748219020593e-37,6.607377366919183,9.551619323143438,0.7727272727272727,0.68,25,22
8665,4,E2F1,8665,1.0,3.1815352995725497,0.46641569964456203,9.4308241057866e-24,13.637525257694781,27.754923663391523,0.7727272727272727,0.68,25,22
8670,4,E2F1,8670,1.0,3.1815352995725497,0.571617388598504,2.752903069372558e-37,9.810345406353568,18.46400797433616,0.7727272727272727,0.68,25,22
8681,4,E2F1,8681,1.0,3.1815352995725497,0.7092496314344651,1.532875578084846e-64,2.405772570553553,1.7677469677702344,0.7727272727272727,0.68,25,22
8667,4,E2F1,8667,1.0,3.1815352995725497,0.3299314110849124,5.714711146959127e-12,17.298620924967377,43.29114985833904,0.7727272727272727,0.68,25,22
8663,4,E2F1,8663,1.0,3.1815352995725497,0.7497165417116408,7.028867270124787e-76,5.688434139095193,7.340869013733236,0.7727272727272727,0.68,25,22
8668,4,E2F1,8668,1.0,3.1815352995725497,0.6674648060607522,1.0250090628890439e-54,9.889267212304368,18.025321359732892,0.7727272727272727,0.68,25,22
8659,4,E2F1,8659,1.0,3.1815352995725497,0.733496360428555,4.374274014742086e-71,5.858467793534118,7.765463577582219,0.7727272727272727,0.68,25,22
8664,4,E2F1,8664,1.0,3.1815352995725497,0.28059964883219585,6.276793136887778e-09,20.529775502840824,49.42758253088538,0.7727272727272727,0.68,25,22
8677,4,E2F1,8677,1.0,3.1815352995725497,0.18084752950109736,0.0002163459436422989,2.2319275011451736,1.5685116765825797,0.7727272727272727,0.68,25,22
8674,4,E2F1,8674,1.0,3.1815352995725497,-0.20351032511982875,3.0188062507992722e-05,-9.830952520752373,18.589718950818177,0.7727272727272727,0.68,25,22
8671,4,E2F1,8671,1.0,3.1815352995725497,-0.36611327930946863,1.4084568935330333e-14,-16.8338504667654,42.26945195923942,0.7727272727272727,0.68,25,22
8784,4,DMRTA2,8784,-1.0,19.294836993369813,0.23179856182332473,1.8677983607552592e-06,-3.1551415380932477,2.7305328283641113,1.0,1.0,3,3
8783,4,DMRTA2,8783,-1.0,19.294836993369813,0.16449255942746505,0.0007802087256600551,-5.225448283074085,6.3092735064992596,1.0,1.0,3,3
8782,4,DMRTA2,8782,-1.0,19.294836993369813,0.2717080994123921,1.9345291566438714e-08,-10.256563129365086,19.944073552873128,1.0,1.0,3,3
2871,4,SOX4,2871,-1.0,26.69629104143549,0.6071613541226702,4.629399609929625e-43,-13.275767683900305,30.503452735281172,0.9565217391304348,0.88,25,23
2879,4,SOX4,2879,-1.0,26.69629104143549,0.31155298105782436,9.049852390032139e-11,-8.877988147942926,15.55246474736653,0.9565217391304348,0.88,25,23
2887,4,SOX4,2887,-1.0,26.69629104143549,-0.1860160295884031,0.00014083465662533307,15.270330324848898,34.70173722977843,0.9565217391304348,0.88,25,23
2889,4,SOX4,2889,-1.0,26.69629104143549,0.38711976022840705,2.988649538013402e-16,-4.3927343800342324,4.722595890050252,0.9565217391304348,0.88,25,23
2888,4,SOX4,2888,-1.0,26.69629104143549,0.5875842352460691,8.59072732511465e-40,-9.375247475950008,16.977139526957423,0.9565217391304348,0.88,25,23
2876,4,SOX4,2876,-1.0,26.69629104143549,-0.1843674941898344,0.00016170512846044424,9.182944304243641,15.43112866069048,0.9565217391304348,0.88,25,23
2867,4,SOX4,2867,-1.0,26.69629104143549,-0.2681145468282225,3.0144692562372686e-08,10.210442946739107,17.629030520397457,0.9565217391304348,0.88,25,23
2890,4,SOX4,2890,-1.0,26.69629104143549,0.319074550650227,2.98896991575738e-11,-12.985353528039173,27.04689985085109,0.9565217391304348,0.88,25,23
2872,4,SOX4,2872,-1.0,26.69629104143549,-0.32258267727188367,1.76392748722205e-11,21.214483517779207,54.226875802196645,0.9565217391304348,0.88,25,23
2877,4,SOX4,2877,-1.0,26.69629104143549,-0.28419216396061137,3.937779401504248e-09,9.190492069640769,15.349304201880623,0.9565217391304348,0.88,25,23
2878,4,SOX4,2878,-1.0,26.69629104143549,-0.3597797443062069,4.2636745854240745e-14,24.548235621270077,63.82997804501294,0.9565217391304348,0.88,25,23
2885,4,SOX4,2885,-1.0,26.69629104143549,-0.23267966063643988,1.7025698914358871e-06,13.224209990130934,27.965331769658096,0.9565217391304348,0.88,25,23
2870,4,SOX4,2870,-1.0,26.69629104143549,-0.2808862991707857,6.049047786430488e-09,14.128699761416183,28.531965141382504,0.9565217391304348,0.88,25,23
2886,4,SOX4,2886,-1.0,26.69629104143549,-0.3915206462231704,1.286390398656499e-16,20.69941444371267,55.3584466145048,0.9565217391304348,0.88,25,23
2881,4,SOX4,2881,-1.0,26.69629104143549,0.3615771011195007,3.121433341638786e-14,-17.312243437875527,42.720163947569546,0.9565217391304348,0.88,25,23
2880,4,SOX4,2880,-1.0,26.69629104143549,0.4488556182832182,6.455053085007941e-22,-27.787997200846338,92.70580214627725,0.9565217391304348,0.88,25,23
2884,4,SOX4,2884,-1.0,26.69629104143549,0.37356601899756103,3.706247914872554e-15,-3.304734103893349,2.9376318768859573,0.9565217391304348,0.88,25,23
2866,4,SOX4,2866,-1.0,26.69629104143549,0.2797172054889735,7.031286831390912e-09,-2.5557272254719403,1.9457067947618925,0.9565217391304348,0.88,25,23
2875,4,SOX4,2875,-1.0,26.69629104143549,0.4819392952375879,1.8252148891986618e-25,-3.588447891725081,3.3882262389625644,0.9565217391304348,0.88,25,23
2868,4,SOX4,2868,-1.0,26.69629104143549,-0.3017674656939158,3.6521506933766906e-10,15.032653594364971,31.109442251060425,0.9565217391304348,0.88,25,23
2874,4,SOX4,2874,-1.0,26.69629104143549,0.4555207882799754,1.3358035499422148e-22,-17.425700262754983,46.039127832963345,0.9565217391304348,0.88,25,23
2869,4,SOX4,2869,-1.0,26.69629104143549,0.4902844560682989,2.011488923749696e-26,-11.719358234471743,23.91571071843068,0.9565217391304348,0.88,25,23
4090,4,NFIB,4090,-1.0,6.358935985943572,-0.24444061116558036,4.774070643823678e-07,9.386343111186743,16.04024355166035,0.38461538461538464,0.2631578947368421,19,13
4096,4,NFIB,4096,-1.0,6.358935985943572,0.15374089261562515,0.0017046590537008535,-7.39793740212621,10.9898414390961,0.38461538461538464,0.2631578947368421,19,13
4094,4,NFIB,4094,-1.0,6.358935985943572,0.3165001092907265,4.3824613817175764e-11,-4.1466439437359055,4.313791884740965,0.38461538461538464,0.2631578947368421,19,13
4097,4,NFIB,4097,-1.0,6.358935985943572,0.23298559011284642,1.6485463608358417e-06,-3.697844985762718,3.5431073201713392,0.38461538461538464,0.2631578947368421,19,13
4086,4,NFIB,4086,-1.0,6.358935985943572,0.291742144914007,1.4462762088492954e-09,-16.431793048122806,42.73295401503776,0.38461538461538464,0.2631578947368421,19,13
5645,4,CEBPB,5645,1.0,37.686783881380904,0.36009565158200973,4.036847838218111e-14,8.73127004879946,14.204794149532814,1.0,0.92,25,23
5636,4,CEBPB,5636,1.0,37.686783881380904,0.3629005970190902,2.477893824528681e-14,8.313977587676007,13.615072873667629,1.0,0.92,25,23
5651,4,CEBPB,5651,1.0,37.686783881380904,0.48930409499879723,2.614593900165987e-26,6.103573646409232,7.830797907225979,1.0,0.92,25,23
5652,4,CEBPB,5652,1.0,37.686783881380904,0.33218588640275387,4.0194913843574894e-12,5.86206089469872,7.407763945771058,1.0,0.92,25,23
5641,4,CEBPB,5641,1.0,37.686783881380904,0.5706799828009798,3.825358226249189e-37,9.47906099823643,16.14948757412564,1.0,0.92,25,23
5655,4,CEBPB,5655,1.0,37.686783881380904,0.44987453762835317,5.084904191585878e-22,9.81919912699934,18.782432644395556,1.0,0.92,25,23
5639,4,CEBPB,5639,1.0,37.686783881380904,0.6740342568294021,3.7425978938613877e-56,24.981626213228658,68.35950810446393,1.0,0.92,25,23
5647,4,CEBPB,5647,1.0,37.686783881380904,0.5728493931510864,1.7836429712945323e-37,15.163611103405875,33.10739986558344,1.0,0.92,25,23
5640,4,CEBPB,5640,1.0,37.686783881380904,0.3560186212795175,8.136383510274751e-14,15.276879165513419,35.33164107817931,1.0,0.92,25,23
5649,4,CEBPB,5649,1.0,37.686783881380904,-0.2983278307460815,5.891465186167557e-10,-3.8944246346638223,3.887409736575561,1.0,0.92,25,23
5646,4,CEBPB,5646,1.0,37.686783881380904,-0.504273499937216,4.342498143027754e-28,-10.368265372897417,20.46786722724308,1.0,0.92,25,23
5656,4,CEBPB,5656,1.0,37.686783881380904,0.5895202665594477,4.175284170380718e-40,15.878918166064112,37.93452132938921,1.0,0.92,25,23
5654,4,CEBPB,5654,1.0,37.686783881380904,0.33108410058805604,4.775448803499477e-12,3.9502989709055636,3.939410795731403,1.0,0.92,25,23
5650,4,CEBPB,5650,1.0,37.686783881380904,0.5684990726142808,8.190761193852833e-37,12.751379320493621,24.716162662469305,1.0,0.92,25,23
5642,4,CEBPB,5642,1.0,37.686783881380904,-0.42487862810331767,1.4126170075693134e-19,-16.358763312467616,41.03401660656777,1.0,0.92,25,23
5643,4,CEBPB,5643,1.0,37.686783881380904,-0.45902147383089575,5.758935841855732e-23,-9.13679851306252,15.977499989553515,1.0,0.92,25,23
5657,4,CEBPB,5657,1.0,37.686783881380904,0.5753056229550267,7.467046141046929e-38,15.653308044360232,37.96857189366702,1.0,0.92,25,23
5638,4,CEBPB,5638,1.0,37.686783881380904,0.6312338944154342,2.0966124934506827e-47,15.761029151320402,32.72510539212111,1.0,0.92,25,23
5659,4,CEBPB,5659,1.0,37.686783881380904,0.4251681534010555,1.3269775086492203e-19,12.796324113683097,25.79785706744692,1.0,0.92,25,23
5648,4,CEBPB,5648,1.0,37.686783881380904,-0.3876747964592342,2.689086424054749e-16,-16.319241509495246,37.420265956965935,1.0,0.92,25,23
5658,4,CEBPB,5658,1.0,37.686783881380904,-0.20673569105350767,2.2390054468888852e-05,-6.897716240671837,10.138826571972839,1.0,0.92,25,23
5637,4,CEBPB,5637,1.0,37.686783881380904,0.48749439277269097,4.2332230026929146e-26,10.91214916844445,19.466008505233745,1.0,0.92,25,23
5644,4,CEBPB,5644,1.0,37.686783881380904,-0.4434826578659094,2.2416258884837437e-21,-17.299496077628387,42.27937525796755,1.0,0.92,25,23
1107,4,BDP1,1107,-1.0,1.8093493803165737,-0.2752508718947799,1.2413465483464085e-08,9.72135456104965,17.681987825340247,0.4666666666666667,0.3333333333333333,21,15
1109,4,BDP1,1109,-1.0,1.8093493803165737,-0.18088169078038654,0.00021574116321846344,14.224077352634424,33.33001561081769,0.4666666666666667,0.3333333333333333,21,15
1097,4,BDP1,1097,-1.0,1.8093493803165737,-0.5489001378712026,5.988720884994464e-34,3.1302438036109455,2.690059964330794,0.4666666666666667,0.3333333333333333,21,15
1099,4,BDP1,1099,-1.0,1.8093493803165737,0.16883273699070417,0.0005613207699571411,-15.463350543900907,39.37454331343005,0.4666666666666667,0.3333333333333333,21,15
1113,4,BDP1,1113,-1.0,1.8093493803165737,-0.25524335472218385,1.4004152247367106e-07,8.316657967719808,13.670172297228586,0.4666666666666667,0.3333333333333333,21,15
1112,4,BDP1,1112,-1.0,1.8093493803165737,-0.13781142043698535,0.004969813635665045,2.6648321162357527,2.0747850584426546,0.4666666666666667,0.3333333333333333,21,15
1104,4,BDP1,1104,-1.0,1.8093493803165737,0.5409067367480238,7.800516578849706e-33,-3.0158949580389103,2.542561609910872,0.4666666666666667,0.3333333333333333,21,15
4979,4,RUNX3,4979,1.0,19.1921022981193,0.3673833347919523,1.124589372201077e-14,11.904356810125769,25.207352142497243,1.0,0.92,25,23
4985,4,RUNX3,4985,1.0,19.1921022981193,-0.2079734455243862,1.9939340967046786e-05,-9.97287577932955,18.363474318879124,1.0,0.92,25,23
4967,4,RUNX3,4967,1.0,19.1921022981193,-0.34069542725063856,1.0374082142437764e-12,-11.85449001113741,23.701289019709563,1.0,0.92,25,23
4968,4,RUNX3,4968,1.0,19.1921022981193,0.7514829504352815,2.0067680534935915e-76,20.58278411011421,52.14890514964122,1.0,0.92,25,23
4977,4,RUNX3,4977,1.0,19.1921022981193,-0.5806175327692495,1.1074759781296629e-38,-25.010799392423248,78.52083898267124,1.0,0.92,25,23
4974,4,RUNX3,4974,1.0,19.1921022981193,0.41343426131095606,1.5954704023039205e-18,3.36801728676512,3.0098822195131567,1.0,0.92,25,23
4972,4,RUNX3,4972,1.0,19.1921022981193,0.7645893818457324,1.302619345128091e-80,12.85522762137126,24.825817462961673,1.0,0.92,25,23
4965,4,RUNX3,4965,1.0,19.1921022981193,0.5096095932313315,9.589849404951866e-29,17.597128591162363,40.75015524208618,1.0,0.92,25,23
4971,4,RUNX3,4971,1.0,19.1921022981193,0.28202207714952876,5.222876422412013e-09,8.116398565458073,13.425472533718606,1.0,0.92,25,23
4964,4,RUNX3,4964,1.0,19.1921022981193,0.724015759849589,1.9195030998723904e-68,11.326272134865262,21.271221928507718,1.0,0.92,25,23
4988,4,RUNX3,4988,1.0,19.1921022981193,0.3619109346111682,2.945138990630314e-14,5.7922508386852325,7.392924021901606,1.0,0.92,25,23
4976,4,RUNX3,4976,1.0,19.1921022981193,0.6031423303488722,2.2646725367419572e-42,19.12498626581919,51.49437533738044,1.0,0.92,25,23
4978,4,RUNX3,4978,1.0,19.1921022981193,-0.45089244228202424,4.0033211189884304e-22,-15.113536715322203,36.29183701623791,1.0,0.92,25,23
4982,4,RUNX3,4982,1.0,19.1921022981193,0.5186484647929543,6.982166842150147e-30,10.96480776956014,22.33792699566183,1.0,0.92,25,23
4970,4,RUNX3,4970,1.0,19.1921022981193,-0.27766549934869494,9.140773757904236e-09,-9.080802608997637,16.39439445808514,1.0,0.92,25,23
4973,4,RUNX3,4973,1.0,19.1921022981193,0.39993294580575167,2.478224274576636e-17,9.60307219065107,16.58119714542508,1.0,0.92,25,23
4969,4,RUNX3,4969,1.0,19.1921022981193,-0.44027403434138707,4.665376131111443e-21,-12.835757023545206,27.771057971237173,1.0,0.92,25,23
4986,4,RUNX3,4986,1.0,19.1921022981193,0.4626997303880223,2.3541852547011327e-23,10.444905790432381,20.339948133698655,1.0,0.92,25,23
4983,4,RUNX3,4983,1.0,19.1921022981193,-0.3110248341507942,9.770542035818962e-11,-11.433791319813091,23.96332391597449,1.0,0.92,25,23
4966,4,RUNX3,4966,1.0,19.1921022981193,0.6432475031191194,1.0157725800032898e-49,8.958475400520769,14.73517825493124,1.0,0.92,25,23
4981,4,RUNX3,4981,1.0,19.1921022981193,-0.4335995630062095,2.0908214307348727e-20,-14.208245669643274,29.55725166624482,1.0,0.92,25,23
4975,4,RUNX3,4975,1.0,19.1921022981193,0.6399309840689213,4.53030667544978e-49,21.12033396336108,48.9468857671333,1.0,0.92,25,23
4984,4,RUNX3,4984,1.0,19.1921022981193,0.3386105745225348,1.4512462165457732e-12,11.161756898136415,21.40660004793453,1.0,0.92,25,23
5163,4,IRF7,5163,1.0,30.98557596777376,0.5144747005708908,2.3638371670427904e-29,9.97251307472001,17.504348890913544,0.96,0.96,25,25
5150,4,IRF7,5150,1.0,30.98557596777376,0.4016249438220299,1.769314744206411e-17,23.352183199945344,62.10629079821089,0.96,0.96,25,25
5156,4,IRF7,5156,1.0,30.98557596777376,0.505932689596157,2.7228497107023887e-28,4.933204788650002,5.74278100176837,0.96,0.96,25,25
5152,4,IRF7,5152,1.0,30.98557596777376,-0.22305395917811688,4.591950864044925e-06,-10.672807764458806,20.534407603780252,0.96,0.96,25,25
5169,4,IRF7,5169,1.0,30.98557596777376,-0.23033538512403126,2.176601140348717e-06,-8.934983809560869,15.31476116834702,0.96,0.96,25,25
5148,4,IRF7,5148,1.0,30.98557596777376,0.4062274151876482,7.006447401089739e-18,10.645958910948123,18.807095783855317,0.96,0.96,25,25
5168,4,IRF7,5168,1.0,30.98557596777376,0.30948706923704933,1.2202074166165897e-10,10.594146157252013,20.500088922366146,0.96,0.96,25,25
5161,4,IRF7,5161,1.0,30.98557596777376,0.4984167008068066,2.2105779005748093e-27,16.42769855594101,36.98625101236708,0.96,0.96,25,25
5171,4,IRF7,5171,1.0,30.98557596777376,0.3106061048066358,1.038137302004984e-10,14.77967241488384,30.735452574010257,0.96,0.96,25,25
5167,4,IRF7,5167,1.0,30.98557596777376,-0.3334395377065691,3.3010071112228156e-12,-10.243710173450783,19.449422751448417,0.96,0.96,25,25
5166,4,IRF7,5166,1.0,30.98557596777376,0.37288059491360537,4.196499207105828e-15,6.802203501496593,9.576834181826916,0.96,0.96,25,25
5157,4,IRF7,5157,1.0,30.98557596777376,0.327944814313576,7.77358040076357e-12,10.634755305904365,19.4705543376957,0.96,0.96,25,25
5151,4,IRF7,5151,1.0,30.98557596777376,0.5632252137299594,5.0444442932342386e-36,11.845751148162984,22.302749381787628,0.96,0.96,25,25
5158,4,IRF7,5158,1.0,30.98557596777376,0.17641468072521693,0.00030977695106064755,9.29650198314423,15.73021237654714,0.96,0.96,25,25
5149,4,IRF7,5149,1.0,30.98557596777376,0.29947392475470896,5.027240152047456e-10,17.49014332629705,40.51471114478194,0.96,0.96,25,25
5154,4,IRF7,5154,1.0,30.98557596777376,-0.3637438056257032,2.1377482674503787e-14,-12.550443326170102,27.921207324957866,0.96,0.96,25,25
5159,4,IRF7,5159,1.0,30.98557596777376,-0.33735658498823173,1.77380244963019e-12,-15.804395758234511,36.89433038631173,0.96,0.96,25,25
5162,4,IRF7,5162,1.0,30.98557596777376,0.35332360075104086,1.2860362955283993e-13,12.618395541949658,27.250917904832807,0.96,0.96,25,25
5160,4,IRF7,5160,1.0,30.98557596777376,0.3652538356394311,1.639251040767023e-14,9.470560334170514,16.00935980944207,0.96,0.96,25,25
5153,4,IRF7,5153,1.0,30.98557596777376,-0.2735563371498416,1.5360259476712164e-08,-17.57653173252397,45.86343964262358,0.96,0.96,25,25
5155,4,IRF7,5155,1.0,30.98557596777376,0.4541250801711954,1.863179924737569e-22,24.476559017928487,66.80431708452481,0.96,0.96,25,25
5165,4,IRF7,5165,1.0,30.98557596777376,0.3528477104544085,1.3936868290646137e-13,9.767891661325631,17.46747344047411,0.96,0.96,25,25
5172,4,IRF7,5172,1.0,30.98557596777376,0.3068740696019154,1.774825856409395e-10,14.06813605885656,32.97179287475295,0.96,0.96,25,25
5170,4,IRF7,5170,1.0,30.98557596777376,0.4171372086937074,7.35562912073135e-19,4.536415010299918,4.963543464858167,0.96,0.96,25,25
1859,4,RUNX1,1859,1.0,2.8713562702798936,0.3168417220836182,4.166355065519128e-11,11.494622752913875,21.99774861510615,0.782608695652174,0.72,25,23
1865,4,RUNX1,1865,1.0,2.8713562702798936,0.28180645521342135,5.370808785339981e-09,4.171373584502164,4.304457912234178,0.782608695652174,0.72,25,23
1856,4,RUNX1,1856,1.0,2.8713562702798936,0.24816571264529644,3.1477090793263993e-07,9.089584140974857,15.115867831680294,0.782608695652174,0.72,25,23
1870,4,RUNX1,1870,1.0,2.8713562702798936,0.1841332695768864,0.0001648955485645123,8.914521280339466,15.466912800214086,0.782608695652174,0.72,25,23
1858,4,RUNX1,1858,1.0,2.8713562702798936,0.22949538970705438,2.3753601880976266e-06,24.723703985052836,65.04629933237852,0.782608695652174,0.72,25,23
1868,4,RUNX1,1868,1.0,2.8713562702798936,0.31222859645762757,8.203069708254422e-11,5.085790183661719,6.056389608322094,0.782608695652174,0.72,25,23
1874,4,RUNX1,1874,1.0,2.8713562702798936,0.2530318346763198,1.8084241785152103e-07,8.127144420026918,13.28826585196087,0.782608695652174,0.72,25,23
1864,4,RUNX1,1864,1.0,2.8713562702798936,0.3033059070686367,2.9428927150192976e-10,10.67006802355298,20.52858599481373,0.782608695652174,0.72,25,23
1854,4,RUNX1,1854,1.0,2.8713562702798936,0.2795220464973908,7.209644093005588e-09,21.428553936167912,55.076436044217424,0.782608695652174,0.72,25,23
1857,4,RUNX1,1857,1.0,2.8713562702798936,0.2950776048715337,9.203542210324595e-10,11.369179736504211,21.00199531184755,0.782608695652174,0.72,25,23
1872,4,RUNX1,1872,1.0,2.8713562702798936,0.35469394157321993,1.0195169270415187e-13,12.074160724933764,24.60574592361082,0.782608695652174,0.72,25,23
1852,4,RUNX1,1852,1.0,2.8713562702798936,0.295229977706383,9.014194418645735e-10,9.30773963999553,16.33679698395387,0.782608695652174,0.72,25,23
1855,4,RUNX1,1855,1.0,2.8713562702798936,0.258416464045465,9.663036230301426e-08,9.572791736906412,16.2841541886514,0.782608695652174,0.72,25,23
1875,4,RUNX1,1875,1.0,2.8713562702798936,0.27597096460375664,1.1334209731889654e-08,7.5669001940251785,11.685993876063172,0.782608695652174,0.72,25,23
1863,4,RUNX1,1863,1.0,2.8713562702798936,0.2648032703505886,4.5105236105650805e-08,7.081661710282441,10.317838440058823,0.782608695652174,0.72,25,23
1871,4,RUNX1,1871,1.0,2.8713562702798936,0.16622311966045042,0.0006848691502999432,3.262445034210619,2.868381177327188,0.782608695652174,0.72,25,23
1869,4,RUNX1,1869,1.0,2.8713562702798936,0.19354030502470987,7.382962632367007e-05,19.272953224225837,47.56420846747236,0.782608695652174,0.72,25,23
1860,4,RUNX1,1860,1.0,2.8713562702798936,0.3147763176085752,5.650835898074595e-11,13.673915787772106,29.46098716064549,0.782608695652174,0.72,25,23
7943,4,ZBTB7C,7943,-1.0,50.511950705362054,0.4134143057121634,1.6021001804170952e-18,-9.078356227782198,15.937881069253296,1.0,1.0,1,1
9300,4,FOS,9300,-1.0,3.0087808953809585,-0.21165018004431668,1.4073046089534533e-05,7.401307090481676,11.220999353320241,1.0,0.875,8,7
9298,4,FOS,9298,-1.0,3.0087808953809585,0.21388250126519343,1.1355644439978585e-05,-18.209730021975453,43.781820453721956,1.0,0.875,8,7
9303,4,FOS,9303,-1.0,3.0087808953809585,-0.29787866065800206,6.26817422453994e-10,3.7223491031435896,3.5584667410146484,1.0,0.875,8,7
9299,4,FOS,9299,-1.0,3.0087808953809585,-0.29850878405716774,5.746005695037424e-10,4.908313014241093,5.713370721027385,1.0,0.875,8,7
9297,4,FOS,9297,-1.0,3.0087808953809585,-0.29374007240669175,1.1040168642535564e-09,3.0594151669298086,2.603040338360609,1.0,0.875,8,7
9296,4,FOS,9296,-1.0,3.0087808953809585,-0.2539805711951924,1.6210260808742194e-07,9.591154922474914,17.515438670251058,1.0,0.875,8,7
9302,4,FOS,9302,-1.0,3.0087808953809585,0.129892091790681,0.008141581078018758,-12.445583642902779,24.19755834278311,1.0,0.875,8,7
6615,4,HOXB6,6615,-1.0,33.90850549033822,-0.23842247609238937,9.226310813923086e-07,7.723120286023083,12.007364389679074,1.0,1.0,20,20
6631,4,HOXB6,6631,-1.0,33.90850549033822,-0.10775203139117161,0.028366028417183844,7.7899481750274395,12.294493722466477,1.0,1.0,20,20
6618,4,HOXB6,6618,-1.0,33.90850549033822,-0.36362542495489913,2.1825833538320997e-14,17.170219999124505,37.700473900291065,1.0,1.0,20,20
6630,4,HOXB6,6630,-1.0,33.90850549033822,0.385052157255192,4.421662765528289e-16,-5.89971179863945,7.768293647206641,1.0,1.0,20,20
6623,4,HOXB6,6623,-1.0,33.90850549033822,0.33806585432159214,1.5836264635702168e-12,-17.717214046336473,46.023126487639004,1.0,1.0,20,20
6621,4,HOXB6,6621,-1.0,33.90850549033822,-0.18004930554938992,0.00023093711470742662,8.69877631984757,14.035202191586748,1.0,1.0,20,20
6616,4,HOXB6,6616,-1.0,33.90850549033822,-0.20960777524245844,1.7091314762790847e-05,9.614273517447858,16.16973023276832,1.0,1.0,20,20
6624,4,HOXB6,6624,-1.0,33.90850549033822,0.46403117470408006,1.69843214844872e-23,-16.16943334996787,42.27392313656311,1.0,1.0,20,20
6626,4,HOXB6,6626,-1.0,33.90850549033822,-0.30410869713193234,2.6279818496508697e-10,24.005852693030686,62.25658763750113,1.0,1.0,20,20
6632,4,HOXB6,6632,-1.0,33.90850549033822,0.5264182955635576,6.89142067277075e-31,-5.032937540233194,5.957568506597541,1.0,1.0,20,20
6629,4,HOXB6,6629,-1.0,33.90850549033822,0.28431883127837176,3.873105004690315e-09,-6.844153411532985,9.848573028643532,1.0,1.0,20,20
6622,4,HOXB6,6622,-1.0,33.90850549033822,-0.2104415133954071,1.579161951930607e-05,7.442125863642279,11.556050095403538,1.0,1.0,20,20
6634,4,HOXB6,6634,-1.0,33.90850549033822,0.3040574552129986,2.6470626276537826e-10,-8.987355019784054,14.684097398025953,1.0,1.0,20,20
6627,4,HOXB6,6627,-1.0,33.90850549033822,0.3541859193802265,1.1113285664374795e-13,-15.156164907423463,32.274838018715606,1.0,1.0,20,20
6620,4,HOXB6,6620,-1.0,33.90850549033822,0.3075145090309655,1.6196511823817267e-10,-10.23046368224061,18.884161468744928,1.0,1.0,20,20
6625,4,HOXB6,6625,-1.0,33.90850549033822,-0.1611895735378613,0.0009970634998224068,5.272312700447108,6.456398465548158,1.0,1.0,20,20
6628,4,HOXB6,6628,-1.0,33.90850549033822,-0.18894544384507184,0.00010984839273817913,7.121731764056321,10.855397361561513,1.0,1.0,20,20
6619,4,HOXB6,6619,-1.0,33.90850549033822,-0.29046447924554314,1.7170066464458541e-09,20.6765184542034,52.18523583990071,1.0,1.0,20,20
6633,4,HOXB6,6633,-1.0,33.90850549033822,-0.2847517663030266,3.659740090570472e-09,14.625277469115368,31.028009042405714,1.0,1.0,20,20
6617,4,HOXB6,6617,-1.0,33.90850549033822,-0.32347848071938246,1.539989069162774e-11,12.127365560512443,22.320629030747273,1.0,1.0,20,20
3044,4,HOXD13,3044,1.0,1.722391601206558,-0.3401236869983833,1.1377313727287458e-12,-14.447191591226364,32.46862058581939,0.9565217391304348,0.88,25,23
3028,4,HOXD13,3028,1.0,1.722391601206558,0.41874347402713663,5.241463063781127e-19,23.094678873797083,65.16038179020573,0.9565217391304348,0.88,25,23
3026,4,HOXD13,3026,1.0,1.722391601206558,-0.2656264673007417,4.082622934869359e-08,-17.40064181764463,45.91980907424969,0.9565217391304348,0.88,25,23
3037,4,HOXD13,3037,1.0,1.722391601206558,-0.2075558351994335,2.073625073923512e-05,-4.60364863875822,5.0138461290172005,0.9565217391304348,0.88,25,23
3032,4,HOXD13,3032,1.0,1.722391601206558,0.35835611249697186,5.4506640784147845e-14,22.98619044881549,61.06694157472852,0.9565217391304348,0.88,25,23
3036,4,HOXD13,3036,1.0,1.722391601206558,0.34007996395265366,1.1457824717716179e-12,10.050475567516992,18.811434033902565,0.9565217391304348,0.88,25,23
3023,4,HOXD13,3023,1.0,1.722391601206558,0.3874583239618855,2.802239072788173e-16,16.95458638998348,38.68582989193773,0.9565217391304348,0.88,25,23
3025,4,HOXD13,3025,1.0,1.722391601206558,0.2777568639433658,9.035009079335103e-09,7.184155540872055,10.948105467953196,0.9565217391304348,0.88,25,23
3039,4,HOXD13,3039,1.0,1.722391601206558,0.2268146951390687,3.1324461225806424e-06,9.567664232915416,17.418028848249932,0.9565217391304348,0.88,25,23
3046,4,HOXD13,3046,1.0,1.722391601206558,0.26092273020124634,7.183142933983823e-08,6.40790359145251,9.142042337483698,0.9565217391304348,0.88,25,23
3027,4,HOXD13,3027,1.0,1.722391601206558,0.2711017427874553,2.085822840365529e-08,8.96177754030065,14.945894128245184,0.9565217391304348,0.88,25,23
3045,4,HOXD13,3045,1.0,1.722391601206558,0.2367686651243363,1.102421497371674e-06,7.2223024507273905,11.200492555480484,0.9565217391304348,0.88,25,23
3034,4,HOXD13,3034,1.0,1.722391601206558,-0.25654069999915086,1.2040146173467752e-07,-17.624333868804772,48.4753995720827,0.9565217391304348,0.88,25,23
3038,4,HOXD13,3038,1.0,1.722391601206558,-0.03647592975731363,0.4591921560730472,-4.520048456840021,4.941453608679303,0.9565217391304348,0.88,25,23
3040,4,HOXD13,3040,1.0,1.722391601206558,0.5005418503668184,1.2292227324387404e-27,7.585127605705598,11.568783981187,0.9565217391304348,0.88,25,23
3030,4,HOXD13,3030,1.0,1.722391601206558,0.38290774437847613,6.618336399197411e-16,12.064070098204947,26.123919778140905,0.9565217391304348,0.88,25,23
3024,4,HOXD13,3024,1.0,1.722391601206558,0.5031087398909717,6.017081023082134e-28,7.096292243879631,10.564749050410404,0.9565217391304348,0.88,25,23
3042,4,HOXD13,3042,1.0,1.722391601206558,0.417796197750119,6.40233371641587e-19,6.881978087281682,9.960283177476876,0.9565217391304348,0.88,25,23
3041,4,HOXD13,3041,1.0,1.722391601206558,0.3692619255764127,8.046632138503914e-15,18.841105952196326,47.73544782869827,0.9565217391304348,0.88,25,23
3029,4,HOXD13,3029,1.0,1.722391601206558,0.3676104291798765,1.0801152414236523e-14,3.259095322204194,2.856056302478616,0.9565217391304348,0.88,25,23
3043,4,HOXD13,3043,1.0,1.722391601206558,0.21906125445725622,6.842959227085864e-06,7.4815756539956055,11.7190095581818,0.9565217391304348,0.88,25,23
3031,4,HOXD13,3031,1.0,1.722391601206558,0.29192558330973606,1.4109823937020972e-09,5.056064180213218,6.02497802551765,0.9565217391304348,0.88,25,23
3650,4,ELK3,3650,1.0,25.473765014842076,0.11473243220275565,0.019537298311863526,4.895674737911865,5.57082688883942,0.6666666666666666,0.42857142857142855,14,9
3640,4,ELK3,3640,1.0,25.473765014842076,0.2243783006539264,4.0162969874684644e-06,12.55084198875335,26.560204290806837,0.6666666666666666,0.42857142857142855,14,9
3642,4,ELK3,3642,1.0,25.473765014842076,-0.571881208379153,2.5089747805169082e-37,-7.561150009016382,11.964394911299035,0.6666666666666666,0.42857142857142855,14,9
3643,4,ELK3,3643,1.0,25.473765014842076,0.28099960638426963,5.961250915556247e-09,7.414066904280375,11.49957613184628,0.6666666666666666,0.42857142857142855,14,9
3647,4,ELK3,3647,1.0,25.473765014842076,-0.29522693363199093,9.017939848621718e-10,-5.496230467345657,6.803957034270982,0.6666666666666666,0.42857142857142855,14,9
3644,4,ELK3,3644,1.0,25.473765014842076,-0.12887604740469408,0.008658091269364539,-5.189209398832903,6.238503582537298,0.6666666666666666,0.42857142857142855,14,9
7575,4,SHOX2,7575,1.0,34.88118657993551,0.5435854996527993,3.325517563769036e-33,21.23262018676396,49.94975244857969,1.0,0.8571428571428571,14,12
7572,4,SHOX2,7572,1.0,34.88118657993551,-0.535982070900681,3.666230540223963e-32,-13.758521694869602,31.125771540700608,1.0,0.8571428571428571,14,12
7576,4,SHOX2,7576,1.0,34.88118657993551,0.3756774838869105,2.523051878320709e-15,16.033209136160945,33.616834495749515,1.0,0.8571428571428571,14,12
7574,4,SHOX2,7574,1.0,34.88118657993551,0.4650966437999326,1.3065691905927021e-23,8.689514990044303,14.22515268247658,1.0,0.8571428571428571,14,12
7573,4,SHOX2,7573,1.0,34.88118657993551,0.41913276319067244,4.826879493723878e-19,3.6851488321471035,3.4989857282674817,1.0,0.8571428571428571,14,12
7579,4,SHOX2,7579,1.0,34.88118657993551,0.378191158711077,1.5904183888260332e-15,3.3529446585683202,3.0003481277130715,1.0,0.8571428571428571,14,12
7568,4,SHOX2,7568,1.0,34.88118657993551,0.43671275905196644,1.0429428785408875e-20,16.148477221824137,36.66040703833156,1.0,0.8571428571428571,14,12
7566,4,SHOX2,7566,1.0,34.88118657993551,0.5688359792712769,7.284603124609457e-37,9.098319184125513,15.862501875605053,1.0,0.8571428571428571,14,12
7569,4,SHOX2,7569,1.0,34.88118657993551,-0.32109876857902353,2.2066116629859277e-11,-12.495158049004745,27.230835823444203,1.0,0.8571428571428571,14,12
7578,4,SHOX2,7578,1.0,34.88118657993551,0.4047884038600318,9.374645659779063e-18,7.681979686713356,11.888609876788474,1.0,0.8571428571428571,14,12
7571,4,SHOX2,7571,1.0,34.88118657993551,0.504028712093693,4.651075883336129e-28,16.76784278183274,38.00603127277323,1.0,0.8571428571428571,14,12
7567,4,SHOX2,7567,1.0,34.88118657993551,0.4781290757616177,4.897303512095271e-25,16.38743151297552,34.637717930226074,1.0,0.8571428571428571,14,12
5716,4,GLI2,5716,1.0,14.389365539486212,0.541756879079641,5.956274840226578e-33,19.424602893234464,48.896177740041175,0.9285714285714286,0.9285714285714286,14,14
5718,4,GLI2,5718,1.0,14.389365539486212,0.5124473470257491,4.248635641249485e-29,12.81130104188644,26.306257312630965,0.9285714285714286,0.9285714285714286,14,14
5712,4,GLI2,5712,1.0,14.389365539486212,0.5377764135814762,2.0922634574249008e-32,10.665036860394624,18.84136462567208,0.9285714285714286,0.9285714285714286,14,14
5722,4,GLI2,5722,1.0,14.389365539486212,0.41238118068653185,1.985001891927003e-18,2.916259998600795,2.382525089002895,0.9285714285714286,0.9285714285714286,14,14
5720,4,GLI2,5720,1.0,14.389365539486212,0.5091788567048487,1.0843987683415337e-28,21.34570778224596,54.026876258907876,0.9285714285714286,0.9285714285714286,14,14
5721,4,GLI2,5721,1.0,14.389365539486212,0.3295071009377018,6.104029914948603e-12,9.405782842843557,17.216782027362598,0.9285714285714286,0.9285714285714286,14,14
5717,4,GLI2,5717,1.0,14.389365539486212,0.49795772203457483,2.507947664450381e-27,17.322644859593705,40.24569397113705,0.9285714285714286,0.9285714285714286,14,14
5719,4,GLI2,5719,1.0,14.389365539486212,0.47264996399959247,1.981563624480427e-24,13.910668443343704,28.327980948240235,0.9285714285714286,0.9285714285714286,14,14
5715,4,GLI2,5715,1.0,14.389365539486212,-0.4331421062711738,2.3144043649280315e-20,-15.903704252295054,38.592970404195164,0.9285714285714286,0.9285714285714286,14,14
5714,4,GLI2,5714,1.0,14.389365539486212,0.6001006235701835,7.41910958243294e-42,2.9411724364961653,2.4152916398336974,0.9285714285714286,0.9285714285714286,14,14
5713,4,GLI2,5713,1.0,14.389365539486212,-0.06127594914873729,0.21343300749078367,-13.56176287676702,30.785077766382347,0.9285714285714286,0.9285714285714286,14,14
5724,4,GLI2,5724,1.0,14.389365539486212,0.17495893670481483,0.0003478925930796614,8.509211969798283,13.769685014571156,0.9285714285714286,0.9285714285714286,14,14
5711,4,GLI2,5711,1.0,14.389365539486212,0.8396965057831073,2.664633259272554e-111,8.488350262354636,14.060091796478707,0.9285714285714286,0.9285714285714286,14,14
3742,4,SIX1,3742,1.0,5.095228620390501,0.13039131999098616,0.007898010498050306,17.53334910512296,39.63719229018892,0.8,0.8,5,5
3743,4,SIX1,3743,1.0,5.095228620390501,0.3752554802851791,2.7252253597403866e-15,9.502608880368541,16.629498365812942,0.8,0.8,5,5
3741,4,SIX1,3741,1.0,5.095228620390501,0.23279753396151195,1.6815570908487096e-06,8.724762756777622,15.054143986842966,0.8,0.8,5,5
3744,4,SIX1,3744,1.0,5.095228620390501,0.2349437755231897,1.339714696183692e-06,11.88798455605396,23.85690775605998,0.8,0.8,5,5
3086,4,SMAD4,3086,-1.0,4.0331446139392755,-0.3351122565850306,2.534691855982524e-12,2.5328959280044114,1.9125940134042314,0.5,0.4090909090909091,22,18
3098,4,SMAD4,3098,-1.0,4.0331446139392755,0.30041674224004133,4.4098895720114135e-10,-3.988580651911499,3.9660075623845388,0.5,0.4090909090909091,22,18
3097,4,SMAD4,3097,-1.0,4.0331446139392755,-0.16335391043064776,0.0008494822684344858,6.5060201036110055,8.920174382196306,0.5,0.4090909090909091,22,18
3099,4,SMAD4,3099,-1.0,4.0331446139392755,0.5850578226158661,2.1866064888478477e-39,-3.069840525687453,2.6023318906568975,0.5,0.4090909090909091,22,18
3102,4,SMAD4,3102,-1.0,4.0331446139392755,0.26897974041655626,2.710746466094215e-08,-6.271316718638657,8.488517794385494,0.5,0.4090909090909091,22,18
3094,4,SMAD4,3094,-1.0,4.0331446139392755,-0.20308314001347005,3.139581653471415e-05,9.65103487169588,17.06452805523757,0.5,0.4090909090909091,22,18
3095,4,SMAD4,3095,-1.0,4.0331446139392755,0.27689484118176044,1.008191150651648e-08,-16.76535485756355,41.61876301232668,0.5,0.4090909090909091,22,18
3096,4,SMAD4,3096,-1.0,4.0331446139392755,0.279354453290581,7.366300715182861e-09,-9.259859757499099,16.250235130676877,0.5,0.4090909090909091,22,18
3092,4,SMAD4,3092,-1.0,4.0331446139392755,-0.3628244951592876,2.5110823397445242e-14,3.8334887269830626,3.7354755143021086,0.5,0.4090909090909091,22,18
3289,4,MEIS3,3289,1.0,14.222313119352467,-0.13974931201804797,0.004387439787548955,-3.749661266264608,3.589346458825563,0.8421052631578947,0.8,20,19
3274,4,MEIS3,3274,1.0,14.222313119352467,0.6355162306241494,3.222368263514042e-48,7.611564852783248,11.76493397901587,0.8421052631578947,0.8,20,19
3291,4,MEIS3,3291,1.0,14.222313119352467,0.2904715820857913,1.715373605981992e-09,4.478163989718882,4.8037498488380574,0.8421052631578947,0.8,20,19
3283,4,MEIS3,3283,1.0,14.222313119352467,0.359377419140717,4.570695382112065e-14,3.042328293489421,2.5375546066591554,0.8421052631578947,0.8,20,19
3273,4,MEIS3,3273,1.0,14.222313119352467,-0.19287652769198707,7.823638871824223e-05,-3.860431369429833,3.8163225321122183,0.8421052631578947,0.8,20,19
3287,4,MEIS3,3287,1.0,14.222313119352467,0.41254606804943755,1.9183520448236294e-18,8.277186984044679,13.033725952532743,0.8421052631578947,0.8,20,19
3290,4,MEIS3,3290,1.0,14.222313119352467,0.5945776579314415,6.196013465242831e-41,7.7207025548206465,11.399182567354217,0.8421052631578947,0.8,20,19
3275,4,MEIS3,3275,1.0,14.222313119352467,0.3374854508041642,1.7376648851707491e-12,10.856122408114738,19.361222152392546,0.8421052631578947,0.8,20,19
3282,4,MEIS3,3282,1.0,14.222313119352467,0.3037481434317119,2.7651354130305117e-10,23.173142219505227,57.75315162704296,0.8421052631578947,0.8,20,19
3284,4,MEIS3,3284,1.0,14.222313119352467,0.464262355242636,1.6045941545428773e-23,9.526734006359554,16.098740902713566,0.8421052631578947,0.8,20,19
3277,4,MEIS3,3277,1.0,14.222313119352467,0.49287817656561617,1.0009955283167454e-26,9.051264707867555,15.20309818615969,0.8421052631578947,0.8,20,19
3279,4,MEIS3,3279,1.0,14.222313119352467,0.40620712135836745,7.03534670688878e-18,11.138170035193951,21.66048862598454,0.8421052631578947,0.8,20,19
3280,4,MEIS3,3280,1.0,14.222313119352467,0.4707124106490178,3.2290289189944714e-24,4.041928105551579,4.067130118679977,0.8421052631578947,0.8,20,19
3292,4,MEIS3,3292,1.0,14.222313119352467,-0.2568692286780557,1.1586614480660231e-07,-16.205703543078176,36.49431744078847,0.8421052631578947,0.8,20,19
3286,4,MEIS3,3286,1.0,14.222313119352467,0.38028936463825624,1.0786691391574125e-15,4.072183720529683,4.125679316704291,0.8421052631578947,0.8,20,19
3276,4,MEIS3,3276,1.0,14.222313119352467,0.22298749688722258,4.622823059955589e-06,21.443665040503273,53.49759062038409,0.8421052631578947,0.8,20,19
4124,4,LEF1,4124,1.0,12.520919877631087,0.478190855854199,4.820028658111961e-25,10.925651392789014,20.244876752356927,0.9,0.72,25,20
4103,4,LEF1,4103,1.0,12.520919877631087,0.5506141208692017,3.4227256273216212e-34,11.133613052342787,20.06065140545242,0.9,0.72,25,20
4122,4,LEF1,4122,1.0,12.520919877631087,0.3392897413424622,1.3012712126613815e-12,11.657146107394322,22.882668268987857,0.9,0.72,25,20
4119,4,LEF1,4119,1.0,12.520919877631087,0.45772419079412724,7.874880217121278e-23,15.994162287600505,38.13411440200771,0.9,0.72,25,20
4118,4,LEF1,4118,1.0,12.520919877631087,0.37784750963005626,1.6943886159844581e-15,6.5041476308776245,8.941121345944492,0.9,0.72,25,20
4102,4,LEF1,4102,1.0,12.520919877631087,0.7084184300101766,2.499726154969795e-64,8.402104867547951,13.813837842727981,0.9,0.72,25,20
4112,4,LEF1,4112,1.0,12.520919877631087,-0.240563644196747,7.312813804977863e-07,-17.98702091608016,51.52484791047301,0.9,0.72,25,20
4120,4,LEF1,4120,1.0,12.520919877631087,0.26850655596382794,2.8729874721522146e-08,10.598675853275264,20.126873244303034,0.9,0.72,25,20
4123,4,LEF1,4123,1.0,12.520919877631087,-0.1129250975900655,0.02155643951631266,-13.50565302212232,26.91396468909714,0.9,0.72,25,20
4107,4,LEF1,4107,1.0,12.520919877631087,0.3319929259093432,4.142861151526303e-12,12.118724798212693,22.866003644336022,0.9,0.72,25,20
4105,4,LEF1,4105,1.0,12.520919877631087,0.4389598397802179,6.284833688108019e-21,7.936244052825395,12.697370219034479,0.9,0.72,25,20
4110,4,LEF1,4110,1.0,12.520919877631087,-0.21908566997752035,6.8264394850707945e-06,-15.073880725453847,37.42263988765578,0.9,0.72,25,20
4115,4,LEF1,4115,1.0,12.520919877631087,0.6184727963332434,4.6902735161702375e-45,3.9057262670564508,3.857524107301513,0.9,0.72,25,20
4108,4,LEF1,4108,1.0,12.520919877631087,0.3574708138797955,6.346168727217137e-14,22.850502235465978,56.86363330964823,0.9,0.72,25,20
4104,4,LEF1,4104,1.0,12.520919877631087,0.45294245726986276,2.4670883749973853e-22,22.440615948673088,61.47561425074651,0.9,0.72,25,20
4109,4,LEF1,4109,1.0,12.520919877631087,0.6778494967341733,5.26142429693402e-57,4.56486438581171,4.965816756865366,0.9,0.72,25,20
4117,4,LEF1,4117,1.0,12.520919877631087,0.31585459640435626,4.82104302948025e-11,4.86253554432834,5.539958355732512,0.9,0.72,25,20
4106,4,LEF1,4106,1.0,12.520919877631087,0.6883070760777609,2.0798653080396038e-59,9.925936066171344,17.146069496998177,0.9,0.72,25,20
9371,4,HOXC10,9371,1.0,2.982500447769396,0.36947336247353496,7.748042918598857e-15,7.4461570839164555,11.183048929446745,1.0,1.0,11,11
9372,4,HOXC10,9372,1.0,2.982500447769396,-0.20888747126163904,1.8295353772175227e-05,-3.6748448349631153,3.5322694171382616,1.0,1.0,11,11
9368,4,HOXC10,9368,1.0,2.982500447769396,-0.20223894343407894,3.3918345528562084e-05,-2.6488976147894268,2.051355797626941,1.0,1.0,11,11
9374,4,HOXC10,9374,1.0,2.982500447769396,-0.024977244845686117,0.6123272787038376,-6.012355223492002,7.666663168118962,1.0,1.0,11,11
9366,4,HOXC10,9366,1.0,2.982500447769396,0.269553299390798,2.525943145642179e-08,3.9583560580118324,3.9366158654185823,1.0,1.0,11,11
9373,4,HOXC10,9373,1.0,2.982500447769396,-0.18723415189614542,0.000127067200066887,-11.941337698592475,26.493720274855082,1.0,1.0,11,11
9369,4,HOXC10,9369,1.0,2.982500447769396,-0.16531930797586702,0.0007332263301324304,-12.42104282726535,26.431660728009472,1.0,1.0,11,11
9367,4,HOXC10,9367,1.0,2.982500447769396,-0.17774963521325338,0.00027828311476995525,-15.515743708560782,37.25440299549521,1.0,1.0,11,11
9364,4,HOXC10,9364,1.0,2.982500447769396,0.205042781098593,2.6207567417266278e-05,15.043413902577864,33.6490162839886,1.0,1.0,11,11
9370,4,HOXC10,9370,1.0,2.982500447769396,0.26347545520025617,5.293478788810676e-08,14.204303691515694,29.722966718846994,1.0,1.0,11,11
9365,4,HOXC10,9365,1.0,2.982500447769396,0.29996434930990473,4.69630907708761e-10,6.5865478907096175,9.365551368702743,1.0,1.0,11,11
3807,4,POLR3A,3807,-1.0,1.9795582789439927,0.4587798081472115,6.105241752769653e-23,-3.7274598248487205,3.6101415361154023,0.2,0.16,25,20
3820,4,POLR3A,3820,-1.0,1.9795582789439927,-0.2248990064902203,3.8094048975853855e-06,7.667391075465692,11.841648002390443,0.2,0.16,25,20
3809,4,POLR3A,3809,-1.0,1.9795582789439927,0.140621777561874,0.004145965589161308,-12.37856065475061,28.069487158644748,0.2,0.16,25,20
3826,4,POLR3A,3826,-1.0,1.9795582789439927,0.17986192585903146,0.0002344932010788141,-6.2700232097801445,8.465039248137673,0.2,0.16,25,20
339,4,KLF7,339,-1.0,1.8898903045097728,0.41713213523638726,7.363485004116709e-19,-3.528015751812819,3.285294229663039,0.15,0.12,25,20
358,4,KLF7,358,-1.0,1.8898903045097728,-0.10716807645361953,0.029239883209948015,5.00478802637761,5.832150899454361,0.15,0.12,25,20
360,4,KLF7,360,-1.0,1.8898903045097728,0.10704394586451925,0.029428583052096863,-7.051202162847575,10.630240376393877,0.15,0.12,25,20
7350,4,HMGA2,7350,1.0,34.30307480239537,0.37976377927054095,1.1891631026370285e-15,8.685574845774127,14.114254064732247,1.0,1.0,14,14
7353,4,HMGA2,7353,1.0,34.30307480239537,0.3792987620873216,1.2961345275486283e-15,8.59643734652719,14.089026850413987,1.0,1.0,14,14
7348,4,HMGA2,7348,1.0,34.30307480239537,-0.40018064664004643,2.3592284915701116e-17,-14.790312572301701,33.8869054909227,1.0,1.0,14,14
7342,4,HMGA2,7342,1.0,34.30307480239537,0.4534442678542408,2.1903094144879723e-22,8.020171919342102,12.862057634849178,1.0,1.0,14,14
7346,4,HMGA2,7346,1.0,34.30307480239537,-0.36011661301063025,4.0222227206842094e-14,-10.842716857951737,20.772314512667887,1.0,1.0,14,14
7355,4,HMGA2,7355,1.0,34.30307480239537,0.696727660230754,2.031037113609821e-61,17.608793216275537,38.6893522543903,1.0,1.0,14,14
7349,4,HMGA2,7349,1.0,34.30307480239537,0.5241254421163511,1.373360767460097e-30,9.471359898065623,16.213567057534974,1.0,1.0,14,14
7347,4,HMGA2,7347,1.0,34.30307480239537,0.6066361833439753,5.703987303103744e-43,16.207878942073656,35.50875288237676,1.0,1.0,14,14
7343,4,HMGA2,7343,1.0,34.30307480239537,0.5534464710256044,1.3483128014519391e-34,10.419091123035333,19.16883941332938,1.0,1.0,14,14
7352,4,HMGA2,7352,1.0,34.30307480239537,-0.35409472928009245,1.1286448351364245e-13,-13.371330941620373,31.49798610714487,1.0,1.0,14,14
7354,4,HMGA2,7354,1.0,34.30307480239537,0.49836100398575517,2.2447176858014962e-27,9.458991640027184,16.95020578113406,1.0,1.0,14,14
7344,4,HMGA2,7344,1.0,34.30307480239537,0.6808298905646925,1.1128955808040486e-57,12.585627593576547,23.514109687958957,1.0,1.0,14,14
7345,4,HMGA2,7345,1.0,34.30307480239537,0.689950704954669,8.531952400038483e-60,18.46156707973151,42.837886191298765,1.0,1.0,14,14
7351,4,HMGA2,7351,1.0,34.30307480239537,0.2893702399399615,1.9874655655973083e-09,7.9878920646851785,12.567372468896876,1.0,1.0,14,14
8350,4,MESP1,8350,-1.0,7.578043309132295,0.21047085931721574,1.574762876172076e-05,-17.404221324039437,40.22714695154967,0.3333333333333333,0.25,4,3
4760,4,MYBL2,4760,1.0,1.8661113978383217,0.20516866920254978,2.5903697123342016e-05,7.865635621823435,12.624662326721465,0.8181818181818182,0.75,12,11
4761,4,MYBL2,4761,1.0,1.8661113978383217,0.22216103068976614,5.023654400830672e-06,20.804703574228057,48.27587753671528,0.8181818181818182,0.75,12,11
4757,4,MYBL2,4757,1.0,1.8661113978383217,0.7447919058061915,2.1917946368902504e-74,5.684365389558429,7.385804625892788,0.8181818181818182,0.75,12,11
4758,4,MYBL2,4758,1.0,1.8661113978383217,0.6908914952366577,5.109470052348268e-60,17.695287288166092,43.34851215766325,0.8181818181818182,0.75,12,11
4765,4,MYBL2,4765,1.0,1.8661113978383217,0.5669892117157969,1.3829274278324635e-36,6.018511855099995,8.07663769611352,0.8181818181818182,0.75,12,11
4762,4,MYBL2,4762,1.0,1.8661113978383217,0.5954543513563678,4.4359353232248566e-41,13.551453276608575,28.26681899461164,0.8181818181818182,0.75,12,11
4759,4,MYBL2,4759,1.0,1.8661113978383217,-0.30793763537146807,1.524463281745843e-10,-12.689656750154931,28.270272577849944,0.8181818181818182,0.75,12,11
4767,4,MYBL2,4767,1.0,1.8661113978383217,0.5472646243464224,1.0182866159192042e-33,6.586455511348414,9.56378950738635,0.8181818181818182,0.75,12,11
4756,4,MYBL2,4756,1.0,1.8661113978383217,0.1465450389831777,0.002799957502418824,11.11236222757713,20.102088406753964,0.8181818181818182,0.75,12,11
7018,4,SPDEF,7018,-1.0,17.801908096399192,0.2046388657506342,2.7205509798531062e-05,-3.6437191486137652,3.460091627603766,0.8333333333333334,0.8,25,24
6996,4,SPDEF,6996,-1.0,17.801908096399192,-0.2837306964429095,4.182374012693378e-09,7.212056201883454,11.062593618692121,0.8333333333333334,0.8,25,24
6995,4,SPDEF,6995,-1.0,17.801908096399192,-0.24737615540611568,3.4401615218433094e-07,8.069009325853207,12.97761493238595,0.8333333333333334,0.8,25,24
7010,4,SPDEF,7010,-1.0,17.801908096399192,0.38033830326478424,1.0689090255964012e-15,-5.816467796187757,7.548288161752145,0.8333333333333334,0.8,25,24
7000,4,SPDEF,7000,-1.0,17.801908096399192,-0.28474488073272647,3.663042558471465e-09,5.404741262652556,6.765762293280002,0.8333333333333334,0.8,25,24
7014,4,SPDEF,7014,-1.0,17.801908096399192,0.4071270080219042,5.836223454262626e-18,-8.300970192952585,14.200469169891601,0.8333333333333334,0.8,25,24
7008,4,SPDEF,7008,-1.0,17.801908096399192,0.3217434127276031,2.002376920451506e-11,-11.200440796695206,21.895964012599784,0.8333333333333334,0.8,25,24
7004,4,SPDEF,7004,-1.0,17.801908096399192,-0.23129295475075995,1.9694322173219183e-06,10.246508877167683,19.485533547673903,0.8333333333333334,0.8,25,24
7011,4,SPDEF,7011,-1.0,17.801908096399192,-0.2762422721719252,1.0951625014676226e-08,9.708325522833066,17.319049476085056,0.8333333333333334,0.8,25,24
7013,4,SPDEF,7013,-1.0,17.801908096399192,0.24274797774071308,5.756084965630349e-07,-4.189697359830465,4.355039162695975,0.8333333333333334,0.8,25,24
7009,4,SPDEF,7009,-1.0,17.801908096399192,0.2532808151491468,1.7573183995590548e-07,-16.672145387474412,36.72394326330794,0.8333333333333334,0.8,25,24
7001,4,SPDEF,7001,-1.0,17.801908096399192,0.253614479581998,1.6910075145998984e-07,-15.903180679496893,37.48602568698832,0.8333333333333334,0.8,25,24
7016,4,SPDEF,7016,-1.0,17.801908096399192,0.2743647544154557,1.3878594589478636e-08,-7.594357642145539,11.936122312701215,0.8333333333333334,0.8,25,24
7006,4,SPDEF,7006,-1.0,17.801908096399192,0.3003762053796796,4.434845242063649e-10,-11.941947470236887,25.662159649629245,0.8333333333333334,0.8,25,24
7005,4,SPDEF,7005,-1.0,17.801908096399192,0.5584138103590457,2.575315043882223e-35,-17.123291858783244,47.813734665135875,0.8333333333333334,0.8,25,24
7017,4,SPDEF,7017,-1.0,17.801908096399192,0.17144356712138908,0.0004586877211333893,-9.408192119343411,17.339884134204482,0.8333333333333334,0.8,25,24
7007,4,SPDEF,7007,-1.0,17.801908096399192,-0.2716912110708308,1.9385954750334883e-08,13.164702815331825,25.604380634398478,0.8333333333333334,0.8,25,24
7002,4,SPDEF,7002,-1.0,17.801908096399192,0.4628712915240422,2.2573819955782678e-23,-15.127624125264957,37.34096458934591,0.8333333333333334,0.8,25,24
6997,4,SPDEF,6997,-1.0,17.801908096399192,-0.21805664059445007,7.5567063279534844e-06,9.588225200825716,16.53563420505666,0.8333333333333334,0.8,25,24
7019,4,SPDEF,7019,-1.0,17.801908096399192,0.3930824919778113,9.50868627218015e-17,-7.4143776358591795,11.348184348312243,0.8333333333333334,0.8,25,24
1523,4,TNFRSF4,1523,1.0,19.11739422848697,0.33935840213152857,1.286981009751023e-12,8.878533518888242,15.230852396131377,0.95,0.8260869565217391,23,20
1518,4,TNFRSF4,1518,1.0,19.11739422848697,-0.1264377438166182,0.01001845527837104,-3.833229011242411,3.7460756848487837,0.95,0.8260869565217391,23,20
1509,4,TNFRSF4,1509,1.0,19.11739422848697,-0.47339204169029003,1.6422131620083592e-24,-13.439905699351689,29.03535421450397,0.95,0.8260869565217391,23,20
1516,4,TNFRSF4,1516,1.0,19.11739422848697,0.5184869597349289,7.321848895894986e-30,14.392365238075085,31.74629753176912,0.95,0.8260869565217391,23,20
1519,4,TNFRSF4,1519,1.0,19.11739422848697,-0.36287573707822135,2.4886878499806012e-14,-7.51401530576967,11.496650887222366,0.95,0.8260869565217391,23,20
1521,4,TNFRSF4,1521,1.0,19.11739422848697,-0.3270479961746132,8.925396130177025e-12,-4.196876274978777,4.347039825850589,0.95,0.8260869565217391,23,20
1508,4,TNFRSF4,1508,1.0,19.11739422848697,-0.23216927083003033,1.7964917810177684e-06,-17.9312104587266,47.92188485797241,0.95,0.8260869565217391,23,20
1506,4,TNFRSF4,1506,1.0,19.11739422848697,-0.41993826448017574,4.0688477968114194e-19,-9.432992775562218,17.118233011539864,0.95,0.8260869565217391,23,20
1505,4,TNFRSF4,1505,1.0,19.11739422848697,0.7651097494515382,8.768505065461545e-81,10.258517669397477,17.83084018523071,0.95,0.8260869565217391,23,20
1513,4,TNFRSF4,1513,1.0,19.11739422848697,-0.29889352123728097,5.448244390545549e-10,-3.411602645857529,3.120202120613892,0.95,0.8260869565217391,23,20
1504,4,TNFRSF4,1504,1.0,19.11739422848697,0.569612358265571,5.5570541759805285e-37,8.208791214729658,13.282477110388246,0.95,0.8260869565217391,23,20
1507,4,TNFRSF4,1507,1.0,19.11739422848697,0.710554524657214,7.088711942213373e-65,9.222724368686722,15.221128037989223,0.95,0.8260869565217391,23,20
1511,4,TNFRSF4,1511,1.0,19.11739422848697,0.5858475908053733,1.6342407018337692e-39,9.474924054657748,15.9293180365611,0.95,0.8260869565217391,23,20
1510,4,TNFRSF4,1510,1.0,19.11739422848697,0.44925050237797176,5.885511196955529e-22,23.524641653104432,66.59791350842605,0.95,0.8260869565217391,23,20
1514,4,TNFRSF4,1514,1.0,19.11739422848697,0.34022207368266627,1.1198163221509762e-12,2.5929506247503595,1.981375032655223,0.95,0.8260869565217391,23,20
1524,4,TNFRSF4,1524,1.0,19.11739422848697,-0.3760236017234535,2.3682813848141748e-15,-8.065155869553802,12.828368002375747,0.95,0.8260869565217391,23,20
1515,4,TNFRSF4,1515,1.0,19.11739422848697,-0.2980447318276158,6.126242846712086e-10,-13.093165350295811,27.844957192477263,0.95,0.8260869565217391,23,20
1522,4,TNFRSF4,1522,1.0,19.11739422848697,0.3602221497845261,3.949373087165816e-14,3.7491795979850844,3.5551663141675016,0.95,0.8260869565217391,23,20
1512,4,TNFRSF4,1512,1.0,19.11739422848697,0.44682268393502433,1.0365651920792236e-21,22.52046174325946,57.41157309017424,0.95,0.8260869565217391,23,20
6980,4,CREB3L2,6980,-1.0,3.5656663260113355,-0.34704824139171697,3.6721629673498727e-13,2.6814234957440677,2.091451723020418,0.8888888888888888,0.8888888888888888,9,9
6981,4,CREB3L2,6981,-1.0,3.5656663260113355,-0.24151356452232767,6.59169899368915e-07,10.214342858038682,18.56553050767651,0.8888888888888888,0.8888888888888888,9,9
6984,4,CREB3L2,6984,-1.0,3.5656663260113355,0.2956405895188291,8.522591797804747e-10,-8.786470662778026,15.077968252833328,0.8888888888888888,0.8888888888888888,9,9
6985,4,CREB3L2,6985,-1.0,3.5656663260113355,-0.32581041081897866,1.0792239170573062e-11,6.160216414285441,8.22695989226468,0.8888888888888888,0.8888888888888888,9,9
6979,4,CREB3L2,6979,-1.0,3.5656663260113355,-0.388046680880803,2.505083446244262e-16,18.29075590322993,43.689400676504796,0.8888888888888888,0.8888888888888888,9,9
6982,4,CREB3L2,6982,-1.0,3.5656663260113355,-0.14169650493753097,0.003865057660924914,14.447642758581821,31.231943611465766,0.8888888888888888,0.8888888888888888,9,9
6983,4,CREB3L2,6983,-1.0,3.5656663260113355,-0.2512397204355902,2.2208798358087938e-07,6.8499560258656915,9.816867273655573,0.8888888888888888,0.8888888888888888,9,9
6986,4,CREB3L2,6986,-1.0,3.5656663260113355,-0.2603252678045586,7.711534755844592e-08,5.0852271131640645,5.9696654910762526,0.8888888888888888,0.8888888888888888,9,9
9334,4,IKZF3,9334,-1.0,7.791468418088361,0.2848238093969731,3.625359381818298e-09,-13.798179500182075,28.893990814226857,1.0,1.0,5,5
9336,4,IKZF3,9336,-1.0,7.791468418088361,-0.28883640679149913,2.133995946035764e-09,8.81514424858415,15.32450116175639,1.0,1.0,5,5
9333,4,IKZF3,9333,-1.0,7.791468418088361,-0.23805295928423667,9.601803024479524e-07,14.168985524912697,31.567343868872445,1.0,1.0,5,5
9335,4,IKZF3,9335,-1.0,7.791468418088361,-0.2278011931926041,2.8303247377359912e-06,20.30639647038699,52.45484186805271,1.0,1.0,5,5
9332,4,IKZF3,9332,-1.0,7.791468418088361,0.3967442778800221,4.6521332427187605e-17,-15.004120412823577,34.683923361413896,1.0,1.0,5,5
14,4,ZKSCAN3,14,-1.0,1.9620538871116993,0.43095172563081047,3.756456694934644e-20,-3.597942750007299,3.385597727695033,1.0,1.0,1,1
2221,4,FOXK1,2221,1.0,8.080527326350708,0.3344655598919523,2.807763646617021e-12,4.419801882707079,4.804964105432457,0.7391304347826086,0.68,25,23
2223,4,FOXK1,2223,1.0,8.080527326350708,0.44378943291853595,2.0890607693190633e-21,8.242777453651769,13.947634316387877,0.7391304347826086,0.68,25,23
2209,4,FOXK1,2209,1.0,8.080527326350708,0.47349080499278934,1.6016116029840049e-24,14.434140079396334,29.160609520747993,0.7391304347826086,0.68,25,23
2212,4,FOXK1,2212,1.0,8.080527326350708,0.3572863091485851,6.550187322780159e-14,6.037625290497868,8.181698949915292,0.7391304347826086,0.68,25,23
2230,4,FOXK1,2230,1.0,8.080527326350708,0.3225427660742983,1.7746111735029423e-11,5.0077988017760955,5.922083420720575,0.7391304347826086,0.68,25,23
2211,4,FOXK1,2211,1.0,8.080527326350708,0.42624626308159264,1.0507360161887001e-19,6.95267637610656,10.174944724984057,0.7391304347826086,0.68,25,23
2220,4,FOXK1,2220,1.0,8.080527326350708,0.23443203279482813,1.4145931235984994e-06,24.206959679603035,64.20338805006972,0.7391304347826086,0.68,25,23
2216,4,FOXK1,2216,1.0,8.080527326350708,0.4688080038862683,5.2022959258057214e-24,7.79113107120165,12.638730558559695,0.7391304347826086,0.68,25,23
2208,4,FOXK1,2208,1.0,8.080527326350708,0.41339891622495883,1.607231479974087e-18,12.99868812023561,28.5240191695332,0.7391304347826086,0.68,25,23
2215,4,FOXK1,2215,1.0,8.080527326350708,-0.27204579979038174,1.8549296817145007e-08,-16.746049576095015,43.117576475381824,0.7391304347826086,0.68,25,23
2213,4,FOXK1,2213,1.0,8.080527326350708,0.3499856040648541,2.253702594088269e-13,21.02014542226535,53.605856960183246,0.7391304347826086,0.68,25,23
2217,4,FOXK1,2217,1.0,8.080527326350708,0.3788437675324945,1.409920374657882e-15,8.945728941856908,14.817050693761889,0.7391304347826086,0.68,25,23
2227,4,FOXK1,2227,1.0,8.080527326350708,0.2687441628816561,2.7903795351157308e-08,21.49696389550228,60.313357186653306,0.7391304347826086,0.68,25,23
2231,4,FOXK1,2231,1.0,8.080527326350708,0.11853718696239851,0.01581765496114033,3.0111257887011478,2.530509556025009,0.7391304347826086,0.68,25,23
2228,4,FOXK1,2228,1.0,8.080527326350708,0.5499095867626734,4.309347681680702e-34,10.681160390166397,20.790454682870084,0.7391304347826086,0.68,25,23
2224,4,FOXK1,2224,1.0,8.080527326350708,0.3933766860261343,8.980889046017245e-17,10.677275958120106,21.317148941758404,0.7391304347826086,0.68,25,23
2222,4,FOXK1,2222,1.0,8.080527326350708,-0.28647927852054605,2.9163198623988026e-09,-28.63259247362424,95.82518679533172,0.7391304347826086,0.68,25,23
1364,4,REST,1364,-1.0,23.539684681067406,0.6472261083496001,1.6487590642924885e-50,-4.2390234232673984,4.488712853208253,0.625,0.6,25,24
1355,4,REST,1355,-1.0,23.539684681067406,-0.5130417871084296,3.5790332190975657e-29,3.4301205618533888,3.1204949393845696,0.625,0.6,25,24
1370,4,REST,1370,-1.0,23.539684681067406,0.19420628085560476,6.964408392444197e-05,-15.723842711197202,40.85972323335875,0.625,0.6,25,24
1367,4,REST,1367,-1.0,23.539684681067406,-0.4359993083186521,1.2239350862935451e-20,4.527565436364107,4.925683358676038,0.625,0.6,25,24
1360,4,REST,1360,-1.0,23.539684681067406,-0.34099611415448083,9.88172206073578e-13,15.532658495405993,34.409695859330164,0.625,0.6,25,24
1368,4,REST,1368,-1.0,23.539684681067406,0.23140554638810007,1.9463516719386898e-06,-5.121872362309717,6.224237055417139,0.625,0.6,25,24
1353,4,REST,1353,-1.0,23.539684681067406,0.8130282156100982,7.95787207087649e-99,-2.5736026438114785,1.96709084938497,0.625,0.6,25,24
1362,4,REST,1362,-1.0,23.539684681067406,0.30090751467814625,4.1183824327116014e-10,-13.424389135865367,27.979815850613626,0.625,0.6,25,24
1375,4,REST,1375,-1.0,23.539684681067406,0.21206823292749905,1.3521152218838942e-05,-3.5218041182389643,3.220944827427648,0.625,0.6,25,24
1363,4,REST,1363,-1.0,23.539684681067406,-0.3411121272118689,9.697929251853542e-13,2.5295978162444834,1.9110390585557717,0.625,0.6,25,24
1365,4,REST,1365,-1.0,23.539684681067406,0.5418165767607751,5.84434595558233e-33,-19.869860519287908,52.678006073249904,0.625,0.6,25,24
1371,4,REST,1371,-1.0,23.539684681067406,-0.2706394374212293,2.2088005825403346e-08,13.039558600819255,27.082157867542424,0.625,0.6,25,24
1358,4,REST,1358,-1.0,23.539684681067406,0.5890479276829393,4.981132289063027e-40,-10.36881086561744,19.876859049532367,0.625,0.6,25,24
1354,4,REST,1354,-1.0,23.539684681067406,0.308693580512174,1.367783243083772e-10,-17.64701163649343,45.26082374030209,0.625,0.6,25,24
1377,4,REST,1377,-1.0,23.539684681067406,0.2591242113416293,8.889517863835569e-08,-5.7330585204824365,7.299587220335738,0.625,0.6,25,24
9775,4,HOXC6,9775,-1.0,6.30128609471803,0.24193421959582032,6.294649250565495e-07,-3.8617125409087887,3.8045123972352077,0.25,0.25,4,4
7708,4,ETV6,7708,-1.0,22.095102731079113,0.35470104441346817,1.0182874469521675e-13,-10.901922998398218,21.262634574796063,1.0,0.8,25,20
7711,4,ETV6,7711,-1.0,22.095102731079113,0.3625014850432365,2.6568641284098453e-14,-12.566411660702125,26.328575631268297,1.0,0.8,25,20
7730,4,ETV6,7730,-1.0,22.095102731079113,0.10735004445616979,0.028965135958892878,-4.784663166150838,5.359392931639778,1.0,0.8,25,20
7728,4,ETV6,7728,-1.0,22.095102731079113,-0.1183859979342573,0.015952681953646748,3.83691713812576,3.768314745739739,1.0,0.8,25,20
7719,4,ETV6,7719,-1.0,22.095102731079113,0.2780294353537955,8.72647248286707e-09,-4.819088281450025,5.536805719684315,1.0,0.8,25,20
7710,4,ETV6,7710,-1.0,22.095102731079113,0.3619469561581414,2.926709877952993e-14,-19.30090401165369,51.11748770010763,1.0,0.8,25,20
7724,4,ETV6,7724,-1.0,22.095102731079113,0.23393737070611112,1.490772536294218e-06,-10.57629153835969,19.50767245730154,1.0,0.8,25,20
7712,4,ETV6,7712,-1.0,22.095102731079113,-0.21578166545537875,9.44417700755627e-06,13.65481273547531,28.859531804355107,1.0,0.8,25,20
7715,4,ETV6,7715,-1.0,22.095102731079113,-0.26005671279707737,7.961081568190575e-08,3.2208889656562816,2.812745048805176,1.0,0.8,25,20
7713,4,ETV6,7713,-1.0,22.095102731079113,0.33484826768913745,2.64287588769917e-12,-8.800412617032451,15.257568681191545,1.0,0.8,25,20
7716,4,ETV6,7716,-1.0,22.095102731079113,0.2451226529446558,4.4257336868755804e-07,-13.449775378359524,29.78177588553897,1.0,0.8,25,20
7723,4,ETV6,7723,-1.0,22.095102731079113,-0.21072410496814084,1.5372809282749004e-05,15.88773292508171,36.25924914320658,1.0,0.8,25,20
7726,4,ETV6,7726,-1.0,22.095102731079113,0.2883914645845198,2.2640916141145843e-09,-9.707107924370575,16.799036709952684,1.0,0.8,25,20
7714,4,ETV6,7714,-1.0,22.095102731079113,0.3539396875849541,1.158694358896399e-13,-4.857232758726584,5.57952105408578,1.0,0.8,25,20
7721,4,ETV6,7721,-1.0,22.095102731079113,-0.17312065400247162,0.00040227256476695706,4.755913620551409,5.3154115900849686,1.0,0.8,25,20
7727,4,ETV6,7727,-1.0,22.095102731079113,0.30188838309337995,3.590857746106794e-10,-14.077646690246223,27.43621753100718,1.0,0.8,25,20
7717,4,ETV6,7717,-1.0,22.095102731079113,0.36559764693049496,1.5427864302277593e-14,-26.088582777872027,84.09529977031512,1.0,0.8,25,20
7709,4,ETV6,7709,-1.0,22.095102731079113,-0.21069450980043977,1.541617064509189e-05,12.661604074941208,26.974885205608008,1.0,0.8,25,20
7729,4,ETV6,7729,-1.0,22.095102731079113,0.2855116010943448,3.3125139812379086e-09,-15.161794714001767,35.96389776425148,1.0,0.8,25,20
7718,4,ETV6,7718,-1.0,22.095102731079113,0.3562122582339042,7.87178361815451e-14,-11.430247010204637,23.38885718803806,1.0,0.8,25,20
9,4,HOXA6,9,-1.0,14.51165347888941,0.4673271407266595,7.52244737719565e-24,-8.64525221994865,14.417640168709811,0.9090909090909091,0.7142857142857143,14,11
1,4,HOXA6,1,-1.0,14.51165347888941,0.5614822378652051,9.133461081731825e-36,-9.663748750134515,17.329044990797517,0.9090909090909091,0.7142857142857143,14,11
3,4,HOXA6,3,-1.0,14.51165347888941,-0.24847844875296024,3.0386141797779374e-07,23.660189267565936,60.36737362275806,0.9090909090909091,0.7142857142857143,14,11
10,4,HOXA6,10,-1.0,14.51165347888941,0.470080675595227,3.783757178822911e-24,-5.853469715515338,7.657882478250523,0.9090909090909091,0.7142857142857143,14,11
12,4,HOXA6,12,-1.0,14.51165347888941,0.5110119832545513,6.41947074121673e-29,-8.373003836135146,13.961986273679015,0.9090909090909091,0.7142857142857143,14,11
13,4,HOXA6,13,-1.0,14.51165347888941,0.6284251656040257,7.048323684484099e-47,-9.746755225765297,17.965731582787125,0.9090909090909091,0.7142857142857143,14,11
4,4,HOXA6,4,-1.0,14.51165347888941,-0.13980497457648028,0.00437166268094821,11.150711766799951,20.10058818874637,0.9090909090909091,0.7142857142857143,14,11
5,4,HOXA6,5,-1.0,14.51165347888941,-0.19336158291218974,7.499256228223297e-05,5.666267480106229,7.067239665917556,0.9090909090909091,0.7142857142857143,14,11
2,4,HOXA6,2,-1.0,14.51165347888941,0.5711749105993332,3.2158172606200264e-37,-14.43114234508925,32.98942543406024,0.9090909090909091,0.7142857142857143,14,11
0,4,HOXA6,0,-1.0,14.51165347888941,0.4830705887993502,1.3583379834947365e-25,-2.5572617394152046,1.947291937658012,0.9090909090909091,0.7142857142857143,14,11
3864,4,GTF2I,3864,-1.0,2.033220815543623,-0.24502456610313242,4.474280762732575e-07,11.275861268230164,20.381241850198816,0.5714285714285714,0.48,25,21
3886,4,GTF2I,3886,-1.0,2.033220815543623,0.2875047933601973,2.5466881918856467e-09,-4.197203222134068,4.364078365975639,0.5714285714285714,0.48,25,21
3871,4,GTF2I,3871,-1.0,2.033220815543623,-0.11032782567262418,0.024773974184385077,11.059763193084665,20.219844623435876,0.5714285714285714,0.48,25,21
3874,4,GTF2I,3874,-1.0,2.033220815543623,-0.48667316914779873,5.262886598630064e-26,6.638015469621227,9.310044902496573,0.5714285714285714,0.48,25,21
3881,4,GTF2I,3881,-1.0,2.033220815543623,-0.25010292776538307,2.527967770644099e-07,6.814660282667585,9.73770365346047,0.5714285714285714,0.48,25,21
3863,4,GTF2I,3863,-1.0,2.033220815543623,0.7652184905534339,8.071401936421009e-81,-2.591802741618967,1.9893152369120468,0.5714285714285714,0.48,25,21
3869,4,GTF2I,3869,-1.0,2.033220815543623,0.4211195344595563,3.1644825870229654e-19,-15.078431788744195,33.32751173204354,0.5714285714285714,0.48,25,21
3868,4,GTF2I,3868,-1.0,2.033220815543623,-0.2954806064979996,8.710951507997254e-10,23.61175725424937,63.576918877375526,0.5714285714285714,0.48,25,21
3872,4,GTF2I,3872,-1.0,2.033220815543623,0.1653586025330927,0.0007310598659581079,-16.57356587073096,44.463806073674434,0.5714285714285714,0.48,25,21
3879,4,GTF2I,3879,-1.0,2.033220815543623,0.2549245724872329,1.4532065706714616e-07,-2.196230801596825,1.534481145662153,0.5714285714285714,0.48,25,21
3882,4,GTF2I,3882,-1.0,2.033220815543623,0.3105949432005314,1.0398153931833771e-10,-10.515865893238528,18.6307840483305,0.5714285714285714,0.48,25,21
3867,4,GTF2I,3867,-1.0,2.033220815543623,0.6827910441640233,3.96394313468049e-58,-10.790975843587864,20.778774590732553,0.5714285714285714,0.48,25,21
8641,4,TFAP2A,8641,1.0,15.407636856237819,0.5074190434757242,1.7884603894250035e-28,11.504235188839985,23.133657424526195,0.8333333333333334,0.8,25,24
8636,4,TFAP2A,8636,1.0,15.407636856237819,-0.3982039115510363,3.489930915152533e-17,-18.707688262136216,49.55846791698371,0.8333333333333334,0.8,25,24
8638,4,TFAP2A,8638,1.0,15.407636856237819,0.29639585819855907,7.685503282783784e-10,25.034256639608298,69.58789766794168,0.8333333333333334,0.8,25,24
8656,4,TFAP2A,8656,1.0,15.407636856237819,0.40882417975935753,4.1280459789008564e-18,4.701709192533717,5.300526621791891,0.8333333333333334,0.8,25,24
8645,4,TFAP2A,8645,1.0,15.407636856237819,0.49232736821588924,1.16148242875291e-26,9.535271378924755,17.192575961573038,0.8333333333333334,0.8,25,24
8643,4,TFAP2A,8643,1.0,15.407636856237819,0.22554891637293464,3.5654341478475374e-06,15.652562277924616,32.91854448198563,0.8333333333333334,0.8,25,24
8635,4,TFAP2A,8635,1.0,15.407636856237819,0.24371984199562755,5.170770725558258e-07,6.183134072886501,8.509304307884046,0.8333333333333334,0.8,25,24
8639,4,TFAP2A,8639,1.0,15.407636856237819,-0.4328370223709873,2.4764397744490817e-20,-27.73801091762044,91.56897862886576,0.8333333333333334,0.8,25,24
8657,4,TFAP2A,8657,1.0,15.407636856237819,-0.35452262783104205,1.0496150904970974e-13,-2.070270980775934,1.395311327177307,0.8333333333333334,0.8,25,24
8648,4,TFAP2A,8648,1.0,15.407636856237819,0.29823058948077813,5.971104993437683e-10,4.703230361617385,5.247526846217589,0.8333333333333334,0.8,25,24
8637,4,TFAP2A,8637,1.0,15.407636856237819,0.25632230997894095,1.235105071353092e-07,22.057256704719684,57.46042136444202,0.8333333333333334,0.8,25,24
8633,4,TFAP2A,8633,1.0,15.407636856237819,0.48044127240618445,2.6945111144735067e-25,17.455068662708914,39.858036726751564,0.8333333333333334,0.8,25,24
8649,4,TFAP2A,8649,1.0,15.407636856237819,0.3416629355615958,8.869941338958317e-13,4.5262301731111805,4.976075414387204,0.8333333333333334,0.8,25,24
8644,4,TFAP2A,8644,1.0,15.407636856237819,0.32016043963198837,2.5406381183266838e-11,6.1352830128657185,8.156735326802673,0.8333333333333334,0.8,25,24
8634,4,TFAP2A,8634,1.0,15.407636856237819,-0.345070945958801,5.086313523162748e-13,-13.49919577979991,31.42939376113964,0.8333333333333334,0.8,25,24
8650,4,TFAP2A,8650,1.0,15.407636856237819,-0.32330209351988437,1.5817691462484392e-11,-25.27876938336908,73.56531766511118,0.8333333333333334,0.8,25,24
8654,4,TFAP2A,8654,1.0,15.407636856237819,0.36645049510601624,1.3268809581805461e-14,6.549562347034618,8.993007555111571,0.8333333333333334,0.8,25,24
8640,4,TFAP2A,8640,1.0,15.407636856237819,0.6405692249997993,3.402436336017371e-49,9.365060235587059,15.831471223941508,0.8333333333333334,0.8,25,24
8652,4,TFAP2A,8652,1.0,15.407636856237819,0.24684340055241497,3.6520755804545857e-07,8.94090016297798,15.048330555575054,0.8333333333333334,0.8,25,24
8653,4,TFAP2A,8653,1.0,15.407636856237819,0.2140007128207535,1.1226649903735792e-05,9.229806648645654,16.78243261430151,0.8333333333333334,0.8,25,24
5861,4,NFATC1,5861,1.0,16.066768870580244,-0.31463459903409835,5.769750615282128e-11,-14.35444603940732,35.03674998133591,1.0,0.92,25,23
5869,4,NFATC1,5869,1.0,16.066768870580244,-0.24508680051292656,4.443419479588297e-07,-12.412798762195496,28.002070490075585,1.0,0.92,25,23
5860,4,NFATC1,5860,1.0,16.066768870580244,-0.2874992125571451,2.5485709385288035e-09,-15.674663510081922,37.041230536630145,1.0,0.92,25,23
5858,4,NFATC1,5858,1.0,16.066768870580244,0.32155885358467245,2.058885017446069e-11,7.539576505593435,11.74588051127986,1.0,0.92,25,23
5871,4,NFATC1,5871,1.0,16.066768870580244,0.3783917224852669,1.532659119972313e-15,11.626253549878022,23.52551870624784,1.0,0.92,25,23
5866,4,NFATC1,5866,1.0,16.066768870580244,-0.384353711297448,5.044039425083832e-16,-13.218610822423637,28.913024591100147,1.0,0.92,25,23
5870,4,NFATC1,5870,1.0,16.066768870580244,-0.2102590380471248,1.6067787979488558e-05,-5.302674436774879,6.501371666780606,1.0,0.92,25,23
5853,4,NFATC1,5853,1.0,16.066768870580244,0.5116125941813364,5.40253731638851e-29,21.739816646026334,57.61408773096353,1.0,0.92,25,23
5867,4,NFATC1,5867,1.0,16.066768870580244,0.23056369070343913,2.125393198815146e-06,7.468942274302061,11.854003647848279,1.0,0.92,25,23
5851,4,NFATC1,5851,1.0,16.066768870580244,0.5558529728980138,6.067183319556249e-35,10.521152195085271,18.380236871484993,1.0,0.92,25,23
5874,4,NFATC1,5874,1.0,16.066768870580244,-0.19593903564568838,5.977752434360459e-05,-12.125121522512242,22.6537833850285,1.0,0.92,25,23
5862,4,NFATC1,5862,1.0,16.066768870580244,-0.2867434365316831,2.8164139592374673e-09,-28.11226986718958,92.43299720123831,1.0,0.92,25,23
5855,4,NFATC1,5855,1.0,16.066768870580244,-0.2808242338762356,6.0976693987993365e-09,-11.750883694764862,23.917808829030562,1.0,0.92,25,23
5856,4,NFATC1,5856,1.0,16.066768870580244,0.6113298757721697,8.708215480845852e-44,8.73342464572808,14.159411512530257,1.0,0.92,25,23
5864,4,NFATC1,5864,1.0,16.066768870580244,0.4630658648912948,2.1523405847317885e-23,19.539404717671673,48.03452062770946,1.0,0.92,25,23
5859,4,NFATC1,5859,1.0,16.066768870580244,-0.21694010487681858,8.433062534522796e-06,-7.972058497358058,12.94696112266071,1.0,0.92,25,23
5852,4,NFATC1,5852,1.0,16.066768870580244,0.43224275140355084,2.8248027859802284e-20,23.292475000113374,58.63586986661528,1.0,0.92,25,23
5863,4,NFATC1,5863,1.0,16.066768870580244,0.48327936443109,1.286107406515435e-25,13.605220541174884,29.914615458417543,1.0,0.92,25,23
5850,4,NFATC1,5850,1.0,16.066768870580244,0.5817888249492339,7.236490145391255e-39,7.607136965719324,11.740423019799003,1.0,0.92,25,23
5854,4,NFATC1,5854,1.0,16.066768870580244,0.46728545934448396,7.600741539535964e-24,2.4171074380005666,1.7697343374446128,1.0,0.92,25,23
5865,4,NFATC1,5865,1.0,16.066768870580244,0.37538552990781954,2.661283772319934e-15,11.66238593775072,23.67299468265576,1.0,0.92,25,23
5873,4,NFATC1,5873,1.0,16.066768870580244,-0.3123229627637828,8.09111844612936e-11,-15.375605007781628,33.155096033751406,1.0,0.92,25,23
5857,4,NFATC1,5857,1.0,16.066768870580244,0.5835139695533371,3.854513061709811e-39,3.605021997344454,3.367202990593585,1.0,0.92,25,23
3857,4,PRDM4,3857,-1.0,4.130686449936303,-0.3112769849796068,9.419753264935056e-11,4.3668259002536365,4.658198552626678,0.5714285714285714,0.4444444444444444,9,7
3858,4,PRDM4,3858,-1.0,4.130686449936303,0.15871879982293632,0.0011942558934064757,-12.13625488767798,26.708593011631606,0.5714285714285714,0.4444444444444444,9,7
3859,4,PRDM4,3859,-1.0,4.130686449936303,0.27086013281465693,2.149243173159647e-08,-8.316462025143817,14.016608619826886,0.5714285714285714,0.4444444444444444,9,7
3861,4,PRDM4,3861,-1.0,4.130686449936303,0.23462161098335865,1.3863979978620303e-06,-13.973309388051273,31.826453154248693,0.5714285714285714,0.4444444444444444,9,7
8565,4,HOXD10,8565,1.0,14.988136940574744,0.4429810620521882,2.5150630104075735e-21,11.040367976744728,22.598450234210432,0.96,0.96,25,25
8559,4,HOXD10,8559,1.0,14.988136940574744,0.21455202851621247,1.0643234466359673e-05,7.666730452087395,12.290605320184486,0.96,0.96,25,25
8555,4,HOXD10,8555,1.0,14.988136940574744,0.5053879693952144,3.174671147849097e-28,15.13675749705105,31.535725195051196,0.96,0.96,25,25
8575,4,HOXD10,8575,1.0,14.988136940574744,0.3673528940480313,1.1306857047687594e-14,14.643990813002867,33.85269923960924,0.96,0.96,25,25
8561,4,HOXD10,8561,1.0,14.988136940574744,0.5089172354223717,1.168348182141403e-28,8.814553130908585,14.468510857126684,0.96,0.96,25,25
8568,4,HOXD10,8568,1.0,14.988136940574744,0.2535381657168732,1.7059577612563877e-07,19.705020150926682,53.82793941284812,0.96,0.96,25,25
8579,4,HOXD10,8579,1.0,14.988136940574744,0.32654707682186795,9.639588011575236e-12,10.763585677529882,21.131306511314694,0.96,0.96,25,25
8571,4,HOXD10,8571,1.0,14.988136940574744,-0.2207380950267012,5.792601793256386e-06,-6.283582235482715,8.475000542808404,0.96,0.96,25,25
8558,4,HOXD10,8558,1.0,14.988136940574744,0.3217864827031043,1.989409156549993e-11,7.265242754914386,11.074912013119794,0.96,0.96,25,25
8563,4,HOXD10,8563,1.0,14.988136940574744,0.2806857284913948,6.207543393765312e-09,2.260473866728205,1.5991140026660875,0.96,0.96,25,25
8566,4,HOXD10,8566,1.0,14.988136940574744,-0.3307908547549499,4.9990044291395124e-12,-5.730574946977036,7.432298174367661,0.96,0.96,25,25
8557,4,HOXD10,8557,1.0,14.988136940574744,-0.2840151003001373,4.029943385262923e-09,-11.158711982464984,23.41738005005155,0.96,0.96,25,25
8570,4,HOXD10,8570,1.0,14.988136940574744,0.38624780203031317,3.526642224667148e-16,5.557575723766081,7.146174276586326,0.96,0.96,25,25
8556,4,HOXD10,8556,1.0,14.988136940574744,0.3253358734442983,1.1604859117855399e-11,14.894109061941373,33.822375519152985,0.96,0.96,25,25
8578,4,HOXD10,8578,1.0,14.988136940574744,0.24639727453872762,3.839136537557944e-07,12.14561055233288,26.702750251954207,0.96,0.96,25,25
8560,4,HOXD10,8560,1.0,14.988136940574744,0.3168273472878777,4.175235512541219e-11,21.152958664607336,54.91281865688852,0.96,0.96,25,25
8562,4,HOXD10,8562,1.0,14.988136940574744,-0.3563737632919297,7.657552468697274e-14,-16.57761609707184,41.149056162349275,0.96,0.96,25,25
8573,4,HOXD10,8573,1.0,14.988136940574744,0.27702878045501306,9.91186697175481e-09,3.3622115567999824,3.0394206643380817,0.96,0.96,25,25
8564,4,HOXD10,8564,1.0,14.988136940574744,0.2912689604612788,1.5413217927525123e-09,23.322013105503576,62.92756428406998,0.96,0.96,25,25
8567,4,HOXD10,8567,1.0,14.988136940574744,0.236637802922396,1.1179998254012738e-06,13.638324313856577,28.307862431775966,0.96,0.96,25,25
8576,4,HOXD10,8576,1.0,14.988136940574744,0.24803380275497192,3.194845694576788e-07,3.5566692058708282,3.3242713146194776,0.96,0.96,25,25
8574,4,HOXD10,8574,1.0,14.988136940574744,-0.3192950769284106,2.892085571683291e-11,-8.51217971823738,14.209209180121762,0.96,0.96,25,25
8572,4,HOXD10,8572,1.0,14.988136940574744,0.2962696982265307,7.819543625558827e-10,10.490922895522106,20.227533707116404,0.96,0.96,25,25
8569,4,HOXD10,8569,1.0,14.988136940574744,0.34974901183848994,2.3445336597322234e-13,7.6903926441699895,11.875852261596169,0.96,0.96,25,25
4893,4,RXRA,4893,-1.0,10.171072722567024,0.29168650599872914,1.4571496300904814e-09,-14.23184547963058,33.15697187424168,0.9583333333333334,0.92,25,24
4901,4,RXRA,4901,-1.0,10.171072722567024,0.267811492310964,3.128438601954636e-08,-26.859020388564787,88.74877220657032,0.9583333333333334,0.92,25,24
4904,4,RXRA,4904,-1.0,10.171072722567024,0.28910834410386044,2.0580887737598642e-09,-20.165822538544806,50.06229625370277,0.9583333333333334,0.92,25,24
4890,4,RXRA,4890,-1.0,10.171072722567024,-0.34892271475627745,2.6907551982102036e-13,10.825978909459165,19.192856606351437,0.9583333333333334,0.92,25,24
4895,4,RXRA,4895,-1.0,10.171072722567024,-0.2748544657628303,1.3049374907061942e-08,13.641949978199065,27.010140955598775,0.9583333333333334,0.92,25,24
4908,4,RXRA,4908,-1.0,10.171072722567024,0.2806828535322467,6.209844254989791e-09,-7.6074771644164105,11.709540899070888,0.9583333333333334,0.92,25,24
4896,4,RXRA,4896,-1.0,10.171072722567024,0.39822403626507297,3.4760926631797027e-17,-17.7527999700093,43.472277557343645,0.9583333333333334,0.92,25,24
4891,4,RXRA,4891,-1.0,10.171072722567024,0.30394871411110286,2.688001810418999e-10,-11.140270889710497,22.037160286641154,0.9583333333333334,0.92,25,24
4909,4,RXRA,4909,-1.0,10.171072722567024,-0.31992131067696417,2.6333567245402437e-11,21.47356575392083,54.38968388164721,0.9583333333333334,0.92,25,24
4899,4,RXRA,4899,-1.0,10.171072722567024,-0.32445207717912394,1.3280457995650955e-11,24.627276192620172,65.29067036024331,0.9583333333333334,0.92,25,24
4892,4,RXRA,4892,-1.0,10.171072722567024,-0.3199576704544254,2.619049001127902e-11,20.350486771341846,49.697276926442996,0.9583333333333334,0.92,25,24
4907,4,RXRA,4907,-1.0,10.171072722567024,0.36357756534084545,2.2009699995356673e-14,-12.72475971740825,24.902576750152807,0.9583333333333334,0.92,25,24
4894,4,RXRA,4894,-1.0,10.171072722567024,-0.3878535512721483,2.5990419518742564e-16,9.414641664145476,15.86814912920597,0.9583333333333334,0.92,25,24
4903,4,RXRA,4903,-1.0,10.171072722567024,-0.21775574769865863,7.783928786038982e-06,5.579611295573924,7.000580700128354,0.9583333333333334,0.92,25,24
4900,4,RXRA,4900,-1.0,10.171072722567024,0.40327736887121074,1.2708161579075797e-17,-15.891838044033697,40.52311332323888,0.9583333333333334,0.92,25,24
4911,4,RXRA,4911,-1.0,10.171072722567024,0.27983947581038976,6.9217294521662765e-09,-8.114196684412136,13.22253402995563,0.9583333333333334,0.92,25,24
4906,4,RXRA,4906,-1.0,10.171072722567024,-0.34840843529925575,2.9309981613655964e-13,4.422903544163283,4.705073332117736,0.9583333333333334,0.92,25,24
4889,4,RXRA,4889,-1.0,10.171072722567024,-0.4348327513655,1.5886938812979687e-20,8.57384981788005,14.336206780036418,0.9583333333333334,0.92,25,24
4912,4,RXRA,4912,-1.0,10.171072722567024,0.25783487672132893,1.0346886505897115e-07,-9.473718780067161,17.795187802820184,0.9583333333333334,0.92,25,24
4897,4,RXRA,4897,-1.0,10.171072722567024,0.294123287549609,1.0480388639234625e-09,-8.47041364779319,14.297218486253728,0.9583333333333334,0.92,25,24
4902,4,RXRA,4902,-1.0,10.171072722567024,-0.27441442789792714,1.3792212657138246e-08,6.649398497733864,9.35185000651668,0.9583333333333334,0.92,25,24
4898,4,RXRA,4898,-1.0,10.171072722567024,-0.11412547759201878,0.020196216776120195,5.075218914810468,6.010802592441069,0.9583333333333334,0.92,25,24
4905,4,RXRA,4905,-1.0,10.171072722567024,0.40538251542859516,8.314190842732536e-18,-4.511782677540028,4.912287318829132,0.9583333333333334,0.92,25,24
6277,4,EOMES,6277,1.0,18.910951320425994,-0.3450751703261319,5.082787164059294e-13,-14.330244189598195,35.024198576109626,0.9583333333333334,0.92,25,24
6274,4,EOMES,6274,1.0,18.910951320425994,0.19671236908566855,5.581371361180185e-05,5.972835412785385,8.04356853924882,0.9583333333333334,0.92,25,24
6272,4,EOMES,6272,1.0,18.910951320425994,0.6080736368707704,3.218444347093905e-43,9.849024152766765,17.022357886459545,0.9583333333333334,0.92,25,24
6270,4,EOMES,6270,1.0,18.910951320425994,0.3976199344928896,3.9159362415416666e-17,19.4262964143129,45.89752665180856,0.9583333333333334,0.92,25,24
6283,4,EOMES,6283,1.0,18.910951320425994,0.29429581661230736,1.0237462725802371e-09,2.8846122261865896,2.340961919418458,0.9583333333333334,0.92,25,24
6264,4,EOMES,6264,1.0,18.910951320425994,0.7619912490832658,9.256312824935293e-80,10.371688102603006,18.02293378805095,0.9583333333333334,0.92,25,24
6266,4,EOMES,6266,1.0,18.910951320425994,0.29176532167914915,1.441770095787328e-09,7.20009912565173,11.005902263576782,0.9583333333333334,0.92,25,24
6281,4,EOMES,6281,1.0,18.910951320425994,0.42990873190037265,4.724970732709449e-20,18.156677262579418,42.01888025084976,0.9583333333333334,0.92,25,24
6279,4,EOMES,6279,1.0,18.910951320425994,0.39230002677970655,1.1065305757348816e-16,14.715525650302169,33.45406643492291,0.9583333333333334,0.92,25,24
6265,4,EOMES,6265,1.0,18.910951320425994,0.33273911322499616,3.685341569190061e-12,18.49958460111484,43.08676991085617,0.9583333333333334,0.92,25,24
6280,4,EOMES,6280,1.0,18.910951320425994,0.38934335746764304,1.9551690868753098e-16,12.597027348731606,26.13393986884028,0.9583333333333334,0.92,25,24
6271,4,EOMES,6271,1.0,18.910951320425994,0.5544194663843229,9.77036100677204e-35,21.593979786247296,57.0986515190872,0.9583333333333334,0.92,25,24
6273,4,EOMES,6273,1.0,18.910951320425994,-0.1660026153987562,0.0006963866273198763,-15.822930137123222,38.189457125279276,0.9583333333333334,0.92,25,24
6285,4,EOMES,6285,1.0,18.910951320425994,0.20744300024277762,2.0956699223589142e-05,8.032971007188607,12.792401480334206,0.9583333333333334,0.92,25,24
6268,4,EOMES,6268,1.0,18.910951320425994,0.4915912159246726,1.416255174366144e-26,4.527448808337435,4.909306025277901,0.9583333333333334,0.92,25,24
6267,4,EOMES,6267,1.0,18.910951320425994,0.6707454542746718,1.9836396221129084e-55,12.014291017755797,22.99713385669121,0.9583333333333334,0.92,25,24
6287,4,EOMES,6287,1.0,18.910951320425994,0.29949734255357235,5.010935189177126e-10,6.440235308890684,9.18908431350106,0.9583333333333334,0.92,25,24
6286,4,EOMES,6286,1.0,18.910951320425994,0.31731329187679763,3.8850246523377976e-11,7.814345834080429,12.082212071115357,0.9583333333333334,0.92,25,24
6275,4,EOMES,6275,1.0,18.910951320425994,0.5207075509615672,3.801840058960768e-30,7.372102688440607,10.898736034067634,0.9583333333333334,0.92,25,24
6276,4,EOMES,6276,1.0,18.910951320425994,-0.2521262000532703,2.006662706707834e-07,-16.752904039071232,41.43541634318381,0.9583333333333334,0.92,25,24
6278,4,EOMES,6278,1.0,18.910951320425994,-0.34725322581260815,3.549748288698386e-13,-13.42118143890977,27.283807115401302,0.9583333333333334,0.92,25,24
6263,4,EOMES,6263,1.0,18.910951320425994,0.4603922072861043,4.131555519743934e-23,8.638760341773116,14.499837828844711,0.9583333333333334,0.92,25,24
6269,4,EOMES,6269,1.0,18.910951320425994,0.39888442093379206,3.050738350030188e-17,5.632825514974777,7.119438158725093,0.9583333333333334,0.92,25,24
591,4,RFX1,591,-1.0,5.645388930429598,0.2758327974494039,1.15339878137341e-08,-19.90589242076542,53.591215975632984,0.8695652173913043,0.8,25,23
577,4,RFX1,577,-1.0,5.645388930429598,0.2648208583359652,4.500944230640742e-08,-2.0655772068439258,1.3954573358823155,0.8695652173913043,0.8,25,23
589,4,RFX1,589,-1.0,5.645388930429598,0.2710284024824427,2.1048801227776584e-08,-6.87916221387425,9.940589157938351,0.8695652173913043,0.8,25,23
579,4,RFX1,579,-1.0,5.645388930429598,0.13982828883699872,0.004365069679801361,-2.3161633324245354,1.6648232148170765,0.8695652173913043,0.8,25,23
587,4,RFX1,587,-1.0,5.645388930429598,0.18044232937645946,0.0002236415002842074,-3.3912391003034186,3.067676379492551,0.8695652173913043,0.8,25,23
592,4,RFX1,592,-1.0,5.645388930429598,0.34026215399549564,1.1125975004693528e-12,-6.44653747758732,8.940893000622374,0.8695652173913043,0.8,25,23
575,4,RFX1,575,-1.0,5.645388930429598,0.35021695371865397,2.168218425505268e-13,-7.0200912445286,10.577153718279266,0.8695652173913043,0.8,25,23
576,4,RFX1,576,-1.0,5.645388930429598,0.2953987547199008,8.80887962662638e-10,-14.17312570967754,32.23233258840641,0.8695652173913043,0.8,25,23
583,4,RFX1,583,-1.0,5.645388930429598,0.527971280849263,4.306940384348445e-31,-5.520751469364423,7.027654210980165,0.8695652173913043,0.8,25,23
572,4,RFX1,572,-1.0,5.645388930429598,0.28746183808821985,2.561214491412343e-09,-3.1334253606852323,2.7023279188030216,0.8695652173913043,0.8,25,23
593,4,RFX1,593,-1.0,5.645388930429598,0.2312110638574934,1.9863836268989496e-06,-3.2229613621226747,2.828904316822709,0.8695652173913043,0.8,25,23
582,4,RFX1,582,-1.0,5.645388930429598,0.18492608184078563,0.00015432854168536474,-7.141206687590488,10.407720528906589,0.8695652173913043,0.8,25,23
574,4,RFX1,574,-1.0,5.645388930429598,0.42044510286646114,3.65328859427743e-19,-13.99440746958036,32.293256747785826,0.8695652173913043,0.8,25,23
584,4,RFX1,584,-1.0,5.645388930429598,0.22622723761664199,3.3267496005018905e-06,-2.628930822534972,2.0326856502913464,0.8695652173913043,0.8,25,23
580,4,RFX1,580,-1.0,5.645388930429598,0.14233136356352877,0.0037073290558776316,-2.3560208767337114,1.7097950676386677,0.8695652173913043,0.8,25,23
586,4,RFX1,586,-1.0,5.645388930429598,0.21580348132185548,9.424112095041077e-06,-14.991498671422319,31.56528352253187,0.8695652173913043,0.8,25,23
581,4,RFX1,581,-1.0,5.645388930429598,0.21376699555353748,1.148304712120799e-05,-4.844825707579178,5.570412202976018,0.8695652173913043,0.8,25,23
596,4,RFX1,596,-1.0,5.645388930429598,0.3243421522705202,1.3504700990707435e-11,-11.22212159769607,22.101288084998735,0.8695652173913043,0.8,25,23
590,4,RFX1,590,-1.0,5.645388930429598,0.15274192886928284,0.001828569735581114,-7.167843302258162,10.646308846219862,0.8695652173913043,0.8,25,23
594,4,RFX1,594,-1.0,5.645388930429598,0.2152279821465037,9.967246323332763e-06,-5.408616048190039,6.678051616554075,0.8695652173913043,0.8,25,23
1752,4,NR2C2,1752,-1.0,20.78809995809076,-0.26192289951468156,6.375859810433756e-08,9.088151868466612,15.704884494262162,1.0,0.96,25,24
1772,4,NR2C2,1772,-1.0,20.78809995809076,-0.3918747735441186,1.2013629059298622e-16,8.2533588622249,13.193784322317931,1.0,0.96,25,24
1754,4,NR2C2,1754,-1.0,20.78809995809076,-0.25451091660039465,1.5245739501890477e-07,3.0453400385925025,2.567048712448089,1.0,0.96,25,24
1759,4,NR2C2,1759,-1.0,20.78809995809076,0.5047426256240881,3.806584171016247e-28,-18.049931910943208,45.39057270876692,1.0,0.96,25,24
1755,4,NR2C2,1755,-1.0,20.78809995809076,0.34610136514052847,4.2933691984954165e-13,-15.889264660414264,40.2373997630983,1.0,0.96,25,24
1775,4,NR2C2,1775,-1.0,20.78809995809076,0.20583464503344465,2.4350925798862613e-05,-6.3741076557909055,8.858382350621829,1.0,0.96,25,24
1774,4,NR2C2,1774,-1.0,20.78809995809076,-0.330647614143277,5.111887613447181e-12,13.234286238232253,29.409267911741786,1.0,0.96,25,24
1761,4,NR2C2,1761,-1.0,20.78809995809076,-0.326313528669896,9.99135346065925e-12,14.213001655504389,29.362859432054975,1.0,0.96,25,24
1758,4,NR2C2,1758,-1.0,20.78809995809076,-0.06845336921958811,0.16445602102185244,4.657649901272695,5.222998604037981,1.0,0.96,25,24
1766,4,NR2C2,1766,-1.0,20.78809995809076,-0.3978546885721642,3.738869897361323e-17,17.649185679087996,43.73817821724732,1.0,0.96,25,24
1763,4,NR2C2,1763,-1.0,20.78809995809076,-0.3122816986442454,8.139887700253689e-11,23.008450188029208,62.73957440850023,1.0,0.96,25,24
1756,4,NR2C2,1756,-1.0,20.78809995809076,0.7689282025459456,4.6536373415913985e-82,-10.343716741153274,19.58311434833167,1.0,0.96,25,24
1760,4,NR2C2,1760,-1.0,20.78809995809076,0.6144865809167822,2.4167663799873575e-44,-8.31069208162281,13.77696778141735,1.0,0.96,25,24
1753,4,NR2C2,1753,-1.0,20.78809995809076,0.3171894230252941,3.9570757220587385e-11,-13.919713529524191,32.0337700219598,1.0,0.96,25,24
1768,4,NR2C2,1768,-1.0,20.78809995809076,0.1865629482875179,0.00013448859837134725,-2.7456274597997807,2.171032859657736,1.0,0.96,25,24
1751,4,NR2C2,1751,-1.0,20.78809995809076,0.4765768199654075,7.295399894084688e-25,-3.2210648274976648,2.82571796331361,1.0,0.96,25,24
1764,4,NR2C2,1764,-1.0,20.78809995809076,-0.43651933769397,1.0892262685301289e-20,4.350905458790155,4.624828800136128,1.0,0.96,25,24
1770,4,NR2C2,1770,-1.0,20.78809995809076,0.34361672397559506,6.453881459150719e-13,-3.360758166708021,2.9950578049673284,1.0,0.96,25,24
1757,4,NR2C2,1757,-1.0,20.78809995809076,0.5132979967030983,3.3236654654133073e-29,-14.61523908519322,35.53322658100589,1.0,0.96,25,24
1769,4,NR2C2,1769,-1.0,20.78809995809076,0.41826875879135034,5.794668502492289e-19,-3.0455188975041247,2.5789567741710524,1.0,0.96,25,24
1773,4,NR2C2,1773,-1.0,20.78809995809076,0.502876438906484,6.420530308485313e-28,-5.2205974041692755,6.290994317124028,1.0,0.96,25,24
1771,4,NR2C2,1771,-1.0,20.78809995809076,0.4287767344776517,6.055234387901872e-20,-7.242383715408973,10.837625237027943,1.0,0.96,25,24
1767,4,NR2C2,1767,-1.0,20.78809995809076,-0.44096064223205067,3.9907362554373005e-21,23.621291555239242,61.309068293135525,1.0,0.96,25,24
1765,4,NR2C2,1765,-1.0,20.78809995809076,-0.284121642903861,3.974238958608569e-09,10.194121364005403,18.770202991645746,1.0,0.96,25,24
2098,4,STAT3,2098,1.0,22.571304041483014,0.5808329855901129,1.0242270586681745e-38,9.112102758332433,15.17767835184086,0.9130434782608695,0.84,25,23
2107,4,STAT3,2107,1.0,22.571304041483014,0.806977610410058,2.846170983002019e-96,12.783936211395634,27.38029046403138,0.9130434782608695,0.84,25,23
2109,4,STAT3,2109,1.0,22.571304041483014,0.4594674307293391,5.1699943850146367e-23,14.842545088642712,35.05736590880311,0.9130434782608695,0.84,25,23
2105,4,STAT3,2105,1.0,22.571304041483014,-0.43138922676705355,3.4110488732819787e-20,-28.83329067095661,97.58748497725755,0.9130434782608695,0.84,25,23
2112,4,STAT3,2112,1.0,22.571304041483014,0.5504955710831536,3.5581317971500842e-34,16.75417934278134,36.03487107037406,0.9130434782608695,0.84,25,23
2091,4,STAT3,2091,1.0,22.571304041483014,0.31651905019805515,4.370198305076774e-11,8.371045501146304,13.743469634151875,0.9130434782608695,0.84,25,23
2101,4,STAT3,2101,1.0,22.571304041483014,0.29793024080742386,6.223752888414168e-10,3.799988616349773,3.6806712225948406,0.9130434782608695,0.84,25,23
2094,4,STAT3,2094,1.0,22.571304041483014,0.6095095192856911,1.8118180108908865e-43,25.96717859379057,76.71797130873632,0.9130434782608695,0.84,25,23
2102,4,STAT3,2102,1.0,22.571304041483014,0.358096878513105,5.699215971537353e-14,9.00266718122215,14.971472160767668,0.9130434782608695,0.84,25,23
2113,4,STAT3,2113,1.0,22.571304041483014,-0.4449015347631182,1.6170279677102784e-21,-16.453772216798015,34.30652361807944,0.9130434782608695,0.84,25,23
2108,4,STAT3,2108,1.0,22.571304041483014,0.29355455298401734,1.1321495346328463e-09,2.3098941414315024,1.6571276921142726,0.9130434782608695,0.84,25,23
2095,4,STAT3,2095,1.0,22.571304041483014,-0.2678640871518499,3.108365044184315e-08,-18.04288980874533,47.986082359935544,0.9130434782608695,0.84,25,23
2093,4,STAT3,2093,1.0,22.571304041483014,0.5481783540097859,7.572345064158219e-34,16.189635229211913,35.057174878936756,0.9130434782608695,0.84,25,23
2096,4,STAT3,2096,1.0,22.571304041483014,0.5356259441386982,4.0963289444386575e-32,12.757084759419413,24.737611778590047,0.9130434782608695,0.84,25,23
2100,4,STAT3,2100,1.0,22.571304041483014,0.5461516769256202,1.4588945107521797e-33,6.122044728982405,8.152143811489546,0.9130434782608695,0.84,25,23
2106,4,STAT3,2106,1.0,22.571304041483014,-0.21744981822225215,8.021618821797222e-06,-14.540478992719152,34.812347411717,0.9130434782608695,0.84,25,23
2099,4,STAT3,2099,1.0,22.571304041483014,-0.22921059963614857,2.446603475871717e-06,-11.111330403483368,23.014343532800417,0.9130434782608695,0.84,25,23
2103,4,STAT3,2103,1.0,22.571304041483014,0.38150327385972993,8.605481289450257e-16,16.920714313652418,38.900090824663856,0.9130434782608695,0.84,25,23
2114,4,STAT3,2114,1.0,22.571304041483014,0.21940800363259544,6.611878076097383e-06,7.110027859545555,10.717026421132438,0.9130434782608695,0.84,25,23
2104,4,STAT3,2104,1.0,22.571304041483014,0.6156215133193053,1.5189519579543413e-44,1.9903306897089361,1.318637657920798,0.9130434782608695,0.84,25,23
2092,4,STAT3,2092,1.0,22.571304041483014,0.44684838945211314,1.0303962999841262e-21,11.214656215255172,20.296022853532637,0.9130434782608695,0.84,25,23
7697,4,PURA,7697,-1.0,1.963159806571003,-0.3430877314923448,7.035699937175594e-13,13.869301316346906,28.772592135749253,0.4,0.3333333333333333,6,5
7698,4,PURA,7698,-1.0,1.963159806571003,0.4290799581101541,5.666475288093222e-20,-5.145968913580265,6.175694717127119,0.4,0.3333333333333333,6,5
5038,4,JUN,5038,1.0,9.762660167152571,0.31503641685385614,5.4387731328915576e-11,8.902447599035392,14.656622809538622,1.0,0.88,25,22
5033,4,JUN,5033,1.0,9.762660167152571,0.24657230881627365,3.764671798677612e-07,11.097813270205815,19.852094103962745,1.0,0.88,25,22
5037,4,JUN,5037,1.0,9.762660167152571,0.2830582462495524,4.565354702683889e-09,9.599805501379892,16.465809358347094,1.0,0.88,25,22
5035,4,JUN,5035,1.0,9.762660167152571,0.3183630828186946,3.323612707148511e-11,8.021514660286178,12.913985170342437,1.0,0.88,25,22
5049,4,JUN,5049,1.0,9.762660167152571,0.2608451280646325,7.24974534157804e-08,19.93943667795511,52.76074323503774,1.0,0.88,25,22
5046,4,JUN,5046,1.0,9.762660167152571,0.3715006145225179,5.3842320219820374e-15,14.58115438145337,32.37383443661769,1.0,0.88,25,22
5051,4,JUN,5051,1.0,9.762660167152571,0.2698298827481735,2.4412395589708792e-08,5.789305715539242,7.589364342352013,1.0,0.88,25,22
5039,4,JUN,5039,1.0,9.762660167152571,0.2250295634585928,3.759149559043381e-06,2.801516274976732,2.238824489637106,1.0,0.88,25,22
5042,4,JUN,5042,1.0,9.762660167152571,0.353475466240158,1.2534291474153775e-13,12.361966946843493,27.81436904917778,1.0,0.88,25,22
5043,4,JUN,5043,1.0,9.762660167152571,0.26324030726548686,5.445177580349686e-08,5.244900534966805,6.129325496645897,1.0,0.88,25,22
5040,4,JUN,5040,1.0,9.762660167152571,0.37592077965509796,2.41325995738008e-15,25.44884386135248,70.02250144718339,1.0,0.88,25,22
5048,4,JUN,5048,1.0,9.762660167152571,0.30279196584210305,3.1634608523001063e-10,11.921915657326547,23.992391119209167,1.0,0.88,25,22
5054,4,JUN,5054,1.0,9.762660167152571,0.30842164319981263,1.422250213820788e-10,6.631537033802847,9.36881071816636,1.0,0.88,25,22
5045,4,JUN,5045,1.0,9.762660167152571,0.27658569851571785,1.0485242747562312e-08,16.786360855656092,36.625364002055726,1.0,0.88,25,22
5032,4,JUN,5032,1.0,9.762660167152571,0.35022168894548616,2.1665023205458688e-13,8.475342755784087,14.045951852586425,1.0,0.88,25,22
5044,4,JUN,5044,1.0,9.762660167152571,-0.27865194856698083,8.059607741435239e-09,-28.53272528820614,95.42750331470089,1.0,0.88,25,22
5047,4,JUN,5047,1.0,9.762660167152571,0.2260356300451834,3.3925777356991306e-06,6.989997530461807,9.956340651119985,1.0,0.88,25,22
5036,4,JUN,5036,1.0,9.762660167152571,0.37568012866287764,2.5218324266412328e-15,21.216960509256822,54.16613608601325,1.0,0.88,25,22
5052,4,JUN,5052,1.0,9.762660167152571,0.26419090405204354,4.856608342006751e-08,10.873291291521154,21.03233902494337,1.0,0.88,25,22
5056,4,JUN,5056,1.0,9.762660167152571,0.21384495768102416,1.139690676518167e-05,2.1545626041939845,1.4831717315471038,1.0,0.88,25,22
5034,4,JUN,5034,1.0,9.762660167152571,0.37807361671129197,1.6252558287302795e-15,14.500931787795968,29.16996991221311,1.0,0.88,25,22
5041,4,JUN,5041,1.0,9.762660167152571,0.260890281834782,7.210919754483381e-08,12.784004354534023,24.661463493623415,1.0,0.88,25,22
1529,4,NFIL3,1529,1.0,31.79461378332131,0.6966407370718795,2.132193399803466e-61,20.757494844599247,51.98058215779887,0.9523809523809523,0.8,25,21
1546,4,NFIL3,1546,1.0,31.79461378332131,0.48532887207319647,7.506741998984068e-26,13.802085252847887,31.125113684178263,0.9523809523809523,0.8,25,21
1531,4,NFIL3,1531,1.0,31.79461378332131,0.4117857259123874,2.2452124353904213e-18,9.767487026567247,18.167255619183315,0.9523809523809523,0.8,25,21
1534,4,NFIL3,1534,1.0,31.79461378332131,0.3574655713072313,6.351878907593814e-14,3.779131869146447,3.6403693971746893,0.9523809523809523,0.8,25,21
1532,4,NFIL3,1532,1.0,31.79461378332131,-0.1992871792465155,4.433026073094815e-05,-8.465765264179455,14.20161370494067,0.9523809523809523,0.8,25,21
1539,4,NFIL3,1539,1.0,31.79461378332131,0.4513911631365974,3.5596374202177476e-22,8.559827816104717,14.024199270812089,0.9523809523809523,0.8,25,21
1542,4,NFIL3,1542,1.0,31.79461378332131,0.552485211928882,1.851540301654249e-34,10.913385417422326,20.636068156721453,0.9523809523809523,0.8,25,21
1535,4,NFIL3,1535,1.0,31.79461378332131,0.525762804877791,8.397639087224726e-31,10.930539305791235,20.80755367004715,0.9523809523809523,0.8,25,21
1549,4,NFIL3,1549,1.0,31.79461378332131,-0.11063206399659066,0.024376812861321987,-12.490846792392956,25.493313764742357,0.9523809523809523,0.8,25,21
1545,4,NFIL3,1545,1.0,31.79461378332131,0.371617811386614,5.271712344275362e-15,2.7576078464367217,2.1975763036193317,0.9523809523809523,0.8,25,21
1536,4,NFIL3,1536,1.0,31.79461378332131,0.38011686708937026,1.11377389750946e-15,7.2263292908085965,10.889639644616848,0.9523809523809523,0.8,25,21
1527,4,NFIL3,1527,1.0,31.79461378332131,0.4401441538339906,4.80508329562268e-21,6.816141050079894,9.807157994968911,0.9523809523809523,0.8,25,21
1541,4,NFIL3,1541,1.0,31.79461378332131,0.45769899262277036,7.922786244580008e-23,3.967409543005168,4.006201295116099,0.9523809523809523,0.8,25,21
1547,4,NFIL3,1547,1.0,31.79461378332131,0.4731243322590288,1.75744794206417e-24,9.32883823352249,16.23582211501783,0.9523809523809523,0.8,25,21
1533,4,NFIL3,1533,1.0,31.79461378332131,-0.23871876599988756,8.935446048123151e-07,-15.364778608395993,37.98827872350742,0.9523809523809523,0.8,25,21
1528,4,NFIL3,1528,1.0,31.79461378332131,0.4822232397322737,1.6949432947841092e-25,10.774683848940528,19.086448914178487,0.9523809523809523,0.8,25,21
1530,4,NFIL3,1530,1.0,31.79461378332131,0.4382422837999012,7.39117279197738e-21,5.552693383735579,7.017885280051734,0.9523809523809523,0.8,25,21
1538,4,NFIL3,1538,1.0,31.79461378332131,0.6087331112004604,2.4728570871874628e-43,21.695032127192242,55.08933642161462,0.9523809523809523,0.8,25,21
1550,4,NFIL3,1550,1.0,31.79461378332131,0.5916800373406459,1.8562205813561666e-40,7.217814648614438,10.934622898879473,0.9523809523809523,0.8,25,21
1543,4,NFIL3,1543,1.0,31.79461378332131,0.43112726725408856,3.6139130853651874e-20,3.698173743862963,3.513816833525071,0.9523809523809523,0.8,25,21
7787,4,POU4F1,7787,-1.0,7.432298174367661,0.22948667896742567,2.377509542526392e-06,-11.358187288468283,22.367266732144397,0.7391304347826086,0.68,25,23
7793,4,POU4F1,7793,-1.0,7.432298174367661,0.25173495527865364,2.098632831126778e-07,-14.360301820291014,32.5060113663086,0.7391304347826086,0.68,25,23
7794,4,POU4F1,7794,-1.0,7.432298174367661,-0.2517715806072914,2.0898539878884793e-07,10.275496818785125,18.42479918742658,0.7391304347826086,0.68,25,23
7778,4,POU4F1,7778,-1.0,7.432298174367661,0.3017701562681848,3.6507758382840867e-10,-16.811958806565723,41.883071106702054,0.7391304347826086,0.68,25,23
7799,4,POU4F1,7799,-1.0,7.432298174367661,0.1546891102420734,0.001594208928689987,-4.678745965143811,5.193355830503072,0.7391304347826086,0.68,25,23
7786,4,POU4F1,7786,-1.0,7.432298174367661,0.15003769350507748,0.0022065100480705593,-10.567988704210618,20.217980319732632,0.7391304347826086,0.68,25,23
7781,4,POU4F1,7781,-1.0,7.432298174367661,0.1822179620028456,0.00019328812342649503,-3.01713991305036,2.5430304348801664,0.7391304347826086,0.68,25,23
7792,4,POU4F1,7792,-1.0,7.432298174367661,0.2864092221387762,2.9433871471638086e-09,-4.626047265938852,5.146355722830012,0.7391304347826086,0.68,25,23
7783,4,POU4F1,7783,-1.0,7.432298174367661,-0.1888006017978036,0.0001112161445681928,9.74644533958259,16.936898410305865,0.7391304347826086,0.68,25,23
7780,4,POU4F1,7780,-1.0,7.432298174367661,-0.24229002909448377,6.053465566962923e-07,9.071650762382157,15.222017048775255,0.7391304347826086,0.68,25,23
7776,4,POU4F1,7776,-1.0,7.432298174367661,0.3658772832931232,1.4684506088345142e-14,-13.118772079944533,30.39580482955415,0.7391304347826086,0.68,25,23
7784,4,POU4F1,7784,-1.0,7.432298174367661,0.14423079851807208,0.003269617856178993,-11.480926915691573,22.804329124031764,0.7391304347826086,0.68,25,23
7788,4,POU4F1,7788,-1.0,7.432298174367661,0.2611327433083731,7.005846117599666e-08,-11.271934699250886,21.472026494046272,0.7391304347826086,0.68,25,23
7797,4,POU4F1,7797,-1.0,7.432298174367661,0.19249594485181792,8.087360927206193e-05,-3.7408977730079367,3.6073992373101227,0.7391304347826086,0.68,25,23
7777,4,POU4F1,7777,-1.0,7.432298174367661,0.13660738896765764,0.005365850928625373,-11.143982544372054,21.95473140080774,0.7391304347826086,0.68,25,23
7790,4,POU4F1,7790,-1.0,7.432298174367661,0.14506300737434125,0.0030930641725216584,-9.44955589972784,16.315080031296493,0.7391304347826086,0.68,25,23
7782,4,POU4F1,7782,-1.0,7.432298174367661,0.21179249097357286,1.388281378019178e-05,-3.641821519234987,3.4515835323567883,0.7391304347826086,0.68,25,23
5844,4,TBX1,5844,-1.0,28.188346083956922,0.4112144546181357,2.526276775651301e-18,-17.238979821407643,44.740928663682546,1.0,0.96,25,24
5836,4,TBX1,5836,-1.0,28.188346083956922,0.3998764613142538,2.5061747437859563e-17,-14.224702043486886,34.67125843014073,1.0,0.96,25,24
5834,4,TBX1,5834,-1.0,28.188346083956922,-0.3853506456608623,4.179284215185149e-16,9.209723074574159,15.442987542598665,1.0,0.96,25,24
5837,4,TBX1,5837,-1.0,28.188346083956922,-0.2637244842090755,5.137276433480789e-08,3.6509197751674134,3.429363683570995,1.0,0.96,25,24
5828,4,TBX1,5828,-1.0,28.188346083956922,-0.42455409595007054,1.5150893138880667e-19,15.13196145076195,30.418953075193663,1.0,0.96,25,24
5843,4,TBX1,5843,-1.0,28.188346083956922,0.4663661488780683,9.547273520741698e-24,-26.819284864816183,87.19058187119398,1.0,0.96,25,24
5846,4,TBX1,5846,-1.0,28.188346083956922,-0.19934958277155368,4.408184666728303e-05,6.058268589120838,8.151019925080599,1.0,0.96,25,24
5833,4,TBX1,5833,-1.0,28.188346083956922,-0.512270790711007,4.4703747593386595e-29,20.24780589768514,51.513232399506734,1.0,0.96,25,24
5829,4,TBX1,5829,-1.0,28.188346083956922,-0.38376671228550374,5.632999783254641e-16,8.18799046160648,13.588213087091765,1.0,0.96,25,24
5832,4,TBX1,5832,-1.0,28.188346083956922,0.1917011767461466,8.665321999169695e-05,-9.121918738543974,15.923045254085386,1.0,0.96,25,24
5839,4,TBX1,5839,-1.0,28.188346083956922,-0.23230371744901496,1.77128065835353e-06,6.217080521215692,8.553541028006864,1.0,0.96,25,24
5835,4,TBX1,5835,-1.0,28.188346083956922,-0.45338148044330184,2.223188806602051e-22,24.507630256931083,65.59948511429761,1.0,0.96,25,24
5849,4,TBX1,5849,-1.0,28.188346083956922,0.1026572655502524,0.03680053599288095,-5.779026535365658,7.572859769451368,1.0,0.96,25,24
5838,4,TBX1,5838,-1.0,28.188346083956922,-0.2916098967931945,1.4722512307891703e-09,8.83503743031677,14.334818220213812,1.0,0.96,25,24
5845,4,TBX1,5845,-1.0,28.188346083956922,-0.20515074298668518,2.5946762853539115e-05,3.749079575785672,3.5754286345461868,1.0,0.96,25,24
5831,4,TBX1,5831,-1.0,28.188346083956922,-0.324510929284038,1.316189947532674e-11,5.982523290969479,7.904180955369217,1.0,0.96,25,24
5842,4,TBX1,5842,-1.0,28.188346083956922,0.23310363255316247,1.628143607205287e-06,-16.254861604801096,37.58359883459853,1.0,0.96,25,24
5840,4,TBX1,5840,-1.0,28.188346083956922,0.20507565581834655,2.6127889764230158e-05,-15.305575534119079,37.338069058079,1.0,0.96,25,24
5826,4,TBX1,5826,-1.0,28.188346083956922,-0.3633685388992543,2.2830687708247397e-14,10.227226113317002,17.604349362674412,1.0,0.96,25,24
5830,4,TBX1,5830,-1.0,28.188346083956922,-0.3940988081180391,7.804366872761758e-17,11.665497795816348,21.55994557752318,1.0,0.96,25,24
5841,4,TBX1,5841,-1.0,28.188346083956922,-0.47786902954485594,5.236202452110577e-25,17.10359027994333,44.362397760034874,1.0,0.96,25,24
5827,4,TBX1,5827,-1.0,28.188346083956922,0.23777425736211508,9.89466360850222e-07,-12.534536458362988,27.923125574032934,1.0,0.96,25,24
5825,4,TBX1,5825,-1.0,28.188346083956922,-0.3198820759403548,2.6488812656743472e-11,7.46411019407253,11.37378441809447,1.0,0.96,25,24
5848,4,TBX1,5848,-1.0,28.188346083956922,-0.2852347594399072,3.435153402673251e-09,6.954489997868048,9.9996963281699,1.0,0.96,25,24
1005,4,TTF1,1005,1.0,9.344645049771046,-0.1518714927083849,0.0019432037467170132,-11.40883493848527,22.83420445694835,0.6363636363636364,0.6086956521739131,23,22
1004,4,TTF1,1004,1.0,9.344645049771046,0.36935792438096426,7.909690572373714e-15,11.434837800364743,22.4067337564019,0.6363636363636364,0.6086956521739131,23,22
992,4,TTF1,992,1.0,9.344645049771046,0.5698930895706207,5.038007138049812e-37,8.074793238219547,13.25054222644589,0.6363636363636364,0.6086956521739131,23,22
996,4,TTF1,996,1.0,9.344645049771046,0.3001527533441483,4.574893414058818e-10,4.933987235803277,5.770353807402979,0.6363636363636364,0.6086956521739131,23,22
994,4,TTF1,994,1.0,9.344645049771046,0.5538888684541303,1.1647897644050316e-34,6.319956925377948,8.830593334476923,0.6363636363636364,0.6086956521739131,23,22
1003,4,TTF1,1003,1.0,9.344645049771046,0.14922433179396183,0.0023334086985865345,3.6474842491155357,3.4465308282240215,0.6363636363636364,0.6086956521739131,23,22
995,4,TTF1,995,1.0,9.344645049771046,0.2561755179471439,1.2564360785515392e-07,17.405667582248146,40.50453335818225,0.6363636363636364,0.6086956521739131,23,22
1006,4,TTF1,1006,1.0,9.344645049771046,0.32729676469854574,8.590175963472523e-12,10.19948844029475,18.377292503406945,0.6363636363636364,0.6086956521739131,23,22
989,4,TTF1,989,1.0,9.344645049771046,0.43101159242718856,3.707232079712396e-20,16.65237486476313,37.327359176053896,0.6363636363636364,0.6086956521739131,23,22
1008,4,TTF1,1008,1.0,9.344645049771046,0.0857951228009205,0.0812270184801758,2.011545514089129,1.3387849692669176,0.6363636363636364,0.6086956521739131,23,22
1010,4,TTF1,1010,1.0,9.344645049771046,0.28782188444270823,2.4419025201632144e-09,5.747499063748464,7.426271866621733,0.6363636363636364,0.6086956521739131,23,22
997,4,TTF1,997,1.0,9.344645049771046,0.2641119272330928,4.903067874033668e-08,10.486359793240764,20.476792919021168,0.6363636363636364,0.6086956521739131,23,22
999,4,TTF1,999,1.0,9.344645049771046,0.3034256406613929,2.8936971994413413e-10,1.991837609636932,1.3178230672028997,0.6363636363636364,0.6086956521739131,23,22
1007,4,TTF1,1007,1.0,9.344645049771046,0.2673956379259538,3.291627879116315e-08,9.089478307313444,15.44139880155988,0.6363636363636364,0.6086956521739131,23,22
4951,4,SPIB,4951,1.0,3.2681211361585,-0.2880979772589879,2.354082513201127e-09,-20.367205508346768,60.3582819150884,0.92,0.92,25,25
4955,4,SPIB,4955,1.0,3.2681211361585,0.32333516922031436,1.573851299927241e-11,20.301342084857048,52.063246065184394,0.92,0.92,25,25
4940,4,SPIB,4940,1.0,3.2681211361585,0.5376028395127136,2.209250576254523e-32,8.585539675093077,14.307038163587917,0.92,0.92,25,25
4958,4,SPIB,4958,1.0,3.2681211361585,0.41432348678104336,1.3259194805512086e-18,14.052873223209732,31.19061765124741,0.92,0.92,25,25
4939,4,SPIB,4939,1.0,3.2681211361585,0.6834892653460153,2.7394265282046167e-58,10.697548562576312,18.844052388091953,0.92,0.92,25,25
4963,4,SPIB,4963,1.0,3.2681211361585,0.33353273430738395,3.2529170024927622e-12,3.82028968920911,3.723463983351127,0.92,0.92,25,25
4946,4,SPIB,4946,1.0,3.2681211361585,0.5381734343701132,1.847219191685882e-32,4.808345472086082,5.434252603920163,0.92,0.92,25,25
4959,4,SPIB,4959,1.0,3.2681211361585,-0.2190614957592873,6.84279577388965e-06,-16.11812195549464,38.099376372164585,0.92,0.92,25,25
4956,4,SPIB,4956,1.0,3.2681211361585,-0.10828652469807758,0.027585935223733683,-4.666576285565056,5.309887793133282,0.92,0.92,25,25
4954,4,SPIB,4954,1.0,3.2681211361585,-0.22159492677922688,5.317120648303576e-06,-2.2936034915608494,1.643240510496589,0.92,0.92,25,25
4942,4,SPIB,4942,1.0,3.2681211361585,0.6186750843219216,4.313123032424345e-45,8.999838250726809,14.715318236979252,0.92,0.92,25,25
4941,4,SPIB,4941,1.0,3.2681211361585,0.4632100552207806,2.077623852541562e-23,20.554430792788907,50.986629366095116,0.92,0.92,25,25
4948,4,SPIB,4948,1.0,3.2681211361585,0.3894489163919146,1.9160235544839423e-16,24.491357688076288,65.95729982753555,0.92,0.92,25,25
4952,4,SPIB,4952,1.0,3.2681211361585,0.8418481100673091,2.0901288424596365e-112,3.2661212930209724,2.851338546941157,0.92,0.92,25,25
4960,4,SPIB,4960,1.0,3.2681211361585,0.3975021000943286,4.007895326608478e-17,15.305352346837584,30.91097474531803,0.92,0.92,25,25
4943,4,SPIB,4943,1.0,3.2681211361585,0.5633574011112316,4.8216727990562325e-36,12.413518862220233,23.498080549371664,0.92,0.92,25,25
4957,4,SPIB,4957,1.0,3.2681211361585,-0.17594268751784448,0.00032168605218749685,-9.372776267586659,16.630094808727193,0.92,0.92,25,25
4953,4,SPIB,4953,1.0,3.2681211361585,0.390907619990759,1.4477685797778555e-16,5.148979251177863,6.066425812424386,0.92,0.92,25,25
4962,4,SPIB,4962,1.0,3.2681211361585,0.38384959498377136,5.545919698722693e-16,3.2102320994785973,2.7751289999171878,0.92,0.92,25,25
4945,4,SPIB,4945,1.0,3.2681211361585,-0.2777398372409458,9.054629096655748e-09,-16.868487691042564,41.14298854070659,0.92,0.92,25,25
4944,4,SPIB,4944,1.0,3.2681211361585,0.2545076296134167,1.5251543510471217e-07,6.93387791423409,10.124166276030651,0.92,0.92,25,25
4950,4,SPIB,4950,1.0,3.2681211361585,0.5549812072791099,8.108563970969341e-35,16.237133107718783,33.39610308409169,0.92,0.92,25,25
4949,4,SPIB,4949,1.0,3.2681211361585,0.4664578290616023,9.332918806732411e-24,3.820042523518112,3.6871760679360204,0.92,0.92,25,25
135,4,ESR1,135,-1.0,6.689736558041853,0.33800361991179795,1.5994822593156922e-12,-2.2310345879377644,1.5645144470872527,0.5,0.44,25,22
133,4,ESR1,133,-1.0,6.689736558041853,0.25016634598188525,2.509810240770279e-07,-4.057360841629203,4.116204226065851,0.5,0.44,25,22
142,4,ESR1,142,-1.0,6.689736558041853,0.09072517039417805,0.06515288953038118,-9.247611377456765,15.866075826189634,0.5,0.44,25,22
140,4,ESR1,140,-1.0,6.689736558041853,0.20365525688394173,2.978839808230347e-05,-3.457825026271773,3.192297169339395,0.5,0.44,25,22
136,4,ESR1,136,-1.0,6.689736558041853,0.16890105954928253,0.0005583831494484412,-10.263457260078429,19.837806561164147,0.5,0.44,25,22
128,4,ESR1,128,-1.0,6.689736558041853,-0.22396193892318408,4.189406350791462e-06,3.6660815899396115,3.476464170260784,0.5,0.44,25,22
125,4,ESR1,125,-1.0,6.689736558041853,0.16807121104694597,0.0005950487168862219,-2.8651162748799344,2.336218356257056,0.5,0.44,25,22
148,4,ESR1,148,-1.0,6.689736558041853,0.27838440825096367,8.339928429219149e-09,-7.036294286090145,10.213477622967773,0.5,0.44,25,22
146,4,ESR1,146,-1.0,6.689736558041853,-0.10416408237434421,0.03410871356229139,7.912146223588962,12.377867951443193,0.5,0.44,25,22
141,4,ESR1,141,-1.0,6.689736558041853,0.23522146275384728,1.3006885672594704e-06,-6.632437422040106,9.519437597850848,0.5,0.44,25,22
149,4,ESR1,149,-1.0,6.689736558041853,0.21570218129069604,9.51762623867262e-06,-2.2304888807097076,1.56245741806089,0.5,0.44,25,22
8882,4,IRX5,8882,1.0,10.228146529887566,-0.37011351865556635,6.908727020742059e-15,-16.860171911004503,42.14085327970602,0.7894736842105263,0.6,25,19
8887,4,IRX5,8887,1.0,10.228146529887566,-0.33161331783112574,4.3964537330675204e-12,-3.8954196650640687,3.8280201551026876,0.7894736842105263,0.6,25,19
8902,4,IRX5,8902,1.0,10.228146529887566,0.2872782158334471,2.6242221344013003e-09,4.046622795753748,3.9924344799541194,0.7894736842105263,0.6,25,19
8888,4,IRX5,8888,1.0,10.228146529887566,0.20056425325020288,3.9500779042385165e-05,7.251746281796899,11.210779998577662,0.7894736842105263,0.6,25,19
8886,4,IRX5,8886,1.0,10.228146529887566,0.2818961209174758,5.308804762351449e-09,3.6602311576665523,3.463081616136372,0.7894736842105263,0.6,25,19
8897,4,IRX5,8897,1.0,10.228146529887566,-0.19542475425432462,6.255899271124309e-05,-12.083388657047355,25.768646169771383,0.7894736842105263,0.6,25,19
8901,4,IRX5,8901,1.0,10.228146529887566,0.20195843991123255,3.479813805689378e-05,2.0130629050022186,1.3421670322480421,0.7894736842105263,0.6,25,19
8900,4,IRX5,8900,1.0,10.228146529887566,-0.17113133918191997,0.0004699706913214661,-7.718622120057605,12.038247162296328,0.7894736842105263,0.6,25,19
8892,4,IRX5,8892,1.0,10.228146529887566,0.27163124405456396,1.953101043751554e-08,5.849715311833282,7.649722221619854,0.7894736842105263,0.6,25,19
8879,4,IRX5,8879,1.0,10.228146529887566,0.24399932353875978,5.013327352387803e-07,13.943918052584946,27.820825616399908,0.7894736842105263,0.6,25,19
8893,4,IRX5,8893,1.0,10.228146529887566,-0.17363737448474229,0.00038623726868078877,-11.702297315013027,21.594390450468023,0.7894736842105263,0.6,25,19
8883,4,IRX5,8883,1.0,10.228146529887566,0.28514643272383905,3.4752001932244517e-09,9.083944177378523,15.241642515369525,0.7894736842105263,0.6,25,19
8898,4,IRX5,8898,1.0,10.228146529887566,-0.2415576366134874,6.559956818398514e-07,-11.685378545479812,23.39619629142415,0.7894736842105263,0.6,25,19
8895,4,IRX5,8895,1.0,10.228146529887566,0.24568853186768924,4.1553920372961554e-07,5.8325663253251685,7.446943956665026,0.7894736842105263,0.6,25,19
8880,4,IRX5,8880,1.0,10.228146529887566,0.2365913962583448,1.1235747739591208e-06,9.060849035808259,15.817994918215492,0.7894736842105263,0.6,25,19
606,4,ARID5A,606,1.0,15.722271950251749,0.39844557723472057,3.327275318266965e-17,14.088532244838184,29.643286543091936,1.0,0.96,25,24
611,4,ARID5A,611,1.0,15.722271950251749,0.452601182707459,2.674744035394487e-22,10.438680371406695,18.834627151218623,1.0,0.96,25,24
621,4,ARID5A,621,1.0,15.722271950251749,-0.175050935397554,0.0003453599674164748,-8.397063534025644,14.049870476239093,1.0,0.96,25,24
619,4,ARID5A,619,1.0,15.722271950251749,0.5346141276338114,5.60991406062086e-32,2.9886566685779745,2.475516560373887,1.0,0.96,25,24
614,4,ARID5A,614,1.0,15.722271950251749,0.3044396556644517,2.507928562598614e-10,7.175215125426581,10.510217836694272,1.0,0.96,25,24
616,4,ARID5A,616,1.0,15.722271950251749,0.3267982129592167,9.274820492392652e-12,11.903952324117737,24.38685137448776,1.0,0.96,25,24
601,4,ARID5A,601,1.0,15.722271950251749,-0.3775026836475284,1.8054112556740616e-15,-11.395813312435486,22.69682734094006,1.0,0.96,25,24
620,4,ARID5A,620,1.0,15.722271950251749,0.3309834770178725,4.851035942815902e-12,10.54024169816235,19.113435378176217,1.0,0.96,25,24
599,4,ARID5A,599,1.0,15.722271950251749,0.6683961237094922,6.444232807767506e-55,10.615163422124061,18.7266987214582,1.0,0.96,25,24
608,4,ARID5A,608,1.0,15.722271950251749,-0.37928042309251747,1.3005412997029238e-15,-7.499673004688147,11.611827252976585,1.0,0.96,25,24
605,4,ARID5A,605,1.0,15.722271950251749,0.5603265784476997,1.3512697415489498e-35,12.86084259748435,25.259828282716406,1.0,0.96,25,24
610,4,ARID5A,610,1.0,15.722271950251749,0.4942314367481507,6.938547191734539e-27,13.876571326025742,29.778388372490483,1.0,0.96,25,24
604,4,ARID5A,604,1.0,15.722271950251749,0.5707816210626272,3.691495527914528e-37,2.594222683788666,1.9798571572402948,1.0,0.96,25,24
615,4,ARID5A,615,1.0,15.722271950251749,-0.22503886479701313,3.755593460068825e-06,-4.801821299501013,5.493637478450432,1.0,0.96,25,24
600,4,ARID5A,600,1.0,15.722271950251749,0.5268764287595693,6.000628370747646e-31,23.403087742288907,62.08978079111249,1.0,0.96,25,24
609,4,ARID5A,609,1.0,15.722271950251749,0.4867294845240527,5.184993408164343e-26,20.107526330651346,55.07399333512671,1.0,0.96,25,24
598,4,ARID5A,598,1.0,15.722271950251749,0.6399128887378126,4.567184047641864e-49,8.222476772229395,13.429373009807062,1.0,0.96,25,24
617,4,ARID5A,617,1.0,15.722271950251749,-0.39615051425831765,5.2270592588686635e-17,-15.465606628317705,37.85384130955198,1.0,0.96,25,24
597,4,ARID5A,597,1.0,15.722271950251749,-0.26824662583379105,2.9660638683189707e-08,-2.391991761317119,1.752400622262741,1.0,0.96,25,24
602,4,ARID5A,602,1.0,15.722271950251749,0.696855006086035,1.8913811037130165e-61,9.527912647672768,16.153107524625266,1.0,0.96,25,24
618,4,ARID5A,618,1.0,15.722271950251749,0.35082137160073074,1.959582089066592e-13,10.499758438300047,19.66885837033433,1.0,0.96,25,24
613,4,ARID5A,613,1.0,15.722271950251749,-0.2175663386253721,7.930285226616499e-06,-7.6825093473758,12.57220533528536,1.0,0.96,25,24
607,4,ARID5A,607,1.0,15.722271950251749,0.5636135023301967,4.4174250150165744e-36,23.97331749757641,62.57316639505118,1.0,0.96,25,24
603,4,ARID5A,603,1.0,15.722271950251749,-0.483163182258458,1.325821830383017e-25,-16.880452912934032,40.26991140349707,1.0,0.96,25,24
6482,4,EVX1,6482,-1.0,87.46020964538288,-0.3565807879232128,7.39127616628023e-14,8.053016817029803,12.625463881145752,1.0,1.0,19,19
6478,4,EVX1,6478,-1.0,87.46020964538288,-0.215596615222115,9.616017991906456e-06,4.506484315683288,4.935184011673918,1.0,1.0,19,19
6475,4,EVX1,6475,-1.0,87.46020964538288,-0.3472724084109253,3.5384990929861676e-13,11.430713817336727,21.017144027907243,1.0,1.0,19,19
6490,4,EVX1,6490,-1.0,87.46020964538288,0.40131335251085887,1.882853460180857e-17,-12.80676543584577,28.91576761691727,1.0,1.0,19,19
6481,4,EVX1,6481,-1.0,87.46020964538288,-0.5004461901592921,1.262239584371018e-27,22.729847670839806,60.366053372360405,1.0,1.0,19,19
6488,4,EVX1,6488,-1.0,87.46020964538288,0.1559989295740628,0.0014524183489157793,-5.4978498588607705,7.157592862808197,1.0,1.0,19,19
6489,4,EVX1,6489,-1.0,87.46020964538288,-0.35012047952955716,2.2034729741399806e-13,10.230489609086458,19.071510675226925,1.0,1.0,19,19
6479,4,EVX1,6479,-1.0,87.46020964538288,0.298878545626105,5.459548626315847e-10,-9.264019840968066,16.370806605109728,1.0,1.0,19,19
6492,4,EVX1,6492,-1.0,87.46020964538288,-0.21167580166432412,1.4038614880236506e-05,5.537111250476793,6.853647777154265,1.0,1.0,19,19
6476,4,EVX1,6476,-1.0,87.46020964538288,-0.5241221453111424,1.3747179440903307e-30,14.733878514696466,30.154641755778265,1.0,1.0,19,19
6485,4,EVX1,6485,-1.0,87.46020964538288,-0.29188448823457097,1.4188157033444673e-09,10.019968913783543,17.70156779200487,1.0,1.0,19,19
6480,4,EVX1,6480,-1.0,87.46020964538288,0.5038286869781768,4.9192341178271e-28,-15.046882365999869,37.15415720619188,1.0,1.0,19,19
6486,4,EVX1,6486,-1.0,87.46020964538288,0.6526250502415663,1.3383329441323798e-51,-23.047184525785834,67.53384587263054,1.0,1.0,19,19
6491,4,EVX1,6491,-1.0,87.46020964538288,0.40197888929616904,1.648494661114756e-17,-10.31980287550662,18.54770408090196,1.0,1.0,19,19
6493,4,EVX1,6493,-1.0,87.46020964538288,-0.416718651241701,8.032278392727187e-19,9.857045206503138,18.766573580530746,1.0,1.0,19,19
6484,4,EVX1,6484,-1.0,87.46020964538288,-0.4917696814891842,1.3498342090803354e-26,20.988214509699375,49.47141608041431,1.0,1.0,19,19
6487,4,EVX1,6487,-1.0,87.46020964538288,-0.22996334498370977,2.2625864015475177e-06,4.952931829581562,5.633492327668619,1.0,1.0,19,19
6477,4,EVX1,6477,-1.0,87.46020964538288,-0.4990394950983226,1.8620749146855857e-27,16.090714589223843,38.40589190421163,1.0,1.0,19,19
6483,4,EVX1,6483,-1.0,87.46020964538288,-0.32776493988592914,7.992310621960998e-12,7.402149919482831,11.485664023795508,1.0,1.0,19,19
6706,4,MZF1,6706,-1.0,31.006435625397902,-0.29274398361949755,1.2634512641268866e-09,11.732384851455903,20.815650827431867,1.0,1.0,25,25
6704,4,MZF1,6704,-1.0,31.006435625397902,-0.510349641539101,7.761163505570485e-29,12.427002546123331,26.896139867128067,1.0,1.0,25,25
6690,4,MZF1,6690,-1.0,31.006435625397902,0.5806347825241381,1.100571005459848e-38,-14.946486010123246,36.92530357626444,1.0,1.0,25,25
6708,4,MZF1,6708,-1.0,31.006435625397902,-0.2654719520253876,4.159830322463522e-08,8.69248826296744,15.01430357998012,1.0,1.0,25,25
6698,4,MZF1,6698,-1.0,31.006435625397902,-0.3925960500598034,1.0448988303734234e-16,11.2066103680722,22.187830083993365,1.0,1.0,25,25
6709,4,MZF1,6709,-1.0,31.006435625397902,-0.30901405389956504,1.3061990387855275e-10,8.649248978979571,14.796631016738747,1.0,1.0,25,25
6707,4,MZF1,6707,-1.0,31.006435625397902,0.37567657724275355,2.5234700463945633e-15,-15.593903473852313,33.077171305004185,1.0,1.0,25,25
6694,4,MZF1,6694,-1.0,31.006435625397902,0.33083482471839143,4.964844157524216e-12,-13.072986276300506,27.673883016211363,1.0,1.0,25,25
6696,4,MZF1,6696,-1.0,31.006435625397902,-0.3280483128429076,7.650384895477896e-12,9.378533199558666,16.425537755701068,1.0,1.0,25,25
6686,4,MZF1,6686,-1.0,31.006435625397902,-0.38240956245235713,7.265377429628852e-16,10.245910467776259,17.763985075274896,1.0,1.0,25,25
6699,4,MZF1,6699,-1.0,31.006435625397902,-0.45219581346757703,2.943880029275886e-22,11.474665352589486,22.985137323100425,1.0,1.0,25,25
6687,4,MZF1,6687,-1.0,31.006435625397902,-0.5561989826872497,5.406186256179729e-35,24.90343410785518,68.01648623827231,1.0,1.0,25,25
6702,4,MZF1,6702,-1.0,31.006435625397902,0.55301116033774,1.5567660194436747e-34,-11.191121890143993,21.529715573687753,1.0,1.0,25,25
6705,4,MZF1,6705,-1.0,31.006435625397902,-0.39728713781328073,4.1811531712274595e-17,10.09854271464058,18.74666741983812,1.0,1.0,25,25
6700,4,MZF1,6700,-1.0,31.006435625397902,0.2563497066484699,1.2311627860879562e-07,-5.705423063753606,7.289146751491223,1.0,1.0,25,25
6701,4,MZF1,6701,-1.0,31.006435625397902,0.23452707556195942,1.4003898488709773e-06,-7.564951149451073,11.582491399197291,1.0,1.0,25,25
6692,4,MZF1,6692,-1.0,31.006435625397902,-0.33178339212202007,4.281016374504051e-12,7.748582548613358,12.464669969276589,1.0,1.0,25,25
6688,4,MZF1,6688,-1.0,31.006435625397902,-0.33483101793424885,2.6500998630409375e-12,6.131428494689642,8.20455261737351,1.0,1.0,25,25
6689,4,MZF1,6689,-1.0,31.006435625397902,-0.4809141186284247,2.383270058253853e-25,10.767850193204803,20.147917374848284,1.0,1.0,25,25
6695,4,MZF1,6695,-1.0,31.006435625397902,0.5077664061869122,1.6206498902856856e-28,-26.47847409352047,86.0750927102646,1.0,1.0,25,25
6691,4,MZF1,6691,-1.0,31.006435625397902,0.3543377848693437,1.083066188317678e-13,-12.495413661295789,25.86717041454474,1.0,1.0,25,25
6685,4,MZF1,6685,-1.0,31.006435625397902,-0.4274600031878224,8.07113855142584e-20,7.449870270842024,11.320006576793853,1.0,1.0,25,25
6703,4,MZF1,6703,-1.0,31.006435625397902,0.37053175328960863,6.409235242765769e-15,-10.24158438779966,20.044609983872096,1.0,1.0,25,25
6697,4,MZF1,6697,-1.0,31.006435625397902,-0.5222710824348029,2.3896004947984242e-30,15.14939946121035,33.15908040748921,1.0,1.0,25,25
6693,4,MZF1,6693,-1.0,31.006435625397902,-0.2293279656154886,2.416998977948276e-06,11.342982163020697,21.33968583051499,1.0,1.0,25,25
6288,4,STAT4,6288,1.0,18.812516922964683,0.5237220912283729,1.549643871374837e-30,8.903978318443906,15.267156361805355,1.0,0.96,25,24
6306,4,STAT4,6306,1.0,18.812516922964683,0.29193037018058554,1.4100726832193363e-09,2.3740125207953273,1.7209871141718232,1.0,0.96,25,24
6309,4,STAT4,6309,1.0,18.812516922964683,-0.30714854364293687,1.7066268340689874e-10,-17.735612924333452,40.66340779237731,1.0,0.96,25,24
6303,4,STAT4,6303,1.0,18.812516922964683,0.6857465021682688,8.2376301714717e-59,24.867278737350627,63.10979149611487,1.0,0.96,25,24
6289,4,STAT4,6289,1.0,18.812516922964683,0.8265418765281148,7.019061454914575e-105,10.815490858139409,19.23651807668469,1.0,0.96,25,24
6307,4,STAT4,6307,1.0,18.812516922964683,-0.3263906452211626,9.873838594054494e-12,-13.05891712664222,28.126999198371113,1.0,0.96,25,24
6299,4,STAT4,6299,1.0,18.812516922964683,-0.3552097430674377,9.339081902345751e-14,-16.327414839644028,39.58388676633992,1.0,0.96,25,24
6293,4,STAT4,6293,1.0,18.812516922964683,0.8386327708983106,9.250055297408562e-111,12.653236900375953,24.290392306799696,1.0,0.96,25,24
6297,4,STAT4,6297,1.0,18.812516922964683,-0.38573267699707137,3.8880248740157883e-16,-16.921056187401756,43.231854147257884,1.0,0.96,25,24
6312,4,STAT4,6312,1.0,18.812516922964683,0.3462373337967091,4.1982228625519176e-13,3.967623146570392,3.944978839432512,1.0,0.96,25,24
6304,4,STAT4,6304,1.0,18.812516922964683,0.5429944644352757,4.016422450738315e-33,12.063494175100386,26.145792686127788,1.0,0.96,25,24
6310,4,STAT4,6310,1.0,18.812516922964683,0.4987075790264966,2.0404470112594893e-27,10.575800674974797,20.605428034455173,1.0,0.96,25,24
6296,4,STAT4,6296,1.0,18.812516922964683,0.7677428738007088,1.1647747972924513e-81,21.69703253056602,56.64934892232481,1.0,0.96,25,24
6305,4,STAT4,6305,1.0,18.812516922964683,-0.5112183865475589,6.050283034401262e-29,-27.409405516766025,92.0632409109453,1.0,0.96,25,24
6291,4,STAT4,6291,1.0,18.812516922964683,0.36668911671530846,1.2719730787100115e-14,16.574208320788856,39.63567195082512,1.0,0.96,25,24
6292,4,STAT4,6292,1.0,18.812516922964683,-0.4325889303080308,2.6164014872653916e-20,-15.14132090182428,37.550739679980566,1.0,0.96,25,24
6311,4,STAT4,6311,1.0,18.812516922964683,0.7040919547227757,3.100249103128598e-63,14.714250201904257,34.53712552228772,1.0,0.96,25,24
6302,4,STAT4,6302,1.0,18.812516922964683,0.48238829621042334,1.6234820443402217e-25,9.962426124337306,17.555558796444654,1.0,0.96,25,24
6308,4,STAT4,6308,1.0,18.812516922964683,-0.34604420418805454,4.3339954799977827e-13,-9.305269288902887,16.351443699213775,1.0,0.96,25,24
6298,4,STAT4,6298,1.0,18.812516922964683,0.3661457494363178,1.4003928541033273e-14,4.799743318600654,5.459962045258887,1.0,0.96,25,24
6295,4,STAT4,6295,1.0,18.812516922964683,-0.2842209135520924,3.923009050879567e-09,-9.906254912798184,18.472139099034543,1.0,0.96,25,24
6294,4,STAT4,6294,1.0,18.812516922964683,0.6311158519751182,2.2067713321761793e-47,9.317840033828213,15.80863411713353,1.0,0.96,25,24
6300,4,STAT4,6300,1.0,18.812516922964683,0.39581346757701413,5.583903899283255e-17,4.117691669477392,4.1973080566098,1.0,0.96,25,24
6290,4,STAT4,6290,1.0,18.812516922964683,0.5725563164332244,1.977960037812134e-37,17.469228517025805,38.64998567077541,1.0,0.96,25,24
8057,4,TCF3,8057,1.0,2.154182167724746,0.5087650317027664,1.2201102309790353e-28,2.46969161844335,1.8462341020978188,0.5909090909090909,0.52,25,22
8062,4,TCF3,8062,1.0,2.154182167724746,0.38216333065708463,7.607725173675696e-16,5.930271611942768,7.8439000353411465,0.5909090909090909,0.52,25,22
8059,4,TCF3,8059,1.0,2.154182167724746,0.36101157974354525,3.4439582654474956e-14,5.828143622225036,7.6997546346278884,0.5909090909090909,0.52,25,22
8053,4,TCF3,8053,1.0,2.154182167724746,0.2573618613838447,1.0937265788653353e-07,13.387987997321378,29.487910451539914,0.5909090909090909,0.52,25,22
8077,4,TCF3,8077,1.0,2.154182167724746,0.28183469745917034,5.351203870630783e-09,6.7136412859329635,9.579400521438837,0.5909090909090909,0.52,25,22
8054,4,TCF3,8054,1.0,2.154182167724746,0.2859797120897528,3.114740802848269e-09,2.9679323707944905,2.464531984405977,0.5909090909090909,0.52,25,22
8060,4,TCF3,8060,1.0,2.154182167724746,0.28989405352751146,1.8532019123053424e-09,7.3607807479929495,11.446991757250034,0.5909090909090909,0.52,25,22
8073,4,TCF3,8073,1.0,2.154182167724746,0.24225953186363733,6.073785157637973e-07,9.285308778492904,16.245097300457235,0.5909090909090909,0.52,25,22
8070,4,TCF3,8070,1.0,2.154182167724746,0.21324679706297558,1.2073863443776684e-05,9.798151216356546,17.324181609921666,0.5909090909090909,0.52,25,22
8074,4,TCF3,8074,1.0,2.154182167724746,0.19332755804775056,7.521590708847296e-05,2.023481989445857,1.3515695127174314,0.5909090909090909,0.52,25,22
8069,4,TCF3,8069,1.0,2.154182167724746,0.25786920711586214,1.0305255617601918e-07,2.1210602286084095,1.4531207155317023,0.5909090909090909,0.52,25,22
8076,4,TCF3,8076,1.0,2.154182167724746,0.3820625379716572,7.752385850165839e-16,6.704960792489169,9.72778827548758,0.5909090909090909,0.52,25,22
8064,4,TCF3,8064,1.0,2.154182167724746,0.3029729191531893,3.0840263448045824e-10,3.0533451349327376,2.58415225710755,0.5909090909090909,0.52,25,22
688,4,ATF1,688,1.0,4.656384304320809,0.2773604154485085,9.502701035941788e-09,8.374809788669541,13.739750593329155,0.7142857142857143,0.6,25,21
683,4,ATF1,683,1.0,4.656384304320809,0.4040935190387828,1.078451356493409e-17,13.1323466785059,28.037377201391212,0.7142857142857143,0.6,25,21
685,4,ATF1,685,1.0,4.656384304320809,0.3922652606425281,1.1139991452235506e-16,6.721799508696623,9.753508418432965,0.7142857142857143,0.6,25,21
686,4,ATF1,686,1.0,4.656384304320809,0.34858042550240975,2.848406328602649e-13,21.974914443333066,58.4785030760791,0.7142857142857143,0.6,25,21
687,4,ATF1,687,1.0,4.656384304320809,-0.24349593341256387,5.300324424995016e-07,-14.6595344841919,34.635160873133565,0.7142857142857143,0.6,25,21
678,4,ATF1,678,1.0,4.656384304320809,-0.39786855602217275,3.72865997845908e-17,-2.0347148249708704,1.3639504294529383,0.7142857142857143,0.6,25,21
684,4,ATF1,684,1.0,4.656384304320809,0.40902221371008834,3.964063929627474e-18,13.952832675642398,28.959102030273343,0.7142857142857143,0.6,25,21
700,4,ATF1,700,1.0,4.656384304320809,0.351001141105109,1.901413211686338e-13,15.272498132413194,35.123773002553705,0.7142857142857143,0.6,25,21
690,4,ATF1,690,1.0,4.656384304320809,0.32721930991679116,8.69320782390904e-12,8.218969277685266,13.084706308404884,0.7142857142857143,0.6,25,21
681,4,ATF1,681,1.0,4.656384304320809,0.6175348831899871,6.912753465818818e-45,7.562241002567604,11.976213697047088,0.7142857142857143,0.6,25,21
689,4,ATF1,689,1.0,4.656384304320809,0.16198069464932055,0.000940573877183549,12.846356781017056,25.241340287255742,0.7142857142857143,0.6,25,21
697,4,ATF1,697,1.0,4.656384304320809,0.2766543593047842,1.039433464862925e-08,17.892516998413715,42.26664485007313,0.7142857142857143,0.6,25,21
692,4,ATF1,692,1.0,4.656384304320809,0.15331320016353445,0.0017567361719726348,20.227741828369993,50.06233772610519,0.7142857142857143,0.6,25,21
696,4,ATF1,696,1.0,4.656384304320809,0.41990697816003464,4.0959718741208187e-19,10.578387374619984,20.16505690575378,0.7142857142857143,0.6,25,21
699,4,ATF1,699,1.0,4.656384304320809,0.11463282332403624,0.019644134510125616,6.1974541734876105,8.505000230910554,0.7142857142857143,0.6,25,21
1934,4,NFYA,1934,-1.0,20.21272731010452,-0.18884887904074454,0.00011075849115713029,2.0894908203800906,1.4190180484881307,0.8636363636363636,0.76,25,22
1947,4,NFYA,1947,-1.0,20.21272731010452,-0.2547990889761806,1.474508689989372e-07,11.196320648714442,21.741500054754088,0.8636363636363636,0.76,25,22
1937,4,NFYA,1937,-1.0,20.21272731010452,-0.21561255021137296,9.601104164664585e-06,8.917265844072793,14.57164139643909,0.8636363636363636,0.76,25,22
1933,4,NFYA,1933,-1.0,20.21272731010452,0.6988886168952049,6.0324905056945506e-62,-11.841981870525752,24.03165457032799,0.8636363636363636,0.76,25,22
1927,4,NFYA,1927,-1.0,20.21272731010452,-0.26610985472577753,3.849922893901226e-08,8.01773546326259,12.81466137703663,0.8636363636363636,0.76,25,22
1928,4,NFYA,1928,-1.0,20.21272731010452,-0.22632430976670131,3.293867328174772e-06,11.134796890937059,20.023289848582984,0.8636363636363636,0.76,25,22
1932,4,NFYA,1932,-1.0,20.21272731010452,0.46338684562441795,1.9894991537683916e-23,-11.824575486569955,25.629851962449244,0.8636363636363636,0.76,25,22
1926,4,NFYA,1926,-1.0,20.21272731010452,0.5944751740935741,6.442410547536823e-41,-3.0344601610849375,2.5638887614867376,0.8636363636363636,0.76,25,22
1939,4,NFYA,1939,-1.0,20.21272731010452,0.33232134771320254,3.935035344039339e-12,-17.65988979191555,45.56685639933691,0.8636363636363636,0.76,25,22
1945,4,NFYA,1945,-1.0,20.21272731010452,-0.20843580660149813,1.9090954883588756e-05,3.4817357271524334,3.188644673818696,0.8636363636363636,0.76,25,22
1935,4,NFYA,1935,-1.0,20.21272731010452,-0.3273133379924583,8.568285175384122e-12,21.215083379167595,51.72303382819661,0.8636363636363636,0.76,25,22
1944,4,NFYA,1944,-1.0,20.21272731010452,0.2266444449236043,3.1876114463704926e-06,-14.246654247754853,33.52236502064502,0.8636363636363636,0.76,25,22
1940,4,NFYA,1940,-1.0,20.21272731010452,0.25062667767606905,2.381722566941433e-07,-2.3949541179375147,1.7525189526634122,0.8636363636363636,0.76,25,22
1949,4,NFYA,1949,-1.0,20.21272731010452,0.479816898925315,3.1676878419028824e-25,-7.232543810666591,10.794005602496162,0.8636363636363636,0.76,25,22
1936,4,NFYA,1936,-1.0,20.21272731010452,0.6008834580346865,5.473263375561091e-42,-4.34903005334932,4.682404136720178,0.8636363636363636,0.76,25,22
1950,4,NFYA,1950,-1.0,20.21272731010452,0.22427700062276693,4.057774226902087e-06,-4.188004419983763,4.399136201891087,0.8636363636363636,0.76,25,22
1948,4,NFYA,1948,-1.0,20.21272731010452,0.6066978092388504,5.5660815173616066e-43,-7.809436049113304,12.320858606272242,0.8636363636363636,0.76,25,22
1941,4,NFYA,1941,-1.0,20.21272731010452,0.38203547953261624,7.791678480932907e-16,-25.19633818935952,79.88871466643856,0.8636363636363636,0.76,25,22
1938,4,NFYA,1938,-1.0,20.21272731010452,0.5190375989694117,6.2264016256861155e-30,-17.263820990587515,42.73702621029372,0.8636363636363636,0.76,25,22
7211,4,CREB3,7211,1.0,2.9150559241838825,0.24848500222597944,3.036367441716296e-07,15.080404191131686,34.33009277078537,0.9,0.75,12,10
7210,4,CREB3,7210,1.0,2.9150559241838825,0.3683302110431409,9.502461044397567e-15,3.146020417800731,2.7083774384332435,0.9,0.75,12,10
7209,4,CREB3,7209,1.0,2.9150559241838825,0.24597939077078926,4.0226869835328606e-07,6.132265053645576,8.212526057165293,0.9,0.75,12,10
7218,4,CREB3,7218,1.0,2.9150559241838825,-0.3300152922459393,5.6406704465606916e-12,-11.215497183810974,22.477422423653987,0.9,0.75,12,10
7213,4,CREB3,7213,1.0,2.9150559241838825,0.21196152120853137,1.3660039499585128e-05,18.605564376014758,46.49821119081422,0.9,0.75,12,10
7214,4,CREB3,7214,1.0,2.9150559241838825,0.39837082829687004,3.376773244653739e-17,4.758882690418366,5.362640767486889,0.9,0.75,12,10
7217,4,CREB3,7217,1.0,2.9150559241838825,0.38081446747089426,9.783573308881821e-16,14.084309386042595,31.564920075073644,0.9,0.75,12,10
7216,4,CREB3,7216,1.0,2.9150559241838825,0.3739986157917279,3.4262339100131725e-15,18.95008135079818,42.94832149758415,0.9,0.75,12,10
7215,4,CREB3,7215,1.0,2.9150559241838825,0.20396693627864443,2.8945819059258725e-05,3.6628924562892657,3.45622180751631,0.9,0.75,12,10
368,4,PRDM1,368,1.0,25.94783630645416,0.5856262189509698,1.7733568920780664e-39,17.07315891550621,36.93075335894841,0.88,0.88,25,25
377,4,PRDM1,377,1.0,25.94783630645416,-0.3900109544399305,1.72020748813344e-16,-14.419718638129163,35.206862759395676,0.88,0.88,25,25
372,4,PRDM1,372,1.0,25.94783630645416,0.3276206203908169,8.172139344924308e-12,16.596886503188315,38.41311139211347,0.88,0.88,25,25
380,4,PRDM1,380,1.0,25.94783630645416,0.6334516717253266,7.978012277824788e-48,11.788843815090566,22.982758422567606,0.88,0.88,25,25
375,4,PRDM1,375,1.0,25.94783630645416,0.23317567564710892,1.6158105689463608e-06,7.480894352342584,11.73095411780541,0.88,0.88,25,25
376,4,PRDM1,376,1.0,25.94783630645416,0.5670649753451115,1.3471400903726605e-36,18.029055752806826,48.37023661921519,0.88,0.88,25,25
365,4,PRDM1,365,1.0,25.94783630645416,0.5000089208291213,1.4246695465862318e-27,8.344630814095098,13.692937960912976,0.88,0.88,25,25
366,4,PRDM1,366,1.0,25.94783630645416,0.5734717372490278,1.431506742316968e-37,10.7420262996388,18.973337376058293,0.88,0.88,25,25
384,4,PRDM1,384,1.0,25.94783630645416,0.19025101352879675,9.821374698648329e-05,3.281674826497065,2.918883658820933,0.88,0.88,25,25
382,4,PRDM1,382,1.0,25.94783630645416,0.4741016492541384,1.3716209623063113e-24,9.972225011987415,17.433032219417054,0.88,0.88,25,25
379,4,PRDM1,379,1.0,25.94783630645416,0.6317874086090651,1.6485716301777904e-47,24.347642188206244,65.73172828085409,0.88,0.88,25,25
378,4,PRDM1,378,1.0,25.94783630645416,0.31068880216095457,1.0257860789626237e-10,2.8457879685910794,2.2898535351795886,0.88,0.88,25,25
387,4,PRDM1,387,1.0,25.94783630645416,0.5042748528591681,4.340850173326011e-28,9.623302197156118,18.25964535081789,0.88,0.88,25,25
370,4,PRDM1,370,1.0,25.94783630645416,0.5412466583884755,7.003619922941192e-33,12.18843685683475,23.0722605677363,0.88,0.88,25,25
369,4,PRDM1,369,1.0,25.94783630645416,0.7169371030812376,1.531267716562986e-66,21.766941809914474,55.605758171172646,0.88,0.88,25,25
381,4,PRDM1,381,1.0,25.94783630645416,-0.4801859083877356,2.8789505512586644e-25,-26.59336756734479,85.31033845765322,0.88,0.88,25,25
388,4,PRDM1,388,1.0,25.94783630645416,-0.3618742366032189,2.96403111670288e-14,-13.698497324620599,29.495474356825365,0.88,0.88,25,25
385,4,PRDM1,385,1.0,25.94783630645416,0.20561327317904107,2.485700843565675e-05,4.0801758284186445,4.13840995429896,0.88,0.88,25,25
371,4,PRDM1,371,1.0,25.94783630645416,0.49799053039191193,2.485439210408545e-27,7.510485005589444,11.628190769147206,0.88,0.88,25,25
367,4,PRDM1,367,1.0,25.94783630645416,-0.32870921521648233,6.907471126093713e-12,-16.11812670919223,42.34023925868029,0.88,0.88,25,25
386,4,PRDM1,386,1.0,25.94783630645416,0.6001029911835997,7.412296672495133e-42,12.002674332227112,24.83778983106947,0.88,0.88,25,25
373,4,PRDM1,373,1.0,25.94783630645416,0.5720794114451279,2.3399130591283423e-37,9.723939972813211,16.82645685602355,0.88,0.88,25,25
4541,4,TBX2,4541,-1.0,87.29512645669269,-0.3448629342086738,5.262946855855746e-13,11.574568112685647,22.294528397180198,0.9523809523809523,0.9090909090909091,22,21
4536,4,TBX2,4536,-1.0,87.29512645669269,0.4050985709339094,8.805416318868999e-18,-10.887916349921431,21.89841113634234,0.9523809523809523,0.9090909090909091,22,21
4540,4,TBX2,4540,-1.0,87.29512645669269,0.37412562133997623,3.348041352775615e-15,-5.294266420649049,6.37718111488786,0.9523809523809523,0.9090909090909091,22,21
4545,4,TBX2,4545,-1.0,87.29512645669269,-0.45490250294789014,1.5482537904991276e-22,13.11491762870539,28.038114297157072,0.9523809523809523,0.9090909090909091,22,21
4537,4,TBX2,4537,-1.0,87.29512645669269,-0.2247914491950326,3.851288399921046e-06,8.811668183136725,15.12924316966754,0.9523809523809523,0.9090909090909091,22,21
4533,4,TBX2,4533,-1.0,87.29512645669269,-0.6753034667356658,1.9549745964743842e-56,8.551933525003378,13.809741446606338,0.9523809523809523,0.9090909090909091,22,21
4529,4,TBX2,4529,-1.0,87.29512645669269,0.4214645295573282,2.9399382568841295e-19,-7.687623973332426,12.366455794876968,0.9523809523809523,0.9090909090909091,22,21
4528,4,TBX2,4528,-1.0,87.29512645669269,-0.6900787273739659,7.957878985605258e-60,14.328025950543669,28.24101411856752,0.9523809523809523,0.9090909090909091,22,21
4538,4,TBX2,4538,-1.0,87.29512645669269,0.3192308131356884,2.9199980226205284e-11,-8.161450981811509,13.187333668721367,0.9523809523809523,0.9090909090909091,22,21
4532,4,TBX2,4532,-1.0,87.29512645669269,-0.6229839454670985,7.12804737419604e-46,17.48088035004946,37.39025130770084,0.9523809523809523,0.9090909090909091,22,21
4531,4,TBX2,4531,-1.0,87.29512645669269,0.6962409486350498,2.6657241853735856e-61,-17.069933316280046,45.47448381875746,0.9523809523809523,0.9090909090909091,22,21
4542,4,TBX2,4542,-1.0,87.29512645669269,-0.4746577001764295,1.1907820052125153e-24,10.716523787253633,21.16002057160443,0.9523809523809523,0.9090909090909091,22,21
4534,4,TBX2,4534,-1.0,87.29512645669269,-0.28163311208831543,5.4926722498266284e-09,4.641588593483996,5.230629687823321,0.9523809523809523,0.9090909090909091,22,21
4525,4,TBX2,4525,-1.0,87.29512645669269,-0.20238570874719009,3.346644967021437e-05,10.314999367808177,17.89106890286638,0.9523809523809523,0.9090909090909091,22,21
4539,4,TBX2,4539,-1.0,87.29512645669269,-0.28676981850974803,2.8066205203754583e-09,3.335632097496711,3.004489208930768,0.9523809523809523,0.9090909090909091,22,21
4543,4,TBX2,4543,-1.0,87.29512645669269,-0.44284949039235166,2.5920699422709568e-21,6.21425082941966,8.688212077714109,0.9523809523809523,0.9090909090909091,22,21
4527,4,TBX2,4527,-1.0,87.29512645669269,0.2736775927797938,1.512864855019767e-08,-10.435397643453415,19.50275189317649,0.9523809523809523,0.9090909090909091,22,21
4535,4,TBX2,4535,-1.0,87.29512645669269,-0.5769949151274009,4.0851707158743894e-38,24.350269566546114,64.90022042221011,0.9523809523809523,0.9090909090909091,22,21
4530,4,TBX2,4530,-1.0,87.29512645669269,-0.4807580252582073,2.48187407632695e-25,20.30587189469366,50.43305681208474,0.9523809523809523,0.9090909090909091,22,21
4526,4,TBX2,4526,-1.0,87.29512645669269,-0.44462672249160873,1.7228305961951057e-21,13.974067158434062,28.37214279119338,0.9523809523809523,0.9090909090909091,22,21
1270,4,MYBL1,1270,1.0,2.7505612153877075,0.2513312117825973,2.197790948390463e-07,9.777889853683137,18.24452892641767,0.8,0.6956521739130435,23,20
1253,4,MYBL1,1253,1.0,2.7505612153877075,0.5035858773550883,5.265347923226481e-28,16.811623329276802,40.1658342076191,0.8,0.6956521739130435,23,20
1254,4,MYBL1,1254,1.0,2.7505612153877075,0.407268826860236,5.670196425340961e-18,24.604767864760046,68.08562143698398,0.8,0.6956521739130435,23,20
1271,4,MYBL1,1271,1.0,2.7505612153877075,0.3734315723785764,3.797759224399069e-15,16.579495644264693,40.4408791342123,0.8,0.6956521739130435,23,20
1261,4,MYBL1,1261,1.0,2.7505612153877075,-0.2839232707226422,4.078562203761505e-09,-11.597312935676644,24.21689218730219,0.8,0.6956521739130435,23,20
1262,4,MYBL1,1262,1.0,2.7505612153877075,0.3519683111855782,1.6163098811484498e-13,7.2101366451936615,10.962527655621454,0.8,0.6956521739130435,23,20
1251,4,MYBL1,1251,1.0,2.7505612153877075,0.27031169207834604,2.300201643226045e-08,9.95906794950128,16.961959388559073,0.8,0.6956521739130435,23,20
1256,4,MYBL1,1256,1.0,2.7505612153877075,0.5779627616688461,2.887026753388153e-38,5.8114751142780205,7.6742483425142,0.8,0.6956521739130435,23,20
1250,4,MYBL1,1250,1.0,2.7505612153877075,0.27515532178191665,1.2563944076707841e-08,8.681893394560268,14.63847960324099,0.8,0.6956521739130435,23,20
1267,4,MYBL1,1267,1.0,2.7505612153877075,0.33928618992233806,1.3020145652339772e-12,4.610843295332172,5.023916820326341,0.8,0.6956521739130435,23,20
1252,4,MYBL1,1252,1.0,2.7505612153877075,0.5526541580576438,1.7512839627114736e-34,6.126061967739573,8.385783924562032,0.8,0.6956521739130435,23,20
1255,4,MYBL1,1255,1.0,2.7505612153877075,0.36232273023032235,2.741072136340265e-14,16.730703424967004,38.041243563735264,0.8,0.6956521739130435,23,20
1260,4,MYBL1,1260,1.0,2.7505612153877075,-0.1776438103186512,0.00028066619688530976,-7.4036951655350585,11.362693438184403,0.8,0.6956521739130435,23,20
1265,4,MYBL1,1265,1.0,2.7505612153877075,0.24069842904621963,7.206069679654166e-07,3.7538973597980254,3.6276021742475573,0.8,0.6956521739130435,23,20
1268,4,MYBL1,1268,1.0,2.7505612153877075,0.36002310114233127,4.0878707722563764e-14,3.4442446109313622,3.124861511907797,0.8,0.6956521739130435,23,20
1258,4,MYBL1,1258,1.0,2.7505612153877075,0.28938163433817393,1.984446948837709e-09,8.75322350616845,14.406448257657413,0.8,0.6956521739130435,23,20
9377,4,TBR1,9377,1.0,5.382742893342171,0.13954808544676345,0.004444905727576314,6.585886353402175,9.200103307937841,0.8,0.6666666666666666,6,5
9378,4,TBR1,9378,1.0,5.382742893342171,0.26208958163603874,6.250132412290809e-08,4.91548851094479,5.750267131726769,0.8,0.6666666666666666,6,5
9375,4,TBR1,9375,1.0,5.382742893342171,0.24280091159784495,5.722629858155777e-07,8.123063167813422,13.361522538708286,0.8,0.6666666666666666,6,5
9379,4,TBR1,9379,1.0,5.382742893342171,0.10530704086657244,0.032180424673187304,3.516890916016239,3.2253419141149497,0.8,0.6666666666666666,6,5
444,4,NFIA,444,1.0,2.077083894126685,0.5043379328451822,4.264695929669973e-28,11.564145466196674,24.23543297951629,0.8,0.64,25,20
438,4,NFIA,438,1.0,2.077083894126685,0.3495223974115221,2.4348888531154457e-13,21.657289018720736,54.341581604510445,0.8,0.64,25,20
434,4,NFIA,434,1.0,2.077083894126685,0.26015463052335674,7.869204976093088e-08,7.954187634467747,12.658574438963566,0.8,0.64,25,20
446,4,NFIA,446,1.0,2.077083894126685,0.28994952332754537,1.839510648367981e-09,21.939152097540685,54.48320291045029,0.8,0.64,25,20
435,4,NFIA,435,1.0,2.077083894126685,0.438702615494085,6.661262217272987e-21,14.383360242818773,28.558697556761125,0.8,0.64,25,20
456,4,NFIA,456,1.0,2.077083894126685,0.4014302921761792,1.839426816773378e-17,6.168347290371737,8.199419331216866,0.8,0.64,25,20
447,4,NFIA,447,1.0,2.077083894126685,0.39994224714417204,2.473651129642344e-17,14.351395878418288,32.4292592072381,0.8,0.64,25,20
452,4,NFIA,452,1.0,2.077083894126685,0.2918216290786898,1.4308793240393618e-09,2.937741375976871,2.4148754844865032,0.8,0.64,25,20
441,4,NFIA,441,1.0,2.077083894126685,0.315409823312621,5.14783219140822e-11,3.1335378238601215,2.6814529744867386,0.8,0.64,25,20
443,4,NFIA,443,1.0,2.077083894126685,-0.27015813543678874,2.344273438845644e-08,-29.00963355446719,95.72208735299888,0.8,0.64,25,20
457,4,NFIA,457,1.0,2.077083894126685,0.299039467692858,5.339262593154291e-10,6.715738463693539,9.37968648696871,0.8,0.64,25,20
440,4,NFIA,440,1.0,2.077083894126685,-0.16960762303873886,0.0005288290277206271,-17.196347887529218,44.54722325884637,0.8,0.64,25,20
439,4,NFIA,439,1.0,2.077083894126685,0.45169590880629584,3.312773013541226e-22,7.098330956349077,10.498539962780285,0.8,0.64,25,20
437,4,NFIA,437,1.0,2.077083894126685,0.2732925173691925,1.5876098324672123e-08,9.410769091865623,16.01384222311105,0.8,0.64,25,20
442,4,NFIA,442,1.0,2.077083894126685,0.37675316488609456,2.0719291394353762e-15,9.301333907523091,15.724202402410702,0.8,0.64,25,20
448,4,NFIA,448,1.0,2.077083894126685,0.3517953062909603,1.6640352896565496e-13,6.539834086745098,9.232708211462208,0.8,0.64,25,20
