,Mutation,Regulator,Regulon,MutationRegulatorEdge,-log10(p)_MutationRegulatorEdge,RegulatorRegulon_Spearman_R,RegulatorRegulon_Spearman_p-value,Regulon_stratification_t-statistic,-log10(p)_Regulon_stratification,Fraction_of_edges_correctly_aligned,Fraction_of_aligned_and_diff_exp_edges,number_downstream_regulons,number_differentially_expressed_regulons
7389,8,PAX1,7389,1.0,7.614031040747226,-0.24198515538980384,3.660159156600812e-08,-7.549194699168036,9.756192329902982,0.7142857142857143,0.5,10,7
7386,8,PAX1,7386,1.0,7.614031040747226,-0.20026206499798496,5.754886529123779e-06,-3.9098682708158248,3.6733765398139306,0.7142857142857143,0.5,10,7
7388,8,PAX1,7388,1.0,7.614031040747226,-0.3023869921757655,3.876160023503727e-12,-2.418065293312333,1.715361724502918,0.7142857142857143,0.5,10,7
7385,8,PAX1,7385,1.0,7.614031040747226,0.6614418629496078,7.658235696389006e-65,8.070581665985362,9.378537461450232,0.7142857142857143,0.5,10,7
7392,8,PAX1,7392,1.0,7.614031040747226,0.15456172656508216,0.0004908441499515724,3.9693106829355607,3.5648010409375233,0.7142857142857143,0.5,10,7
2424,8,PHOX2A,2424,-1.0,15.532606956789202,0.40945784019395737,7.776160395134726e-22,-7.221890787885304,9.061691675934005,1.0,0.9565217391304348,23,22
2423,8,PHOX2A,2423,-1.0,15.532606956789202,-0.28871057913244746,3.7603084182574796e-11,2.479468049495471,1.765326788630018,1.0,0.9565217391304348,23,22
2411,8,PHOX2A,2411,-1.0,15.532606956789202,-0.40302489876316827,3.8125243293695835e-21,5.105845610474259,5.100013963135491,1.0,0.9565217391304348,23,22
2412,8,PHOX2A,2412,-1.0,15.532606956789202,-0.36454549181626245,2.564347482338006e-17,3.2434545024479715,2.6260815940014264,1.0,0.9565217391304348,23,22
2422,8,PHOX2A,2422,-1.0,15.532606956789202,-0.32392646096907834,8.427139756307253e-14,6.672647403163613,7.55915485789009,1.0,0.9565217391304348,23,22
2415,8,PHOX2A,2415,-1.0,15.532606956789202,-0.451850961493665,8.893224735069656e-27,7.56030153772683,9.049759075637201,1.0,0.9565217391304348,23,22
2421,8,PHOX2A,2421,-1.0,15.532606956789202,-0.4328984761830221,1.757012102603234e-24,5.471098227291983,5.703106273472717,1.0,0.9565217391304348,23,22
2404,8,PHOX2A,2404,-1.0,15.532606956789202,0.38247610475333255,4.878330777367675e-19,-4.721625849500312,4.677799738965032,1.0,0.9565217391304348,23,22
2413,8,PHOX2A,2413,-1.0,15.532606956789202,-0.5659062490099943,4.2878126253242146e-44,9.295592267403627,11.705503187244071,1.0,0.9565217391304348,23,22
2406,8,PHOX2A,2406,-1.0,15.532606956789202,-0.363960619664451,2.906116149131617e-17,8.610003608255271,10.663827543642268,1.0,0.9565217391304348,23,22
2419,8,PHOX2A,2419,-1.0,15.532606956789202,-0.3038396386222474,3.02331629714407e-12,4.761238384749525,4.74145681677533,1.0,0.9565217391304348,23,22
2402,8,PHOX2A,2402,-1.0,15.532606956789202,-0.550673297143379,2.2047034963312642e-41,14.691244599698432,21.50298051869731,1.0,0.9565217391304348,23,22
2409,8,PHOX2A,2409,-1.0,15.532606956789202,-0.38226058630707793,5.123825747971515e-19,8.73088587820947,11.710235536054244,1.0,0.9565217391304348,23,22
2408,8,PHOX2A,2408,-1.0,15.532606956789202,-0.39244073475670554,4.8412075837496944e-20,9.600319971839319,12.117481500973483,1.0,0.9565217391304348,23,22
2403,8,PHOX2A,2403,-1.0,15.532606956789202,-0.4140187621246597,2.466532189793307e-22,8.645299173466048,10.357071334381798,1.0,0.9565217391304348,23,22
2414,8,PHOX2A,2414,-1.0,15.532606956789202,-0.5159110942150117,1.0817807110894315e-35,9.709064825848387,12.021266228359947,1.0,0.9565217391304348,23,22
2407,8,PHOX2A,2407,-1.0,15.532606956789202,-0.3575965360511207,1.1152791306832462e-16,9.588462860931562,11.8753592545827,1.0,0.9565217391304348,23,22
2416,8,PHOX2A,2416,-1.0,15.532606956789202,-0.4054450786693577,2.10481641260281e-21,8.682604957985522,10.797937333466193,1.0,0.9565217391304348,23,22
2417,8,PHOX2A,2417,-1.0,15.532606956789202,-0.3316504631829643,1.9775323964814495e-14,5.826297669280156,6.146924665587222,1.0,0.9565217391304348,23,22
2405,8,PHOX2A,2405,-1.0,15.532606956789202,-0.31978669916681113,1.8020717237045075e-13,5.958143789705306,6.485263396267188,1.0,0.9565217391304348,23,22
2418,8,PHOX2A,2418,-1.0,15.532606956789202,-0.2710653674063059,5.915991643231917e-10,5.345889555821831,5.462981694587796,1.0,0.9565217391304348,23,22
2420,8,PHOX2A,2420,-1.0,15.532606956789202,-0.3511232489708599,4.247632652681789e-16,6.953937062883115,8.513832597701608,1.0,0.9565217391304348,23,22
3402,8,SIRT6,3402,-1.0,15.587000392679716,-0.23142581338879234,1.4458519515803834e-07,2.7753219606035087,2.108755973306918,1.0,0.875,16,14
3405,8,SIRT6,3405,-1.0,15.587000392679716,-0.3086544679312652,1.3136206569092458e-12,4.007502862423505,3.63353348242127,1.0,0.875,16,14
3399,8,SIRT6,3399,-1.0,15.587000392679716,0.1336683978956902,0.0026133579820731712,-3.0031919770821536,2.432579056257101,1.0,0.875,16,14
3394,8,SIRT6,3394,-1.0,15.587000392679716,-0.2834860504684009,8.678474355733474e-11,5.5404961619012925,6.488105006191455,1.0,0.875,16,14
3401,8,SIRT6,3401,-1.0,15.587000392679716,-0.4157298649119571,1.5959432698051544e-22,8.756324540622034,10.685127753919826,1.0,0.875,16,14
3407,8,SIRT6,3407,-1.0,15.587000392679716,-0.2573693704774205,4.39837956750236e-09,3.4398317452973908,2.9025980387115284,1.0,0.875,16,14
3395,8,SIRT6,3395,-1.0,15.587000392679716,0.8054348291972055,2.3694346713222083e-116,-10.140790360442402,14.516605504426595,1.0,0.875,16,14
3393,8,SIRT6,3393,-1.0,15.587000392679716,-0.7024338769280655,2.6538215497599273e-76,14.715221728655191,21.591986531045954,1.0,0.875,16,14
3406,8,SIRT6,3406,-1.0,15.587000392679716,-0.4767830820349116,5.027627103835043e-30,8.468176999954068,10.272852870801175,1.0,0.875,16,14
3403,8,SIRT6,3403,-1.0,15.587000392679716,-0.5624587924630974,1.811903762567677e-43,9.284364729834504,11.289898132966353,1.0,0.875,16,14
3396,8,SIRT6,3396,-1.0,15.587000392679716,-0.3874570686882353,1.5525037911156852e-19,7.250731361705371,8.249874503929027,1.0,0.875,16,14
3398,8,SIRT6,3398,-1.0,15.587000392679716,0.6697289294146808,5.192678158916953e-67,-6.9321358051743625,7.991938049936004,1.0,0.875,16,14
3397,8,SIRT6,3397,-1.0,15.587000392679716,0.7731148891286646,1.601960842890271e-101,-9.332713055219024,12.122584524525875,1.0,0.875,16,14
3404,8,SIRT6,3404,-1.0,15.587000392679716,-0.32970762914800805,2.858673215703666e-14,3.6164779064047736,3.105382516083785,1.0,0.875,16,14
2982,8,NR2F2,2982,1.0,11.535514470731558,0.23865029360078868,5.688143072054712e-08,7.8535058452804885,9.249384268377339,1.0,0.7,20,14
2969,8,NR2F2,2969,1.0,11.535514470731558,-0.5330572498243614,2.040617591008042e-38,-10.099758834024817,14.487668445503438,1.0,0.7,20,14
2977,8,NR2F2,2977,1.0,11.535514470731558,0.4076455471634121,1.2212333810900682e-21,4.8980410916382,4.850315067523595,1.0,0.7,20,14
2984,8,NR2F2,2984,1.0,11.535514470731558,0.582993889451057,2.6210086594267007e-47,3.0100250781132174,2.373078027249023,1.0,0.7,20,14
2975,8,NR2F2,2975,1.0,11.535514470731558,0.3973307579205126,1.5133671160999883e-20,8.566806793243362,10.359675034888017,1.0,0.7,20,14
2973,8,NR2F2,2973,1.0,11.535514470731558,0.33458088044829337,1.1286745880782271e-14,8.240960692002657,9.773071767576425,1.0,0.7,20,14
2968,8,NR2F2,2968,1.0,11.535514470731558,0.5510191702400055,1.920132878608368e-41,14.710358603647533,21.56857652520021,1.0,0.7,20,14
2976,8,NR2F2,2976,1.0,11.535514470731558,0.4058653070275972,1.8975842832334832e-21,8.047078679292254,9.85202921997729,1.0,0.7,20,14
2978,8,NR2F2,2978,1.0,11.535514470731558,0.36090003410278926,5.5697503046616e-17,6.627788696728556,7.36635771990865,1.0,0.7,20,14
2985,8,NR2F2,2985,1.0,11.535514470731558,0.27090799142026006,6.057900643229755e-10,7.774128605770189,9.110768060490743,1.0,0.7,20,14
2986,8,NR2F2,2986,1.0,11.535514470731558,0.3701258635180289,7.672083994270825e-18,6.8364385817800795,8.355278072085216,1.0,0.7,20,14
2972,8,NR2F2,2972,1.0,11.535514470731558,-0.4990241570740926,3.7158217476326116e-33,-8.650152823912665,11.400925755581218,1.0,0.7,20,14
2970,8,NR2F2,2970,1.0,11.535514470731558,0.614099080715525,1.1334504595247609e-53,5.646087480672699,6.656395183919369,1.0,0.7,20,14
2981,8,NR2F2,2981,1.0,11.535514470731558,0.4393259201696568,3.0362650667097913e-25,7.640661166260597,8.76781262117761,1.0,0.7,20,14
3481,8,CEBPB,3481,-1.0,1.5552763878636247,-0.1395041678080852,0.001674673179999863,2.5424307106787425,1.8278875143785585,0.7222222222222222,0.52,25,18
3474,8,CEBPB,3474,-1.0,1.5552763878636247,-0.48904713452711734,1.007280265848519e-31,8.144990997164175,9.934253802700296,0.7222222222222222,0.52,25,18
3464,8,CEBPB,3464,-1.0,1.5552763878636247,-0.3124737939632473,6.707429312953562e-13,14.47161227183745,21.09961041301248,0.7222222222222222,0.52,25,18
3484,8,CEBPB,3484,-1.0,1.5552763878636247,-0.2160491825580074,9.531575516584556e-07,3.5701905991872764,3.050584750176119,0.7222222222222222,0.52,25,18
3471,8,CEBPB,3471,-1.0,1.5552763878636247,-0.3711413998542712,6.143831485980188e-18,10.720239516086272,13.971497768454283,0.7222222222222222,0.52,25,18
3488,8,CEBPB,3488,-1.0,1.5552763878636247,-0.1790597693309704,5.1956546523260955e-05,3.569396365724265,3.076666074425965,0.7222222222222222,0.52,25,18
3486,8,CEBPB,3486,-1.0,1.5552763878636247,-0.4922171099097488,3.572061008397357e-32,8.506195290831313,11.271068720204703,0.7222222222222222,0.52,25,18
3483,8,CEBPB,3483,-1.0,1.5552763878636247,0.7424735330675926,1.427443918446457e-89,-6.200894008907541,7.17349680518689,0.7222222222222222,0.52,25,18
3468,8,CEBPB,3468,-1.0,1.5552763878636247,-0.256519782413024,4.962613985147477e-09,7.323511712619032,8.372858798628796,0.7222222222222222,0.52,25,18
3485,8,CEBPB,3485,-1.0,1.5552763878636247,-0.42612376144446745,1.0738381713891953e-23,6.369786859354531,6.973296017045417,0.7222222222222222,0.52,25,18
3466,8,CEBPB,3466,-1.0,1.5552763878636247,0.21964469738899361,6.206842174712946e-07,-10.58332972307703,15.531553245603932,0.7222222222222222,0.52,25,18
3480,8,CEBPB,3480,-1.0,1.5552763878636247,-0.1549182558007354,0.00047612149792209844,8.75315397235347,10.673749946244833,0.7222222222222222,0.52,25,18
3470,8,CEBPB,3470,-1.0,1.5552763878636247,0.5706183972434512,5.817420644761233e-45,-3.5600370883387065,3.186909542213202,0.7222222222222222,0.52,25,18
4285,8,RARB,4285,1.0,6.662181131768257,0.34719350817069294,9.424071037953483e-16,14.457236377197702,21.35244107421203,0.8666666666666667,0.52,25,15
4304,8,RARB,4304,1.0,6.662181131768257,0.10551533414210988,0.017696358106646458,11.28958890461477,15.67452959742759,0.8666666666666667,0.52,25,15
4302,8,RARB,4302,1.0,6.662181131768257,0.6452038060948952,8.689766295566514e-61,3.30790154459619,2.7546457779549254,0.8666666666666667,0.52,25,15
4286,8,RARB,4286,1.0,6.662181131768257,-0.39460262796465995,2.902183847869893e-20,-10.572674299687987,15.428470145460377,0.8666666666666667,0.52,25,15
4308,8,RARB,4308,1.0,6.662181131768257,0.14717925208669938,0.0009088257481952211,2.270166649970316,1.5490764522065263,0.8666666666666667,0.52,25,15
4301,8,RARB,4301,1.0,6.662181131768257,0.41025878985414077,6.364218204639541e-22,8.570936226357574,11.338438122670018,0.8666666666666667,0.52,25,15
4287,8,RARB,4287,1.0,6.662181131768257,0.8015269849966364,2.051718751450978e-114,4.789714995075885,5.163047449392601,0.8666666666666667,0.52,25,15
4297,8,RARB,4297,1.0,6.662181131768257,0.5891008976674066,1.671643064438558e-48,2.054720443481902,1.3428994490453443,0.8666666666666667,0.52,25,15
4293,8,RARB,4293,1.0,6.662181131768257,-0.3831671987074485,4.166664339791398e-19,-10.043827425291623,13.040146225991126,0.8666666666666667,0.52,25,15
4298,8,RARB,4298,1.0,6.662181131768257,0.18291944101242424,3.544014767344531e-05,8.869154200609676,11.002827753133456,0.8666666666666667,0.52,25,15
4289,8,RARB,4289,1.0,6.662181131768257,-0.33732429143535475,6.640289637630963e-15,-7.237215609647111,9.028393042933914,0.8666666666666667,0.52,25,15
4294,8,RARB,4294,1.0,6.662181131768257,-0.452704928877981,6.953210689467032e-27,-5.989650114956426,6.921678227892575,0.8666666666666667,0.52,25,15
4292,8,RARB,4292,1.0,6.662181131768257,-0.2983011034022658,7.739813466546859e-12,-8.530791592807827,10.832845195025952,0.8666666666666667,0.52,25,15
1823,8,BORCS8-MEF2B,1823,-1.0,14.477527545791594,-0.0792372715532423,0.07523620735531629,5.026062450520519,5.070175708440308,0.9473684210526315,0.72,25,19
1833,8,BORCS8-MEF2B,1833,-1.0,14.477527545791594,0.5519371502367629,1.329521292829347e-41,-2.2355360215572637,1.5263584068292144,0.9473684210526315,0.72,25,19
1816,8,BORCS8-MEF2B,1816,-1.0,14.477527545791594,0.4195609312484044,5.966825999876092e-23,-3.5456027072278213,3.047201152094514,0.9473684210526315,0.72,25,19
1822,8,BORCS8-MEF2B,1822,-1.0,14.477527545791594,-0.37551503597564734,2.3390305120694018e-18,7.946544127163472,9.3712649042893,0.9473684210526315,0.72,25,19
1811,8,BORCS8-MEF2B,1811,-1.0,14.477527545791594,-0.16407904765631845,0.00021289024216736296,4.585626529329315,4.763433662492651,0.9473684210526315,0.72,25,19
1810,8,BORCS8-MEF2B,1810,-1.0,14.477527545791594,-0.48343713253312925,6.144628953411004e-31,14.791846149964986,21.84210189693686,0.9473684210526315,0.72,25,19
1827,8,BORCS8-MEF2B,1827,-1.0,14.477527545791594,0.29545277509117374,1.2453847672831574e-11,-4.747149235749554,5.115413596689158,0.9473684210526315,0.72,25,19
1813,8,BORCS8-MEF2B,1813,-1.0,14.477527545791594,0.5406274167789451,1.1388107300276808e-39,-5.969607155985127,6.641408679876959,0.9473684210526315,0.72,25,19
1812,8,BORCS8-MEF2B,1812,-1.0,14.477527545791594,0.7004858249800137,1.029763691749454e-75,-10.135588037881543,14.610707605131331,0.9473684210526315,0.72,25,19
1826,8,BORCS8-MEF2B,1826,-1.0,14.477527545791594,0.5566336447309328,1.9915267437311992e-42,-8.129339514727729,9.809898236337268,0.9473684210526315,0.72,25,19
1829,8,BORCS8-MEF2B,1829,-1.0,14.477527545791594,-0.33650088611345613,7.790675846748661e-15,6.7885394927203535,7.595202624499666,0.9473684210526315,0.72,25,19
1820,8,BORCS8-MEF2B,1820,-1.0,14.477527545791594,-0.4314161229787576,2.6200704011112767e-24,7.4457974750952856,8.801218490037954,0.9473684210526315,0.72,25,19
1825,8,BORCS8-MEF2B,1825,-1.0,14.477527545791594,0.5968489395523404,4.672430767010095e-50,-6.599414805511181,7.797584071990906,0.9473684210526315,0.72,25,19
1819,8,BORCS8-MEF2B,1819,-1.0,14.477527545791594,-0.4580816156149776,1.4531828392060677e-27,9.836187430304777,12.138648297531898,0.9473684210526315,0.72,25,19
1815,8,BORCS8-MEF2B,1815,-1.0,14.477527545791594,0.3541718146969977,2.2714383247400933e-16,-7.088655311754043,9.235290367411835,0.9473684210526315,0.72,25,19
1814,8,BORCS8-MEF2B,1814,-1.0,14.477527545791594,0.607479878422625,2.9364919909124024e-52,-8.453359950406035,11.407581684885836,0.9473684210526315,0.72,25,19
1828,8,BORCS8-MEF2B,1828,-1.0,14.477527545791594,-0.30682093054025905,1.8076435621411795e-12,6.188355248304567,6.683500666501224,0.9473684210526315,0.72,25,19
1821,8,BORCS8-MEF2B,1821,-1.0,14.477527545791594,-0.4473436163492126,3.2223832812285685e-26,9.4182236972912,11.752416227709817,0.9473684210526315,0.72,25,19
3202,8,BPTF,3202,1.0,21.346116681926624,-0.28239038189533244,1.0319631393155606e-10,-4.604992018030103,4.574998497789932,1.0,0.8,25,20
3180,8,BPTF,3180,1.0,21.346116681926624,0.9195179766423849,3.9203703327580106e-206,14.576388147163593,21.40414369867314,1.0,0.8,25,20
3184,8,BPTF,3184,1.0,21.346116681926624,0.6419373924970138,5.309984906982601e-60,8.978336791285106,10.941820287850195,1.0,0.8,25,20
3191,8,BPTF,3191,1.0,21.346116681926624,0.6353422298751615,1.9206279308917118e-58,10.941832364780975,14.160291883086229,1.0,0.8,25,20
3194,8,BPTF,3194,1.0,21.346116681926624,0.8558608345306582,3.9000229519262693e-146,10.093397996638853,13.21490948484702,1.0,0.8,25,20
3198,8,BPTF,3198,1.0,21.346116681926624,-0.4484753444288529,2.336544870486826e-26,-8.422414262935305,10.123375147078924,1.0,0.8,25,20
3190,8,BPTF,3190,1.0,21.346116681926624,-0.6204834769191205,4.560198812115028e-55,-8.050387047423648,9.75405378389022,1.0,0.8,25,20
3185,8,BPTF,3185,1.0,21.346116681926624,-0.6896532510393897,1.5923212900156833e-72,-8.519684909657629,11.610220258920442,1.0,0.8,25,20
3196,8,BPTF,3196,1.0,21.346116681926624,0.5676240605427003,2.077799411942309e-44,9.227468173311488,11.644580255995646,1.0,0.8,25,20
3187,8,BPTF,3187,1.0,21.346116681926624,0.15483672590861572,0.0004794515420980749,2.0150293973784787,1.302865251949152,1.0,0.8,25,20
3192,8,BPTF,3192,1.0,21.346116681926624,-0.6697409492502047,5.154597510818446e-67,-4.607786712988805,4.538345269411769,1.0,0.8,25,20
3201,8,BPTF,3201,1.0,21.346116681926624,0.6133331656146982,1.6583139075269481e-53,8.180062302463377,10.69999220601372,1.0,0.8,25,20
3195,8,BPTF,3195,1.0,21.346116681926624,0.6510794557716643,3.166034651855652e-62,7.06028455017866,8.474475138331027,1.0,0.8,25,20
3199,8,BPTF,3199,1.0,21.346116681926624,0.21043060827821916,1.8364037919819822e-06,2.8132384596930393,2.1325272316547297,1.0,0.8,25,20
3188,8,BPTF,3188,1.0,21.346116681926624,-0.2587456882334197,3.61389942436386e-09,-4.5544884532750185,4.7071950470181765,1.0,0.8,25,20
3182,8,BPTF,3182,1.0,21.346116681926624,0.3104344285360214,9.61504742929396e-13,5.749786065440036,6.81328504680257,1.0,0.8,25,20
3193,8,BPTF,3193,1.0,21.346116681926624,0.6144461651134059,9.535895224663544e-54,9.89606436917133,13.152796693236198,1.0,0.8,25,20
3186,8,BPTF,3186,1.0,21.346116681926624,0.5609842661284763,3.3389285852279946e-43,6.478751026874112,7.155722119847341,1.0,0.8,25,20
3204,8,BPTF,3204,1.0,21.346116681926624,-0.46456841336307547,2.1176452264245707e-28,-7.447332520253231,8.65684412557441,1.0,0.8,25,20
3181,8,BPTF,3181,1.0,21.346116681926624,-0.75553247871371,1.8988794284471327e-94,-10.741707525236142,15.943904099879363,1.0,0.8,25,20
5074,8,ELK3,5074,1.0,6.705356036558436,0.484547523075289,4.307275249244278e-31,13.673531898173549,19.50780866881828,1.0,1.0,10,10
5075,8,ELK3,5075,1.0,6.705356036558436,-0.4577663977577883,1.594089556558014e-27,-10.640876465315689,15.87528971671907,1.0,1.0,10,10
5082,8,ELK3,5082,1.0,6.705356036558436,-0.1860025754128208,2.5959554212525773e-05,-6.316799076605273,7.02806597148901,1.0,1.0,10,10
5080,8,ELK3,5080,1.0,6.705356036558436,0.3811801987652182,6.550103494728612e-19,9.437613819055159,11.657848028969749,1.0,1.0,10,10
5083,8,ELK3,5083,1.0,6.705356036558436,-0.20398415617959312,3.8135818711292307e-06,-3.2338343175717617,2.6344710057961014,1.0,1.0,10,10
5078,8,ELK3,5078,1.0,6.705356036558436,-0.3432426161870846,2.076429321937357e-15,-4.70495001805529,4.7704998027870165,1.0,1.0,10,10
5076,8,ELK3,5076,1.0,6.705356036558436,-0.3567783486423177,1.322899461096418e-16,-8.690770016627216,11.044863655687706,1.0,1.0,10,10
5081,8,ELK3,5081,1.0,6.705356036558436,0.1673293416298152,0.0001583423883230727,8.891568448450931,11.300628034147955,1.0,1.0,10,10
5077,8,ELK3,5077,1.0,6.705356036558436,-0.3926401335785753,4.618759268399678e-20,-7.031921065689844,8.799118320895248,1.0,1.0,10,10
5079,8,ELK3,5079,1.0,6.705356036558436,-0.48319366098100497,6.641276267238496e-31,-8.472585762271777,10.280672095926953,1.0,1.0,10,10
6251,8,MAFK,6251,-1.0,7.972063235713577,0.2316564265122165,1.4040854078536556e-07,-9.568743173233882,14.247109369641421,0.75,0.48,25,16
6263,8,MAFK,6263,-1.0,7.972063235713577,0.3033660198317969,3.278952655580522e-12,-8.138275414151272,10.541289700038673,0.75,0.48,25,16
6262,8,MAFK,6262,-1.0,7.972063235713577,-0.27042859565459654,6.510891403329719e-10,6.20658365798555,6.767178878945157,0.75,0.48,25,16
6253,8,MAFK,6253,-1.0,7.972063235713577,-0.32159312204512386,1.2952622033819172e-13,8.668692250826451,10.888403186076255,0.75,0.48,25,16
6247,8,MAFK,6247,-1.0,7.972063235713577,0.11100895803866105,0.012554831254097688,-8.407648369937654,11.259032119583471,0.75,0.48,25,16
6267,8,MAFK,6267,-1.0,7.972063235713577,-0.20497928674855068,3.411881492768668e-06,4.517365152812097,4.339179724247346,0.75,0.48,25,16
6256,8,MAFK,6256,-1.0,7.972063235713577,-0.24843975080737896,1.5305581875092416e-08,11.789015092907945,17.154136672825377,0.75,0.48,25,16
6264,8,MAFK,6264,-1.0,7.972063235713577,-0.31203856410485775,7.244932588071312e-13,6.246901704250194,6.89416796399196,0.75,0.48,25,16
6249,8,MAFK,6249,-1.0,7.972063235713577,0.14182026898342012,0.0013969468972926625,-5.6819586878151505,6.1884726623851085,0.75,0.48,25,16
6259,8,MAFK,6259,-1.0,7.972063235713577,-0.26679087163374726,1.120178262486923e-09,11.204019016401377,14.381338529689554,0.75,0.48,25,16
6265,8,MAFK,6265,-1.0,7.972063235713577,0.39873018357736406,1.0811033690630037e-20,-4.336087956423452,4.106164305984047,0.75,0.48,25,16
6246,8,MAFK,6246,-1.0,7.972063235713577,0.26911219072217785,7.930912842541537e-10,-10.613777137094191,15.799802030322752,0.75,0.48,25,16
1801,8,SOX13,1801,1.0,3.5792481106067595,0.31875317966579275,2.1746606404592433e-13,4.193809489409303,3.871717396524043,1.0,0.88,25,22
1806,8,SOX13,1806,1.0,3.5792481106067595,0.23202177360593204,1.3402888090683102e-07,2.889318612466365,2.236258310480195,1.0,0.88,25,22
1790,8,SOX13,1790,1.0,3.5792481106067595,0.17063572816909023,0.00011651049625701456,9.703572585254744,12.020707992543178,1.0,0.88,25,22
1791,8,SOX13,1791,1.0,3.5792481106067595,0.25959359911146396,3.2001307049291048e-09,2.8145816335370966,2.1435716339030875,1.0,0.88,25,22
1792,8,SOX13,1792,1.0,3.5792481106067595,-0.3620609265895534,4.3554338139938137e-17,-9.218490539614129,12.577001260232146,1.0,0.88,25,22
1796,8,SOX13,1796,1.0,3.5792481106067595,-0.16088708249706962,0.0002831978662194276,-8.127186457151144,9.957331975699418,1.0,0.88,25,22
1786,8,SOX13,1786,1.0,3.5792481106067595,0.39730420246993653,1.5230337723832512e-20,6.08305403190169,7.413050027348764,1.0,0.88,25,22
1808,8,SOX13,1808,1.0,3.5792481106067595,0.3605357119562888,6.01539520049167e-17,8.539383949200428,10.55488070261552,1.0,0.88,25,22
1785,8,SOX13,1785,1.0,3.5792481106067595,0.3603679933210713,6.232162956365374e-17,14.547007486013745,21.20207810011916,1.0,0.88,25,22
1798,8,SOX13,1798,1.0,3.5792481106067595,0.18248188172854554,3.702576737201197e-05,8.343313334025463,9.758573535590708,1.0,0.88,25,22
1788,8,SOX13,1788,1.0,3.5792481106067595,0.2700404201910874,6.901672817034943e-10,8.84465951512326,10.776101110568568,1.0,0.88,25,22
1797,8,SOX13,1797,1.0,3.5792481106067595,0.4018915866741954,5.02692487434005e-21,3.588080809872559,3.0960717624526874,1.0,0.88,25,22
1800,8,SOX13,1800,1.0,3.5792481106067595,0.5615669020318181,2.6234273333603038e-43,7.117098124380695,8.390386601761994,1.0,0.88,25,22
1809,8,SOX13,1809,1.0,3.5792481106067595,0.1913722738733501,1.4912076099340258e-05,3.458285590298956,2.934947870825289,1.0,0.88,25,22
1793,8,SOX13,1793,1.0,3.5792481106067595,-0.37560998335858437,2.2901305352485335e-18,-4.181629670473883,3.9126123752119946,1.0,0.88,25,22
1803,8,SOX13,1803,1.0,3.5792481106067595,0.24566670952809572,2.232719158098921e-08,10.301099046983428,13.915972215865986,1.0,0.88,25,22
1795,8,SOX13,1795,1.0,3.5792481106067595,0.3761541371528458,2.0286882306010862e-18,10.92990539068409,14.703824719647182,1.0,0.88,25,22
1805,8,SOX13,1805,1.0,3.5792481106067595,0.17445868810483536,8.113623517295482e-05,4.908489791538043,4.815148743055679,1.0,0.88,25,22
1807,8,SOX13,1807,1.0,3.5792481106067595,0.30810351221457555,1.4462125665602403e-12,4.978795468070779,5.0383872870695665,1.0,0.88,25,22
1799,8,SOX13,1799,1.0,3.5792481106067595,0.4449419786699168,6.348935411039727e-26,9.39071883210691,12.382298679359673,1.0,0.88,25,22
1787,8,SOX13,1787,1.0,3.5792481106067595,-0.3067392142941003,1.8334508412500416e-12,-10.940879458235871,16.262879921986123,1.0,0.88,25,22
1802,8,SOX13,1802,1.0,3.5792481106067595,0.23973850801229196,4.929481158397474e-08,8.261857351483174,10.134005064479823,1.0,0.88,25,22
4737,8,KLF11,4737,1.0,21.19595287416568,0.4452312001386474,5.852701176327652e-26,4.3751596555865575,4.427450363410792,0.7647058823529411,0.6190476190476191,21,17
4736,8,KLF11,4736,1.0,21.19595287416568,-0.4982779955014136,4.773899781428819e-33,-10.538393793986534,15.346704774947982,0.7647058823529411,0.6190476190476191,21,17
4735,8,KLF11,4735,1.0,21.19595287416568,0.6249227096622707,4.672848768089987e-56,14.623446666300186,21.619150520646762,0.7647058823529411,0.6190476190476191,21,17
4741,8,KLF11,4741,1.0,21.19595287416568,-0.39896321930329687,1.0220557417434595e-20,-8.560619495140863,11.251024240484641,0.7647058823529411,0.6190476190476191,21,17
4749,8,KLF11,4749,1.0,21.19595287416568,0.3034635761712818,3.2246251518886147e-12,3.2394999990178643,2.6380516724800778,0.7647058823529411,0.6190476190476191,21,17
4748,8,KLF11,4748,1.0,21.19595287416568,0.2538205373332365,7.261039192674442e-09,4.1852366120868885,3.886026121805761,0.7647058823529411,0.6190476190476191,21,17
4740,8,KLF11,4740,1.0,21.19595287416568,0.5083335662758823,1.5473841990755275e-34,6.176894675709452,6.718482559014024,0.7647058823529411,0.6190476190476191,21,17
4739,8,KLF11,4739,1.0,21.19595287416568,-0.4049503086954659,2.3775522407788447e-21,-9.128519308454335,11.473722675079546,0.7647058823529411,0.6190476190476191,21,17
4752,8,KLF11,4752,1.0,21.19595287416568,0.35823330780283,9.761833781324721e-17,3.419792976818613,2.8661445370409786,0.7647058823529411,0.6190476190476191,21,17
4742,8,KLF11,4742,1.0,21.19595287416568,0.4583029110364453,1.3616909606442069e-27,5.494388555835239,5.923190688874492,0.7647058823529411,0.6190476190476191,21,17
4753,8,KLF11,4753,1.0,21.19595287416568,0.3322746560370324,1.7557536623525948e-14,7.479226365418804,8.741482709919678,0.7647058823529411,0.6190476190476191,21,17
4755,8,KLF11,4755,1.0,21.19595287416568,-0.36285153360056505,3.681663014710569e-17,-3.8646353234512856,3.4892003969384575,0.7647058823529411,0.6190476190476191,21,17
4743,8,KLF11,4743,1.0,21.19595287416568,-0.322324468471692,1.1324539388051145e-13,-7.814332417334023,9.041651091616876,0.7647058823529411,0.6190476190476191,21,17
6204,8,TBX4,6204,1.0,6.477905085828225,-0.239589629579271,5.0271785599468096e-08,-11.04169462890099,16.289726661382993,0.8,0.8,5,5
6207,8,TBX4,6207,1.0,6.477905085828225,-0.17914650742087368,5.151625836637543e-05,-4.943953374940832,5.038933192112091,0.8,0.8,5,5
6205,8,TBX4,6205,1.0,6.477905085828225,0.4959447944537823,1.0409200850514954e-32,5.5633372696299785,6.515829681210788,0.8,0.8,5,5
6206,8,TBX4,6206,1.0,6.477905085828225,0.25773791248906225,4.173455152041127e-09,2.4222499488209452,1.7017271999643488,0.8,0.8,5,5
4871,8,IRF3,4871,-1.0,4.433992221287204,-0.5295378606183601,7.61585326629617e-38,14.560764279699226,21.314176741694165,1.0,0.76,25,19
4881,8,IRF3,4881,-1.0,4.433992221287204,-0.38547649796035516,2.453398921153515e-19,10.348216766013103,14.489705971541786,1.0,0.76,25,19
4872,8,IRF3,4872,-1.0,4.433992221287204,0.6114560213785355,4.195604929845033e-53,-10.50183783727901,15.388126394431525,1.0,0.76,25,19
4876,8,IRF3,4876,-1.0,4.433992221287204,0.32151811454437373,1.313202924178224e-13,-3.8392889631828844,3.5873193907468517,1.0,0.76,25,19
4895,8,IRF3,4895,-1.0,4.433992221287204,-0.19972904122710414,6.100390725564745e-06,5.233640528644649,5.280020483602576,1.0,0.76,25,19
4885,8,IRF3,4885,-1.0,4.433992221287204,-0.4323119268448584,2.0584681825812415e-24,8.968785855782867,10.952622873727629,1.0,0.76,25,19
4877,8,IRF3,4877,-1.0,4.433992221287204,0.43836424015072323,3.9578063227787907e-25,-5.162563982569986,5.387895215546562,1.0,0.76,25,19
4891,8,IRF3,4891,-1.0,4.433992221287204,-0.5153422485105654,1.3240073702654896e-35,9.870272837891752,13.037182369923316,1.0,0.76,25,19
4890,8,IRF3,4890,-1.0,4.433992221287204,0.7113655464925376,4.5844482783146656e-79,-7.215574830585494,8.82147352636756,1.0,0.76,25,19
4875,8,IRF3,4875,-1.0,4.433992221287204,0.5190168706311626,3.5653774172825504e-36,-8.677856988637059,11.707538324448771,1.0,0.76,25,19
4889,8,IRF3,4889,-1.0,4.433992221287204,-0.6017027168555367,4.7266534640672555e-51,11.725535233353535,17.045332288061033,1.0,0.76,25,19
4888,8,IRF3,4888,-1.0,4.433992221287204,-0.25592922646301897,5.39554703115967e-09,2.4486705807808162,1.727959854682562,1.0,0.76,25,19
4873,8,IRF3,4873,-1.0,4.433992221287204,-0.3971938808787712,1.5638487153355652e-20,8.022475122885426,9.438339990392162,1.0,0.76,25,19
4883,8,IRF3,4883,-1.0,4.433992221287204,-0.32178208504080225,1.2511227075920846e-13,7.986996125603547,9.267785556684204,1.0,0.76,25,19
4882,8,IRF3,4882,-1.0,4.433992221287204,-0.22655703458544615,2.665579244811373e-07,8.517355406466553,11.032395531051678,1.0,0.76,25,19
4878,8,IRF3,4878,-1.0,4.433992221287204,-0.4217014869188783,3.4246006276470464e-23,9.853999377823492,12.334542140927852,1.0,0.76,25,19
4884,8,IRF3,4884,-1.0,4.433992221287204,-0.4664508686893535,1.2015481265282764e-28,10.220848140311466,13.078268580061472,1.0,0.76,25,19
4892,8,IRF3,4892,-1.0,4.433992221287204,0.5438161207425092,3.3032642209409613e-40,-3.3314183950831042,2.7587428596045576,1.0,0.76,25,19
4879,8,IRF3,4879,-1.0,4.433992221287204,-0.5671755995475325,2.5114306889079623e-44,8.38995015370825,10.208496546510668,1.0,0.76,25,19
1912,8,SOX12,1912,-1.0,5.455724250543974,0.38911235844081304,1.0565701031996571e-19,-10.422911195438076,15.246223889490809,0.7894736842105263,0.6,25,19
1924,8,SOX12,1924,-1.0,5.455724250543974,-0.24366517397081328,2.9239511927285863e-08,9.716569162602067,12.372124493864282,0.7894736842105263,0.6,25,19
1926,8,SOX12,1926,-1.0,5.455724250543974,-0.41822318877850523,8.424891796778403e-23,3.8943861515102665,3.531050515430752,0.7894736842105263,0.6,25,19
1916,8,SOX12,1916,-1.0,5.455724250543974,0.261975483262612,2.268881441000156e-09,-8.741777327067224,12.055885722931539,0.7894736842105263,0.6,25,19
1925,8,SOX12,1925,-1.0,5.455724250543974,-0.3876791095258595,1.4745796967562015e-19,8.134611486710453,10.126964618530538,0.7894736842105263,0.6,25,19
1922,8,SOX12,1922,-1.0,5.455724250543974,-0.4213334376915953,3.768719139376248e-23,3.138017380981391,2.5768238438030666,0.7894736842105263,0.6,25,19
1923,8,SOX12,1923,-1.0,5.455724250543974,-0.4188471021015146,7.174184129785225e-23,3.615271040321312,3.096675507780959,0.7894736842105263,0.6,25,19
1911,8,SOX12,1911,-1.0,5.455724250543974,-0.41530767983630673,1.777330068453193e-22,5.825483169169118,6.945569642826114,0.7894736842105263,0.6,25,19
1920,8,SOX12,1920,-1.0,5.455724250543974,-0.23031691367894558,1.6639931162694853e-07,2.4219153401378932,1.7109186449328901,0.7894736842105263,0.6,25,19
1913,8,SOX12,1913,-1.0,5.455724250543974,-0.2453904396650846,2.3177322252115545e-08,2.0677312796297205,1.3468559741863355,0.7894736842105263,0.6,25,19
1934,8,SOX12,1934,-1.0,5.455724250543974,-0.041015033180336676,0.35767661130699313,3.5460473165911877,3.0769985784059353,0.7894736842105263,0.6,25,19
1910,8,SOX12,1910,-1.0,5.455724250543974,-0.18641236794486904,2.4897798872570207e-05,14.595139222866909,21.342601025262685,0.7894736842105263,0.6,25,19
1918,8,SOX12,1918,-1.0,5.455724250543974,0.331585798331386,2.0020214113522782e-14,-4.559988984850893,4.477187236518948,0.7894736842105263,0.6,25,19
1927,8,SOX12,1927,-1.0,5.455724250543974,-0.29633665229877026,1.0750911247015585e-11,8.323473059070711,10.2494188557619,0.7894736842105263,0.6,25,19
1932,8,SOX12,1932,-1.0,5.455724250543974,-0.12639928589132207,0.004443234617012936,9.878815281964748,13.27948430092689,0.7894736842105263,0.6,25,19
3664,8,MEF2A,3664,1.0,20.599234342246096,0.6708796656063123,2.562555330371882e-67,7.632982671460492,9.32717543430649,0.95,0.76,25,20
3647,8,MEF2A,3647,1.0,20.599234342246096,0.6691716376606606,7.301919865607646e-67,14.575951594219415,21.31381621466057,0.95,0.76,25,20
3665,8,MEF2A,3665,1.0,20.599234342246096,0.6401411259138338,1.4233558021848656e-59,2.1699929590604965,1.4636412535339152,0.95,0.76,25,20
3654,8,MEF2A,3654,1.0,20.599234342246096,-0.6071955021589117,3.371391205978186e-52,-5.165447728134151,5.419036818508024,0.95,0.76,25,20
3666,8,MEF2A,3666,1.0,20.599234342246096,0.4378345287944944,4.578308977973292e-25,9.768505031144095,12.279053733431233,0.95,0.76,25,20
3660,8,MEF2A,3660,1.0,20.599234342246096,-0.5349822870485808,9.864091520006037e-39,-8.189460461037287,10.02143072259137,0.95,0.76,25,20
3669,8,MEF2A,3669,1.0,20.599234342246096,0.3688155150918819,1.0206818253778089e-17,3.3123343411274946,2.716070811880748,0.95,0.76,25,20
3658,8,MEF2A,3658,1.0,20.599234342246096,-0.5445827812594926,2.44821599192883e-40,-9.65590364178446,12.600378757736047,0.95,0.76,25,20
3649,8,MEF2A,3649,1.0,20.599234342246096,-0.6617921108881075,6.22112957739625e-65,-10.501339166101252,15.49548347907516,0.95,0.76,25,20
3648,8,MEF2A,3648,1.0,20.599234342246096,0.782624349391461,1.2791835907130652e-105,5.400514643651494,6.174063062825428,0.95,0.76,25,20
3667,8,MEF2A,3667,1.0,20.599234342246096,0.2383418776660275,5.92291685593877e-08,6.872443833331885,7.81377768989314,0.95,0.76,25,20
3655,8,MEF2A,3655,1.0,20.599234342246096,-0.5718569061875132,3.4228764622363445e-45,-8.024795490780885,10.689552500048965,0.95,0.76,25,20
3671,8,MEF2A,3671,1.0,20.599234342246096,0.22037110543352476,5.686547359890963e-07,3.886605969791707,3.440783661068433,0.95,0.76,25,20
3663,8,MEF2A,3663,1.0,20.599234342246096,0.5699776188799005,7.647512803977714e-45,10.64317319417619,14.043608514109827,0.95,0.76,25,20
3668,8,MEF2A,3668,1.0,20.599234342246096,0.2586343416950391,3.6719501495165435e-09,8.980731390091709,11.200630184640813,0.95,0.76,25,20
3651,8,MEF2A,3651,1.0,20.599234342246096,0.3502086233468068,5.118374010972983e-16,8.987717695749776,10.944925823672962,0.95,0.76,25,20
3657,8,MEF2A,3657,1.0,20.599234342246096,0.5906210807416147,8.348933823022556e-49,2.032651673959446,1.319478788451396,0.95,0.76,25,20
3656,8,MEF2A,3656,1.0,20.599234342246096,0.4051276245636987,2.2760208752838617e-21,10.616271553594235,13.657141555646284,0.95,0.76,25,20
3659,8,MEF2A,3659,1.0,20.599234342246096,0.545774701693772,1.5343608193073883e-40,2.230365395124269,1.504204449148686,0.95,0.76,25,20
1392,8,KLF16,1392,-1.0,15.461399338922318,0.22956702502548396,1.8291407863937066e-07,-2.3915206096292616,1.6719023701581266,0.9565217391304348,0.88,25,23
1388,8,KLF16,1388,-1.0,15.461399338922318,0.37277842691101415,4.2875078597275276e-18,-2.2767513296049677,1.5587005309783386,0.9565217391304348,0.88,25,23
1373,8,KLF16,1373,-1.0,15.461399338922318,-0.29975205595093674,6.062076918710814e-12,4.297634024691431,4.370399601318451,0.9565217391304348,0.88,25,23
1382,8,KLF16,1382,-1.0,15.461399338922318,0.2444368660468532,2.635904756942215e-08,-2.454670453722043,1.743266312574794,0.9565217391304348,0.88,25,23
1383,8,KLF16,1383,-1.0,15.461399338922318,-0.3564189648778543,1.425693042854898e-16,8.227240594055294,10.555886950982625,0.9565217391304348,0.88,25,23
1394,8,KLF16,1394,-1.0,15.461399338922318,0.3661157109499771,1.830405439921638e-17,-5.009798856758318,5.126908456042635,0.9565217391304348,0.88,25,23
1376,8,KLF16,1376,-1.0,15.461399338922318,0.45230100649816546,7.81220851290345e-27,-8.267905650367718,11.12851296803192,0.9565217391304348,0.88,25,23
1381,8,KLF16,1381,-1.0,15.461399338922318,0.4140144759817597,2.4692156676655523e-22,-4.407809636195237,4.294943739577575,0.9565217391304348,0.88,25,23
1386,8,KLF16,1386,-1.0,15.461399338922318,-0.20701874535279616,2.7113355004508017e-06,9.885517026582598,12.755755601926932,0.9565217391304348,0.88,25,23
1395,8,KLF16,1395,-1.0,15.461399338922318,0.578511795278907,1.9045786915693933e-46,-7.571295947373788,9.01784979194253,0.9565217391304348,0.88,25,23
1377,8,KLF16,1377,-1.0,15.461399338922318,0.5394002754312699,1.8271709290977836e-39,-9.829866733642865,12.749465193066461,0.9565217391304348,0.88,25,23
1374,8,KLF16,1374,-1.0,15.461399338922318,-0.31200120012001203,7.292993971412111e-13,8.34310549956929,9.974600381740528,0.9565217391304348,0.88,25,23
1372,8,KLF16,1372,-1.0,15.461399338922318,0.530809633758407,4.740342499923517e-38,-10.564175495382688,15.231439335352373,0.9565217391304348,0.88,25,23
1380,8,KLF16,1380,-1.0,15.461399338922318,0.4311929640168987,2.782043631839243e-24,-4.977608161823631,5.199983497380417,0.9565217391304348,0.88,25,23
1371,8,KLF16,1371,-1.0,15.461399338922318,-0.4152456239412762,1.805652850532151e-22,14.894508591588353,22.038890610577056,0.9565217391304348,0.88,25,23
1393,8,KLF16,1393,-1.0,15.461399338922318,0.40562891692896,2.0115465325513857e-21,-3.470937980734875,2.9990731341444534,0.9565217391304348,0.88,25,23
1391,8,KLF16,1391,-1.0,15.461399338922318,-0.2801916837646498,1.4575396380744784e-10,8.502283156155903,10.525914358424618,0.9565217391304348,0.88,25,23
1389,8,KLF16,1389,-1.0,15.461399338922318,0.4500700691187133,1.4824116806666497e-26,-4.503043508033435,4.329682035458732,0.9565217391304348,0.88,25,23
1379,8,KLF16,1379,-1.0,15.461399338922318,0.39760749366862164,1.4161612629529842e-20,-10.003021875906496,14.151398475654245,0.9565217391304348,0.88,25,23
1390,8,KLF16,1390,-1.0,15.461399338922318,-0.21242496920499507,1.4579831866475176e-06,2.7943776723643197,2.1053149329098035,0.9565217391304348,0.88,25,23
1375,8,KLF16,1375,-1.0,15.461399338922318,0.36435801965289705,2.6693507977593136e-17,-7.969826757779486,9.719297754312736,0.9565217391304348,0.88,25,23
1385,8,KLF16,1385,-1.0,15.461399338922318,0.30147778753030585,4.525238200996642e-12,-6.258278617418214,6.773013040070711,0.9565217391304348,0.88,25,23
4382,8,CLOCK,4382,1.0,21.306105379853463,0.8773972117708667,1.4611704180151713e-162,13.79294961344205,19.58434601945719,1.0,1.0,2,2
4383,8,CLOCK,4383,1.0,21.306105379853463,0.3473881549645649,9.061711901494448e-16,5.643376812018038,6.305946293063063,1.0,1.0,2,2
4518,8,MEIS3,4518,-1.0,1.683996561595304,-0.26923220272337794,7.789883751495648e-10,5.796029461984813,6.09701006008024,0.8888888888888888,0.6666666666666666,24,18
4531,8,MEIS3,4531,-1.0,1.683996561595304,-0.35448936197967623,2.127232489176317e-16,5.305012539393853,5.4380495309275725,0.8888888888888888,0.6666666666666666,24,18
4528,8,MEIS3,4528,-1.0,1.683996561595304,0.2302213140568716,1.6842184113665707e-07,-2.152302555230226,1.442475783399082,0.8888888888888888,0.6666666666666666,24,18
4513,8,MEIS3,4513,-1.0,1.683996561595304,-0.27061420427757066,6.331727024094243e-10,2.597251237378124,1.8799925221007514,0.8888888888888888,0.6666666666666666,24,18
4514,8,MEIS3,4514,-1.0,1.683996561595304,0.32062296291740977,1.547033874281951e-13,-8.27000076071751,10.80594229707934,0.8888888888888888,0.6666666666666666,24,18
4515,8,MEIS3,4515,-1.0,1.683996561595304,0.2311662222122834,1.4943001843306708e-07,-2.218241477043666,1.5221963194171937,0.8888888888888888,0.6666666666666666,24,18
4521,8,MEIS3,4521,-1.0,1.683996561595304,-0.5137229250875399,2.348475283287731e-35,8.59478805610915,10.104218522737344,0.8888888888888888,0.6666666666666666,24,18
4517,8,MEIS3,4517,-1.0,1.683996561595304,-0.3187807600635841,2.1638018724457821e-13,7.975246674260945,9.477963496637672,0.8888888888888888,0.6666666666666666,24,18
4509,8,MEIS3,4509,-1.0,1.683996561595304,-0.3217299990868652,1.2631400512219473e-13,14.459560652324143,20.991197366866704,0.8888888888888888,0.6666666666666666,24,18
4520,8,MEIS3,4520,-1.0,1.683996561595304,-0.42919860309012275,4.745939053330188e-24,8.455025905616955,10.142933084415436,0.8888888888888888,0.6666666666666666,24,18
4526,8,MEIS3,4526,-1.0,1.683996561595304,-0.263897166114127,1.7148365688016916e-09,7.563972797447244,9.348406751644125,0.8888888888888888,0.6666666666666666,24,18
4512,8,MEIS3,4512,-1.0,1.683996561595304,0.3188029361942406,2.1551093685605905e-13,-3.4693024284328122,3.019176392323026,0.8888888888888888,0.6666666666666666,24,18
4519,8,MEIS3,4519,-1.0,1.683996561595304,0.33178743340172534,1.926627044077956e-14,-7.887251263340538,10.645827477020907,0.8888888888888888,0.6666666666666666,24,18
4511,8,MEIS3,4511,-1.0,1.683996561595304,-0.5639629490899402,9.681732330054395e-44,9.194261908268206,11.227561179917906,0.8888888888888888,0.6666666666666666,24,18
4525,8,MEIS3,4525,-1.0,1.683996561595304,0.37689880789321173,1.7179482061089167e-18,-6.256552963534456,7.066083650817058,0.8888888888888888,0.6666666666666666,24,18
4524,8,MEIS3,4524,-1.0,1.683996561595304,0.4032173093085707,3.637293189634698e-21,-6.844755183282969,7.967278282485479,0.8888888888888888,0.6666666666666666,24,18
8087,8,HOXB3,8087,1.0,1.6193120175592088,0.19211964674728343,1.3787731902297168e-05,6.480559021449411,7.13849380401008,0.75,0.48,25,16
8080,8,HOXB3,8080,1.0,1.6193120175592088,0.34772769202386083,8.462098666231055e-16,3.542745644223702,3.0269713711895196,0.75,0.48,25,16
8073,8,HOXB3,8073,1.0,1.6193120175592088,0.2996162970334301,6.202614992135271e-12,4.495481184287645,4.283173638773419,0.75,0.48,25,16
8084,8,HOXB3,8084,1.0,1.6193120175592088,0.4312238987873943,2.7590136630443824e-24,4.09082954443661,3.7936532922529715,0.75,0.48,25,16
8071,8,HOXB3,8071,1.0,1.6193120175592088,0.34238464219092724,2.4613768189707333e-15,7.732214475101612,9.273714577388393,0.75,0.48,25,16
8065,8,HOXB3,8065,1.0,1.6193120175592088,0.4918168214336962,4.0741013781223264e-32,2.045059171560112,1.3254733017883953,0.75,0.48,25,16
8072,8,HOXB3,8072,1.0,1.6193120175592088,0.39591940560515687,2.121113759363475e-20,2.158755244498314,1.435521036068442,0.75,0.48,25,16
8064,8,HOXB3,8064,1.0,1.6193120175592088,0.5068599717114569,2.5760364426557615e-34,5.847903269814992,6.989822389136013,0.75,0.48,25,16
8077,8,HOXB3,8077,1.0,1.6193120175592088,0.4385622413172995,3.747861045608367e-25,8.451726114131041,10.927934342555584,0.75,0.48,25,16
8078,8,HOXB3,8078,1.0,1.6193120175592088,0.37614071966202833,2.0347665884603635e-18,10.213096629497901,13.004950390565647,0.75,0.48,25,16
8083,8,HOXB3,8083,1.0,1.6193120175592088,0.43670568920246067,6.239132548509437e-25,4.9048131262637105,5.256539858944191,0.75,0.48,25,16
8070,8,HOXB3,8070,1.0,1.6193120175592088,0.3076708913127338,1.5594207682104675e-12,2.5802722098609876,1.8895496874518516,0.75,0.48,25,16
2191,8,ATF7,2191,1.0,21.188187320781594,-0.44898716579732517,2.0196076344120042e-26,-6.891949697511214,7.954103720397363,1.0,1.0,8,8
2188,8,ATF7,2188,1.0,21.188187320781594,0.2009041897978618,5.363438172357573e-06,2.9628785387254912,2.41836956963391,1.0,1.0,8,8
2193,8,ATF7,2193,1.0,21.188187320781594,-0.17754787901150365,6.0226065138683004e-05,-3.1097639913983537,2.5066852535844513,1.0,1.0,8,8
2192,8,ATF7,2192,1.0,21.188187320781594,0.5944098447111793,1.4560231701305737e-49,7.37379915030929,8.59510277598854,1.0,1.0,8,8
2189,8,ATF7,2189,1.0,21.188187320781594,-0.5639544699811596,9.716084951738844e-44,-9.360196521390762,11.904400226325965,1.0,1.0,8,8
2186,8,ATF7,2186,1.0,21.188187320781594,0.7470474997810341,3.0258788221804795e-91,14.014335888582137,20.05148439670851,1.0,1.0,8,8
2187,8,ATF7,2187,1.0,21.188187320781594,-0.6438419307769288,1.8531883522522151e-60,-11.083072821308605,15.829891915277607,1.0,1.0,8,8
2190,8,ATF7,2190,1.0,21.188187320781594,0.5811637996097747,5.91250447769623e-47,8.817715070374225,10.827753251100212,1.0,1.0,8,8
5585,8,NKX6-2,5585,-1.0,14.73146272713386,-0.6931794421678193,1.5115110021174664e-73,11.233783958491687,15.984897698067307,1.0,0.92,25,23
5591,8,NKX6-2,5591,-1.0,14.73146272713386,0.23031020493353688,1.6654047625877017e-07,-4.095548371450161,3.821951658011017,1.0,0.92,25,23
5582,8,NKX6-2,5582,-1.0,14.73146272713386,-0.4581980868894343,1.4042963845049184e-27,5.879654641699242,6.191040123962715,1.0,0.92,25,23
5590,8,NKX6-2,5590,-1.0,14.73146272713386,-0.3872071679217612,1.6450641801319544e-19,2.9045617088008124,2.2372107697745904,1.0,0.92,25,23
5586,8,NKX6-2,5586,-1.0,14.73146272713386,-0.5718203807958436,3.4769484673444306e-45,8.021501200639792,9.469649647635055,1.0,0.92,25,23
5576,8,NKX6-2,5576,-1.0,14.73146272713386,0.5876938314949509,3.1681184026594593e-48,-7.06207262884466,8.629916205730895,1.0,0.92,25,23
5572,8,NKX6-2,5572,-1.0,14.73146272713386,-0.5793107882216795,1.3403866301716126e-46,9.89838801893292,12.767698647163106,1.0,0.92,25,23
5581,8,NKX6-2,5581,-1.0,14.73146272713386,-0.6334953681703576,5.164912036980067e-58,8.46430555327392,10.612824596703156,1.0,0.92,25,23
5573,8,NKX6-2,5573,-1.0,14.73146272713386,-0.5201462692853136,2.374547684154596e-36,10.189970301222036,12.869698234236203,1.0,0.92,25,23
5578,8,NKX6-2,5578,-1.0,14.73146272713386,-0.5839695460229254,1.6951150965013676e-47,8.841957231121006,10.888500899079988,1.0,0.92,25,23
5587,8,NKX6-2,5587,-1.0,14.73146272713386,-0.3631029251993523,3.489743432996436e-17,7.211827218500501,8.18456119004184,1.0,0.92,25,23
5574,8,NKX6-2,5574,-1.0,14.73146272713386,0.6259893070052348,2.688297389774841e-56,-5.53104854764493,5.942748647532278,1.0,0.92,25,23
5580,8,NKX6-2,5580,-1.0,14.73146272713386,-0.5267576447085703,2.132191464301651e-37,7.641725136033694,8.757641597254525,1.0,0.92,25,23
5568,8,NKX6-2,5568,-1.0,14.73146272713386,-0.23273550957580233,1.2236269700588593e-07,6.021159725815868,7.262455549763203,1.0,0.92,25,23
5575,8,NKX6-2,5575,-1.0,14.73146272713386,-0.1580423880897407,0.00036359223958833527,2.1607249757694813,1.4424235712728237,1.0,0.92,25,23
5570,8,NKX6-2,5570,-1.0,14.73146272713386,-0.5390181564740325,2.1161372521922014e-39,8.008584227529273,9.412160018958033,1.0,0.92,25,23
5567,8,NKX6-2,5567,-1.0,14.73146272713386,-0.7862380337412623,3.1268225559461974e-107,14.69291153026767,21.482796343968456,1.0,0.92,25,23
5583,8,NKX6-2,5583,-1.0,14.73146272713386,-0.32110496763962115,1.4164721855200169e-13,3.2795294575249194,2.675587291124127,1.0,0.92,25,23
5569,8,NKX6-2,5569,-1.0,14.73146272713386,0.7490058012012383,5.665007797447821e-92,-10.56042503505926,15.544602370405817,1.0,0.92,25,23
5589,8,NKX6-2,5589,-1.0,14.73146272713386,-0.36397170772977927,2.899238179675362e-17,4.381419413796167,4.1747730705446475,1.0,0.92,25,23
5571,8,NKX6-2,5571,-1.0,14.73146272713386,-0.2598386546729208,3.0893731976226625e-09,2.670791008344747,1.9590775040668469,1.0,0.92,25,23
5579,8,NKX6-2,5579,-1.0,14.73146272713386,-0.2470709803899645,1.84518195878225e-08,2.9461217694655906,2.282596723461162,1.0,0.92,25,23
5577,8,NKX6-2,5577,-1.0,14.73146272713386,0.6225117542810183,1.6177149230785706e-55,-7.827707743507159,9.45710506458166,1.0,0.92,25,23
6433,8,THRA,6433,1.0,1.3846415144319202,0.30757156460987717,1.5866113656463715e-12,9.08296147968828,11.317483933251824,0.6363636363636364,0.3888888888888889,18,11
6428,8,THRA,6428,1.0,1.3846415144319202,0.5714667740065933,4.04626107051471e-45,5.115009945516995,5.737288183437879,0.6363636363636364,0.3888888888888889,18,11
6439,8,THRA,6439,1.0,1.3846415144319202,0.33981249056582685,4.085484911252245e-15,5.030665706173108,5.284684745577231,0.6363636363636364,0.3888888888888889,18,11
6438,8,THRA,6438,1.0,1.3846415144319202,0.24165376164945693,3.825193176579766e-08,6.775935229105623,7.717226581981036,0.6363636363636364,0.3888888888888889,18,11
6440,8,THRA,6440,1.0,1.3846415144319202,0.06588211616192677,0.1392862499071419,8.559328935314042,11.040544985656595,0.6363636363636364,0.3888888888888889,18,11
6436,8,THRA,6436,1.0,1.3846415144319202,0.4748516155963423,9.17514141101689e-30,3.255684171779713,2.6909906144389995,0.6363636363636364,0.3888888888888889,18,11
6443,8,THRA,6443,1.0,1.3846415144319202,0.3755000344754973,2.3468500709942497e-18,2.4458746484708964,1.731454546481541,0.6363636363636364,0.3888888888888889,18,11
4188,8,PGR,4188,1.0,6.49480445143087,0.5691783464060692,1.0747997323999341e-44,2.3790059725023998,1.6555955198193895,0.8333333333333334,0.6,25,18
4206,8,PGR,4206,1.0,6.49480445143087,0.7770114589098662,3.548975128842497e-103,5.1538119199635615,5.407092605551516,0.8333333333333334,0.6,25,18
4203,8,PGR,4203,1.0,6.49480445143087,0.1391938883329327,0.001715502628337866,11.096180201722019,15.271447480321449,0.8333333333333334,0.6,25,18
4185,8,PGR,4185,1.0,6.49480445143087,0.4219398337349264,3.218496997516152e-23,14.392865192826065,20.883532801522744,0.8333333333333334,0.6,25,18
4195,8,PGR,4195,1.0,6.49480445143087,0.5267874613548312,2.108885952594684e-37,2.4674545637979146,1.7466029695872924,0.8333333333333334,0.6,25,18
4193,8,PGR,4193,1.0,6.49480445143087,0.4269674793566314,8.590058247207826e-24,11.250282249211567,15.369750901841657,0.8333333333333334,0.6,25,18
4196,8,PGR,4196,1.0,6.49480445143087,0.140231507622812,0.0015824328195667516,8.341866372527823,9.80922596374832,0.8333333333333334,0.6,25,18
4198,8,PGR,4198,1.0,6.49480445143087,0.280353904955713,1.421024679943553e-10,10.7819759345851,13.82866876845852,0.8333333333333334,0.6,25,18
4187,8,PGR,4187,1.0,6.49480445143087,-0.5396662958221289,1.649452462256852e-39,-10.934725941877995,16.165379186893368,0.8333333333333334,0.6,25,18
4199,8,PGR,4199,1.0,6.49480445143087,0.36845203153855766,1.1045378965709807e-17,9.598330802892459,11.758827649374219,0.8333333333333334,0.6,25,18
4208,8,PGR,4208,1.0,6.49480445143087,0.39668094138606413,1.768229184675956e-20,4.099608167284994,3.808525623448686,0.8333333333333334,0.6,25,18
4192,8,PGR,4192,1.0,6.49480445143087,-0.5389711020791521,2.1547168765357905e-39,-4.533797877910148,4.40040941310539,0.8333333333333334,0.6,25,18
4205,8,PGR,4205,1.0,6.49480445143087,0.47477362643096616,9.399974325179943e-30,3.0665470226165366,2.427164588871632,0.8333333333333334,0.6,25,18
4186,8,PGR,4186,1.0,6.49480445143087,0.9204109851978988,2.6607370582576398e-207,5.707489067197655,6.729577788887855,0.8333333333333334,0.6,25,18
4209,8,PGR,4209,1.0,6.49480445143087,0.7228175612592317,9.138751825204006e-83,3.9320173102971254,3.531264610518522,0.8333333333333334,0.6,25,18
349,8,EHF,349,1.0,21.343708608324896,0.5559296923481168,2.6522046956097912e-42,5.9887192615003,6.421193443556354,1.0,0.96,25,24
351,8,EHF,351,1.0,21.343708608324896,0.6700057583398092,4.382594568427148e-67,8.568653692438602,10.39670377544564,1.0,0.96,25,24
355,8,EHF,355,1.0,21.343708608324896,0.24362119441757843,2.9412533623233634e-08,2.20642111856695,1.4895531032853289,1.0,0.96,25,24
354,8,EHF,354,1.0,21.343708608324896,0.6459748459317983,5.649973446815899e-61,8.39052753476725,10.270634551071549,1.0,0.96,25,24
364,8,EHF,364,1.0,21.343708608324896,0.6772928535089535,4.716838004296518e-69,7.150152684499059,8.421465883328397,1.0,0.96,25,24
350,8,EHF,350,1.0,21.343708608324896,-0.3256649578001279,6.102952507130493e-14,-4.8447633283024985,5.269778623562456,1.0,0.96,25,24
345,8,EHF,345,1.0,21.343708608324896,-0.6482700754547506,1.5569892005610387e-61,-8.434920112736048,11.103493859554222,1.0,0.96,25,24
356,8,EHF,356,1.0,21.343708608324896,0.3323856298673346,1.7189637216910293e-14,2.9269692429091556,2.2688411897307343,1.0,0.96,25,24
340,8,EHF,340,1.0,21.343708608324896,0.8695425753755501,3.1132844879130454e-156,14.474118064031337,21.17128352221159,1.0,0.96,25,24
344,8,EHF,344,1.0,21.343708608324896,-0.6456198414872544,6.88961549602826e-61,-4.84070314541798,4.9281882335656855,1.0,0.96,25,24
347,8,EHF,347,1.0,21.343708608324896,0.7326810010193567,4.178485899170975e-86,8.971159399689105,11.642238559122667,1.0,0.96,25,24
352,8,EHF,352,1.0,21.343708608324896,0.4554993076947447,3.092806374061804e-27,6.265081341913066,7.375826733414462,1.0,0.96,25,24
358,8,EHF,358,1.0,21.343708608324896,0.7418268845518093,2.445191969500742e-89,9.712190936857365,12.983335382345706,1.0,0.96,25,24
363,8,EHF,363,1.0,21.343708608324896,0.47983490895673425,1.9282729184035347e-30,5.9695765194253125,6.4413157580361124,1.0,0.96,25,24
341,8,EHF,341,1.0,21.343708608324896,-0.7390105159584283,2.5018997264297216e-88,-10.342726614292545,15.306207183109708,1.0,0.96,25,24
360,8,EHF,360,1.0,21.343708608324896,0.6203519109674944,4.876013092562254e-55,9.799343368305793,13.533924707237903,1.0,0.96,25,24
359,8,EHF,359,1.0,21.343708608324896,-0.3892022742646936,1.0346473997254299e-19,-3.256128752315236,2.693065495869957,1.0,0.96,25,24
353,8,EHF,353,1.0,21.343708608324896,0.34478972741994707,1.5259918029003669e-15,3.841462432937006,3.388213464948066,1.0,0.96,25,24
343,8,EHF,343,1.0,21.343708608324896,0.544121368658605,2.9321511567182133e-40,8.747398052019241,10.581495756704761,1.0,0.96,25,24
342,8,EHF,342,1.0,21.343708608324896,0.24917948316570795,1.3828385460254058e-08,6.233201612765327,7.729171601460403,1.0,0.96,25,24
357,8,EHF,357,1.0,21.343708608324896,-0.3916435121773048,5.841040463903045e-20,-2.1359432542433425,1.4176848086605032,1.0,0.96,25,24
348,8,EHF,348,1.0,21.343708608324896,0.572014282173559,3.199279709275896e-45,9.678956592098634,11.913848483727802,1.0,0.96,25,24
362,8,EHF,362,1.0,21.343708608324896,0.6191094885886106,9.162360549829963e-55,5.880714686128708,6.300620982678403,1.0,0.96,25,24
346,8,EHF,346,1.0,21.343708608324896,-0.609881050216823,9.098081441393058e-53,-9.165231704113975,11.62620516049899,1.0,0.96,25,24
4331,8,HIC1,4331,1.0,5.818388916308109,0.5311606315911096,4.1574474909802904e-38,5.194783466832513,5.8687070273315465,0.0625,0.04,25,16
4817,8,INSM1,4817,1.0,9.26075535873196,0.2551650123240608,6.0104518079584575e-09,14.337810316193707,20.694957561640177,0.5,0.2,5,2
5597,8,ZNF75A,5597,1.0,3.287005824592326,0.37493743163136195,2.6594396409038395e-18,6.118983030320541,6.747717539346533,0.8181818181818182,0.6428571428571429,14,11
5605,8,ZNF75A,5605,1.0,3.287005824592326,0.3584409062024216,9.346359226974013e-17,5.897089851896653,6.606840568926615,0.8181818181818182,0.6428571428571429,14,11
5603,8,ZNF75A,5603,1.0,3.287005824592326,0.14169531860018303,0.0014107762650283644,8.03353585475335,9.708462101859492,0.8181818181818182,0.6428571428571429,14,11
5592,8,ZNF75A,5592,1.0,3.287005824592326,0.28523321276227004,6.57376409825606e-11,14.56332523109857,21.218430823312808,0.8181818181818182,0.6428571428571429,14,11
5595,8,ZNF75A,5595,1.0,3.287005824592326,-0.32920987750949016,3.1403901679654014e-14,-3.3435045414197893,2.843449136109505,0.8181818181818182,0.6428571428571429,14,11
5594,8,ZNF75A,5594,1.0,3.287005824592326,0.2849461343649894,6.881648232360146e-11,3.0158256405702475,2.3479386323211315,0.8181818181818182,0.6428571428571429,14,11
5596,8,ZNF75A,5596,1.0,3.287005824592326,0.24082728148591262,4.2687358806311586e-08,9.049651995877857,11.547842183584804,0.8181818181818182,0.6428571428571429,14,11
5602,8,ZNF75A,5602,1.0,3.287005824592326,0.4322084071761214,2.116738873146851e-24,8.178871699115053,9.825907762881839,0.8181818181818182,0.6428571428571429,14,11
5599,8,ZNF75A,5599,1.0,3.287005824592326,0.26109570584387637,2.5772235532207127e-09,7.996817155629194,9.434282942857402,0.8181818181818182,0.6428571428571429,14,11
8367,8,HOXC4,8367,1.0,1.8833521351060138,0.18629421948406025,2.5199614146059204e-05,7.255554816907607,8.533399392015857,0.8571428571428571,0.46153846153846156,13,7
8365,8,HOXC4,8365,1.0,1.8833521351060138,0.33303824171237006,1.5174223185025798e-14,4.483698916944093,4.278161955117055,0.8571428571428571,0.46153846153846156,13,7
8366,8,HOXC4,8366,1.0,1.8833521351060138,0.23426305363455607,1.0059483931491771e-07,4.791880311137979,4.803332688200488,0.8571428571428571,0.46153846153846156,13,7
8369,8,HOXC4,8369,1.0,1.8833521351060138,0.1957273677678327,9.403714281107736e-06,7.967380120890368,9.899004774157072,0.8571428571428571,0.46153846153846156,13,7
8360,8,HOXC4,8360,1.0,1.8833521351060138,0.2653291105508067,1.38990577547739e-09,2.4688268200332244,1.7435637541791122,0.8571428571428571,0.46153846153846156,13,7
8362,8,HOXC4,8362,1.0,1.8833521351060138,0.20906780119005697,2.1473112817268897e-06,9.164325644774197,11.194147253772979,0.8571428571428571,0.46153846153846156,13,7
245,8,ESR1,245,1.0,6.78765640681129,0.44981765257271084,1.5933667244172295e-26,5.229162264813073,5.610853239472484,0.8125,0.5416666666666666,24,16
232,8,ESR1,232,1.0,6.78765640681129,0.6762979092940351,8.824900218609092e-69,5.310950370694669,6.064218458746319,0.8125,0.5416666666666666,24,16
249,8,ESR1,249,1.0,6.78765640681129,0.28561551807354657,6.184529751413946e-11,4.778625282770324,4.72147979956092,0.8125,0.5416666666666666,24,16
248,8,ESR1,248,1.0,6.78765640681129,-0.27250327517223777,4.760587605627299e-10,-2.7829506028971847,2.1299917694089863,0.8125,0.5416666666666666,24,16
246,8,ESR1,246,1.0,6.78765640681129,0.046013141686839495,0.3020716226050342,2.3995153686676542,1.6764957111527508,0.8125,0.5416666666666666,24,16
251,8,ESR1,251,1.0,6.78765640681129,0.45320109650716633,6.0249207507519546e-27,2.908257193804873,2.2503765243868754,0.8125,0.5416666666666666,24,16
244,8,ESR1,244,1.0,6.78765640681129,-0.06446927301425795,0.14798604807137106,-3.8903114408770376,3.5747777345217444,0.8125,0.5416666666666666,24,16
236,8,ESR1,236,1.0,6.78765640681129,-0.2751440982607578,3.183465599267552e-10,-9.285295374038139,12.086759879865829,0.8125,0.5416666666666666,24,16
239,8,ESR1,239,1.0,6.78765640681129,-0.34009211480154233,3.867396939218726e-15,-6.849941203741766,8.278295242610211,0.8125,0.5416666666666666,24,16
240,8,ESR1,240,1.0,6.78765640681129,-0.36601517294586605,1.870454060469508e-17,-8.432210216305352,10.528858409574944,0.8125,0.5416666666666666,24,16
243,8,ESR1,243,1.0,6.78765640681129,0.29117455223783256,2.519434871332185e-11,9.81278591248466,12.806207443920067,0.8125,0.5416666666666666,24,16
230,8,ESR1,230,1.0,6.78765640681129,0.34123092433466956,3.091288267806526e-15,14.75454030826519,21.828893412682188,0.8125,0.5416666666666666,24,16
231,8,ESR1,231,1.0,6.78765640681129,-0.3861396388086014,2.1056068401834864e-19,-10.656059754188698,15.551386126180345,0.8125,0.5416666666666666,24,16
7522,8,TBX19,7522,1.0,2.498850987867777,0.4890089319490956,1.0198764977807317e-31,3.594966492580857,3.136107640882269,0.6666666666666666,0.5,4,3
7520,8,TBX19,7520,1.0,2.498850987867777,0.535475659367179,8.18119809998362e-39,6.085154978870006,7.504393841891388,0.6666666666666666,0.5,4,3
5636,8,MEIS1,5636,1.0,6.5455934150083,0.908657542772911,6.377280065967989e-193,6.034972823780517,7.323926814385709,0.5333333333333333,0.36363636363636365,22,15
5646,8,MEIS1,5646,1.0,6.5455934150083,0.4843991852601411,4.516972369560959e-31,5.6769926784253935,6.080474041328104,0.5333333333333333,0.36363636363636365,22,15
5655,8,MEIS1,5655,1.0,6.5455934150083,0.2747797761142574,3.36605734508695e-10,4.890528885294451,4.803419749588035,0.5333333333333333,0.36363636363636365,22,15
5650,8,MEIS1,5650,1.0,6.5455934150083,0.2002292154681307,5.775627987290414e-06,6.801953867179478,7.662088110255083,0.5333333333333333,0.36363636363636365,22,15
5653,8,MEIS1,5653,1.0,6.5455934150083,0.4137560961065051,2.6364169678997917e-22,2.563400128057267,1.846790481354522,0.5333333333333333,0.36363636363636365,22,15
5643,8,MEIS1,5643,1.0,6.5455934150083,0.6310612117112333,1.8830414277145538e-57,7.7787763424822085,9.222065186455058,0.5333333333333333,0.36363636363636365,22,15
5642,8,MEIS1,5642,1.0,6.5455934150083,0.5910482973763217,6.864500495788822e-49,2.7218972354700246,2.0258718253698595,0.5333333333333333,0.36363636363636365,22,15
5637,8,MEIS1,5637,1.0,6.5455934150083,-0.313242970259759,5.851346696125799e-13,-10.879507770181394,16.043595279218216,0.5333333333333333,0.36363636363636365,22,15
3877,8,GLI2,3877,1.0,6.646329928552245,0.3453562436989041,1.362649687192008e-15,14.796667265427814,21.84221109081802,0.875,0.6363636363636364,11,8
3878,8,GLI2,3878,1.0,6.646329928552245,-0.4253338066725928,1.3226867103359328e-23,-10.091030539689912,14.740395148320257,0.875,0.6363636363636364,11,8
3879,8,GLI2,3879,1.0,6.646329928552245,0.8644025582682494,2.6056554773326086e-152,3.1808182749746297,2.695836414875617,0.875,0.6363636363636364,11,8
3881,8,GLI2,3881,1.0,6.646329928552245,-0.30737039542463573,1.6431095099965885e-12,-9.314517569665302,12.520943121537039,0.875,0.6363636363636364,11,8
3882,8,GLI2,3882,1.0,6.646329928552245,0.8075661603427425,1.9919573096700068e-117,3.3783011023914766,2.8648447985885532,0.875,0.6363636363636364,11,8
3884,8,GLI2,3884,1.0,6.646329928552245,0.617134788012963,2.4825218937263227e-54,2.199928864641817,1.4816597645239697,0.875,0.6363636363636364,11,8
3883,8,GLI2,3883,1.0,6.646329928552245,-0.39864175858579654,1.1043784208618505e-20,-8.099877771227646,10.259274518961806,0.875,0.6363636363636364,11,8
2336,8,REL,2336,1.0,21.188709577677507,0.6396052648743136,1.9076858474464565e-59,6.50918401352619,7.1518737577861105,1.0,0.7058823529411765,17,12
2331,8,REL,2331,1.0,21.188709577677507,0.42590936112244776,1.1363963638336e-23,8.786529954409366,10.752698399257094,1.0,0.7058823529411765,17,12
2334,8,REL,2334,1.0,21.188709577677507,0.6382792627088797,3.927939174708059e-59,5.8863103801902446,6.57063761537333,1.0,0.7058823529411765,17,12
2335,8,REL,2335,1.0,21.188709577677507,0.20252602900041564,4.484709964634101e-06,4.135134909726273,3.7568614191142364,1.0,0.7058823529411765,17,12
2340,8,REL,2340,1.0,21.188709577677507,-0.43648420742695393,6.628855212320952e-25,-5.628878356658112,6.047669540376204,1.0,0.7058823529411765,17,12
2339,8,REL,2339,1.0,21.188709577677507,-0.22667518304625497,2.6267250354596095e-07,-8.05470863960499,10.939401512587011,1.0,0.7058823529411765,17,12
2327,8,REL,2327,1.0,21.188709577677507,0.4521829512143762,8.082517696128728e-27,5.24074999750843,5.905279011468239,1.0,0.7058823529411765,17,12
2341,8,REL,2341,1.0,21.188709577677507,0.43895283938331725,3.3654394649466735e-25,5.027646292315705,4.963801474974527,1.0,0.7058823529411765,17,12
2326,8,REL,2326,1.0,21.188709577677507,-0.7126536256110084,1.7953959491923527e-79,-10.514882141690874,15.225868189847406,1.0,0.7058823529411765,17,12
2325,8,REL,2325,1.0,21.188709577677507,0.782580649369285,1.3373194432999146e-105,14.48783162567218,21.20166324426815,1.0,0.7058823529411765,17,12
2337,8,REL,2337,1.0,21.188709577677507,0.4877661368621335,1.526719682552859e-31,2.3572140496293623,1.6424385687769327,1.0,0.7058823529411765,17,12
2333,8,REL,2333,1.0,21.188709577677507,0.31341916800375696,5.670841374604533e-13,2.1231344213148358,1.3987656919701066,1.0,0.7058823529411765,17,12
6141,8,TFAP4,6141,1.0,3.442811057731762,-0.2692482291707432,7.771236253922898e-10,-2.223751331203533,1.530761451407825,0.5833333333333334,0.3888888888888889,18,12
6140,8,TFAP4,6140,1.0,3.442811057731762,0.366215410360912,1.7915242270120336e-17,2.5884344754388255,1.8700661916718109,0.5833333333333334,0.3888888888888889,18,12
6138,8,TFAP4,6138,1.0,3.442811057731762,0.2517807060209127,9.652750563873185e-09,8.378495948912315,10.0150638235696,0.5833333333333334,0.3888888888888889,18,12
6151,8,TFAP4,6151,1.0,3.442811057731762,0.1658304960930876,0.0001816257596903029,6.246401945400151,7.293078061177299,0.5833333333333334,0.3888888888888889,18,12
6139,8,TFAP4,6139,1.0,3.442811057731762,-0.26725377506694775,1.0459160561773648e-09,-3.6788533817987084,3.3511893099953585,0.5833333333333334,0.3888888888888889,18,12
6148,8,TFAP4,6148,1.0,3.442811057731762,-0.21686615866555603,8.651919626626807e-07,-2.1456254435232056,1.4299542044190312,0.5833333333333334,0.3888888888888889,18,12
6146,8,TFAP4,6146,1.0,3.442811057731762,0.23030237806389336,1.6670531424194007e-07,7.439908569449417,8.699866986657144,0.5833333333333334,0.3888888888888889,18,12
5155,8,IRF2,5155,1.0,21.367089016543495,0.5758161841028825,6.186453619477708e-46,2.3837917355403264,1.6633799479817275,1.0,0.76,25,19
5151,8,IRF2,5151,1.0,21.367089016543495,0.2513326177338231,1.0272335592541587e-08,7.140571886747419,8.259065469135395,1.0,0.76,25,19
5134,8,IRF2,5134,1.0,21.367089016543495,0.5460970010044484,1.3518135996991872e-40,14.409886032964572,20.961591712576386,1.0,0.76,25,19
5141,8,IRF2,5141,1.0,21.367089016543495,0.44601239627068295,4.695914068178865e-26,10.465954943229885,13.37611607380808,1.0,0.76,25,19
5146,8,IRF2,5146,1.0,21.367089016543495,0.49366470808571544,2.216897514762941e-32,10.217919718390457,13.076076542237717,1.0,0.76,25,19
5149,8,IRF2,5149,1.0,21.367089016543495,0.5097461298924925,9.471012877619247e-35,7.793584951425828,9.586854610944606,1.0,0.76,25,19
5156,8,IRF2,5156,1.0,21.367089016543495,0.5072911017809857,2.219739759197476e-34,8.396567321819449,11.249341863850642,1.0,0.76,25,19
5142,8,IRF2,5142,1.0,21.367089016543495,0.4215392657278151,3.5722736333407074e-23,2.4087524945356735,1.6855723899240296,1.0,0.76,25,19
5153,8,IRF2,5153,1.0,21.367089016543495,0.5310980166339616,4.2559540039783764e-38,7.426471861597484,8.434212159220905,1.0,0.76,25,19
5136,8,IRF2,5136,1.0,21.367089016543495,-0.44516867835851914,5.956617987443675e-26,-10.299483648253377,14.998984689239592,1.0,0.76,25,19
5144,8,IRF2,5144,1.0,21.367089016543495,-0.29972447555314546,6.090374043204203e-12,-5.058713854741795,5.216321577805768,1.0,0.76,25,19
5145,8,IRF2,5145,1.0,21.367089016543495,0.45096056189469885,1.1486075295013742e-26,11.096075431389819,14.976610617441558,1.0,0.76,25,19
5138,8,IRF2,5138,1.0,21.367089016543495,0.2989613557629055,6.926592313980317e-12,8.129092539195039,9.63621616145891,1.0,0.76,25,19
5154,8,IRF2,5154,1.0,21.367089016543495,0.3057233052497797,2.185986611233071e-12,2.514674423405336,1.803561276937212,1.0,0.76,25,19
5147,8,IRF2,5147,1.0,21.367089016543495,-0.42050350997832714,4.674927662648278e-23,-8.577565970098881,10.686770935450175,1.0,0.76,25,19
5139,8,IRF2,5139,1.0,21.367089016543495,-0.31659995192065793,3.20942981647491e-13,-8.175031119439135,10.766730690513176,1.0,0.76,25,19
5157,8,IRF2,5157,1.0,21.367089016543495,0.3239492893388718,8.391620515013185e-14,12.75287411597402,19.515399435210846,1.0,0.76,25,19
5135,8,IRF2,5135,1.0,21.367089016543495,0.47394658720530447,1.2146624240029819e-29,5.88053611929098,7.080076201367642,1.0,0.76,25,19
5158,8,IRF2,5158,1.0,21.367089016543495,0.23184417820664063,1.370943101979249e-07,6.982507917499443,8.029271596923332,1.0,0.76,25,19
7477,8,HOXB2,7477,-1.0,1.696956480080688,0.6920355078986161,3.256685817457948e-73,-4.506519950655374,4.745595246680694,0.42857142857142855,0.25,12,7
7478,8,HOXB2,7478,-1.0,1.696956480080688,-0.30060928453093766,5.243868643125233e-12,10.762867835356289,15.82476073261335,0.42857142857142855,0.25,12,7
7481,8,HOXB2,7481,-1.0,1.696956480080688,-0.35131193243547965,4.087024032612585e-16,8.108275832930264,9.89942243781779,0.42857142857142855,0.25,12,7
2152,8,CEBPA,2152,-1.0,12.546223882991358,-0.31785001481514613,2.56129194791579e-13,4.593585950066929,4.60056190053289,1.0,0.84,25,21
2155,8,CEBPA,2155,-1.0,12.546223882991358,-0.4672257287840586,9.505855390323774e-29,6.224220113432925,6.74033026936478,1.0,0.84,25,21
2148,8,CEBPA,2148,-1.0,12.546223882991358,-0.404037360257765,2.9753507256067086e-21,8.21563712767843,9.635801775572887,1.0,0.84,25,21
2139,8,CEBPA,2139,-1.0,12.546223882991358,-0.5935139476680589,2.205076371904263e-49,7.95316207991079,9.326475399985585,1.0,0.84,25,21
2146,8,CEBPA,2146,-1.0,12.546223882991358,-0.299387174742319,6.4470562667670605e-12,12.089367989216486,15.745601248338849,1.0,0.84,25,21
2144,8,CEBPA,2144,-1.0,12.546223882991358,0.36662538924699933,1.6400015741824565e-17,-5.008974107812013,5.194037301161352,1.0,0.84,25,21
2137,8,CEBPA,2137,-1.0,12.546223882991358,-0.25704949376925273,4.603101647688001e-09,5.791637261233761,6.847124167063525,1.0,0.84,25,21
2141,8,CEBPA,2141,-1.0,12.546223882991358,0.5466067724784902,1.1060789849202243e-40,-7.570229346700324,9.778742081208614,1.0,0.84,25,21
2159,8,CEBPA,2159,-1.0,12.546223882991358,-0.25340701772040564,7.694017204005301e-09,4.908238769897422,4.9952252514340225,1.0,0.84,25,21
2149,8,CEBPA,2149,-1.0,12.546223882991358,-0.3030370117757118,3.4688509463254867e-12,9.565463489096615,11.922755705411207,1.0,0.84,25,21
2157,8,CEBPA,2157,-1.0,12.546223882991358,-0.36040526412889745,6.183338185479269e-17,8.403342123041352,11.591278478836829,1.0,0.84,25,21
2147,8,CEBPA,2147,-1.0,12.546223882991358,-0.2317818427805514,1.381862119887899e-07,7.575246928822619,9.085413769950225,1.0,0.84,25,21
2150,8,CEBPA,2150,-1.0,12.546223882991358,-0.2334527862724161,1.1162842385294488e-07,2.981305305030516,2.3854098469171974,1.0,0.84,25,21
2145,8,CEBPA,2145,-1.0,12.546223882991358,-0.5003447549723917,2.3812424289641274e-33,6.870783671720559,7.798941251659417,1.0,0.84,25,21
2160,8,CEBPA,2160,-1.0,12.546223882991358,-0.2971695616766646,9.355527305199672e-12,6.500578565152436,7.465482365899868,1.0,0.84,25,21
2142,8,CEBPA,2142,-1.0,12.546223882991358,-0.2992079953336949,6.644750582612197e-12,10.82379212449713,14.061385193490572,1.0,0.84,25,21
2138,8,CEBPA,2138,-1.0,12.546223882991358,0.46661458071272977,1.1435763210626847e-28,-10.506205454640446,15.686460653343945,1.0,0.84,25,21
2153,8,CEBPA,2153,-1.0,12.546223882991358,-0.07427382489801777,0.09546192516525918,2.2996267775070254,1.5948017063588944,1.0,0.84,25,21
2158,8,CEBPA,2158,-1.0,12.546223882991358,-0.31959568627670226,1.865866272662549e-13,6.914029892243741,7.855787716876962,1.0,0.84,25,21
2136,8,CEBPA,2136,-1.0,12.546223882991358,-0.4836173368889685,5.800880889014734e-31,14.509422101492435,21.171329233875166,1.0,0.84,25,21
2143,8,CEBPA,2143,-1.0,12.546223882991358,-0.2606055015439433,2.7662969307608226e-09,2.324055402692157,1.5988810856698945,1.0,0.84,25,21
4461,8,ZNF384,4461,1.0,3.920875564514521,0.364134022097862,2.8003677767553574e-17,5.839312287348062,6.351365200463661,0.9285714285714286,0.7222222222222222,18,14
4449,8,ZNF384,4449,1.0,3.920875564514521,0.3330521250882853,1.513397049844763e-14,9.331718568091707,11.407699993013162,0.9285714285714286,0.7222222222222222,18,14
4446,8,ZNF384,4446,1.0,3.920875564514521,0.29608395622170913,1.1213067783377283e-11,8.18499056023321,9.717651334857434,0.9285714285714286,0.7222222222222222,18,14
4455,8,ZNF384,4455,1.0,3.920875564514521,0.37447033523228107,2.9498219442473664e-18,6.081060456390028,6.685875833835426,0.9285714285714286,0.7222222222222222,18,14
4454,8,ZNF384,4454,1.0,3.920875564514521,0.2637098803048007,1.7624452611653623e-09,6.59578403654399,7.337312643003983,0.9285714285714286,0.7222222222222222,18,14
4450,8,ZNF384,4450,1.0,3.920875564514521,0.3960899195509614,2.036513683219969e-20,3.0292826428481368,2.3874014676559954,0.9285714285714286,0.7222222222222222,18,14
4444,8,ZNF384,4444,1.0,3.920875564514521,0.43328506763719854,1.5826167122014828e-24,14.476521294870848,21.039781681427698,0.9285714285714286,0.7222222222222222,18,14
4452,8,ZNF384,4452,1.0,3.920875564514521,0.2911209754515825,2.541574343593692e-11,3.296668573979737,2.739008894161091,0.9285714285714286,0.7222222222222222,18,14
4448,8,ZNF384,4448,1.0,3.920875564514521,-0.29855007239854425,7.422761847531795e-12,-8.875168160402625,12.107477216999433,0.9285714285714286,0.7222222222222222,18,14
4457,8,ZNF384,4457,1.0,3.920875564514521,0.3801632647736824,8.246613805738311e-19,9.835922147173402,12.940426707786388,0.9285714285714286,0.7222222222222222,18,14
4458,8,ZNF384,4458,1.0,3.920875564514521,0.3092685044902006,1.1798402648197051e-12,4.752450583715732,4.702718669658924,0.9285714285714286,0.7222222222222222,18,14
4447,8,ZNF384,4447,1.0,3.920875564514521,0.2548317875265788,6.299371001411207e-09,2.27639786312433,1.5461973666334288,0.9285714285714286,0.7222222222222222,18,14
4445,8,ZNF384,4445,1.0,3.920875564514521,0.21104641520052633,1.7105154617261004e-06,5.555961123768819,6.394898787982827,0.9285714285714286,0.7222222222222222,18,14
6472,8,CTF1,6472,1.0,4.856669503436361,0.7714279191894347,8.142325849982538e-101,3.389880949693582,2.9555274011198507,0.1111111111111111,0.05263157894736842,19,9
3217,8,CDC5L,3217,1.0,21.281848197561875,0.3683126387172879,1.1384634500985795e-17,4.532484745482267,4.3208864404004625,1.0,0.8571428571428571,21,18
3221,8,CDC5L,3221,1.0,21.281848197561875,0.28203845229243424,1.0908257954539736e-10,3.744455547586732,3.2622221511757363,1.0,0.8571428571428571,21,18
3212,8,CDC5L,3212,1.0,21.281848197561875,0.2626226908405127,2.0652397891613798e-09,5.514760783714383,6.321131391437481,1.0,0.8571428571428571,21,18
3230,8,CDC5L,3230,1.0,21.281848197561875,0.4330257559917483,1.697595508989253e-24,5.710044952017135,6.040425680751802,1.0,0.8571428571428571,21,18
3229,8,CDC5L,3229,1.0,21.281848197561875,0.6285784168478961,6.962105412360703e-57,7.690224993099274,9.074427652160214,1.0,0.8571428571428571,21,18
3223,8,CDC5L,3223,1.0,21.281848197561875,0.6038244507680582,1.7148846964892067e-51,8.224923845038285,9.960298503376835,1.0,0.8571428571428571,21,18
3227,8,CDC5L,3227,1.0,21.281848197561875,-0.3219470083654329,1.2138055313566956e-13,-4.8590528163492905,4.87990248264207,1.0,0.8571428571428571,21,18
3218,8,CDC5L,3218,1.0,21.281848197561875,0.703450251857484,1.3023490215456516e-76,8.539686581354538,10.169350709907956,1.0,0.8571428571428571,21,18
3220,8,CDC5L,3220,1.0,21.281848197561875,0.25499717673630723,6.154327665553338e-09,2.1478413249799995,1.4298879891965044,1.0,0.8571428571428571,21,18
3222,8,CDC5L,3222,1.0,21.281848197561875,0.44693354428610566,3.619363516726117e-26,4.888301431889339,4.92361140427004,1.0,0.8571428571428571,21,18
3211,8,CDC5L,3211,1.0,21.281848197561875,0.8311709742402814,2.5711794368850527e-130,14.523865178616598,21.30365381629306,1.0,0.8571428571428571,21,18
3213,8,CDC5L,3213,1.0,21.281848197561875,0.6164066096050601,3.578874649065889e-54,8.237479734627591,9.804027863566958,1.0,0.8571428571428571,21,18
3225,8,CDC5L,3225,1.0,21.281848197561875,0.5133453718042613,2.683029505561454e-35,4.475339784341222,4.222569020111666,1.0,0.8571428571428571,21,18
3215,8,CDC5L,3215,1.0,21.281848197561875,-0.43224782105539755,2.0943634113168567e-24,-4.6445370922237235,4.565327442254617,1.0,0.8571428571428571,21,18
3216,8,CDC5L,3216,1.0,21.281848197561875,-0.5089968003011481,1.2291891428257133e-34,-8.60745912035787,11.53509846091587,1.0,0.8571428571428571,21,18
3214,8,CDC5L,3214,1.0,21.281848197561875,0.8151395884930109,2.3248344102173437e-121,10.775387638577367,14.137597659484134,1.0,0.8571428571428571,21,18
3226,8,CDC5L,3226,1.0,21.281848197561875,0.5644975988282059,7.742303329964119e-44,8.092170636000256,10.2134645390582,1.0,0.8571428571428571,21,18
3224,8,CDC5L,3224,1.0,21.281848197561875,0.30742872423888357,1.6265284211237598e-12,3.603086407693724,3.118853928063356,1.0,0.8571428571428571,21,18
5449,8,FOXP1,5449,1.0,4.9424127550955905,0.015240871913278288,0.7326014228890277,4.252051796360343,4.023690839866143,1.0,0.96,25,24
5436,8,FOXP1,5436,1.0,4.9424127550955905,0.33939850506789815,4.430699059729291e-15,10.081526150187027,12.789796972485057,1.0,0.96,25,24
5441,8,FOXP1,5441,1.0,4.9424127550955905,0.32276267999470765,1.0446958072629297e-13,11.38531902658149,16.245590941249716,1.0,0.96,25,24
5452,8,FOXP1,5452,1.0,4.9424127550955905,0.20157553022382987,4.981415387951937e-06,8.935916377343537,11.1566048256283,1.0,0.96,25,24
5434,8,FOXP1,5434,1.0,4.9424127550955905,0.24063841166725375,4.3768644375765195e-08,8.239939637333759,10.40683152442245,1.0,0.96,25,24
5445,8,FOXP1,5445,1.0,4.9424127550955905,-0.29090937044014964,2.630886418677627e-11,-7.755955115197098,9.397878083746196,1.0,0.96,25,24
5447,8,FOXP1,5447,1.0,4.9424127550955905,-0.3198053345707242,1.7959634819356712e-13,-7.454324125693036,9.310882619485582,1.0,0.96,25,24
5435,8,FOXP1,5435,1.0,4.9424127550955905,0.3595266980114161,7.44085246021912e-17,11.536216230443342,15.755604823408168,1.0,0.96,25,24
5438,8,FOXP1,5438,1.0,4.9424127550955905,0.23337638111637257,1.1272711404020049e-07,8.102911594564963,9.497034020445756,1.0,0.96,25,24
5450,8,FOXP1,5450,1.0,4.9424127550955905,-0.23533635972292882,8.758896069195059e-08,-4.701346129037017,4.782594000050428,1.0,0.96,25,24
5448,8,FOXP1,5448,1.0,4.9424127550955905,0.28791987894441623,4.2724637589086144e-11,6.9273987734337155,7.909159586493128,1.0,0.96,25,24
5430,8,FOXP1,5430,1.0,4.9424127550955905,0.36070231246727164,5.807417251523467e-17,8.236786094463596,9.773078749984261,1.0,0.96,25,24
5431,8,FOXP1,5431,1.0,4.9424127550955905,-0.3354453768358203,9.554751940378755e-15,-8.67411907795161,11.812291822944825,1.0,0.96,25,24
5444,8,FOXP1,5444,1.0,4.9424127550955905,0.21815088341132252,7.424270915746816e-07,5.644726620925463,5.861004622369072,1.0,0.96,25,24
5446,8,FOXP1,5446,1.0,4.9424127550955905,0.3275003587315254,4.3312050763289844e-14,6.184263751242121,6.706203335689221,1.0,0.96,25,24
5439,8,FOXP1,5439,1.0,4.9424127550955905,-0.277280088257273,2.2917670342335793e-10,-7.8844403391404025,9.296626093766422,1.0,0.96,25,24
5428,8,FOXP1,5428,1.0,4.9424127550955905,0.3911581530823891,6.54669396309797e-20,14.560413289021684,21.303718423025117,1.0,0.96,25,24
5437,8,FOXP1,5437,1.0,4.9424127550955905,0.22231449853059845,4.492504717809226e-07,9.836928079479957,13.241954080731642,1.0,0.96,25,24
5432,8,FOXP1,5432,1.0,4.9424127550955905,-0.2578604133705297,4.101194127534552e-09,-4.602975853800288,4.5441840632036765,1.0,0.96,25,24
5440,8,FOXP1,5440,1.0,4.9424127550955905,-0.2535154757711796,7.578093417790465e-09,-9.2959546273114,13.441033593878949,1.0,0.96,25,24
5429,8,FOXP1,5429,1.0,4.9424127550955905,-0.3403492833755426,3.676934606046027e-15,-10.549478067946263,15.52294896985688,1.0,0.96,25,24
5442,8,FOXP1,5442,1.0,4.9424127550955905,0.3261185435313718,5.608259608793295e-14,9.002341036579335,11.166072195608457,1.0,0.96,25,24
5451,8,FOXP1,5451,1.0,4.9424127550955905,0.18919910624602834,1.8697701853531616e-05,7.523105578095133,8.954390379720097,1.0,0.96,25,24
5433,8,FOXP1,5433,1.0,4.9424127550955905,-0.29326134476801724,1.7893060921456353e-11,-8.506202203070352,10.583187675600893,1.0,0.96,25,24
8529,8,ELF3,8529,-1.0,2.5874894112240985,0.350605557450155,4.720827388125462e-16,-4.104119881291153,3.860452321099482,0.5,0.32,25,16
8527,8,ELF3,8527,-1.0,2.5874894112240985,0.24405931276357454,2.773223804522761e-08,-4.035199519330571,3.67230980182566,0.5,0.32,25,16
8515,8,ELF3,8515,-1.0,2.5874894112240985,0.2430811404121779,3.161961400670336e-08,-8.621601888091277,11.6607599400611,0.5,0.32,25,16
8519,8,ELF3,8519,-1.0,2.5874894112240985,0.28503418664847857,6.78574943583805e-11,-2.0556400770531553,1.3392581355354682,0.5,0.32,25,16
8520,8,ELF3,8520,-1.0,2.5874894112240985,0.3233208103419038,9.425193887831776e-14,-5.762829118510956,6.468163222605293,0.5,0.32,25,16
8518,8,ELF3,8518,-1.0,2.5874894112240985,0.1903668938322404,1.656263967745021e-05,-2.987856713312915,2.3422325955865677,0.5,0.32,25,16
8511,8,ELF3,8511,-1.0,2.5874894112240985,0.5034250008851818,8.370712486038238e-34,-2.0566649657745035,1.3634431888025944,0.5,0.32,25,16
8522,8,ELF3,8522,-1.0,2.5874894112240985,0.3084655049355868,1.3576978204516989e-12,-4.078292863219986,3.799803550447348,0.5,0.32,25,16
4320,8,SMAD4,4320,1.0,8.254478682379656,-0.4164678269069143,1.3217214566861808e-22,-7.299879164362641,9.018949560258354,1.0,0.7857142857142857,14,11
4329,8,SMAD4,4329,1.0,8.254478682379656,0.44986489332163043,1.5719945505127873e-26,3.2965249253322226,2.7248667412300556,1.0,0.7857142857142857,14,11
4325,8,SMAD4,4325,1.0,8.254478682379656,0.37235549641920723,4.706020227061435e-18,10.186284105853428,13.787931981716074,1.0,0.7857142857142857,14,11
4316,8,SMAD4,4316,1.0,8.254478682379656,0.6181177123923574,1.5128829446013485e-54,14.01549205783078,20.166533098617837,1.0,0.7857142857142857,14,11
4318,8,SMAD4,4318,1.0,8.254478682379656,0.2842132039290886,7.732865291643771e-11,3.973844152207534,3.836449373626668,1.0,0.7857142857142857,14,11
4319,8,SMAD4,4319,1.0,8.254478682379656,0.28994787677525524,3.076799412929748e-11,7.699016991019767,8.93259328153322,1.0,0.7857142857142857,14,11
4323,8,SMAD4,4323,1.0,8.254478682379656,0.20193025513731502,4.79019572628083e-06,6.998991677112567,8.564178377529693,1.0,0.7857142857142857,14,11
4317,8,SMAD4,4317,1.0,8.254478682379656,-0.5891017362605827,1.6710046731973075e-48,-10.588036670326355,15.382702905114408,1.0,0.7857142857142857,14,11
4327,8,SMAD4,4327,1.0,8.254478682379656,0.5431870826834237,4.221181109552816e-40,9.526928866131513,12.062400942680265,1.0,0.7857142857142857,14,11
4326,8,SMAD4,4326,1.0,8.254478682379656,-0.45304949749633355,6.294730736628579e-27,-4.6966911554101065,4.7126415806006134,1.0,0.7857142857142857,14,11
4328,8,SMAD4,4328,1.0,8.254478682379656,0.33916164908416313,4.640920210597122e-15,8.73091749680285,10.6717755325743,1.0,0.7857142857142857,14,11
2095,8,REST,2095,1.0,21.33522666111641,0.3622737429022406,4.162982236360981e-17,3.8522120051687048,3.5073243498238886,1.0,0.88,25,22
2097,8,REST,2097,1.0,21.33522666111641,-0.35803782241578197,1.0169639348816665e-16,-7.253447517595937,8.53470893320061,1.0,0.88,25,22
2085,8,REST,2085,1.0,21.33522666111641,-0.574764867791127,9.765735548698738e-46,-7.088966869893391,8.262141665395133,1.0,0.88,25,22
2094,8,REST,2094,1.0,21.33522666111641,0.5175273427963916,6.08006792786083e-36,6.943264090275792,8.472257267533621,1.0,0.88,25,22
2103,8,REST,2103,1.0,21.33522666111641,0.4036997799158798,3.232068618058187e-21,3.1329207962474923,2.50231804491473,1.0,0.88,25,22
2089,8,REST,2089,1.0,21.33522666111641,-0.5588277771876567,8.11843057070755e-43,-5.06598314232169,5.227751891346859,1.0,0.88,25,22
2092,8,REST,2092,1.0,21.33522666111641,0.5466705987368925,1.0786147629270485e-40,10.589025046855378,15.296885534266028,1.0,0.88,25,22
2096,8,REST,2096,1.0,21.33522666111641,-0.22358412859919535,3.8469222380126575e-07,-3.988669958419178,3.6840589544236995,1.0,0.88,25,22
2093,8,REST,2093,1.0,21.33522666111641,0.6191723830768171,8.875017651750806e-55,6.689540514573693,7.770175018787552,1.0,0.88,25,22
2100,8,REST,2100,1.0,21.33522666111641,-0.3533407688594947,2.695871324162456e-16,-3.1423963276976217,2.550176297392486,1.0,0.88,25,22
2090,8,REST,2090,1.0,21.33522666111641,0.3335566786492315,1.3740080853277725e-14,3.1491083401437745,2.5027783198728093,1.0,0.88,25,22
2081,8,REST,2081,1.0,21.33522666111641,0.2746853877934378,3.415001640385545e-10,4.256045888879215,4.261162805716046,1.0,0.88,25,22
2102,8,REST,2102,1.0,21.33522666111641,0.592229316099312,3.989412080443341e-49,5.151126152270958,5.207206217137633,1.0,0.88,25,22
2084,8,REST,2084,1.0,21.33522666111641,-0.18868719170053655,1.971383677180426e-05,-3.947831800608578,3.75547530043087,1.0,0.88,25,22
2099,8,REST,2099,1.0,21.33522666111641,0.6013932759735602,5.476410817637074e-51,6.607598598303973,7.32050257464905,1.0,0.88,25,22
2083,8,REST,2083,1.0,21.33522666111641,0.530766772329407,4.816854351581391e-38,7.927303935581942,9.307733777775269,1.0,0.88,25,22
2098,8,REST,2098,1.0,21.33522666111641,0.6950084138848669,4.396968532871383e-74,9.600130911359436,12.201091310218013,1.0,0.88,25,22
2101,8,REST,2101,1.0,21.33522666111641,-0.4330752329891375,1.6750382599253126e-24,-4.964085687505576,5.072501854677324,1.0,0.88,25,22
2087,8,REST,2087,1.0,21.33522666111641,0.7437120420116548,5.068619042219767e-90,9.915837940025341,12.821637219279841,1.0,0.88,25,22
2091,8,REST,2091,1.0,21.33522666111641,-0.4056868730351297,1.982996764303432e-21,-9.743762403419167,14.468318327354567,1.0,0.88,25,22
2080,8,REST,2080,1.0,21.33522666111641,-0.7270774282397185,3.4390525017057898e-84,-10.76292713230169,15.751711640790145,1.0,0.88,25,22
2079,8,REST,2079,1.0,21.33522666111641,0.8872214240057549,4.0468429696630616e-171,14.690947435866615,21.73307796732267,1.0,0.88,25,22
6323,8,MZF1,6323,-1.0,6.162166110331229,0.4240867254427306,1.835990143278031e-23,-7.950770737034903,9.532760237579733,0.8,0.5333333333333333,15,10
6329,8,MZF1,6329,-1.0,6.162166110331229,0.2419222046428246,3.690969491090079e-08,-6.805180798113483,7.7499860351738965,0.8,0.5333333333333333,15,10
6322,8,MZF1,6322,-1.0,6.162166110331229,0.3807236313693482,7.264410435508229e-19,-9.98195098835873,14.368004868332267,0.8,0.5333333333333333,15,10
6324,8,MZF1,6324,-1.0,6.162166110331229,-0.23868337144273438,5.6635039598671287e-08,9.21248459415833,11.640870390656278,0.8,0.5333333333333333,15,10
6328,8,MZF1,6328,-1.0,6.162166110331229,0.33014891551266934,2.629744427008596e-14,-3.146307977129238,2.568786227640067,0.8,0.5333333333333333,15,10
6335,8,MZF1,6335,-1.0,6.162166110331229,-0.19866551872578564,6.849794752883848e-06,2.065997972129282,1.3527064479280735,0.8,0.5333333333333333,15,10
6321,8,MZF1,6321,-1.0,6.162166110331229,-0.2362813610553602,7.749442841196958e-08,5.024959655377465,5.580885336605967,0.8,0.5333333333333333,15,10
6332,8,MZF1,6332,-1.0,6.162166110331229,-0.2749295115846989,3.2898108998282947e-10,2.6813436473893235,1.9843600395363956,0.8,0.5333333333333333,15,10
3288,8,NFATC2,3288,1.0,1.6681088599923244,0.5103503828643735,7.671674860128793e-35,2.140059519718802,1.42454697479848,0.8888888888888888,0.64,25,18
3294,8,NFATC2,3294,1.0,1.6681088599923244,0.39836912262654844,1.179295330430826e-20,6.943601500765697,8.110326577262077,0.8888888888888888,0.64,25,18
3282,8,NFATC2,3282,1.0,1.6681088599923244,0.40388464312269745,3.0888950191076718e-21,14.610704467789196,21.48130419660799,0.8888888888888888,0.64,25,18
3287,8,NFATC2,3287,1.0,1.6681088599923244,0.5034558424786578,8.28309873344372e-34,2.368634592340006,1.6439437713240945,0.8888888888888888,0.64,25,18
3301,8,NFATC2,3301,1.0,1.6681088599923244,0.6641618820267121,1.5134257941226959e-65,3.2002428474772553,2.6140354435200783,0.8888888888888888,0.64,25,18
3298,8,NFATC2,3298,1.0,1.6681088599923244,0.3068958448639895,1.784296801636946e-12,9.746340312990469,12.374715329488534,0.8888888888888888,0.64,25,18
3303,8,NFATC2,3303,1.0,1.6681088599923244,0.6055951868478774,7.31507277532755e-52,2.129558432394303,1.4155276060403448,0.8888888888888888,0.64,25,18
3304,8,NFATC2,3304,1.0,1.6681088599923244,0.43125939923184875,2.7328166382667767e-24,6.367560395473578,6.979192520951413,0.8888888888888888,0.64,25,18
3305,8,NFATC2,3305,1.0,1.6681088599923244,0.5787925376388571,1.6835990413896212e-46,5.108107654541901,5.085776689855557,0.8888888888888888,0.64,25,18
3291,8,NFATC2,3291,1.0,1.6681088599923244,-0.38214141289905396,5.264758028747042e-19,-5.172472281816453,5.398332122975268,0.8888888888888888,0.64,25,18
3293,8,NFATC2,3293,1.0,1.6681088599923244,0.5220690702610634,1.1844593176615076e-36,10.220144627473164,14.017367078823147,0.8888888888888888,0.64,25,18
3284,8,NFATC2,3284,1.0,1.6681088599923244,-0.45109166196122724,1.1061965600866063e-26,-10.66172344804793,15.985020196940086,0.8888888888888888,0.64,25,18
3283,8,NFATC2,3283,1.0,1.6681088599923244,0.6257058625117172,3.114405364351092e-56,5.3382167634683855,6.0695875465133255,0.8888888888888888,0.64,25,18
3289,8,NFATC2,3289,1.0,1.6681088599923244,-0.33984463663757686,4.059811695152044e-15,-8.258515176660305,10.946016868678509,0.8888888888888888,0.64,25,18
3295,8,NFATC2,3295,1.0,1.6681088599923244,0.3027103331451158,3.668026777992972e-12,7.853841865531145,9.072061671750449,0.8888888888888888,0.64,25,18
3306,8,NFATC2,3306,1.0,1.6681088599923244,0.5149416805034542,1.5261018342815188e-35,8.188553850492784,10.013229928120342,0.8888888888888888,0.64,25,18
9286,8,NKX3-2,9286,-1.0,7.46070368999389,-0.26213376703758356,2.217347129233832e-09,4.246235960356289,3.9638265327967597,0.5,0.16666666666666666,6,2
7681,8,VENTX,7681,-1.0,7.87184893265235,-0.2282711190373696,2.15246030904269e-07,8.14300330051384,9.767437558018988,0.625,0.4166666666666667,12,8
7675,8,VENTX,7675,-1.0,7.87184893265235,-0.2776897876123017,2.1510602056944767e-10,10.452275958728581,13.233956416020346,0.625,0.4166666666666667,12,8
7679,8,VENTX,7679,-1.0,7.87184893265235,-0.23354540422986403,1.103104456956191e-07,13.012895733121564,16.513949505609904,0.625,0.4166666666666667,12,8
7673,8,VENTX,7673,-1.0,7.87184893265235,-0.17812119721288905,5.695377942370652e-05,8.48375202968117,10.119282442446439,0.625,0.4166666666666667,12,8
7678,8,VENTX,7678,-1.0,7.87184893265235,-0.3923213749946424,4.979381969105744e-20,7.836956635767617,9.330885599222627,0.625,0.4166666666666667,12,8
8688,8,BARX2,8688,1.0,3.006429798100982,0.24860737626557694,1.495801329354983e-08,7.808853909951904,9.092996578897983,1.0,0.42857142857142855,7,3
8693,8,BARX2,8693,1.0,3.006429798100982,0.17022602881406157,0.00012106228153214336,2.1127331043483704,1.3985508189728264,1.0,0.42857142857142855,7,3
8692,8,BARX2,8692,1.0,3.006429798100982,0.2731268157871688,4.3307807937158385e-10,4.991858959828609,4.90681873709535,1.0,0.42857142857142855,7,3
2662,8,FOXJ2,2662,1.0,5.054345704105569,-0.607189632006679,3.381011417263648e-52,-10.625365649401761,15.68545445050517,0.9523809523809523,0.8,25,21
2664,8,FOXJ2,2664,1.0,5.054345704105569,0.371657600542663,5.486182333702212e-18,8.325272600008994,9.898275343639948,0.9523809523809523,0.8,25,21
2667,8,FOXJ2,2667,1.0,5.054345704105569,-0.5867154727895151,4.932448421328758e-48,-8.937770403365258,12.317089850113991,0.9523809523809523,0.8,25,21
2684,8,FOXJ2,2684,1.0,5.054345704105569,0.6191086499954345,9.166253530432582e-55,4.545454662149252,4.495572018087884,0.9523809523809523,0.8,25,21
2661,8,FOXJ2,2661,1.0,5.054345704105569,0.6376604741219465,5.495518685844228e-59,5.801460787091449,6.903788731922361,0.9523809523809523,0.8,25,21
2672,8,FOXJ2,2672,1.0,5.054345704105569,0.6328984761830222,7.100506854854642e-58,11.33610782120504,15.255212651291213,0.9523809523809523,0.8,25,21
2673,8,FOXJ2,2673,1.0,5.054345704105569,-0.5287283386723767,1.0288017333715383e-37,-8.514970676124129,10.509995247613425,0.9523809523809523,0.8,25,21
2683,8,FOXJ2,2683,1.0,5.054345704105569,0.6309070037438528,2.043063599008816e-57,6.4178207672702685,7.0126648031121634,0.9523809523809523,0.8,25,21
2679,8,FOXJ2,2679,1.0,5.054345704105569,0.2581841103364995,3.916044847464609e-09,3.0415248853829056,2.386222625104473,0.9523809523809523,0.8,25,21
2668,8,FOXJ2,2668,1.0,5.054345704105569,0.49125337999638485,4.9011242603157194e-32,2.227538816156757,1.5114188715072454,0.9523809523809523,0.8,25,21
2675,8,FOXJ2,2675,1.0,5.054345704105569,0.3609033884754936,5.565801911013897e-17,9.402632269911921,11.706851337613966,0.9523809523809523,0.8,25,21
2677,8,FOXJ2,2677,1.0,5.054345704105569,0.5819539407356886,4.1639665854941955e-47,3.224767429702883,2.6796115514971954,0.9523809523809523,0.8,25,21
2666,8,FOXJ2,2666,1.0,5.054345704105569,0.37491572138580326,2.6722899577858157e-18,10.640374289887461,13.688567800515495,0.9523809523809523,0.8,25,21
2682,8,FOXJ2,2682,1.0,5.054345704105569,0.36487477940340624,2.389660199868196e-17,10.042242985661966,13.481460553154024,0.9523809523809523,0.8,25,21
2676,8,FOXJ2,2676,1.0,5.054345704105569,0.7024514873847634,2.6213586978110813e-76,7.966680044660087,9.986054481101338,0.9523809523809523,0.8,25,21
2660,8,FOXJ2,2660,1.0,5.054345704105569,0.6503285421709875,4.854409279693574e-62,14.52382492298426,21.163401813015255,0.9523809523809523,0.8,25,21
2674,8,FOXJ2,2674,1.0,5.054345704105569,0.3906644080557125,7.350644827314077e-20,2.111715378296634,1.3878808737868196,0.9523809523809523,0.8,25,21
2669,8,FOXJ2,2669,1.0,5.054345704105569,0.2597004731529054,3.151360981403184e-09,8.612838706342496,10.618475070651403,0.9523809523809523,0.8,25,21
2678,8,FOXJ2,2678,1.0,5.054345704105569,0.2756484654676648,2.946517200850667e-10,3.839625401002539,3.3990803414006416,0.9523809523809523,0.8,25,21
2670,8,FOXJ2,2670,1.0,5.054345704105569,-0.6126189637597301,2.362462039920763e-53,-5.267122634772551,5.546615745103593,0.9523809523809523,0.8,25,21
3441,8,ONECUT2,3441,1.0,3.5598733252233536,0.296158591014381,1.1074585735808653e-11,13.949342129073004,19.971957215941256,1.0,0.9285714285714286,14,13
3447,8,ONECUT2,3447,1.0,3.5598733252233536,0.23712256318799585,6.946135785256853e-08,4.151691196634127,3.7931386182802402,1.0,0.9285714285714286,14,13
3449,8,ONECUT2,3449,1.0,3.5598733252233536,0.1818065346907362,3.960550677142656e-05,7.940559574717869,9.666564811624978,1.0,0.9285714285714286,14,13
3453,8,ONECUT2,3453,1.0,3.5598733252233536,0.09098465747195839,0.040973322897635965,7.237120907389958,8.450118016910094,1.0,0.9285714285714286,14,13
3448,8,ONECUT2,3448,1.0,3.5598733252233536,0.06256492108838214,0.1603595758740767,8.589028198014214,11.062606328027918,1.0,0.9285714285714286,14,13
3450,8,ONECUT2,3450,1.0,3.5598733252233536,0.34599869924880694,1.1981310823971335e-15,2.0839612764284086,1.362383950607024,1.0,0.9285714285714286,14,13
3446,8,ONECUT2,3446,1.0,3.5598733252233536,0.3853634742356224,2.518074424363791e-19,8.696504884667068,10.48120111221713,1.0,0.9285714285714286,14,13
3445,8,ONECUT2,3445,1.0,3.5598733252233536,-0.3043158663692457,2.7859497600730134e-12,-4.319130405932088,4.371260446843473,1.0,0.9285714285714286,14,13
3442,8,ONECUT2,3442,1.0,3.5598733252233536,0.4046611804037547,2.5527688950688536e-21,6.8702300863165116,7.75293519462302,1.0,0.9285714285714286,14,13
3452,8,ONECUT2,3452,1.0,3.5598733252233536,0.5293996790983447,8.017492423798887e-38,7.321253902389875,8.302434668532541,1.0,0.9285714285714286,14,13
3454,8,ONECUT2,3454,1.0,3.5598733252233536,0.37458130906258336,2.878126369378544e-18,7.04114248085065,7.872624026583095,1.0,0.9285714285714286,14,13
3451,8,ONECUT2,3451,1.0,3.5598733252233536,0.29684651694983166,9.874354888961922e-12,6.478155443402853,7.53248329840718,1.0,0.9285714285714286,14,13
3443,8,ONECUT2,3443,1.0,3.5598733252233536,0.3339014336216231,1.2860907968643589e-14,2.343006482276667,1.6134048252852196,1.0,0.9285714285714286,14,13
3630,8,USF1,3630,-1.0,15.506895811912045,0.3293572835544425,3.054239309883479e-14,-4.183526004777683,4.135401208077113,1.0,0.7,20,14
3627,8,USF1,3627,-1.0,15.506895811912045,-0.3983077189706549,1.1968475056325158e-20,14.377911575987971,20.850622078357176,1.0,0.7,20,14
3640,8,USF1,3640,-1.0,15.506895811912045,-0.1951161265194843,1.0038595281028072e-05,8.668981021421324,10.806146244607136,1.0,0.7,20,14
3642,8,USF1,3642,-1.0,15.506895811912045,0.5888917152584825,1.838687175543546e-48,-4.615032519197874,4.451985653222708,1.0,0.7,20,14
3644,8,USF1,3644,-1.0,15.506895811912045,0.47494059965002716,8.925104655839665e-30,-2.783794749353815,2.145015262846744,1.0,0.7,20,14
3631,8,USF1,3631,-1.0,15.506895811912045,0.5487954074910598,4.655848723781476e-41,-7.097167284382121,8.73020387001282,1.0,0.7,20,14
3645,8,USF1,3645,-1.0,15.506895811912045,-0.32795953508394327,3.9736688653096056e-14,2.445396480589025,1.7282368644758646,1.0,0.7,20,14
3637,8,USF1,3637,-1.0,15.506895811912045,-0.6032188933179033,2.2921442100514494e-51,7.659936050055984,8.956912214079948,1.0,0.7,20,14
3632,8,USF1,3632,-1.0,15.506895811912045,0.4188265099801906,7.212375217140703e-23,-8.324423254235102,10.239467381761255,1.0,0.7,20,14
3641,8,USF1,3641,-1.0,15.506895811912045,-0.395692799093574,2.2389255452114535e-20,6.100995429081975,6.716312948228692,1.0,0.7,20,14
3639,8,USF1,3639,-1.0,15.506895811912045,-0.32927454236106846,3.102307602569328e-14,8.60960589990625,10.39238109302638,1.0,0.7,20,14
3634,8,USF1,3634,-1.0,15.506895811912045,-0.25876963472744796,3.601531762060404e-09,9.031658977654066,11.26711990333111,1.0,0.7,20,14
3628,8,USF1,3628,-1.0,15.506895811912045,0.6125283025196931,2.470855217109102e-53,-10.855401716289137,16.016250001802838,1.0,0.7,20,14
3635,8,USF1,3635,-1.0,15.506895811912045,0.08723558691272856,0.050082992153680665,-2.401972168738264,1.6971363767401773,1.0,0.7,20,14
4578,8,ZBTB33,4578,1.0,21.163316615675363,-0.5602345638290538,4.550649476242597e-43,-10.620828849104083,15.985152794001957,1.0,1.0,7,7
4577,8,ZBTB33,4577,1.0,21.163316615675363,0.8332074511799008,1.6030840583288845e-131,14.586838222811677,21.128495034442036,1.0,1.0,7,7
4580,8,ZBTB33,4580,1.0,21.163316615675363,-0.3621453449692796,4.278068557793601e-17,-4.80003237455044,5.008283702849437,1.0,1.0,7,7
4581,8,ZBTB33,4581,1.0,21.163316615675363,0.5236388235096802,6.690920840205022e-37,7.283689574914751,8.500199453038666,1.0,1.0,7,7
4583,8,ZBTB33,4583,1.0,21.163316615675363,-0.5227873719048924,9.123953466586633e-37,-9.418546358706184,13.184238437592402,1.0,1.0,7,7
4582,8,ZBTB33,4582,1.0,21.163316615675363,0.652453071394096,1.444107748052112e-62,9.775376898985508,12.303625128533968,1.0,1.0,7,7
4579,8,ZBTB33,4579,1.0,21.163316615675363,0.6779414587421476,3.1312421913920767e-69,9.502096875400314,11.70723261661851,1.0,1.0,7,7
2119,8,PPARA,2119,1.0,21.25741853680847,0.4787234934673592,2.7366755438424555e-30,4.336430023686432,4.061391409975545,1.0,0.92,25,23
2127,8,PPARA,2127,1.0,21.25741853680847,-0.4602436951769712,7.6826248921469015e-28,-7.461946778489086,9.148906461328522,1.0,0.92,25,23
2105,8,PPARA,2105,1.0,21.25741853680847,0.33852506368649293,5.2556438661583015e-15,5.294041421756915,6.080343701732219,1.0,0.92,25,23
2116,8,PPARA,2116,1.0,21.25741853680847,0.4547422444107766,3.854727536246199e-27,5.097997394396037,5.058269292194542,1.0,0.92,25,23
2123,8,PPARA,2123,1.0,21.25741853680847,0.5897164250586551,1.2625614367643124e-48,5.54940730925166,6.060316526764951,1.0,0.92,25,23
2104,8,PPARA,2104,1.0,21.25741853680847,0.7888864041683672,1.966959739177517e-108,14.667687053863371,21.53126391201391,1.0,0.92,25,23
2113,8,PPARA,2113,1.0,21.25741853680847,-0.5286579900226048,1.0560039036579298e-37,-8.396179702640046,10.163510243016509,1.0,0.92,25,23
2118,8,PPARA,2118,1.0,21.25741853680847,0.2716594640830543,5.408856441650459e-10,3.457767742469117,2.9082336178133783,1.0,0.92,25,23
2106,8,PPARA,2106,1.0,21.25741853680847,-0.7127824894290672,1.634203417401088e-79,-11.044146698874087,16.529560779734975,1.0,0.92,25,23
2109,8,PPARA,2109,1.0,21.25741853680847,-0.6275469472413081,1.1944102002759178e-56,-10.276278977705546,13.705285838865956,1.0,0.92,25,23
2120,8,PPARA,2120,1.0,21.25741853680847,0.2637770609359073,1.7452218596540616e-09,3.2771872019138195,2.7472839398408864,1.0,0.92,25,23
2124,8,PPARA,2124,1.0,21.25741853680847,-0.303638655791045,3.1293245165074122e-12,-6.735762144210981,7.824672888734142,1.0,0.92,25,23
2128,8,PPARA,2128,1.0,21.25741853680847,0.3313147463814705,2.1079473128249062e-14,5.167338919962597,5.398404981007133,1.0,0.92,25,23
2111,8,PPARA,2111,1.0,21.25741853680847,0.3247206087068335,7.274040818375415e-14,2.308134562814667,1.5932293174286916,1.0,0.92,25,23
2115,8,PPARA,2115,1.0,21.25741853680847,-0.334389960735204,1.1708898561936025e-14,-6.829898017347244,7.641649539514642,1.0,0.92,25,23
2117,8,PPARA,2117,1.0,21.25741853680847,0.4589809602078221,1.115365869771253e-27,8.413264686486615,9.952926599459436,1.0,0.92,25,23
2126,8,PPARA,2126,1.0,21.25741853680847,0.5160152661228857,1.0424411485697452e-35,5.830312679727202,6.236592244138027,1.0,0.92,25,23
2108,8,PPARA,2108,1.0,21.25741853680847,-0.6187510365943428,1.0985370447821025e-54,-8.369494321048393,10.98884040086604,1.0,0.92,25,23
2110,8,PPARA,2110,1.0,21.25741853680847,0.7544363442555436,5.006659243461017e-94,8.77132482667565,11.424991587475827,1.0,0.92,25,23
2125,8,PPARA,2125,1.0,21.25741853680847,-0.20058515168287017,5.55463918706991e-06,-2.9317949775755827,2.2944854192335415,1.0,0.92,25,23
2107,8,PPARA,2107,1.0,21.25741853680847,0.5211582648948125,1.6475662364296305e-36,8.410324767015519,10.071224916788191,1.0,0.92,25,23
2121,8,PPARA,2121,1.0,21.25741853680847,-0.30958008844362706,1.1171497302760772e-12,-8.101087105383334,10.942593514007276,1.0,0.92,25,23
2114,8,PPARA,2114,1.0,21.25741853680847,0.5066054120940046,2.8124261422791486e-34,9.68413055820316,12.477569532339809,1.0,0.92,25,23
5165,8,DBP,5165,-1.0,15.602915280613233,-0.13314213408918532,0.002718107212000704,9.453470916028431,11.770110983537345,0.8,0.6666666666666666,12,10
5160,8,DBP,5160,-1.0,15.602915280613233,0.43049059564341535,3.35915652609318e-24,-10.281020712129877,15.285746897794517,0.8,0.6666666666666666,12,10
5162,8,DBP,5162,-1.0,15.602915280613233,-0.29783456606530223,8.369939161439079e-12,10.527374379610263,13.650653364674197,0.8,0.6666666666666666,12,10
5163,8,DBP,5163,-1.0,15.602915280613233,-0.3886352921006387,1.1807688102670058e-19,11.370573739330997,14.417403238405296,0.8,0.6666666666666666,12,10
5159,8,DBP,5159,-1.0,15.602915280613233,-0.4025391669601744,4.292783096437673e-21,14.349053884446066,20.79513858080499,0.8,0.6666666666666666,12,10
5161,8,DBP,5161,-1.0,15.602915280613233,-0.21793769439055713,7.615703089340648e-07,7.681259416035069,8.94083449494908,0.8,0.6666666666666666,12,10
5170,8,DBP,5170,-1.0,15.602915280613233,-0.2524526986860177,8.790930664501883e-09,8.770933678072867,11.173332128917622,0.8,0.6666666666666666,12,10
5164,8,DBP,5164,-1.0,15.602915280613233,-0.2586064817661891,3.6866159251000394e-09,8.191160842096767,10.053071660497523,0.8,0.6666666666666666,12,10
2933,8,ETV2,2933,-1.0,15.462998048402449,0.5609665624947588,3.3634609926340013e-43,-5.1846159958912,5.5691110292583845,1.0,0.8125,16,13
2932,8,ETV2,2932,-1.0,15.462998048402449,-0.41443330668470585,2.220144071989736e-22,8.15400586634917,9.725899218560919,1.0,0.8125,16,13
2929,8,ETV2,2929,-1.0,15.462998048402449,-0.43675358219051724,6.157883712528945e-25,6.6612981559975655,8.663556427563297,1.0,0.8125,16,13
2940,8,ETV2,2940,-1.0,15.462998048402449,0.45372558995029943,5.17670363235698e-27,-3.595743655163104,3.2038052143193694,1.0,0.8125,16,13
2928,8,ETV2,2928,-1.0,15.462998048402449,0.7197637776199981,9.240815337551871e-82,-10.656727656999179,16.002866593498318,1.0,0.8125,16,13
2939,8,ETV2,2939,-1.0,15.462998048402449,-0.3762644587440111,1.9793836749264117e-18,6.792710776578343,8.123996079506052,1.0,0.8125,16,13
2931,8,ETV2,2931,-1.0,15.462998048402449,0.6758492619448282,1.169602514660296e-68,-8.365937091570236,11.109388967280411,1.0,0.8125,16,13
2941,8,ETV2,2941,-1.0,15.462998048402449,0.3052672037390075,2.3650589463034056e-12,-4.536205839104155,4.455633374667108,1.0,0.8125,16,13
2937,8,ETV2,2937,-1.0,15.462998048402449,0.28277445756998065,9.712560322363172e-11,-3.3256145719403962,2.7422843310533636,1.0,0.8125,16,13
2927,8,ETV2,2927,-1.0,15.462998048402449,-0.6281633132257326,8.653337772659669e-57,14.321639662896901,20.835037328405352,1.0,0.8125,16,13
2942,8,ETV2,2942,-1.0,15.462998048402449,-0.4682435945457901,6.981286124861168e-29,9.460846773091102,11.910706371831445,1.0,0.8125,16,13
2935,8,ETV2,2935,-1.0,15.462998048402449,0.6553950426098512,2.651122872629891e-63,-9.354426261518933,11.858936145791562,1.0,0.8125,16,13
2934,8,ETV2,2934,-1.0,15.462998048402449,-0.40149903189076674,5.530844973813169e-21,8.383381173747377,9.984326176171045,1.0,0.8125,16,13
1095,8,ZBTB6,1095,1.0,21.040246954145893,-0.6293159129577556,4.7270920992320434e-57,-11.151868032625696,16.459349043165858,1.0,0.8,5,4
1094,8,ZBTB6,1094,1.0,21.040246954145893,0.8250760790364751,8.371113593813637e-127,14.304396548296644,21.526488951730364,1.0,0.8,5,4
1096,8,ZBTB6,1096,1.0,21.040246954145893,-0.3873293229944113,1.5991594610479822e-19,-8.891697731101019,11.543844628722448,1.0,0.8,5,4
1098,8,ZBTB6,1098,1.0,21.040246954145893,-0.5074811829008989,2.0785918601659308e-34,-7.704382778939201,9.81079874136812,1.0,0.8,5,4
4897,8,ELK4,4897,1.0,8.632679105095267,-0.4814797628831207,1.1457986727031559e-30,-10.401169096610667,15.415715299725322,1.0,1.0,10,10
4900,8,ELK4,4900,1.0,8.632679105095267,-0.37897246246363775,1.0788468630243157e-18,-9.212550115529792,11.95783506431711,1.0,1.0,10,10
4905,8,ELK4,4905,1.0,8.632679105095267,-0.164995070935665,0.00019595927707325288,-7.614162188287244,9.06663668041064,1.0,1.0,10,10
4902,8,ELK4,4902,1.0,8.632679105095267,0.5470804844459602,9.176661704724724e-41,8.674773481995885,10.990521377807521,1.0,1.0,10,10
4896,8,ELK4,4896,1.0,8.632679105095267,0.541116596131663,9.426823013746261e-40,13.519874510647782,19.062505409329198,1.0,1.0,10,10
4904,8,ELK4,4904,1.0,8.632679105095267,0.27720098096766205,2.3199496082934112e-10,3.3417915703152157,2.7641801482611927,1.0,1.0,10,10
4898,8,ELK4,4898,1.0,8.632679105095267,-0.3880449225046729,1.3545207438356228e-19,-4.185970189189891,3.9595861795627516,1.0,1.0,10,10
4899,8,ELK4,4899,1.0,8.632679105095267,-0.36609642330692704,1.8380225803930323e-17,-7.953160324112371,10.639802621591866,1.0,1.0,10,10
4901,8,ELK4,4901,1.0,8.632679105095267,0.39100748584175193,6.78236595282052e-20,9.89847781058139,12.355965616274895,1.0,1.0,10,10
4903,8,ELK4,4903,1.0,8.632679105095267,0.25661929546991974,4.89305955027195e-09,6.921749738898014,7.692623135824642,1.0,1.0,10,10
6383,8,FOXF1,6383,1.0,6.424577323039834,0.7046017334652721,5.7928453886704026e-77,3.1520326313395945,2.541686064574636,0.5882352941176471,0.4,25,17
6388,8,FOXF1,6388,1.0,6.424577323039834,0.5011714214899752,1.800539852951702e-33,2.2815425234339015,1.5550832986905903,0.5882352941176471,0.4,25,17
6396,8,FOXF1,6396,1.0,6.424577323039834,0.6554023104173773,2.6399822904211326e-63,3.05576869790997,2.4313214781960646,0.5882352941176471,0.4,25,17
6378,8,FOXF1,6378,1.0,6.424577323039834,0.8476799853898435,1.3879680731807751e-140,5.685136417729691,6.653253497246298,0.5882352941176471,0.4,25,17
6400,8,FOXF1,6400,1.0,6.424577323039834,0.5923889283338273,3.706635485187565e-49,3.5055156386397623,3.020778985171996,0.5882352941176471,0.4,25,17
6379,8,FOXF1,6379,1.0,6.424577323039834,-0.24945724386103207,1.3310186779290277e-08,-10.513049254269415,15.505508124966227,0.5882352941176471,0.4,25,17
6393,8,FOXF1,6393,1.0,6.424577323039834,0.6050590462772986,9.473200116199356e-52,2.2746550966402492,1.5603937499229996,0.5882352941176471,0.4,25,17
6387,8,FOXF1,6387,1.0,6.424577323039834,0.531811752603832,3.257941259376731e-38,10.090799836011387,13.26450953095052,0.5882352941176471,0.4,25,17
6389,8,FOXF1,6389,1.0,6.424577323039834,0.39486305773434494,2.727995773496714e-20,10.028920661950892,13.675179564362852,0.5882352941176471,0.4,25,17
6401,8,FOXF1,6401,1.0,6.424577323039834,-0.25629923240771285,5.1202024793578275e-09,-4.680752586645233,4.644876618036643,0.5882352941176471,0.4,25,17
8915,8,DLX6,8915,1.0,9.282778184056413,0.2638842160913596,1.7180878981829772e-09,4.845346405962813,4.707546830565099,1.0,0.6666666666666666,3,2
8913,8,DLX6,8913,1.0,9.282778184056413,0.5215282544546378,1.441034195093799e-36,6.624039933513872,7.379701981580579,1.0,0.6666666666666666,3,2
937,8,MEIS2,937,1.0,6.5566857191129255,0.20664696904473062,2.8278242371661095e-06,14.218894186132006,20.38416121843017,0.75,0.48,25,16
959,8,MEIS2,959,1.0,6.5566857191129255,0.6098024088123098,9.455516622060758e-53,3.431935639279569,2.8967457615035896,0.75,0.48,25,16
944,8,MEIS2,944,1.0,6.5566857191129255,-0.337255433617896,6.7297294146159485e-15,-4.011687083768115,3.682514211624319,0.75,0.48,25,16
938,8,MEIS2,938,1.0,6.5566857191129255,0.850101656128346,3.417710168409268e-142,5.691305140394977,6.607453184838167,0.75,0.48,25,16
939,8,MEIS2,939,1.0,6.5566857191129255,-0.3283341998796153,3.70351701880609e-14,-10.990546360884245,16.378026542638544,0.75,0.48,25,16
950,8,MEIS2,950,1.0,6.5566857191129255,0.3507598585945552,4.574617537777642e-16,2.310180831864165,1.5830065403269094,0.75,0.48,25,16
952,8,MEIS2,952,1.0,6.5566857191129255,0.20358172463209057,3.988541296318037e-06,5.898041539164447,6.232056793982891,0.75,0.48,25,16
943,8,MEIS2,943,1.0,6.5566857191129255,-0.27211761548825697,5.04690466950743e-10,-9.178920749681966,11.533863182213405,0.75,0.48,25,16
945,8,MEIS2,945,1.0,6.5566857191129255,0.4576836565644143,1.633262004732151e-27,2.492963876807885,1.7783521130754627,0.75,0.48,25,16
946,8,MEIS2,946,1.0,6.5566857191129255,0.1675620046476698,0.00015498978259230326,8.96884820288263,11.208860932327228,0.75,0.48,25,16
957,8,MEIS2,957,1.0,6.5566857191129255,-0.4359525393533143,7.665265090766058e-25,-4.832505488406788,4.795231192300645,0.75,0.48,25,16
948,8,MEIS2,948,1.0,6.5566857191129255,0.6014208563713516,5.405049739993056e-51,5.629464589828296,6.03778171772803,0.75,0.48,25,16
1456,8,FLI1,1456,1.0,4.153485215630679,0.03882658452180623,0.38392609251331455,4.715897620058078,4.572421859772123,0.8888888888888888,0.64,25,18
1461,8,FLI1,1461,1.0,4.153485215630679,0.540935460005628,1.01105876902497e-39,2.1771037546239667,1.4639341332326288,0.8888888888888888,0.64,25,18
1449,8,FLI1,1449,1.0,4.153485215630679,0.27646404391992,2.5992341167517403e-10,7.527285848382706,8.63854776532644,0.8888888888888888,0.64,25,18
1439,8,FLI1,1439,1.0,4.153485215630679,0.34586927636863074,1.2296222689761976e-15,14.376585032131896,20.979962418365297,0.8888888888888888,0.64,25,18
1441,8,FLI1,1441,1.0,4.153485215630679,0.7590390094910113,8.249576494053683e-96,5.3295112124930775,6.244198316883709,0.8888888888888888,0.64,25,18
1458,8,FLI1,1458,1.0,4.153485215630679,0.4884667348722451,1.2163985807989365e-31,2.2785910903685727,1.5718185801416602,0.8888888888888888,0.64,25,18
1459,8,FLI1,1459,1.0,4.153485215630679,-0.23602540378261433,8.011178679305153e-08,-5.8083052938010304,6.164360727575452,0.8888888888888888,0.64,25,18
1451,8,FLI1,1451,1.0,4.153485215630679,0.2772712364404143,2.2949039186742153e-10,9.757561259560646,12.426651305142693,0.8888888888888888,0.64,25,18
1447,8,FLI1,1447,1.0,4.153485215630679,-0.35781773829556873,1.0648822852169125e-16,-7.655815457735866,9.294924965637934,0.8888888888888888,0.64,25,18
1440,8,FLI1,1440,1.0,4.153485215630679,-0.38319785394688544,4.137585814771733e-19,-10.591412319891685,15.808377683359067,0.8888888888888888,0.64,25,18
1463,8,FLI1,1463,1.0,4.153485215630679,0.36340742769929174,3.270418777836544e-17,3.6768115384326,3.1921351984808237,0.8888888888888888,0.64,25,18
1444,8,FLI1,1444,1.0,4.153485215630679,-0.31257051170955613,6.593393922945907e-13,-9.466874646224683,12.337184264254276,0.8888888888888888,0.64,25,18
1443,8,FLI1,1443,1.0,4.153485215630679,-0.30374944326730813,3.070448242235998e-12,-8.129254413868374,10.926452795587567,0.8888888888888888,0.64,25,18
1446,8,FLI1,1446,1.0,4.153485215630679,-0.34577395627761537,1.25333398551155e-15,-4.732702074918188,4.818066944474699,0.8888888888888888,0.64,25,18
1460,8,FLI1,1460,1.0,4.153485215630679,0.37998538984333224,8.584909643769794e-19,7.249552737968085,9.018099865727097,0.8888888888888888,0.64,25,18
1450,8,FLI1,1450,1.0,4.153485215630679,0.28028066781833466,1.4373981686535472e-10,9.380960828003541,11.907878146571518,0.8888888888888888,0.64,25,18
4640,8,SREBF2,4640,1.0,8.592295314293144,0.3643810343767297,2.6562359604254723e-17,5.382852453242766,5.489368291111772,0.9166666666666666,0.8461538461538461,13,12
4649,8,SREBF2,4649,1.0,8.592295314293144,0.21142331624466798,1.6375913970957302e-06,2.074600290288821,1.3529718118086647,0.9166666666666666,0.8461538461538461,13,12
4642,8,SREBF2,4642,1.0,8.592295314293144,0.4513142618609688,1.0377024498088183e-26,9.38107348204745,11.805084591149503,0.9166666666666666,0.8461538461538461,13,12
4650,8,SREBF2,4650,1.0,8.592295314293144,-0.16004411000106225,0.0003050971296910983,-8.296927815784613,10.369366265546914,0.9166666666666666,0.8461538461538461,13,12
4639,8,SREBF2,4639,1.0,8.592295314293144,0.43023957675270635,3.592873581846631e-24,14.148842497003681,20.620865095949846,0.9166666666666666,0.8461538461538461,13,12
4648,8,SREBF2,4648,1.0,8.592295314293144,-0.3704516103784292,7.145048566911179e-18,-6.960943779615199,8.473315524739698,0.9166666666666666,0.8461538461538461,13,12
4645,8,SREBF2,4645,1.0,8.592295314293144,0.5759790575330827,5.763177554145518e-46,8.41925976821135,10.082691990949902,0.9166666666666666,0.8461538461538461,13,12
4647,8,SREBF2,4647,1.0,8.592295314293144,0.28232422621144104,1.0427865852725785e-10,7.019243609495759,7.902958618737681,0.9166666666666666,0.8461538461538461,13,12
4651,8,SREBF2,4651,1.0,8.592295314293144,0.39369964946805247,3.59537864467095e-20,2.11654421041421,1.3964088551654261,0.9166666666666666,0.8461538461538461,13,12
4641,8,SREBF2,4641,1.0,8.592295314293144,-0.3054389289860664,2.2960139188226688e-12,-3.832970719199344,3.5723192181954357,0.9166666666666666,0.8461538461538461,13,12
4646,8,SREBF2,4646,1.0,8.592295314293144,0.35092310473283356,4.424775068605015e-16,8.36973681127188,10.110880992628967,0.9166666666666666,0.8461538461538461,13,12
2371,8,VAX2,2371,-1.0,7.067315089145023,0.14436539927284656,0.0011410233527364363,-7.0199889562101765,8.470082284963208,0.8888888888888888,0.5714285714285714,14,9
2377,8,VAX2,2377,-1.0,7.067315089145023,-0.23665630538209104,7.380886137460226e-08,6.555322401127574,7.467289612269941,0.8888888888888888,0.5714285714285714,14,9
2368,8,VAX2,2368,-1.0,7.067315089145023,-0.2613838091883723,2.4720206606560923e-09,6.144670483029118,7.451615995705556,0.8888888888888888,0.5714285714285714,14,9
2380,8,VAX2,2380,-1.0,7.067315089145023,-0.19023346434022287,1.6794319823514567e-05,3.4636557424509236,2.923598825915075,0.8888888888888888,0.5714285714285714,14,9
2367,8,VAX2,2367,-1.0,7.067315089145023,-0.17187302581189798,0.0001037214394454389,14.67386927854761,21.280299583083455,0.8888888888888888,0.5714285714285714,14,9
2378,8,VAX2,2378,-1.0,7.067315089145023,-0.21184568767435755,1.5594105123621109e-06,9.127896186202866,11.316620942126402,0.8888888888888888,0.5714285714285714,14,9
2376,8,VAX2,2376,-1.0,7.067315089145023,-0.17896538101015072,5.243970632507831e-05,8.0677046472573,10.24815585914155,0.8888888888888888,0.5714285714285714,14,9
2370,8,VAX2,2370,-1.0,7.067315089145023,-0.4840623503344124,5.0313985608250475e-31,3.4455905417994903,2.878771593435517,0.8888888888888888,0.5714285714285714,14,9
2130,8,MGA,2130,1.0,21.270927626867383,0.1515404956644733,0.0006337053115562283,4.266672644414072,4.290477751726383,1.0,0.8571428571428571,7,6
2133,8,MGA,2133,1.0,21.270927626867383,0.657968591890245,5.924491090830262e-64,8.11763913062813,9.62872714940442,1.0,0.8571428571428571,7,6
2129,8,MGA,2129,1.0,21.270927626867383,0.8890566385831132,8.324868799266838e-173,14.391517177317729,21.300485739728632,1.0,0.8571428571428571,7,6
2135,8,MGA,2135,1.0,21.270927626867383,0.6317012446586274,1.3416158338433995e-57,9.448904449293273,12.35609000024856,1.0,0.8571428571428571,7,6
2132,8,MGA,2132,1.0,21.270927626867383,-0.2751017027168556,3.204207264121201e-10,-3.3655851390046014,2.9171057982536412,1.0,0.8571428571428571,7,6
2131,8,MGA,2131,1.0,21.270927626867383,-0.6926131122429015,2.2112912748751694e-73,-10.39679594164394,14.700317462685051,1.0,0.8571428571428571,7,6
3235,8,FOXK1,3235,1.0,5.735178569607072,0.22339619055073212,3.9365136246069693e-07,2.1409739138519748,1.4168879575016067,1.0,0.84,25,21
3241,8,FOXK1,3241,1.0,5.735178569607072,-0.4405598634397603,2.158216694500755e-25,-8.30084623056519,10.17422916118287,1.0,0.84,25,21
3234,8,FOXK1,3234,1.0,5.735178569607072,-0.41433472539800575,2.2764389829203135e-22,-10.637777040683906,15.780232701282245,1.0,0.84,25,21
3242,8,FOXK1,3242,1.0,5.735178569607072,0.3838065794157056,3.5998549802972784e-19,3.277268256412783,2.726280028262686,1.0,0.84,25,21
3237,8,FOXK1,3237,1.0,5.735178569607072,0.30767154355187076,1.5592437334629618e-12,2.4035221972266783,1.6758045288715988,1.0,0.84,25,21
3232,8,FOXK1,3232,1.0,5.735178569607072,0.531721277717834,3.3703095952580623e-38,14.610613781758351,21.333472454296345,1.0,0.84,25,21
3251,8,FOXK1,3251,1.0,5.735178569607072,0.20964959850022274,2.008867055411468e-06,7.756249250414085,9.279515498468154,1.0,0.84,25,21
3247,8,FOXK1,3247,1.0,5.735178569607072,0.2932297577583846,1.7986360126142675e-11,7.8059335284533224,9.358230389223092,1.0,0.84,25,21
3233,8,FOXK1,3233,1.0,5.735178569607072,0.2950246266862711,1.3370803343922625e-11,5.747676925608542,6.774303830066532,1.0,0.84,25,21
3244,8,FOXK1,3244,1.0,5.735178569607072,0.29827669102313964,7.771604617708431e-12,3.511148317566034,3.0579419711047695,1.0,0.84,25,21
3246,8,FOXK1,3246,1.0,5.735178569607072,0.5175614455855525,6.006397950917548e-36,7.745535925114244,9.561560249794892,1.0,0.84,25,21
3240,8,FOXK1,3240,1.0,5.735178569607072,-0.41573321928466145,1.5945778897393731e-22,-4.415551759405917,4.282256215066283,1.0,0.84,25,21
3256,8,FOXK1,3256,1.0,5.735178569607072,0.4815349236787034,1.1259161305898736e-30,8.187185779414712,9.918590750285553,1.0,0.84,25,21
3236,8,FOXK1,3236,1.0,5.735178569607072,0.44817894832961563,2.5420630103161508e-26,8.115312663784248,9.581654381342513,1.0,0.84,25,21
3250,8,FOXK1,3250,1.0,5.735178569607072,-0.2569054420970048,4.698286384658064e-09,-7.562004156455549,8.847040224313277,1.0,0.84,25,21
3249,8,FOXK1,3249,1.0,5.735178569607072,0.27924025321786844,1.6908349870242191e-10,9.667666492449328,12.026480380000013,1.0,0.84,25,21
3255,8,FOXK1,3255,1.0,5.735178569607072,0.49820615601932877,4.8903062326487824e-33,5.894177213251121,6.257782103277735,1.0,0.84,25,21
3253,8,FOXK1,3253,1.0,5.735178569607072,0.4485860387280965,2.2640783382736876e-26,8.682079897261616,10.331067768680546,1.0,0.84,25,21
3239,8,FOXK1,3239,1.0,5.735178569607072,0.29014951184559457,2.977561848992339e-11,10.969347605940847,14.269465202508984,1.0,0.84,25,21
3248,8,FOXK1,3248,1.0,5.735178569607072,0.47161390052048696,2.4936266692378408e-29,3.3358503108846604,2.7470796066743164,1.0,0.84,25,21
3245,8,FOXK1,3245,1.0,5.735178569607072,0.42218470294234395,3.0195081668179314e-23,9.722808473176082,12.273545568787402,1.0,0.84,25,21
8396,8,NFATC4,8396,-1.0,3.522375488274496,-0.5511911750181231,1.7924928509844e-41,4.98223253399115,5.095969453799066,0.6363636363636364,0.56,25,22
8383,8,NFATC4,8383,-1.0,3.522375488274496,-0.43841492844936675,3.9029791355287787e-25,9.35814436261708,11.707792427255542,0.6363636363636364,0.56,25,22
8382,8,NFATC4,8382,-1.0,3.522375488274496,-0.32686107120028773,4.8819951507649155e-14,7.105675325522324,8.122377833765839,0.6363636363636364,0.56,25,22
8377,8,NFATC4,8377,-1.0,3.522375488274496,-0.21117630396580037,1.6850396359538953e-06,2.3061837968435563,1.5761982216781614,0.6363636363636364,0.56,25,22
8389,8,NFATC4,8389,-1.0,3.522375488274496,0.14829420830281786,0.000829556662164263,-7.296592708836194,8.449094350052388,0.6363636363636364,0.56,25,22
8387,8,NFATC4,8387,-1.0,3.522375488274496,-0.13572164669883138,0.0022389183615860553,9.46148331558809,11.96020706082392,0.6363636363636364,0.56,25,22
8395,8,NFATC4,8395,-1.0,3.522375488274496,-0.45210048955206095,8.276792669375257e-27,10.62023809582685,14.346946232408387,0.6363636363636364,0.56,25,22
8394,8,NFATC4,8394,-1.0,3.522375488274496,-0.41685255482069955,1.1977703354781527e-22,4.384828092572274,4.182358099737327,0.6363636363636364,0.56,25,22
8390,8,NFATC4,8390,-1.0,3.522375488274496,-0.3235174138531866,9.089137295585164e-14,10.896407507680976,14.069414840219903,0.6363636363636364,0.56,25,22
8386,8,NFATC4,8386,-1.0,3.522375488274496,0.7263272600551982,6.155172900658832e-84,-3.2937232327747776,2.8143654916868286,0.6363636363636364,0.56,25,22
8384,8,NFATC4,8384,-1.0,3.522375488274496,-0.3007500750075008,5.1202340145250486e-12,9.832144646320916,12.293142586790243,0.6363636363636364,0.56,25,22
8375,8,NFATC4,8375,-1.0,3.522375488274496,-0.20619347649050623,2.976405632693599e-06,8.212453581121437,9.72888362416934,0.6363636363636364,0.56,25,22
8380,8,NFATC4,8380,-1.0,3.522375488274496,0.8685174418062926,1.9442645514059716e-155,-3.77721054003782,3.510184427023118,0.6363636363636364,0.56,25,22
8397,8,NFATC4,8397,-1.0,3.522375488274496,0.560111476986208,4.787595821904046e-43,-6.18060674926547,7.058330291370697,0.6363636363636364,0.56,25,22
6831,8,ARID5A,6831,-1.0,1.338090631046942,-0.3544737082403893,2.1341254689130954e-16,6.99793523874167,8.011737718919871,0.47058823529411764,0.32,25,17
6830,8,ARID5A,6830,-1.0,1.338090631046942,-0.14450507162517498,0.0011283155581419343,3.254073576103612,2.6485678023147674,0.47058823529411764,0.32,25,17
6824,8,ARID5A,6824,-1.0,1.338090631046942,0.627699571199356,1.1028682316036632e-56,-3.080761574247208,2.5471341415427036,0.47058823529411764,0.32,25,17
6834,8,ARID5A,6834,-1.0,1.338090631046942,-0.4799090778643083,1.8836554931030113e-30,8.556965089744075,10.6365806492515,0.47058823529411764,0.32,25,17
6828,8,ARID5A,6828,-1.0,1.338090631046942,0.8620135926636143,1.5298419467007909e-150,-2.2674422480051537,1.569745971974568,0.47058823529411764,0.32,25,17
6842,8,ARID5A,6842,-1.0,1.338090631046942,-0.3886617543741953,1.173517721398866e-19,9.654579515389065,12.105108343822534,0.47058823529411764,0.32,25,17
6822,8,ARID5A,6822,-1.0,1.338090631046942,-0.34173203034589184,2.8003169183718004e-15,9.343539117232046,11.745571519216401,0.47058823529411764,0.32,25,17
6827,8,ARID5A,6827,-1.0,1.338090631046942,-0.22769304880798638,2.3138348934084693e-07,9.94246447876632,12.493947485042257,0.47058823529411764,0.32,25,17
3677,8,ERG,3677,1.0,9.287047463749722,0.05671974029701109,0.20320134437800494,2.346340654117157,1.6276371173196515,0.9,0.6923076923076923,13,10
3675,8,ERG,3675,1.0,9.287047463749722,0.29652021102731396,1.0426919153670133e-11,7.349958130572861,8.740422234924827,0.9,0.6923076923076923,13,10
3674,8,ERG,3674,1.0,9.287047463749722,0.24107503918093678,4.13080303920215e-08,9.903015964536355,12.401816372554276,0.9,0.6923076923076923,13,10
3676,8,ERG,3676,1.0,9.287047463749722,-0.2071431366739159,2.673395576996441e-06,-8.031010900034289,9.59060102547668,0.9,0.6923076923076923,13,10
3673,8,ERG,3673,1.0,9.287047463749722,-0.3177486382178591,2.608682154240656e-13,-7.810396562707179,10.12978119846889,0.9,0.6923076923076923,13,10
3678,8,ERG,3678,1.0,9.287047463749722,0.2383352620976384,5.9280539437711696e-08,3.464331535022591,2.8999631103610333,0.9,0.6923076923076923,13,10
3680,8,ERG,3680,1.0,9.287047463749722,-0.37694670088126836,1.6996514149886128e-18,-2.167574754874669,1.4588835758799954,0.9,0.6923076923076923,13,10
3672,8,ERG,3672,1.0,9.287047463749722,0.31872224489529705,2.1869035790190773e-13,14.188226745667603,20.53410863380211,0.9,0.6923076923076923,13,10
3684,8,ERG,3684,1.0,9.287047463749722,0.37490863993231627,2.676494682519296e-18,8.283908941718487,10.993806283623465,0.9,0.6923076923076923,13,10
1486,8,SP1,1486,1.0,21.317038261711698,0.6308455069109397,2.1105823429889398e-57,4.859991100860054,4.783753215415139,1.0,0.92,25,23
1469,8,SP1,1469,1.0,21.317038261711698,-0.16764483901806332,0.00015381232902742924,-4.208070497850034,4.156851620311242,1.0,0.92,25,23
1477,8,SP1,1477,1.0,21.317038261711698,0.5781662948903586,2.2163719585425076e-46,5.194171018860295,5.632623485694418,1.0,0.92,25,23
1474,8,SP1,1474,1.0,21.317038261711698,0.2737768186756564,3.9229834896625576e-10,2.034446257347725,1.3233013873906647,1.0,0.92,25,23
1466,8,SP1,1466,1.0,21.317038261711698,0.35965416417418145,7.243915884034329e-17,4.813609415946451,5.185340737847534,1.0,0.92,25,23
1480,8,SP1,1480,1.0,21.317038261711698,0.7179490619869442,3.601690325358877e-81,7.492314279763644,9.218688633525572,1.0,0.92,25,23
1483,8,SP1,1483,1.0,21.317038261711698,0.5859865489654557,6.853019411605697e-48,9.405128523419343,12.026338474869508,1.0,0.92,25,23
1468,8,SP1,1468,1.0,21.317038261711698,0.5105848162455998,7.068690933431782e-35,7.705742873650201,8.954624598698999,1.0,0.92,25,23
1485,8,SP1,1485,1.0,21.317038261711698,0.4904985529608863,6.274650490248915e-32,6.633503387107235,7.388546892086657,1.0,0.92,25,23
1464,8,SP1,1464,1.0,21.317038261711698,0.8834118815608271,1.0395241319310973e-167,14.58102138148529,21.367297209505708,1.0,0.92,25,23
1479,8,SP1,1479,1.0,21.317038261711698,0.8172652358403544,1.6977894567821855e-122,10.638670602518687,14.09412373126917,1.0,0.92,25,23
1487,8,SP1,1487,1.0,21.317038261711698,-0.22542111353992547,3.0684953515162634e-07,-2.854346667813674,2.2171165731995273,1.0,0.92,25,23
1471,8,SP1,1471,1.0,21.317038261711698,-0.6644975056511864,1.2375415182415608e-65,-8.559706736910345,11.515002706273664,1.0,0.92,25,23
1484,8,SP1,1484,1.0,21.317038261711698,0.6733047838945385,5.724416882330705e-68,6.9742567686675985,7.936300578028914,1.0,0.92,25,23
1476,8,SP1,1476,1.0,21.317038261711698,-0.6585697700204803,4.16586585796067e-64,-5.557847175333013,6.041633127124637,1.0,0.92,25,23
1465,8,SP1,1465,1.0,21.317038261711698,-0.7592936622854833,6.555497907805291e-96,-10.582163907019492,15.461507822033052,1.0,0.92,25,23
1478,8,SP1,1478,1.0,21.317038261711698,0.5016373065878017,1.5375829448625988e-33,7.933168026579,9.526919007672715,1.0,0.92,25,23
1472,8,SP1,1472,1.0,21.317038261711698,-0.6438407194756745,1.8544339199193313e-60,-8.387226925337208,10.394187706356302,1.0,0.92,25,23
1473,8,SP1,1473,1.0,21.317038261711698,0.530664091253846,5.005164326728843e-38,5.583115131821149,6.094034858793457,1.0,0.92,25,23
1470,8,SP1,1470,1.0,21.317038261711698,-0.6174010879348806,2.1711774481929475e-54,-10.293182371077478,13.557235425886224,1.0,0.92,25,23
1475,8,SP1,1475,1.0,21.317038261711698,0.570225097043866,6.881335292086378e-45,10.365800124168775,13.180177866952434,1.0,0.92,25,23
1481,8,SP1,1481,1.0,21.317038261711698,-0.40939839325547467,7.892498983131984e-22,-7.617094050611129,8.88568752746281,1.0,0.92,25,23
1488,8,SP1,1488,1.0,21.317038261711698,0.3506185090558746,4.708380457943295e-16,3.5404850916927924,3.0050316289471457,1.0,0.92,25,23
3497,8,NKX3-1,3497,1.0,16.26008276912369,-0.3673626990028196,1.398574135918851e-17,-3.331312498191114,2.859161977219755,0.85,0.68,25,20
3513,8,NKX3-1,3513,1.0,16.26008276912369,0.1849051364763806,2.901845101818086e-05,3.0931689020980286,2.4490304486071035,0.85,0.68,25,20
3495,8,NKX3-1,3495,1.0,16.26008276912369,0.4358989625670643,7.778189330131608e-25,10.48920926563486,13.471170558341196,0.85,0.68,25,20
3512,8,NKX3-1,3512,1.0,16.26008276912369,0.5787748340051397,1.6967494420593756e-46,7.068984501406565,8.457636293934534,0.85,0.68,25,20
3507,8,NKX3-1,3507,1.0,16.26008276912369,0.5189659959784798,3.6311285950353597e-36,10.399447534747395,13.982548502778021,0.85,0.68,25,20
3508,8,NKX3-1,3508,1.0,16.26008276912369,0.23951376504110047,5.077679635849928e-08,4.222715552052705,3.9084390545706076,0.85,0.68,25,20
3501,8,NKX3-1,3501,1.0,16.26008276912369,0.4834826960956967,6.0558559472079715e-31,10.531978867985353,15.154989378436609,0.85,0.68,25,20
3499,8,NKX3-1,3499,1.0,16.26008276912369,0.22179335946016965,4.786616251060216e-07,7.685155425668215,8.89016291570561,0.85,0.68,25,20
3504,8,NKX3-1,3504,1.0,16.26008276912369,0.2729138131204425,4.4731748272038414e-10,7.338006063965319,8.766712285225957,0.85,0.68,25,20
3502,8,NKX3-1,3502,1.0,16.26008276912369,0.3871147363183524,1.6806596174934316e-19,7.1944091671226404,8.284627452107852,0.85,0.68,25,20
3496,8,NKX3-1,3496,1.0,16.26008276912369,0.5706459776412425,5.749256240682779e-45,9.22681106954776,11.708517977018039,0.85,0.68,25,20
3489,8,NKX3-1,3489,1.0,16.26008276912369,0.3191349259149518,2.0289939970754604e-13,14.394183049441615,20.9516014944053,0.85,0.68,25,20
3505,8,NKX3-1,3505,1.0,16.26008276912369,0.40366092509872115,3.262983191172719e-21,8.910815757557646,10.860472920174105,0.85,0.68,25,20
3510,8,NKX3-1,3510,1.0,16.26008276912369,0.2521191249559739,9.208972386926903e-09,3.0286393234046383,2.3774468494796133,0.85,0.68,25,20
3492,8,NKX3-1,3492,1.0,16.26008276912369,0.3672361646102499,1.437364607083491e-17,8.904891870264874,10.785856387438617,0.85,0.68,25,20
3511,8,NKX3-1,3511,1.0,16.26008276912369,0.42174910037587615,3.3824127959597364e-23,2.3106893493935177,1.5910746619216245,0.85,0.68,25,20
3506,8,NKX3-1,3506,1.0,16.26008276912369,0.3868767622103826,1.7758326094892795e-19,8.610646240890187,10.41539220369287,0.85,0.68,25,20
1685,8,ZNF8,1685,1.0,21.219610265895938,0.5606123034663716,3.893722365565475e-43,10.177833512358065,13.145059167151194,0.95,0.76,25,20
1683,8,ZNF8,1683,1.0,21.219610265895938,0.39828013857286354,1.2048149183121681e-20,8.721554289143052,11.469099202833407,0.95,0.76,25,20
1684,8,ZNF8,1684,1.0,21.219610265895938,0.6021524823289783,3.814964140024857e-51,2.9192827203795932,2.2487588432190218,0.95,0.76,25,20
1680,8,ZNF8,1680,1.0,21.219610265895938,-0.23763690033599635,6.495246100686689e-08,-3.0857406414847257,2.535266045969275,0.95,0.76,25,20
1679,8,ZNF8,1679,1.0,21.219610265895938,0.31553037291306774,3.8894523169758604e-13,2.447898045874485,1.7233559075771148,0.95,0.76,25,20
1682,8,ZNF8,1682,1.0,21.219610265895938,0.37175636818340224,5.36849268828969e-18,7.929397463046891,9.635194165057559,0.95,0.76,25,20
1671,8,ZNF8,1671,1.0,21.219610265895938,0.7439411643027658,4.182314784653129e-90,14.594896903237462,21.275208842952036,0.95,0.76,25,20
1691,8,ZNF8,1691,1.0,21.219610265895938,0.21938277678699553,6.405433273505765e-07,3.335817535484816,2.78127326356436,0.95,0.76,25,20
1672,8,ZNF8,1672,1.0,21.219610265895938,0.16969696969696973,0.0001271876947183412,5.598779465158623,6.541754409604189,0.95,0.76,25,20
1673,8,ZNF8,1673,1.0,21.219610265895938,0.24188362935672453,3.709973367906814e-08,2.488105565772695,1.7686456953483927,0.95,0.76,25,20
1681,8,ZNF8,1681,1.0,21.219610265895938,0.28818953323903823,4.090589671957844e-11,4.6076217236705554,4.509255840454162,0.95,0.76,25,20
1687,8,ZNF8,1687,1.0,21.219610265895938,0.32100675906099935,1.4421670897325978e-13,7.6043570943903545,9.10752754868479,0.95,0.76,25,20
1694,8,ZNF8,1694,1.0,21.219610265895938,0.12273379511864231,0.005749910949255438,4.262149186145658,3.961437456404277,0.95,0.76,25,20
1677,8,ZNF8,1677,1.0,21.219610265895938,0.40506836397925505,2.3094685245075635e-21,3.0424891432603793,2.376620048217621,0.95,0.76,25,20
1690,8,ZNF8,1690,1.0,21.219610265895938,0.300084045671648,5.731378636633212e-12,5.1376773939869,5.330723353987963,0.95,0.76,25,20
1692,8,ZNF8,1692,1.0,21.219610265895938,0.36273860305285194,3.7712211059775563e-17,6.850957427305357,7.763360654175723,0.95,0.76,25,20
1678,8,ZNF8,1678,1.0,21.219610265895938,0.41670384429747337,1.2442589531976666e-22,9.937266612791865,12.59213164690786,0.95,0.76,25,20
1674,8,ZNF8,1674,1.0,21.219610265895938,0.5413081680838893,8.753507755089136e-40,7.834977821675093,9.205360347670643,0.95,0.76,25,20
1686,8,ZNF8,1686,1.0,21.219610265895938,0.19923660067870144,6.43710503433173e-06,4.382260042380227,4.123186808946582,0.95,0.76,25,20
2437,8,PRRX2,2437,-1.0,3.810429733030375,-0.2811690175228703,1.2506248028413304e-10,2.3501028980290224,1.62113133570669,0.8421052631578947,0.64,25,19
2454,8,PRRX2,2454,-1.0,3.810429733030375,-0.44390883187697655,8.485573691956117e-26,3.1235364698193853,2.5270275284960277,0.8421052631578947,0.64,25,19
2446,8,PRRX2,2446,-1.0,3.810429733030375,0.832602732322922,3.6687774470564585e-131,-4.53091865044462,4.740963465171397,0.8421052631578947,0.64,25,19
2440,8,PRRX2,2440,-1.0,3.810429733030375,0.13085687450732653,0.0032187839163171097,-7.649480736682328,9.814195314960362,0.8421052631578947,0.64,25,19
2431,8,PRRX2,2431,-1.0,3.810429733030375,-0.30553797615786427,2.2570907754452724e-12,14.729110399021806,21.622959521884308,0.8421052631578947,0.64,25,19
2445,8,PRRX2,2445,-1.0,3.810429733030375,-0.5260235961484349,2.7937323713517278e-37,9.090992543241644,11.577439914147732,0.8421052631578947,0.64,25,19
2448,8,PRRX2,2448,-1.0,3.810429733030375,0.09748766802146054,0.028484080382264146,-7.3872616193741205,8.838202727969916,0.8421052631578947,0.64,25,19
2435,8,PRRX2,2435,-1.0,3.810429733030375,-0.22890127522068984,1.9889056475978838e-07,7.821908552943517,9.108883020242521,0.8421052631578947,0.64,25,19
2441,8,PRRX2,2441,-1.0,3.810429733030375,-0.5060447659672801,3.411490711295919e-34,9.30225555399995,11.415802299141353,0.8421052631578947,0.64,25,19
2455,8,PRRX2,2455,-1.0,3.810429733030375,-0.35775978218939913,1.0778658168281971e-16,7.858261136429481,9.411555706238468,0.8421052631578947,0.64,25,19
2449,8,PRRX2,2449,-1.0,3.810429733030375,-0.5406574197792451,1.1256951774408059e-39,7.220689154206597,8.418244410142336,0.8421052631578947,0.64,25,19
2439,8,PRRX2,2439,-1.0,3.810429733030375,-0.3241645282540677,8.063856925382238e-14,10.144270371446217,12.869427111147276,0.8421052631578947,0.64,25,19
2451,8,PRRX2,2451,-1.0,3.810429733030375,-0.34352242677683925,1.964172068552067e-15,3.3124255706412185,2.760609665138594,0.8421052631578947,0.64,25,19
2433,8,PRRX2,2433,-1.0,3.810429733030375,0.1600638635292101,0.0003045663537642399,-10.454389441729143,15.489067520988792,0.8421052631578947,0.64,25,19
2450,8,PRRX2,2450,-1.0,3.810429733030375,-0.5565205278291806,2.0854468708239265e-42,11.838063391571676,17.027425084686765,0.8421052631578947,0.64,25,19
2452,8,PRRX2,2452,-1.0,3.810429733030375,-0.18204227255023644,3.8686281753801776e-05,6.880691186021602,7.742500661557505,0.8421052631578947,0.64,25,19
1253,8,ETV6,1253,1.0,7.479678198535525,-0.4501010038892089,1.469350223077436e-26,-5.010028215092523,5.0965164066968365,0.9047619047619048,0.76,25,21
1239,8,ETV6,1239,1.0,7.479678198535525,-0.3429641100756039,2.1944117100345728e-15,-8.293269113134103,10.194177616190583,0.9047619047619048,0.76,25,21
1240,8,ETV6,1240,1.0,7.479678198535525,0.3853170720798789,2.5451108038850433e-19,9.326246854924468,11.436903656693804,0.9047619047619048,0.76,25,21
1236,8,ETV6,1236,1.0,7.479678198535525,-0.33756152012716806,6.3409935634400574e-15,-9.309345310781012,12.65308325294878,0.9047619047619048,0.76,25,21
1245,8,ETV6,1245,1.0,7.479678198535525,0.2918765479032376,2.2461747007057333e-11,7.896618871113718,10.175276528385437,0.9047619047619048,0.76,25,21
1234,8,ETV6,1234,1.0,7.479678198535525,0.5359639069497012,6.796550175980613e-39,5.832930574606781,7.141784538476873,0.9047619047619048,0.76,25,21
1250,8,ETV6,1250,1.0,7.479678198535525,0.4312661079772574,2.7278936904871546e-24,9.285503651149442,12.433863565146074,0.9047619047619048,0.76,25,21
1241,8,ETV6,1241,1.0,7.479678198535525,0.25852364739579553,3.7305574307493854e-09,10.180932615414584,12.738364558941113,0.9047619047619048,0.76,25,21
1255,8,ETV6,1255,1.0,7.479678198535525,0.3517135253898061,3.764791165934179e-16,7.2300064910185275,8.33058037324105,0.9047619047619048,0.76,25,21
1248,8,ETV6,1248,1.0,7.479678198535525,-0.1531790135535293,0.0005520390860740856,-4.312052364527742,4.126172609020256,0.9047619047619048,0.76,25,21
1238,8,ETV6,1238,1.0,7.479678198535525,-0.21567433140829612,9.963338278266301e-07,-4.771731953750178,4.720527300111109,0.9047619047619048,0.76,25,21
1252,8,ETV6,1252,1.0,7.479678198535525,0.15351081692020138,0.000536740028592382,7.506437212025551,9.505670482691043,0.9047619047619048,0.76,25,21
1237,8,ETV6,1237,1.0,7.479678198535525,-0.3318209771287688,1.91435767401199e-14,-8.819652881957037,11.984881141562628,0.9047619047619048,0.76,25,21
1251,8,ETV6,1251,1.0,7.479678198535525,-0.37165806642776084,5.485621277559497e-18,-8.88894763811747,11.12366389353679,0.9047619047619048,0.76,25,21
1256,8,ETV6,1256,1.0,7.479678198535525,0.40188925724870633,5.02977727731805e-21,5.946057086527087,6.39305509714945,0.9047619047619048,0.76,25,21
1232,8,ETV6,1232,1.0,7.479678198535525,0.42659020560441147,9.492451982123735e-24,14.30168313145752,20.963563723720505,0.9047619047619048,0.76,25,21
1244,8,ETV6,1244,1.0,7.479678198535525,0.2592043055237201,3.384048296811786e-09,8.33249911678449,10.046624621533656,0.9047619047619048,0.76,25,21
1249,8,ETV6,1249,1.0,7.479678198535525,0.09617890360464619,0.030694723228429466,9.387147523823865,12.173214942893207,0.9047619047619048,0.76,25,21
1233,8,ETV6,1233,1.0,7.479678198535525,-0.3584746362835042,9.28051617900468e-17,-10.487248257719274,15.628266834133724,0.9047619047619048,0.76,25,21
6005,8,PATZ1,6005,1.0,9.360967275772847,0.3785225106361569,1.1937814447570474e-18,7.362000765529471,8.98801003293887,0.3333333333333333,0.3333333333333333,3,3
5288,8,POLR3A,5288,1.0,4.576941360615252,-0.31720681384908683,2.8768995963094433e-13,-4.478091558991577,4.266777723749681,1.0,0.7916666666666666,24,19
5290,8,POLR3A,5290,1.0,4.576941360615252,0.3222062268338636,1.1573455420293433e-13,5.95407921421809,7.147765537211762,1.0,0.7916666666666666,24,19
5276,8,POLR3A,5276,1.0,4.576941360615252,-0.43864712558212354,3.6612618588255953e-25,-5.35335448042033,5.763410037307478,1.0,0.7916666666666666,24,19
5292,8,POLR3A,5292,1.0,4.576941360615252,0.37168676494978703,5.451168876666442e-18,5.485134113011749,5.6042703114341315,1.0,0.7916666666666666,24,19
5289,8,POLR3A,5289,1.0,4.576941360615252,0.4657215721572158,1.4971686606780974e-28,4.634941198582101,4.665812221944288,1.0,0.7916666666666666,24,19
5286,8,POLR3A,5286,1.0,4.576941360615252,0.37295993574512737,4.119336477291159e-18,7.408191058546758,9.386088421080558,1.0,0.7916666666666666,24,19
5272,8,POLR3A,5272,1.0,4.576941360615252,-0.3766005482535832,1.8363373432028662e-18,-8.52065642543901,11.866588898521123,1.0,0.7916666666666666,24,19
5284,8,POLR3A,5284,1.0,4.576941360615252,0.602754871760468,2.8616405916697403e-51,7.966664882366078,9.626012627807404,1.0,0.7916666666666666,24,19
5278,8,POLR3A,5278,1.0,4.576941360615252,0.6073896830676857,3.0680277976612083e-52,11.569613933033924,15.503006536427321,1.0,0.7916666666666666,24,19
5269,8,POLR3A,5269,1.0,4.576941360615252,0.6232533501797386,1.1053817783126014e-55,14.720923795268039,21.804713813581863,1.0,0.7916666666666666,24,19
5283,8,POLR3A,5283,1.0,4.576941360615252,-0.28527439700491797,6.530711638433004e-11,-6.929757472844382,8.019222007530844,1.0,0.7916666666666666,24,19
5279,8,POLR3A,5279,1.0,4.576941360615252,0.5428891957518734,4.74007506704318e-40,6.880615226795499,8.351094182118462,1.0,0.7916666666666666,24,19
5270,8,POLR3A,5270,1.0,4.576941360615252,-0.4198026324371569,5.60534370290916e-23,-10.679311525876564,15.898788722169408,1.0,0.7916666666666666,24,19
5282,8,POLR3A,5282,1.0,4.576941360615252,0.4021216407355022,4.7529400014255695e-21,3.981467622529114,3.5529965468859186,1.0,0.7916666666666666,24,19
5275,8,POLR3A,5275,1.0,4.576941360615252,-0.3295101870435491,2.9673246586085084e-14,-4.777488079783783,5.130281592674473,1.0,0.7916666666666666,24,19
5271,8,POLR3A,5271,1.0,4.576941360615252,-0.3378789742328271,5.961108371392331e-15,-9.929544063443178,13.149019452724344,1.0,0.7916666666666666,24,19
5273,8,POLR3A,5273,1.0,4.576941360615252,-0.30069062806901814,5.172085702819948e-12,-8.405132572643813,10.39095225394532,1.0,0.7916666666666666,24,19
5287,8,POLR3A,5287,1.0,4.576941360615252,0.06280718133925195,0.1587435401534662,4.046453064799787,3.7288486720784464,1.0,0.7916666666666666,24,19
5281,8,POLR3A,5281,1.0,4.576941360615252,0.4318070937528536,2.3584429834605014e-24,8.086913568715527,9.673758064326499,1.0,0.7916666666666666,24,19
5473,8,E4F1,5473,-1.0,15.23171219751581,-0.4891419887330349,9.766667161137699e-32,13.682698909601154,19.290817176361436,1.0,1.0,3,3
5474,8,E4F1,5474,-1.0,15.23171219751581,0.6358286139172925,1.478469427037921e-58,-10.471021816183852,14.831103600421942,1.0,1.0,3,3
5475,8,E4F1,5475,-1.0,15.23171219751581,-0.29893545255146636,6.9568617140105426e-12,8.901668318694506,11.055627305019666,1.0,1.0,3,3
3712,8,HIVEP2,3712,1.0,21.269158977171386,0.4104278129676322,6.10030162904913e-22,5.1313943468752985,5.728574977896908,0.8,0.6666666666666666,6,5
3711,8,HIVEP2,3711,1.0,21.269158977171386,-0.6684271532743337,1.1500291840142648e-66,-10.14865875021845,14.489672447464006,0.8,0.6666666666666666,6,5
3710,8,HIVEP2,3710,1.0,21.269158977171386,0.7118829584821837,3.1478711662941255e-79,14.430869733116744,21.69131732114066,0.8,0.6666666666666666,6,5
3714,8,HIVEP2,3714,1.0,21.269158977171386,0.3571176993475746,1.2325407378515824e-16,10.303912655130768,12.884287971286822,0.8,0.6666666666666666,6,5
2823,8,CREB3,2823,-1.0,15.617258920752104,-0.25038808228648957,1.1707148829599956e-08,10.684886753242735,14.399143379174951,1.0,0.9,10,9
2827,8,CREB3,2827,-1.0,15.617258920752104,0.3840411059739515,3.411589077834653e-19,-8.183619071599173,10.567015853783001,1.0,0.9,10,9
2820,8,CREB3,2820,-1.0,15.617258920752104,-0.31733735485349784,2.809909062157999e-13,14.064298455591834,20.369482304851438,1.0,0.9,10,9
2822,8,CREB3,2822,-1.0,15.617258920752104,0.17565564009817136,7.233108424851837e-05,-9.959802998685307,12.960836471790769,1.0,0.9,10,9
2826,8,CREB3,2826,-1.0,15.617258920752104,0.3848560321870697,2.8297615773710435e-19,-6.448196172651059,7.380402856692441,1.0,0.9,10,9
2824,8,CREB3,2824,-1.0,15.617258920752104,-0.3692234440835388,9.340183506001293e-18,3.2891643970648805,2.6687327911254375,1.0,0.9,10,9
2829,8,CREB3,2829,-1.0,15.617258920752104,0.34407804134450715,1.7586435006054248e-15,-6.014342919870116,6.644320411393651,1.0,0.9,10,9
2825,8,CREB3,2825,-1.0,15.617258920752104,0.5865636874246433,5.282408223249259e-48,-6.891949697511214,7.954103720397363,1.0,0.9,10,9
2821,8,CREB3,2821,-1.0,15.617258920752104,0.3871561069150394,1.6646349488056473e-19,-10.452968057008267,14.736434834288248,1.0,0.9,10,9
2819,8,NFYA,2819,1.0,4.752168233066999,0.19034956290660124,1.6592559672804134e-05,6.835664901125216,7.719113181834332,1.0,0.88,25,22
2811,8,NFYA,2811,1.0,4.752168233066999,0.6187427438396014,1.1031554175153387e-54,9.650614714614955,12.194319446758586,1.0,0.88,25,22
2800,8,NFYA,2800,1.0,4.752168233066999,-0.40307428258353795,3.766771286223387e-21,-8.285635977276323,10.912747736932838,1.0,0.88,25,22
2795,8,NFYA,2795,1.0,4.752168233066999,0.5950046868040842,1.1045177884723609e-49,14.448690239945154,21.180325990710273,1.0,0.88,25,22
2797,8,NFYA,2797,1.0,4.752168233066999,0.38940959313322643,9.857938619863604e-20,2.200018712974742,1.4710418282144542,1.0,0.88,25,22
2798,8,NFYA,2798,1.0,4.752168233066999,-0.2550651027835703,6.095700665809742e-09,-9.357278069758108,12.551820527603224,1.0,0.88,25,22
2803,8,NFYA,2803,1.0,4.752168233066999,-0.40116396732840987,6.00013184622808e-21,-3.8257035047847254,3.578080910758881,1.0,0.88,25,22
2817,8,NFYA,2817,1.0,4.752168233066999,0.35632299254770206,1.454446822086984e-16,2.078837616254222,1.3691960290632998,1.0,0.88,25,22
2809,8,NFYA,2809,1.0,4.752168233066999,0.2766305512538832,2.5334017412718753e-10,9.641441982313554,12.285165130521193,1.0,0.88,25,22
2796,8,NFYA,2796,1.0,4.752168233066999,-0.37952248641013175,9.530677342380063e-19,-10.632546617560545,15.702714672782115,1.0,0.88,25,22
2804,8,NFYA,2804,1.0,4.752168233066999,0.5466008091492379,1.1086801284764145e-40,10.081831133159689,12.427061192732817,1.0,0.88,25,22
2802,8,NFYA,2802,1.0,4.752168233066999,0.38587892950785774,2.236126863482037e-19,8.454118429928112,10.437557293517411,1.0,0.88,25,22
2801,8,NFYA,2801,1.0,4.752168233066999,-0.43996567358599215,2.5442289159546376e-25,-7.877872002071243,9.478361952825548,1.0,0.88,25,22
2816,8,NFYA,2816,1.0,4.752168233066999,-0.3954179268858564,2.390513550924102e-20,-6.399965410398462,7.303258664034037,1.0,0.88,25,22
2813,8,NFYA,2813,1.0,4.752168233066999,0.21366124190058763,1.262251812946633e-06,3.218228825712496,2.628433141021751,1.0,0.88,25,22
2812,8,NFYA,2812,1.0,4.752168233066999,0.4268055376966268,8.966527757430509e-24,10.418231604248462,14.516021024840782,1.0,0.88,25,22
2814,8,NFYA,2814,1.0,4.752168233066999,-0.33800457685520113,5.817051611806509e-15,-7.264237344298864,8.392872564879157,1.0,0.88,25,22
2799,8,NFYA,2799,1.0,4.752168233066999,0.37637338267988296,1.9318616577040844e-18,7.332747534051454,8.415608499471192,1.0,0.88,25,22
2806,8,NFYA,2806,1.0,4.752168233066999,0.5754898781803647,7.129434614742107e-46,10.31278916531596,13.430062760383041,1.0,0.88,25,22
2805,8,NFYA,2805,1.0,4.752168233066999,-0.4776928624539473,3.7820647069903884e-30,-7.426079196311545,9.740355522651171,1.0,0.88,25,22
2818,8,NFYA,2818,1.0,4.752168233066999,0.35238095238095246,3.2836162844901873e-16,2.6231150794883096,1.929333975334296,1.0,0.88,25,22
2810,8,NFYA,2810,1.0,4.752168233066999,0.5527107990302137,9.744816755559474e-42,5.802431540221699,6.19116523146048,1.0,0.88,25,22
6164,8,EWSR1,6164,-1.0,2.911659357850148,0.29522607540257134,1.2931436509165768e-11,-3.5958889594420134,3.1152312440444923,0.7894736842105263,0.6,25,19
6178,8,EWSR1,6178,-1.0,2.911659357850148,0.3693423379605042,9.101516958917506e-18,-5.412938996024882,5.865848481825973,0.7894736842105263,0.6,25,19
6169,8,EWSR1,6169,-1.0,2.911659357850148,0.443520563236448,9.460512379935548e-26,-6.965207409970517,8.209474181455066,0.7894736842105263,0.6,25,19
6173,8,EWSR1,6173,-1.0,2.911659357850148,0.39941643232646257,9.16178144582376e-21,-3.7988048589718,3.3632974981709394,0.7894736842105263,0.6,25,19
6154,8,EWSR1,6154,-1.0,2.911659357850148,0.40357026385868405,3.3362557777936962e-21,-10.68481433664094,15.649509265306952,0.7894736842105263,0.6,25,19
6177,8,EWSR1,6177,-1.0,2.911659357850148,0.23553920609452253,8.532049961955142e-08,-5.25484710260037,5.582941259694051,0.7894736842105263,0.6,25,19
6162,8,EWSR1,6162,-1.0,2.911659357850148,0.21599057421270082,9.597876908254911e-07,-2.863652330344204,2.186387815602957,0.7894736842105263,0.6,25,19
6163,8,EWSR1,6163,-1.0,2.911659357850148,0.38611420148226017,2.1180038730404668e-19,-2.039849380166503,1.3367429119700418,0.7894736842105263,0.6,25,19
6158,8,EWSR1,6158,-1.0,2.911659357850148,0.23557470653897697,8.492936876346725e-08,-8.794920553182308,12.579587677598466,0.7894736842105263,0.6,25,19
6157,8,EWSR1,6157,-1.0,2.911659357850148,0.2865423498871627,5.3318378023532006e-11,-8.214723216506885,10.786159285508596,0.7894736842105263,0.6,25,19
6165,8,EWSR1,6165,-1.0,2.911659357850148,0.32912331605831396,3.192086394240723e-14,-7.95828868082517,10.051112136148888,0.7894736842105263,0.6,25,19
6156,8,EWSR1,6156,-1.0,2.911659357850148,0.426857810004603,8.84326219041127e-24,-8.160846133534482,9.934787174348171,0.7894736842105263,0.6,25,19
6171,8,EWSR1,6171,-1.0,2.911659357850148,0.3033956501240187,3.2623581147838436e-12,-3.1563649817205746,2.5813716547289154,0.7894736842105263,0.6,25,19
6175,8,EWSR1,6175,-1.0,2.911659357850148,0.1982213438735178,7.188095895042913e-06,-4.971133918896889,5.238374356861069,0.7894736842105263,0.6,25,19
6168,8,EWSR1,6168,-1.0,2.911659357850148,0.3265954235175071,5.130557205458336e-14,-9.506798160818457,12.183176472879362,0.7894736842105263,0.6,25,19
8781,8,WT1,8781,1.0,4.27900331100726,0.2247469074370371,3.334718499373643e-07,7.895572877090968,9.727938770442439,0.8181818181818182,0.6,15,11
8783,8,WT1,8783,1.0,4.27900331100726,0.525112848885593,3.902973971697981e-37,2.291943317511323,1.5750004841223761,0.8181818181818182,0.6,15,11
8782,8,WT1,8782,1.0,4.27900331100726,0.3684514018221114,1.1046888978697186e-17,10.722484097892583,13.609200330662445,0.8181818181818182,0.6,15,11
8786,8,WT1,8786,1.0,4.27900331100726,-0.3944428412676529,3.014436186556763e-20,-8.076777942800728,9.95524560580843,0.8181818181818182,0.6,15,11
8777,8,WT1,8777,1.0,4.27900331100726,0.39536327900125545,2.4218349778771788e-20,5.617328318683636,5.955978693018428,0.8181818181818182,0.6,15,11
8785,8,WT1,8785,1.0,4.27900331100726,0.3414953525779954,2.9342307040111213e-15,5.352466797121759,5.729810896854937,0.8181818181818182,0.6,15,11
8774,8,WT1,8774,1.0,4.27900331100726,0.524872884608583,4.261698284941231e-37,8.44798579217801,10.144619573448528,0.8181818181818182,0.6,15,11
8780,8,WT1,8780,1.0,4.27900331100726,0.4113607421518961,4.8265598122742755e-22,2.9096454742193023,2.233241536464129,0.8181818181818182,0.6,15,11
8776,8,WT1,8776,1.0,4.27900331100726,0.38965082454827366,9.318048033738946e-20,5.961843842205909,6.404154727737682,0.8181818181818182,0.6,15,11
4658,8,MESP1,4658,-1.0,3.1513364612488846,0.3913664968981371,6.234049060787836e-20,-7.270369325545481,8.30882545239961,1.0,0.75,8,6
4655,8,MESP1,4655,-1.0,3.1513364612488846,-0.2820034177330777,1.0968615753526551e-10,5.1888092236982635,5.8035923772631985,1.0,0.75,8,6
4656,8,MESP1,4656,-1.0,3.1513364612488846,0.30288988526181815,3.5572097895876724e-12,-9.897185113922813,13.111375383904592,1.0,0.75,8,6
4652,8,MESP1,4652,-1.0,3.1513364612488846,-0.5297746234250755,6.973505776006946e-38,13.754151573086553,19.2547020996806,1.0,0.75,8,6
4653,8,MESP1,4653,-1.0,3.1513364612488846,0.42012968377583104,5.150412009975638e-23,-10.416251116055347,14.57582139140877,1.0,0.75,8,6
4657,8,MESP1,4657,-1.0,3.1513364612488846,0.4021361763505544,4.736132074954996e-21,-6.936104793592498,8.041320744280378,1.0,0.75,8,6
4180,8,GTF2A1,4180,1.0,21.282820850429733,-0.3002028463715938,5.61737717248565e-12,-3.056430847335752,2.480793719807043,0.875,0.875,8,8
4184,8,GTF2A1,4184,1.0,21.282820850429733,0.6231079940292167,1.1911445624975677e-55,8.412820992690971,10.46292661030612,0.875,0.875,8,8
4178,8,GTF2A1,4178,1.0,21.282820850429733,0.13671985210943455,0.002075195497574301,5.6402104249943985,6.6026895876688725,0.875,0.875,8,8
4177,8,GTF2A1,4177,1.0,21.282820850429733,0.7672179019144152,4.433045206365145e-99,14.16867273557139,20.697054557017314,0.875,0.875,8,8
4181,8,GTF2A1,4181,1.0,21.282820850429733,-0.39795523030563934,1.302703132687456e-20,-6.518880942740835,7.753848447043867,0.875,0.875,8,8
4179,8,GTF2A1,4179,1.0,21.282820850429733,-0.6219952740615677,2.1077759456953906e-55,-10.615741011310122,15.8530156658667,0.875,0.875,8,8
4182,8,GTF2A1,4182,1.0,21.282820850429733,-0.5053314958825077,4.359259368613825e-34,-7.820179976810314,9.443407087800514,0.875,0.875,8,8
4211,8,RORA,4211,1.0,21.31358074603194,-0.6736582043297499,4.595664012287687e-68,-10.599652744100432,15.447956147867103,0.8947368421052632,0.68,25,19
4222,8,RORA,4222,1.0,21.31358074603194,0.5094784323152813,1.039626328201493e-34,2.285037408324429,1.559138655447128,0.8947368421052632,0.68,25,19
4217,8,RORA,4217,1.0,21.31358074603194,-0.5629016628370913,1.5070961487404208e-43,-7.661510455341955,9.235612870056752,0.8947368421052632,0.68,25,19
4219,8,RORA,4219,1.0,21.31358074603194,0.4912888804408391,4.8444332148915775e-32,10.151969726374132,12.952601815180627,0.8947368421052632,0.68,25,19
4223,8,RORA,4223,1.0,21.31358074603194,0.3336750134640794,1.3431861890893993e-14,8.11892617287681,9.965178178590145,0.8947368421052632,0.68,25,19
4224,8,RORA,4224,1.0,21.31358074603194,0.5039633777042302,6.965108557128068e-34,6.973128051931873,7.8286426855489335,0.8947368421052632,0.68,25,19
4210,8,RORA,4210,1.0,21.31358074603194,0.7261593550659415,7.009834191172813e-84,14.459830245246216,21.174786984734137,0.8947368421052632,0.68,25,19
4212,8,RORA,4212,1.0,21.31358074603194,0.6145428828597146,9.087283109263699e-54,5.888873313233186,7.054591506774882,0.8947368421052632,0.68,25,19
4228,8,RORA,4228,1.0,21.31358074603194,0.47149724289199113,2.584582277175883e-29,4.165238558468054,3.8535063414388535,0.8947368421052632,0.68,25,19
4220,8,RORA,4220,1.0,21.31358074603194,0.3674402222830979,1.3753192952470954e-17,9.227984952449575,11.39328681666096,0.8947368421052632,0.68,25,19
4218,8,RORA,4218,1.0,21.31358074603194,-0.5604142091227757,4.225552253343497e-43,-4.264180683476487,4.050299445716683,0.8947368421052632,0.68,25,19
4234,8,RORA,4234,1.0,21.31358074603194,0.4803917348256565,1.6172547144526285e-30,9.113650191205233,11.934949118234236,0.8947368421052632,0.68,25,19
4231,8,RORA,4231,1.0,21.31358074603194,0.43204888811862563,2.209735480136475e-24,8.733216264894404,10.683521289549027,0.8947368421052632,0.68,25,19
4214,8,RORA,4214,1.0,21.31358074603194,0.26939721922502813,7.599944454930022e-10,6.665415034522643,7.403300269951912,0.8947368421052632,0.68,25,19
4221,8,RORA,4221,1.0,21.31358074603194,0.3575458477524772,1.1271536742541562e-16,9.107802206088492,11.445464928754518,0.8947368421052632,0.68,25,19
4215,8,RORA,4215,1.0,21.31358074603194,-0.5657882869032246,4.505821622455703e-44,-7.888178571253036,10.204556143230779,0.8947368421052632,0.68,25,19
4233,8,RORA,4233,1.0,21.31358074603194,-0.3319595313568624,1.8644853061417905e-14,-2.4845553139616117,1.789270129473767,0.8947368421052632,0.68,25,19
3873,8,ZNF148,3873,1.0,21.40888257225703,-0.20717845076433114,2.662717535505297e-06,-4.714861802894263,4.927433295609619,1.0,0.76,25,19
3864,8,ZNF148,3864,1.0,21.40888257225703,0.4090400344382265,8.631078537781774e-22,4.642526137292171,4.522686807793003,1.0,0.76,25,19
3859,8,ZNF148,3859,1.0,21.40888257225703,-0.5330130839170873,2.0748227453261525e-38,-9.228936256010854,12.340654836414265,1.0,0.76,25,19
3853,8,ZNF148,3853,1.0,21.40888257225703,0.638024982622486,4.509591157486098e-59,8.790584126238386,10.59661948277001,1.0,0.76,25,19
3863,8,ZNF148,3863,1.0,21.40888257225703,-0.372973725944023,4.1068282933677924e-18,-5.543759851550987,5.940466122604604,1.0,0.76,25,19
3855,8,ZNF148,3855,1.0,21.40888257225703,-0.6381758362171622,4.154941330244655e-59,-9.428462446941447,12.038525331658997,1.0,0.76,25,19
3852,8,ZNF148,3852,1.0,21.40888257225703,-0.37677954130816815,1.764359157412288e-18,-5.795517283109261,6.1158362614862725,1.0,0.76,25,19
3850,8,ZNF148,3850,1.0,21.40888257225703,-0.7309276890421962,1.6808334529708578e-85,-10.471071432543228,14.971420282418228,1.0,0.76,25,19
3871,8,ZNF148,3871,1.0,21.40888257225703,0.46857455931928604,6.313198051837044e-29,4.999791849816898,4.993030176514183,1.0,0.76,25,19
3854,8,ZNF148,3854,1.0,21.40888257225703,-0.24479475897900352,2.511824737392127e-08,-4.102100562572395,3.9773322697487066,1.0,0.76,25,19
3849,8,ZNF148,3849,1.0,21.40888257225703,0.8888924606746391,1.181624999191812e-172,14.871565132936675,22.269794955524997,1.0,0.76,25,19
3869,8,ZNF148,3869,1.0,21.40888257225703,-0.4794290298595078,2.1916043229400628e-30,-5.1829225416909885,5.399368094032785,1.0,0.76,25,19
3862,8,ZNF148,3862,1.0,21.40888257225703,0.6503332941989852,4.841315387716922e-62,9.168666606393783,11.3998516185907,1.0,0.76,25,19
3868,8,ZNF148,3868,1.0,21.40888257225703,0.702869572671553,1.9566363094735995e-76,13.932138685484388,22.83870556552249,1.0,0.76,25,19
3861,8,ZNF148,3861,1.0,21.40888257225703,0.33519081721836785,1.0035686009674553e-14,3.3647736428694937,2.8073601789951597,1.0,0.76,25,19
3851,8,ZNF148,3851,1.0,21.40888257225703,0.24443910229532276,2.635111354061501e-08,4.677578838134451,4.997140115219325,1.0,0.76,25,19
3866,8,ZNF148,3866,1.0,21.40888257225703,0.5912647475927718,6.215612367789336e-49,7.383678852341608,8.536830281653536,1.0,0.76,25,19
3858,8,ZNF148,3858,1.0,21.40888257225703,-0.49279555284721027,2.9529328607526514e-32,-9.543893647543355,13.712029571743177,1.0,0.76,25,19
3857,8,ZNF148,3857,1.0,21.40888257225703,-0.6516797021317039,2.2478084651158694e-62,-8.286484219197417,10.247009342949294,1.0,0.76,25,19
906,8,NR2F1,906,1.0,6.538501972425536,-0.2993020109464363,6.54029287112199e-12,-10.784248720595132,15.763847933905966,0.8235294117647058,0.56,25,17
907,8,NR2F1,907,1.0,6.538501972425536,0.8131186721156589,2.7125035032534907e-120,5.438914787158488,6.306763239969666,0.8235294117647058,0.56,25,17
916,8,NR2F1,916,1.0,6.538501972425536,0.6724068369569877,9.987992695228016e-68,2.1221641598299423,1.4053719915775673,0.8235294117647058,0.56,25,17
922,8,NR2F1,922,1.0,6.538501972425536,-0.3155839496993178,3.852261424400795e-13,-3.0455771746200635,2.4424162922122257,0.8235294117647058,0.56,25,17
921,8,NR2F1,921,1.0,6.538501972425536,0.39031648506465555,7.974828161159091e-20,7.250504815245936,8.682179550743232,0.8235294117647058,0.56,25,17
926,8,NR2F1,926,1.0,6.538501972425536,0.414883631220265,1.979969045225564e-22,5.451455158117543,5.86069919063141,0.8235294117647058,0.56,25,17
905,8,NR2F1,905,1.0,6.538501972425536,0.21857064588446423,7.060768608645432e-07,14.565189005575498,21.363592760930434,0.8235294117647058,0.56,25,17
928,8,NR2F1,928,1.0,6.538501972425536,0.4759445820358434,6.53104539024739e-30,3.691273630536544,3.2575778529568473,0.8235294117647058,0.56,25,17
914,8,NR2F1,914,1.0,6.538501972425536,-0.30827048543363655,1.4047041983877798e-12,-4.989217418937699,5.145851876035353,0.8235294117647058,0.56,25,17
913,8,NR2F1,913,1.0,6.538501972425536,-0.23792733310598146,6.253269499201973e-08,-8.312787444381401,10.336635988155399,0.8235294117647058,0.56,25,17
923,8,NR2F1,923,1.0,6.538501972425536,0.26068339753229985,2.7353771257132787e-09,8.415745819256937,10.34414686692679,0.8235294117647058,0.56,25,17
912,8,NR2F1,912,1.0,6.538501972425536,-0.21471190597320605,1.115955492803875e-06,-9.648914800266903,12.525371949685452,0.8235294117647058,0.56,25,17
911,8,NR2F1,911,1.0,6.538501972425536,-0.31389446398055965,5.210672196436703e-13,-8.612820205574666,11.712513251691202,0.8235294117647058,0.56,25,17
925,8,NR2F1,925,1.0,6.538501972425536,0.6755637675568801,1.3988412618172448e-68,2.9166887215221324,2.2855645560749402,0.8235294117647058,0.56,25,17
8478,8,TGIF2,8478,1.0,5.109526415386938,0.34312428137223666,2.1257779200667285e-15,8.551633009525975,10.005244340093116,0.7272727272727273,0.4444444444444444,18,11
8484,8,TGIF2,8484,1.0,5.109526415386938,0.22968480077821454,1.8021960950970024e-07,6.423503041476953,7.597754450254112,0.7272727272727273,0.4444444444444444,18,11
8482,8,TGIF2,8482,1.0,5.109526415386938,0.428970039861129,5.04437446691102e-24,3.531985023920508,2.9950678787205116,0.7272727272727273,0.4444444444444444,18,11
8480,8,TGIF2,8480,1.0,5.109526415386938,0.24513811629610172,2.398107385578315e-08,6.427130574051391,7.085370192267291,0.7272727272727273,0.4444444444444444,18,11
8486,8,TGIF2,8486,1.0,5.109526415386938,0.2643354708141622,1.608249839045422e-09,4.675220528816242,4.480833578557909,0.7272727272727273,0.4444444444444444,18,11
8477,8,TGIF2,8477,1.0,5.109526415386938,0.1884745617418885,2.0151128616401428e-05,6.782560388251985,7.482007757310598,0.7272727272727273,0.4444444444444444,18,11
8474,8,TGIF2,8474,1.0,5.109526415386938,0.25300700877541177,8.136608341659285e-09,2.1858219234742777,1.462875779052022,0.7272727272727273,0.4444444444444444,18,11
8471,8,TGIF2,8471,1.0,5.109526415386938,0.33249613781253906,1.683079927974921e-14,7.796818970818519,9.1234306145514,0.7272727272727273,0.4444444444444444,18,11
5094,8,MTF1,5094,1.0,21.29948787907354,0.4262355738679458,1.0425750833435912e-23,6.683211196769428,7.613646104544198,1.0,0.84,25,21
5104,8,MTF1,5104,1.0,21.29948787907354,0.683905533410484,6.8837824167434234e-71,7.440467945157686,9.318893812405692,1.0,0.84,25,21
5084,8,MTF1,5084,1.0,21.29948787907354,0.8507483046441292,1.2570998674567007e-142,14.501209556543955,21.176798322960863,1.0,0.84,25,21
5108,8,MTF1,5108,1.0,21.29948787907354,0.33864964136165177,5.129367735287661e-15,4.242348691258671,3.9217034913556112,1.0,0.84,25,21
5087,8,MTF1,5087,1.0,21.29948787907354,0.262309243346695,2.161543810152082e-09,2.0542249319342996,1.3338109340562043,1.0,0.84,25,21
5103,8,MTF1,5103,1.0,21.29948787907354,0.4414960129553329,1.6642606440637962e-25,3.3420802819129163,2.7524899732799804,1.0,0.84,25,21
5099,8,MTF1,5099,1.0,21.29948787907354,0.7390504888998217,2.4211800953917343e-88,7.971166318667879,10.009414490282564,1.0,0.84,25,21
5085,8,MTF1,5085,1.0,21.29948787907354,-0.6956314886147001,2.881002629166782e-74,-10.524843320623646,15.460682135501175,1.0,0.84,25,21
5107,8,MTF1,5107,1.0,21.29948787907354,0.7258475847584759,8.921676598396207e-84,12.397182514800079,18.640763794344846,1.0,0.84,25,21
5090,8,MTF1,5090,1.0,21.29948787907354,-0.5356556773689791,7.640841861953923e-39,-8.614536317915205,11.83724365457856,1.0,0.84,25,21
5097,8,MTF1,5097,1.0,21.29948787907354,0.4705126413262445,3.495192335423187e-29,3.097817242276767,2.507971293230369,1.0,0.84,25,21
5102,8,MTF1,5102,1.0,21.29948787907354,0.7308163425038158,1.8354971518546e-85,10.037866996169496,12.690513328006643,1.0,0.84,25,21
5096,8,MTF1,5096,1.0,21.29948787907354,0.6398921569175552,1.630950959283783e-59,8.918039986416568,11.265002476316822,1.0,0.84,25,21
5088,8,MTF1,5088,1.0,21.29948787907354,0.5299513802311909,6.529240779363405e-38,8.041735081304232,9.474561620129313,1.0,0.84,25,21
5095,8,MTF1,5095,1.0,21.29948787907354,-0.5352516618121441,8.906716648283305e-39,-8.664813314791514,10.885637470998134,1.0,0.84,25,21
5092,8,MTF1,5092,1.0,21.29948787907354,-0.6105162379591997,6.662009706495118e-53,-4.85152962600584,4.9536067048506345,1.0,0.84,25,21
5106,8,MTF1,5106,1.0,21.29948787907354,0.43998291133461176,2.532124438494123e-25,5.031912699620557,5.257365808578511,1.0,0.84,25,21
5098,8,MTF1,5098,1.0,21.29948787907354,0.46622407582373154,1.2866875030233144e-28,5.823796403407805,6.176963391779209,1.0,0.84,25,21
5086,8,MTF1,5086,1.0,21.29948787907354,0.314791665501954,4.439513718760353e-13,5.572671671941604,6.487657856509411,1.0,0.84,25,21
5093,8,MTF1,5093,1.0,21.29948787907354,0.553341141567573,7.561068861288586e-42,10.315317633980614,13.192783932054315,1.0,0.84,25,21
5100,8,MTF1,5100,1.0,21.29948787907354,0.8776568961243952,8.873311393178964e-163,10.655766241619759,14.112305289297437,1.0,0.84,25,21
2168,8,TEAD1,2168,1.0,21.242591099512094,0.4067565452197394,1.5223814998798578e-21,10.748937710485006,13.990241587149336,0.9473684210526315,0.72,25,19
2177,8,TEAD1,2177,1.0,21.242591099512094,0.4149297538449498,1.9568678790512928e-22,3.236467704418428,2.624947622844218,0.9473684210526315,0.72,25,19
2180,8,TEAD1,2180,1.0,21.242591099512094,0.710988831802435,6.024665596264598e-79,5.773398356669694,6.284874457560815,0.9473684210526315,0.72,25,19
2163,8,TEAD1,2163,1.0,21.242591099512094,-0.6696965038118721,5.296807230352884e-67,-11.027231772047195,16.455414928414058,0.9473684210526315,0.72,25,19
2178,8,TEAD1,2178,1.0,21.242591099512094,0.5887676034684215,1.9455204954949095e-48,2.232369991470517,1.5300121236875694,0.9473684210526315,0.72,25,19
2174,8,TEAD1,2174,1.0,21.242591099512094,0.4285322010461917,5.6687371089687085e-24,7.624842807947083,8.746520287079724,0.9473684210526315,0.72,25,19
2183,8,TEAD1,2183,1.0,21.242591099512094,0.22930967009744457,1.889376151280694e-07,2.349320733413202,1.6221919748646743,0.9473684210526315,0.72,25,19
2172,8,TEAD1,2172,1.0,21.242591099512094,0.651136759638697,3.064283095696098e-62,8.353988146213226,10.445418043869411,0.9473684210526315,0.72,25,19
2162,8,TEAD1,2162,1.0,21.242591099512094,0.7592224750425355,6.990756698607592e-96,5.477110091884188,6.3748623673782605,0.9473684210526315,0.72,25,19
2161,8,TEAD1,2161,1.0,21.242591099512094,0.6627899435906325,3.436031023123703e-65,14.595074729894055,21.517952816931814,0.9473684210526315,0.72,25,19
2184,8,TEAD1,2184,1.0,21.242591099512094,0.5618579870409401,2.3252203554227104e-43,5.732622866962282,6.123710105108243,0.9473684210526315,0.72,25,19
2171,8,TEAD1,2171,1.0,21.242591099512094,-0.5923005965192794,3.8605757639035855e-49,-4.105797849083413,3.843265324677235,0.9473684210526315,0.72,25,19
2175,8,TEAD1,2175,1.0,21.242591099512094,0.2932130790718824,1.803581573182964e-11,9.827493669382818,12.75678797441351,0.9473684210526315,0.72,25,19
2181,8,TEAD1,2181,1.0,21.242591099512094,0.3791997212143575,1.0250103306418868e-18,10.5774994793742,14.370170452588512,0.9473684210526315,0.72,25,19
2179,8,TEAD1,2179,1.0,21.242591099512094,-0.21880060676875146,6.8689420350967e-07,-5.838939319047474,6.264095456439431,0.9473684210526315,0.72,25,19
2164,8,TEAD1,2164,1.0,21.242591099512094,0.4608037822415783,6.508470734784259e-28,2.1572846432313373,1.4337404134246683,0.9473684210526315,0.72,25,19
2165,8,TEAD1,2165,1.0,21.242591099512094,0.4264161509318634,9.939724731249683e-24,8.357902324591219,9.92932491762788,0.9473684210526315,0.72,25,19
2176,8,TEAD1,2176,1.0,21.242591099512094,0.5505297113562289,2.3347795515353913e-41,3.4122487299375313,2.904375505269377,0.9473684210526315,0.72,25,19
9440,8,XBP1,9440,1.0,1.747700960098746,0.3519700417246694,3.57217260845051e-16,7.67811743260643,9.40889079355899,0.8333333333333334,0.5,20,12
9449,8,XBP1,9449,1.0,1.747700960098746,0.2350286892043242,9.114117785023603e-08,2.5379052269696776,1.8227870208887662,0.8333333333333334,0.5,20,12
9446,8,XBP1,9446,1.0,1.747700960098746,0.19212980304241606,1.37730230225046e-05,3.5340853891719304,3.0165668410161586,0.8333333333333334,0.5,20,12
9447,8,XBP1,9447,1.0,1.747700960098746,0.45143576469448193,1.0021024611839196e-26,5.5868203789523045,5.940674207998434,0.8333333333333334,0.5,20,12
9436,8,XBP1,9436,1.0,1.747700960098746,0.21864108771125562,7.001467972074942e-07,10.215118529241678,13.515739304733673,0.8333333333333334,0.5,20,12
9443,8,XBP1,9443,1.0,1.747700960098746,0.37631803553026116,1.9558667739941e-18,8.986741153475863,11.208667397528354,0.8333333333333334,0.5,20,12
9439,8,XBP1,9439,1.0,1.747700960098746,0.4753444288528232,7.872504651589428e-30,7.173723932599294,8.183315722104364,0.8333333333333334,0.5,20,12
9435,8,XBP1,9435,1.0,1.747700960098746,0.42335873338886687,2.2219338543135725e-23,10.422485918268771,13.16007176641134,0.8333333333333334,0.5,20,12
9445,8,XBP1,9445,1.0,1.747700960098746,-0.13179516709434924,0.00300386286540673,-2.573306506557457,1.899885136793114,0.8333333333333334,0.5,20,12
9451,8,XBP1,9451,1.0,1.747700960098746,-0.2982557261937374,7.799007969735144e-12,-3.5750105646277275,3.096028183994289,0.8333333333333334,0.5,20,12
4638,8,RBPJ,4638,1.0,21.145418285377865,0.2535384904950123,7.553713165707665e-09,5.675371006863699,5.975231593559415,1.0,0.8,5,4
4637,8,RBPJ,4637,1.0,21.145418285377865,0.39919122347017316,9.673640036266873e-21,5.24349598512926,6.004917384984902,1.0,0.8,5,4
4635,8,RBPJ,4635,1.0,21.145418285377865,-0.47074241585649257,3.2577599813756925e-29,-10.099368373931155,14.592431226895346,1.0,0.8,5,4
4634,8,RBPJ,4634,1.0,21.145418285377865,0.499588250750541,3.0733403299110726e-33,14.426522732107209,21.279495913338074,1.0,0.8,5,4
8897,8,NKX6-1,8897,1.0,7.9509421966143305,0.22299849920502846,4.1327609225272934e-07,6.603059712660997,7.34528690448352,0.7222222222222222,0.52,25,18
8899,8,NKX6-1,8899,1.0,7.9509421966143305,0.2543380066279893,6.7524059544047295e-09,5.916950213273246,6.4966514313364,0.7222222222222222,0.52,25,18
8890,8,NKX6-1,8890,1.0,7.9509421966143305,-0.1686194763824343,0.00014057430517307426,-3.962656507968386,3.8195473234141293,0.7222222222222222,0.52,25,18
8901,8,NKX6-1,8901,1.0,7.9509421966143305,0.36746979142626823,1.3665499548722725e-17,2.338239047498902,1.6258965388932303,0.7222222222222222,0.52,25,18
8896,8,NKX6-1,8896,1.0,7.9509421966143305,0.5361831016073628,6.253068626148354e-39,5.962178512835799,6.3897275901661175,0.7222222222222222,0.52,25,18
8893,8,NKX6-1,8893,1.0,7.9509421966143305,0.31263828221302303,6.514621754548033e-13,9.824449712679044,12.261991435942065,0.7222222222222222,0.52,25,18
8886,8,NKX6-1,8886,1.0,7.9509421966143305,0.4151050707299088,1.8714596420193268e-22,7.905314258117469,9.302844134773569,0.7222222222222222,0.52,25,18
8909,8,NKX6-1,8909,1.0,7.9509421966143305,0.20149677396790108,5.024847950211618e-06,4.996769170498705,4.9609965086470975,0.7222222222222222,0.52,25,18
8891,8,NKX6-1,8891,1.0,7.9509421966143305,0.30613398310857903,2.0361393432907803e-12,8.181069017908888,9.61835531249805,0.7222222222222222,0.52,25,18
8888,8,NKX6-1,8888,1.0,7.9509421966143305,0.23174719249067458,1.387967873953495e-07,10.619999189091637,13.521126686862436,0.7222222222222222,0.52,25,18
8910,8,NKX6-1,8910,1.0,7.9509421966143305,0.22824543475342082,2.159394193823593e-07,6.683989035342816,7.4764772895216485,0.7222222222222222,0.52,25,18
8905,8,NKX6-1,8905,1.0,7.9509421966143305,0.23982059084383095,4.8764038871971256e-08,3.3857505754400954,2.804019288139448,0.7222222222222222,0.52,25,18
8904,8,NKX6-1,8904,1.0,7.9509421966143305,0.3055450919080229,2.25431943561355e-12,7.142354775570599,8.875870392606535,0.7222222222222222,0.52,25,18
4236,8,RREB1,4236,1.0,16.72825118328993,-0.6483818878782289,1.4618175671012481e-61,-10.635350938063935,15.560979461604603,1.0,0.96,25,24
4259,8,RREB1,4259,1.0,16.72825118328993,0.19782795049691307,7.500970614491766e-06,3.583587096571384,3.1404155455029636,1.0,0.96,25,24
4248,8,RREB1,4248,1.0,16.72825118328993,0.32102641941212756,1.4369869417856307e-13,3.2604794461242417,2.6645900440779093,1.0,0.96,25,24
4254,8,RREB1,4254,1.0,16.72825118328993,0.6391577356493414,2.4352288351271155e-59,7.92193889113734,9.45978952410677,1.0,0.96,25,24
4241,8,RREB1,4241,1.0,16.72825118328993,-0.4016745773956278,5.2996222519325824e-21,-7.91665130406838,9.519430316092263,1.0,0.96,25,24
4239,8,RREB1,4239,1.0,16.72825118328993,-0.5024596869624851,1.1629236447656515e-33,-7.676298245670664,9.871114831079748,1.0,0.96,25,24
4243,8,RREB1,4243,1.0,16.72825118328993,-0.5923605093428599,3.7554860295675834e-49,-5.041697882778109,5.178452561301759,1.0,0.96,25,24
4251,8,RREB1,4251,1.0,16.72825118328993,0.4939436800822941,2.0216532162500486e-32,6.279349435198357,7.299898310828687,1.0,0.96,25,24
4242,8,RREB1,4242,1.0,16.72825118328993,-0.5107144254798152,6.75572949375366e-35,-8.679439766088958,11.516357644766119,1.0,0.96,25,24
4258,8,RREB1,4258,1.0,16.72825118328993,-0.38270354985809146,4.631812391813537e-19,-7.230689951640969,8.360304647521197,1.0,0.96,25,24
4246,8,RREB1,4246,1.0,16.72825118328993,-0.3620165743282403,4.3966301195344644e-17,-8.831232827307733,10.84911295708597,1.0,0.96,25,24
4238,8,RREB1,4238,1.0,16.72825118328993,0.3709208498489601,6.447927653344995e-18,7.530675662767255,8.69492891590063,1.0,0.96,25,24
4253,8,RREB1,4253,1.0,16.72825118328993,0.4106253482491107,5.805524666098871e-22,8.233597256774216,10.383983041696105,1.0,0.96,25,24
4235,8,RREB1,4235,1.0,16.72825118328993,0.7556278919817448,1.7447827660159566e-94,14.816995750132564,21.888479840345575,1.0,0.96,25,24
4249,8,RREB1,4249,1.0,16.72825118328993,0.5161820529879076,9.823865385794507e-36,3.345453926498528,2.7579085413852784,1.0,0.96,25,24
4245,8,RREB1,4245,1.0,16.72825118328993,-0.47387157970455435,1.2431898616040862e-29,-8.559301690657325,11.774289396932476,1.0,0.96,25,24
4257,8,RREB1,4257,1.0,16.72825118328993,-0.4090545700532788,8.599835440485253e-22,-9.324049258786342,11.657273742996304,1.0,0.96,25,24
4250,8,RREB1,4250,1.0,16.72825118328993,0.16842687374327497,0.00014310237256383863,4.191041846255527,3.9937443546261084,1.0,0.96,25,24
4244,8,RREB1,4244,1.0,16.72825118328993,0.6140090717146249,1.1853527774231732e-53,7.424763001507438,9.230954838004767,1.0,0.96,25,24
4247,8,RREB1,4247,1.0,16.72825118328993,0.4768053513425877,4.9927659526153576e-30,9.360761405907995,11.453085222779936,1.0,0.96,25,24
4237,8,RREB1,4237,1.0,16.72825118328993,-0.3498675022781782,5.486164639828661e-16,-3.9302228319006445,3.7191101229473964,1.0,0.96,25,24
4252,8,RREB1,4252,1.0,16.72825118328993,0.3691313851882083,9.529202089181657e-18,6.830728439393464,7.679435797373625,1.0,0.96,25,24
4256,8,RREB1,4256,1.0,16.72825118328993,0.6557834976044189,2.1164573043301022e-63,5.820597924215006,6.304886757879424,1.0,0.96,25,24
4240,8,RREB1,4240,1.0,16.72825118328993,-0.5787176233151267,1.7399467462975116e-46,-9.600808799151652,12.449405652649231,1.0,0.96,25,24
4478,8,LHX4,4478,1.0,19.138098823641748,0.2802939921321325,1.4344056602282104e-10,2.0703746617538847,1.3603924597898187,1.0,0.8,25,20
4480,8,LHX4,4480,1.0,19.138098823641748,0.5366199663444606,5.29511108154623e-39,8.239578582512062,9.858705409046957,1.0,0.8,25,20
4466,8,LHX4,4466,1.0,19.138098823641748,-0.1483871989683441,0.0008232430300047233,-2.4922397766862976,1.8219055692684578,1.0,0.8,25,20
4474,8,LHX4,4474,1.0,19.138098823641748,0.2168484550318386,8.670127096081916e-07,2.9790907904132484,2.3379644555352264,1.0,0.8,25,20
4479,8,LHX4,4479,1.0,19.138098823641748,0.22224713154545273,4.5295220543308847e-07,4.0545732121704745,3.6757851022178523,1.0,0.8,25,20
4476,8,LHX4,4476,1.0,19.138098823641748,0.24496900000559066,2.4534804219773066e-08,5.001676824107191,4.976770761902871,1.0,0.8,25,20
4465,8,LHX4,4465,1.0,19.138098823641748,0.3896415107349244,9.338341500250238e-20,5.62512265237042,5.8336016539030515,1.0,0.8,25,20
4486,8,LHX4,4486,1.0,19.138098823641748,-0.158825354585148,0.00033956674023928883,-6.607823933089069,7.9641340590783996,1.0,0.8,25,20
4469,8,LHX4,4469,1.0,19.138098823641748,0.3254689133509625,6.329774289323293e-14,8.638296313560245,10.440125757781807,1.0,0.8,25,20
4477,8,LHX4,4477,1.0,19.138098823641748,0.4244750872602789,1.6579982683322744e-23,5.0374896796925945,5.079112318817207,1.0,0.8,25,20
4472,8,LHX4,4472,1.0,19.138098823641748,0.3524199003751307,3.2574848283973414e-16,8.05649987829873,10.196045969222064,1.0,0.8,25,20
4463,8,LHX4,4463,1.0,19.138098823641748,0.25668358761341975,4.848626566460877e-09,6.944394066304923,7.803001738132152,1.0,0.8,25,20
4473,8,LHX4,4473,1.0,19.138098823641748,0.1828180644151372,3.5801687463001834e-05,2.194851169561002,1.4721461992872942,1.0,0.8,25,20
4471,8,LHX4,4471,1.0,19.138098823641748,0.37733198785717087,1.5592726765779473e-18,7.602554310938356,9.069245913060008,1.0,0.8,25,20
4482,8,LHX4,4482,1.0,19.138098823641748,-0.3442578729922683,1.6967618505278703e-15,-3.9513633448639642,3.5430549847834283,1.0,0.8,25,20
4462,8,LHX4,4462,1.0,19.138098823641748,0.41570675701110493,1.6053806227619622e-22,14.765271959228112,21.653973606371103,1.0,0.8,25,20
4470,8,LHX4,4470,1.0,19.138098823641748,0.35283854472403764,2.989191176765247e-16,9.946705694381022,14.281470940995366,1.0,0.8,25,20
4468,8,LHX4,4468,1.0,19.138098823641748,0.37442253542124404,2.981242445097288e-18,6.744227464019571,7.600484576833415,1.0,0.8,25,20
4467,8,LHX4,4467,1.0,19.138098823641748,0.3564820457201,1.4070988243731144e-16,9.552678711023972,11.67228590366011,1.0,0.8,25,20
4464,8,LHX4,4464,1.0,19.138098823641748,-0.3786203465067004,1.167806927611291e-18,-8.451374303534536,11.203769452420596,1.0,0.8,25,20
1494,8,AHR,1494,1.0,6.808000968868468,0.4820653804510887,9.513224885288399e-31,15.463145723142025,23.6536981030925,1.0,0.5555555555555556,9,5
1499,8,AHR,1499,1.0,6.808000968868468,0.6323481727054694,9.516088959709767e-58,7.071341433398332,8.910470134051254,1.0,0.5555555555555556,9,5
1495,8,AHR,1495,1.0,6.808000968868468,-0.5411307590386368,9.375334161815225e-40,-10.660505496972755,15.527745172843401,1.0,0.5555555555555556,9,5
1502,8,AHR,1502,1.0,6.808000968868468,0.07145978573012582,0.10872936397302119,7.794556451424298,9.333111146194707,1.0,0.5555555555555556,9,5
1496,8,AHR,1496,1.0,6.808000968868468,0.7001643642625134,1.2866219301975145e-75,4.958701833949077,5.360659640609362,1.0,0.5555555555555556,9,5
5895,8,TBX5,5895,1.0,6.462877512780505,0.6533110453902533,8.825876704152403e-63,4.71118466601938,5.05276636927117,0.6666666666666666,0.4444444444444444,18,12
5911,8,TBX5,5911,1.0,6.462877512780505,-0.2647297027839431,1.5179000266341781e-09,-2.8269941346562426,2.205170034973678,0.6666666666666666,0.4444444444444444,18,12
5906,8,TBX5,5906,1.0,6.462877512780505,-0.3676967386179612,1.3010507564289272e-17,-2.037466640529292,1.3284454519428879,0.6666666666666666,0.4444444444444444,18,12
5910,8,TBX5,5910,1.0,6.462877512780505,-0.24870064646216183,1.4767941786719261e-08,-3.1241757526339176,2.495953075009649,0.6666666666666666,0.4444444444444444,18,12
5894,8,TBX5,5894,1.0,6.462877512780505,-0.24107270975544765,4.132079595033068e-08,-11.061959103854829,16.34316028076552,0.6666666666666666,0.4444444444444444,18,12
5909,8,TBX5,5909,1.0,6.462877512780505,0.290672234925356,2.734615458221579e-11,2.184422585230604,1.46180684102861,0.6666666666666666,0.4444444444444444,18,12
5903,8,TBX5,5903,1.0,6.462877512780505,0.5001037060227762,2.5830969343893223e-33,2.83137761048286,2.1778279190737755,0.6666666666666666,0.4444444444444444,18,12
5897,8,TBX5,5897,1.0,6.462877512780505,-0.21332645686928942,1.3126127798673541e-06,-7.063509951584738,8.791265173351478,0.6666666666666666,0.4444444444444444,18,12
8733,8,FOXD3,8733,1.0,9.606418637014649,0.24367965475280995,2.9182758276743028e-08,7.426955370852283,8.91982993209129,0.8125,0.52,25,16
8730,8,FOXD3,8730,1.0,9.606418637014649,0.2405944664334192,4.4024003056388064e-08,8.415477412631853,10.133166882802119,0.8125,0.52,25,16
8720,8,FOXD3,8720,1.0,9.606418637014649,0.472099968636976,2.1475279782999374e-29,8.361885531803837,9.978025720498916,0.8125,0.52,25,16
8735,8,FOXD3,8735,1.0,9.606418637014649,0.3065226980450131,1.903584912563643e-12,4.6820358739939,4.517339872919207,0.8125,0.52,25,16
8728,8,FOXD3,8728,1.0,9.606418637014649,0.2378708985986878,6.299596292526163e-08,6.996184064626004,8.357428200738012,0.8125,0.52,25,16
8723,8,FOXD3,8723,1.0,9.606418637014649,0.354555700643019,2.0982629229623831e-16,8.680662883726669,10.326886919184446,0.8125,0.52,25,16
8741,8,FOXD3,8741,1.0,9.606418637014649,0.5535284972041319,7.011100473857958e-42,2.8504853986580874,2.1659324139111713,0.8125,0.52,25,16
8731,8,FOXD3,8731,1.0,9.606418637014649,0.20012325472243442,5.843019736262335e-06,7.403808179913093,9.371436365893992,0.8125,0.52,25,16
8727,8,FOXD3,8727,1.0,9.606418637014649,0.27593152449193953,2.821154986433926e-10,8.119527973490287,9.487797494738322,0.8125,0.52,25,16
8740,8,FOXD3,8740,1.0,9.606418637014649,0.4299393621804724,3.89355740180049e-24,3.0673096559501354,2.4346433134810064,0.8125,0.52,25,16
8744,8,FOXD3,8744,1.0,9.606418637014649,0.41894818661478933,6.989583825916082e-23,7.010932965769386,8.010028922788527,0.8125,0.52,25,16
8726,8,FOXD3,8726,1.0,9.606418637014649,0.15768358272829752,0.000375123662763944,6.859968369217534,7.726238991927029,0.8125,0.52,25,16
8734,8,FOXD3,8734,1.0,9.606418637014649,0.45316739851137766,6.083889161256598e-27,3.227962578917289,2.6367906644350114,0.8125,0.52,25,16
4402,8,HDX,4402,1.0,20.974600582987264,0.5832092215432725,2.380952884693324e-47,4.360526912306521,4.05734783952646,1.0,0.72,25,18
4404,8,HDX,4404,1.0,20.974600582987264,0.45596584503170823,2.699573108348692e-27,8.974039687332555,11.071458520800448,1.0,0.72,25,18
4391,8,HDX,4391,1.0,20.974600582987264,0.5131947977406437,2.829257901408133e-35,8.236370161770626,9.80353257072161,1.0,0.72,25,18
4396,8,HDX,4396,1.0,20.974600582987264,-0.37312877250457976,3.968743089089208e-18,-7.88848395533186,9.311522596070228,1.0,0.72,25,18
4388,8,HDX,4388,1.0,20.974600582987264,0.2845458458889368,7.33452612254247e-11,2.673902193765967,1.9831067748840188,1.0,0.72,25,18
4392,8,HDX,4392,1.0,20.974600582987264,0.4994189481059908,3.25365084083517e-33,7.464239825411638,8.875365579003414,1.0,0.72,25,18
4401,8,HDX,4401,1.0,20.974600582987264,0.21262101365416047,1.4251130721150977e-06,8.614961277860232,10.679895668509719,1.0,0.72,25,18
4405,8,HDX,4405,1.0,20.974600582987264,0.5154711123286243,1.2648124594698508e-35,10.070278210266084,12.934589027033592,1.0,0.72,25,18
4408,8,HDX,4408,1.0,20.974600582987264,0.4560642399643692,2.6231790088679784e-27,3.3143569442913594,2.712501059031192,1.0,0.72,25,18
4393,8,HDX,4393,1.0,20.974600582987264,0.4608115159342021,6.4935684524105365e-28,3.5680148173405426,3.121164564346072,1.0,0.72,25,18
4386,8,HDX,4386,1.0,20.974600582987264,0.4164843192393774,1.3161572605965273e-22,2.642495788678772,1.9359835743661296,1.0,0.72,25,18
4403,8,HDX,4403,1.0,20.974600582987264,0.3970802980919211,1.6069965803055053e-20,4.1801446514551355,3.860475677703385,1.0,0.72,25,18
4384,8,HDX,4384,1.0,20.974600582987264,0.7092168844213615,2.164985366511016e-78,14.365942001339999,21.047084346133072,1.0,0.72,25,18
4387,8,HDX,4387,1.0,20.974600582987264,0.6415702750399265,6.498977805751848e-60,8.133219405951888,9.690932896262494,1.0,0.72,25,18
4406,8,HDX,4406,1.0,20.974600582987264,0.40904143209351995,8.628069534689069e-22,4.007582123201475,3.7030911531571586,1.0,0.72,25,18
4385,8,HDX,4385,1.0,20.974600582987264,0.4383520339611601,3.971122458392967e-25,6.411199611171064,8.117283570004284,1.0,0.72,25,18
4407,8,HDX,4407,1.0,20.974600582987264,0.3668512503424256,1.5619880649120108e-17,4.293140979243419,3.968241199758508,1.0,0.72,25,18
4400,8,HDX,4400,1.0,20.974600582987264,0.3110104488709741,8.687595468677847e-13,2.3837401762126,1.6661887654703553,1.0,0.72,25,18
3021,8,BBX,3021,1.0,21.342013708897063,0.8192934200252324,1.3538622305054154e-123,14.580205362570094,21.21583917109618,0.9583333333333334,0.92,25,24
3022,8,BBX,3022,1.0,21.342013708897063,0.5408691179676975,1.0373133835351509e-39,6.178233177548652,7.601570548459095,0.9583333333333334,0.92,25,24
3038,8,BBX,3038,1.0,21.342013708897063,0.435447799438329,8.796651596446595e-25,3.1576218552944963,2.531131270886907,0.9583333333333334,0.92,25,24
3024,8,BBX,3024,1.0,21.342013708897063,0.4545352050733024,4.093621056107007e-27,9.141189441389766,11.201086521597734,0.9583333333333334,0.92,25,24
3039,8,BBX,3039,1.0,21.342013708897063,0.5089493731981894,1.2496126628655132e-34,4.333774770743155,4.026900274978333,0.9583333333333334,0.92,25,24
3044,8,BBX,3044,1.0,21.342013708897063,-0.27358580578554753,4.038775281089306e-10,-4.227548350441259,3.933910163731866,0.9583333333333334,0.92,25,24
3037,8,BBX,3037,1.0,21.342013708897063,-0.3972628318732495,1.53821481590864e-20,-7.071677846428681,8.024449670740257,0.9583333333333334,0.92,25,24
3026,8,BBX,3026,1.0,21.342013708897063,0.34824324047311567,7.625424772966606e-16,2.369731566885433,1.6461448351445778,0.9583333333333334,0.92,25,24
3029,8,BBX,3029,1.0,21.342013708897063,0.49244604584682083,3.312992754145239e-32,3.1776258510922863,2.5817043538106197,0.9583333333333334,0.92,25,24
3025,8,BBX,3025,1.0,21.342013708897063,-0.6485130811217769,1.3574943327688076e-61,-4.54761070108182,4.4332927315434,0.9583333333333334,0.92,25,24
3031,8,BBX,3031,1.0,21.342013708897063,-0.6163341178838381,3.7114014768491575e-54,-8.643756554803534,12.13429481597034,0.9583333333333334,0.92,25,24
3045,8,BBX,3045,1.0,21.342013708897063,0.36320868111655896,3.4119784500985286e-17,3.3574630457014636,2.8105741062665097,0.9583333333333334,0.92,25,24
3030,8,BBX,3030,1.0,21.342013708897063,0.4807582000436069,1.4402141678766222e-30,5.14831615904173,5.224772352743857,0.9583333333333334,0.92,25,24
3023,8,BBX,3023,1.0,21.342013708897063,0.3982677460292614,1.2084118748929804e-20,2.5677780651067,1.8547580310723046,0.9583333333333334,0.92,25,24
3035,8,BBX,3035,1.0,21.342013708897063,0.4234984989182149,2.1420939403137367e-23,8.850862380538006,10.77886600816421,0.9583333333333334,0.92,25,24
3042,8,BBX,3042,1.0,21.342013708897063,0.41021592842514065,6.432913981110056e-22,2.5629990359231325,1.873262425040217,0.9583333333333334,0.92,25,24
3041,8,BBX,3041,1.0,21.342013708897063,0.6304109292916871,2.655191886281802e-57,11.475720758544766,15.894833613586526,0.9583333333333334,0.92,25,24
3027,8,BBX,3027,1.0,21.342013708897063,0.5364879345077366,5.568168786194456e-39,11.551250514019802,14.958945578174092,0.9583333333333334,0.92,25,24
3034,8,BBX,3034,1.0,21.342013708897063,0.5254955619785582,3.3917899211330686e-37,6.057808403567791,6.4823397187296266,0.9583333333333334,0.92,25,24
3032,8,BBX,3032,1.0,21.342013708897063,0.5359876670896904,6.73544552928683e-39,8.533574133963551,10.136287579078713,0.9583333333333334,0.92,25,24
3033,8,BBX,3033,1.0,21.342013708897063,0.5797612991112777,1.099053441075724e-46,5.551990749693032,6.076354136859859,0.9583333333333334,0.92,25,24
3036,8,BBX,3036,1.0,21.342013708897063,0.5030645921735032,9.465143452094754e-34,8.299644469619706,9.991344075860136,0.9583333333333334,0.92,25,24
3028,8,BBX,3028,1.0,21.342013708897063,0.7248376390434076,1.944213109342229e-83,10.555655981839367,13.906039404294894,0.9583333333333334,0.92,25,24
5347,8,PRDM4,5347,1.0,13.35796055342761,0.6151499311421826,6.713011862187692e-54,14.382794330907508,20.948057681986104,0.7777777777777778,0.5384615384615384,13,9
5348,8,PRDM4,5348,1.0,13.35796055342761,0.3243672814486418,7.766599337777465e-14,5.869731701536097,7.0124555306172445,0.7777777777777778,0.5384615384615384,13,9
5358,8,PRDM4,5358,1.0,13.35796055342761,-0.1984024799995528,7.048255149566241e-06,-3.276709689479801,2.6902329546884904,0.7777777777777778,0.5384615384615384,13,9
5354,8,PRDM4,5354,1.0,13.35796055342761,0.5584407198483824,9.515477833909682e-43,3.5076326847080685,2.963944674060433,0.7777777777777778,0.5384615384615384,13,9
5351,8,PRDM4,5351,1.0,13.35796055342761,0.24292972775538424,3.226661846201779e-08,2.952435143096349,2.2966494845848375,0.7777777777777778,0.5384615384615384,13,9
5357,8,PRDM4,5357,1.0,13.35796055342761,0.3583241553969062,9.577829073790781e-17,3.1019375277439587,2.477825316063842,0.7777777777777778,0.5384615384615384,13,9
5349,8,PRDM4,5349,1.0,13.35796055342761,-0.5150401686131346,1.4737457105474595e-35,-10.326470351675813,15.133005169895432,0.7777777777777778,0.5384615384615384,13,9
5179,8,SMAD3,5179,1.0,6.296729402258148,0.3054859833809469,2.2774415244730174e-12,8.174715339075682,9.631126288047806,0.75,0.6,25,20
5194,8,SMAD3,5194,1.0,6.296729402258148,0.0006245655621462769,0.9888295134374457,2.96730234565052,2.3298860367273853,0.75,0.6,25,20
5198,8,SMAD3,5198,1.0,6.296729402258148,0.24288090299713205,3.247796918074163e-08,7.154924224999131,8.840164179689994,0.75,0.6,25,20
5195,8,SMAD3,5195,1.0,6.296729402258148,0.5788831988788942,1.617823604257405e-46,5.136552871339152,5.359737723761493,0.75,0.6,25,20
5177,8,SMAD3,5177,1.0,6.296729402258148,0.7845099727364042,1.861076210239151e-106,5.115531951983121,5.680570320730329,0.75,0.6,25,20
5184,8,SMAD3,5184,1.0,6.296729402258148,-0.38121495379351605,6.498653629389719e-19,-9.201490347633326,11.675402694835585,0.75,0.6,25,20
5176,8,SMAD3,5176,1.0,6.296729402258148,-0.5008863929871249,1.982888576284489e-33,-10.660728149489222,15.569051512735255,0.75,0.6,25,20
5199,8,SMAD3,5199,1.0,6.296729402258148,0.21871534979584917,6.939469462963213e-07,6.971883287379284,8.052173734915822,0.75,0.6,25,20
5183,8,SMAD3,5183,1.0,6.296729402258148,0.4998174662186716,2.8448942423659168e-33,2.3679166532866596,1.644430818352131,0.75,0.6,25,20
5188,8,SMAD3,5188,1.0,6.296729402258148,-0.36755445730908504,1.341743672318915e-17,-8.868740538492947,11.364687770967915,0.75,0.6,25,20
5191,8,SMAD3,5191,1.0,6.296729402258148,0.6519068677054042,1.9741205198159127e-62,9.264423514398347,11.745974963955735,0.75,0.6,25,20
5182,8,SMAD3,5182,1.0,6.296729402258148,0.5718561607713567,3.423971589342829e-45,2.3571471652476568,1.6450983853581387,0.75,0.6,25,20
5192,8,SMAD3,5192,1.0,6.296729402258148,0.2932732714265216,1.785795592288601e-11,10.414268900417522,13.613078120094327,0.75,0.6,25,20
5186,8,SMAD3,5186,1.0,6.296729402258148,0.23616852368466668,7.863793714171078e-08,10.162193784160122,12.848478461236688,0.75,0.6,25,20
5175,8,SMAD3,5175,1.0,6.296729402258148,0.5150781848371173,1.4540158065292812e-35,14.590460393700445,21.55832139526852,0.75,0.6,25,20
6407,8,KLF15,6407,1.0,1.738866652165547,-0.24040537594132086,4.513930238881939e-08,-2.4173446121072195,1.7575211757945957,0.6666666666666666,0.4444444444444444,18,12
6408,8,KLF15,6408,1.0,1.738866652165547,0.22457618432650722,3.4055803763148016e-07,9.754929204884764,12.675165486830283,0.6666666666666666,0.4444444444444444,18,12
6415,8,KLF15,6415,1.0,1.738866652165547,0.22799186750973235,2.229013794642242e-07,8.22589309502691,9.918220004937892,0.6666666666666666,0.4444444444444444,18,12
6418,8,KLF15,6418,1.0,1.738866652165547,0.23023482472470855,1.6813457492245144e-07,3.4017030447392735,2.8440176150202,0.6666666666666666,0.4444444444444444,18,12
6416,8,KLF15,6416,1.0,1.738866652165547,-0.28283287956124814,9.623322641202987e-11,-2.7591446887975497,2.1377922796832074,0.6666666666666666,0.4444444444444444,18,12
6420,8,KLF15,6420,1.0,1.738866652165547,0.14829430147983744,0.0008295503135259637,9.353418151861865,12.686221299806055,0.6666666666666666,0.4444444444444444,18,12
6419,8,KLF15,6419,1.0,1.738866652165547,0.27257231934373566,4.71102448782539e-10,4.389965970120549,4.329571191676947,0.6666666666666666,0.4444444444444444,18,12
6411,8,KLF15,6411,1.0,1.738866652165547,-0.14232547478350321,0.001342292558992077,-3.2240589710794043,2.6318095355042983,0.6666666666666666,0.4444444444444444,18,12
5033,8,HOXA13,5033,1.0,11.30661985689042,0.3160094891476726,3.56897756026368e-13,3.082033956811828,2.4627790282190514,1.0,0.92,25,23
5031,8,HOXA13,5031,1.0,11.30661985689042,0.37645621705027654,1.896475737239943e-18,4.066341039695991,3.6839891671827854,1.0,0.92,25,23
5028,8,HOXA13,5028,1.0,11.30661985689042,0.5257703410092562,3.0662556270259055e-37,8.75746780109574,11.193890611539112,1.0,0.92,25,23
5032,8,HOXA13,5032,1.0,11.30661985689042,0.32623436256669147,5.4883804090217805e-14,10.287138257538356,13.232015843756143,1.0,0.92,25,23
5018,8,HOXA13,5018,1.0,11.30661985689042,-0.42078387963019914,4.347003694813453e-23,-10.566240438003826,15.663004849396524,1.0,0.92,25,23
5023,8,HOXA13,5023,1.0,11.30661985689042,-0.3623091501696754,4.131785029757717e-17,-5.428427030066771,5.844630053363072,1.0,0.92,25,23
5029,8,HOXA13,5029,1.0,11.30661985689042,0.36891912793763854,9.979477454328899e-18,11.348051551705092,15.606883150371832,1.0,0.92,25,23
5039,8,HOXA13,5039,1.0,11.30661985689042,0.3251257423879034,6.746873190270513e-14,2.500145883709122,1.784860697311402,1.0,0.92,25,23
5016,8,HOXA13,5016,1.0,11.30661985689042,0.4561770773350628,2.538199996404562e-27,14.619801794416427,21.515157148059206,1.0,0.92,25,23
5037,8,HOXA13,5037,1.0,11.30661985689042,0.3449676023502972,1.472737001257692e-15,11.432732778693255,16.647280818545564,1.0,0.92,25,23
5038,8,HOXA13,5038,1.0,11.30661985689042,0.20824132102651263,2.359777587541352e-06,10.511301646833221,13.484340845669788,1.0,0.92,25,23
5034,8,HOXA13,5034,1.0,11.30661985689042,0.3392017152025762,4.6046841777286854e-15,5.022030119295261,5.186270626962722,1.0,0.92,25,23
5024,8,HOXA13,5024,1.0,11.30661985689042,0.23354987672680316,1.1024718238495734e-07,2.2779616576528814,1.5582421156273605,1.0,0.92,25,23
5020,8,HOXA13,5020,1.0,11.30661985689042,0.3429396045194582,2.205102530391481e-15,10.515113382160257,13.466133734847284,1.0,0.92,25,23
5040,8,HOXA13,5040,1.0,11.30661985689042,0.16354663416652226,0.00022335053728851046,6.2396117157701765,7.282718574539483,1.0,0.92,25,23
5025,8,HOXA13,5025,1.0,11.30661985689042,0.3118787655163032,7.452678532397562e-13,8.019662113295832,9.361782366282615,1.0,0.92,25,23
5030,8,HOXA13,5030,1.0,11.30661985689042,0.3522752896407654,3.3555506980024047e-16,3.264446554582706,2.741550043785273,1.0,0.92,25,23
5017,8,HOXA13,5017,1.0,11.30661985689042,0.41052089681017795,5.959599708183579e-22,5.950983636486999,7.172271162990591,1.0,0.92,25,23
5026,8,HOXA13,5026,1.0,11.30661985689042,-0.2852385238523853,6.568196579868634e-11,-7.917087408573591,9.5477831883822,1.0,0.92,25,23
5027,8,HOXA13,5027,1.0,11.30661985689042,0.27141356992842147,5.613408289375358e-10,7.339746606065587,8.560993377092027,1.0,0.92,25,23
5021,8,HOXA13,5021,1.0,11.30661985689042,0.4340886262539298,1.2729856615033933e-24,2.294281813111638,1.580240322291987,1.0,0.92,25,23
5035,8,HOXA13,5035,1.0,11.30661985689042,0.34160018486320687,2.8741576758373602e-15,8.725908977166727,11.51327884990719,1.0,0.92,25,23
5022,8,HOXA13,5022,1.0,11.30661985689042,0.34403555262358543,1.7735848365189119e-15,9.146139902017095,11.44785071612612,1.0,0.92,25,23
3434,8,ZNF217,3434,1.0,21.24972433979442,0.6799552936660127,8.716079588858214e-70,13.869176196869093,20.181016297611897,1.0,0.8571428571428571,7,6
3436,8,ZNF217,3436,1.0,21.24972433979442,0.5768415972031987,3.957051764124438e-46,6.936186170073816,7.7115819775435845,1.0,0.8571428571428571,7,6
3437,8,ZNF217,3437,1.0,21.24972433979442,-0.41971588463194154,5.732523797767684e-23,-4.429554861609429,4.430604916280559,1.0,0.8571428571428571,7,6
3440,8,ZNF217,3440,1.0,21.24972433979442,0.38278927271609153,4.542120035848456e-19,2.9379965127834673,2.3155922406701444,1.0,0.8571428571428571,7,6
3439,8,ZNF217,3439,1.0,21.24972433979442,0.55505233753189,3.7867067461417834e-42,9.874686188277034,12.48659235482049,1.0,0.8571428571428571,7,6
3435,8,ZNF217,3435,1.0,21.24972433979442,-0.5695845982113741,9.041718572153988e-45,-10.961627583365859,16.225786851198492,1.0,0.8571428571428571,7,6
9222,8,ZNF589,9222,1.0,1.3751996818117145,-0.2541105973951433,6.9715271918268486e-09,-3.3060650624730146,2.7396384880141906,0.5,0.3333333333333333,3,2
3602,8,HBP1,3602,1.0,21.229098828453342,0.662333469371782,4.509417082894024e-65,14.842706205484177,21.837024505908577,1.0,0.84,25,21
3607,8,HBP1,3607,1.0,21.229098828453342,-0.34626565140986154,1.1356573230731864e-15,-5.921788553168746,6.620417613758365,1.0,0.84,25,21
3605,8,HBP1,3605,1.0,21.229098828453342,0.4946703676578839,1.5894136347913214e-32,8.317396239476182,9.878605543085106,1.0,0.84,25,21
3620,8,HBP1,3620,1.0,21.229098828453342,0.502373125511309,1.19765874804007e-33,6.9196642990638955,7.82784555522385,1.0,0.84,25,21
3615,8,HBP1,3615,1.0,21.229098828453342,0.370944889520008,6.4140752567977444e-18,3.5940602726823707,3.0727831140367776,1.0,0.84,25,21
3612,8,HBP1,3612,1.0,21.229098828453342,0.5619920687720947,2.1994167102327883e-43,8.075761137928833,9.883061120846257,1.0,0.84,25,21
3619,8,HBP1,3619,1.0,21.229098828453342,0.24284670703095157,3.2626791950911157e-08,2.0797581320287892,1.366312255568344,1.0,0.84,25,21
3608,8,HBP1,3608,1.0,21.229098828453342,-0.3862637505986624,2.0461380496981193e-19,-8.820400191426746,12.059606455180472,1.0,0.84,25,21
3625,8,HBP1,3625,1.0,21.229098828453342,0.5857945111281316,7.472194456578873e-48,11.654491390486621,17.221332641357236,1.0,0.84,25,21
3626,8,HBP1,3626,1.0,21.229098828453342,0.45368067862686906,5.244456571121644e-27,6.011882444835106,6.426279605672317,1.0,0.84,25,21
3611,8,HBP1,3611,1.0,21.229098828453342,0.5779623303945302,2.4236861652641725e-46,8.622022957176167,10.713929110115918,1.0,0.84,25,21
3622,8,HBP1,3622,1.0,21.229098828453342,0.3704518899094879,7.144611973330915e-18,4.705108695745278,4.601134365783278,1.0,0.84,25,21
3618,8,HBP1,3618,1.0,21.229098828453342,-0.3409236265241432,3.2841947084361296e-15,-8.050305557474456,9.70193434267818,1.0,0.84,25,21
3616,8,HBP1,3616,1.0,21.229098828453342,0.5515833570934735,1.5320686603041402e-41,9.538655895625674,13.485040183146621,1.0,0.84,25,21
3623,8,HBP1,3623,1.0,21.229098828453342,0.5777454142929821,2.665300001787554e-46,8.175591075344816,10.087301904365814,1.0,0.84,25,21
3617,8,HBP1,3617,1.0,21.229098828453342,0.2941291955282485,1.550670072868526e-11,2.1047114774724798,1.3916131104789298,1.0,0.84,25,21
3610,8,HBP1,3610,1.0,21.229098828453342,-0.4164329787015969,1.3335550336172167e-22,-8.524872594730638,10.694997852364427,1.0,0.84,25,21
3609,8,HBP1,3609,1.0,21.229098828453342,0.6875901254721747,6.216935627032112e-72,10.853943347132159,14.061602167471959,1.0,0.84,25,21
3604,8,HBP1,3604,1.0,21.229098828453342,-0.5058087485767211,3.7000013076180047e-34,-10.827285725058854,15.995197315964631,1.0,0.84,25,21
3603,8,HBP1,3603,1.0,21.229098828453342,0.21879100953573621,6.876846659460727e-07,5.741500383413994,6.795257029573174,1.0,0.84,25,21
3621,8,HBP1,3621,1.0,21.229098828453342,0.26542349887162636,1.3707310352515118e-09,3.800286840457969,3.3827370656706797,1.0,0.84,25,21
1566,8,RXRA,1566,1.0,1.3969383638137212,0.357731083667373,1.0843524462515811e-16,11.046555619848704,14.776102826407072,0.6842105263157895,0.52,25,19
1585,8,RXRA,1585,1.0,1.3969383638137212,0.3088449217592567,1.2706130788437544e-12,8.607100253314053,10.720217210089013,0.6842105263157895,0.52,25,19
1567,8,RXRA,1567,1.0,1.3969383638137212,0.18182833811331447,3.951962785704327e-05,7.563184438481035,8.727272872130808,0.6842105263157895,0.52,25,19
1584,8,RXRA,1584,1.0,1.3969383638137212,0.22781995590863435,2.2774385967433788e-07,6.507594979765824,7.16997619416216,0.6842105263157895,0.52,25,19
1568,8,RXRA,1568,1.0,1.3969383638137212,0.3073895898906661,1.6376349446815397e-12,3.166293288070008,2.5398058266685477,0.6842105263157895,0.52,25,19
1580,8,RXRA,1580,1.0,1.3969383638137212,0.2067014776011763,2.810450447440341e-06,6.429699879921387,7.0258289771219005,0.6842105263157895,0.52,25,19
1586,8,RXRA,1586,1.0,1.3969383638137212,0.21874460737999266,6.915188565533499e-07,3.876756382900091,3.45794283381924,0.6842105263157895,0.52,25,19
1573,8,RXRA,1573,1.0,1.3969383638137212,0.24998686204024134,1.237374683838638e-08,7.525599624660426,8.814318594890173,0.6842105263157895,0.52,25,19
1564,8,RXRA,1564,1.0,1.3969383638137212,0.2892288297152697,3.457662092445685e-11,5.537084233689111,6.494844370819603,0.6842105263157895,0.52,25,19
1578,8,RXRA,1578,1.0,1.3969383638137212,0.4307820533606157,3.1065754750724066e-24,8.903869124120648,11.159331171867075,0.6842105263157895,0.52,25,19
1563,8,RXRA,1563,1.0,1.3969383638137212,0.23410018020435586,1.0272461129528628e-07,14.568570835763573,21.212758379580222,0.6842105263157895,0.52,25,19
1582,8,RXRA,1582,1.0,1.3969383638137212,0.25379444776775817,7.2876435226518706e-09,3.456111189457444,2.959851326531724,0.6842105263157895,0.52,25,19
1571,8,RXRA,1571,1.0,1.3969383638137212,0.2360650040159296,7.970133584163087e-08,2.468576990357655,1.765233613900893,0.6842105263157895,0.52,25,19
5323,8,STAT1,5323,1.0,1.784347241630403,0.3205926803860511,1.5556190671755603e-13,5.618991980975459,6.620319202129561,1.0,0.8,25,20
5335,8,STAT1,5335,1.0,1.784347241630403,0.3419874285565203,2.6625393201271764e-15,2.02387807628027,1.30585428985068,1.0,0.8,25,20
5344,8,STAT1,5344,1.0,1.784347241630403,0.40174483286838003,5.209778468237087e-21,6.3722314833660585,7.076843941113403,1.0,0.8,25,20
5326,8,STAT1,5326,1.0,1.784347241630403,0.31276171095370414,6.373515557893031e-13,8.117951937846014,9.651376841186526,1.0,0.8,25,20
5324,8,STAT1,5324,1.0,1.784347241630403,-0.44008484699401623,2.4616987845663997e-25,-10.774434097754652,15.914387170583359,1.0,0.8,25,20
5328,8,STAT1,5328,1.0,1.784347241630403,-0.24875617996582272,1.4655885524295098e-08,-8.163207615033159,10.679712948495029,1.0,0.8,25,20
5322,8,STAT1,5322,1.0,1.784347241630403,0.6031720252770619,2.3441380985547793e-51,14.618402281621293,21.49516011417619,1.0,0.8,25,20
5342,8,STAT1,5342,1.0,1.784347241630403,0.37430718227102217,3.05843131586583e-18,8.839169519428658,10.923181063366238,1.0,0.8,25,20
5332,8,STAT1,5332,1.0,1.784347241630403,0.4858963536105165,2.792647577976929e-31,9.759809044861992,12.450109575641052,1.0,0.8,25,20
5338,8,STAT1,5338,1.0,1.784347241630403,0.43004278688738445,3.7872657734863126e-24,6.593561916754781,7.308928560474021,1.0,0.8,25,20
5333,8,STAT1,5333,1.0,1.784347241630403,0.6195359598071609,7.380960685493796e-55,10.222003173468703,12.929322708812926,1.0,0.8,25,20
5336,8,STAT1,5336,1.0,1.784347241630403,0.43452385611231936,1.131112329343637e-24,3.5168774311663693,3.0433642059570176,1.0,0.8,25,20
5330,8,STAT1,5330,1.0,1.784347241630403,-0.3197306066010328,1.8205806024066387e-13,-5.335900053911075,5.680538310597646,1.0,0.8,25,20
5327,8,STAT1,5327,1.0,1.784347241630403,0.22358040151841274,3.84867974257889e-07,2.5088475189540276,1.7858299627040626,1.0,0.8,25,20
5340,8,STAT1,5340,1.0,1.784347241630403,0.3125961353899366,6.563501575447882e-13,3.5269267680166494,2.985766962311696,1.0,0.8,25,20
5345,8,STAT1,5345,1.0,1.784347241630403,0.397909853097111,1.316984045341016e-20,6.0214623534041625,6.832077792426601,1.0,0.8,25,20
5341,8,STAT1,5341,1.0,1.784347241630403,0.6098792798534513,9.105978434698696e-53,5.767703647223207,6.038227903466835,1.0,0.8,25,20
5329,8,STAT1,5329,1.0,1.784347241630403,-0.3307197179345264,2.3601299936611436e-14,-8.47784981966891,10.594774511526392,1.0,0.8,25,20
5343,8,STAT1,5343,1.0,1.784347241630403,0.3631609744825415,3.446845023152197e-17,5.865079465512733,6.234228566928086,1.0,0.8,25,20
5337,8,STAT1,5337,1.0,1.784347241630403,0.4362081239179819,7.148468243471192e-25,6.02607236242904,6.5502082130014605,1.0,0.8,25,20
2078,8,ZBED6,2078,1.0,10.46460968558152,-0.28946205179524165,3.3293479097742466e-11,-8.559803147840256,10.58733196071905,1.0,1.0,7,7
2077,8,ZBED6,2077,1.0,10.46460968558152,-0.4954151315752694,1.2413901196172424e-32,-4.901338700800933,4.993155448594903,1.0,1.0,7,7
2072,8,ZBED6,2072,1.0,10.46460968558152,0.8335024496238445,1.0691188068895906e-131,14.54282525055546,22.006527071599134,1.0,1.0,7,7
2075,8,ZBED6,2075,1.0,10.46460968558152,-0.27245594124629857,4.794858869377896e-10,-3.8335987749006435,3.5385137300698726,1.0,1.0,7,7
2073,8,ZBED6,2073,1.0,10.46460968558152,0.2860004323413708,5.815374485893042e-11,6.4387283747763595,8.362171019310662,1.0,1.0,7,7
2076,8,ZBED6,2076,1.0,10.46460968558152,0.5386012824884974,2.4832192478408405e-39,6.444735755521084,7.055115946019726,1.0,1.0,7,7
2074,8,ZBED6,2074,1.0,10.46460968558152,-0.5346555152409652,1.1163249066420178e-38,-10.448682295612802,15.395828444086188,1.0,1.0,7,7
3847,8,CREB5,3847,1.0,2.212029892789649,0.1991262790875361,6.514933331263262e-06,2.486552926359656,1.7838573768288308,0.8181818181818182,0.6428571428571429,14,11
3837,8,CREB5,3837,1.0,2.212029892789649,0.5692118901331128,1.0595769874954855e-44,4.4001860685392105,4.518760553808169,0.8181818181818182,0.6428571428571429,14,11
3844,8,CREB5,3844,1.0,2.212029892789649,0.23661167358971924,7.423853583439449e-08,7.6899082949852815,9.160573579899298,0.8181818181818182,0.6428571428571429,14,11
3848,8,CREB5,3848,1.0,2.212029892789649,-0.14469664357740125,0.0011110978945870354,-6.879038646207169,7.838621582265528,0.8181818181818182,0.6428571428571429,14,11
3835,8,CREB5,3835,1.0,2.212029892789649,0.2878001464742748,4.355726601042803e-11,14.104045113355019,20.222419266005364,0.8181818181818182,0.6428571428571429,14,11
3843,8,CREB5,3843,1.0,2.212029892789649,0.5852512891040658,9.540630707224362e-48,3.0791436367246683,2.4362657906821243,0.8181818181818182,0.6428571428571429,14,11
3846,8,CREB5,3846,1.0,2.212029892789649,0.6112781464481853,4.579880901927137e-53,3.8281953606346257,3.4257262185430286,0.8181818181818182,0.6428571428571429,14,11
3838,8,CREB5,3838,1.0,2.212029892789649,-0.1229272306112599,0.005673143687908097,-10.246273332857367,13.340304345724203,0.8181818181818182,0.6428571428571429,14,11
3836,8,CREB5,3836,1.0,2.212029892789649,-0.2552942250746814,5.901912847193402e-09,-11.393378714058413,16.614323621663498,0.8181818181818182,0.6428571428571429,14,11
853,8,DDIT3,853,-1.0,2.9345721663829107,-0.4327846138651133,1.8119029614410444e-24,14.366836928764654,21.50793688635052,1.0,1.0,2,2
854,8,DDIT3,854,-1.0,2.9345721663829107,0.20259591176508962,4.4501216337692025e-06,-2.6349548090462465,1.9890396544107833,1.0,1.0,2,2
8972,8,SIX6,8972,1.0,1.5235119557786716,0.27455783038071346,3.482247548269783e-10,8.252535242961567,9.782373386769002,0.5,0.3333333333333333,3,2
4053,8,ZNF784,4053,-1.0,15.582039874095987,-0.47154364504773466,2.548016898175776e-29,14.112486283583735,20.475992940724627,1.0,1.0,3,3
4054,8,ZNF784,4054,-1.0,15.582039874095987,0.5708668071776123,5.231295150250646e-45,-11.210071922605781,17.047976429186676,1.0,1.0,3,3
4055,8,ZNF784,4055,-1.0,15.582039874095987,0.5550607234636509,3.7738586187679696e-42,-7.184270108431874,8.130561765546574,1.0,1.0,3,3
1042,8,ZNF524,1042,-1.0,15.418794241442573,-0.5879535158484793,2.8161764727667036e-48,10.487506470815406,13.539310818321294,0.8571428571428571,0.75,8,7
1043,8,ZNF524,1043,-1.0,15.418794241442573,0.3387118836107214,5.067397266686486e-15,-6.821119010323763,8.017311611549554,0.8571428571428571,0.75,8,7
1038,8,ZNF524,1038,-1.0,15.418794241442573,0.7960387653672201,9.144076636724526e-112,-11.404480207217855,17.668944101874484,0.8571428571428571,0.75,8,7
1039,8,ZNF524,1039,-1.0,15.418794241442573,-0.4535196687370601,5.494638636609758e-27,5.426524615571805,6.249018493398931,0.8571428571428571,0.75,8,7
1037,8,ZNF524,1037,-1.0,15.418794241442573,-0.6949512031948538,4.570763917934252e-74,14.719713514119743,22.14212008353855,0.8571428571428571,0.75,8,7
1040,8,ZNF524,1040,-1.0,15.418794241442573,-0.3707440930428447,6.702292103290781e-18,6.680242218558663,7.615015377449081,0.8571428571428571,0.75,8,7
208,8,PURA,208,1.0,21.239077545377818,-0.7343479378993801,1.1011227023932732e-86,-11.1666642041858,16.810820943952564,1.0,1.0,3,3
207,8,PURA,207,1.0,21.239077545377818,0.8098263553063383,1.3934408194510995e-118,13.737166831327139,19.316980663339205,1.0,1.0,3,3
209,8,PURA,209,1.0,21.239077545377818,0.39249589555228825,4.77863523794038e-20,6.397741050855564,8.238031326561503,1.0,1.0,3,3
2617,8,NR2C2,2617,1.0,10.930578245738893,-0.391844960893605,5.570675461059814e-20,-5.292161218024285,5.595102905058604,1.0,0.88,25,22
2632,8,NR2C2,2632,1.0,10.930578245738893,-0.24569401039482833,2.2244839600960536e-08,-2.5543141140901793,1.8528258821433854,1.0,0.88,25,22
2620,8,NR2C2,2620,1.0,10.930578245738893,-0.28783313113920095,4.332632162093135e-11,-9.904342035032492,15.122050542630362,1.0,0.88,25,22
2628,8,NR2C2,2628,1.0,10.930578245738893,0.2965666131830575,1.0346538682747826e-11,8.140619069565151,9.920364954003725,1.0,0.88,25,22
2627,8,NR2C2,2627,1.0,10.930578245738893,0.4901468097120272,7.038764391254532e-32,8.412273501864545,10.183462325644506,1.0,0.88,25,22
2626,8,NR2C2,2626,1.0,10.930578245738893,0.6194426896105761,7.738560242862893e-55,2.938821683243297,2.274747408833045,1.0,0.88,25,22
2614,8,NR2C2,2614,1.0,10.930578245738893,0.5360255901366534,6.639043969804465e-39,7.2921756835085425,8.322047321036045,1.0,0.88,25,22
2619,8,NR2C2,2619,1.0,10.930578245738893,0.5030331915179097,9.566952199309483e-34,3.54923541450879,3.0771694803986103,1.0,0.88,25,22
2622,8,NR2C2,2622,1.0,10.930578245738893,0.5226613033974206,9.552000634976148e-37,9.687427654012376,12.055245129406796,1.0,0.88,25,22
2634,8,NR2C2,2634,1.0,10.930578245738893,0.2053257189072945,3.2817843973145822e-06,2.2870976474508753,1.562024763868227,1.0,0.88,25,22
2625,8,NR2C2,2625,1.0,10.930578245738893,0.5428986066308494,4.722753598967704e-40,9.011216743703285,11.20254471506293,1.0,0.88,25,22
2618,8,NR2C2,2618,1.0,10.930578245738893,-0.6138532797379118,1.2808235302130898e-53,-8.702098101975599,11.526431879765916,1.0,0.88,25,22
2631,8,NR2C2,2631,1.0,10.930578245738893,0.6511303304243469,3.0755353692798167e-62,5.522224839765803,5.692870029175075,1.0,0.88,25,22
2624,8,NR2C2,2624,1.0,10.930578245738893,-0.3228992775053904,1.0187287812722872e-13,-7.052567775588457,8.004564363589873,1.0,0.88,25,22
2629,8,NR2C2,2629,1.0,10.930578245738893,-0.6716927282790393,1.552830005024959e-67,-5.405946502875387,5.659032633689731,1.0,0.88,25,22
2615,8,NR2C2,2615,1.0,10.930578245738893,-0.5319704330681517,3.0697582572361137e-38,-8.277530406320903,10.001139278155282,1.0,0.88,25,22
2612,8,NR2C2,2612,1.0,10.930578245738893,0.28150249807589456,1.1868036353990808e-10,5.7141009642050316,6.753139210724945,1.0,0.88,25,22
2610,8,NR2C2,2610,1.0,10.930578245738893,0.7808390776965897,7.795800260163426e-105,14.410105634470879,21.054584126130784,1.0,0.88,25,22
2611,8,NR2C2,2611,1.0,10.930578245738893,-0.5553872157402078,3.305868791130244e-42,-10.862453741437935,16.081493752733866,1.0,0.88,25,22
2623,8,NR2C2,2623,1.0,10.930578245738893,0.38205410603172124,5.370421755802093e-19,2.377174729620451,1.6520554426796636,1.0,0.88,25,22
2633,8,NR2C2,2633,1.0,10.930578245738893,-0.19883836209707928,6.722299774377087e-06,-3.582446256334412,3.1579685442993486,1.0,0.88,25,22
2616,8,NR2C2,2616,1.0,10.930578245738893,-0.211981912476962,1.5349675155175754e-06,-4.185107307730383,4.102210964176326,1.0,0.88,25,22
176,8,HSF1,176,-1.0,6.405124482440389,-0.5092648705864377,1.1198144198017905e-34,5.307553389292896,5.405910032847464,0.8888888888888888,0.64,25,18
163,8,HSF1,163,-1.0,6.405124482440389,0.29238063557908595,2.068024649538466e-11,-7.592432050354913,9.002047096241093,0.8888888888888888,0.64,25,18
180,8,HSF1,180,-1.0,6.405124482440389,-0.019229966474908364,0.6663893040923082,7.978146007897515,11.058930318267079,0.8888888888888888,0.64,25,18
167,8,HSF1,167,-1.0,6.405124482440389,0.24293010046346253,3.226501022499676e-08,-7.851705790656165,9.377527459863215,0.8888888888888888,0.64,25,18
162,8,HSF1,162,-1.0,6.405124482440389,0.31946971094624993,1.9091446259206423e-13,-8.785704574817993,12.159501308533535,0.8888888888888888,0.64,25,18
173,8,HSF1,173,-1.0,6.405124482440389,-0.09356603362199577,0.03554996409812421,2.6867966021867673,2.008052577378365,0.8888888888888888,0.64,25,18
175,8,HSF1,175,-1.0,6.405124482440389,-0.42734419404673396,7.77362442326788e-24,9.974882972103162,12.858893736008607,0.8888888888888888,0.64,25,18
169,8,HSF1,169,-1.0,6.405124482440389,-0.373970906407411,3.2948536196533683e-18,11.9889462126592,17.841183053880783,0.8888888888888888,0.64,25,18
158,8,HSF1,158,-1.0,6.405124482440389,-0.239320515902522,5.208545472550218e-08,5.435302497231765,6.252199134732395,0.8888888888888888,0.64,25,18
157,8,HSF1,157,-1.0,6.405124482440389,-0.40258761901034834,4.2423155371492565e-21,14.539797344488997,21.386793447672336,0.8888888888888888,0.64,25,18
165,8,HSF1,165,-1.0,6.405124482440389,-0.1999525728970413,5.953154903249692e-06,3.187123861731718,2.5932824941005475,0.8888888888888888,0.64,25,18
166,8,HSF1,166,-1.0,6.405124482440389,-0.49938130459008645,3.295143859666623e-33,4.370206186653198,4.148374723668105,0.8888888888888888,0.64,25,18
178,8,HSF1,178,-1.0,6.405124482440389,0.07939529977842506,0.074654545257042,-4.140647980130977,3.950809042306185,0.8888888888888888,0.64,25,18
159,8,HSF1,159,-1.0,6.405124482440389,0.5265297337187136,2.318969203676565e-37,-10.568160331681135,15.681144667700021,0.8888888888888888,0.64,25,18
181,8,HSF1,181,-1.0,6.405124482440389,0.3066949552098068,1.847578638948895e-12,-2.8793091952519814,2.237379741003331,0.8888888888888888,0.64,25,18
172,8,HSF1,172,-1.0,6.405124482440389,-0.2960835835136309,1.1213763555127693e-11,7.04013832462216,8.253608783787893,0.8888888888888888,0.64,25,18
7819,8,SOX17,7819,-1.0,6.007213610403646,0.6293795528621187,4.5715463491056416e-57,-3.4444060545400856,3.0177175528709412,0.4117647058823529,0.28,25,17
7834,8,SOX17,7834,-1.0,6.007213610403646,-0.31927879123316066,1.9766148929577053e-13,8.809803544724407,10.570803052813346,0.4117647058823529,0.28,25,17
7833,8,SOX17,7833,-1.0,6.007213610403646,-0.22035023378114213,5.700893718905693e-07,3.1241761347059134,2.4862621145726,0.4117647058823529,0.28,25,17
7829,8,SOX17,7829,-1.0,6.007213610403646,-0.278043394401552,2.0364116034701522e-10,10.549678068204464,14.665120647832067,0.4117647058823529,0.28,25,17
7831,8,SOX17,7831,-1.0,6.007213610403646,0.2501949263249307,1.2023600917185355e-08,-2.7052137912325818,2.013174993032032,0.4117647058823529,0.28,25,17
7821,8,SOX17,7821,-1.0,6.007213610403646,-0.3223254002418876,1.1322598858282055e-13,9.57245093545693,11.910727345004352,0.4117647058823529,0.28,25,17
7818,8,SOX17,7818,-1.0,6.007213610403646,-0.2716092416695086,5.450036705996679e-10,10.27819081762537,13.647119181246634,0.4117647058823529,0.28,25,17
2515,8,SOX5,2515,1.0,6.530117201378174,0.6728748651262644,7.474485543185788e-68,2.8948497623872136,2.2399536119980086,0.9411764705882353,0.64,25,17
2502,8,SOX5,2502,1.0,6.530117201378174,-0.5402097042002337,1.3379468184000854e-39,-10.446341210254888,15.17412740623698,0.9411764705882353,0.64,25,17
2511,8,SOX5,2511,1.0,6.530117201378174,0.521010486141782,1.738025794561118e-36,2.5093302163982467,1.7903397376948078,0.9411764705882353,0.64,25,17
2520,8,SOX5,2520,1.0,6.530117201378174,0.35891545676306763,8.460812603865535e-17,7.947128863904994,9.586695895824292,0.9411764705882353,0.64,25,17
2522,8,SOX5,2522,1.0,6.530117201378174,0.41950334785031307,6.056284815323584e-23,6.713258614482944,7.512757602014017,0.9411764705882353,0.64,25,17
2506,8,SOX5,2506,1.0,6.530117201378174,-0.3897967436495203,9.005726703094231e-20,-8.28445081950046,11.050983662007338,0.9411764705882353,0.64,25,17
2514,8,SOX5,2514,1.0,6.530117201378174,0.2251201517667295,3.184705380276085e-07,11.336294249368027,16.009298563843284,0.9411764705882353,0.64,25,17
2523,8,SOX5,2523,1.0,6.530117201378174,0.13886422803771065,0.001759880840281936,4.470788404558673,4.220370757322428,0.9411764705882353,0.64,25,17
2508,8,SOX5,2508,1.0,6.530117201378174,-0.521427826012415,1.4944121940027848e-36,-4.674871015858173,4.695700807843004,0.9411764705882353,0.64,25,17
2512,8,SOX5,2512,1.0,6.530117201378174,0.21765928145609598,7.872850794315985e-07,8.25081101332156,9.65614076737053,0.9411764705882353,0.64,25,17
2503,8,SOX5,2503,1.0,6.530117201378174,0.5024958396460766,1.1487134828774093e-33,2.3133400485301676,1.5890043387169381,0.9411764705882353,0.64,25,17
2501,8,SOX5,2501,1.0,6.530117201378174,0.805713614839745,1.7168920676607354e-116,5.832051801807989,6.946397849319199,0.9411764705882353,0.64,25,17
2524,8,SOX5,2524,1.0,6.530117201378174,0.3799532437715822,8.647489029884156e-19,6.630575809570687,7.477022897779308,0.9411764705882353,0.64,25,17
2519,8,SOX5,2519,1.0,6.530117201378174,0.267099380745528,1.0701367225532167e-09,9.848937824836463,12.52311767310969,0.9411764705882353,0.64,25,17
2513,8,SOX5,2513,1.0,6.530117201378174,0.5404083576059471,1.2392727645723338e-39,3.9290640084074604,3.513302971246557,0.9411764705882353,0.64,25,17
2500,8,SOX5,2500,1.0,6.530117201378174,0.4092348675861376,8.221452750936505e-22,14.6447370387181,21.4186720464572,0.9411764705882353,0.64,25,17
2359,8,RUNX2,2359,1.0,8.284947673902712,0.7138291468898444,7.59700047594343e-80,2.887967247255174,2.2562624876194173,0.8947368421052632,0.68,25,19
2358,8,RUNX2,2358,1.0,8.284947673902712,0.1905288354922449,1.628553138200871e-05,8.168149615149943,9.442610615216743,0.8947368421052632,0.68,25,19
2362,8,RUNX2,2362,1.0,8.284947673902712,0.20615424896526924,2.98960320203712e-06,5.630892202879744,5.96651218320122,0.8947368421052632,0.68,25,19
2357,8,RUNX2,2357,1.0,8.284947673902712,0.38707923587389803,1.6945316059290901e-19,10.928435775848506,14.155215211389347,0.8947368421052632,0.68,25,19
2343,8,RUNX2,2343,1.0,8.284947673902712,0.5602851589506778,4.4566593272163e-43,5.584260722074245,6.517419852082821,0.8947368421052632,0.68,25,19
2351,8,RUNX2,2351,1.0,8.284947673902712,0.2206975977100816,5.46659616159274e-07,9.212652110839482,11.168452630686133,0.8947368421052632,0.68,25,19
2342,8,RUNX2,2342,1.0,8.284947673902712,0.41427322856509263,2.3122677723251636e-22,14.357645845780816,20.80706983398935,0.8947368421052632,0.68,25,19
2365,8,RUNX2,2365,1.0,8.284947673902712,0.4793060361936816,2.2782114481635642e-30,7.557845684806722,8.915483439481532,0.8947368421052632,0.68,25,19
2344,8,RUNX2,2344,1.0,8.284947673902712,-0.395664286925587,2.254198393182972e-20,-10.470951146760221,15.197907630658689,0.8947368421052632,0.68,25,19
2363,8,RUNX2,2363,1.0,8.284947673902712,0.4294544671858491,4.4325077765004875e-24,4.423193657692125,4.208446145675548,0.8947368421052632,0.68,25,19
2356,8,RUNX2,2356,1.0,8.284947673902712,0.2170050856017279,8.510307794209525e-07,7.340147432844854,8.367948789978545,0.8947368421052632,0.68,25,19
2361,8,RUNX2,2361,1.0,8.284947673902712,0.5982647643646353,2.404710898733528e-50,3.6553095265775424,3.1915389590375653,0.8947368421052632,0.68,25,19
2350,8,RUNX2,2350,1.0,8.284947673902712,-0.2621324865405796,2.2177594384298255e-09,-7.419672731102182,9.19433949762407,0.8947368421052632,0.68,25,19
2366,8,RUNX2,2366,1.0,8.284947673902712,0.15950219245527042,0.0003199996797075895,7.44686586249303,8.925923547605384,0.8947368421052632,0.68,25,19
2352,8,RUNX2,2352,1.0,8.284947673902712,0.42468389696112474,1.5694554512632615e-23,2.5398133709286483,1.8643032632318874,0.8947368421052632,0.68,25,19
2360,8,RUNX2,2360,1.0,8.284947673902712,0.6014182474148037,5.411760397006824e-51,5.30218410716615,5.66924205003772,0.8947368421052632,0.68,25,19
2355,8,RUNX2,2355,1.0,8.284947673902712,0.507885012103695,1.80755426607619e-34,3.269767466264899,2.700780401230846,0.8947368421052632,0.68,25,19
5116,8,FOXJ3,5116,1.0,21.385644992507594,-0.5190410966562495,3.534483294995717e-36,-9.26173460871209,13.153886474984255,1.0,0.96,25,24
5124,8,FOXJ3,5124,1.0,21.385644992507594,0.17295276111462082,9.365203629721323e-05,3.014991252459264,2.4229022903430883,1.0,0.96,25,24
5127,8,FOXJ3,5127,1.0,21.385644992507594,-0.5177465883234288,5.6216129117097377e-36,-8.804709741289509,12.52096249960044,1.0,0.96,25,24
5117,8,FOXJ3,5117,1.0,21.385644992507594,-0.5005726659622485,2.2047869185414173e-33,-8.424026126949812,10.488500211154777,1.0,0.96,25,24
5122,8,FOXJ3,5122,1.0,21.385644992507594,0.7552824847702162,2.369856863358929e-94,10.832731112862364,14.375455275310992,1.0,0.96,25,24
5112,8,FOXJ3,5112,1.0,21.385644992507594,0.4779999739104347,3.4348711141379164e-30,8.111277104460381,9.560185865149405,1.0,0.96,25,24
5126,8,FOXJ3,5126,1.0,21.385644992507594,0.41443349303874494,2.2200389662380563e-22,3.2152777089373035,2.5948901566575087,1.0,0.96,25,24
5121,8,FOXJ3,5121,1.0,21.385644992507594,0.6398836778087748,1.6385271262323004e-59,9.789136967070057,12.30825557126076,1.0,0.96,25,24
5129,8,FOXJ3,5129,1.0,21.385644992507594,0.4516404746064669,9.448336081399208e-27,3.8706998828171124,3.429427562140508,1.0,0.96,25,24
5110,8,FOXJ3,5110,1.0,21.385644992507594,-0.6196926835540698,6.816655127921135e-55,-10.591260302144846,15.574697454648303,1.0,0.96,25,24
5114,8,FOXJ3,5114,1.0,21.385644992507594,-0.33130309925402485,2.1126200572679178e-14,-4.002283195207711,3.8364229435029182,1.0,0.96,25,24
5132,8,FOXJ3,5132,1.0,21.385644992507594,0.25059325808357236,1.137984502439451e-08,4.543815284998702,4.485400553064311,1.0,0.96,25,24
5123,8,FOXJ3,5123,1.0,21.385644992507594,0.61640446653361,3.5827242947747584e-54,6.99709030066266,7.999595092147964,1.0,0.96,25,24
5111,8,FOXJ3,5111,1.0,21.385644992507594,0.1645296517229363,0.00020439745279265348,5.653427501383244,6.628181769676492,1.0,0.96,25,24
5115,8,FOXJ3,5115,1.0,21.385644992507594,0.6389994278930999,2.654638708186612e-59,10.932512309273616,14.281877965050178,1.0,0.96,25,24
5113,8,FOXJ3,5113,1.0,21.385644992507594,0.2869448746116849,4.998286805008627e-11,2.31213709245584,1.5825916195392673,1.0,0.96,25,24
5131,8,FOXJ3,5131,1.0,21.385644992507594,0.35094099472059015,4.408650138652867e-16,3.3460008976808506,2.7852940278151936,1.0,0.96,25,24
5133,8,FOXJ3,5133,1.0,21.385644992507594,-0.4850751845370873,3.636502106326715e-31,-6.7162762266499065,7.9959281248187,1.0,0.96,25,24
5118,8,FOXJ3,5118,1.0,21.385644992507594,-0.4949253931604342,1.460544032032983e-32,-4.79852736055429,4.843118378789528,1.0,0.96,25,24
5128,8,FOXJ3,5128,1.0,21.385644992507594,0.4806489033996569,1.4909068577423825e-30,6.145879893221817,6.706020459730398,1.0,0.96,25,24
5120,8,FOXJ3,5120,1.0,21.385644992507594,0.6123274128655103,2.7289436326209132e-53,8.056648581011128,10.171260864662424,1.0,0.96,25,24
5125,8,FOXJ3,5125,1.0,21.385644992507594,0.6483472260269506,1.4906856174198414e-61,9.228767941382054,11.676489238435213,1.0,0.96,25,24
5130,8,FOXJ3,5130,1.0,21.385644992507594,0.7835385091304162,5.036391375578171e-106,11.499392071923076,16.422454952125452,1.0,0.96,25,24
5109,8,FOXJ3,5109,1.0,21.385644992507594,0.8142954978727688,6.510762737242155e-121,14.58855312912896,21.338781787066225,1.0,0.96,25,24
2041,8,HSF4,2041,-1.0,4.830951700284583,0.3574644110373771,1.1464922733401402e-16,-5.212147734511215,5.359138290996122,1.0,1.0,10,10
2037,8,HSF4,2037,-1.0,4.830951700284583,-0.4472656271838365,3.29441426965315e-26,14.465975106819451,21.209508701295256,1.0,1.0,10,10
2042,8,HSF4,2042,-1.0,4.830951700284583,-0.2533472912508643,7.75858708314148e-09,2.513327316845353,1.7974661753649988,1.0,1.0,10,10
2045,8,HSF4,2045,-1.0,4.830951700284583,-0.14582790577194368,0.0010142672146276595,8.23042379197972,10.36746918448741,1.0,1.0,10,10
2043,8,HSF4,2043,-1.0,4.830951700284583,-0.30205073302361296,4.104846851680706e-12,8.5885194509358,10.293111220958448,1.0,1.0,10,10
2038,8,HSF4,2038,-1.0,4.830951700284583,-0.2939853302100397,1.5879587998167364e-11,4.975165886618623,5.441551780487328,1.0,1.0,10,10
2039,8,HSF4,2039,-1.0,4.830951700284583,0.4952894357758758,1.2943178335259313e-32,-11.108341612721919,16.48055642724179,1.0,1.0,10,10
2044,8,HSF4,2044,-1.0,4.830951700284583,0.3517235885079192,3.757045971524352e-16,-6.9470744018466295,8.333276876328348,1.0,1.0,10,10
2046,8,HSF4,2046,-1.0,4.830951700284583,0.5414415043988872,8.313234019753399e-40,-6.092608900225012,6.605481663749204,1.0,1.0,10,10
2040,8,HSF4,2040,-1.0,4.830951700284583,-0.268535331794049,8.644185873296085e-10,7.794557221524895,9.188846713380615,1.0,1.0,10,10
2430,8,CENPB,2430,-1.0,9.573873821461378,0.5094372480726335,1.0546343399281938e-34,-9.956496589713451,13.894072654459475,1.0,1.0,2,2
2429,8,CENPB,2429,-1.0,9.573873821461378,-0.5209132093333558,1.800239981187591e-36,13.26556860672493,18.79171551907287,1.0,1.0,2,2
5939,8,E2F1,5939,1.0,1.4955727711610727,0.760815429369024,1.6498970661352656e-96,2.1565998265729776,1.4286754208883419,0.35,0.3181818181818182,22,20
5951,8,E2F1,5951,1.0,1.4955727711610727,0.15290488676196817,0.0005649832171312126,6.675643246930105,7.653420143271419,0.35,0.3181818181818182,22,20
5955,8,E2F1,5955,1.0,1.4955727711610727,-0.21065460583325415,1.7896183895384973e-06,-2.6052395180463233,1.9266883601914495,0.35,0.3181818181818182,22,20
5945,8,E2F1,5945,1.0,1.4955727711610727,0.4074605907795749,1.2786092493612558e-21,2.870131030041642,2.199334577347322,0.35,0.3181818181818182,22,20
5953,8,E2F1,5953,1.0,1.4955727711610727,0.09477314191046436,0.03323123169247196,6.03435624548229,6.532205588552324,0.35,0.3181818181818182,22,20
5944,8,E2F1,5944,1.0,1.4955727711610727,0.1585631544520912,0.0003474424036174357,9.586682056644232,12.106717528596132,0.35,0.3181818181818182,22,20
5952,8,E2F1,5952,1.0,1.4955727711610727,0.2620134063095751,2.2564294445892657e-09,7.61893760188728,8.850339660703934,0.35,0.3181818181818182,22,20
5396,8,GTF2I,5396,1.0,21.361181309345096,0.2622061895630557,2.19414847205614e-09,2.6261439845757497,1.9297328536400673,1.0,0.8,25,20
5384,8,GTF2I,5384,1.0,21.361181309345096,-0.7279014858007542,1.810350301667195e-84,-10.78288339841137,15.622904581424503,1.0,0.8,25,20
5405,8,GTF2I,5405,1.0,21.361181309345096,-0.26216425990425135,2.2075506495651504e-09,-4.372361302266874,4.193183972486131,1.0,0.8,25,20
5400,8,GTF2I,5400,1.0,21.361181309345096,0.2788671724315289,1.7919198900625597e-10,3.733297542563906,3.2626379135484394,1.0,0.8,25,20
5399,8,GTF2I,5399,1.0,21.361181309345096,-0.47367115593546943,1.3227094987219997e-29,-7.133964995621806,8.573911602840102,1.0,0.8,25,20
5397,8,GTF2I,5397,1.0,21.361181309345096,0.35375372941020816,2.4760356574710435e-16,5.041359307289712,5.394929659284062,1.0,0.8,25,20
5388,8,GTF2I,5388,1.0,21.361181309345096,-0.5555638793693035,3.077131765153464e-42,-9.181013277969496,11.549880253981614,1.0,0.8,25,20
5402,8,GTF2I,5402,1.0,21.361181309345096,0.6628356003302195,3.3437737944841287e-65,9.29774359301748,12.650321704187615,1.0,0.8,25,20
5387,8,GTF2I,5387,1.0,21.361181309345096,-0.2914314412807741,2.415869023605963e-11,-4.368916727066831,4.3667968338311605,1.0,0.8,25,20
5389,8,GTF2I,5389,1.0,21.361181309345096,-0.6596581707860228,2.1973904817538803e-64,-8.701358689849684,10.948045174896032,1.0,0.8,25,20
5392,8,GTF2I,5392,1.0,21.361181309345096,-0.49424408279337256,1.8304196649649974e-32,-9.051203823975206,12.506661130674466,1.0,0.8,25,20
5383,8,GTF2I,5383,1.0,21.361181309345096,0.2248325143073314,3.2997220848208075e-07,4.727123353657055,5.017380742680254,1.0,0.8,25,20
5386,8,GTF2I,5386,1.0,21.361181309345096,0.6271529948025859,1.4670704333806393e-56,7.7302061413652305,8.99649101126855,1.0,0.8,25,20
5406,8,GTF2I,5406,1.0,21.361181309345096,0.5295545393048623,7.568744083013711e-38,4.0680530549541105,3.792937648744939,1.0,0.8,25,20
5401,8,GTF2I,5401,1.0,21.361181309345096,-0.39004655123897486,8.494816769258734e-20,-7.062000577275464,8.184752909059911,1.0,0.8,25,20
5398,8,GTF2I,5398,1.0,21.361181309345096,0.4939178700478744,2.0389780341963313e-32,4.164958136193809,3.8895786212205854,1.0,0.8,25,20
5395,8,GTF2I,5395,1.0,21.361181309345096,0.694497803817649,6.212564539461788e-74,7.970005671004227,10.095987519697545,1.0,0.8,25,20
5404,8,GTF2I,5404,1.0,21.361181309345096,-0.13438409058297138,0.0024768066048825852,-2.2710618011866863,1.5488458155024443,1.0,0.8,25,20
5382,8,GTF2I,5382,1.0,21.361181309345096,0.8863178864470298,2.6719746080395087e-170,14.33171177043806,20.864528632092092,1.0,0.8,25,20
5390,8,GTF2I,5390,1.0,21.361181309345096,0.43471337817011524,1.074325877241325e-24,2.6554814565220735,1.969888709652315,1.0,0.8,25,20
6957,8,OSR2,6957,-1.0,1.3395280618891896,-0.2454891141288042,2.2870148495620626e-08,6.835586503466439,7.572303240812809,0.5,0.4166666666666667,12,10
6963,8,OSR2,6963,-1.0,1.3395280618891896,-0.1318494892967558,0.0029918292366945968,7.264794106500423,8.341404245977108,0.5,0.4166666666666667,12,10
6960,8,OSR2,6960,-1.0,1.3395280618891896,0.40555931369534476,2.04636999077154e-21,-4.35879684136166,4.35054822917632,0.5,0.4166666666666667,12,10
6958,8,OSR2,6958,-1.0,1.3395280618891896,0.5718537381688481,3.42753315347801e-45,-3.537573301475028,3.1285801011995575,0.5,0.4166666666666667,12,10
6962,8,OSR2,6962,-1.0,1.3395280618891896,-0.21801139741303327,7.548991757077686e-07,10.584119564094436,14.718285088248933,0.5,0.4166666666666667,12,10
4938,8,ESRRA,4938,-1.0,2.34485078709667,0.5789724624636379,1.5555543658802244e-46,-3.340149891806215,2.8177959576251204,0.8823529411764706,0.6,25,17
4925,8,ESRRA,4925,-1.0,2.34485078709667,-0.3821112235447148,5.301061235668516e-19,8.339919283663054,10.566125249240685,0.8823529411764706,0.6,25,17
4935,8,ESRRA,4935,-1.0,2.34485078709667,0.3260614260183783,5.668320711894461e-14,-4.931450987252102,4.8928312803763765,0.8823529411764706,0.6,25,17
4922,8,ESRRA,4922,-1.0,2.34485078709667,0.3293679057346729,3.0481215221543206e-14,-7.857800898902155,9.441435784162321,0.8823529411764706,0.6,25,17
4927,8,ESRRA,4927,-1.0,2.34485078709667,-0.3571839482084855,1.2156223065836306e-16,3.340752695264445,2.7504058300974568,0.8823529411764706,0.6,25,17
4921,8,ESRRA,4921,-1.0,2.34485078709667,0.49516010607271915,1.3511076633083657e-32,-6.182338397669088,7.036041978376237,0.8823529411764706,0.6,25,17
4930,8,ESRRA,4930,-1.0,2.34485078709667,-0.32116739624272994,1.4003723499981895e-13,7.030872295807246,7.937101551698843,0.8823529411764706,0.6,25,17
4917,8,ESRRA,4917,-1.0,2.34485078709667,-0.45346413523339923,5.583635953862272e-27,5.49164018172087,6.4138176763024175,0.8823529411764706,0.6,25,17
4916,8,ESRRA,4916,-1.0,2.34485078709667,0.5491540458393667,4.037906842969453e-41,-10.661489784380347,15.579177949260428,0.8823529411764706,0.6,25,17
4923,8,ESRRA,4923,-1.0,2.34485078709667,0.5662198828578511,3.7577559281420013e-44,-8.89865537318555,11.105427099641274,0.8823529411764706,0.6,25,17
4933,8,ESRRA,4933,-1.0,2.34485078709667,0.34260304912478834,2.3572064728722806e-15,-3.3979458836723766,2.887261370843688,0.8823529411764706,0.6,25,17
4919,8,ESRRA,4919,-1.0,2.34485078709667,0.3851316498109439,2.6560314937043404e-19,-7.920718652591739,10.194174065675455,0.8823529411764706,0.6,25,17
4915,8,ESRRA,4915,-1.0,2.34485078709667,-0.3632725073749612,3.3658727748285067e-17,14.702273507284369,21.757627112363483,0.8823529411764706,0.6,25,17
4928,8,ESRRA,4928,-1.0,2.34485078709667,-0.025493698438166804,0.567611402726082,2.444189747911419,1.7391234694764353,0.8823529411764706,0.6,25,17
4934,8,ESRRA,4934,-1.0,2.34485078709667,0.34819394982976565,7.70176882889986e-16,-4.225460987588073,4.0335060993926914,0.8823529411764706,0.6,25,17
8597,8,E2F2,8597,1.0,1.5438552133639614,0.32200785295920903,1.2003154606995008e-13,8.386215540899224,11.067405715468116,1.0,0.7,10,7
8594,8,E2F2,8594,1.0,1.5438552133639614,0.3641752995175294,2.775758124145837e-17,9.384142903742472,11.631329160648743,1.0,0.7,10,7
8595,8,E2F2,8595,1.0,1.5438552133639614,0.48638357624582346,2.386897055421899e-31,6.863369234208288,7.664444671058948,1.0,0.7,10,7
8593,8,E2F2,8593,1.0,1.5438552133639614,0.09226490972078576,0.03820199870166684,4.4698965815908425,4.438907807345058,1.0,0.7,10,7
8592,8,E2F2,8592,1.0,1.5438552133639614,0.24865023769457692,1.4870375373413314e-08,11.52933775449994,15.08352604605034,1.0,0.7,10,7
8589,8,E2F2,8589,1.0,1.5438552133639614,0.21610648642504007,9.46717501163968e-07,2.976959560903061,2.318228359135021,1.0,0.7,10,7
8590,8,E2F2,8590,1.0,1.5438552133639614,0.872900861514723,6.903068512206011e-159,2.5205658911108233,1.7971059168389556,1.0,0.7,10,7
749,8,GATA2,749,1.0,3.047402691944567,0.32985783050354733,2.7786401077091147e-14,7.406185197364734,8.835272662789919,0.85,0.68,25,20
742,8,GATA2,742,1.0,3.047402691944567,0.21160957710677905,1.6026623737023636e-06,8.406623673532481,10.035863852301276,0.85,0.68,25,20
750,8,GATA2,750,1.0,3.047402691944567,0.32327608537251246,9.503326227828334e-14,7.245315985303646,8.314188533437397,0.85,0.68,25,20
753,8,GATA2,753,1.0,3.047402691944567,0.3659041059385442,1.9156993503976826e-17,5.113152322123776,5.3158494502518625,0.85,0.68,25,20
741,8,GATA2,741,1.0,3.047402691944567,0.20757650299191413,2.5451452593980944e-06,14.692027847771065,21.607537975301867,0.85,0.68,25,20
744,8,GATA2,744,1.0,3.047402691944567,0.3147699552563953,4.4567813616614356e-13,2.4311972226638323,1.7046708963805721,0.85,0.68,25,20
746,8,GATA2,746,1.0,3.047402691944567,-0.29225848050643577,2.1098854547504073e-11,-3.2880657573648424,2.8116895388953007,0.85,0.68,25,20
760,8,GATA2,760,1.0,3.047402691944567,0.31080471401177395,9.008333053729343e-13,3.5960089565709197,3.1184726358187627,0.85,0.68,25,20
757,8,GATA2,757,1.0,3.047402691944567,0.16759731873808503,0.00015448677796271244,5.295777590715889,5.570836430589285,0.85,0.68,25,20
752,8,GATA2,752,1.0,3.047402691944567,0.15336546076967947,0.0005433930953438244,6.007827628652617,6.604199282659281,0.85,0.68,25,20
745,8,GATA2,745,1.0,3.047402691944567,0.3183504685872315,2.3394262920063223e-13,8.926098664233791,11.022607812012192,0.85,0.68,25,20
761,8,GATA2,761,1.0,3.047402691944567,0.2907563737740234,2.6973621600399394e-11,6.520621208178553,7.818458389061024,0.85,0.68,25,20
755,8,GATA2,755,1.0,3.047402691944567,0.20544945798927725,3.2364764830744527e-06,4.641219168819511,4.500037085120492,0.85,0.68,25,20
763,8,GATA2,763,1.0,3.047402691944567,0.2760956219845587,2.750873137294047e-10,2.758914397685742,2.063149105663055,0.85,0.68,25,20
743,8,GATA2,743,1.0,3.047402691944567,-0.26528848537027616,1.3982386822741766e-09,-2.9484057861903685,2.3707593270836695,0.85,0.68,25,20
747,8,GATA2,747,1.0,3.047402691944567,0.16974765799561328,0.00012658844950704792,4.591895886966638,4.430440014943218,0.85,0.68,25,20
759,8,GATA2,759,1.0,3.047402691944567,0.3396730045675376,4.198742591994901e-15,6.311330482584937,6.983194217655048,0.85,0.68,25,20
7566,8,HOXA7,7566,1.0,1.418511951104898,0.6451591743025236,8.908690663618277e-61,6.5460356717454005,8.185613933510634,0.75,0.5,24,16
7567,8,HOXA7,7567,1.0,1.418511951104898,0.42385657820440437,1.9502385420572026e-23,2.030316366840041,1.3101003588495004,0.75,0.5,24,16
7581,8,HOXA7,7581,1.0,1.418511951104898,0.21917955770732359,6.563708098891633e-07,5.4293359887248975,5.521023893421289,0.75,0.5,24,16
7575,8,HOXA7,7575,1.0,1.418511951104898,0.3191269126912692,2.0319511202228857e-13,7.087702022747969,8.205369364895871,0.75,0.5,24,16
7589,8,HOXA7,7589,1.0,1.418511951104898,-0.1572521537868073,0.0003894402491613611,-2.5095090278473355,1.8075544906561645,0.75,0.5,24,16
7584,8,HOXA7,7584,1.0,1.418511951104898,0.2770548794009836,2.372889301094222e-10,2.778939525535741,2.0932815727302407,0.75,0.5,24,16
7574,8,HOXA7,7574,1.0,1.418511951104898,0.2613085221565635,2.4991026113390706e-09,2.5011034089502524,1.7816908922839763,0.75,0.5,24,16
7579,8,HOXA7,7579,1.0,1.418511951104898,0.2846962335985152,7.161072174965584e-11,3.1722819890935923,2.5948732226074807,0.75,0.5,24,16
7577,8,HOXA7,7577,1.0,1.418511951104898,0.41947548792146305,6.100040581725802e-23,2.5008629192214826,1.7957705876828924,0.75,0.5,24,16
7582,8,HOXA7,7582,1.0,1.418511951104898,0.3922396587484836,5.076212961800356e-20,2.5147688292929646,1.8312061614501065,0.75,0.5,24,16
7573,8,HOXA7,7573,1.0,1.418511951104898,0.4208110873199122,4.3164166951809476e-23,10.407860921762824,13.679932945210552,0.75,0.5,24,16
7587,8,HOXA7,7587,1.0,1.418511951104898,0.4301971812088042,3.633901910355972e-24,2.173778605977496,1.447233743367935,0.75,0.5,24,16
216,8,NR1H3,216,-1.0,7.920572665798424,0.43818748334460783,4.155015833723422e-25,-7.414043288580058,8.747427782825064,0.8823529411764706,0.75,20,17
220,8,NR1H3,220,-1.0,7.920572665798424,0.33417285827961685,1.2207785033497944e-14,-7.004837510627627,8.760880885619214,0.8823529411764706,0.75,20,17
211,8,NR1H3,211,-1.0,7.920572665798424,0.30740645493120744,1.632839495925308e-12,-11.08670295888463,16.492376957970862,0.8823529411764706,0.75,20,17
218,8,NR1H3,218,-1.0,7.920572665798424,0.4694503301261804,4.835271969575108e-29,-3.0171259407558586,2.4469685192346433,0.8823529411764706,0.75,20,17
221,8,NR1H3,221,-1.0,7.920572665798424,-0.25210691876641084,9.224629224593166e-09,9.08009665880381,11.552716826781332,0.8823529411764706,0.75,20,17
229,8,NR1H3,229,-1.0,7.920572665798424,-0.18843719775704282,2.0228915972897954e-05,5.2323394156326755,5.262874580218978,0.8823529411764706,0.75,20,17
225,8,NR1H3,225,-1.0,7.920572665798424,-0.3097555407714685,1.0832955586612017e-12,8.360379727550642,9.9167430475667,0.8823529411764706,0.75,20,17
228,8,NR1H3,228,-1.0,7.920572665798424,0.5254741312640582,3.418573641624678e-37,-4.931092329264448,5.045545227636923,0.8823529411764706,0.75,20,17
226,8,NR1H3,226,-1.0,7.920572665798424,0.3302441424266651,2.5827543597327916e-14,-2.4663983234942557,1.7464318280964484,0.8823529411764706,0.75,20,17
215,8,NR1H3,215,-1.0,7.920572665798424,0.3428839778387777,2.2295604372666835e-15,-9.571790230009526,12.192257542482059,0.8823529411764706,0.75,20,17
210,8,NR1H3,210,-1.0,7.920572665798424,-0.25973271240167495,3.136791464246302e-09,14.648501342219513,21.810945287977336,0.8823529411764706,0.75,20,17
217,8,NR1H3,217,-1.0,7.920572665798424,0.14387733804436348,0.0011864714709806364,-4.930227221384471,5.063974822120364,0.8823529411764706,0.75,20,17
219,8,NR1H3,219,-1.0,7.920572665798424,0.5151173191853348,1.4339789334002345e-35,-7.7298359492134265,9.004186391164195,0.8823529411764706,0.75,20,17
227,8,NR1H3,227,-1.0,7.920572665798424,-0.3131711307776741,5.926545709443058e-13,4.068775102492348,3.7299793853719914,0.8823529411764706,0.75,20,17
222,8,NR1H3,222,-1.0,7.920572665798424,0.36658308688011665,1.655033421505052e-17,-2.992843233803995,2.4246630788893846,0.8823529411764706,0.75,20,17
4686,8,YY1,4686,1.0,11.717602495419873,-0.2132403613032111,1.325872149011214e-06,-4.36643058525695,4.398263861311997,1.0,0.92,25,23
4689,8,YY1,4689,1.0,11.717602495419873,-0.4858279616781555,2.8548165684920247e-31,-8.091119984117473,9.842823523701798,1.0,0.92,25,23
4683,8,YY1,4683,1.0,11.717602495419873,0.42670276344404634,9.213851801630676e-24,2.6488556115117152,1.9349756455874487,1.0,0.92,25,23
4685,8,YY1,4685,1.0,11.717602495419873,-0.41328285002413295,2.9721319132856044e-22,-8.596458260150413,11.85986511726951,1.0,0.92,25,23
4691,8,YY1,4691,1.0,11.717602495419873,0.5720043122324655,3.213004544536716e-45,3.8622350435558723,3.4691600638812186,1.0,0.92,25,23
4687,8,YY1,4687,1.0,11.717602495419873,-0.282017301108993,1.0944658535090221e-10,-10.521039325772291,14.25832715009792,1.0,0.92,25,23
4699,8,YY1,4699,1.0,11.717602495419873,0.48414127126998424,4.905896722301913e-31,4.221440175851406,3.965788717378204,1.0,0.92,25,23
4694,8,YY1,4694,1.0,11.717602495419873,0.25912715495152006,3.421696231057663e-09,7.927551420261997,9.540072837464672,1.0,0.92,25,23
4703,8,YY1,4703,1.0,11.717602495419873,0.522255237946155,1.1070613548864914e-36,8.37969514135688,10.307605765005853,1.0,0.92,25,23
4702,8,YY1,4702,1.0,11.717602495419873,0.3935907255321806,3.689317364084642e-20,4.52142623944179,4.2958888396845545,1.0,0.92,25,23
4692,8,YY1,4692,1.0,11.717602495419873,0.49843621008063554,4.5271204607644505e-33,9.622074175274994,12.367338425769141,1.0,0.92,25,23
4688,8,YY1,4688,1.0,11.717602495419873,0.49372089382851336,2.1761289264134084e-32,9.036273370147969,11.621764288825245,1.0,0.92,25,23
4696,8,YY1,4696,1.0,11.717602495419873,-0.32905324693960086,3.2345433687686097e-14,-7.228298947885201,9.092592569414393,1.0,0.92,25,23
4704,8,YY1,4704,1.0,11.717602495419873,0.442678336156597,1.1971926984408199e-25,8.478109589199448,11.231496603518181,1.0,0.92,25,23
4697,8,YY1,4697,1.0,11.717602495419873,0.2875820190714724,4.511501159353999e-11,7.8253188476865345,9.396066085641262,1.0,0.92,25,23
4681,8,YY1,4681,1.0,11.717602495419873,-0.3728641497690143,4.2072584009927134e-18,-10.520659364942356,15.539240323752118,1.0,0.92,25,23
4701,8,YY1,4701,1.0,11.717602495419873,0.33614979510373405,8.338700952385157e-15,3.076084175760385,2.4310537966523116,1.0,0.92,25,23
4682,8,YY1,4682,1.0,11.717602495419873,0.5482148214821483,5.860776697844953e-41,8.904867059569487,10.821022559994418,1.0,0.92,25,23
4680,8,YY1,4680,1.0,11.717602495419873,0.6138849599245639,1.2608104729468113e-53,14.701215149351679,21.694673720480207,1.0,0.92,25,23
4700,8,YY1,4700,1.0,11.717602495419873,0.5632828500241329,1.2858544715893468e-43,3.5710070412085,3.0416060683761805,1.0,0.92,25,23
4695,8,YY1,4695,1.0,11.717602495419873,0.18239354991399764,3.735390546014786e-05,2.168504660127739,1.4509510286141587,1.0,0.92,25,23
4684,8,YY1,4684,1.0,11.717602495419873,0.6824823476136436,1.726010216389613e-70,10.622964075187301,13.75351054491433,1.0,0.92,25,23
4693,8,YY1,4693,1.0,11.717602495419873,0.3257080987601866,6.054118736398904e-14,8.715249716161066,11.251195605289283,1.0,0.92,25,23
7031,8,HOXB4,7031,1.0,1.3455401020104618,0.271847308954498,5.25749831010832e-10,8.722092366104091,11.146806332841429,1.0,0.5882352941176471,17,10
7028,8,HOXB4,7028,1.0,1.3455401020104618,0.3803265109119608,7.947711641084187e-19,3.17985153651047,2.55895290759987,1.0,0.5882352941176471,17,10
7033,8,HOXB4,7033,1.0,1.3455401020104618,0.4102843203575017,6.32364388087255e-22,2.4622292622299677,1.7394566481233456,1.0,0.5882352941176471,17,10
7037,8,HOXB4,7037,1.0,1.3455401020104618,0.42993544696084524,3.897638501887884e-24,3.72959576784042,3.3047478028928143,1.0,0.5882352941176471,17,10
7038,8,HOXB4,7038,1.0,1.3455401020104618,0.27927342423683366,1.682121218741098e-10,5.06045392075947,5.011103427024184,1.0,0.5882352941176471,17,10
7030,8,HOXB4,7030,1.0,1.3455401020104618,0.317284803014463,2.836691684287925e-13,9.482727520675512,11.994849041440848,1.0,0.5882352941176471,17,10
7024,8,HOXB4,7024,1.0,1.3455401020104618,0.5228899598034339,8.789702017788882e-37,6.658422026405138,8.5004604304196,1.0,0.5882352941176471,17,10
7025,8,HOXB4,7025,1.0,1.3455401020104618,0.5333373399451747,1.836340448524667e-38,2.468282091625459,1.748525835490909,1.0,0.5882352941176471,17,10
7040,8,HOXB4,7040,1.0,1.3455401020104618,0.4471977943135929,3.35835728821556e-26,2.55411109250218,1.8514507163048097,1.0,0.5882352941176471,17,10
7034,8,HOXB4,7034,1.0,1.3455401020104618,0.5619839623713925,2.2068270993237427e-43,2.3801010385254013,1.667956256296664,1.0,0.5882352941176471,17,10
8857,8,NR2E1,8857,1.0,7.167877921084958,0.22315655686959435,4.053663356269838e-07,6.735721396081365,7.93001774296871,1.0,0.8,5,4
8858,8,NR2E1,8858,1.0,7.167877921084958,0.2869887860557281,4.963155274940718e-11,2.4347781164332782,1.7306905515320454,1.0,0.8,5,4
8855,8,NR2E1,8855,1.0,7.167877921084958,0.4530283872473052,6.333237246814643e-27,7.18915727543756,8.232145215097022,1.0,0.8,5,4
8856,8,NR2E1,8856,1.0,7.167877921084958,0.3078597171958925,1.5089809969240393e-12,2.633362094154997,1.9387056870895756,1.0,0.8,5,4
3461,8,PEBP1,3461,-1.0,2.7738786384902605,-0.2899312912657726,3.08510437436379e-11,3.1487975744762,2.510788703548504,1.0,0.7777777777777778,9,7
3460,8,PEBP1,3460,-1.0,2.7738786384902605,-0.26028152504691465,2.8985755565628e-09,10.633929367074698,13.521451912039403,1.0,0.7777777777777778,9,7
3458,8,PEBP1,3458,-1.0,2.7738786384902605,-0.384188046133806,3.2986104467800885e-19,6.059633816126127,7.255536876406794,1.0,0.7777777777777778,9,7
3463,8,PEBP1,3463,-1.0,2.7738786384902605,0.39602096855648306,2.0703153130256687e-20,-9.165120525692004,11.497477241797647,1.0,0.7777777777777778,9,7
3455,8,PEBP1,3455,-1.0,2.7738786384902605,-0.5101934727634255,8.103446619700061e-35,14.248731443148948,20.891927412874765,1.0,0.7777777777777778,9,7
3459,8,PEBP1,3459,-1.0,2.7738786384902605,0.4771696734890881,4.4552566093398185e-30,-8.709357952540572,11.102021754622104,1.0,0.7777777777777778,9,7
3456,8,PEBP1,3456,-1.0,2.7738786384902605,0.5438529256652374,3.2561588986759397e-40,-10.645906556102222,15.550532108695291,1.0,0.7777777777777778,9,7
9358,8,LMX1B,9358,1.0,1.562024763868227,0.16373131101930072,0.00021966889027470637,5.304554081435495,5.505592093443992,0.7142857142857143,0.5,10,7
9360,8,LMX1B,9360,1.0,1.562024763868227,0.1548289922159918,0.00047976854270917604,6.683700284727324,7.596436099527769,0.7142857142857143,0.5,10,7
9359,8,LMX1B,9359,1.0,1.562024763868227,0.18709377148895018,2.322294325445291e-05,8.21667366270841,10.272406236641476,0.7142857142857143,0.5,10,7
9354,8,LMX1B,9354,1.0,1.562024763868227,0.23125902652377042,1.4768027646642018e-07,6.669340275727935,7.459989818704368,0.7142857142857143,0.5,10,7
9362,8,LMX1B,9362,1.0,1.562024763868227,0.25217773330128046,9.134153683711605e-09,3.233272421840171,2.6639246830271226,0.7142857142857143,0.5,10,7
1398,8,TTF1,1398,1.0,3.0851704619885774,0.37769901213723867,1.4361916113474104e-18,2.1253230679442674,1.3988155751823437,0.9411764705882353,0.7272727272727273,22,17
1396,8,TTF1,1396,1.0,3.0851704619885774,0.5694531254367674,9.562225271602864e-45,14.406840013729484,20.944029537431796,0.9411764705882353,0.7272727272727273,22,17
1412,8,TTF1,1412,1.0,3.0851704619885774,0.4215913516817521,3.5241864157330885e-23,7.4773046247646855,8.626010773294558,0.9411764705882353,0.7272727272727273,22,17
1415,8,TTF1,1415,1.0,3.0851704619885774,0.19479680887343395,1.0386289279054273e-05,6.823017472631966,7.857954994549167,0.9411764705882353,0.7272727272727273,22,17
1410,8,TTF1,1410,1.0,3.0851704619885774,0.504590179514846,5.620848484962063e-34,8.971553653445385,10.82145893213897,0.9411764705882353,0.7272727272727273,22,17
1402,8,TTF1,1402,1.0,3.0851704619885774,-0.2791874218477749,1.7048042434746774e-10,-7.893826501847725,9.447920746766096,0.9411764705882353,0.7272727272727273,22,17
1408,8,TTF1,1408,1.0,3.0851704619885774,0.4434333495461348,9.694289215023493e-26,2.6277310207675044,1.9282151905694596,0.9411764705882353,0.7272727272727273,22,17
1404,8,TTF1,1404,1.0,3.0851704619885774,-0.21637865649919033,9.166959059825411e-07,-8.737042554630975,12.35059573273301,0.9411764705882353,0.7272727272727273,22,17
1406,8,TTF1,1406,1.0,3.0851704619885774,0.3851838289419005,2.6243449471414194e-19,5.61763490634031,5.912186698091013,0.9411764705882353,0.7272727272727273,22,17
1413,8,TTF1,1413,1.0,3.0851704619885774,0.2263288440645307,2.742194285000768e-07,2.356747869953508,1.6406328255347826,0.9411764705882353,0.7272727272727273,22,17
1407,8,TTF1,1407,1.0,3.0851704619885774,0.3522508772616393,3.3723894172493965e-16,9.134403890268793,11.146701421057376,0.9411764705882353,0.7272727272727273,22,17
1400,8,TTF1,1400,1.0,3.0851704619885774,-0.4067768578100047,1.5147449396531627e-21,-8.696785495620347,11.633720292027167,0.9411764705882353,0.7272727272727273,22,17
1405,8,TTF1,1405,1.0,3.0851704619885774,0.390826349715717,7.076784362948977e-20,5.87288196521934,6.4776587275470145,0.9411764705882353,0.7272727272727273,22,17
1409,8,TTF1,1409,1.0,3.0851704619885774,0.24661376075495753,1.9635959759845846e-08,3.7256066590521626,3.2835294375745354,0.9411764705882353,0.7272727272727273,22,17
1397,8,TTF1,1397,1.0,3.0851704619885774,-0.27394258059346316,3.8251225534328556e-10,-10.318805324533457,14.970903887414599,0.9411764705882353,0.7272727272727273,22,17
1411,8,TTF1,1411,1.0,3.0851704619885774,0.4459233190399786,4.8154594570675704e-26,7.423180786488599,9.05560513571664,0.9411764705882353,0.7272727272727273,22,17
5460,8,GRHL1,5460,1.0,21.351238596164897,0.31504352298583904,4.2439195853292124e-13,2.3045140896476437,1.5819082150068144,1.0,0.85,20,17
5464,8,GRHL1,5464,1.0,21.351238596164897,0.5375340329063962,3.736188351592677e-39,8.540591259813995,10.146847415622915,1.0,0.85,20,17
5457,8,GRHL1,5457,1.0,21.351238596164897,0.5985173672646769,2.1352213790971182e-50,8.171586213906513,9.84034943206961,1.0,0.85,20,17
5466,8,GRHL1,5466,1.0,21.351238596164897,0.34651899972605965,1.0793315018296399e-15,5.952643540301597,6.403945282860962,1.0,0.85,20,17
5468,8,GRHL1,5468,1.0,21.351238596164897,0.5897282585401399,1.255759896545873e-48,8.389608444867687,10.146551785035726,1.0,0.85,20,17
5469,8,GRHL1,5469,1.0,21.351238596164897,0.4121389157549296,3.967817868744336e-22,4.385283761237964,4.174169423090879,1.0,0.85,20,17
5459,8,GRHL1,5459,1.0,21.351238596164897,-0.3361552925478884,8.329835196326291e-15,-8.870522157540455,11.84424283014746,1.0,0.85,20,17
5463,8,GRHL1,5463,1.0,21.351238596164897,0.4993141239589799,3.370500554740886e-33,5.571658443187808,6.011741814609864,1.0,0.85,20,17
5455,8,GRHL1,5455,1.0,21.351238596164897,0.3180034773663702,2.491153242442473e-13,2.821665551396851,2.1545188417251246,1.0,0.85,20,17
5462,8,GRHL1,5462,1.0,21.351238596164897,-0.2826024527918631,9.980000838319452e-11,-7.397280688617107,8.584943744490877,1.0,0.85,20,17
5471,8,GRHL1,5471,1.0,21.351238596164897,0.46543104621021114,1.6340387825096185e-28,3.5435565861995575,3.0476249072627994,1.0,0.85,20,17
5465,8,GRHL1,5465,1.0,21.351238596164897,0.5135028409673267,2.538111411361487e-35,9.688921279607714,12.889366539489082,1.0,0.85,20,17
5453,8,GRHL1,5453,1.0,21.351238596164897,0.5891831729756827,1.6101485654324493e-48,14.671930038069524,21.299357753441925,1.0,0.85,20,17
5467,8,GRHL1,5467,1.0,21.351238596164897,0.5331186534802549,1.9939891652023414e-38,11.907392433593394,17.05982052411273,1.0,0.85,20,17
5454,8,GRHL1,5454,1.0,21.351238596164897,0.3133668956957808,5.723815209498024e-13,6.931813099161146,7.770499001374332,1.0,0.85,20,17
5461,8,GRHL1,5461,1.0,21.351238596164897,0.447542456108965,3.045701943063043e-26,6.452219258840078,7.45574880771601,1.0,0.85,20,17
5456,8,GRHL1,5456,1.0,21.351238596164897,0.5168021460531147,7.87681735639235e-36,10.370237656416665,13.930656648901516,1.0,0.85,20,17
1282,8,SOX9,1282,1.0,2.4981911301015995,0.3042136511787825,2.8353096596358833e-12,14.547756372806385,21.23507342464613,0.9444444444444444,0.68,25,18
1286,8,SOX9,1286,1.0,2.4981911301015995,0.22243861032065942,4.425067212905358e-07,10.525837029401453,13.569144229373899,0.9444444444444444,0.68,25,18
1299,8,SOX9,1299,1.0,2.4981911301015995,0.2955875090614652,1.2178210595202638e-11,5.157176327622081,5.414168381209036,0.9444444444444444,0.68,25,18
1305,8,SOX9,1305,1.0,2.4981911301015995,0.3326018937297457,1.6494277026770803e-14,7.150994073443162,8.20180395560954,0.9444444444444444,0.68,25,18
1289,8,SOX9,1289,1.0,2.4981911301015995,0.3458479388311502,1.2348915967900435e-15,11.540971593830747,15.679309568401298,0.9444444444444444,0.68,25,18
1293,8,SOX9,1293,1.0,2.4981911301015995,0.19882829897896626,6.729660187197431e-06,9.490495417702595,12.249342678517312,0.9444444444444444,0.68,25,18
1301,8,SOX9,1301,1.0,2.4981911301015995,0.3850649350649351,2.697094476086084e-19,5.756977299784366,6.353501648915613,0.9444444444444444,0.68,25,18
1283,8,SOX9,1283,1.0,2.4981911301015995,0.48034207147422825,1.642847911215788e-30,7.456946346035449,8.563638847628624,0.9444444444444444,0.68,25,18
1298,8,SOX9,1298,1.0,2.4981911301015995,0.30512576102330735,2.4234496327734176e-12,5.184798509311579,5.2059970462133025,0.9444444444444444,0.68,25,18
1306,8,SOX9,1306,1.0,2.4981911301015995,0.3768365656441421,1.7420169355034768e-18,7.629709107418956,8.984900966180803,0.9444444444444444,0.68,25,18
1297,8,SOX9,1297,1.0,2.4981911301015995,0.39005065102783576,8.486674668192376e-20,6.845870699773449,7.835936383152934,0.9444444444444444,0.68,25,18
1290,8,SOX9,1290,1.0,2.4981911301015995,0.46763775756457643,8.390349816433046e-29,6.839767919367862,7.790513165059381,0.9444444444444444,0.68,25,18
1296,8,SOX9,1296,1.0,2.4981911301015995,0.2533424460458469,7.763848176928178e-09,7.743909955655503,9.219100541503863,0.9444444444444444,0.68,25,18
1292,8,SOX9,1292,1.0,2.4981911301015995,0.3504763209240179,4.846812310446085e-16,8.996271250315242,10.973631683129277,0.9444444444444444,0.68,25,18
1304,8,SOX9,1304,1.0,2.4981911301015995,0.3819839437359886,5.45684741084508e-19,4.1523870054627645,3.78612700610475,0.9444444444444444,0.68,25,18
1300,8,SOX9,1300,1.0,2.4981911301015995,-0.3016128942086756,4.422466669384609e-12,-6.719628789302163,7.888851322863066,0.9444444444444444,0.68,25,18
1291,8,SOX9,1291,1.0,2.4981911301015995,0.27468482873132044,3.4152935911434925e-10,8.29666305821067,10.435907328037777,0.9444444444444444,0.68,25,18
4998,8,PRRX1,4998,1.0,6.599845847428175,0.25294905266924217,8.202746869781302e-09,3.212191917349298,2.6297375807988916,0.95,0.76,25,20
4999,8,PRRX1,4999,1.0,6.599845847428175,0.35080476991798565,4.532903680753831e-16,5.174848064999309,5.21406039041889,0.95,0.76,25,20
4981,8,PRRX1,4981,1.0,6.599845847428175,0.6942322493118878,7.433930548547174e-74,2.468911604790422,1.7501123527190892,0.95,0.76,25,20
4989,8,PRRX1,4989,1.0,6.599845847428175,-0.4090616515067657,8.584654886936635e-22,-5.040889419247511,5.144197526967635,0.95,0.76,25,20
4993,8,PRRX1,4993,1.0,6.599845847428175,0.46847122600458807,6.51469543570427e-29,8.93260154999971,10.692051410360335,0.95,0.76,25,20
5000,8,PRRX1,5000,1.0,6.599845847428175,0.3753289614675754,2.4378626986345224e-18,8.341246553946688,10.149115250080994,0.95,0.76,25,20
5001,8,PRRX1,5001,1.0,6.599845847428175,0.5493107695862754,3.7940917249006276e-41,4.321622610338271,4.06589823452932,0.95,0.76,25,20
4979,8,PRRX1,4979,1.0,6.599845847428175,0.3418687210335941,2.7257292260841792e-15,14.815108443160186,21.71030187461148,0.95,0.76,25,20
5003,8,PRRX1,5003,1.0,6.599845847428175,0.7892044173361437,1.4072801724436732e-108,3.84545859885142,3.4529836870715056,0.95,0.76,25,20
4980,8,PRRX1,4980,1.0,6.599845847428175,0.8776763701214844,8.547156133619215e-163,6.143941590983082,7.522503091601226,0.95,0.76,25,20
4988,8,PRRX1,4988,1.0,6.599845847428175,0.6778377527193714,3.3434705290084083e-69,9.250449688871488,12.588459486699948,0.95,0.76,25,20
4992,8,PRRX1,4992,1.0,6.599845847428175,0.19115750084325206,1.5250969510443325e-05,9.297290839169738,11.740011115712036,0.95,0.76,25,20
5002,8,PRRX1,5002,1.0,6.599845847428175,0.4279855314724019,6.556294735344616e-24,2.8623671449104826,2.1834638790941368,0.95,0.76,25,20
4994,8,PRRX1,4994,1.0,6.599845847428175,0.4105094360367714,5.9767490125502095e-22,5.137986717584519,5.142188358081277,0.95,0.76,25,20
4985,8,PRRX1,4985,1.0,6.599845847428175,-0.38349173426659444,3.8687707024904525e-19,-7.711517379772024,9.961453105878261,0.95,0.76,25,20
4990,8,PRRX1,4990,1.0,6.599845847428175,0.4204199301917771,4.777325063608931e-23,2.5981255822209666,1.89311155983523,0.95,0.76,25,20
4986,8,PRRX1,4986,1.0,6.599845847428175,0.6959188465430396,2.369764057903465e-74,2.8371651612504687,2.1489945836709983,0.95,0.76,25,20
4997,8,PRRX1,4997,1.0,6.599845847428175,0.4988992066908555,3.87521704309016e-33,2.5680504385662237,1.859789599873665,0.95,0.76,25,20
4991,8,PRRX1,4991,1.0,6.599845847428175,0.4666295822128798,1.138404627289792e-28,8.824349391377345,11.061825688199113,0.95,0.76,25,20
4078,8,SOX4,4078,1.0,8.883321993505506,-0.2973942114708366,9.010525508326419e-12,-7.533658557735348,9.298293651231633,0.9473684210526315,0.72,25,19
4079,8,SOX4,4079,1.0,8.883321993505506,0.30069836176164205,5.1653111821196286e-12,5.011919670627345,5.082228054452402,0.9473684210526315,0.72,25,19
4070,8,SOX4,4070,1.0,8.883321993505506,0.35925993220440067,7.870200826822115e-17,3.019638919716452,2.395350516797337,0.9473684210526315,0.72,25,19
4063,8,SOX4,4063,1.0,8.883321993505506,0.40125201961189916,5.873134060969401e-21,9.997360314959076,12.579968853398057,0.9473684210526315,0.72,25,19
4080,8,SOX4,4080,1.0,8.883321993505506,0.6550555987275747,3.226932124360266e-63,7.570360606192042,8.881226197141215,0.9473684210526315,0.72,25,19
4064,8,SOX4,4064,1.0,8.883321993505506,0.5679977003911572,1.7738771585622995e-44,8.949509098711866,10.966903983070114,0.9473684210526315,0.72,25,19
4077,8,SOX4,4077,1.0,8.883321993505506,0.29577162685212627,1.1811158205493834e-11,10.774419200828513,14.944698493739455,0.9473684210526315,0.72,25,19
4059,8,SOX4,4059,1.0,8.883321993505506,0.43914888383248274,3.188297746744202e-25,2.380910825618477,1.6527114989449445,0.9473684210526315,0.72,25,19
4071,8,SOX4,4071,1.0,8.883321993505506,0.31933674733933026,1.9558902929370654e-13,6.34554637872333,7.0109248049589965,0.9473684210526315,0.72,25,19
4057,8,SOX4,4057,1.0,8.883321993505506,0.5313120442479031,3.928483971323635e-38,8.260400348149231,9.805225578440083,0.9473684210526315,0.72,25,19
4065,8,SOX4,4065,1.0,8.883321993505506,-0.3527466721827463,3.046143303085949e-16,-8.06539303294976,9.866589144467518,0.9473684210526315,0.72,25,19
4075,8,SOX4,4075,1.0,8.883321993505506,-0.37755868754577326,1.4820765733989618e-18,-7.479496962668335,9.248294615538693,0.9473684210526315,0.72,25,19
4056,8,SOX4,4056,1.0,8.883321993505506,0.3436315370667502,1.922032094024232e-15,14.474341215884746,21.07454235232412,0.9473684210526315,0.72,25,19
4073,8,SOX4,4073,1.0,8.883321993505506,0.2984257742544441,7.579430967807779e-12,3.7598194120456294,3.3008753972029834,0.9473684210526315,0.72,25,19
4062,8,SOX4,4062,1.0,8.883321993505506,-0.32082757965237524,1.4902286207874635e-13,-3.2156792075235803,2.7011415098464577,0.9473684210526315,0.72,25,19
4067,8,SOX4,4067,1.0,8.883321993505506,0.5567321328406134,1.9131766886065598e-42,3.7180959680357963,3.225954959727857,0.9473684210526315,0.72,25,19
4068,8,SOX4,4068,1.0,8.883321993505506,-0.3496436910771823,5.741453181550926e-16,-7.762337904804181,9.191893119004725,0.9473684210526315,0.72,25,19
4066,8,SOX4,4066,1.0,8.883321993505506,-0.3799349810757474,8.683241241698556e-19,-7.510809065879564,9.950034326448025,0.9473684210526315,0.72,25,19
4368,8,STAT5B,4368,1.0,6.431378309529516,-0.35260895654782876,3.1335163204341757e-16,-8.581251548192734,10.49419625826197,0.9444444444444444,0.7391304347826086,23,18
4367,8,STAT5B,4367,1.0,6.431378309529516,0.5067755533317309,2.6521625489467484e-34,4.9642129040007195,5.125876434423616,0.9444444444444444,0.7391304347826086,23,18
4372,8,STAT5B,4372,1.0,6.431378309529516,0.39067046456198423,7.340217149042368e-20,4.6070411796565685,4.395323558875074,0.9444444444444444,0.7391304347826086,23,18
4365,8,STAT5B,4365,1.0,6.431378309529516,0.3441618074850964,1.72954792676427e-15,4.453653071045577,4.1788282153833745,0.9444444444444444,0.7391304347826086,23,18
4363,8,STAT5B,4363,1.0,6.431378309529516,0.5747203291757749,9.956082733865008e-46,2.3743324219653696,1.665507167291623,0.9444444444444444,0.7391304347826086,23,18
4376,8,STAT5B,4376,1.0,6.431378309529516,0.4580803111367038,1.453739787476677e-27,6.280581876335906,6.795054121170728,0.9444444444444444,0.7391304347826086,23,18
4357,8,STAT5B,4357,1.0,6.431378309529516,-0.4946303015394708,1.6106583495028425e-32,-10.393960187386645,14.789579123592445,0.9444444444444444,0.7391304347826086,23,18
4370,8,STAT5B,4370,1.0,6.431378309529516,0.31297676351486087,6.13477617178349e-13,5.244829553694935,5.428127936278942,0.9444444444444444,0.7391304347826086,23,18
4361,8,STAT5B,4361,1.0,6.431378309529516,0.35052011412321366,4.803755280495424e-16,2.7147133594491453,2.01231083361161,0.9444444444444444,0.7391304347826086,23,18
4374,8,STAT5B,4374,1.0,6.431378309529516,0.46874013488305355,6.003108637158738e-29,5.60556937232353,5.954274868767794,0.9444444444444444,0.7391304347826086,23,18
4355,8,STAT5B,4355,1.0,6.431378309529516,0.5350056744804916,9.777077826933584e-39,14.470544466924343,21.219708526413566,0.9444444444444444,0.7391304347826086,23,18
4364,8,STAT5B,4364,1.0,6.431378309529516,0.6687821577188776,9.262155409235624e-67,4.685944147859066,4.69757822485998,0.9444444444444444,0.7391304347826086,23,18
4366,8,STAT5B,4366,1.0,6.431378309529516,0.3412794695618631,3.0618490984114594e-15,9.512680545485876,12.010992173103881,0.9444444444444444,0.7391304347826086,23,18
4375,8,STAT5B,4375,1.0,6.431378309529516,0.43316924860187894,1.6329879377031107e-24,7.908372618223564,9.55399957143961,0.9444444444444444,0.7391304347826086,23,18
4356,8,STAT5B,4356,1.0,6.431378309529516,0.7584563735876695,1.3943211334909975e-95,5.8518966515939885,7.01891425029922,0.9444444444444444,0.7391304347826086,23,18
4359,8,STAT5B,4359,1.0,6.431378309529516,0.24919439148883835,1.3800082607342819e-08,8.458746210696797,10.171443221886234,0.9444444444444444,0.7391304347826086,23,18
4369,8,STAT5B,4369,1.0,6.431378309529516,0.13071934522644815,0.003251433759757423,9.408125485907835,11.982805732077193,0.9444444444444444,0.7391304347826086,23,18
4495,8,ATF5,4495,-1.0,2.207256858353832,0.22364096658113022,3.8202157806352973e-07,-7.733340028274923,8.972248060569058,1.0,0.6818181818181818,22,15
4498,8,ATF5,4498,-1.0,2.207256858353832,0.21204042764524902,1.524581197100218e-06,-3.5060981279555987,3.0244580871466975,1.0,0.6818181818181818,22,15
4505,8,ATF5,4505,-1.0,2.207256858353832,-0.2415030944088198,3.902583181719525e-08,6.64214544074188,7.634901844822777,1.0,0.6818181818181818,22,15
4496,8,ATF5,4496,-1.0,2.207256858353832,0.021685180940454296,0.6268513147049699,-5.395883409077631,5.8801186600584465,1.0,0.6818181818181818,22,15
4504,8,ATF5,4504,-1.0,2.207256858353832,-0.2434281316330391,3.018385691988011e-08,3.650760635070667,3.151581322785628,1.0,0.6818181818181818,22,15
4507,8,ATF5,4507,-1.0,2.207256858353832,-0.3400303384375705,3.9145726960050304e-15,8.237246935792067,9.90725630842636,1.0,0.6818181818181818,22,15
4489,8,ATF5,4489,-1.0,2.207256858353832,0.3349870390765785,1.0437725565299187e-14,-10.352947377670722,15.24995450236069,1.0,0.6818181818181818,22,15
4508,8,ATF5,4508,-1.0,2.207256858353832,0.25532832786384235,5.873585004017849e-09,-3.0466182279563734,2.410736339335261,1.0,0.6818181818181818,22,15
4492,8,ATF5,4492,-1.0,2.207256858353832,0.2574143749778705,4.370295066573768e-09,-7.5517812016043475,9.625324065827849,1.0,0.6818181818181818,22,15
4490,8,ATF5,4490,-1.0,2.207256858353832,0.2336741748709033,1.0850292908110033e-07,-4.630402005249826,4.577767262584731,1.0,0.6818181818181818,22,15
4500,8,ATF5,4500,-1.0,2.207256858353832,-0.3329044395122742,1.5567584653682612e-14,8.378250510917072,10.092273081494094,1.0,0.6818181818181818,22,15
4491,8,ATF5,4491,-1.0,2.207256858353832,-0.18879229537860623,1.9501024214391978e-05,2.0554953470545323,1.3400986662572585,1.0,0.6818181818181818,22,15
4506,8,ATF5,4506,-1.0,2.207256858353832,-0.24042997467448615,4.4992682935331416e-08,2.695948712657974,2.0117345914335703,1.0,0.6818181818181818,22,15
4487,8,ATF5,4487,-1.0,2.207256858353832,-0.21814715633053994,7.427577582848965e-07,14.465660901023263,21.208671054960163,1.0,0.6818181818181818,22,15
4488,8,ATF5,4488,-1.0,2.207256858353832,-0.29837489960176145,7.644482527510736e-12,5.425754110465979,6.211836300871411,1.0,0.6818181818181818,22,15
7378,8,MAX,7378,1.0,4.882319320739507,0.29068080721115597,2.730797140556167e-11,2.7833409424360736,2.105826872607461,0.75,0.5,24,16
7375,8,MAX,7375,1.0,4.882319320739507,0.2944214918386249,1.4775235024037418e-11,4.360796219719648,4.185834826934717,0.75,0.5,24,16
7374,8,MAX,7374,1.0,4.882319320739507,0.16855527167623596,0.00014141234716783966,4.200898910405262,3.8151019044551178,0.75,0.5,24,16
7376,8,MAX,7376,1.0,4.882319320739507,0.13884112013685843,0.001763030706033454,6.099069857158134,6.792889613860815,0.75,0.5,24,16
7382,8,MAX,7382,1.0,4.882319320739507,0.06993457109686126,0.11650545871567523,9.696991095588565,13.271296108973218,0.75,0.5,24,16
7366,8,MAX,7366,1.0,4.882319320739507,0.27556106542331255,2.9863094171818703e-10,2.6184381118739206,1.938786210354793,0.75,0.5,24,16
7380,8,MAX,7380,1.0,4.882319320739507,-0.2059773989821343,3.049800127466877e-06,-5.025461624416157,5.036686741767163,0.75,0.5,24,16
7383,8,MAX,7383,1.0,4.882319320739507,0.3203753915764248,1.6186050013174867e-13,2.383645732930847,1.6697686917378285,0.75,0.5,24,16
7377,8,MAX,7377,1.0,4.882319320739507,0.36047719678800183,6.090167487751134e-17,8.702412614650918,10.820691999298978,0.75,0.5,24,16
7360,8,MAX,7360,1.0,4.882319320739507,0.3785285671424286,1.1921571114302353e-18,5.0035917594787325,5.488612888667809,0.75,0.5,24,16
7381,8,MAX,7381,1.0,4.882319320739507,0.22038741141194867,5.67536341837679e-07,2.1125655118519657,1.4075083167304583,0.75,0.5,24,16
7368,8,MAX,7368,1.0,4.882319320739507,0.19226360524251185,1.3580631605059373e-05,9.575042010265372,12.70617218087992,0.75,0.5,24,16
3387,8,IKZF2,3387,1.0,21.306436808690762,0.5479186117369501,6.589868195463016e-41,5.860730163729354,6.1902923267755,1.0,0.96,25,24
3391,8,IKZF2,3391,1.0,21.306436808690762,0.37195632606738943,5.1377823905630205e-18,5.37403932742098,5.529351870505658,1.0,0.96,25,24
3377,8,IKZF2,3377,1.0,21.306436808690762,0.2827998017193024,9.673749343194415e-11,2.8820129429399697,2.228048524663614,1.0,0.96,25,24
3373,8,IKZF2,3373,1.0,21.306436808690762,-0.514180331076586,1.998096456697623e-35,-8.448260549262338,11.358173480123401,1.0,0.96,25,24
3384,8,IKZF2,3384,1.0,21.306436808690762,0.1945025558456467,1.0716817563688561e-05,2.854738693220174,2.1738255372086535,1.0,0.96,25,24
3370,8,IKZF2,3370,1.0,21.306436808690762,-0.5969852575319644,4.383589992089477e-50,-10.179385330113872,14.893870305260783,1.0,0.96,25,24
3375,8,IKZF2,3375,1.0,21.306436808690762,0.537848132639351,3.313449602066018e-39,10.452227412812682,13.239768552383367,1.0,0.96,25,24
3376,8,IKZF2,3376,1.0,21.306436808690762,0.5096434488169315,9.815850881760026e-35,7.284960206361316,8.33384732508603,1.0,0.96,25,24
3382,8,IKZF2,3382,1.0,21.306436808690762,0.3447581404103144,1.5356445242441255e-15,2.5573239979114724,1.873779466688608,1.0,0.96,25,24
3390,8,IKZF2,3390,1.0,21.306436808690762,0.4284624114585373,5.775073173812123e-24,6.038496046008396,6.860807446821291,1.0,0.96,25,24
3380,8,IKZF2,3380,1.0,21.306436808690762,0.6262542092718589,2.342609424384955e-56,9.88344670488504,12.929521930589514,1.0,0.96,25,24
3386,8,IKZF2,3386,1.0,21.306436808690762,0.32860841984819605,3.517287323235922e-14,4.961841684296798,4.984739144188337,1.0,0.96,25,24
3371,8,IKZF2,3371,1.0,21.306436808690762,0.31274922523308235,6.387652377375332e-13,2.4170313234317264,1.6958806798509558,1.0,0.96,25,24
3392,8,IKZF2,3392,1.0,21.306436808690762,0.5149694472552846,1.5111573437626426e-35,6.830592740520482,8.22694014336431,1.0,0.96,25,24
3379,8,IKZF2,3379,1.0,21.306436808690762,0.34685387793437733,1.0090717241606168e-15,7.266211139412995,8.397752813574458,1.0,0.96,25,24
3389,8,IKZF2,3389,1.0,21.306436808690762,0.44157241811137643,1.6292716984421421e-25,8.51283649368162,10.406303591885203,1.0,0.96,25,24
3372,8,IKZF2,3372,1.0,21.306436808690762,0.5445377767590425,2.4916999620933618e-40,7.43282836339412,8.542624571098928,1.0,0.96,25,24
3388,8,IKZF2,3388,1.0,21.306436808690762,0.5362477241512972,6.101225701125917e-39,11.956540040840283,17.741806961943805,1.0,0.96,25,24
3381,8,IKZF2,3381,1.0,21.306436808690762,0.33340610458561387,1.4142317674133047e-14,8.462815013277009,10.498691988364293,1.0,0.96,25,24
3378,8,IKZF2,3378,1.0,21.306436808690762,-0.36634082662924683,1.743766072385896e-17,-3.872411444903149,3.517855019340004,1.0,0.96,25,24
3374,8,IKZF2,3374,1.0,21.306436808690762,0.24613716029988097,2.094850240390788e-08,2.193913458371515,1.468402311819911,1.0,0.96,25,24
3369,8,IKZF2,3369,1.0,21.306436808690762,0.3141381218867229,4.989150768685627e-13,5.799218860240955,6.914425364477922,1.0,0.96,25,24
3368,8,IKZF2,3368,1.0,21.306436808690762,0.7311141362583464,1.4503344714091387e-85,14.504515079031199,21.1783686586022,1.0,0.96,25,24
3383,8,IKZF2,3383,1.0,21.306436808690762,0.5842306280317474,1.5081441552167784e-47,9.162767972986318,11.364065075110485,1.0,0.96,25,24
711,8,DEAF1,711,-1.0,9.647873558048541,0.5055690041053795,4.017798710871965e-34,-10.826944592744152,15.96027547700631,1.0,0.75,8,6
710,8,DEAF1,710,-1.0,9.647873558048541,-0.4256505153620953,1.21673254889601e-23,14.686919699866307,21.59459615242076,1.0,0.75,8,6
717,8,DEAF1,717,-1.0,9.647873558048541,-0.3692902520065672,9.205326048619163e-18,5.826327269907704,6.189116410433356,1.0,0.75,8,6
715,8,DEAF1,715,-1.0,9.647873558048541,0.2548903026948658,6.247679312571124e-09,-2.8568118758461027,2.2011253025974744,1.0,0.75,8,6
713,8,DEAF1,713,-1.0,9.647873558048541,-0.24186778926339841,3.717804262515797e-08,8.61712443597761,10.984469571075111,1.0,0.75,8,6
712,8,DEAF1,712,-1.0,9.647873558048541,-0.3782456817110283,1.2703984805674647e-18,4.49099789386426,4.6251138178175655,1.0,0.75,8,6
7084,8,JUN,7084,1.0,1.6063502236607454,0.21987577639751557,6.03655964605844e-07,8.706513868230552,11.49216938189672,0.6428571428571429,0.36,25,14
7086,8,JUN,7086,1.0,1.6063502236607454,0.2536378171978689,7.449362595805576e-09,4.509846830817387,4.4438142532401566,0.6428571428571429,0.36,25,14
7080,8,JUN,7080,1.0,1.6063502236607454,0.45330005050194466,5.855006403844623e-27,5.299996595114447,5.701064945664368,0.6428571428571429,0.36,25,14
7095,8,JUN,7095,1.0,1.6063502236607454,0.24668951367186412,1.943480982224068e-08,6.952989856139607,8.554595657990673,0.6428571428571429,0.36,25,14
7072,8,JUN,7072,1.0,1.6063502236607454,0.27097209720972104,5.999699937910956e-10,5.373894863401897,6.183131888521278,0.6428571428571429,0.36,25,14
7082,8,JUN,7082,1.0,1.6063502236607454,0.22648659275865476,2.689007416825953e-07,9.12006214212938,12.162859502262286,0.6428571428571429,0.36,25,14
7083,8,JUN,7083,1.0,1.6063502236607454,0.19183815897117668,1.420139246323423e-05,3.0333523369237834,2.380903213452593,0.6428571428571429,0.36,25,14
7096,8,JUN,7096,1.0,1.6063502236607454,0.14649579864818785,0.0009608178371532994,5.243165997997996,5.619809676789055,0.6428571428571429,0.36,25,14
7085,8,JUN,7085,1.0,1.6063502236607454,0.20581610956126675,3.1057098278157926e-06,2.7134556325574177,2.0305914784334465,0.6428571428571429,0.36,25,14
3874,8,ZNF628,3874,-1.0,15.57171463183182,-0.36648767361208173,1.689437257859128e-17,14.573692354353415,21.457970372677423,1.0,1.0,3,3
3876,8,ZNF628,3876,-1.0,15.57171463183182,0.5343157918276301,1.2693800744019694e-38,-9.803353259398737,13.780307053143906,1.0,1.0,3,3
3875,8,ZNF628,3875,-1.0,15.57171463183182,-0.23737460702592,6.721531120265377e-08,6.605796629987771,8.373798518942362,1.0,1.0,3,3
6648,8,PPARG,6648,1.0,6.15320335036051,0.15471130964028082,0.00048461641071861244,8.181071683201983,9.623081928827048,0.75,0.36,25,12
6640,8,PPARG,6640,1.0,6.15320335036051,0.410622925646602,5.80905329825302e-22,5.50508258513586,6.4157366510170695,0.75,0.36,25,12
6650,8,PPARG,6650,1.0,6.15320335036051,0.4064504587104674,1.6421599277209914e-21,2.420539013621494,1.7373267863068085,0.75,0.36,25,12
6659,8,PPARG,6659,1.0,6.15320335036051,0.3127270491024258,6.412836756056519e-13,4.231625101776872,4.044922910250118,0.75,0.36,25,12
6656,8,PPARG,6656,1.0,6.15320335036051,0.2452685641234931,2.3562235061313977e-08,5.978296759077786,6.31168737402297,0.75,0.36,25,12
6644,8,PPARG,6644,1.0,6.15320335036051,0.4594313779204008,9.766574829062944e-28,2.136378631449425,1.4177769552655888,0.75,0.36,25,12
6646,8,PPARG,6646,1.0,6.15320335036051,0.40529142976409444,2.1860319739071376e-21,6.021634888537021,6.859154675974259,0.75,0.36,25,12
6661,8,PPARG,6661,1.0,6.15320335036051,0.3650752031724912,2.2891227483712523e-17,2.3495756214913466,1.6298602477047663,0.75,0.36,25,12
6658,8,PPARG,6658,1.0,6.15320335036051,0.2710251149338537,5.95197720483994e-10,3.219970848051437,2.6263833083237524,0.75,0.36,25,12
30,8,HOXA6,30,1.0,8.045072502664695,0.48155728616339905,1.1179532543877898e-30,6.794897752671849,7.690092034914126,1.0,0.9523809523809523,21,20
35,8,HOXA6,35,1.0,8.045072502664695,0.41970479656661325,5.748983831069717e-23,7.977814230171513,9.52910733298838,1.0,0.9523809523809523,21,20
38,8,HOXA6,38,1.0,8.045072502664695,0.21112263400253076,1.6955218414860991e-06,2.76920384023937,2.0936488958741326,1.0,0.9523809523809523,21,20
26,8,HOXA6,26,1.0,8.045072502664695,0.2463178305408181,2.0441244788250713e-08,7.498931657174444,8.63780083159302,1.0,0.9523809523809523,21,20
40,8,HOXA6,40,1.0,8.045072502664695,0.40858542375976736,9.666805690811237e-22,3.5638986823517196,3.0409411121254477,1.0,0.9523809523809523,21,20
39,8,HOXA6,39,1.0,8.045072502664695,0.3197648957442329,1.8092442024030764e-13,8.710323589049485,10.473136000981928,1.0,0.9523809523809523,21,20
27,8,HOXA6,27,1.0,8.045072502664695,-0.4075323370846402,1.2560436368093614e-21,-5.709292596382899,6.243059092142753,1.0,0.9523809523809523,21,20
31,8,HOXA6,31,1.0,8.045072502664695,0.2725717602816183,4.71142378496361e-10,8.075810383579142,9.545279625753551,1.0,0.9523809523809523,21,20
34,8,HOXA6,34,1.0,8.045072502664695,0.23211578921867346,1.3243297123202766e-07,6.8130046703899385,7.882150749942675,1.0,0.9523809523809523,21,20
25,8,HOXA6,25,1.0,8.045072502664695,0.4559011801801299,2.7509726291164333e-27,14.63683721435182,21.484095868651238,1.0,0.9523809523809523,21,20
32,8,HOXA6,32,1.0,8.045072502664695,0.26779224506301563,9.655430353681253e-10,3.3376033907593503,2.7517177561127144,1.0,0.9523809523809523,21,20
37,8,HOXA6,37,1.0,8.045072502664695,0.35532348265882496,1.7899299533427732e-16,6.11002996020781,6.7982289567079395,1.0,0.9523809523809523,21,20
36,8,HOXA6,36,1.0,8.045072502664695,0.30871046732002394,1.3008294105659216e-12,7.810018388551478,9.338196782410266,1.0,0.9523809523809523,21,20
41,8,HOXA6,41,1.0,8.045072502664695,0.2530160469463096,8.126340839233774e-09,2.9076767844282934,2.2402298661862767,1.0,0.9523809523809523,21,20
43,8,HOXA6,43,1.0,8.045072502664695,0.22210485023657647,4.608670336566047e-07,3.7996934150930497,3.394224735951049,1.0,0.9523809523809523,21,20
28,8,HOXA6,28,1.0,8.045072502664695,0.3748204944718075,2.7293806597377703e-18,12.101851258658625,16.171483933218525,1.0,0.9523809523809523,21,20
33,8,HOXA6,33,1.0,8.045072502664695,0.3708419289133883,6.560304052463372e-18,3.954545638937966,3.518215204483785,1.0,0.9523809523809523,21,20
45,8,HOXA6,45,1.0,8.045072502664695,0.385494947010229,2.4429983395060637e-19,8.397677450304718,10.854341444600484,1.0,0.9523809523809523,21,20
42,8,HOXA6,42,1.0,8.045072502664695,0.4331880703598311,1.624695666503853e-24,11.05308273322504,15.9944014409222,1.0,0.9523809523809523,21,20
29,8,HOXA6,29,1.0,8.045072502664695,0.3580900015467386,1.005917729347904e-16,3.492561070099347,2.9444556754044915,1.0,0.9523809523809523,21,20
5477,8,ZNF713,5477,1.0,21.284018458281295,0.23201273543503426,1.3418327693598528e-07,5.979990081424152,7.132248303157736,1.0,0.782608695652174,23,18
5496,8,ZNF713,5496,1.0,21.284018458281295,-0.22939585884054245,1.86899336855209e-07,-4.233026651164831,3.952238251918734,1.0,0.782608695652174,23,18
5486,8,ZNF713,5486,1.0,21.284018458281295,-0.25889654182809585,3.5366705935769e-09,-2.1281907812699457,1.406269956511643,1.0,0.782608695652174,23,18
5482,8,ZNF713,5482,1.0,21.284018458281295,0.6009691341804989,6.699254501614873e-51,11.132356436222366,15.115562929735324,1.0,0.782608695652174,23,18
5485,8,ZNF713,5485,1.0,21.284018458281295,0.5077959348729905,1.864158038857778e-34,7.5419856149569595,8.73636150433717,1.0,0.782608695652174,23,18
5483,8,ZNF713,5483,1.0,21.284018458281295,0.483028830833394,6.999852574095128e-31,5.240511807828474,5.532252955166296,1.0,0.782608695652174,23,18
5476,8,ZNF713,5476,1.0,21.284018458281295,0.6643757232866144,1.3313334094678632e-65,14.816177049320018,21.919811939859887,1.0,0.782608695652174,23,18
5478,8,ZNF713,5478,1.0,21.284018458281295,-0.45370182981031026,5.2124395161307064e-27,-10.53052685405477,15.416492085305931,1.0,0.782608695652174,23,18
5493,8,ZNF713,5493,1.0,21.284018458281295,0.27269028145050533,4.627505181240073e-10,2.6163700217213757,1.914387606542477,1.0,0.782608695652174,23,18
5491,8,ZNF713,5491,1.0,21.284018458281295,0.5898236718081746,1.2022312540592714e-48,4.910670499367442,4.841261145964691,1.0,0.782608695652174,23,18
5490,8,ZNF713,5490,1.0,21.284018458281295,0.3394811530842526,4.359567701056842e-15,5.701740806043442,6.47878568190321,1.0,0.782608695652174,23,18
5498,8,ZNF713,5498,1.0,21.284018458281295,0.21555282857478297,1.010727214669508e-06,2.0524806640443023,1.3391839932883165,1.0,0.782608695652174,23,18
5479,8,ZNF713,5479,1.0,21.284018458281295,0.5779127602201215,2.476909591341482e-46,7.939336452593749,9.27906013952443,1.0,0.782608695652174,23,18
5488,8,ZNF713,5488,1.0,21.284018458281295,0.4835926449787837,5.846831850252327e-31,10.094735696429561,12.948972695996229,1.0,0.782608695652174,23,18
5497,8,ZNF713,5497,1.0,21.284018458281295,0.5058752769686907,3.6163150163825066e-34,6.3720378258507715,6.93719599943709,1.0,0.782608695652174,23,18
5489,8,ZNF713,5489,1.0,21.284018458281295,0.28558905579999,6.210731603141136e-11,4.671153901768064,4.526648599784591,1.0,0.782608695652174,23,18
5492,8,ZNF713,5492,1.0,21.284018458281295,0.23289027660530032,1.1996547615408425e-07,4.100290392583916,3.8039614596570446,1.0,0.782608695652174,23,18
5484,8,ZNF713,5484,1.0,21.284018458281295,0.4722112583929201,2.0752309580820082e-29,3.825676182434539,3.3601288721968907,1.0,0.782608695652174,23,18
1230,8,SATB1,1230,1.0,20.51080015765672,0.4329419898511591,1.7364715935337743e-24,10.635134535675531,15.135442446933325,0.95,0.76,25,20
1227,8,SATB1,1227,1.0,20.51080015765672,0.22732360192540993,2.4230083494589175e-07,2.934595736239565,2.2916547320483605,0.95,0.76,25,20
1209,8,SATB1,1209,1.0,20.51080015765672,-0.49064875431642546,5.973937318060913e-32,-10.006931429355529,14.565909235274347,0.95,0.76,25,20
1207,8,SATB1,1207,1.0,20.51080015765672,0.5818944937972058,4.2754067903736533e-47,14.60103437937614,21.37167429453822,0.95,0.76,25,20
1210,8,SATB1,1210,1.0,20.51080015765672,0.45895598876657856,1.12360169068938e-27,8.196550436294812,9.71779290560686,0.95,0.76,25,20
1218,8,SATB1,1218,1.0,20.51080015765672,-0.2608634155341001,2.6651995987792644e-09,-8.255706323936272,10.145114364249833,0.95,0.76,25,20
1214,8,SATB1,1214,1.0,20.51080015765672,-0.4765597367190136,5.390856963427755e-30,-4.997358651449381,5.1637569836220285,0.95,0.76,25,20
1229,8,SATB1,1229,1.0,20.51080015765672,0.39341722992175004,3.8439625401288416e-20,6.164026250242705,6.789067808830601,0.95,0.76,25,20
1231,8,SATB1,1231,1.0,20.51080015765672,0.46723299659158474,9.484962254290055e-29,7.7313750566478605,9.910330322892088,0.95,0.76,25,20
1219,8,SATB1,1219,1.0,20.51080015765672,0.3807330422483243,7.248940280443319e-19,9.00242063391267,11.310562238534063,0.95,0.76,25,20
1222,8,SATB1,1222,1.0,20.51080015765672,0.5671604116933433,2.5275910455304967e-44,9.884439491052433,12.744089293053305,0.95,0.76,25,20
1215,8,SATB1,1215,1.0,20.51080015765672,0.5336473398892685,1.633815702253673e-38,11.012577302903916,14.327323247932126,0.95,0.76,25,20
1213,8,SATB1,1213,1.0,20.51080015765672,0.33459075721236725,1.1265317876628687e-14,9.545396166618309,11.990687474123638,0.95,0.76,25,20
1223,8,SATB1,1223,1.0,20.51080015765672,0.5194035552623586,3.102711163852898e-36,10.622694063205781,13.83829609680059,0.95,0.76,25,20
1221,8,SATB1,1221,1.0,20.51080015765672,0.49921041793620363,3.490190976917697e-33,9.720924321839021,12.159500310788426,0.95,0.76,25,20
1220,8,SATB1,1220,1.0,20.51080015765672,0.41457754471099284,2.140243810891677e-22,3.9870632695988393,3.578984384280692,0.95,0.76,25,20
1228,8,SATB1,1228,1.0,20.51080015765672,0.37105986996215157,6.254564691272057e-18,3.7565323918688103,3.364373451998805,0.95,0.76,25,20
1224,8,SATB1,1224,1.0,20.51080015765672,0.4723032241112311,2.0173085366041162e-29,5.163382542204997,5.545374535963212,0.95,0.76,25,20
1208,8,SATB1,1208,1.0,20.51080015765672,0.4057760434428537,1.9398492165424894e-21,6.045310348352351,7.328419352150199,0.95,0.76,25,20
5515,8,HSF2,5515,1.0,8.590494485655004,0.2541292327990563,6.9533146670373445e-09,9.607522023105412,12.592529104412126,1.0,0.84,25,21
5520,8,HSF2,5520,1.0,8.590494485655004,0.4541228967617259,4.613802984141437e-27,6.791009836229832,7.6663031759831375,1.0,0.84,25,21
5499,8,HSF2,5499,1.0,8.590494485655004,0.47919049668942054,2.362651045970067e-30,14.56085837733559,21.416581669680358,1.0,0.84,25,21
5502,8,HSF2,5502,1.0,8.590494485655004,0.5937270435118047,1.9980197039749107e-49,8.235923419595048,9.773147043860314,1.0,0.84,25,21
5505,8,HSF2,5505,1.0,8.590494485655004,0.32018503092545286,1.6758333021615872e-13,9.380353221033795,12.68156632809064,1.0,0.84,25,21
5506,8,HSF2,5506,1.0,8.590494485655004,0.1722310119210679,0.00010027515539766419,2.25709898445384,1.5404232883780078,1.0,0.84,25,21
5521,8,HSF2,5521,1.0,8.590494485655004,0.2250148617346207,3.226352331355448e-07,4.555404804960408,4.358307921190494,1.0,0.84,25,21
5514,8,HSF2,5514,1.0,8.590494485655004,0.25581899804887326,5.480315143621259e-09,11.403360181295561,14.646466676381849,1.0,0.84,25,21
5504,8,HSF2,5504,1.0,8.590494485655004,-0.38387226921449913,3.5461145200402277e-19,-7.332293086981443,9.349101981593721,1.0,0.84,25,21
5511,8,HSF2,5511,1.0,8.590494485655004,-0.27675913554088327,2.483676903348331e-10,-7.307709252860253,8.521203004510864,1.0,0.84,25,21
5501,8,HSF2,5501,1.0,8.590494485655004,-0.298588927215703,7.374440411845267e-12,-10.705450468412602,16.128046687201223,1.0,0.84,25,21
5500,8,HSF2,5500,1.0,8.590494485655004,0.24423737404796383,2.707620584881307e-08,5.233901226951082,5.869986093385314,1.0,0.84,25,21
5503,8,HSF2,5503,1.0,8.590494485655004,0.47397761515281966,1.2030518849228606e-29,11.56109432451429,15.17230708676153,1.0,0.84,25,21
5508,8,HSF2,5508,1.0,8.590494485655004,-0.4246855741474769,1.5687635105120247e-23,-7.156436834439077,8.274923166220319,1.0,0.84,25,21
5523,8,HSF2,5523,1.0,8.590494485655004,0.4612845756625353,5.643384200839144e-28,4.054563552576967,3.6862604625487236,1.0,0.84,25,21
5510,8,HSF2,5510,1.0,8.590494485655004,0.4793010978116446,2.2817586887062326e-30,8.339117027678975,9.89519759722944,1.0,0.84,25,21
5507,8,HSF2,5507,1.0,8.590494485655004,0.5231059441347863,8.125133483290684e-37,6.441487468203103,7.136066601712432,1.0,0.84,25,21
5517,8,HSF2,5517,1.0,8.590494485655004,0.42974238417630595,4.10420827191139e-24,5.760924625906901,6.44088310867633,1.0,0.84,25,21
5518,8,HSF2,5518,1.0,8.590494485655004,0.5103815039889084,7.588786614224654e-35,5.200694805509111,5.217591627192853,1.0,0.84,25,21
5519,8,HSF2,5519,1.0,8.590494485655004,0.511291284407944,5.521256918418692e-35,6.515800543399236,7.400013428274934,1.0,0.84,25,21
5522,8,HSF2,5522,1.0,8.590494485655004,0.4464901148499944,4.1031219988408814e-26,5.808887275642273,6.347021307843571,1.0,0.84,25,21
4947,8,RFX7,4947,1.0,21.34318109009938,0.3225534975857835,1.0857229841572093e-13,2.069257473415677,1.3534444309744023,1.0,0.8571428571428571,14,12
4951,8,RFX7,4951,1.0,21.34318109009938,0.5890388417723761,1.719561826655913e-48,4.939343414048007,4.89879401671762,1.0,0.8571428571428571,14,12
4940,8,RFX7,4940,1.0,21.34318109009938,0.8773732652768382,1.5298574870519583e-162,14.1150671374464,20.526673327294212,1.0,0.8571428571428571,14,12
4948,8,RFX7,4948,1.0,21.34318109009938,0.5161029456982967,1.0104306878179976e-35,4.833210198879504,4.860318233691944,1.0,0.8571428571428571,14,12
4944,8,RFX7,4944,1.0,21.34318109009938,0.6194286198806217,7.793976764159738e-55,8.855895296710276,10.572280731537141,1.0,0.8571428571428571,14,12
4942,8,RFX7,4942,1.0,21.34318109009938,0.34185241505517017,2.7345233710949566e-15,3.8104403160536324,3.5414122936331465,1.0,0.8571428571428571,14,12
4941,8,RFX7,4941,1.0,21.34318109009938,-0.7641718519678057,7.585350368857309e-98,-11.191582076744117,16.567268057608523,1.0,0.8571428571428571,14,12
4945,8,RFX7,4945,1.0,21.34318109009938,-0.6477524771110652,2.0842010253603217e-61,-7.484887007870225,9.19691881949662,1.0,0.8571428571428571,14,12
4952,8,RFX7,4952,1.0,21.34318109009938,0.4022035433357001,4.658995962080535e-21,5.115435573364578,5.159474563689346,1.0,0.8571428571428571,14,12
4946,8,RFX7,4946,1.0,21.34318109009938,0.29473456662436437,1.4029140968684843e-11,3.044051400626459,2.3979060281087965,1.0,0.8571428571428571,14,12
4949,8,RFX7,4949,1.0,21.34318109009938,0.4300164177908474,3.814090482516156e-24,7.785223504849939,9.237351614941922,1.0,0.8571428571428571,14,12
4953,8,RFX7,4953,1.0,21.34318109009938,0.7652937964603915,2.6786070319334497e-98,8.149231417610624,9.915562094222462,1.0,0.8571428571428571,14,12
3888,8,MNT,3888,1.0,6.905154419375634,0.4511366664616772,1.0919974827663685e-26,13.490274263011257,18.38561230916111,1.0,1.0,3,3
3890,8,MNT,3890,1.0,6.905154419375634,0.3031212438013988,3.4192338812247267e-12,7.067230439150779,8.02210060141321,1.0,1.0,3,3
3889,8,MNT,3889,1.0,6.905154419375634,-0.24802269046780462,1.6204627618114768e-08,-10.299864167651066,15.067965352119446,1.0,1.0,3,3
129,8,DR1,129,1.0,21.255741424347153,0.3844624524564258,3.097406551700686e-19,4.183473620623705,3.938002224261074,1.0,0.8947368421052632,19,17
131,8,DR1,131,1.0,21.255741424347153,0.6445239865601468,1.2688296198114915e-60,5.152072986391817,5.1475219565723975,1.0,0.8947368421052632,19,17
133,8,DR1,133,1.0,21.255741424347153,0.4593914049790074,9.882440418498298e-28,8.781264061786743,11.210655659319313,1.0,0.8947368421052632,19,17
123,8,DR1,123,1.0,21.255741424347153,-0.5177616830005983,5.5913401724692495e-36,-10.81745799882976,14.419604238997222,1.0,0.8947368421052632,19,17
132,8,DR1,132,1.0,21.255741424347153,0.19853404595117902,6.948314133247053e-06,2.313178940313686,1.5867895167643944,1.0,0.8947368421052632,19,17
121,8,DR1,121,1.0,21.255741424347153,-0.5982937424177202,2.3721572277607116e-50,-7.718941313681172,9.26581420293946,1.0,0.8947368421052632,19,17
125,8,DR1,125,1.0,21.255741424347153,0.6306844970211308,2.298037130506525e-57,10.18808089498375,13.393176630707524,1.0,0.8947368421052632,19,17
130,8,DR1,130,1.0,21.255741424347153,0.6481262101365418,1.688548584596284e-61,8.039031932519583,9.647225865296493,1.0,0.8947368421052632,19,17
122,8,DR1,122,1.0,21.255741424347153,-0.27489857681420315,3.305424042343291e-10,-4.751028858421295,4.961672000648288,1.0,0.8947368421052632,19,17
124,8,DR1,124,1.0,21.255741424347153,-0.3148594983721975,4.385982543911835e-13,-4.769027311606518,4.783827484949139,1.0,0.8947368421052632,19,17
116,8,DR1,116,1.0,21.255741424347153,-0.5747470709803901,9.841357778177197e-46,-10.76118066295731,16.133594251225304,1.0,0.8947368421052632,19,17
127,8,DR1,127,1.0,21.255741424347153,-0.33281741217600025,1.5828784425481824e-14,-8.121110268997903,11.024950111525571,1.0,0.8947368421052632,19,17
115,8,DR1,115,1.0,21.255741424347153,0.8183655632644011,4.322512305335153e-123,14.412652618005982,20.700336794768507,1.0,0.8947368421052632,19,17
126,8,DR1,126,1.0,21.255741424347153,0.2947825527894405,1.3918084910942763e-11,2.1316861393536968,1.4045703991697032,1.0,0.8947368421052632,19,17
120,8,DR1,120,1.0,21.255741424347153,-0.5193659117464542,3.145003757429683e-36,-9.314916267918885,12.604594492033497,1.0,0.8947368421052632,19,17
117,8,DR1,117,1.0,21.255741424347153,0.25883159744545886,3.569720194277482e-09,5.708197759695066,6.858748894019543,1.0,0.8947368421052632,19,17
119,8,DR1,119,1.0,21.255741424347153,0.7642559908164731,7.017153915755766e-98,9.385179360936517,11.639023097822117,1.0,0.8947368421052632,19,17
8272,8,EVX1,8272,1.0,8.20036057604136,0.2462942567548681,2.0506750780767428e-08,2.089221234239652,1.3747514181322513,0.8,0.5714285714285714,7,5
8271,8,EVX1,8271,1.0,8.20036057604136,0.23322729788506805,1.1490101593917043e-07,5.171113149515971,5.172193581965129,0.8,0.5714285714285714,7,5
8269,8,EVX1,8269,1.0,8.20036057604136,0.2755442935597908,2.994005056381625e-10,2.3502481337800285,1.6279213341062175,0.8,0.5714285714285714,7,5
8268,8,EVX1,8268,1.0,8.20036057604136,0.3182141506076074,2.3979221664000413e-13,6.100196506498467,7.4619806505837465,0.8,0.5714285714285714,7,5
3119,8,STAT3,3119,1.0,16.95913966130928,0.5627777374010694,1.5868553324326585e-43,6.789379103477678,7.75907924896711,0.8823529411764706,0.6,25,17
3115,8,STAT3,3115,1.0,16.95913966130928,0.6677675531528309,1.7179493476955817e-66,10.785397910912453,14.432079134885447,0.8823529411764706,0.6,25,17
3106,8,STAT3,3106,1.0,16.95913966130928,-0.5236820576467586,6.5862194522190325e-37,-10.481288182671456,15.312328701459172,0.8823529411764706,0.6,25,17
3114,8,STAT3,3114,1.0,16.95913966130928,-0.3288143410614354,3.383507776291937e-14,-8.715433838485637,11.035416975658187,0.8823529411764706,0.6,25,17
3124,8,STAT3,3124,1.0,16.95913966130928,-0.299371521003032,6.4640958724017234e-12,-6.865920958813442,7.99463675820195,0.8823529411764706,0.6,25,17
3129,8,STAT3,3129,1.0,16.95913966130928,0.40349395187966003,3.399187176035609e-21,4.65268321508389,4.551662202193046,0.8823529411764706,0.6,25,17
3107,8,STAT3,3107,1.0,16.95913966130928,0.4346321278090543,1.0983175417108394e-24,5.311670024303818,6.087042805708672,0.8823529411764706,0.6,25,17
3112,8,STAT3,3112,1.0,16.95913966130928,0.5275107013806972,1.6148423289184965e-37,3.606715574312912,3.154317137685561,0.8823529411764706,0.6,25,17
3109,8,STAT3,3109,1.0,16.95913966130928,-0.19587244438729592,9.258743890020948e-06,-5.384751572088003,5.524984865162531,0.8823529411764706,0.6,25,17
3126,8,STAT3,3126,1.0,16.95913966130928,0.6372395003475503,6.903006709283819e-59,6.97973350043042,8.54696345246681,0.8823529411764706,0.6,25,17
3118,8,STAT3,3118,1.0,16.95913966130928,0.35307745060220314,2.845945424424192e-16,8.687883047724855,10.621139845873772,0.8823529411764706,0.6,25,17
3122,8,STAT3,3122,1.0,16.95913966130928,0.761817734568488,6.612639771189331e-97,10.082974738023784,12.835381591369929,0.8823529411764706,0.6,25,17
3113,8,STAT3,3113,1.0,16.95913966130928,-0.43790226848771846,4.493893720604858e-25,-4.342956029039155,4.153704357720042,0.8823529411764706,0.6,25,17
3111,8,STAT3,3111,1.0,16.95913966130928,0.35422063945524995,2.2486566583397363e-16,9.121283025549932,11.130268047652482,0.8823529411764706,0.6,25,17
3105,8,STAT3,3105,1.0,16.95913966130928,0.6441877106965356,1.529564033549546e-60,14.37250778319984,20.91213040836232,0.8823529411764706,0.6,25,17
2195,8,GLIS3,2195,1.0,6.495336962592408,-0.4598384683188817,8.66046755363839e-28,-10.072591421947651,14.170462365652766,0.75,0.5,6,4
2194,8,GLIS3,2194,1.0,6.495336962592408,0.40708732363919625,1.4026196379843234e-21,14.673488900766875,21.736897944395707,0.75,0.5,6,4
2196,8,GLIS3,2196,1.0,6.495336962592408,0.6293223421721055,4.7111423962573784e-57,3.142186601115608,2.6555093346788072,0.75,0.5,6,4
2550,8,EPAS1,2550,1.0,2.329149720164202,0.3338067657697447,1.3096671728938596e-14,14.324440353805683,20.946186975234497,1.0,1.0,3,3
2552,8,EPAS1,2552,1.0,2.329149720164202,0.6804683263357393,6.282295707113113e-70,4.92286861450066,5.16550167711524,1.0,1.0,3,3
2551,8,EPAS1,2551,1.0,2.329149720164202,-0.36429214350006434,2.7072431110387457e-17,-9.657760483825141,13.53105193075697,1.0,1.0,3,3
6116,8,MLX,6116,1.0,1.8633242416742704,0.3462317349747398,1.1434136179385553e-15,5.8568675758883275,6.162096361854153,0.6,0.42857142857142855,7,5
6118,8,MLX,6118,1.0,1.8633242416742704,0.3665261557211622,1.6754776497270002e-17,11.221290873496738,14.292375411303535,0.6,0.42857142857142855,7,5
6120,8,MLX,6120,1.0,1.8633242416742704,0.30881119167817406,1.2781281777947409e-12,7.502650560968347,8.744004144351218,0.6,0.42857142857142855,7,5
8950,8,FOXD1,8950,1.0,2.564103440376711,0.317818193003655,2.576076070206623e-13,2.1500542297800522,1.4252667210355638,0.6111111111111112,0.44,25,18
8949,8,FOXD1,8949,1.0,2.564103440376711,0.4467321487115611,3.8316577596070706e-26,7.590448014788232,8.76242241594951,0.6111111111111112,0.44,25,18
8965,8,FOXD1,8965,1.0,2.564103440376711,0.21817361856494058,7.404130879093267e-07,2.497760997953511,1.7970950253803235,0.6111111111111112,0.44,25,18
8951,8,FOXD1,8951,1.0,2.564103440376711,0.30678448650983053,1.819108969431278e-12,9.35692024522188,11.501653667743211,0.6111111111111112,0.44,25,18
8963,8,FOXD1,8963,1.0,2.564103440376711,0.30695509450697783,1.7660409810085317e-12,9.192179646452505,10.95020697140495,0.6111111111111112,0.44,25,18
8955,8,FOXD1,8955,1.0,2.564103440376711,0.4338157908893036,1.3707414605739123e-24,3.2553844819447106,2.635633821592783,0.6111111111111112,0.44,25,18
8952,8,FOXD1,8952,1.0,2.564103440376711,0.2664226037461591,1.1828956623244216e-09,5.894765254016576,6.700871865520608,0.6111111111111112,0.44,25,18
8968,8,FOXD1,8968,1.0,2.564103440376711,0.22257085100698018,4.3542844485202546e-07,10.525658123851342,13.632302443839805,0.6111111111111112,0.44,25,18
8966,8,FOXD1,8966,1.0,2.564103440376711,0.4028675374777855,3.962002599913877e-21,7.257431440654193,8.503146927346437,0.6111111111111112,0.44,25,18
8969,8,FOXD1,8969,1.0,2.564103440376711,0.32833113046631823,3.7056552969853886e-14,5.10032476915924,5.184064050462932,0.6111111111111112,0.44,25,18
8945,8,FOXD1,8945,1.0,2.564103440376711,0.4323017497393057,2.0641258776518417e-24,8.50283575562335,10.156373290057445,0.6111111111111112,0.44,25,18
4670,8,TGIF1,4670,1.0,21.40025802381973,0.109630031326114,0.013702958729034233,9.078866934903008,12.020749099726572,1.0,0.4,20,8
4664,8,TGIF1,4664,1.0,21.40025802381973,0.15500565584508766,0.00047257558753271555,8.51809411003362,11.088748827259256,1.0,0.4,20,8
4679,8,TGIF1,4679,1.0,21.40025802381973,0.3913760941311523,6.220007361555004e-20,3.0802542177978194,2.4557948173831985,1.0,0.4,20,8
4667,8,TGIF1,4667,1.0,21.40025802381973,0.22229754031303753,4.5017955543098984e-07,7.822094690952288,9.128138745940184,1.0,0.4,20,8
4674,8,TGIF1,4674,1.0,21.40025802381973,0.12228635907068969,0.005931071688840513,3.2088148604550883,2.6059843639111206,1.0,0.4,20,8
4660,8,TGIF1,4660,1.0,21.40025802381973,0.13751446573228757,0.0019527749968272297,14.165862556044132,20.290069182782723,1.0,0.4,20,8
4671,8,TGIF1,4671,1.0,21.40025802381973,0.31016691731284934,1.0078061960314043e-12,5.942351852624786,6.299787127584655,1.0,0.4,20,8
4666,8,TGIF1,4666,1.0,21.40025802381973,0.19919877080875792,6.463692318881721e-06,5.328975983733731,5.683899721482008,1.0,0.4,20,8
841,8,DMRTA1,841,1.0,7.6308272877214005,0.2413809393361697,3.9664370852505266e-08,14.590161291446101,21.319921504123467,0.8,0.6666666666666666,12,10
842,8,DMRTA1,842,1.0,7.6308272877214005,0.2657835348752267,1.2999233750716246e-09,7.89756699973166,9.262788784354184,0.8,0.6666666666666666,12,10
851,8,DMRTA1,851,1.0,7.6308272877214005,0.22004861976880924,5.912135468456534e-07,8.59930488267546,10.682097316098641,0.8,0.6666666666666666,12,10
846,8,DMRTA1,846,1.0,7.6308272877214005,0.2428719580032538,3.2516834767812106e-08,9.39337550388606,11.561701589667331,0.8,0.6666666666666666,12,10
845,8,DMRTA1,845,1.0,7.6308272877214005,-0.2868021274177108,5.114176277895226e-11,-2.563041867081672,1.9019247891041375,0.8,0.6666666666666666,12,10
843,8,DMRTA1,843,1.0,7.6308272877214005,0.27693291068237263,2.4179838794932067e-10,7.959822256608385,9.73500352130173,0.8,0.6666666666666666,12,10
850,8,DMRTA1,850,1.0,7.6308272877214005,0.3135550200982832,5.535400205214311e-13,7.564932325791604,9.011332834443698,0.8,0.6666666666666666,12,10
849,8,DMRTA1,849,1.0,7.6308272877214005,0.20711099060216584,2.683151308512288e-06,4.92211395029325,4.8682196259887025,0.8,0.6666666666666666,12,10
4549,8,EP300,4549,1.0,21.352587532850848,0.7303338718965064,2.686465979460562e-85,9.475520737354401,12.683854064454238,1.0,1.0,12,12
4544,8,EP300,4544,1.0,21.352587532850848,-0.29660034326414014,1.0288489694237653e-11,-4.3071278624702565,4.206522630970191,1.0,1.0,12,12
4547,8,EP300,4547,1.0,21.352587532850848,0.4544097888049676,4.2453915520795436e-27,9.463053670091304,11.702938699591229,1.0,1.0,12,12
4540,8,EP300,4540,1.0,21.352587532850848,0.892209189863086,8.95984773120755e-176,14.353500182689578,21.29671372795197,1.0,1.0,12,12
4550,8,EP300,4550,1.0,21.352587532850848,0.4910286370251932,5.275570322540646e-32,7.137425853951778,8.212728888858821,1.0,1.0,12,12
4545,8,EP300,4545,1.0,21.352587532850848,-0.6125462856844692,2.448969325690444e-53,-6.958470389296298,8.15873617691033,1.0,1.0,12,12
4548,8,EP300,4548,1.0,21.352587532850848,0.6491915961782515,9.250851786555906e-62,5.712039410426903,6.194529031280979,1.0,1.0,12,12
4551,8,EP300,4551,1.0,21.352587532850848,0.3183856895006271,2.3245411605462136e-13,4.931649314845106,4.834195447228081,1.0,1.0,12,12
4546,8,EP300,4546,1.0,21.352587532850848,-0.48571195628879665,2.9634140250977945e-31,-6.213211202809048,6.952308428473065,1.0,1.0,12,12
4541,8,EP300,4541,1.0,21.352587532850848,0.26000413705966874,3.0166948608522235e-09,4.953996597328921,5.369017131327332,1.0,1.0,12,12
4542,8,EP300,4542,1.0,21.352587532850848,-0.7636170759933137,1.266430621114776e-97,-10.839733819668714,15.887796544890465,1.0,1.0,12,12
4543,8,EP300,4543,1.0,21.352587532850848,0.5218618445695503,1.2769295939661384e-36,7.085319225263436,8.00287220505859,1.0,1.0,12,12
1080,8,SP8,1080,1.0,7.1073564781478495,0.21696427406715832,8.551675535053094e-07,3.409671032896176,2.8806937357193863,0.7058823529411765,0.5,24,17
1093,8,SP8,1093,1.0,7.1073564781478495,0.5830002254883875,2.6136135864858246e-47,7.754474866210682,9.448525164624385,0.7058823529411765,0.5,24,17
1086,8,SP8,1086,1.0,7.1073564781478495,0.1442317834267899,0.0011533034306311582,5.414779843064205,5.660283019154118,0.7058823529411765,0.5,24,17
1079,8,SP8,1079,1.0,7.1073564781478495,0.4921779755615314,3.618310761353059e-32,5.295732636254026,5.522749231126411,0.7058823529411765,0.5,24,17
1091,8,SP8,1091,1.0,7.1073564781478495,-0.27704528216796837,2.3764077233017475e-10,-9.505772926995496,11.930741262229937,0.7058823529411765,0.5,24,17
1088,8,SP8,1088,1.0,7.1073564781478495,-0.22266661448753575,4.3037075640491166e-07,-5.497730627285234,5.965775697889801,0.7058823529411765,0.5,24,17
1078,8,SP8,1078,1.0,7.1073564781478495,0.24374157912685684,2.894126169690356e-08,10.454361324722457,13.203049960751674,0.7058823529411765,0.5,24,17
1071,8,SP8,1071,1.0,7.1073564781478495,0.38620113564151454,2.0759305310611843e-19,4.457655979636163,4.586515332462807,0.7058823529411765,0.5,24,17
1092,8,SP8,1092,1.0,7.1073564781478495,0.25076535603870953,1.1112160871958156e-08,4.339400316202182,4.188815833366554,0.7058823529411765,0.5,24,17
1081,8,SP8,1081,1.0,7.1073564781478495,-0.3138428439117204,5.258823808813346e-13,-9.035427414004639,11.63348993317266,0.7058823529411765,0.5,24,17
1084,8,SP8,1084,1.0,7.1073564781478495,0.35112865323799464,4.2429473962011685e-16,10.181383764596106,13.534280556842765,0.7058823529411765,0.5,24,17
1070,8,SP8,1070,1.0,7.1073564781478495,0.36158889180843556,4.8140672933968266e-17,14.762955066122974,21.799907172273244,0.7058823529411765,0.5,24,17
470,8,CREB1,470,1.0,21.29526660279722,-0.44650586176630086,4.084896391961932e-26,-6.625858708400128,7.503805083211979,1.0,0.8,25,20
459,8,CREB1,459,1.0,21.29526660279722,-0.7762403258959438,7.589104177091158e-103,-10.851192987297898,15.785242249167151,1.0,0.8,25,20
462,8,CREB1,462,1.0,21.29526660279722,0.6126299586480388,2.3496419409835924e-53,9.055852648998995,11.198708686416161,1.0,0.8,25,20
478,8,CREB1,478,1.0,21.29526660279722,-0.4875887278168812,1.6170083936738815e-31,-5.517294866271252,5.925608719758585,1.0,0.8,25,20
458,8,CREB1,458,1.0,21.29526660279722,0.9191380939336171,1.2196269081548094e-205,14.1134074030717,20.512882513611505,1.0,0.8,25,20
468,8,CREB1,468,1.0,21.29526660279722,-0.2693219321932193,7.686036845312477e-10,-4.588504856025341,4.746219598744189,1.0,0.8,25,20
475,8,CREB1,475,1.0,21.29526660279722,0.7344040304651585,1.052615940236566e-86,7.812455251822769,9.49934972826589,1.0,0.8,25,20
469,8,CREB1,469,1.0,21.29526660279722,0.4968606798568057,7.670691503638744e-33,5.812515985126875,6.174749799871072,1.0,0.8,25,20
479,8,CREB1,479,1.0,21.29526660279722,0.5091657302376201,1.1590928608574758e-34,5.110226150576495,5.364027893306657,1.0,0.8,25,20
465,8,CREB1,465,1.0,21.29526660279722,0.746901118683297,3.4274656791470327e-91,10.493347153844027,13.91243696553803,1.0,0.8,25,20
466,8,CREB1,466,1.0,21.29526660279722,0.7136700937174464,8.536723316810971e-80,9.963593958096753,12.594702311053842,1.0,0.8,25,20
472,8,CREB1,472,1.0,21.29526660279722,0.3196727436718828,1.839868747840908e-13,2.6707082825958626,1.9677369990245228,1.0,0.8,25,20
464,8,CREB1,464,1.0,21.29526660279722,-0.6006943551498007,7.632432332375676e-51,-7.804828063958251,9.494223449137182,1.0,0.8,25,20
482,8,CREB1,482,1.0,21.29526660279722,0.4593737945223095,9.933916417169792e-28,7.241087529063405,8.807089423277503,1.0,0.8,25,20
460,8,CREB1,460,1.0,21.29526660279722,0.24551473780918467,2.2791028562006137e-08,4.229493089972876,4.248611265635971,1.0,0.8,25,20
471,8,CREB1,471,1.0,21.29526660279722,0.724806052033775,1.9920492070139e-83,6.823704748469277,7.594093283226382,1.0,0.8,25,20
467,8,CREB1,467,1.0,21.29526660279722,-0.6367471529761674,9.008702873317153e-59,-7.046005019450303,8.70514551543218,1.0,0.8,25,20
476,8,CREB1,476,1.0,21.29526660279722,-0.6047196023950222,1.1155075343979512e-51,-7.615441951602813,8.93712088179906,1.0,0.8,25,20
463,8,CREB1,463,1.0,21.29526660279722,0.3494036670747821,6.028207406167071e-16,2.4891082799599884,1.7641985437721408,1.0,0.8,25,20
461,8,CREB1,461,1.0,21.29526660279722,-0.628817229549042,6.142451710855136e-57,-10.338283160421172,13.59930831524949,1.0,0.8,25,20
311,8,BHLHE41,311,1.0,2.9356751623909734,0.4142313920833077,2.336959663661729e-22,9.501603769165934,12.076260277469245,0.8571428571428571,0.6666666666666666,9,7
309,8,BHLHE41,309,1.0,2.9356751623909734,0.5339698255539841,1.4466154068329117e-38,8.252201738699146,9.796549295685944,0.8571428571428571,0.6666666666666666,9,7
306,8,BHLHE41,306,1.0,2.9356751623909734,0.40279493787888115,4.032899394971376e-21,14.698924151871196,21.745473523140735,0.8571428571428571,0.6666666666666666,9,7
307,8,BHLHE41,307,1.0,2.9356751623909734,-0.2808296668176135,1.318998966092321e-10,-11.004056429953009,16.043693332709502,0.8571428571428571,0.6666666666666666,9,7
314,8,BHLHE41,314,1.0,2.9356751623909734,0.39396995600181145,3.3723233861829185e-20,7.098889837145499,8.03171683203627,0.8571428571428571,0.6666666666666666,9,7
312,8,BHLHE41,312,1.0,2.9356751623909734,0.3059705038826865,2.094545597268044e-12,8.709551344496102,10.716993651373349,0.8571428571428571,0.6666666666666666,9,7
8399,8,CREM,8399,-1.0,2.2260313229782924,0.5134451643922157,2.5902680612040115e-35,-2.646037541367829,1.9443068301314006,0.5,0.3333333333333333,3,2
3148,8,NFKB1,3148,1.0,10.083541451699961,0.5560451386753583,2.530595124320357e-42,2.1465265431836804,1.431796379720578,1.0,0.6,25,15
3132,8,NFKB1,3132,1.0,10.083541451699961,-0.4729988837393057,1.6280011187344433e-29,-10.586522734866493,15.456510755238238,1.0,0.6,25,15
3140,8,NFKB1,3140,1.0,10.083541451699961,0.2915592801516177,2.3658904976602298e-11,7.475982243108919,8.746099494234263,1.0,0.6,25,15
3136,8,NFKB1,3136,1.0,10.083541451699961,-0.32089271038905137,1.4725797033716076e-13,-9.26059253557066,11.861282796053585,1.0,0.6,25,15
3141,8,NFKB1,3141,1.0,10.083541451699961,0.6403551535277753,1.2660198036832303e-59,3.3334470318175287,2.8368343474934474,1.0,0.6,25,15
3135,8,NFKB1,3135,1.0,10.083541451699961,0.4867499482867543,2.1207575087704137e-31,7.903149088606211,9.28716782979893,1.0,0.6,25,15
3153,8,NFKB1,3153,1.0,10.083541451699961,0.1348967505446197,0.0023830290112086395,4.29262908253861,4.0625984436050055,1.0,0.6,25,15
3154,8,NFKB1,3154,1.0,10.083541451699961,0.45401341376373666,4.762578641000194e-27,2.489247539696482,1.7638957516388267,1.0,0.6,25,15
3130,8,NFKB1,3130,1.0,10.083541451699961,0.6406171673067929,1.096746825080566e-59,14.270291492877886,20.81214418030588,1.0,0.6,25,15
3131,8,NFKB1,3131,1.0,10.083541451699961,0.4692871771649215,5.081883486014938e-29,5.2428062038709085,5.945650314940981,1.0,0.6,25,15
3151,8,NFKB1,3151,1.0,10.083541451699961,0.5161433845247879,9.959971196064527e-36,6.1280971163795,7.095076880006078,1.0,0.6,25,15
3150,8,NFKB1,3150,1.0,10.083541451699961,0.6270655947582336,1.5354815735664483e-56,5.8434108792305635,6.442088657512024,1.0,0.6,25,15
3147,8,NFKB1,3147,1.0,10.083541451699961,0.3684182082804554,1.1126772799732328e-17,9.75045779790892,12.28471888849541,1.0,0.6,25,15
3142,8,NFKB1,3142,1.0,10.083541451699961,-0.435849485569675,7.883931131881006e-25,-8.632310211200034,10.828256093369328,1.0,0.6,25,15
3149,8,NFKB1,3149,1.0,10.083541451699961,0.5895434885103419,1.3662338186831402e-48,3.6877255163053313,3.267438815803182,1.0,0.6,25,15
1997,8,CUX2,1997,1.0,7.936300578028914,0.3412896258569957,3.0557249439844514e-15,5.149363427842275,5.202754458316834,1.0,0.75,4,3
1998,8,CUX2,1998,1.0,7.936300578028914,0.28364081749789893,8.468210672073039e-11,10.124055202987318,13.594162370626888,1.0,0.75,4,3
1996,8,CUX2,1996,1.0,7.936300578028914,0.3241935063071525,8.020699013763888e-14,14.552084239590311,21.5544391159863,1.0,0.75,4,3
2636,8,FOXO1,2636,1.0,6.553589316972843,0.7493383499840669,4.2556276092219884e-92,5.4671976787337355,6.27667832793661,0.8421052631578947,0.64,25,19
2655,8,FOXO1,2655,1.0,6.553589316972843,0.28523973515363965,6.566927439021666e-11,6.7653403288963965,7.611801403310826,0.8421052631578947,0.64,25,19
2648,8,FOXO1,2648,1.0,6.553589316972843,0.3134591409451505,5.630656061403389e-13,2.0607026313639842,1.3391864891090317,0.8421052631578947,0.64,25,19
2643,8,FOXO1,2643,1.0,6.553589316972843,0.22867681178055693,2.0457414749791153e-07,10.651176403588632,13.735761412490453,0.8421052631578947,0.64,25,19
2653,8,FOXO1,2653,1.0,6.553589316972843,0.23306843106670921,1.1726208187828981e-07,8.29960400052101,9.819742216895554,0.8421052631578947,0.64,25,19
2637,8,FOXO1,2637,1.0,6.553589316972843,-0.5902726918654599,9.792002979979515e-49,-10.547939592095588,15.509184121343697,0.8421052631578947,0.64,25,19
2646,8,FOXO1,2646,1.0,6.553589316972843,-0.4183420826554706,8.171013983171065e-23,-8.186791838033537,10.069761500111948,0.8421052631578947,0.64,25,19
2654,8,FOXO1,2654,1.0,6.553589316972843,0.38516864108771137,2.633529376255395e-19,3.0688241500468574,2.4177974754652367,0.8421052631578947,0.64,25,19
2651,8,FOXO1,2651,1.0,6.553589316972843,0.6667515509314907,3.1813974857778237e-66,2.471238639085337,1.7799061669109881,0.8421052631578947,0.64,25,19
2647,8,FOXO1,2647,1.0,6.553589316972843,-0.6192054609187628,8.727505330113166e-55,-4.278980885803871,4.082986424944289,0.8421052631578947,0.64,25,19
2657,8,FOXO1,2657,1.0,6.553589316972843,0.23680222059473033,7.242081625660187e-08,10.91062820451461,15.111608304577606,0.8421052631578947,0.64,25,19
2640,8,FOXO1,2640,1.0,6.553589316972843,0.7497192576400499,3.0649214075054275e-92,3.6916632166756362,3.2332064735173223,0.8421052631578947,0.64,25,19
2649,8,FOXO1,2649,1.0,6.553589316972843,0.43507667536940037,9.732307852332244e-25,10.629810669925599,14.180086087480651,0.8421052631578947,0.64,25,19
2635,8,FOXO1,2635,1.0,6.553589316972843,0.5009424855529032,1.9456133281759707e-33,14.573744389244311,21.333385961303478,0.8421052631578947,0.64,25,19
2652,8,FOXO1,2652,1.0,6.553589316972843,0.3647976288312062,2.4295078415079982e-17,10.174966157160377,12.991373069022066,0.8421052631578947,0.64,25,19
2656,8,FOXO1,2656,1.0,6.553589316972843,0.6416969026095157,6.061651085086375e-60,5.31553402736684,5.719203499375789,0.8421052631578947,0.64,25,19
5548,8,NR3C1,5548,1.0,6.621707421647559,0.6162367478983924,3.897107114673966e-54,6.738907515823679,7.555853191368614,0.9444444444444444,0.68,25,18
5528,8,NR3C1,5528,1.0,6.621707421647559,0.39446109207194024,3.001401340821693e-20,8.206555514184444,9.711675343951844,0.9444444444444444,0.68,25,18
5547,8,NR3C1,5547,1.0,6.621707421647559,0.6374666659212506,6.104065361100045e-59,4.172062860258578,3.979048673374202,0.9444444444444444,0.68,25,18
5538,8,NR3C1,5538,1.0,6.621707421647559,0.5209115321470037,1.801331764403902e-36,9.69510938870033,12.20943945991656,0.9444444444444444,0.68,25,18
5541,8,NR3C1,5541,1.0,6.621707421647559,0.4703254486939377,3.7012128738813357e-29,4.0387588442672095,3.6555440915221635,0.9444444444444444,0.68,25,18
5534,8,NR3C1,5534,1.0,6.621707421647559,-0.5559665904478648,2.6127196027591383e-42,-5.536794998208687,5.9430902474357,0.9444444444444444,0.68,25,18
5527,8,NR3C1,5527,1.0,6.621707421647559,0.46540728607022197,1.6457650171258295e-28,2.028900447174341,1.3099442819985634,0.9444444444444444,0.68,25,18
5546,8,NR3C1,5546,1.0,6.621707421647559,0.3273732652768383,4.4356174743695066e-14,9.666906669945256,12.686417066353831,0.9444444444444444,0.68,25,18
5544,8,NR3C1,5544,1.0,6.621707421647559,0.2542090855048238,6.8757950075868326e-09,8.46779032206159,10.419446572877801,0.9444444444444444,0.68,25,18
5532,8,NR3C1,5532,1.0,6.621707421647559,0.6094752642966161,1.109822665694371e-52,2.0489522472985384,1.3340961701320073,0.9444444444444444,0.68,25,18
5531,8,NR3C1,5531,1.0,6.621707421647559,0.39794321047011544,1.3064710291942364e-20,10.656095462343103,13.73663704130271,0.9444444444444444,0.68,25,18
5525,8,NR3C1,5525,1.0,6.621707421647559,0.6729784779720209,7.009365521056822e-68,5.577646725848881,6.533215799254922,0.9444444444444444,0.68,25,18
5533,8,NR3C1,5533,1.0,6.621707421647559,0.41249084535782776,3.630766315701034e-22,2.184941457881882,1.4605438395072063,0.9444444444444444,0.68,25,18
5524,8,NR3C1,5524,1.0,6.621707421647559,0.6298447857208083,3.5787668832888606e-57,14.720438464210787,21.78443077048226,0.9444444444444444,0.68,25,18
5540,8,NR3C1,5540,1.0,6.621707421647559,0.6085273744765782,1.7634707493335818e-52,3.376526975058378,2.841056687621598,0.9444444444444444,0.68,25,18
5536,8,NR3C1,5536,1.0,6.621707421647559,0.6549403387543724,3.449444635713711e-63,10.174154753866521,13.933994667455197,0.9444444444444444,0.68,25,18
5526,8,NR3C1,5526,1.0,6.621707421647559,-0.619867110934696,6.23885553058399e-55,-10.598978184531697,15.700622085947865,0.9444444444444444,0.68,25,18
504,8,KLF7,504,1.0,19.27608966987897,0.1212845197563235,0.00635542698559632,8.911912927430022,11.312905105352156,0.8695652173913043,0.8,25,23
485,8,KLF7,485,1.0,19.27608966987897,0.6726913063977207,8.375006756943509e-68,5.38116708820857,6.246213845600021,0.8695652173913043,0.8,25,23
495,8,KLF7,495,1.0,19.27608966987897,0.3669699578653518,1.5224615695823888e-17,6.859611679577509,7.7446233561504,0.8695652173913043,0.8,25,23
483,8,KLF7,483,1.0,19.27608966987897,0.5748344710247424,9.47547348922904e-46,14.271996609068502,20.667042519318098,0.8695652173913043,0.8,25,23
493,8,KLF7,493,1.0,19.27608966987897,0.2174415267613718,8.079763929958388e-07,10.353072462568159,13.525675648622316,0.8695652173913043,0.8,25,23
496,8,KLF7,496,1.0,19.27608966987897,-0.39586657423506333,2.1480220572320554e-20,-3.2695023242479513,2.719199061254475,0.8695652173913043,0.8,25,23
484,8,KLF7,484,1.0,19.27608966987897,-0.6226968970188945,1.471137763730647e-55,-10.727678886904256,15.790977506883165,0.8695652173913043,0.8,25,23
487,8,KLF7,487,1.0,19.27608966987897,-0.5497056537951933,3.242594079365097e-41,-8.140494677939861,9.947497369759512,0.8695652173913043,0.8,25,23
494,8,KLF7,494,1.0,19.27608966987897,0.31630392852949896,3.3850139885643843e-13,6.359957533194804,7.311433695409434,0.8695652173913043,0.8,25,23
499,8,KLF7,499,1.0,19.27608966987897,-0.261857800686901,2.307948747333593e-09,-7.379645292584739,8.574296963272872,0.8695652173913043,0.8,25,23
498,8,KLF7,498,1.0,19.27608966987897,0.3233230465903734,9.421303838662302e-14,10.431250454378407,13.793119116053985,0.8695652173913043,0.8,25,23
505,8,KLF7,505,1.0,19.27608966987897,-0.10039311384554607,0.02406020114017633,-4.582117039130081,4.538045489040604,0.8695652173913043,0.8,25,23
502,8,KLF7,502,1.0,19.27608966987897,0.5009700659506946,1.9275406110824125e-33,6.3433122370932615,7.178646136814891,0.8695652173913043,0.8,25,23
500,8,KLF7,500,1.0,19.27608966987897,-0.12451086723579191,0.0050785110337713355,-8.267384974868703,10.017547356286348,0.8695652173913043,0.8,25,23
488,8,KLF7,488,1.0,19.27608966987897,0.2682837538412227,8.974442132221626e-10,9.95182819056038,12.501080006160459,0.8695652173913043,0.8,25,23
490,8,KLF7,490,1.0,19.27608966987897,-0.4746558506782356,9.749877712821496e-30,-10.35859420950415,13.56778009556536,0.8695652173913043,0.8,25,23
507,8,KLF7,507,1.0,19.27608966987897,-0.10752665328644669,0.01563245565858265,-7.7585052531316085,9.734619010893244,0.8695652173913043,0.8,25,23
486,8,KLF7,486,1.0,19.27608966987897,-0.6021208021423262,3.873025995208921e-51,-7.9259447059499815,10.244719666595083,0.8695652173913043,0.8,25,23
501,8,KLF7,501,1.0,19.27608966987897,0.5478789183266154,6.69416760872236e-41,2.121081728049999,1.3962002533536637,0.8695652173913043,0.8,25,23
506,8,KLF7,506,1.0,19.27608966987897,-0.3242121417110656,7.993064409915976e-14,-5.7983523813110684,6.337474931224967,0.8695652173913043,0.8,25,23
3992,8,ZBTB4,3992,1.0,1.4712577735247723,0.43057110058831977,3.287429920253151e-24,4.352219528758401,4.0461916804488,0.9411764705882353,0.7272727272727273,22,17
3980,8,ZBTB4,3980,1.0,1.4712577735247723,0.22142111726700625,5.007940114222458e-07,9.676832535725161,12.370504175615624,0.9411764705882353,0.7272727272727273,22,17
3991,8,ZBTB4,3991,1.0,1.4712577735247723,-0.5061699027045562,3.26767876451728e-34,-2.6133365884040596,1.9077730253457978,0.9411764705882353,0.7272727272727273,22,17
3978,8,ZBTB4,3978,1.0,1.4712577735247723,0.258669096723337,3.6537340783938406e-09,2.1966900001765346,1.4716220417293526,0.9411764705882353,0.7272727272727273,22,17
3994,8,ZBTB4,3994,1.0,1.4712577735247723,-0.2824606373680847,1.0205888344030607e-10,-2.0210071616798926,1.3016251866366226,0.9411764705882353,0.7272727272727273,22,17
3988,8,ZBTB4,3988,1.0,1.4712577735247723,0.41761949486874167,9.839103545789041e-23,3.818498552368926,3.3786778932512145,0.9411764705882353,0.7272727272727273,22,17
3986,8,ZBTB4,3986,1.0,1.4712577735247723,0.3324442382126412,1.6998401507071315e-14,10.447968429969364,13.450922947466665,0.9411764705882353,0.7272727272727273,22,17
3975,8,ZBTB4,3975,1.0,1.4712577735247723,0.4654221012163329,1.638443634192225e-28,14.430695602471939,21.15776266463146,0.9411764705882353,0.7272727272727273,22,17
3989,8,ZBTB4,3989,1.0,1.4712577735247723,0.19479410673986655,1.0389279888183127e-05,5.673271817816375,5.8759815816000325,0.9411764705882353,0.7272727272727273,22,17
3976,8,ZBTB4,3976,1.0,1.4712577735247723,0.635362076580329,1.900249241996229e-58,6.405980195757802,8.094200435661875,0.9411764705882353,0.7272727272727273,22,17
3985,8,ZBTB4,3985,1.0,1.4712577735247723,0.415799561322592,1.567809333872323e-22,4.455477827441944,4.24454961566161,0.9411764705882353,0.7272727272727273,22,17
3993,8,ZBTB4,3993,1.0,1.4712577735247723,0.37369351842016507,3.5033398086530655e-18,11.272333221376243,16.27576938834138,0.9411764705882353,0.7272727272727273,22,17
3977,8,ZBTB4,3977,1.0,1.4712577735247723,-0.5065871493981697,2.8301885117112914e-34,-10.3851967691368,15.547721733284991,0.9411764705882353,0.7272727272727273,22,17
3981,8,ZBTB4,3981,1.0,1.4712577735247723,0.6281531569306,8.699465906266588e-57,2.7714895175211227,2.101842009970229,0.9411764705882353,0.7272727272727273,22,17
3984,8,ZBTB4,3984,1.0,1.4712577735247723,0.3319137814402559,1.880810334993488e-14,8.08970374219736,9.72364544595331,0.9411764705882353,0.7272727272727273,22,17
3983,8,ZBTB4,3983,1.0,1.4712577735247723,-0.5089069776542873,1.2681537532751341e-34,-5.214272645746549,5.642977941565568,0.9411764705882353,0.7272727272727273,22,17
3262,8,RFX3,3262,1.0,14.284027714099548,-0.3349407300978546,1.0531270222530172e-14,-10.175117222946772,13.282577862692392,0.95,0.76,25,20
3279,8,RFX3,3279,1.0,14.284027714099548,-0.3963028290406681,1.9355361538693555e-20,-8.936522134652959,11.72300426769198,0.95,0.76,25,20
3275,8,RFX3,3275,1.0,14.284027714099548,0.4947492885934557,1.5483746490143808e-32,8.14004025541618,9.664214242864247,0.95,0.76,25,20
3281,8,RFX3,3281,1.0,14.284027714099548,-0.18761593550659417,2.2012430822565684e-05,-3.7882388210559323,3.338600655562041,0.95,0.76,25,20
3271,8,RFX3,3271,1.0,14.284027714099548,0.2950965593453756,1.321226767005172e-11,8.929694304758025,10.974055347838933,0.95,0.76,25,20
3257,8,RFX3,3257,1.0,14.284027714099548,0.4239027940061088,1.9267468016662323e-23,14.647813885592829,21.567153961803413,0.95,0.76,25,20
3258,8,RFX3,3258,1.0,14.284027714099548,-0.37618143801957843,2.016375597108271e-18,-10.554551902903535,15.240345151422128,0.95,0.76,25,20
3261,8,RFX3,3261,1.0,14.284027714099548,-0.21769161388188513,7.842565389445177e-07,-8.51811466714129,10.646577454800143,0.95,0.76,25,20
3280,8,RFX3,3280,1.0,14.284027714099548,0.40627631086089977,1.714407850117144e-21,6.262386384289613,7.011910925062291,0.95,0.76,25,20
3265,8,RFX3,3265,1.0,14.284027714099548,-0.2514355783404428,1.0126646353321907e-08,-4.371600474878473,4.239702684839103,0.95,0.76,25,20
3267,8,RFX3,3267,1.0,14.284027714099548,-0.38441539806154534,3.131028322080862e-19,-7.145810745606238,9.133728126118697,0.95,0.76,25,20
3270,8,RFX3,3270,1.0,14.284027714099548,0.4470458225946819,3.506100518466881e-26,3.286748572617003,2.6833565509849953,0.95,0.76,25,20
3260,8,RFX3,3260,1.0,14.284027714099548,-0.2685262004461316,8.655963529693628e-10,-4.182378848166433,4.142047248736122,0.95,0.76,25,20
3276,8,RFX3,3276,1.0,14.284027714099548,0.4084920603861629,9.8942193432822e-22,10.897154965975105,15.411649393301703,0.95,0.76,25,20
3266,8,RFX3,3266,1.0,14.284027714099548,0.3460310316745961,1.190388437934588e-15,9.713298025547251,12.236813555839241,0.95,0.76,25,20
3274,8,RFX3,3274,1.0,14.284027714099548,-0.251773997275504,9.661754105771084e-09,-4.3395431817188435,4.173206836142962,0.95,0.76,25,20
3263,8,RFX3,3263,1.0,14.284027714099548,-0.24577749700435889,2.199482545032603e-08,-8.262723923425968,10.865605210128491,0.95,0.76,25,20
3272,8,RFX3,3272,1.0,14.284027714099548,0.45168268379633003,9.334340054968788e-27,7.1611866119192715,8.351164057154904,0.95,0.76,25,20
3269,8,RFX3,3269,1.0,14.284027714099548,0.3781183087252825,1.3072580956152286e-18,9.869807615510156,14.21292110554702,0.95,0.76,25,20
1346,8,CEBPZ,1346,1.0,13.339836798047497,0.6607820719960196,1.1319513805796352e-64,14.563097911049262,21.499384692962025,1.0,0.88,25,22
1349,8,CEBPZ,1349,1.0,13.339836798047497,-0.26017129663276894,2.9449661011110645e-09,-4.016155828285809,3.88192142863467,1.0,0.88,25,22
1351,8,CEBPZ,1351,1.0,13.339836798047497,0.41375898459411165,2.634487418786424e-22,10.755567302562465,15.558122377105253,1.0,0.88,25,22
1363,8,CEBPZ,1363,1.0,13.339836798047497,0.3681536787219095,1.1784036078166693e-17,3.022807765564794,2.38369783813612,1.0,0.88,25,22
1367,8,CEBPZ,1367,1.0,13.339836798047497,0.31111778879751334,8.524718024422428e-13,6.576951388929636,7.345159346649178,1.0,0.88,25,22
1357,8,CEBPZ,1357,1.0,13.339836798047497,0.5538554787155735,6.144656442977846e-42,8.603463111720059,12.146099818359753,1.0,0.88,25,22
1352,8,CEBPZ,1352,1.0,13.339836798047497,0.5627914344229454,1.5778379987895451e-43,8.937018269376573,10.815496490861008,1.0,0.88,25,22
1350,8,CEBPZ,1350,1.0,13.339836798047497,0.2128844250884716,1.3820647695518755e-06,2.2182047155807356,1.4885480807080862,1.0,0.88,25,22
1347,8,CEBPZ,1347,1.0,13.339836798047497,-0.45682325996574824,2.101453034778177e-27,-10.664411885547214,15.887858519736783,1.0,0.88,25,22
1354,8,CEBPZ,1354,1.0,13.339836798047497,0.660207076608282,1.589888084258673e-64,9.658622804812667,12.109350131112839,1.0,0.88,25,22
1348,8,CEBPZ,1348,1.0,13.339836798047497,0.6346927860487914,2.7217688403934584e-58,8.48378133112009,10.200628732612644,1.0,0.88,25,22
1358,8,CEBPZ,1358,1.0,13.339836798047497,0.5801560901431759,9.23336464293698e-47,5.40545299250262,5.589243234298147,1.0,0.88,25,22
1369,8,CEBPZ,1369,1.0,13.339836798047497,0.37804497841088464,1.3289541837619812e-18,5.42786472334184,5.843446007006476,1.0,0.88,25,22
1370,8,CEBPZ,1370,1.0,13.339836798047497,0.2935460005627893,1.707330542583715e-11,2.9288650792189377,2.2567666044434773,1.0,0.88,25,22
1361,8,CEBPZ,1361,1.0,13.339836798047497,0.3540127615245997,2.3472370744787387e-16,2.5033294167912117,1.7916054616280639,1.0,0.88,25,22
1365,8,CEBPZ,1365,1.0,13.339836798047497,0.48821059124546007,1.3218485491471994e-31,9.033349949369207,11.947289206608824,1.0,0.88,25,22
1360,8,CEBPZ,1360,1.0,13.339836798047497,0.23313542534377663,1.1626076604978391e-07,5.4636780355598376,5.797146533424451,1.0,0.88,25,22
1356,8,CEBPZ,1356,1.0,13.339836798047497,0.3701433807977072,7.64279361378202e-18,7.324276657993417,8.926615182030687,1.0,0.88,25,22
1355,8,CEBPZ,1355,1.0,13.339836798047497,0.4677486382178591,8.112949629314211e-29,7.51778861294456,8.810104675762467,1.0,0.88,25,22
1368,8,CEBPZ,1368,1.0,13.339836798047497,0.5515021999094321,1.5826849404750738e-41,6.352714993691182,6.991242140304918,1.0,0.88,25,22
1366,8,CEBPZ,1366,1.0,13.339836798047497,0.572642761170527,2.441907882346357e-45,7.669349682021552,8.804839278446673,1.0,0.88,25,22
1362,8,CEBPZ,1362,1.0,13.339836798047497,0.31404093825531626,5.076377462404883e-13,6.913410770360626,8.02505108684433,1.0,0.88,25,22
20,8,ETS1,20,1.0,10.64778281799046,-0.27706857642285976,2.367876648448838e-10,-7.22797680155373,8.28994705242809,0.9473684210526315,0.72,25,19
9,8,ETS1,9,1.0,10.64778281799046,0.3449685341204929,1.4724628971422446e-15,10.532729303618353,13.398810751313635,0.9473684210526315,0.72,25,19
10,8,ETS1,10,1.0,10.64778281799046,-0.4942960755702901,1.7991899812361614e-32,-5.532473228423845,6.071410522072105,0.9473684210526315,0.72,25,19
2,8,ETS1,2,1.0,10.64778281799046,0.7141950530456774,5.8075235554125165e-80,5.849336520732205,7.082761392063594,0.9473684210526315,0.72,25,19
0,8,ETS1,0,1.0,10.64778281799046,0.5741744050181417,1.2610841280695695e-45,14.561404175468033,21.412496294392106,0.9473684210526315,0.72,25,19
6,8,ETS1,6,1.0,10.64778281799046,-0.44983908328721073,1.5836359016966622e-26,-9.605023098534021,12.485578953415235,0.9473684210526315,0.72,25,19
15,8,ETS1,15,1.0,10.64778281799046,0.4444746027397771,7.24011447472613e-26,7.500737485527024,8.602346494671506,0.9473684210526315,0.72,25,19
7,8,ETS1,7,1.0,10.64778281799046,-0.5177327049475134,5.649599689026676e-36,-8.051477420780618,9.862872454292011,0.9473684210526315,0.72,25,19
4,8,ETS1,4,1.0,10.64778281799046,0.2807992911092352,1.3252938762072046e-10,8.198957994445097,9.698012312315907,0.9473684210526315,0.72,25,19
17,8,ETS1,17,1.0,10.64778281799046,0.4164689450311492,1.3213434905828697e-22,9.57756068510645,12.006376120089097,0.9473684210526315,0.72,25,19
21,8,ETS1,21,1.0,10.64778281799046,-0.32029032095756166,1.6439392722611997e-13,-2.7256633450724816,2.0709285743996566,0.9473684210526315,0.72,25,19
18,8,ETS1,18,1.0,10.64778281799046,0.8786265893670113,1.364059987628887e-163,2.957475607205853,2.3140528801142053,0.9473684210526315,0.72,25,19
24,8,ETS1,24,1.0,10.64778281799046,0.276955552698127,2.4095500115730666e-10,2.2499379452688095,1.5235119557786716,0.9473684210526315,0.72,25,19
16,8,ETS1,16,1.0,10.64778281799046,0.6981851911899265,5.035666674551022e-75,2.3401240800371443,1.6180535922264452,0.9473684210526315,0.72,25,19
1,8,ETS1,1,1.0,10.64778281799046,-0.5502172888096264,2.6446839026203504e-41,-10.685700715389919,15.824101256411362,0.9473684210526315,0.72,25,19
14,8,ETS1,14,1.0,10.64778281799046,0.5711385113666647,4.657127037752835e-45,10.830225114591189,14.659343203395265,0.9473684210526315,0.72,25,19
23,8,ETS1,23,1.0,10.64778281799046,0.6546254004282417,4.138218744202923e-63,6.117183352471887,6.8793909318093345,0.9473684210526315,0.72,25,19
19,8,ETS1,19,1.0,10.64778281799046,0.26472345992363217,1.51929155685685e-09,8.75973977112099,10.628330438420047,0.9473684210526315,0.72,25,19
8606,8,GATA4,8606,-1.0,2.1601840830056713,-0.21972294078154997,6.148674061504484e-07,5.931089484131844,6.56026940406506,0.6666666666666666,0.42105263157894735,19,12
8600,8,GATA4,8600,-1.0,2.1601840830056713,-0.4685042042538435,6.449707085776597e-29,8.022722169515394,9.414876427323874,0.6666666666666666,0.42105263157894735,19,12
8608,8,GATA4,8608,-1.0,2.1601840830056713,-0.27073729589361806,6.215563700007472e-10,10.674929987868966,13.657212601184558,0.6666666666666666,0.42105263157894735,19,12
8607,8,GATA4,8607,-1.0,2.1601840830056713,0.305862474647234,2.134036959935958e-12,-6.727249486122999,7.917045593368549,0.6666666666666666,0.42105263157894735,19,12
8602,8,GATA4,8602,-1.0,2.1601840830056713,-0.28089193176660243,1.3061864267015716e-10,4.721509799813557,4.587582029896244,0.6666666666666666,0.42105263157894735,19,12
8617,8,GATA4,8617,-1.0,2.1601840830056713,-0.28671807803238114,5.183633318423512e-11,6.015566626064822,6.660649813997219,0.6666666666666666,0.42105263157894735,19,12
8609,8,GATA4,8609,-1.0,2.1601840830056713,0.26805519420172635,9.285094621046227e-10,-2.3079294499477454,1.589871519923993,0.6666666666666666,0.42105263157894735,19,12
8615,8,GATA4,8615,-1.0,2.1601840830056713,-0.3015551391724094,4.466116947625872e-12,7.613937637379391,8.89835465078656,0.6666666666666666,0.42105263157894735,19,12
1528,8,ZBTB14,1528,1.0,20.26701329510858,0.6638379987067031,1.8373741230181933e-65,14.318485709292974,20.55194118006925,1.0,0.5882352941176471,17,10
1529,8,ZBTB14,1529,1.0,20.26701329510858,-0.40980865167262076,7.12327613609441e-22,-10.3249408772156,14.930854385844818,1.0,0.5882352941176471,17,10
1539,8,ZBTB14,1539,1.0,20.26701329510858,0.4054881264523969,2.0826009266162995e-21,3.3490845580386157,2.7494389621154602,1.0,0.5882352941176471,17,10
1538,8,ZBTB14,1538,1.0,20.26701329510858,0.5465683835464292,1.122930353911398e-40,6.784321370300293,7.6046104731380355,1.0,0.5882352941176471,17,10
1535,8,ZBTB14,1535,1.0,20.26701329510858,-0.20802235503053415,2.419354934819706e-06,-7.215560785828881,9.133711209610423,1.0,0.5882352941176471,17,10
1532,8,ZBTB14,1532,1.0,20.26701329510858,-0.3634846714485114,3.216973822660135e-17,-9.84056837303297,12.452406384274921,1.0,0.5882352941176471,17,10
1541,8,ZBTB14,1541,1.0,20.26701329510858,0.4871829418966742,1.8438776798468452e-31,7.341162604915876,8.735648448468497,1.0,0.5882352941176471,17,10
1531,8,ZBTB14,1531,1.0,20.26701329510858,0.4982790204486288,4.772258998731522e-33,6.374683579873767,6.982069403711984,1.0,0.5882352941176471,17,10
1536,8,ZBTB14,1536,1.0,20.26701329510858,0.3960200367862874,2.0707758582104936e-20,5.66267882582851,6.287308666220969,1.0,0.5882352941176471,17,10
1530,8,ZBTB14,1530,1.0,20.26701329510858,0.24868312918248353,1.4803460216093894e-08,5.1044856815868505,5.603444892045566,1.0,0.5882352941176471,17,10
6194,8,CPEB1,6194,1.0,5.999834183715898,0.479129093033527,2.4087793549657882e-30,4.364100412839691,4.092469454810564,0.7894736842105263,0.6,25,19
6179,8,CPEB1,6179,1.0,5.999834183715898,0.8318034598490905,1.0903464553493997e-130,5.9307532049587754,7.136175890318588,0.7894736842105263,0.6,25,19
6187,8,CPEB1,6187,1.0,5.999834183715898,0.5627325465465802,1.6169704581852557e-43,2.3260942401460625,1.5988074941607144,0.7894736842105263,0.6,25,19
6200,8,CPEB1,6200,1.0,5.999834183715898,0.4560021840693387,2.671106564393295e-27,3.083596846264735,2.4673903545804436,0.7894736842105263,0.6,25,19
6189,8,CPEB1,6189,1.0,5.999834183715898,0.37890975432947027,1.0941859829717444e-18,4.907022237693491,4.846963941824912,0.7894736842105263,0.6,25,19
6184,8,CPEB1,6184,1.0,5.999834183715898,0.6628781822281608,3.259949551266703e-65,6.65939831933526,7.880733972316748,0.7894736842105263,0.6,25,19
6196,8,CPEB1,6196,1.0,5.999834183715898,0.5502528824311004,2.607413905345884e-41,6.400331680594766,7.106162339482939,0.7894736842105263,0.6,25,19
6202,8,CPEB1,6202,1.0,5.999834183715898,0.03963629282182877,0.3740799541821642,3.978763639840484,3.6117847589678727,0.7894736842105263,0.6,25,19
6185,8,CPEB1,6185,1.0,5.999834183715898,0.3389850786320869,4.803974404332538e-15,7.031758005396096,8.306165515982643,0.7894736842105263,0.6,25,19
6180,8,CPEB1,6180,1.0,5.999834183715898,-0.27854524582893075,1.8838568765434606e-10,-10.473509965683673,15.44557965343334,0.7894736842105263,0.6,25,19
6197,8,CPEB1,6197,1.0,5.999834183715898,0.1452080922377952,0.0010663106143455753,6.934440108556006,7.833256976666032,0.7894736842105263,0.6,25,19
6181,8,CPEB1,6181,1.0,5.999834183715898,0.6107817924649609,5.846964636662454e-53,2.34282154298755,1.619984638980308,0.7894736842105263,0.6,25,19
6195,8,CPEB1,6195,1.0,5.999834183715898,0.36525242586370443,2.2036975373079475e-17,6.608008653490308,7.7128813006474815,0.7894736842105263,0.6,25,19
6203,8,CPEB1,6203,1.0,5.999834183715898,0.43972648817676807,2.718206304361436e-25,4.708081592931039,4.720214809642411,0.7894736842105263,0.6,25,19
6188,8,CPEB1,6188,1.0,5.999834183715898,0.5903093104341491,9.629366986469516e-49,2.2135659066557465,1.5066354734973724,0.7894736842105263,0.6,25,19
723,8,KLF12,723,1.0,7.921873357956239,-0.39548361668464993,2.3533915572333876e-20,-7.029162272759971,8.531816182585489,0.8333333333333334,0.6521739130434783,23,18
739,8,KLF12,739,1.0,7.921873357956239,-0.3036946551798037,3.099427878349651e-12,-7.18714934613174,8.22202296270103,0.8333333333333334,0.6521739130434783,23,18
732,8,KLF12,732,1.0,7.921873357956239,-0.44773058051146736,2.8873703810735175e-26,-4.919915364978179,5.021777205371262,0.8333333333333334,0.6521739130434783,23,18
728,8,KLF12,728,1.0,7.921873357956239,0.3678188936906114,1.2670845789378795e-17,10.297568860614529,13.612057280423736,0.8333333333333334,0.6521739130434783,23,18
720,8,KLF12,720,1.0,7.921873357956239,0.6575504134264359,7.565411115063374e-64,4.430011626337418,4.551220759685536,0.8333333333333334,0.6521739130434783,23,18
736,8,KLF12,736,1.0,7.921873357956239,0.2476895826228586,1.6959230785674715e-08,6.479034243650538,7.131481254924986,0.8333333333333334,0.6521739130434783,23,18
724,8,KLF12,724,1.0,7.921873357956239,-0.4748039089623249,9.3120335035851e-30,-10.509606556816202,14.153661172651827,0.8333333333333334,0.6521739130434783,23,18
727,8,KLF12,727,1.0,7.921873357956239,0.503608652790745,7.862218540560878e-34,5.714841873336221,6.242621792983846,0.8333333333333334,0.6521739130434783,23,18
738,8,KLF12,738,1.0,7.921873357956239,-0.41730157487798475,1.0675557710690112e-22,-3.1176868475934287,2.504458016581763,0.8333333333333334,0.6521739130434783,23,18
722,8,KLF12,722,1.0,7.921873357956239,-0.4746758837374421,9.689464400515535e-30,-7.266393686166662,8.656323314450315,0.8333333333333334,0.6521739130434783,23,18
737,8,KLF12,737,1.0,7.921873357956239,-0.4482375566749222,2.5000551707226472e-26,-8.161569337538758,10.307758619355102,0.8333333333333334,0.6521739130434783,23,18
733,8,KLF12,733,1.0,7.921873357956239,-0.3157131862254549,3.7639775130560585e-13,-8.5892117647873,10.348421899341904,0.8333333333333334,0.6521739130434783,23,18
719,8,KLF12,719,1.0,7.921873357956239,-0.5432906023521608,4.054380155823275e-40,-10.824970564289869,15.949221349496863,0.8333333333333334,0.6521739130434783,23,18
718,8,KLF12,718,1.0,7.921873357956239,0.44820969674607225,2.5199376641565812e-26,14.272261859126553,20.429611252442083,0.8333333333333334,0.6521739130434783,23,18
725,8,KLF12,725,1.0,7.921873357956239,0.5014203904862536,1.6549129937519885e-33,2.2958637861880145,1.5886165195863395,0.8333333333333334,0.6521739130434783,23,18
296,8,ALX3,296,1.0,7.982249852145874,0.2815732194337447,1.1736828232187193e-10,8.892776350996659,11.158130733819442,1.0,0.92,25,23
291,8,ALX3,291,1.0,7.982249852145874,0.335783050354725,8.951540263677338e-15,3.965161491376967,3.5521616548674366,1.0,0.92,25,23
289,8,ALX3,289,1.0,7.982249852145874,0.330217586976089,2.595774810797993e-14,6.305140076910735,6.93295848450482,1.0,0.92,25,23
284,8,ALX3,284,1.0,7.982249852145874,0.2576012880791185,4.255504860398768e-09,8.553351308645569,10.35599251509084,1.0,0.92,25,23
288,8,ALX3,288,1.0,7.982249852145874,0.24986079353276947,1.259068871296373e-08,9.223144603563384,11.278179880415786,1.0,0.92,25,23
299,8,ALX3,299,1.0,7.982249852145874,0.5048382167409289,5.162937309819611e-34,8.827767318860692,10.995296063872058,1.0,0.92,25,23
292,8,ALX3,292,1.0,7.982249852145874,0.23563359441534223,8.428437790234959e-08,5.267401435840005,5.3527595692637675,1.0,0.92,25,23
294,8,ALX3,294,1.0,7.982249852145874,0.2756991537663083,2.923676424279781e-10,8.641176480796005,10.629700370978211,1.0,0.92,25,23
290,8,ALX3,290,1.0,7.982249852145874,0.465738903082855,1.489372182657939e-28,8.571645800468056,10.637342340957225,1.0,0.92,25,23
297,8,ALX3,297,1.0,7.982249852145874,0.3302421857092542,2.5837115716726343e-14,6.023907663337896,6.434202647023134,1.0,0.92,25,23
295,8,ALX3,295,1.0,7.982249852145874,0.2774788348400058,2.2224250530774768e-10,3.5347215040513174,2.9871082021774398,1.0,0.92,25,23
282,8,ALX3,282,1.0,7.982249852145874,-0.2838214877388361,8.229033646445738e-11,-4.713499411713595,4.703294433319028,1.0,0.92,25,23
281,8,ALX3,281,1.0,7.982249852145874,0.24382422714321128,2.8621955875166662e-08,10.792887698114539,13.809589790597082,1.0,0.92,25,23
286,8,ALX3,286,1.0,7.982249852145874,0.37285855914784033,4.212446692039597e-18,9.723706781797656,13.193518590053852,1.0,0.92,25,23
287,8,ALX3,287,1.0,7.982249852145874,0.2595716093348466,3.210255768905016e-09,5.714645489234974,5.9992199327042695,1.0,0.92,25,23
303,8,ALX3,303,1.0,7.982249852145874,0.23956231026829397,5.0453081467032816e-08,4.545954030897617,4.306398623387633,1.0,0.92,25,23
283,8,ALX3,283,1.0,7.982249852145874,0.3036146161199971,3.1422450030089077e-12,9.938676259741975,13.927671410547125,1.0,0.92,25,23
298,8,ALX3,298,1.0,7.982249852145874,0.25146884253642765,1.0080006950871567e-08,2.1978775698737794,1.4827240004104532,1.0,0.92,25,23
301,8,ALX3,301,1.0,7.982249852145874,0.13017220976756064,0.0033843256366668044,2.698966186863038,2.0056643216095806,1.0,0.92,25,23
293,8,ALX3,293,1.0,7.982249852145874,0.15875044026141746,0.0003417997682303972,2.154363957966251,1.4338404963020377,1.0,0.92,25,23
300,8,ALX3,300,1.0,7.982249852145874,-0.3456634483324109,1.2813862625869964e-15,-4.08078134177211,3.733842585030876,1.0,0.92,25,23
280,8,ALX3,280,1.0,7.982249852145874,0.19163708296295473,1.4504080597245405e-05,7.870163325575809,9.184187545146852,1.0,0.92,25,23
279,8,ALX3,279,1.0,7.982249852145874,0.3339424315102318,1.2760102235830415e-14,14.794156804070736,21.729711149996938,1.0,0.92,25,23
259,8,POU2F1,259,1.0,21.256292460941573,-0.3068542879132634,1.7972111971152986e-12,-3.809754855829359,3.5471485459740086,1.0,0.92,25,23
261,8,POU2F1,261,1.0,21.256292460941573,0.5589332535738047,7.774359141251859e-43,10.77785070272491,13.957301846325258,1.0,0.92,25,23
265,8,POU2F1,265,1.0,21.256292460941573,0.7191491819989453,1.4666295244967524e-81,10.915248452506457,14.570149928696654,1.0,0.92,25,23
268,8,POU2F1,268,1.0,21.256292460941573,0.4537832665254104,5.0909609599603255e-27,9.648061748213395,12.092150686474463,1.0,0.92,25,23
272,8,POU2F1,272,1.0,21.256292460941573,0.4470015635103884,3.5503232870683337e-26,3.8275868921462712,3.376281314436241,1.0,0.92,25,23
262,8,POU2F1,262,1.0,21.256292460941573,-0.5032777811942686,8.801740068779518e-34,-5.181259779165013,5.447003856923694,1.0,0.92,25,23
266,8,POU2F1,266,1.0,21.256292460941573,-0.5773654384071949,3.1474926655799685e-46,-8.446698594840532,10.45160115494122,1.0,0.92,25,23
277,8,POU2F1,277,1.0,21.256292460941573,0.5724735517029965,2.6262844723735605e-45,6.503393381305254,7.173693410924013,1.0,0.92,25,23
256,8,POU2F1,256,1.0,21.256292460941573,-0.6294568897883579,4.3893497582733827e-57,-10.579746405186409,15.71456571194841,1.0,0.92,25,23
255,8,POU2F1,255,1.0,21.256292460941573,0.15976066550754459,0.00031280898840917095,5.483206904162556,6.317853139355165,1.0,0.92,25,23
254,8,POU2F1,254,1.0,21.256292460941573,0.7839049743483666,3.4616669945397264e-106,14.566126223605655,21.29140838777905,1.0,0.92,25,23
276,8,POU2F1,276,1.0,21.256292460941573,0.5335067357667445,1.7227723750595454e-38,5.457121562525078,5.585456341694838,1.0,0.92,25,23
257,8,POU2F1,257,1.0,21.256292460941573,0.6121304366461492,3.007954207739955e-53,8.300178254206891,9.85940980246877,1.0,0.92,25,23
273,8,POU2F1,273,1.0,21.256292460941573,0.2706847392813816,6.264906278414635e-10,5.070316753498918,5.3199964265177675,1.0,0.92,25,23
274,8,POU2F1,274,1.0,21.256292460941573,0.6344769880714781,3.055491498877208e-58,10.824336290987496,15.038729425669105,1.0,0.92,25,23
263,8,POU2F1,263,1.0,21.256292460941573,-0.5165928704671711,8.486895606573619e-36,-9.772964110979714,12.747003644292832,1.0,0.92,25,23
271,8,POU2F1,271,1.0,21.256292460941573,-0.5106109989880977,7.004332226753196e-35,-7.459012635844877,8.679872358839184,1.0,0.92,25,23
270,8,POU2F1,270,1.0,21.256292460941573,0.18144109442000106,4.107144385323864e-05,3.121401322747117,2.560846419874561,1.0,0.92,25,23
264,8,POU2F1,264,1.0,21.256292460941573,0.44950690721246045,1.741287219424491e-26,8.96841816602647,11.23303805225395,1.0,0.92,25,23
260,8,POU2F1,260,1.0,21.256292460941573,-0.6431890394008346,2.660778595461146e-60,-8.508024790202612,11.525699494723899,1.0,0.92,25,23
278,8,POU2F1,278,1.0,21.256292460941573,-0.51513548870415,1.4247693177870526e-35,-4.910746679288498,5.165867367500849,1.0,0.92,25,23
267,8,POU2F1,267,1.0,21.256292460941573,0.5297844070121298,6.948150505499837e-38,8.280762601811766,10.391956960936971,1.0,0.92,25,23
269,8,POU2F1,269,1.0,21.256292460941573,0.41521096208999786,1.8216661681617193e-22,6.987064703818885,7.990754829070807,1.0,0.92,25,23
1547,8,BDP1,1547,1.0,21.097745573291228,0.22648370427104828,2.689972315607001e-07,4.87036279530016,5.379827937778652,1.0,0.8888888888888888,18,16
1561,8,BDP1,1561,1.0,21.097745573291228,-0.5898527430382792,1.1863764135355498e-48,-7.683104049820112,9.538191107964392,1.0,0.8888888888888888,18,16
1551,8,BDP1,1551,1.0,21.097745573291228,0.5392087034790437,1.9667865334356966e-39,9.241946310638276,11.473419044943238,1.0,0.8888888888888888,18,16
1552,8,BDP1,1552,1.0,21.097745573291228,-0.6773140978694143,4.654040600912659e-69,-9.217520460007814,12.999038299985656,1.0,0.8888888888888888,18,16
1560,8,BDP1,1560,1.0,21.097745573291228,0.5384861156923147,2.595316287420484e-39,3.6247987969847206,3.093409301557691,1.0,0.8888888888888888,18,16
1548,8,BDP1,1548,1.0,21.097745573291228,-0.5013414695506819,1.6997656113654467e-33,-8.904283636173469,11.255228857820546,1.0,0.8888888888888888,18,16
1546,8,BDP1,1546,1.0,21.097745573291228,-0.7009742589165749,7.337381534839777e-76,-11.005716320453345,16.62579908364987,1.0,0.8888888888888888,18,16
1558,8,BDP1,1558,1.0,21.097745573291228,-0.29147290505448065,2.3995469251592553e-11,-5.564695671478187,5.810899705449085,1.0,0.8888888888888888,18,16
1550,8,BDP1,1550,1.0,21.097745573291228,-0.603424535000084,2.0772147287695173e-51,-5.594499736742684,6.126811311911025,1.0,0.8888888888888888,18,16
1557,8,BDP1,1557,1.0,21.097745573291228,-0.21867873122716,6.969974668309065e-07,-5.952806348488745,6.577987838755709,1.0,0.8888888888888888,18,16
1562,8,BDP1,1562,1.0,21.097745573291228,0.563756561991603,1.055314812067443e-43,7.853649633930861,10.13351345968395,1.0,0.8888888888888888,18,16
1556,8,BDP1,1556,1.0,21.097745573291228,0.5177788275721983,5.55715218087048e-36,7.806894534481519,9.188706376545062,1.0,0.8888888888888888,18,16
1553,8,BDP1,1553,1.0,21.097745573291228,-0.19483137754769267,1.0348102349564196e-05,-3.136549133040264,2.5490575034772016,1.0,0.8888888888888888,18,16
1545,8,BDP1,1545,1.0,21.097745573291228,0.8606880563832782,1.4182971529674767e-149,14.570253845795625,21.3727860811325,1.0,0.8888888888888888,18,16
1555,8,BDP1,1555,1.0,21.097745573291228,-0.2871611384740959,4.8275771534429977e-11,-6.317562020912022,7.978013211785233,1.0,0.8888888888888888,18,16
1549,8,BDP1,1549,1.0,21.097745573291228,-0.6473082090817779,2.675799185279458e-61,-8.999829877337158,11.397836974714002,1.0,0.8888888888888888,18,16
1643,8,E2F3,1643,1.0,11.259727642971127,0.5223304318009441,1.0772402799437019e-36,10.977658888934492,13.954213493338774,1.0,0.75,8,6
1639,8,E2F3,1639,1.0,11.259727642971127,-0.4336589870167142,1.430241153269779e-24,-10.357065358766347,15.036042486163526,1.0,0.75,8,6
1638,8,E2F3,1638,1.0,11.259727642971127,0.6260776388197827,2.567739135491938e-56,14.394464565902354,20.74040005052482,1.0,0.75,8,6
1644,8,E2F3,1644,1.0,11.259727642971127,0.48051044234858276,1.5576683184551201e-30,2.3348976418654765,1.6150340780044683,1.0,0.75,8,6
1640,8,E2F3,1640,1.0,11.259727642971127,0.4875754035030833,1.6239990800867564e-31,2.156552132285123,1.4283154034884389,1.0,0.75,8,6
1641,8,E2F3,1641,1.0,11.259727642971127,0.595943817984283,7.132057192575279e-50,7.887841257907115,9.213693813160406,1.0,0.75,8,6
5265,8,SIX4,5265,1.0,21.330526456154274,0.6162633965259882,3.8453844779341553e-54,14.297365355553044,21.07545194609281,1.0,1.0,4,4
5266,8,SIX4,5266,1.0,21.330526456154274,0.5021809944969653,1.2784701732338602e-33,8.032687660607609,9.511598748175452,1.0,1.0,4,4
5267,8,SIX4,5267,1.0,21.330526456154274,-0.3315503910639512,2.0155561425200913e-14,-2.7807614590784,2.1318506087438887,1.0,1.0,4,4
5268,8,SIX4,5268,1.0,21.330526456154274,0.5452612031389475,1.8769356205751754e-40,2.6150682409907344,1.9131251677186494,1.0,1.0,4,4
8178,8,ISL1,8178,1.0,6.680548340140184,0.845896018173246,2.039797273808694e-139,3.329043933833358,2.8102538293868826,1.0,1.0,1,1
1747,8,BHLHE40,1747,1.0,5.125876434423616,-0.33872641922577357,5.053031299759279e-15,-10.843856224764442,15.8514432735738,0.8235294117647058,0.7,20,17
1751,8,BHLHE40,1751,1.0,5.125876434423616,0.21651106104399262,9.024236063598235e-07,10.102677293337036,13.075125457983216,0.8235294117647058,0.7,20,17
1759,8,BHLHE40,1759,1.0,5.125876434423616,0.3462776712453855,1.1329209469330842e-15,8.755912638064274,11.41048960134038,0.8235294117647058,0.7,20,17
1754,8,BHLHE40,1754,1.0,5.125876434423616,-0.23499151157351766,9.157971462560362e-08,-8.04603589970263,10.547059034588647,0.8235294117647058,0.7,20,17
1753,8,BHLHE40,1753,1.0,5.125876434423616,0.4477052363621456,2.9082170266412606e-26,9.879360183664302,12.723226973935782,0.8235294117647058,0.7,20,17
1756,8,BHLHE40,1756,1.0,5.125876434423616,0.3146384824817886,4.562764102589204e-13,8.005994214299623,9.59900596332132,0.8235294117647058,0.7,20,17
1748,8,BHLHE40,1748,1.0,5.125876434423616,0.3867459416749129,1.830393223208079e-19,4.883088812822463,5.1735534854705225,0.8235294117647058,0.7,20,17
1752,8,BHLHE40,1752,1.0,5.125876434423616,-0.33982246050692033,4.077505493117677e-15,-8.577099300113161,10.520684523638014,0.8235294117647058,0.7,20,17
1750,8,BHLHE40,1750,1.0,5.125876434423616,0.2090936112244765,2.1409805212305517e-06,8.81520630792211,10.605263587289395,0.8235294117647058,0.7,20,17
1765,8,BHLHE40,1765,1.0,5.125876434423616,0.2800675719745888,1.4860921187030364e-10,5.589199370872727,5.999347901777293,0.8235294117647058,0.7,20,17
1746,8,BHLHE40,1746,1.0,5.125876434423616,0.33094119971003316,2.2629828614167954e-14,14.632820908139449,21.484405702330328,0.8235294117647058,0.7,20,17
1761,8,BHLHE40,1761,1.0,5.125876434423616,0.25860657494320866,3.6865667810676844e-09,3.6259114073840824,3.1536577790210942,0.8235294117647058,0.7,20,17
1755,8,BHLHE40,1755,1.0,5.125876434423616,0.320555409578225,1.5662495485195566e-13,7.743826972184213,8.866657944666336,0.8235294117647058,0.7,20,17
1764,8,BHLHE40,1764,1.0,5.125876434423616,0.2165348211839818,8.998851043329226e-07,6.222273748278126,6.858579440153328,0.8235294117647058,0.7,20,17
1011,8,ZNF423,1011,1.0,6.174766180499852,-0.26171878057370956,2.3549416078895133e-09,-3.8320710166229066,3.4402562349384236,0.75,0.5,12,8
1009,8,ZNF423,1009,1.0,6.174766180499852,0.2367290766343716,7.311343065819766e-08,7.821174502215355,9.088846836296822,0.75,0.5,12,8
1002,8,ZNF423,1002,1.0,6.174766180499852,-0.3708645709291427,6.527868144587893e-18,-9.88663394207303,13.794924677926016,0.75,0.5,12,8
1003,8,ZNF423,1003,1.0,6.174766180499852,0.9194513550733958,4.785689993628606e-206,3.8076490521882693,3.5750458528502027,0.75,0.5,12,8
1001,8,ZNF423,1001,1.0,6.174766180499852,0.3397722380933746,4.1178570325022786e-15,14.288652262840937,21.0027019461306,0.75,0.5,12,8
1007,8,ZNF423,1007,1.0,6.174766180499852,-0.3841490049626081,3.3282635820898846e-19,-7.968457696333702,10.088440526312496,0.75,0.5,12,8
1941,8,GLI1,1941,1.0,1.459097176940439,-0.20577240953909062,3.1210260549260596e-06,-5.436630046659465,5.737279781385769,0.75,0.5,12,8
1942,8,GLI1,1942,1.0,1.459097176940439,-0.4066639272622915,1.557685510387632e-21,-4.028056182769676,3.778150277389653,0.75,0.5,12,8
1944,8,GLI1,1944,1.0,1.459097176940439,-0.2477350530084065,1.685425478278954e-08,-7.034682165103224,8.399200963387692,0.75,0.5,12,8
1936,8,GLI1,1936,1.0,1.459097176940439,-0.22606496674512178,2.8334357676163704e-07,-10.636916494447453,15.839713052493694,0.75,0.5,12,8
1937,8,GLI1,1937,1.0,1.459097176940439,0.7359317608779513,3.0722437609889927e-87,2.9676397128149343,2.420021857528555,0.75,0.5,12,8
1935,8,GLI1,1935,1.0,1.459097176940439,0.17115360604383423,0.0001109869427727826,14.779010704169359,21.986505939096382,0.75,0.5,12,8
2834,8,MAFG,2834,1.0,5.82919898757487,0.40713614839744855,1.385747841908888e-21,9.954735087680948,12.393246271921576,1.0,0.64,25,16
2847,8,MAFG,2847,1.0,5.82919898757487,0.38408098573832544,3.380555065782454e-19,8.941375432936264,11.043966296593126,1.0,0.64,25,16
2838,8,MAFG,2838,1.0,5.82919898757487,0.2665437661778601,1.1618936083738353e-09,2.3507574162843383,1.621383837285905,1.0,0.64,25,16
2837,8,MAFG,2837,1.0,5.82919898757487,0.3003064592173504,5.519761357391417e-12,10.669012719216472,13.979877304868157,1.0,0.64,25,16
2846,8,MAFG,2846,1.0,5.82919898757487,0.2635237126197092,1.8110412456042081e-09,9.567647124858574,12.285331099838736,1.0,0.64,25,16
2830,8,MAFG,2830,1.0,5.82919898757487,0.5075787392403837,2.009639664335554e-34,14.766626126325981,21.878165002862026,1.0,0.64,25,16
2841,8,MAFG,2841,1.0,5.82919898757487,-0.343146923387991,2.116247378598517e-15,-7.573329496989774,9.097066092906452,1.0,0.64,25,16
2853,8,MAFG,2853,1.0,5.82919898757487,0.27403165782416755,3.7735197367321807e-10,6.038469795234644,6.4588887475192305,1.0,0.64,25,16
2843,8,MAFG,2843,1.0,5.82919898757487,0.495462372324189,1.2220570306342602e-32,8.094104626735778,9.496259983458428,1.0,0.64,25,16
2831,8,MAFG,2831,1.0,5.82919898757487,0.3897597523727529,9.083911812423249e-20,6.311165995586554,7.857207571258822,1.0,0.64,25,16
2836,8,MAFG,2836,1.0,5.82919898757487,-0.40027626986301124,7.441694141300405e-21,-7.081819648309571,8.647645874114527,1.0,0.64,25,16
2845,8,MAFG,2845,1.0,5.82919898757487,0.3141102619578729,5.014005174334429e-13,10.155673570633601,13.704070911069625,1.0,0.64,25,16
2832,8,MAFG,2832,1.0,5.82919898757487,-0.44052361757914926,2.180008805367687e-25,-10.401724154505088,15.370911547403207,1.0,0.64,25,16
2839,8,MAFG,2839,1.0,5.82919898757487,0.41933423155980204,6.326739925692322e-23,9.085534861493413,11.707422646679095,1.0,0.64,25,16
2852,8,MAFG,2852,1.0,5.82919898757487,0.32457720927372247,7.470142290752694e-14,2.675932589556255,1.9852046720331702,1.0,0.64,25,16
2851,8,MAFG,2851,1.0,5.82919898757487,0.3601787507943342,6.485980036463149e-17,2.4348923081078016,1.7184860993046311,1.0,0.64,25,16
4025,8,GMEB1,4025,1.0,21.279401036855845,-0.2255851050943604,3.006902919517183e-07,-4.021956310855437,3.7025375230302373,1.0,1.0,4,4
4023,8,GMEB1,4023,1.0,21.279401036855845,-0.2511701170117012,1.0506415415272155e-08,-9.779047430505218,14.392450485574841,1.0,1.0,4,4
4024,8,GMEB1,4024,1.0,21.279401036855845,0.521944865293983,1.2390544143398965e-36,6.42984191266842,7.055235974681035,1.0,1.0,4,4
4022,8,GMEB1,4022,1.0,21.279401036855845,0.5459972084164939,1.405905024721955e-40,14.3303070443436,20.704155550831217,1.0,1.0,4,4
4731,8,EVX2,4731,1.0,4.31287201574104,0.24924032396214185,1.3713233938020523e-08,14.132304796243178,20.294217551999473,1.0,0.75,4,3
4732,8,EVX2,4732,1.0,4.31287201574104,0.6886168544411365,3.1608855971543446e-72,5.829268346998396,6.861441588511132,1.0,0.75,4,3
4733,8,EVX2,4733,1.0,4.31287201574104,-0.32112170540726687,1.4121379445418493e-13,-10.514005643980596,15.453269214817837,1.0,0.75,4,3
6464,8,HOXD9,6464,1.0,6.649665550668494,0.32684243579637473,4.899040039326491e-14,7.178287204662031,8.516683467793978,0.42105263157894735,0.32,25,19
6446,8,HOXD9,6446,1.0,6.649665550668494,0.43280231749883075,1.8032585024260455e-24,5.805437497990942,6.905686694809976,0.42105263157894735,0.32,25,19
6463,8,HOXD9,6463,1.0,6.649665550668494,0.2767115220838855,2.5019776944243784e-10,2.2139273848139416,1.5025214201673611,0.42105263157894735,0.32,25,19
6453,8,HOXD9,6453,1.0,6.649665550668494,0.34177787343951793,2.7750811936929236e-15,2.5170923639234886,1.801273005881586,0.42105263157894735,0.32,25,19
6470,8,HOXD9,6470,1.0,6.649665550668494,0.21370186708111807,1.2562682585511487e-06,6.746449833349426,8.078900205456494,0.42105263157894735,0.32,25,19
6465,8,HOXD9,6465,1.0,6.649665550668494,0.46288228201702164,3.5075501832396553e-28,3.5987215077788974,3.141640555370927,0.42105263157894735,0.32,25,19
6461,8,HOXD9,6461,1.0,6.649665550668494,0.46401755082340546,2.4979533316706065e-28,2.716995063379282,2.0358991650804548,0.42105263157894735,0.32,25,19
6469,8,HOXD9,6469,1.0,6.649665550668494,0.3306744339030177,2.3804904139990194e-14,4.447818232504031,4.280900730332394,0.42105263157894735,0.32,25,19
1131,8,ZNF35,1131,1.0,9.00895627506812,0.3386983729428844,5.0807861898497174e-15,5.197130513963297,5.512494980297636,1.0,0.88,25,22
1109,8,ZNF35,1109,1.0,9.00895627506812,0.5208341020437448,1.8524564719405444e-36,14.496099443860597,21.144273996098686,1.0,0.88,25,22
1110,8,ZNF35,1110,1.0,9.00895627506812,-0.32384362659868476,8.557265402324875e-14,-10.647096393311866,15.754634766735174,1.0,0.88,25,22
1117,8,ZNF35,1117,1.0,9.00895627506812,0.3992231831878841,9.599320523147249e-21,10.10508733725473,12.702073175454435,1.0,0.88,25,22
1126,8,ZNF35,1126,1.0,9.00895627506812,0.3574294696550401,1.154889383460504e-16,3.371995423094951,2.858207947877574,1.0,0.88,25,22
1133,8,ZNF35,1133,1.0,9.00895627506812,0.2760179123502413,2.7839405079257955e-10,3.649361383467312,3.1691111114678256,1.0,0.88,25,22
1129,8,ZNF35,1129,1.0,9.00895627506812,0.3931594091086128,4.085642323334592e-20,7.8025582421473,10.010926915592455,1.0,0.88,25,22
1130,8,ZNF35,1130,1.0,9.00895627506812,0.32140257504011277,1.3413156674591778e-13,11.273352157007366,16.024352996515045,1.0,0.88,25,22
1111,8,ZNF35,1111,1.0,9.00895627506812,0.18076462925795686,4.3921472719227384e-05,5.6190270795631,6.58732151563339,1.0,0.88,25,22
1127,8,ZNF35,1127,1.0,9.00895627506812,0.4390120999677608,3.310891498375172e-25,9.923521460568303,12.5100435006628,1.0,0.88,25,22
1125,8,ZNF35,1125,1.0,9.00895627506812,0.29096471758977144,2.6072345865400147e-11,8.097568827940062,10.113000630860066,1.0,0.88,25,22
1116,8,ZNF35,1116,1.0,9.00895627506812,-0.18847521398102546,2.0149773257572644e-05,-8.548806419900522,11.631695842879497,1.0,0.88,25,22
1120,8,ZNF35,1120,1.0,9.00895627506812,-0.3977419481078543,1.3711811826167493e-20,-8.156190572864723,9.971857686371333,1.0,0.88,25,22
1123,8,ZNF35,1123,1.0,9.00895627506812,0.40468708361519395,2.5365652651096915e-21,9.121655756323477,11.252260048054815,1.0,0.88,25,22
1114,8,ZNF35,1114,1.0,9.00895627506812,0.22217967138328745,4.566884451546524e-07,2.259459060671065,1.529923649060865,1.0,0.88,25,22
1124,8,ZNF35,1124,1.0,9.00895627506812,0.4976491437963673,5.893531296825244e-33,11.310826140396218,15.343219359003497,1.0,0.88,25,22
1121,8,ZNF35,1121,1.0,9.00895627506812,0.46198340330927506,4.58496534328592e-28,5.68478212830789,5.945452435341731,1.0,0.88,25,22
1113,8,ZNF35,1113,1.0,9.00895627506812,0.3716958031206848,5.4403627662609586e-18,7.925849079788542,9.277638700861363,1.0,0.88,25,22
1122,8,ZNF35,1122,1.0,9.00895627506812,0.2873414360069548,4.6896162357271626e-11,2.1685032709654903,1.4423969695663887,1.0,0.88,25,22
1132,8,ZNF35,1132,1.0,9.00895627506812,0.3199432365596808,1.7513885102267733e-13,6.704736475817429,7.419667411224742,1.0,0.88,25,22
1128,8,ZNF35,1128,1.0,9.00895627506812,0.20320370546371413,4.159853596427194e-06,9.287804471859781,11.811506894188499,1.0,0.88,25,22
1119,8,ZNF35,1119,1.0,9.00895627506812,-0.17686433239597255,6.435945194208369e-05,-5.0299267547730855,5.189834420482419,1.0,0.88,25,22
2028,8,ARID5B,2028,1.0,21.230973260236215,0.4199847935104071,5.347274462342281e-23,7.474444382291934,8.59277987959233,1.0,0.8333333333333334,12,10
2027,8,ARID5B,2027,1.0,21.230973260236215,-0.6788644702979616,1.74466379304179e-69,-10.407533216037578,15.04173594815554,1.0,0.8333333333333334,12,10
2035,8,ARID5B,2035,1.0,21.230973260236215,0.5013485510041689,1.6956923755294548e-33,7.548036049063658,9.748355388747271,1.0,0.8333333333333334,12,10
2029,8,ARID5B,2029,1.0,21.230973260236215,0.4725627221107204,1.8623536374754533e-29,7.770052216771465,9.433474443962876,1.0,0.8333333333333334,12,10
2031,8,ARID5B,2031,1.0,21.230973260236215,0.6081086369506518,2.1627002356973806e-52,7.509131878330635,8.8270854394373,1.0,0.8333333333333334,12,10
2032,8,ARID5B,2032,1.0,21.230973260236215,0.48166658280734914,1.0798294349793645e-30,10.085684801489549,12.691781385050316,1.0,0.8333333333333334,12,10
2036,8,ARID5B,2036,1.0,21.230973260236215,0.3931103048193018,4.1333414719665174e-20,5.327321701816999,5.440990158691149,1.0,0.8333333333333334,12,10
2025,8,ARID5B,2025,1.0,21.230973260236215,0.7306899944652852,2.0281968284891257e-85,14.34047988615599,20.484336367406296,1.0,0.8333333333333334,12,10
2026,8,ARID5B,2026,1.0,21.230973260236215,0.3258228928482911,5.92603446001423e-14,5.969700493425134,7.146440161134791,1.0,0.8333333333333334,12,10
2033,8,ARID5B,2033,1.0,21.230973260236215,0.3079597400733863,1.4829127632453303e-12,5.5059733508404065,5.647315313698217,1.0,0.8333333333333334,12,10
2385,8,GLI3,2385,1.0,6.593187204001554,-0.511966072383636,4.358268314932527e-35,-10.420096523491074,15.22125024814453,0.9,0.5,18,10
2390,8,GLI3,2390,1.0,6.593187204001554,-0.4329978960628983,1.710429001285604e-24,-10.018685758160585,13.146391852991083,0.9,0.5,18,10
2396,8,GLI3,2396,1.0,6.593187204001554,0.3184757916785468,2.28688288804105e-13,8.329629781604812,9.699579581979032,0.9,0.5,18,10
2401,8,GLI3,2401,1.0,6.593187204001554,0.16831794980740314,0.0001445509227592031,9.563883856670111,12.399886729422505,0.9,0.5,18,10
2389,8,GLI3,2389,1.0,6.593187204001554,-0.35714770234787463,1.2248501784886686e-16,-7.290318002951938,8.57909599124385,0.9,0.5,18,10
2384,8,GLI3,2384,1.0,6.593187204001554,0.43597350418271646,7.621519537967868e-25,14.894695359234909,22.030414974547302,0.9,0.5,18,10
2398,8,GLI3,2398,1.0,6.593187204001554,0.5437508968288134,3.3884073290030535e-40,5.105990587799935,5.347936708745282,0.9,0.5,18,10
2386,8,GLI3,2386,1.0,6.593187204001554,0.7671428012366456,4.7570240949767955e-99,4.418921064176796,4.577593876957902,0.9,0.5,18,10
2395,8,GLI3,2395,1.0,6.593187204001554,0.6287282454953571,6.436012296418882e-57,2.9290721359177727,2.300814068467299,0.9,0.5,18,10
1329,8,PKNOX1,1329,1.0,21.247340432354527,0.36333530868614816,3.321105733936481e-17,7.568763778031797,8.819929627312964,0.8666666666666667,0.6190476190476191,21,15
1338,8,PKNOX1,1338,1.0,21.247340432354527,0.10584424902117542,0.017343368724141783,7.49938306842038,8.891384154471751,0.8666666666666667,0.6190476190476191,21,15
1325,8,PKNOX1,1325,1.0,21.247340432354527,0.49807831714848516,5.104444337688395e-33,14.496940122788654,21.08322570691083,0.8666666666666667,0.6190476190476191,21,15
1335,8,PKNOX1,1335,1.0,21.247340432354527,0.5086465478846023,1.3881774265612148e-34,5.901068297265235,6.259037749628983,0.8666666666666667,0.6190476190476191,21,15
1332,8,PKNOX1,1332,1.0,21.247340432354527,0.502766239356855,1.0477446743702029e-33,9.784291301701941,12.668970085328908,0.8666666666666667,0.6190476190476191,21,15
1331,8,PKNOX1,1331,1.0,21.247340432354527,0.34208386677177044,2.612264451313292e-15,2.7857273614890707,2.0964605528712204,0.8666666666666667,0.6190476190476191,21,15
1345,8,PKNOX1,1345,1.0,21.247340432354527,-0.4211775525378626,3.924559652667217e-23,-8.643032514162071,10.996690860491864,0.8666666666666667,0.6190476190476191,21,15
1327,8,PKNOX1,1327,1.0,21.247340432354527,-0.317518863687611,2.7192955187825275e-13,-11.223614460720174,16.541318052244783,0.8666666666666667,0.6190476190476191,21,15
1342,8,PKNOX1,1342,1.0,21.247340432354527,0.2845285149632976,7.35477655067722e-11,5.360492376827177,5.543753162276743,0.8666666666666667,0.6190476190476191,21,15
1343,8,PKNOX1,1343,1.0,21.247340432354527,0.5153891165514068,1.3021670716549577e-35,9.173578362198562,11.956445784803023,0.8666666666666667,0.6190476190476191,21,15
1336,8,PKNOX1,1336,1.0,21.247340432354527,0.33398389528393835,1.265893945727435e-14,3.1577377929123416,2.5528957176081444,0.8666666666666667,0.6190476190476191,21,15
1333,8,PKNOX1,1333,1.0,21.247340432354527,0.439147952062287,3.1891174888704942e-25,8.255744986242817,9.555010949195234,0.8666666666666667,0.6190476190476191,21,15
1326,8,PKNOX1,1326,1.0,21.247340432354527,0.350603414378705,4.722890067012489e-16,6.3313627091773155,7.8149682687262185,0.8666666666666667,0.6190476190476191,21,15
368,8,NF1,368,1.0,21.06991836967916,0.33620635355461015,8.247929521227772e-15,2.134233203944799,1.4105919883458502,1.0,0.76,25,19
370,8,NF1,370,1.0,21.06991836967916,-0.16379001254162687,0.00021851058847549988,-3.174171713414536,2.616966961413381,1.0,0.76,25,19
383,8,NF1,383,1.0,21.06991836967916,0.4845259991837694,4.3370938884746315e-31,4.483962337674065,4.286953645716041,1.0,0.76,25,19
389,8,NF1,389,1.0,21.06991836967916,0.5875523887792506,3.377826411173131e-48,7.0179482996643765,8.798190625287779,1.0,0.76,25,19
387,8,NF1,387,1.0,21.06991836967916,0.472711805342025,1.7787196537796542e-29,2.790950776558773,2.108820452133262,1.0,0.76,25,19
377,8,NF1,377,1.0,21.06991836967916,0.32446334695581364,7.629533055620995e-14,2.785472589589073,2.0933820758852946,1.0,0.76,25,19
365,8,NF1,365,1.0,21.06991836967916,0.8955104516662847,5.541340065909537e-179,14.79844658457016,21.873194131433877,1.0,0.76,25,19
366,8,NF1,366,1.0,21.06991836967916,0.40401136386930625,2.9943838982127833e-21,5.724088948479255,6.7178338733837455,1.0,0.76,25,19
373,8,NF1,373,1.0,21.06991836967916,0.692342060292986,2.652122822942791e-73,6.275750554173633,7.101827084965439,1.0,0.76,25,19
382,8,NF1,382,1.0,21.06991836967916,0.6519866272341521,1.8861000887543663e-62,8.867077266551018,10.924564135468131,1.0,0.76,25,19
379,8,NF1,379,1.0,21.06991836967916,0.4883980634088254,1.2438235334482528e-31,8.573911723302526,10.737148420851605,1.0,0.76,25,19
372,8,NF1,372,1.0,21.06991836967916,-0.611683746014353,3.7500186354846475e-53,-7.111738504518756,8.197787185146645,1.0,0.76,25,19
367,8,NF1,367,1.0,21.06991836967916,-0.7963749480538117,6.327320107624882e-112,-10.274702240822982,14.976500515305576,1.0,0.76,25,19
388,8,NF1,388,1.0,21.06991836967916,0.3441642300876051,1.7287135245318888e-15,3.379334206667201,2.8210612583450323,1.0,0.76,25,19
378,8,NF1,378,1.0,21.06991836967916,0.5607160094891478,3.730446919519049e-43,8.522857031420305,10.142849885257053,1.0,0.76,25,19
369,8,NF1,369,1.0,21.06991836967916,0.4327501383678741,1.8288545330414624e-24,7.10863484227138,8.060791443811716,1.0,0.76,25,19
381,8,NF1,381,1.0,21.06991836967916,0.6139374185865792,1.2283516402803968e-53,6.698382898575712,7.455893654705649,1.0,0.76,25,19
384,8,NF1,384,1.0,21.06991836967916,-0.16018210516703849,0.00030140719134540215,-3.144524132522095,2.524078478660816,1.0,0.76,25,19
385,8,NF1,385,1.0,21.06991836967916,0.3089005484399372,1.2583137195228345e-12,3.426762081751588,2.869142228149258,1.0,0.76,25,19
3591,8,SP3,3591,1.0,21.344306515864,0.5038193260319822,7.316491444657476e-34,6.302883035033649,7.173144787073019,1.0,0.76,25,19
3581,8,SP3,3581,1.0,21.344306515864,-0.23343927560457914,1.1182194954721185e-07,-3.9158872042023707,3.6801221955199077,1.0,0.76,25,19
3601,8,SP3,3601,1.0,21.344306515864,0.5314321494261228,3.7557895425564374e-38,5.421856222885717,5.791457611925473,1.0,0.76,25,19
3588,8,SP3,3588,1.0,21.344306515864,0.4806272863311177,1.5011402092003626e-30,6.090747051875647,6.874215509817181,1.0,0.76,25,19
3594,8,SP3,3594,1.0,21.344306515864,-0.5798183234472517,1.0717583654793103e-46,-8.729657312180658,11.237290999742495,1.0,0.76,25,19
3593,8,SP3,3593,1.0,21.344306515864,-0.19624468658045935,8.896449602435557e-06,-4.9503325734494945,5.235661085483938,1.0,0.76,25,19
3595,8,SP3,3595,1.0,21.344306515864,0.44049417364096666,2.1978713129885297e-25,6.5905574142653345,7.521405775167153,1.0,0.76,25,19
3589,8,SP3,3589,1.0,21.344306515864,-0.6093739808763485,1.1662063413878976e-52,-8.73302325879563,11.171124992831734,1.0,0.76,25,19
3586,8,SP3,3586,1.0,21.344306515864,-0.3590681738981352,8.193783962426162e-17,-5.6035100910539555,5.843479698827265,1.0,0.76,25,19
3600,8,SP3,3600,1.0,21.344306515864,0.4977418549308348,5.713436630703261e-33,5.899149492881953,6.260608031014149,1.0,0.76,25,19
3584,8,SP3,3584,1.0,21.344306515864,-0.5433425951290782,3.973086418470937e-40,-7.748531193270194,9.927560164001145,1.0,0.76,25,19
3577,8,SP3,3577,1.0,21.344306515864,0.8353817369314573,7.945030480241606e-133,15.032341258534764,22.4074648320839,1.0,0.76,25,19
3590,8,SP3,3590,1.0,21.344306515864,-0.41534895725597415,1.7587339971561575e-22,-8.817599847519299,12.411359472108401,1.0,0.76,25,19
3578,8,SP3,3578,1.0,21.344306515864,-0.6667456807792582,3.1927213612723787e-66,-10.57346599208951,15.263096905159012,1.0,0.76,25,19
3583,8,SP3,3583,1.0,21.344306515864,-0.5866386949253932,5.106494020593098e-48,-8.213917553415692,10.093366887719228,1.0,0.76,25,19
3582,8,SP3,3582,1.0,21.344306515864,0.5237733711259326,6.370388705750416e-37,8.330095532679712,9.964588267243764,1.0,0.76,25,19
3598,8,SP3,3598,1.0,21.344306515864,-0.2502239043780155,1.1975602601862112e-08,-3.579144191422133,3.069616307394547,1.0,0.76,25,19
3579,8,SP3,3579,1.0,21.344306515864,0.22724906030975772,2.4456294458801043e-07,4.56556677800917,4.792475581408024,1.0,0.76,25,19
3599,8,SP3,3599,1.0,21.344306515864,0.5597327124016751,5.596211459280654e-43,8.422093621794023,10.473690654975108,1.0,0.76,25,19
2249,8,ZBTB7B,2249,1.0,2.084048993160412,0.46980002348060906,4.3458758001038466e-29,6.5952518949578804,7.423517673770885,0.75,0.5,12,8
2252,8,ZBTB7B,2252,1.0,2.084048993160412,0.27918919221114663,1.7043343225552552e-10,5.419838628618309,5.708032864247926,0.75,0.5,12,8
2242,8,ZBTB7B,2242,1.0,2.084048993160412,0.2538499812714191,7.2311274049644175e-09,14.63269627290556,21.500556479697273,0.75,0.5,12,8
2247,8,ZBTB7B,2247,1.0,2.084048993160412,0.27636471721706335,2.6392952122151107e-10,9.74006778596886,12.14436960968074,0.75,0.5,12,8
2246,8,ZBTB7B,2246,1.0,2.084048993160412,-0.3575311257833859,1.1306257619757653e-16,-3.12624483579776,2.579132691625698,0.75,0.5,12,8
2250,8,ZBTB7B,2250,1.0,2.084048993160412,0.15537463684256628,0.00045787467292142696,4.689725498043486,4.532012431816608,0.75,0.5,12,8
4710,8,ETV3,4710,1.0,21.231053106967426,-0.6025090707828548,3.218116423856009e-51,-8.640959945727099,10.78702477752644,1.0,0.9333333333333333,15,14
4718,8,ETV3,4718,1.0,21.231053106967426,0.4538887429115583,4.937774378720713e-27,6.844120506995549,7.853757403615634,1.0,0.9333333333333333,15,14
4711,8,ETV3,4711,1.0,21.231053106967426,0.5182277544524639,4.732077811515554e-36,7.641735297407546,8.942273106834914,1.0,0.9333333333333333,15,14
4716,8,ETV3,4716,1.0,21.231053106967426,-0.21840917010955757,7.198531293865742e-07,-6.2996681001470085,7.254379383239469,1.0,0.9333333333333333,15,14
4708,8,ETV3,4708,1.0,21.231053106967426,-0.5645944097515342,7.434848515388132e-44,-4.310561055552786,4.155236155444988,1.0,0.9333333333333333,15,14
4714,8,ETV3,4714,1.0,21.231053106967426,0.36572408793674405,1.9913299922661233e-17,3.599515001436808,3.0941193345748026,1.0,0.9333333333333333,15,14
4705,8,ETV3,4705,1.0,21.231053106967426,0.8007825006103096,4.745866304726175e-114,13.826198234658353,19.690276197681087,1.0,0.9333333333333333,15,14
4707,8,ETV3,4707,1.0,21.231053106967426,-0.6433920721264674,2.377929720226e-60,-8.159435875140932,10.855017043790424,1.0,0.9333333333333333,15,14
4709,8,ETV3,4709,1.0,21.231053106967426,-0.5199361551061941,2.561367021647497e-36,-8.919843055468661,11.359109105987972,1.0,0.9333333333333333,15,14
4713,8,ETV3,4713,1.0,21.231053106967426,0.31364325873581156,5.44913013235068e-13,5.3913684858035715,5.722647436119998,1.0,0.9333333333333333,15,14
4706,8,ETV3,4706,1.0,21.231053106967426,-0.691018201199002,6.425861134930362e-73,-10.812331660920988,16.261464052651156,1.0,0.9333333333333333,15,14
4712,8,ETV3,4712,1.0,21.231053106967426,0.5444999468890989,2.528843400145565e-40,9.718227163266514,11.971821617234216,1.0,0.9333333333333333,15,14
4719,8,ETV3,4719,1.0,21.231053106967426,0.3683575500407184,1.1274224372383012e-17,3.1916782028949138,2.634805367048456,1.0,0.9333333333333333,15,14
4717,8,ETV3,4717,1.0,21.231053106967426,-0.3993793478726755,9.244191953845114e-21,-7.701136252351972,9.142746256282537,1.0,0.9333333333333333,15,14
137,8,NFAT5,137,1.0,21.29765752475841,0.37998930327815394,8.5773217992657415e-19,2.420497773642819,1.6991650511773535,1.0,0.9130434782608695,23,21
134,8,NFAT5,134,1.0,21.29765752475841,0.7517958938751019,5.066830280727553e-93,14.38182043608975,20.973726447802047,1.0,0.9130434782608695,23,21
136,8,NFAT5,136,1.0,21.29765752475841,-0.6998146709080847,1.6387450204466136e-75,-10.524174655083087,15.295225266027716,1.0,0.9130434782608695,23,21
146,8,NFAT5,146,1.0,21.29765752475841,0.5115155614940377,5.104125965082401e-35,8.284368717498285,10.424451347725471,1.0,0.9130434782608695,23,21
151,8,NFAT5,151,1.0,21.29765752475841,0.2465236585770379,1.9877836663113654e-08,5.938551430779498,6.427716222303826,1.0,0.9130434782608695,23,21
150,8,NFAT5,150,1.0,21.29765752475841,0.544066953279179,2.995137454890284e-40,4.605866157165786,4.565111863012967,1.0,0.9130434782608695,23,21
156,8,NFAT5,156,1.0,21.29765752475841,0.3171871534979585,2.887123397335003e-13,4.7889519174191495,4.717460095905725,1.0,0.9130434782608695,23,21
145,8,NFAT5,145,1.0,21.29765752475841,0.26829791674819664,8.955528428939494e-10,2.3141704015533437,1.5906851311057335,1.0,0.9130434782608695,23,21
152,8,NFAT5,152,1.0,21.29765752475841,0.6587951652308089,3.649821675906829e-64,5.898830971899507,6.225556036531211,1.0,0.9130434782608695,23,21
144,8,NFAT5,144,1.0,21.29765752475841,0.1639551222202966,0.00021528321640159795,6.007579921387186,6.678663706657253,1.0,0.9130434782608695,23,21
155,8,NFAT5,155,1.0,21.29765752475841,0.483390450846327,6.236916082845706e-31,8.811999553720677,10.657388446499708,1.0,0.9130434782608695,23,21
149,8,NFAT5,149,1.0,21.29765752475841,0.41997053742641355,5.367040946099519e-23,3.1729446050598473,2.575054992867698,1.0,0.9130434782608695,23,21
142,8,NFAT5,142,1.0,21.29765752475841,-0.5158288189067356,1.113887712123654e-35,-2.067904832171641,1.359242494191072,1.0,0.9130434782608695,23,21
138,8,NFAT5,138,1.0,21.29765752475841,0.3963754139389095,1.902252117782144e-20,8.073424137234053,9.599879219757074,1.0,0.9130434782608695,23,21
154,8,NFAT5,154,1.0,21.29765752475841,0.43915177232008923,3.1857578688686206e-25,3.1816976190226574,2.5553957959811204,1.0,0.9130434782608695,23,21
153,8,NFAT5,153,1.0,21.29765752475841,0.1644939649244428,0.00020505831554561393,6.66330380544537,7.553030013725563,1.0,0.9130434782608695,23,21
148,8,NFAT5,148,1.0,21.29765752475841,0.6078173655874906,2.492112738668531e-52,10.161045490741394,13.528001125526878,1.0,0.9130434782608695,23,21
143,8,NFAT5,143,1.0,21.29765752475841,-0.2545805822818307,6.526034323186237e-09,-8.577162592417679,11.601730999235242,1.0,0.9130434782608695,23,21
135,8,NFAT5,135,1.0,21.29765752475841,0.5161756237735575,9.846366628610701e-36,5.931315428922065,7.18989751581613,1.0,0.9130434782608695,23,21
147,8,NFAT5,147,1.0,21.29765752475841,0.4633246865059178,3.073416484320092e-28,3.1818485714102156,2.5824212252260903,1.0,0.9130434782608695,23,21
141,8,NFAT5,141,1.0,21.29765752475841,0.3866411175279019,1.8753005937739955e-19,3.1110977657492875,2.4935579204966,1.0,0.9130434782608695,23,21
1697,8,SP4,1697,1.0,21.39519348639192,-0.6624137879626474,4.298943396214146e-65,-10.538019576153282,15.312759507417727,1.0,0.88,25,22
1715,8,SP4,1715,1.0,21.39519348639192,-0.36935957570912376,9.067415894963691e-18,-8.819725152727482,12.032251516717967,1.0,0.88,25,22
1698,8,SP4,1698,1.0,21.39519348639192,0.32159740818802385,1.2942443045021775e-13,4.599549342959403,4.846453845667963,1.0,0.88,25,22
1711,8,SP4,1711,1.0,21.39519348639192,0.6284215999239677,7.558505180713502e-57,7.878765384139204,9.933842824581452,1.0,0.88,25,22
1704,8,SP4,1704,1.0,21.39519348639192,0.5659930899922292,4.134036785920884e-44,8.188281360263188,10.265025866462832,1.0,0.88,25,22
1703,8,SP4,1703,1.0,21.39519348639192,-0.598339212803268,2.3219557260872357e-50,-8.024025685347505,9.796574476863945,1.0,0.88,25,22
1701,8,SP4,1701,1.0,21.39519348639192,-0.5058421059497256,3.657803944616178e-34,-10.291669045504444,13.671846804487158,1.0,0.88,25,22
1710,8,SP4,1710,1.0,21.39519348639192,-0.27618917171220236,2.71157248464553e-10,-8.5944578011842,12.073414886603906,1.0,0.88,25,22
1713,8,SP4,1713,1.0,21.39519348639192,-0.33582712308497936,8.875619904320882e-15,-3.0708651603072536,2.4820389119963715,1.0,0.88,25,22
1719,8,SP4,1719,1.0,21.39519348639192,0.6004833092004854,8.435790044898591e-51,6.848622025931597,8.308423952923844,1.0,0.88,25,22
1720,8,SP4,1720,1.0,21.39519348639192,0.6032256952403315,2.2846941133290868e-51,12.055861764206554,17.825692635721328,1.0,0.88,25,22
1700,8,SP4,1700,1.0,21.39519348639192,0.5104654564835366,7.369584957496028e-35,7.9584826967793765,9.33335513846477,1.0,0.88,25,22
1706,8,SP4,1706,1.0,21.39519348639192,0.2588001036128458,3.585854849774812e-09,2.2562584374815526,1.5440699203770922,1.0,0.88,25,22
1708,8,SP4,1708,1.0,21.39519348639192,-0.5537445048852713,6.426104785632705e-42,-5.2963253152995335,5.608551158136575,1.0,0.88,25,22
1709,8,SP4,1709,1.0,21.39519348639192,0.40890129385609375,8.934981646570253e-22,3.1322962002539003,2.5031230805636233,1.0,0.88,25,22
1707,8,SP4,1707,1.0,21.39519348639192,0.6187302581189796,1.110145309608602e-54,10.610177813901576,13.674671565363106,1.0,0.88,25,22
1718,8,SP4,1718,1.0,21.39519348639192,0.21518953137549782,1.0549639934641855e-06,3.1444551280451467,2.5111713953898467,1.0,0.88,25,22
1702,8,SP4,1702,1.0,21.39519348639192,-0.6340343972285428,3.872354462021385e-58,-8.524721829466195,11.412209781146222,1.0,0.88,25,22
1705,8,SP4,1705,1.0,21.39519348639192,0.3888162418726345,1.1320531034721865e-19,7.966734356501047,9.591603043143962,1.0,0.88,25,22
1717,8,SP4,1717,1.0,21.39519348639192,-0.3532735882283881,2.7334039705674127e-16,-2.984461571039506,2.381516915327375,1.0,0.88,25,22
1712,8,SP4,1712,1.0,21.39519348639192,-0.3935971547465306,3.6837060899957243e-20,-7.18656437592339,8.196105348874715,1.0,0.88,25,22
1696,8,SP4,1696,1.0,21.39519348639192,0.8104248313030062,6.848719044465635e-119,14.704761200260531,21.657610665903775,1.0,0.88,25,22
7749,8,FOXC2,7749,-1.0,4.092309831038084,-0.21869680756895568,6.954900053985124e-07,8.569493603077866,10.589311379102181,0.2777777777777778,0.2,25,18
7750,8,FOXC2,7750,-1.0,4.092309831038084,0.346965410826797,9.866840524108675e-16,-8.594261325946562,12.115758868769532,0.2777777777777778,0.2,25,18
7762,8,FOXC2,7762,-1.0,4.092309831038084,0.3339255664696905,1.2801475855520362e-14,-7.27864714545207,8.486485135630193,0.2777777777777778,0.2,25,18
7757,8,FOXC2,7757,-1.0,4.092309831038084,-0.17887388117693762,5.29121300816919e-05,2.7024352777151717,2.033445263773925,0.2777777777777778,0.2,25,18
7741,8,FOXC2,7741,-1.0,4.092309831038084,0.4660437782908726,1.3586066067470485e-28,-3.770635393707562,3.4916667379413053,0.2777777777777778,0.2,25,18
3893,8,ARNT,3893,1.0,21.33887946832106,0.4663409198062664,1.2421039425095467e-28,4.338461572724481,4.342776888478904,1.0,0.7272727272727273,11,8
3897,8,ARNT,3897,1.0,21.33887946832106,0.35649080435993913,1.4045359772721767e-16,9.119135296775429,11.138165378233532,1.0,0.7272727272727273,11,8
3892,8,ARNT,3892,1.0,21.33887946832106,-0.6987119208815292,3.506052329964837e-75,-10.794068522271616,15.762224029111811,1.0,0.7272727272727273,11,8
3901,8,ARNT,3901,1.0,21.33887946832106,0.6304152154345871,2.6491919768911117e-57,9.663732630202515,13.874838807052292,1.0,0.7272727272727273,11,8
3898,8,ARNT,3898,1.0,21.33887946832106,-0.6467732798124534,3.613029643233376e-61,-8.778902401737849,10.816078189928074,1.0,0.7272727272727273,11,8
3891,8,ARNT,3891,1.0,21.33887946832106,0.8002705860648178,8.430336956381073e-114,14.831395575284768,21.86405898563638,1.0,0.7272727272727273,11,8
3900,8,ARNT,3900,1.0,21.33887946832106,-0.21897419555620165,6.72746592651686e-07,-2.045274830098989,1.3350499028442517,1.0,0.7272727272727273,11,8
3895,8,ARNT,3895,1.0,21.33887946832106,0.5311626814855399,4.154261065818029e-38,8.479984378131945,10.133981823406119,1.0,0.7272727272727273,11,8
315,8,EBF1,315,1.0,2.1836546361854396,0.2531901016188576,7.9310444656489e-09,14.371161112175535,20.984958179834706,0.75,0.48,25,16
330,8,EBF1,330,1.0,2.1836546361854396,-0.17591756070016942,7.052841584984757e-05,-7.800049999657446,9.310151370173173,0.75,0.48,25,16
338,8,EBF1,338,1.0,2.1836546361854396,-0.37151485334868894,5.66077648982389e-18,-2.330701831970428,1.6141188795831953,0.75,0.48,25,16
324,8,EBF1,324,1.0,2.1836546361854396,-0.3913760941311523,6.220007361555004e-20,-10.39199248403817,13.780841658309834,0.75,0.48,25,16
322,8,EBF1,322,1.0,2.1836546361854396,-0.41830397325446833,8.251556793382451e-23,-7.328555215981064,8.989863792194702,0.75,0.48,25,16
317,8,EBF1,317,1.0,2.1836546361854396,-0.44603214979883093,4.669803960132133e-26,-10.265614089111008,14.790856595397994,0.75,0.48,25,16
316,8,EBF1,316,1.0,2.1836546361854396,0.763372672670994,1.5865532168069274e-97,5.005379445388174,5.560677779548836,0.75,0.48,25,16
336,8,EBF1,336,1.0,2.1836546361854396,0.17582829711542586,7.113795834937163e-05,7.053156162883443,8.053622051542282,0.75,0.48,25,16
325,8,EBF1,325,1.0,2.1836546361854396,-0.4117812091768184,4.342014379807016e-22,-7.541233573200002,9.123832245870608,0.75,0.48,25,16
332,8,EBF1,332,1.0,2.1836546361854396,0.2613986243344832,2.466725075495121e-09,3.5979427640468282,3.082193246666249,0.75,0.48,25,16
328,8,EBF1,328,1.0,2.1836546361854396,0.292296589907438,2.0967379184868093e-11,11.800626043652928,16.48719077977041,0.75,0.48,25,16
335,8,EBF1,335,1.0,2.1836546361854396,-0.2617191532817878,2.3548143880290503e-09,-2.6118464217259767,1.9353918406408483,0.75,0.48,25,16
2002,8,IRF7,2002,-1.0,15.474977804387022,0.594403042788751,1.4606258098520481e-49,-10.45811836330679,15.32082226662596,0.96,0.96,25,25
2003,8,IRF7,2003,-1.0,15.474977804387022,-0.2713739696951062,5.647046499460147e-10,8.264006017943633,9.829982702044884,0.96,0.96,25,25
2021,8,IRF7,2021,-1.0,15.474977804387022,-0.17955612331419482,4.948423777232638e-05,5.606115929750883,5.860711789368461,0.96,0.96,25,25
2000,8,IRF7,2000,-1.0,15.474977804387022,-0.46314643886748924,3.241539108597303e-28,14.557374953902283,21.32353727808446,0.96,0.96,25,25
2022,8,IRF7,2022,-1.0,15.474977804387022,-0.28567384688779446,6.127155059400703e-11,7.338308512590272,8.56523812057446,0.96,0.96,25,25
2012,8,IRF7,2012,-1.0,15.474977804387022,-0.2187213131251014,6.934513854194902e-07,7.717570545321348,8.82580092196117,0.96,0.96,25,25
2018,8,IRF7,2018,-1.0,15.474977804387022,0.3677853499635679,1.2763237994009799e-17,-6.913196738568727,7.860008549210975,0.96,0.96,25,25
2004,8,IRF7,2004,-1.0,15.474977804387022,-0.26452452698686024,1.5642884714598789e-09,2.595973464457109,1.9013899417307845,0.96,0.96,25,25
2024,8,IRF7,2024,-1.0,15.474977804387022,-0.01312016294797182,0.768665429189284,4.185090225012238,3.905958170984587,0.96,0.96,25,25
2001,8,IRF7,2001,-1.0,15.474977804387022,-0.3510925937314229,4.2743057240565324e-16,6.329877487141885,7.875994914005781,0.96,0.96,25,25
2011,8,IRF7,2011,-1.0,15.474977804387022,-0.4085459167034717,9.762400348559887e-22,8.753286289310433,10.787520045678548,0.96,0.96,25,25
2009,8,IRF7,2009,-1.0,15.474977804387022,-0.48601394300920786,2.6888747600991657e-31,10.717385596495042,15.159363436790041,0.96,0.96,25,25
2017,8,IRF7,2017,-1.0,15.474977804387022,-0.2894577656523417,3.3316636022461816e-11,2.713415074531925,2.011959373807362,0.96,0.96,25,25
2008,8,IRF7,2008,-1.0,15.474977804387022,-0.29120492794621083,2.5069664781457775e-11,9.96140239276463,12.684459650963454,0.96,0.96,25,25
2005,8,IRF7,2005,-1.0,15.474977804387022,-0.2812034930201095,1.2438749473664764e-10,9.919977573823365,12.529737913428995,0.96,0.96,25,25
2010,8,IRF7,2010,-1.0,15.474977804387022,-0.1888363681088606,1.9412437025445248e-05,6.53270757203654,7.341858329914128,0.96,0.96,25,25
2014,8,IRF7,2014,-1.0,15.474977804387022,-0.2212609459703735,5.106171550205194e-07,8.564363023664756,10.415119594102586,0.96,0.96,25,25
2023,8,IRF7,2023,-1.0,15.474977804387022,-0.32440883839936796,7.707012216225021e-14,10.689806435490846,15.323932451595658,0.96,0.96,25,25
2007,8,IRF7,2007,-1.0,15.474977804387022,-0.38854696028609076,1.2052942347373627e-19,11.407728732998592,15.56080910932876,0.96,0.96,25,25
2006,8,IRF7,2006,-1.0,15.474977804387022,0.45945038603239213,9.71195016083751e-28,-4.5190465684936845,4.412426728507799,0.96,0.96,25,25
2016,8,IRF7,2016,-1.0,15.474977804387022,-0.4244768576236506,1.6572272284009284e-23,5.714900130454577,6.039930008555396,0.96,0.96,25,25
2019,8,IRF7,2019,-1.0,15.474977804387022,-0.3109334846528132,8.806251410761168e-13,7.616212370547687,9.126486771694012,0.96,0.96,25,25
2020,8,IRF7,2020,-1.0,15.474977804387022,0.33568418953696616,9.12416462664539e-15,-3.8855230988572336,3.4886674096498145,0.96,0.96,25,25
2015,8,IRF7,2015,-1.0,15.474977804387022,-0.43468458647106956,1.0827676999854812e-24,12.84240998457695,19.081941940744677,0.96,0.96,25,25
5616,8,PKNOX2,5616,1.0,5.7534355846789165,0.31474498381515176,4.476724173182892e-13,5.174855828544169,5.337575107321354,0.7142857142857143,0.5,10,7
5614,8,PKNOX2,5614,1.0,5.7534355846789165,0.3174984579203262,2.729338034237301e-13,5.3703557000360505,6.099786422531656,0.7142857142857143,0.5,10,7
5617,8,PKNOX2,5617,1.0,5.7534355846789165,0.2828583168875894,9.584718166518396e-11,6.334026370585654,7.021951975515929,0.7142857142857143,0.5,10,7
5618,8,PKNOX2,5618,1.0,5.7534355846789165,0.5411465059549434,9.31841394320721e-40,2.494399814578967,1.7759761039173072,0.7142857142857143,0.5,10,7
5613,8,PKNOX2,5613,1.0,5.7534355846789165,-0.2158356208291637,9.775308918889326e-07,-10.653823268952557,15.56303034157444,0.7142857142857143,0.5,10,7
3206,8,E2F8,3206,1.0,1.6648322460869291,0.3521096756906207,3.4714263757304194e-16,2.3199306131099253,1.5966630446580623,0.8,0.6666666666666666,6,5
3208,8,E2F8,3208,1.0,1.6648322460869291,-0.29409533253236825,1.5593693923124103e-11,-8.1541420173466,10.202143409548825,0.8,0.6666666666666666,6,5
3205,8,E2F8,3205,1.0,1.6648322460869291,0.43092886379310763,2.9865464603965876e-24,14.881890332495942,22.296708300209396,0.8,0.6666666666666666,6,5
3207,8,E2F8,3207,1.0,1.6648322460869291,0.8047584293699195,5.165804821122128e-116,2.272496508177505,1.542423661887714,0.8,0.6666666666666666,6,5
7023,8,FOXM1,7023,1.0,1.5937745297277022,-0.2534872431342513,7.60810538291586e-09,-2.8143243721565594,2.19478195187952,0.6666666666666666,0.5,4,3
7021,8,FOXM1,7021,1.0,1.5937745297277022,0.17573353608652795,7.17904755392473e-05,7.295619050111377,8.44151949825857,0.6666666666666666,0.5,4,3
1147,8,ELK1,1147,1.0,1.4674859006565417,0.38290537128246993,4.423367382192911e-19,3.640855594161442,3.188518073963259,0.8636363636363636,0.76,25,22
1134,8,ELK1,1134,1.0,1.4674859006565417,0.48118215548262916,1.2592176381167363e-30,14.317992045031685,20.81170360798337,0.8636363636363636,0.76,25,22
1158,8,ELK1,1158,1.0,1.4674859006565417,0.5496438774312215,3.3233056613492085e-41,7.150375186050273,8.53357233766968,0.8636363636363636,0.76,25,22
1150,8,ELK1,1150,1.0,1.4674859006565417,0.6770654084041946,5.444255140341437e-69,9.23558278160442,12.864784855967326,0.8636363636363636,0.76,25,22
1149,8,ELK1,1149,1.0,1.4674859006565417,0.29262308218399485,1.9873291993896175e-11,2.522960010839967,1.8110909381949916,0.8636363636363636,0.76,25,22
1157,8,ELK1,1157,1.0,1.4674859006565417,0.30286137309383115,3.5745858759367587e-12,8.982621591298264,11.574636667978531,0.8636363636363636,0.76,25,22
1143,8,ELK1,1143,1.0,1.4674859006565417,0.5407676481933908,1.078782617844115e-39,10.686890234242844,14.129050004708303,0.8636363636363636,0.76,25,22
1137,8,ELK1,1137,1.0,1.4674859006565417,0.4484066729654333,2.3826482522746694e-26,10.627831690345644,13.669793592160254,0.8636363636363636,0.76,25,22
1141,8,ELK1,1141,1.0,1.4674859006565417,0.21689578895777784,8.62152818136494e-07,2.426224567785825,1.7265851148604288,0.8636363636363636,0.76,25,22
1140,8,ELK1,1140,1.0,1.4674859006565417,-0.20246770018616772,4.513776156691577e-06,-3.5132119978723346,3.097598224099652,0.8636363636363636,0.76,25,22
1135,8,ELK1,1135,1.0,1.4674859006565417,-0.20249872813368294,4.498292102031566e-06,-7.610613729114208,9.880298896524828,0.8636363636363636,0.76,25,22
1142,8,ELK1,1142,1.0,1.4674859006565417,0.6550543874263204,3.229194759114408e-63,3.372820301690297,2.7941762363880702,0.8636363636363636,0.76,25,22
1146,8,ELK1,1146,1.0,1.4674859006565417,0.5645928257422017,7.439780257770116e-44,7.677938596635084,8.888029853897061,0.8636363636363636,0.76,25,22
1138,8,ELK1,1138,1.0,1.4674859006565417,-0.298355705135731,7.66916723977444e-12,-8.334073808039433,10.283359194765417,0.8636363636363636,0.76,25,22
1145,8,ELK1,1145,1.0,1.4674859006565417,0.2198609612514047,6.047340892061842e-07,2.404431723118444,1.6927915090955201,0.8636363636363636,0.76,25,22
1136,8,ELK1,1136,1.0,1.4674859006565417,0.5020478445360065,1.3376184923875144e-33,2.301137446464878,1.5719220213210232,0.8636363636363636,0.76,25,22
1144,8,ELK1,1144,1.0,1.4674859006565417,0.2178168437961809,7.726316481055901e-07,9.238794407109587,11.800279889859068,0.8636363636363636,0.76,25,22
1154,8,ELK1,1154,1.0,1.4674859006565417,-0.36239086641583423,4.060660141134226e-17,-6.743764402180813,7.905077742936305,0.8636363636363636,0.76,25,22
1139,8,ELK1,1139,1.0,1.4674859006565417,-0.2917990246229592,2.2748690751294836e-11,-7.205459267503703,8.28946397108003,0.8636363636363636,0.76,25,22
5230,8,TCF4,5230,1.0,21.313866681381388,0.5578479276499079,1.2130193609791873e-42,14.6948964742612,21.63301663218258,0.9411764705882353,0.64,25,17
5232,8,TCF4,5232,1.0,21.313866681381388,0.8337570092412969,7.53242209915692e-132,5.801164563818052,6.946231303310683,0.9411764705882353,0.64,25,17
5231,8,TCF4,5231,1.0,21.313866681381388,-0.6237743960731479,8.453626432553884e-56,-10.9053609468567,16.12855318675141,0.9411764705882353,0.64,25,17
5237,8,TCF4,5237,1.0,21.313866681381388,0.5629247707379434,1.4926698096907234e-43,6.598991235466996,7.503261047243401,0.9411764705882353,0.64,25,17
5240,8,TCF4,5240,1.0,21.313866681381388,0.2343338681694257,9.968220102857105e-08,7.747703547712763,9.207794984772518,0.9411764705882353,0.64,25,17
5244,8,TCF4,5244,1.0,21.313866681381388,0.18933672870392632,1.843312928402019e-05,9.761850941129381,12.384804667000319,0.9411764705882353,0.64,25,17
5243,8,TCF4,5243,1.0,21.313866681381388,0.6269961778786575,1.5920660475930974e-56,3.329570046866008,2.793498818763777,0.9411764705882353,0.64,25,17
5245,8,TCF4,5245,1.0,21.313866681381388,0.33568260552763357,9.126956937656626e-15,7.962021409097137,9.436152523973998,0.9411764705882353,0.64,25,17
5247,8,TCF4,5247,1.0,21.313866681381388,0.42296534001226216,2.4627690183564372e-23,7.8662164713146145,10.137638721440773,0.9411764705882353,0.64,25,17
5252,8,TCF4,5252,1.0,21.313866681381388,0.47505231889648597,8.620710404303275e-30,5.328180198893416,5.445039998906534,0.9411764705882353,0.64,25,17
5249,8,TCF4,5249,1.0,21.313866681381388,0.8324570966413414,4.47611310175146e-131,3.8912525508318114,3.5326898056190807,0.9411764705882353,0.64,25,17
5242,8,TCF4,5242,1.0,21.313866681381388,-0.4686435103137644,6.182187260303988e-29,-8.52464239078616,10.392170369421553,0.9411764705882353,0.64,25,17
5253,8,TCF4,5253,1.0,21.313866681381388,0.6730925266439689,6.530593115144406e-68,4.850464032442461,4.938700141822838,0.9411764705882353,0.64,25,17
5248,8,TCF4,5248,1.0,21.313866681381388,0.451037060227762,1.1236688098757968e-26,3.394035037625423,2.8153590107258033,0.9411764705882353,0.64,25,17
5246,8,TCF4,5246,1.0,21.313866681381388,-0.29002530687851397,3.0383151492692553e-11,-8.36376496188455,9.9409937182083,0.9411764705882353,0.64,25,17
5238,8,TCF4,5238,1.0,21.313866681381388,-0.4681733390730378,7.131858946947075e-29,-7.7085232108038095,9.973767503176418,0.9411764705882353,0.64,25,17
969,8,BCL6,969,1.0,2.9779661770993338,-0.27030970177763125,6.628238245979533e-10,-8.515358237859228,11.47447900238528,0.8947368421052632,0.68,25,19
975,8,BCL6,975,1.0,2.9779661770993338,0.1975664957800128,7.716047775542784e-06,10.492703781864643,13.687227761992402,0.8947368421052632,0.68,25,19
978,8,BCL6,978,1.0,2.9779661770993338,0.5506239133230093,2.248609227668049e-41,3.685063589911348,3.2700657272152966,0.8947368421052632,0.68,25,19
986,8,BCL6,986,1.0,2.9779661770993338,0.1913475819631653,1.495067046621665e-05,6.805138699773507,7.614220107171573,0.8947368421052632,0.68,25,19
971,8,BCL6,971,1.0,2.9779661770993338,-0.35143874635910805,3.982447831731544e-16,-5.5444842897759194,6.041862842875328,0.8947368421052632,0.68,25,19
984,8,BCL6,984,1.0,2.9779661770993338,0.45772884741890346,1.6117506560336741e-27,4.5800542159590165,4.610644501248104,0.8947368421052632,0.68,25,19
964,8,BCL6,964,1.0,2.9779661770993338,-0.3020435583931064,4.109867196409266e-12,-10.523870206520106,15.446977776859669,0.8947368421052632,0.68,25,19
982,8,BCL6,982,1.0,2.9779661770993338,-0.29474313891016435,1.4009238547598175e-11,-4.456018607264247,4.346242621640625,0.8947368421052632,0.68,25,19
977,8,BCL6,977,1.0,2.9779661770993338,0.30611287836858225,2.0435889335784684e-12,8.134281851886914,10.263909270004213,0.8947368421052632,0.68,25,19
970,8,BCL6,970,1.0,2.9779661770993338,0.3557397975822427,1.6418389121369433e-16,2.299796148498426,1.5851450472666073,0.8947368421052632,0.68,25,19
985,8,BCL6,985,1.0,2.9779661770993338,0.40143241032177757,5.621176700163075e-21,2.6064792289981136,1.9119285473809238,0.8947368421052632,0.68,25,19
976,8,BCL6,976,1.0,2.9779661770993338,0.42729015137538606,7.88585953985298e-24,5.7073820769565025,6.438862848772735,0.8947368421052632,0.68,25,19
974,8,BCL6,974,1.0,2.9779661770993338,-0.21369711505312028,1.2569667622488559e-06,-8.055979701276643,9.73702177387289,0.8947368421052632,0.68,25,19
973,8,BCL6,973,1.0,2.9779661770993338,0.2797699645740972,1.5567962388388921e-10,2.3566850212492616,1.6319824767601092,0.8947368421052632,0.68,25,19
963,8,BCL6,963,1.0,2.9779661770993338,0.44119029915413915,1.8118428239114293e-25,5.771374970109074,6.835594639270485,0.8947368421052632,0.68,25,19
980,8,BCL6,980,1.0,2.9779661770993338,0.24111482576829113,4.1090582420634285e-08,3.14969942387735,2.519216234861177,0.8947368421052632,0.68,25,19
962,8,BCL6,962,1.0,2.9779661770993338,0.18149532344538805,4.085071089490613e-05,14.505466762280717,21.179281763543457,0.8947368421052632,0.68,25,19
1633,8,MEF2D,1633,1.0,5.832471089675477,0.3666527832907515,1.6303390299949473e-17,5.9766200166379075,6.3613854895745545,0.8888888888888888,0.64,25,18
1624,8,MEF2D,1624,1.0,5.832471089675477,0.5759972270518978,5.717777632892374e-46,8.207053556240124,10.316998274460818,0.8888888888888888,0.64,25,18
1636,8,MEF2D,1636,1.0,5.832471089675477,0.7551690883374053,2.62017940704104e-94,5.6958814769840425,6.263237963231196,0.8888888888888888,0.64,25,18
1620,8,MEF2D,1620,1.0,5.832471089675477,-0.41860269877919476,7.640630674186498e-23,-8.315590031938104,11.135389706812012,0.8888888888888888,0.64,25,18
1614,8,MEF2D,1614,1.0,5.832471089675477,0.5442738994396336,2.762509498026756e-40,4.75834013112991,5.018745106819013,0.8888888888888888,0.64,25,18
1635,8,MEF2D,1635,1.0,5.832471089675477,0.40547554755475557,2.0890684399775732e-21,7.946544127163472,9.3712649042893,0.8888888888888888,0.64,25,18
1621,8,MEF2D,1621,1.0,5.832471089675477,0.2894397824875656,3.3413965834008955e-11,10.561324598721704,13.547060914285272,0.8888888888888888,0.64,25,18
1615,8,MEF2D,1615,1.0,5.832471089675477,-0.4792831146468685,2.2947222480050745e-30,-10.168580318332742,14.751170016610494,0.8888888888888888,0.64,25,18
1627,8,MEF2D,1627,1.0,5.832471089675477,0.40341437870495134,3.466054718064242e-21,3.9368174031433396,3.5256243876052835,0.8888888888888888,0.64,25,18
1618,8,MEF2D,1618,1.0,5.832471089675477,-0.517256943085613,6.696775809825989e-36,-6.084383945599693,6.854738566578088,0.8888888888888888,0.64,25,18
1629,8,MEF2D,1629,1.0,5.832471089675477,0.36046955627239746,6.09999795835342e-17,9.834908397579177,12.268503811618341,0.8888888888888888,0.64,25,18
1625,8,MEF2D,1625,1.0,5.832471089675477,0.31806478784524417,2.463660782925743e-13,7.8925928840058965,9.213521670679642,0.8888888888888888,0.64,25,18
1637,8,MEF2D,1637,1.0,5.832471089675477,0.45580613962017336,2.8282773642705904e-27,4.698117676228536,4.648055454534435,0.8888888888888888,0.64,25,18
1613,8,MEF2D,1613,1.0,5.832471089675477,0.4668372737894908,1.0691368097344047e-28,14.929156353734376,22.04719946568154,0.8888888888888888,0.64,25,18
1619,8,MEF2D,1619,1.0,5.832471089675477,0.32634841123863945,5.372789438637846e-14,2.393333315905493,1.6702041094214932,0.8888888888888888,0.64,25,18
1634,8,MEF2D,1634,1.0,5.832471089675477,0.2094713508617943,2.0503477070621574e-06,7.26463632792947,8.534854535067067,0.8888888888888888,0.64,25,18
2988,8,IRF6,2988,1.0,4.957514660581621,0.34574516457856974,1.2605840720497907e-15,14.389939545826824,20.753390254911835,1.0,0.6,5,3
2991,8,IRF6,2991,1.0,4.957514660581621,0.22168639224170866,4.849233695518078e-07,6.90485472483146,7.644134799418955,1.0,0.6,5,3
2992,8,IRF6,2992,1.0,4.957514660581621,0.4918762683721789,3.995349157170197e-32,4.606317100661537,4.455171239754069,1.0,0.6,5,3
1023,8,ATF1,1023,1.0,21.38406499765082,-0.16582360099363974,0.00018173992956873667,-2.8953459854865806,2.2768612475829206,1.0,0.8333333333333334,24,20
1030,8,ATF1,1030,1.0,21.38406499765082,0.3699987700633418,7.887928577579731e-18,4.389875451899241,4.116260018167307,1.0,0.8333333333333334,24,20
1032,8,ATF1,1032,1.0,21.38406499765082,0.5126119754832628,3.473536510013324e-35,5.510680233795206,5.666353554712486,1.0,0.8333333333333334,24,20
1017,8,ATF1,1017,1.0,21.38406499765082,-0.5202545409820486,2.2836169811845874e-36,-8.256058412286125,10.654045062263274,1.0,0.8333333333333334,24,20
1035,8,ATF1,1035,1.0,21.38406499765082,0.42506564321028384,1.4194844650376442e-23,5.939761842589399,6.525508883902301,1.0,0.8333333333333334,24,20
1020,8,ATF1,1020,1.0,21.38406499765082,0.4948536468553689,1.495715019731499e-32,8.933669694977025,12.071904509681255,1.0,0.8333333333333334,24,20
1015,8,ATF1,1015,1.0,21.38406499765082,0.22463302230844207,3.381829278138047e-07,4.945645787594239,5.430871424023466,1.0,0.8333333333333334,24,20
1027,8,ATF1,1027,1.0,21.38406499765082,0.2464156664113617,2.0171539996437977e-08,2.3270097014596174,1.6013139566211945,1.0,0.8333333333333334,24,20
1031,8,ATF1,1031,1.0,21.38406499765082,-0.5724259382459986,2.6806111758245636e-45,-6.934968952561161,8.04986237253401,1.0,0.8333333333333334,24,20
1025,8,ATF1,1025,1.0,21.38406499765082,0.6905417870979647,8.825402753360277e-73,7.354990075045437,8.368575267761724,1.0,0.8333333333333334,24,20
1013,8,ATF1,1013,1.0,21.38406499765082,0.798659648573553,5.085864745749733e-113,14.250048008285027,20.712496450483684,1.0,0.8333333333333334,24,20
1019,8,ATF1,1019,1.0,21.38406499765082,0.28306749929651354,9.272929599781538e-11,2.3962055188976104,1.6672962360704182,1.0,0.8333333333333334,24,20
1034,8,ATF1,1034,1.0,21.38406499765082,0.633607366947875,4.865111079402614e-58,8.358291312455462,10.261973845732802,1.0,0.8333333333333334,24,20
1014,8,ATF1,1014,1.0,21.38406499765082,-0.5979322155818068,2.8115775580895554e-50,-10.867177906435426,15.935886356547407,1.0,0.8333333333333334,24,20
1018,8,ATF1,1018,1.0,21.38406499765082,-0.5225698035642075,9.875079850154044e-37,-10.007293307064282,12.96411895117465,1.0,0.8333333333333334,24,20
1026,8,ATF1,1026,1.0,21.38406499765082,0.684635389004739,4.287547557776098e-71,9.493216562056176,11.785228608792185,1.0,0.8333333333333334,24,20
1021,8,ATF1,1021,1.0,21.38406499765082,0.6106656938985825,6.190345602403774e-53,11.476977378605701,15.7311288140503,1.0,0.8333333333333334,24,20
1024,8,ATF1,1024,1.0,21.38406499765082,0.7862753977261081,3.0079738304614276e-107,10.084626225992086,12.66214732169556,1.0,0.8333333333333334,24,20
1033,8,ATF1,1033,1.0,21.38406499765082,-0.2884893768879994,3.897217939407496e-11,-7.35618151900523,9.210230990791846,1.0,0.8333333333333334,24,20
1016,8,ATF1,1016,1.0,21.38406499765082,0.6154994381425721,5.637244872159237e-54,7.300163736173969,8.325286015375282,1.0,0.8333333333333334,24,20
639,8,NFIA,639,1.0,7.020564036171358,-0.11335729846276556,0.010794012933437498,-3.0387223494030278,2.411551747361024,0.8947368421052632,0.68,25,19
637,8,NFIA,637,1.0,7.020564036171358,-0.23887792505958677,5.5206578445728136e-08,-8.384055276172663,10.915604568195961,0.8947368421052632,0.68,25,19
617,8,NFIA,617,1.0,7.020564036171358,0.3441994510010008,1.7166271547838333e-15,14.841657793877442,22.083651437220034,0.8947368421052632,0.68,25,19
618,8,NFIA,618,1.0,7.020564036171358,0.5182568256825683,4.6830437438576876e-36,5.270319703744976,5.929421392176996,0.8947368421052632,0.68,25,19
619,8,NFIA,619,1.0,7.020564036171358,-0.43478521765220013,1.0535447333860543e-24,-10.515777763546653,15.315908660150074,0.8947368421052632,0.68,25,19
631,8,NFIA,631,1.0,7.020564036171358,0.5156368742464309,1.1925087292618235e-35,8.940072048402492,11.13886703049719,0.8947368421052632,0.68,25,19
630,8,NFIA,630,1.0,7.020564036171358,0.3108912754629501,8.871997255857619e-13,2.4116749228061027,1.7163526306907366,0.8947368421052632,0.68,25,19
635,8,NFIA,635,1.0,7.020564036171358,-0.2742413992952091,3.6546771581124424e-10,-4.1028200280679465,3.8162090318359656,0.8947368421052632,0.68,25,19
626,8,NFIA,626,1.0,7.020564036171358,-0.23496104268811976,9.194063485456017e-08,-6.833448311001775,8.064870427586074,0.8947368421052632,0.68,25,19
625,8,NFIA,625,1.0,7.020564036171358,0.16804177312141153,0.0001482856664893861,9.578490649502802,12.24470218498071,0.8947368421052632,0.68,25,19
624,8,NFIA,624,1.0,7.020564036171358,0.42709755447594455,8.299009136034427e-24,2.9592021919616784,2.294515036246897,0.8947368421052632,0.68,25,19
632,8,NFIA,632,1.0,7.020564036171358,0.39967611667999103,8.604650625231771e-21,6.977025351322101,7.908212983539094,0.8947368421052632,0.68,25,19
623,8,NFIA,623,1.0,7.020564036171358,-0.3224904167435378,1.0984020096915561e-13,-8.29498756016925,10.117901976609291,0.8947368421052632,0.68,25,19
633,8,NFIA,633,1.0,7.020564036171358,0.2556970293302623,5.575617351130047e-09,9.962002116010412,12.898330492924146,0.8947368421052632,0.68,25,19
640,8,NFIA,640,1.0,7.020564036171358,-0.3621334183107753,4.2889162029490824e-17,-3.554219442499617,3.0723862943889557,0.8947368421052632,0.68,25,19
620,8,NFIA,620,1.0,7.020564036171358,-0.30500509678297033,2.4743748436618942e-12,-7.737164753769094,9.682118712300388,0.8947368421052632,0.68,25,19
629,8,NFIA,629,1.0,7.020564036171358,-0.25124568357456867,1.0396927061215338e-08,-7.47171500108523,8.748920976713704,0.8947368421052632,0.68,25,19
4603,8,TCF7L2,4603,1.0,10.191974356868585,0.4771929677439794,4.422906470009744e-30,3.201276810032691,2.5836320141137956,1.0,0.84,25,21
4600,8,TCF7L2,4600,1.0,10.191974356868585,-0.48934800312329385,9.13313449213904e-32,-6.38673965341282,7.203579528913985,1.0,0.84,25,21
4585,8,TCF7L2,4585,1.0,10.191974356868585,0.48055945346087414,1.5337051605914606e-30,6.450692914946778,8.072757093478355,1.0,0.84,25,21
4604,8,TCF7L2,4604,1.0,10.191974356868585,0.40261818107276576,4.210783547297863e-21,7.761355766696864,9.026641677580354,1.0,0.84,25,21
4588,8,TCF7L2,4588,1.0,10.191974356868585,0.4016018993203669,5.394171748419697e-21,8.0410609331921,9.454687764906812,1.0,0.84,25,21
4593,8,TCF7L2,4593,1.0,10.191974356868585,0.1646574905937799,0.00020204641535824945,2.8094043392550736,2.1252658769996136,1.0,0.84,25,21
4598,8,TCF7L2,4598,1.0,10.191974356868585,0.2445482125852337,2.5966793180779595e-08,5.952728269745633,6.3358363769427735,1.0,0.84,25,21
4605,8,TCF7L2,4605,1.0,10.191974356868585,0.377205919349699,1.603900648904554e-18,3.718181891955507,3.235351388371522,1.0,0.84,25,21
4597,8,TCF7L2,4597,1.0,10.191974356868585,0.37079869477631,6.6226804554832076e-18,2.1182876502726944,1.4011022363307326,1.0,0.84,25,21
4594,8,TCF7L2,4594,1.0,10.191974356868585,0.3647344548119409,2.462622813238477e-17,2.6376235272023782,1.9296207725142105,1.0,0.84,25,21
4601,8,TCF7L2,4601,1.0,10.191974356868585,0.35084930853333784,4.491905147802459e-16,3.0522656713440326,2.4380984461443833,1.0,0.84,25,21
4587,8,TCF7L2,4587,1.0,10.191974356868585,0.4178900809335593,9.178389839934693e-23,2.783284552414111,2.0936148648779644,1.0,0.84,25,21
4596,8,TCF7L2,4596,1.0,10.191974356868585,0.512202276128234,4.0114559767572685e-35,5.401732850077162,5.947348424958482,1.0,0.84,25,21
4608,8,TCF7L2,4608,1.0,10.191974356868585,-0.00023825363902849915,0.9957386649107429,-3.7806345866330484,3.372907381991101,1.0,0.84,25,21
4606,8,TCF7L2,4606,1.0,10.191974356868585,0.49095800884436275,5.398991499640074e-32,4.186617791332555,3.812290514837195,1.0,0.84,25,21
4592,8,TCF7L2,4592,1.0,10.191974356868585,0.486753861721576,2.118079501862026e-31,11.695552093302577,16.276661281861543,1.0,0.84,25,21
4584,8,TCF7L2,4584,1.0,10.191974356868585,0.583789993906223,1.8368718298324856e-47,14.533936424889504,21.316838968455095,1.0,0.84,25,21
4586,8,TCF7L2,4586,1.0,10.191974356868585,-0.5202762512276073,2.2658035212089595e-36,-10.70201065868116,15.721547886200883,1.0,0.84,25,21
4595,8,TCF7L2,4595,1.0,10.191974356868585,-0.4697405765421264,4.4254696724955466e-29,-5.528686041915605,6.042824695225415,1.0,0.84,25,21
4590,8,TCF7L2,4590,1.0,10.191974356868585,-0.4500466816868023,1.4923625759859528e-26,-6.971709855478726,8.689159850301126,1.0,0.84,25,21
4602,8,TCF7L2,4602,1.0,10.191974356868585,-0.1889991483620412,1.9088545697073843e-05,-6.821222835155756,7.592269238675833,1.0,0.84,25,21
66,8,LEF1,66,1.0,9.60095161798886,0.28542068492563544,6.379999098305532e-11,7.9640820356744735,9.329102183305626,0.9,0.72,25,20
75,8,LEF1,75,1.0,9.60095161798886,0.27125945513806043,5.745427547687128e-10,9.155586701111897,11.109571844463243,0.9,0.72,25,20
74,8,LEF1,74,1.0,9.60095161798886,0.47307072322139054,1.5923056759450323e-29,2.06992206696471,1.3536341830944378,0.9,0.72,25,20
62,8,LEF1,62,1.0,9.60095161798886,0.25398424935661273,7.096233699442372e-09,14.370686722224152,20.840319798980715,0.9,0.72,25,20
82,8,LEF1,82,1.0,9.60095161798886,0.3906138129340885,7.438328304770461e-20,3.0547919018696525,2.4419862063472304,0.9,0.72,25,20
80,8,LEF1,80,1.0,9.60095161798886,0.3796649540730471,9.229165393179407e-19,2.7278177556849434,2.0283377895922494,0.9,0.72,25,20
65,8,LEF1,65,1.0,9.60095161798886,0.49774940226941955,5.699017816223673e-33,2.4745615844453748,1.756272808517572,0.9,0.72,25,20
68,8,LEF1,68,1.0,9.60095161798886,-0.14210334076885953,0.0013660766218502784,-7.156374222860561,9.030663716814423,0.9,0.72,25,20
81,8,LEF1,81,1.0,9.60095161798886,0.21979145119480897,6.09817216599868e-07,3.4117149789639067,2.842373724052154,0.9,0.72,25,20
86,8,LEF1,86,1.0,9.60095161798886,0.2882773991684883,4.032974942218263e-11,6.6478026381839,7.927064899975472,0.9,0.72,25,20
73,8,LEF1,73,1.0,9.60095161798886,0.1998443012003064,6.024042742675715e-06,11.281093969174602,15.344260673428296,0.9,0.72,25,20
72,8,LEF1,72,1.0,9.60095161798886,-0.3428638516025517,2.238474984144583e-15,-6.961443999911556,8.099837756710802,0.9,0.72,25,20
76,8,LEF1,76,1.0,9.60095161798886,0.23766681015927682,6.469914685708862e-08,7.344020911331826,8.764750353179554,0.9,0.72,25,20
77,8,LEF1,77,1.0,9.60095161798886,0.4573623822009531,1.7945945391533266e-27,4.639070520919627,4.727280350084463,0.9,0.72,25,20
64,8,LEF1,64,1.0,9.60095161798886,-0.18692838227922176,2.3619348592323205e-05,-10.483696626969687,15.358350277736639,0.9,0.72,25,20
85,8,LEF1,85,1.0,9.60095161798886,0.26742922739478925,1.0190385887898626e-09,4.569251069293453,4.393156809616953,0.9,0.72,25,20
79,8,LEF1,79,1.0,9.60095161798886,0.3678080851563418,1.2700544524397453e-17,7.494005690982128,9.356837642788214,0.9,0.72,25,20
63,8,LEF1,63,1.0,9.60095161798886,0.4527198372011115,6.923360297738952e-27,6.254197758995429,7.732470124922934,0.9,0.72,25,20
3791,8,ELF1,3791,1.0,21.327831708766187,-0.5305885246909785,5.148391453335691e-38,-8.522348043649108,11.4411336128667,1.0,0.76,25,19
3802,8,ELF1,3802,1.0,21.327831708766187,-0.04405353578836146,0.3231494360931635,-7.88121370108423,10.676345247971605,1.0,0.76,25,19
3805,8,ELF1,3805,1.0,21.327831708766187,0.5610021561162328,3.3143182242760443e-43,8.837201262893533,10.75091403947224,1.0,0.76,25,19
3788,8,ELF1,3788,1.0,21.327831708766187,0.6125265321563214,2.473020257173135e-53,6.015660597709712,7.369127735080189,1.0,0.76,25,19
3795,8,ELF1,3795,1.0,21.327831708766187,-0.47818604841850654,3.2400566111977304e-30,-7.24844803930313,8.513047933819164,1.0,0.76,25,19
3787,8,ELF1,3787,1.0,21.327831708766187,-0.6851226116400461,3.1232720174551998e-71,-10.637072555284803,15.828095011308516,1.0,0.76,25,19
3796,8,ELF1,3796,1.0,21.327831708766187,0.4984257742544442,4.543001505839039e-33,11.130053721743566,14.533587810981238,1.0,0.76,25,19
3801,8,ELF1,3801,1.0,21.327831708766187,0.6828571987633547,1.3555494571714332e-70,6.114444076939245,6.814771382658572,1.0,0.76,25,19
3798,8,ELF1,3798,1.0,21.327831708766187,0.2724833352900508,4.774995558381898e-10,6.380410948832255,7.1883437923588716,1.0,0.76,25,19
3803,8,ELF1,3803,1.0,21.327831708766187,0.4021080368906456,4.768723775163235e-21,9.54516902122087,12.129164774432276,1.0,0.76,25,19
3794,8,ELF1,3794,1.0,21.327831708766187,-0.632677926177711,7.985220978191392e-58,-9.815252889367594,12.731216969523091,1.0,0.76,25,19
3807,8,ELF1,3807,1.0,21.327831708766187,0.13016866904081714,0.0033852014595871015,5.460705784328655,5.894093268794201,1.0,0.76,25,19
3790,8,ELF1,3790,1.0,21.327831708766187,0.386931550297887,1.7534613752640682e-19,7.716007900331794,8.94913413030585,1.0,0.76,25,19
3808,8,ELF1,3808,1.0,21.327831708766187,0.26909914593943873,7.946390873650478e-10,4.020903601634308,3.6276678519602097,1.0,0.76,25,19
3804,8,ELF1,3804,1.0,21.327831708766187,0.3559906301189126,1.558498937083546e-16,7.074094168290541,8.602189633863222,1.0,0.76,25,19
3786,8,ELF1,3786,1.0,21.327831708766187,0.7199628969108093,7.954269142442526e-82,14.456260815482967,21.121141778468807,1.0,0.76,25,19
3793,8,ELF1,3793,1.0,21.327831708766187,-0.5668063390189951,2.934989306129044e-44,-5.202866775569302,5.498249499784642,1.0,0.76,25,19
3800,8,ELF1,3800,1.0,21.327831708766187,0.4262438666226872,1.0402925332138795e-23,2.3898244631626624,1.6684954484265615,1.0,0.76,25,19
3809,8,ELF1,3809,1.0,21.327831708766187,0.5782042179373218,2.1798132785912853e-46,3.401612763696758,2.902543152800675,1.0,0.76,25,19
7340,8,FOXF2,7340,1.0,6.467124104847837,0.41905721628063436,6.795727873554962e-23,2.614091127439077,1.9050910290415188,0.9444444444444444,0.7083333333333334,24,18
7337,8,FOXF2,7337,1.0,6.467124104847837,0.3935981796937459,3.682812316766558e-20,2.52833153117834,1.8133019564969783,0.9444444444444444,0.7083333333333334,24,18
7352,8,FOXF2,7352,1.0,6.467124104847837,0.3072825294951856,1.6683996432490353e-12,7.333801657004576,8.656562021260202,0.9444444444444444,0.7083333333333334,24,18
7356,8,FOXF2,7356,1.0,6.467124104847837,0.33418068514926036,1.218944239364592e-14,6.139144624985608,6.804418391217455,0.9444444444444444,0.7083333333333334,24,18
7355,8,FOXF2,7355,1.0,6.467124104847837,0.3404844832309319,3.5805281355652135e-15,3.96655704300915,3.5512802612034307,0.9444444444444444,0.7083333333333334,24,18
7336,8,FOXF2,7336,1.0,6.467124104847837,0.5774964452967036,2.9721867353928554e-46,5.347248556691452,6.049174342407188,0.9444444444444444,0.7083333333333334,24,18
7350,8,FOXF2,7350,1.0,6.467124104847837,0.3568627670220439,1.2998309121735837e-16,4.474169649684582,4.326973029773985,0.9444444444444444,0.7083333333333334,24,18
7345,8,FOXF2,7345,1.0,6.467124104847837,0.4708645709291427,3.138103734921907e-29,10.130144487475686,13.367314254845079,0.9444444444444444,0.7083333333333334,24,18
7341,8,FOXF2,7341,1.0,6.467124104847837,0.5930286817501627,2.759458822851397e-49,2.099054070410308,1.379823437286268,0.9444444444444444,0.7083333333333334,24,18
7351,8,FOXF2,7351,1.0,6.467124104847837,0.22180072044471533,4.78233592502181e-07,3.496013709668853,2.9626171616516968,0.9444444444444444,0.7083333333333334,24,18
7359,8,FOXF2,7359,1.0,6.467124104847837,-0.14849677514335288,0.0008158603747889679,-5.753119460957512,6.37871083977654,0.9444444444444444,0.7083333333333334,24,18
7354,8,FOXF2,7354,1.0,6.467124104847837,0.4834745896949944,6.071556560305059e-31,3.241365527464973,2.658284771055892,0.9444444444444444,0.7083333333333334,24,18
7342,8,FOXF2,7342,1.0,6.467124104847837,0.22623193996418278,2.775367392818652e-07,8.953766567137198,11.632082620701302,0.9444444444444444,0.7083333333333334,24,18
7357,8,FOXF2,7357,1.0,6.467124104847837,0.24963502561436274,1.2988437995585105e-08,2.566535996194931,1.8515951053664603,0.9444444444444444,0.7083333333333334,24,18
7353,8,FOXF2,7353,1.0,6.467124104847837,0.5487839467176533,4.677070235094823e-41,3.900567909402617,3.5025143950516,0.9444444444444444,0.7083333333333334,24,18
7347,8,FOXF2,7347,1.0,6.467124104847837,0.3738414835272348,3.390562833211362e-18,9.2810102903537,12.130384268486102,0.9444444444444444,0.7083333333333334,24,18
7344,8,FOXF2,7344,1.0,6.467124104847837,0.37469423961029646,2.8069279993103043e-18,3.389004832421542,2.846186108303332,0.9444444444444444,0.7083333333333334,24,18
2216,8,HLTF,2216,1.0,21.175999987092688,0.27876747302059407,1.8199149215110301e-10,3.8154205408583963,3.346590412526267,1.0,0.9411764705882353,17,16
2201,8,HLTF,2201,1.0,21.175999987092688,0.5241031245981741,5.647730340647912e-37,6.564279848839908,7.267418141129746,1.0,0.9411764705882353,17,16
2213,8,HLTF,2213,1.0,21.175999987092688,0.7186438830218427,2.1421649734998727e-81,10.08572664364703,13.472622589008688,1.0,0.9411764705882353,17,16
2212,8,HLTF,2212,1.0,21.175999987092688,0.6615164000872138,7.327074028126183e-65,9.627043443866679,13.031109624412716,1.0,0.9411764705882353,17,16
2202,8,HLTF,2202,1.0,21.175999987092688,-0.3399589648405835,3.969780993596124e-15,-2.7586741757088498,2.115113123158765,1.0,0.9411764705882353,17,16
2203,8,HLTF,2203,1.0,21.175999987092688,0.679433688710486,1.2150723583338003e-69,9.908620665597985,12.228674996895107,1.0,0.9411764705882353,17,16
2204,8,HLTF,2204,1.0,21.175999987092688,-0.41079576901789566,5.562533827354324e-22,-3.1288838825115377,2.584038569934125,1.0,0.9411764705882353,17,16
2214,8,HLTF,2214,1.0,21.175999987092688,0.5132102651258915,2.8138802189378867e-35,9.670199439119994,12.095107741079529,1.0,0.9411764705882353,17,16
2200,8,HLTF,2200,1.0,21.175999987092688,0.7262734037378894,6.417369658768443e-84,14.46717387989534,20.799410148649326,1.0,0.9411764705882353,17,16
2207,8,HLTF,2207,1.0,21.175999987092688,0.11932314349447369,0.007265880328153271,2.3955450969992422,1.6708641178901718,1.0,0.9411764705882353,17,16
2210,8,HLTF,2210,1.0,21.175999987092688,0.5680021728880964,1.7705202765970888e-44,6.7516533303012745,8.264767812830614,1.0,0.9411764705882353,17,16
2209,8,HLTF,2209,1.0,21.175999987092688,0.25996565495058827,3.0334462677753902e-09,8.670195137653998,10.863124417237533,1.0,0.9411764705882353,17,16
2208,8,HLTF,2208,1.0,21.175999987092688,0.638099990123236,4.329646018566353e-59,7.496368068092796,8.64282095489347,1.0,0.9411764705882353,17,16
2205,8,HLTF,2205,1.0,21.175999987092688,0.5250489645237818,3.995443183437397e-37,3.2942705717299385,2.6767515430864393,1.0,0.9411764705882353,17,16
2211,8,HLTF,2211,1.0,21.175999987092688,0.6221275854293505,1.969718691501961e-55,5.421401549736125,5.570513188696786,1.0,0.9411764705882353,17,16
2206,8,HLTF,2206,1.0,21.175999987092688,0.5607072508493086,3.7439699592014974e-43,7.442340638518009,8.821878750701336,1.0,0.9411764705882353,17,16
7797,8,HOXD13,7797,1.0,4.079234210578924,0.4119724084209664,4.137866604460544e-22,2.5302150929923015,1.822565048444198,0.6470588235294118,0.44,25,17
7790,8,HOXD13,7790,1.0,4.079234210578924,0.47604334967658263,6.333089949286077e-30,2.030210769739458,1.3111248881467479,0.6470588235294118,0.44,25,17
7806,8,HOXD13,7806,1.0,4.079234210578924,0.6034254667702796,2.076287899537394e-51,8.753828239055803,10.94784663337438,0.6470588235294118,0.44,25,17
7789,8,HOXD13,7789,1.0,4.079234210578924,0.7346493655576738,8.642421886184499e-87,5.921561992782347,7.09944338120486,0.6470588235294118,0.44,25,17
7803,8,HOXD13,7803,1.0,4.079234210578924,0.505996966156243,3.468063462691599e-34,3.94358156619181,3.586935124710124,0.6470588235294118,0.44,25,17
7795,8,HOXD13,7795,1.0,4.079234210578924,0.4009600960096011,6.304660882238977e-21,2.464636604282579,1.7483729264978345,0.6470588235294118,0.44,25,17
7799,8,HOXD13,7799,1.0,4.079234210578924,0.3119736197222207,7.328670732238847e-13,9.322394896930627,12.371248825841581,0.6470588235294118,0.44,25,17
7804,8,HOXD13,7804,1.0,4.079234210578924,0.5898095089012008,1.2100314010293632e-48,5.145177500071024,5.552467569848415,0.6470588235294118,0.44,25,17
7808,8,HOXD13,7808,1.0,4.079234210578924,0.4375104591204463,5.004331033197482e-25,2.527114024452554,1.8238673801839242,0.6470588235294118,0.44,25,17
7812,8,HOXD13,7812,1.0,4.079234210578924,0.2931779513355063,1.814041105210398e-11,5.270142777771053,5.593875082095678,0.6470588235294118,0.44,25,17
7796,8,HOXD13,7796,1.0,4.079234210578924,0.8471501808565951,3.094402713163757e-140,2.0598265365046045,1.3438213628631894,0.6470588235294118,0.44,25,17
7241,8,POU2F3,7241,1.0,1.9599928586563966,0.32064113243622505,1.541905056046826e-13,2.0514146983636934,1.3308071410850189,0.875,0.56,25,16
7256,8,POU2F3,7256,1.0,1.9599928586563966,0.2812566039212617,1.2335459379099761e-10,6.819746468390627,7.601591661859088,0.875,0.56,25,16
7250,8,POU2F3,7250,1.0,1.9599928586563966,0.44397060824094847,8.339891809232778e-26,6.599700842115854,7.497698564813194,0.875,0.56,25,16
7240,8,POU2F3,7240,1.0,1.9599928586563966,0.3575326166156989,1.130273680237848e-16,5.905117723272676,7.087814093380445,0.875,0.56,25,16
7243,8,POU2F3,7243,1.0,1.9599928586563966,0.48766466708782685,1.5777312826625101e-31,3.4285542423146635,2.8837596965704777,0.875,0.56,25,16
7247,8,POU2F3,7247,1.0,1.9599928586563966,0.27062212432423366,6.324189620820107e-10,10.602243474482552,15.191331084635484,0.875,0.56,25,16
7262,8,POU2F3,7262,1.0,1.9599928586563966,0.3152042533445892,4.1235322681436307e-13,7.3949637397051236,9.066642227978475,0.875,0.56,25,16
7249,8,POU2F3,7249,1.0,1.9599928586563966,0.48428877049195607,4.679589710119155e-31,3.613569757089632,3.2195368200279377,0.875,0.56,25,16
7264,8,POU2F3,7264,1.0,1.9599928586563966,0.3647699552563953,2.4439596954007197e-17,3.665225470392306,3.162756689181826,0.875,0.56,25,16
7258,8,POU2F3,7258,1.0,1.9599928586563966,0.2812295825855878,1.238790559553688e-10,4.395156953205578,4.206117197635143,0.875,0.56,25,16
7259,8,POU2F3,7259,1.0,1.9599928586563966,0.3569832449083418,1.267592015238871e-16,6.442935505793712,7.084979539616424,0.875,0.56,25,16
7246,8,POU2F3,7246,1.0,1.9599928586563966,0.34476643316505573,1.533104540023853e-15,8.975244982572645,11.339425368599576,0.875,0.56,25,16
7255,8,POU2F3,7255,1.0,1.9599928586563966,0.20934621412451807,2.079957456415902e-06,2.6624936559119243,1.973310780560185,0.875,0.56,25,16
7251,8,POU2F3,7251,1.0,1.9599928586563966,0.23637798562464946,7.652799788165793e-08,5.208919503454464,5.237867321592722,0.875,0.56,25,16
559,8,SMAD1,559,1.0,21.232848443917963,0.6934980143977132,1.2198171364966485e-73,9.727243402993187,12.23918810539217,1.0,0.88,25,22
551,8,SMAD1,551,1.0,21.232848443917963,0.35194609523064113,3.589736314606898e-16,2.0738954970131966,1.3599709441993921,1.0,0.88,25,22
544,8,SMAD1,544,1.0,21.232848443917963,0.8253013810697842,6.242744491407878e-127,14.56146098960404,21.282911956577635,1.0,0.88,25,22
550,8,SMAD1,550,1.0,21.232848443917963,-0.47702329239135094,4.663970758496318e-30,-8.875712164172624,12.375629682748063,1.0,0.88,25,22
549,8,SMAD1,549,1.0,21.232848443917963,0.23991163091464426,4.818180592192695e-08,2.393028334379021,1.6650023120707613,1.0,0.88,25,22
557,8,SMAD1,557,1.0,21.232848443917963,0.814244436866047,6.928083541818841e-121,10.11755304260598,13.197752100077784,1.0,0.88,25,22
552,8,SMAD1,552,1.0,21.232848443917963,-0.539885541349166,1.5159486694833908e-39,-8.59078287641547,10.794614794240916,1.0,0.88,25,22
563,8,SMAD1,563,1.0,21.232848443917963,0.5847305227417152,1.205400134891538e-47,5.02242987745435,5.225826995299883,1.0,0.88,25,22
545,8,SMAD1,545,1.0,21.232848443917963,0.47213298969648526,2.1258204241079046e-29,5.6581393143518985,6.64291324482083,1.0,0.88,25,22
567,8,SMAD1,567,1.0,21.232848443917963,0.4809520082443027,1.3544835950199697e-30,9.824650276969278,14.556667125107861,1.0,0.88,25,22
546,8,SMAD1,546,1.0,21.232848443917963,-0.6911268456038151,5.976794565745794e-73,-10.568701623210346,15.599666915500233,1.0,0.88,25,22
560,8,SMAD1,560,1.0,21.232848443917963,0.45812074996319513,1.4365721410218589e-27,3.424153227786447,2.855745813085394,1.0,0.88,25,22
548,8,SMAD1,548,1.0,21.232848443917963,0.48509186322358955,3.6170784284342187e-31,8.217916810416268,9.757457581428158,1.0,0.88,25,22
564,8,SMAD1,564,1.0,21.232848443917963,0.6448163760475427,1.0783218886464114e-60,6.321086264894412,7.281955618397218,1.0,0.88,25,22
561,8,SMAD1,561,1.0,21.232848443917963,0.6120827300121318,3.079682413809995e-53,7.926406488311506,9.190085333887474,1.0,0.88,25,22
562,8,SMAD1,562,1.0,21.232848443917963,0.2843636848156866,7.5501182051915e-11,3.6277722617889574,3.121186569760422,1.0,0.88,25,22
558,8,SMAD1,558,1.0,21.232848443917963,-0.27504178989327505,3.2337435899386633e-10,-8.785703646073305,12.533906893176896,1.0,0.88,25,22
568,8,SMAD1,568,1.0,21.232848443917963,0.39989321913557824,8.164618699764282e-21,3.769150477687154,3.340984119555038,1.0,0.88,25,22
566,8,SMAD1,566,1.0,21.232848443917963,0.6412114503375804,7.915871451841692e-60,6.523428681456556,7.209950677333068,1.0,0.88,25,22
555,8,SMAD1,555,1.0,21.232848443917963,0.5731840264771819,1.934123957861038e-45,8.662104352195792,10.728617771778334,1.0,0.88,25,22
556,8,SMAD1,556,1.0,21.232848443917963,-0.6352598613898658,2.0075496423214978e-58,-5.558611672139651,6.041773178217225,1.0,0.88,25,22
553,8,SMAD1,553,1.0,21.232848443917963,0.5942715700141444,1.552480655362459e-49,11.310090462658705,14.839468722774937,1.0,0.88,25,22
5041,8,NFKB2,5041,-1.0,3.4519943609313013,-0.2659203187399486,1.2739651091734034e-09,13.83869180542687,20.10363240668555,1.0,0.5,4,2
5042,8,NFKB2,5042,-1.0,3.4519943609313013,0.41363384785683543,2.7193715139422773e-22,-10.396729148545443,14.637789423889954,1.0,0.5,4,2
5051,8,BACH2,5051,1.0,6.342196441638023,0.38929340138982843,1.0128867565733552e-19,14.472853643325964,21.215204192917266,0.8333333333333334,0.43478260869565216,23,12
5063,8,BACH2,5063,1.0,6.342196441638023,0.3640923719701163,2.8254171348283907e-17,7.344431252437417,8.369739816434343,0.8333333333333334,0.43478260869565216,23,12
5053,8,BACH2,5053,1.0,6.342196441638023,0.7027308320894202,2.1561790889668985e-76,4.958516748008273,5.467622138369547,0.8333333333333334,0.43478260869565216,23,12
5052,8,BACH2,5052,1.0,6.342196441638023,-0.46257917717237573,3.8394591442399495e-28,-9.961457352877018,14.178963879830825,0.8333333333333334,0.43478260869565216,23,12
5059,8,BACH2,5059,1.0,6.342196441638023,-0.33391056496954047,1.2838388377426269e-14,-7.00919653151537,8.409864862810075,0.8333333333333334,0.43478260869565216,23,12
5061,8,BACH2,5061,1.0,6.342196441638023,-0.4270736079819163,8.351849206850999e-24,-7.405660657716816,9.073342935087144,0.8333333333333334,0.43478260869565216,23,12
5073,8,BACH2,5073,1.0,6.342196441638023,0.3147499221971887,4.4727733413647776e-13,8.16468948432692,9.846241882005058,0.8333333333333334,0.43478260869565216,23,12
5064,8,BACH2,5064,1.0,6.342196441638023,0.43337088367221827,1.5462869720722723e-24,5.724686008365052,6.299286221832183,0.8333333333333334,0.43478260869565216,23,12
5060,8,BACH2,5060,1.0,6.342196441638023,0.4663261046601555,1.2476711678570326e-28,10.447594053944188,14.72128983882402,0.8333333333333334,0.43478260869565216,23,12
5066,8,BACH2,5066,1.0,6.342196441638023,0.527701714270806,1.5047605231397337e-37,6.025995722631304,6.478088277021896,0.8333333333333334,0.43478260869565216,23,12
7958,8,HOXC6,7958,1.0,1.8833521351060138,0.26297853387823256,1.9609580249338665e-09,6.519062681202407,7.450166494074643,0.8181818181818182,0.47368421052631576,19,11
7962,8,HOXC6,7962,1.0,1.8833521351060138,0.23361957313743797,1.0926584080467251e-07,4.061023418136701,3.7723577113591147,0.8181818181818182,0.47368421052631576,19,11
7953,8,HOXC6,7953,1.0,1.8833521351060138,0.28314977460478974,9.153025768409706e-11,9.03673981165625,11.035605376240676,0.8181818181818182,0.47368421052631576,19,11
7951,8,HOXC6,7951,1.0,1.8833521351060138,0.2945344223863381,1.4501746072320026e-11,7.339754281477197,8.55583913106142,0.8181818181818182,0.47368421052631576,19,11
7950,8,HOXC6,7950,1.0,1.8833521351060138,0.23629580349339283,7.73492310249201e-08,9.78068386848811,12.436165934370734,0.8181818181818182,0.47368421052631576,19,11
7948,8,HOXC6,7948,1.0,1.8833521351060138,0.2810717407144442,1.269863357464837e-10,2.5456055465421623,1.824696852943794,0.8181818181818182,0.47368421052631576,19,11
7952,8,HOXC6,7952,1.0,1.8833521351060138,0.15355060350755573,0.0005349322005603555,8.958820816302453,11.118673887379702,0.8181818181818182,0.47368421052631576,19,11
7957,8,HOXC6,7957,1.0,1.8833521351060138,0.23695689444720872,7.0976983838319e-08,7.042735683121051,8.599397065926224,0.8181818181818182,0.47368421052631576,19,11
7961,8,HOXC6,7961,1.0,1.8833521351060138,0.19450730787364454,1.0711401037678795e-05,3.426585392084867,2.8607545283574867,0.8181818181818182,0.47368421052631576,19,11
2539,8,ARID3A,2539,1.0,3.3923886154059133,-0.27465109865023773,3.4329529780672026e-10,-7.919966906560773,10.602185692299912,1.0,0.96,25,24
2526,8,ARID3A,2526,1.0,3.3923886154059133,0.34496406162355375,1.4737790539561953e-15,2.4191816416343195,1.6917001611113722,1.0,0.96,25,24
2543,8,ARID3A,2543,1.0,3.3923886154059133,0.2006804717738855,5.496842355420515e-06,7.740759639528779,9.215551172499495,1.0,0.96,25,24
2546,8,ARID3A,2546,1.0,3.3923886154059133,0.09448969741694668,0.03376377826742054,8.952370258068608,11.67016574880437,1.0,0.96,25,24
2549,8,ARID3A,2549,1.0,3.3923886154059133,0.19745645371990617,7.808317040069999e-06,2.4994583686462915,1.7861506869462114,1.0,0.96,25,24
2548,8,ARID3A,2548,1.0,3.3923886154059133,0.39155872108950035,5.958668566382118e-20,6.04538544610639,6.7822807073785984,1.0,0.96,25,24
2528,8,ARID3A,2528,1.0,3.3923886154059133,0.254084507829665,6.997102451660241e-09,9.030148116883547,11.029963960646436,1.0,0.96,25,24
2532,8,ARID3A,2532,1.0,3.3923886154059133,0.24885811562522714,1.4452337623657185e-08,9.39405259859338,12.072787099435907,1.0,0.96,25,24
2531,8,ARID3A,2531,1.0,3.3923886154059133,0.27188364799212844,5.228697221422944e-10,11.339801025660515,15.517472508565307,1.0,0.96,25,24
2537,8,ARID3A,2537,1.0,3.3923886154059133,0.4326201564255805,1.894186877705727e-24,6.704033686531406,7.627775117793667,1.0,0.96,25,24
2541,8,ARID3A,2541,1.0,3.3923886154059133,0.24651722936268788,1.989520552186904e-08,3.115205230496493,2.518312395272429,1.0,0.96,25,24
2540,8,ARID3A,2540,1.0,3.3923886154059133,0.43746685227528975,5.064567720296939e-25,3.2894647347920385,2.700358609195104,1.0,0.96,25,24
2544,8,ARID3A,2544,1.0,3.3923886154059133,0.23956137849809833,5.045927599051817e-08,4.565007787925312,4.318437420193746,1.0,0.96,25,24
2545,8,ARID3A,2545,1.0,3.3923886154059133,0.3818135229672036,5.672516392346498e-19,2.3459909864142854,1.6364076367740592,1.0,0.96,25,24
2542,8,ARID3A,2542,1.0,3.3923886154059133,0.17938011192423595,5.0347933856975186e-05,9.080650214003022,11.882977686578078,1.0,0.96,25,24
2535,8,ARID3A,2535,1.0,3.3923886154059133,0.27541356620134066,3.054653645544564e-10,8.283512191318602,10.056935834968916,1.0,0.96,25,24
2534,8,ARID3A,2534,1.0,3.3923886154059133,0.19847264229528547,6.994788642582107e-06,8.224494286441354,9.67337262401619,1.0,0.96,25,24
2533,8,ARID3A,2533,1.0,3.3923886154059133,0.2556432661899731,5.618134679166954e-09,8.136901411836519,10.089877131985986,1.0,0.96,25,24
2536,8,ARID3A,2536,1.0,3.3923886154059133,0.19882149705653798,6.734639633883777e-06,3.9509073862638293,3.5729278438604632,1.0,0.96,25,24
2529,8,ARID3A,2529,1.0,3.3923886154059133,-0.23853773576115378,5.772763650598606e-08,-4.267216552749914,4.299061305782574,1.0,0.96,25,24
2530,8,ARID3A,2530,1.0,3.3923886154059133,0.2366522055932302,7.384823004739437e-08,9.473857346766694,12.821510818139672,1.0,0.96,25,24
2525,8,ARID3A,2525,1.0,3.3923886154059133,0.23454165292305634,9.705021315628613e-08,14.684156828742216,21.554940608109863,1.0,0.96,25,24
2527,8,ARID3A,2527,1.0,3.3923886154059133,0.11458388074832332,0.009964337053908114,10.19114969517299,12.907731309069614,1.0,0.96,25,24
2538,8,ARID3A,2538,1.0,3.3923886154059133,0.22285194357945115,4.207427459849862e-07,9.597874747183647,11.934132956761498,1.0,0.96,25,24
1850,8,ELF2,1850,1.0,18.99574470011406,-0.11968690657885667,0.007088688724260682,-8.542754655809981,10.501978108727059,0.9545454545454546,0.84,25,22
1848,8,ELF2,1848,1.0,18.99574470011406,0.41235555232541893,3.7568588294342805e-22,9.912581184477682,12.47880602435503,0.9545454545454546,0.84,25,22
1837,8,ELF2,1837,1.0,18.99574470011406,0.21382467439290515,1.2383453193031612e-06,5.089635638245319,5.712284329319562,0.9545454545454546,0.84,25,22
1851,8,ELF2,1851,1.0,18.99574470011406,-0.4102030699964407,6.45366499416076e-22,-7.024543692216185,8.288920736493244,0.9545454545454546,0.84,25,22
1853,8,ELF2,1853,1.0,18.99574470011406,0.20823936430910173,2.360303707923256e-06,5.826260088078823,6.275515074971041,0.9545454545454546,0.84,25,22
1859,8,ELF2,1859,1.0,18.99574470011406,0.35236921207648725,3.2915335572415905e-16,8.101992146949083,9.77896152963678,0.9545454545454546,0.84,25,22
1843,8,ELF2,1843,1.0,18.99574470011406,-0.34208405312580953,2.6121682098475664e-15,-5.4202407477099745,5.825946969238925,0.9545454545454546,0.84,25,22
1856,8,ELF2,1856,1.0,18.99574470011406,0.5103408788083779,7.697166324077329e-35,5.617836727949707,5.889275548667269,0.9545454545454546,0.84,25,22
1841,8,ELF2,1841,1.0,18.99574470011406,-0.4238023491790174,1.978164201362136e-23,-8.61454018248783,11.635675109775715,0.9545454545454546,0.84,25,22
1840,8,ELF2,1840,1.0,18.99574470011406,0.2966750712338315,1.0161014654529406e-11,9.423504373147706,11.653824568075686,0.9545454545454546,0.84,25,22
1849,8,ELF2,1849,1.0,18.99574470011406,0.3922828928855619,5.0247530488432353e-20,6.515384605646525,7.672008913450567,0.9545454545454546,0.84,25,22
1835,8,ELF2,1835,1.0,18.99574470011406,0.5885377357611539,2.1599123078220385e-48,14.282410777044007,20.742096613347844,0.9545454545454546,0.84,25,22
1846,8,ELF2,1846,1.0,18.99574470011406,-0.24221981204331616,3.547486253005188e-08,-8.763573530395409,12.438609399906293,0.9545454545454546,0.84,25,22
1844,8,ELF2,1844,1.0,18.99574470011406,0.4471198051482168,3.43339110472993e-26,9.956375760083464,12.551299515048271,0.9545454545454546,0.84,25,22
1852,8,ELF2,1852,1.0,18.99574470011406,0.2964156664113617,1.0610258889378662e-11,6.0583016643365335,6.9294574675676435,0.9545454545454546,0.84,25,22
1845,8,ELF2,1845,1.0,18.99574470011406,-0.42160980073162596,3.507307445568216e-23,-6.9953980225364365,8.295815285854616,0.9545454545454546,0.84,25,22
1854,8,ELF2,1854,1.0,18.99574470011406,0.5119260062652229,4.4199738770738457e-35,3.6930102703573886,3.187689657482247,0.9545454545454546,0.84,25,22
1842,8,ELF2,1842,1.0,18.99574470011406,-0.23390749012789483,1.0530048881605178e-07,-9.167259924178895,11.81187320380419,0.9545454545454546,0.84,25,22
1855,8,ELF2,1855,1.0,18.99574470011406,-0.20206601405482166,4.718884320103806e-06,-2.6117430712060994,1.9333635040661052,0.9545454545454546,0.84,25,22
1858,8,ELF2,1858,1.0,18.99574470011406,0.5275645576980059,1.5830211017425854e-37,8.804948947041044,11.07012656594356,0.9545454545454546,0.84,25,22
1836,8,ELF2,1836,1.0,18.99574470011406,-0.4458314464986873,4.941906771481991e-26,-10.564685684902136,15.610202343262184,0.9545454545454546,0.84,25,22
49,8,ZKSCAN3,49,1.0,21.327645239460736,0.36981949747769816,8.202581873164083e-18,8.198472165745171,9.634153784154853,1.0,1.0,4,4
47,8,ZKSCAN3,47,1.0,21.327645239460736,-0.4850136877041742,3.7090163561491414e-31,-10.706828530824007,15.418586616258168,1.0,1.0,4,4
46,8,ZKSCAN3,46,1.0,21.327645239460736,0.6558815198290017,1.9994141461577147e-63,13.913858348789491,19.79259068944692,1.0,1.0,4,4
48,8,ZKSCAN3,48,1.0,21.327645239460736,0.27187032367833064,5.239239751837241e-10,6.042494247762406,7.55559875900909,1.0,1.0,4,4
3355,8,BRF1,3355,-1.0,5.143541313836626,-0.33615277676836014,8.333891258308618e-15,14.1793995233093,20.71348915697032,0.9090909090909091,0.7692307692307693,13,11
3363,8,BRF1,3363,-1.0,5.143541313836626,0.5432261238546215,4.157489883202455e-40,-3.7627876890655814,3.348396851093116,0.9090909090909091,0.7692307692307693,13,11
3362,8,BRF1,3362,-1.0,5.143541313836626,0.5717989500813436,3.5090679448065837e-45,-6.678525853086194,7.421711199361868,0.9090909090909091,0.7692307692307693,13,11
3357,8,BRF1,3357,-1.0,5.143541313836626,-0.25034093471458957,1.1783639078096498e-08,5.359755427144956,6.278519592762432,0.9090909090909091,0.7692307692307693,13,11
3367,8,BRF1,3367,-1.0,5.143541313836626,0.48624325165435806,2.4973653901674988e-31,-5.214838588548088,5.348556193686975,0.9090909090909091,0.7692307692307693,13,11
3360,8,BRF1,3360,-1.0,5.143541313836626,0.28421851501920387,7.726342596664738e-11,-6.068808528880472,6.770948783079421,0.9090909090909091,0.7692307692307693,13,11
3358,8,BRF1,3358,-1.0,5.143541313836626,0.5904308132676623,9.10869454896642e-49,-7.458336810064121,8.625046458398044,0.9090909090909091,0.7692307692307693,13,11
3359,8,BRF1,3359,-1.0,5.143541313836626,0.6384479131142928,3.583909800502326e-59,-8.676655768829427,10.844387700669936,0.9090909090909091,0.7692307692307693,13,11
3356,8,BRF1,3356,-1.0,5.143541313836626,0.6002826990773612,9.277040209680949e-51,-10.558503488882351,15.38416175463251,0.9090909090909091,0.7692307692307693,13,11
3366,8,BRF1,3366,-1.0,5.143541313836626,0.30199231103234553,4.1459017470744505e-12,-3.0461738422470295,2.4525481593860543,0.9090909090909091,0.7692307692307693,13,11
7860,8,RFX2,7860,-1.0,1.3370163078897526,0.2747678494557531,3.3722039188396286e-10,-3.844474084419585,3.3794248649384557,0.7142857142857143,0.45454545454545453,22,14
7863,8,RFX2,7863,-1.0,1.3370163078897526,0.4131789576473176,3.051296989038289e-22,-4.340396776596634,4.129114487742013,0.7142857142857143,0.45454545454545453,22,14
7862,8,RFX2,7862,-1.0,1.3370163078897526,0.5159605712124008,1.0629161220792087e-35,-7.803470767606642,10.538739944830958,0.7142857142857143,0.45454545454545453,22,14
7855,8,RFX2,7855,-1.0,1.3370163078897526,0.31427052643152525,4.872669005297995e-13,-2.1113472950664955,1.3914080709058503,0.7142857142857143,0.45454545454545453,22,14
7856,8,RFX2,7856,-1.0,1.3370163078897526,0.551907985829639,1.3451619556343623e-41,-7.08862354860347,8.876663678129914,0.7142857142857143,0.45454545454545453,22,14
7851,8,RFX2,7851,-1.0,1.3370163078897526,0.09596431692858728,0.03107085313870718,-7.83966694260239,9.358042024434898,0.7142857142857143,0.45454545454545453,22,14
7866,8,RFX2,7866,-1.0,1.3370163078897526,0.5117642509592575,4.678015006162866e-35,-4.626673658575279,4.561007328572111,0.7142857142857143,0.45454545454545453,22,14
7849,8,RFX2,7849,-1.0,1.3370163078897526,0.5247198632906769,4.5073163522394256e-37,-4.962872851275946,5.532882125988998,0.7142857142857143,0.45454545454545453,22,14
7854,8,RFX2,7854,-1.0,1.3370163078897526,0.3899113513835856,8.767676413948722e-20,-3.0255022357849555,2.386636609485708,0.7142857142857143,0.45454545454545453,22,14
7852,8,RFX2,7852,-1.0,1.3370163078897526,0.2804219241799957,1.4059806064867858e-10,-2.414151838383597,1.6991582663118951,0.7142857142857143,0.45454545454545453,22,14
2910,8,TRIM28,2910,-1.0,15.452993806571222,-0.41863251542545565,7.582160169491453e-23,9.268907091512817,12.165567946456793,0.8666666666666667,0.5652173913043478,23,15
2904,8,TRIM28,2904,-1.0,15.452993806571222,-0.31679021939461033,3.101315733977829e-13,14.604136313140529,21.42011392624923,0.8666666666666667,0.5652173913043478,23,15
2907,8,TRIM28,2907,-1.0,15.452993806571222,0.5200929720301224,2.420617284985465e-36,-8.816727034808068,10.974943655198441,0.8666666666666667,0.5652173913043478,23,15
2920,8,TRIM28,2920,-1.0,15.452993806571222,0.3496818936552041,5.697066449312266e-16,-7.346931425933408,8.399092253896466,0.8666666666666667,0.5652173913043478,23,15
2911,8,TRIM28,2911,-1.0,15.452993806571222,0.5416478914972243,7.674661394841132e-40,-6.825965466870591,7.758544378049756,0.8666666666666667,0.5652173913043478,23,15
2906,8,TRIM28,2906,-1.0,15.452993806571222,-0.3435846690259089,1.9400233201580515e-15,5.591071698063684,6.478948493259237,0.8666666666666667,0.5652173913043478,23,15
2908,8,TRIM28,2908,-1.0,15.452993806571222,0.4195798461833762,5.937726218449274e-23,-7.497474276861638,9.29309390035816,0.8666666666666667,0.5652173913043478,23,15
2905,8,TRIM28,2905,-1.0,15.452993806571222,0.5754522346644603,7.24700432950641e-46,-10.25787392553272,14.73146272713386,0.8666666666666667,0.5652173913043478,23,15
2921,8,TRIM28,2921,-1.0,15.452993806571222,0.43631341395009077,6.945721041972619e-25,-4.966812193637512,4.934447631979244,0.8666666666666667,0.5652173913043478,23,15
2912,8,TRIM28,2912,-1.0,15.452993806571222,-0.1674764681437088,0.00015621451915460955,7.569172050768745,9.20773322257716,0.8666666666666667,0.5652173913043478,23,15
2922,8,TRIM28,2922,-1.0,15.452993806571222,-0.23708398790189583,6.981144839646593e-08,6.328272685378359,6.903857927065399,0.8666666666666667,0.5652173913043478,23,15
2909,8,TRIM28,2909,-1.0,15.452993806571222,-0.31121320206554826,8.38244935595078e-13,10.025175018438011,13.281451630473056,0.8666666666666667,0.5652173913043478,23,15
2923,8,TRIM28,2923,-1.0,15.452993806571222,0.40122704817065563,5.908878632486379e-21,-2.1870027383059933,1.482198174717965,0.8666666666666667,0.5652173913043478,23,15
4167,8,ZEB1,4167,1.0,6.459916600491974,0.3118803495256358,7.450590913086479e-13,3.6374971346987652,3.126255957271364,0.875,0.56,25,16
4158,8,ZEB1,4158,1.0,6.459916600491974,-0.4759525952595261,6.514759204065455e-30,-8.337416771115963,10.943126826586495,0.875,0.56,25,16
4152,8,ZEB1,4152,1.0,6.459916600491974,0.42742181050403183,7.615185871387511e-24,14.630937909490783,21.499658062997312,0.875,0.56,25,16
4175,8,ZEB1,4175,1.0,6.459916600491974,-0.522674720888238,9.505513406977173e-37,-3.593964423375146,3.1642475337846387,0.875,0.56,25,16
4173,8,ZEB1,4173,1.0,6.459916600491974,0.147770087567763,0.0008659874344709234,9.978815085892757,13.28998552330636,0.875,0.56,25,16
4174,8,ZEB1,4174,1.0,6.459916600491974,0.5667428854686712,3.0145948269102345e-44,2.6410646706783214,1.975557490685371,0.875,0.56,25,16
4166,8,ZEB1,4166,1.0,6.459916600491974,0.49462853117609906,1.6116035273318595e-32,7.263661382392595,8.60591884757805,0.875,0.56,25,16
4154,8,ZEB1,4154,1.0,6.459916600491974,0.8874943394960617,2.2810825955973673e-171,5.594887844186274,6.576690667945711,0.875,0.56,25,16
4164,8,ZEB1,4164,1.0,6.459916600491974,-0.4609349754851263,6.260188791937224e-28,-8.73717016976575,10.964687272107017,0.875,0.56,25,16
4176,8,ZEB1,4176,1.0,6.459916600491974,-0.4903774228354513,6.528036197430498e-32,-4.510043229564586,4.423207330175587,0.875,0.56,25,16
4163,8,ZEB1,4163,1.0,6.459916600491974,0.45003345055002403,1.4980213781437957e-26,11.256188318589137,15.331098173998969,0.875,0.56,25,16
4153,8,ZEB1,4153,1.0,6.459916600491974,-0.5567844051485895,1.8728423744268462e-42,-10.264668170069614,15.032927424692495,0.875,0.56,25,16
4168,8,ZEB1,4168,1.0,6.459916600491974,0.2538532424671039,7.227821748870003e-09,9.501279881115144,11.843045371555602,0.875,0.56,25,16
4159,8,ZEB1,4159,1.0,6.459916600491974,-0.5210321032103211,1.7244923967215222e-36,-5.369014272534936,5.664200333728524,0.875,0.56,25,16
5757,8,MEOX2,5757,1.0,1.8859065297317803,0.31354011177515273,5.550107356898163e-13,2.076100612800475,1.3543957479608422,0.8421052631578947,0.64,25,19
5767,8,MEOX2,5767,1.0,1.8859065297317803,-0.22532104142091228,3.1066755218045203e-07,-4.248350147194622,4.018691756429522,0.8421052631578947,0.64,25,19
5769,8,MEOX2,5769,1.0,1.8859065297317803,0.20213105161447825,4.685081681721303e-06,6.319225214258227,6.886255158405668,0.8421052631578947,0.64,25,19
5766,8,MEOX2,5766,1.0,1.8859065297317803,0.6498794289366826,6.264735240464889e-62,2.5965690772519165,1.896985710573576,0.8421052631578947,0.64,25,19
5779,8,MEOX2,5779,1.0,1.8859065297317803,0.19195071681081152,1.40345865967573e-05,3.9936416791418727,3.6387402693600293,0.8421052631578947,0.64,25,19
5762,8,MEOX2,5762,1.0,1.8859065297317803,-0.2935895142309263,1.695126931754687e-11,-7.979085689838074,9.659182702398246,0.8421052631578947,0.64,25,19
5764,8,MEOX2,5764,1.0,1.8859065297317803,0.5674799156934328,2.208391051835198e-44,5.93311348681337,6.708029390344184,0.8421052631578947,0.64,25,19
5772,8,MEOX2,5772,1.0,1.8859065297317803,0.3682364199152835,1.1574450756793672e-17,3.0899000192022954,2.4677082558990597,0.8421052631578947,0.64,25,19
5765,8,MEOX2,5765,1.0,1.8859065297317803,0.3550594189853769,1.8905869624144364e-16,9.827156194865942,13.543548598068167,0.8421052631578947,0.64,25,19
5774,8,MEOX2,5774,1.0,1.8859065297317803,0.3733721508796843,3.761153317526904e-18,3.8921428067255626,3.525006110328693,0.8421052631578947,0.64,25,19
5778,8,MEOX2,5778,1.0,1.8859065297317803,0.2704852472824923,6.455690203117913e-10,5.890117774663281,6.362556179590619,0.8421052631578947,0.64,25,19
5763,8,MEOX2,5763,1.0,1.8859065297317803,-0.2553156557891814,5.884095766774345e-09,-7.855574094694565,9.99598371636096,0.8421052631578947,0.64,25,19
5759,8,MEOX2,5759,1.0,1.8859065297317803,-0.20095320091015317,5.334628130873629e-06,-5.726501838852389,6.26828286713452,0.8421052631578947,0.64,25,19
5756,8,MEOX2,5756,1.0,1.8859065297317803,-0.26644537124519907,1.178921237668604e-09,-10.766418737746287,15.991447141799705,0.8421052631578947,0.64,25,19
5770,8,MEOX2,5770,1.0,1.8859065297317803,0.2665335167057079,1.163656105131478e-09,2.1996355129533454,1.4967053255718687,0.8421052631578947,0.64,25,19
5755,8,MEOX2,5755,1.0,1.8859065297317803,0.5185396179369491,4.2315669147114695e-36,6.086756022545795,7.3724689840650415,0.8421052631578947,0.64,25,19
8571,8,TFAP2E,8571,-1.0,5.383781806343821,0.42124109926520614,3.860277665708375e-23,-5.8423487482708065,6.3811006058012545,0.7222222222222222,0.52,25,18
8570,8,TFAP2E,8570,-1.0,5.383781806343821,-0.3985308779325138,1.1342633631880962e-20,7.00182037877464,7.908712597443194,0.7222222222222222,0.52,25,18
8577,8,TFAP2E,8577,-1.0,5.383781806343821,-0.16558022261853517,0.00018581317966403154,2.2371454953525722,1.5109269609127192,0.7222222222222222,0.52,25,18
8566,8,TFAP2E,8566,-1.0,5.383781806343821,-0.27399578467163493,3.7942191957233634e-10,10.040963938729584,12.661209697973852,0.7222222222222222,0.52,25,18
8563,8,TFAP2E,8563,-1.0,5.383781806343821,0.4879626471963968,1.4325264633067055e-31,-9.42926423351171,12.141625067327663,0.7222222222222222,0.52,25,18
8564,8,TFAP2E,8564,-1.0,5.383781806343821,-0.33992812324710736,3.993873133528305e-15,10.11404671044854,13.512523121922744,0.7222222222222222,0.52,25,18
8574,8,TFAP2E,8574,-1.0,5.383781806343821,0.3810071690398854,6.81227955639027e-19,-7.416507942935151,9.258103735948401,0.7222222222222222,0.52,25,18
8582,8,TFAP2E,8582,-1.0,5.383781806343821,0.3999793147016566,7.996327912809553e-21,-2.304831462704411,1.57871904153625,0.7222222222222222,0.52,25,18
8573,8,TFAP2E,8573,-1.0,5.383781806343821,-0.33620076293343626,8.256858628836276e-15,9.83030627115182,12.988403197326232,0.7222222222222222,0.52,25,18
8560,8,TFAP2E,8560,-1.0,5.383781806343821,-0.24497906312370374,2.4501511648183476e-08,7.776147048935185,9.067714046561424,0.7222222222222222,0.52,25,18
8583,8,TFAP2E,8583,-1.0,5.383781806343821,0.29382590432956346,1.6303035964249017e-11,-9.892978339794563,13.295900600556637,0.7222222222222222,0.52,25,18
8567,8,TFAP2E,8567,-1.0,5.383781806343821,0.5055778559222384,4.005598188447134e-34,-8.468566449105461,10.195618703705634,0.7222222222222222,0.52,25,18
8562,8,TFAP2E,8562,-1.0,5.383781806343821,-0.40631563156315637,1.697825861335292e-21,10.771750672774298,13.963423609838488,0.7222222222222222,0.52,25,18
7898,8,SOX2,7898,1.0,4.213490802644135,0.22893575071792902,1.980312120475583e-07,8.212748478765269,9.712350976564542,0.7222222222222222,0.52,25,18
7909,8,SOX2,7909,1.0,4.213490802644135,0.5907030765188321,8.04123102065223e-49,6.784277537699947,7.733969222366186,0.7222222222222222,0.52,25,18
7919,8,SOX2,7919,1.0,4.213490802644135,0.21535603870946105,1.0344634360723958e-06,12.267365690951213,15.657517909402292,0.7222222222222222,0.52,25,18
7911,8,SOX2,7911,1.0,4.213490802644135,0.19203942133343774,1.3904444729859468e-05,5.75758332816115,6.045594431084876,0.7222222222222222,0.52,25,18
7900,8,SOX2,7900,1.0,4.213490802644135,0.4947497544785535,1.548135530208668e-32,5.049155157432377,5.1450915222488005,0.7222222222222222,0.52,25,18
7908,8,SOX2,7908,1.0,4.213490802644135,0.21232890369782326,1.4743543078708396e-06,2.6314822529703616,1.9381306716670337,0.7222222222222222,0.52,25,18
7917,8,SOX2,7917,1.0,4.213490802644135,0.29166410429862866,2.3256638171777845e-11,2.4638201319984856,1.7467859128406735,0.7222222222222222,0.52,25,18
7906,8,SOX2,7906,1.0,4.213490802644135,0.3638746172753922,2.960011556577969e-17,9.352337091006518,12.049067987239521,0.7222222222222222,0.52,25,18
7896,8,SOX2,7896,1.0,4.213490802644135,0.45371161339736465,5.197695301015386e-27,5.759904615136528,6.842735619021596,0.7222222222222222,0.52,25,18
7897,8,SOX2,7897,1.0,4.213490802644135,0.31075029863234777,9.095085420883577e-13,2.064800905544697,1.343840916614009,0.7222222222222222,0.52,25,18
7915,8,SOX2,7915,1.0,4.213490802644135,0.09883743032688364,0.026348819054836662,10.319399572380407,13.614665944603763,0.7222222222222222,0.52,25,18
7905,8,SOX2,7905,1.0,4.213490802644135,0.4398208764975878,2.648189609840936e-25,6.811060267129445,7.8333571727038604,0.7222222222222222,0.52,25,18
7918,8,SOX2,7918,1.0,4.213490802644135,0.2013450102774253,5.109564452965409e-06,5.887542896578759,6.525011525105988,0.7222222222222222,0.52,25,18
8443,8,TCF7L1,8443,1.0,6.0898791067513205,0.19416152795403768,1.111241454843145e-05,4.453003007476874,4.199446220944313,0.6666666666666666,0.42105263157894735,19,12
8426,8,TCF7L1,8426,1.0,6.0898791067513205,0.8422028538257554,4.780523822363768e-137,6.178908903536586,7.552529948298761,0.6666666666666666,0.42105263157894735,19,12
8434,8,TCF7L1,8434,1.0,6.0898791067513205,0.5285028502850285,1.118537684681218e-37,2.448572927027906,1.7304628749155384,0.6666666666666666,0.42105263157894735,19,12
8427,8,TCF7L1,8427,1.0,6.0898791067513205,0.5605096223908106,4.062363436825877e-43,2.3094869320814144,1.5852229142751462,0.6666666666666666,0.42105263157894735,19,12
8431,8,TCF7L1,8431,1.0,6.0898791067513205,0.7889158481065499,1.906963944096181e-108,2.3870477143461737,1.674583444608749,0.6666666666666666,0.42105263157894735,19,12
8437,8,TCF7L1,8437,1.0,6.0898791067513205,0.5487623296491141,4.717359188067641e-41,10.565344761604578,14.69939820216408,0.6666666666666666,0.42105263157894735,19,12
8440,8,TCF7L1,8440,1.0,6.0898791067513205,0.12386729356165434,0.005313034810953713,6.752541816751726,7.975438352758418,0.6666666666666666,0.42105263157894735,19,12
8432,8,TCF7L1,8432,1.0,6.0898791067513205,0.4676652447853482,8.32072020824017e-29,2.483875187277901,1.7636948149385474,0.6666666666666666,0.42105263157894735,19,12
5965,8,ZNF282,5965,-1.0,5.143541313836626,0.1891767437613327,1.8741031816798564e-05,-6.651625464290093,7.535208881694566,0.75,0.75,4,4
5964,8,ZNF282,5964,-1.0,5.143541313836626,0.06891959382273632,0.12191705527123248,-5.270357641494465,5.5700823210311725,0.75,0.75,4,4
5962,8,ZNF282,5962,-1.0,5.143541313836626,0.3321205412466713,1.8081295377582044e-14,-10.468323482385607,15.462414602385588,0.75,0.75,4,4
2754,8,GABPA,2754,1.0,21.195385964438245,0.385079750211046,2.6879220641522424e-19,8.804493171132576,10.944137593888227,1.0,0.8,25,20
2738,8,GABPA,2738,1.0,21.195385964438245,0.601223134735834,5.937777615308838e-51,9.717237725384962,12.164185585072808,1.0,0.8,25,20
2758,8,GABPA,2758,1.0,21.195385964438245,0.567578031095035,2.118645982897481e-44,5.0957855146094335,5.101362557355771,1.0,0.8,25,20
2749,8,GABPA,2749,1.0,21.195385964438245,0.24206811985546386,3.6199330368130575e-08,5.2014809389165375,5.479563554888907,1.0,0.8,25,20
2747,8,GABPA,2747,1.0,21.195385964438245,0.3557598306414493,1.635024955745203e-16,6.82491758110435,8.050059891482062,1.0,0.8,25,20
2742,8,GABPA,2742,1.0,21.195385964438245,-0.45524418901517494,3.3312635785598455e-27,-8.271736741975616,10.131372161712276,1.0,0.8,25,20
2752,8,GABPA,2752,1.0,21.195385964438245,0.532541421844048,2.4774943654103996e-38,10.949085214514751,15.2484253322146,1.0,0.8,25,20
2745,8,GABPA,2745,1.0,21.195385964438245,0.348071701580096,7.894368743083803e-16,2.2319554110533613,1.5267383330311484,1.0,0.8,25,20
2736,8,GABPA,2736,1.0,21.195385964438245,-0.4347220436329348,1.0717978861136066e-24,-10.625457836713434,15.776473587760488,1.0,0.8,25,20
2741,8,GABPA,2741,1.0,21.195385964438245,-0.2868713579432478,5.057647804103067e-11,-9.254043959115084,12.010440984208138,1.0,0.8,25,20
2743,8,GABPA,2743,1.0,21.195385964438245,0.7512355272794362,8.249565871348709e-93,10.153546420787283,12.94086337105656,1.0,0.8,25,20
2746,8,GABPA,2746,1.0,21.195385964438245,0.5277988979022127,1.4516412372663436e-37,2.6043718544004717,1.8961430121376908,1.0,0.8,25,20
2753,8,GABPA,2753,1.0,21.195385964438245,-0.3576375339397294,1.1057647572958488e-16,-7.827227031275399,9.279680287778948,1.0,0.8,25,20
2748,8,GABPA,2748,1.0,21.195385964438245,-0.21229750304222972,1.4797435979031877e-06,-8.410970800843465,11.50980853087652,1.0,0.8,25,20
2735,8,GABPA,2735,1.0,21.195385964438245,0.6714254965869259,1.83106187313389e-67,14.24824711104185,20.63102794701654,1.0,0.8,25,20
2737,8,GABPA,2737,1.0,21.195385964438245,0.2673760233166174,1.0271171540373852e-09,5.210963181443025,5.891199765890156,1.0,0.8,25,20
2751,8,GABPA,2751,1.0,21.195385964438245,0.7166148602437885,9.725312948447083e-81,7.709063430390268,8.929744908950155,1.0,0.8,25,20
2755,8,GABPA,2755,1.0,21.195385964438245,0.41085773173590656,5.476696203937386e-22,9.87551980781049,13.497380217005572,1.0,0.8,25,20
2739,8,GABPA,2739,1.0,21.195385964438245,-0.4420117477586269,1.4417437587652626e-25,-9.005170916048787,12.615326796887286,1.0,0.8,25,20
2744,8,GABPA,2744,1.0,21.195385964438245,-0.44993990082238045,1.5386411374504303e-26,-8.867138218913013,11.437507070711137,1.0,0.8,25,20
3046,8,HLF,3046,1.0,6.145236196299719,0.25968351493534453,3.1590510589570997e-09,14.039738362089873,20.135209236283746,0.9230769230769231,0.6666666666666666,18,13
3056,8,HLF,3056,1.0,6.145236196299719,0.45549306483443375,3.098434934237996e-27,3.896730955748395,3.5290425619991166,0.9230769230769231,0.6666666666666666,18,13
3053,8,HLF,3053,1.0,6.145236196299719,0.30520225935637046,2.3916965787513316e-12,4.210921953048296,3.9710278114075495,0.9230769230769231,0.6666666666666666,18,13
3052,8,HLF,3052,1.0,6.145236196299719,0.7276688227828996,2.1704374658486265e-84,2.1284432279219643,1.4113115665518292,0.9230769230769231,0.6666666666666666,18,13
3055,8,HLF,3055,1.0,6.145236196299719,0.5345495729697194,1.16198065113026e-38,9.553435018208857,13.004813809921082,0.9230769230769231,0.6666666666666666,18,13
3061,8,HLF,3061,1.0,6.145236196299719,0.39511985360026697,2.5663399691175892e-20,2.870518970568928,2.2153288958274784,0.9230769230769231,0.6666666666666666,18,13
3047,8,HLF,3047,1.0,6.145236196299719,0.8245631395437681,1.6299259775611355e-126,5.006152428847515,5.433643696186745,0.9230769230769231,0.6666666666666666,18,13
3050,8,HLF,3050,1.0,6.145236196299719,-0.44916923369355577,1.917437314747927e-26,-4.426387006233689,4.350113257322525,0.9230769230769231,0.6666666666666666,18,13
3057,8,HLF,3057,1.0,6.145236196299719,0.27724617182215117,2.3038089545317014e-10,2.08767395004562,1.3632452647609137,0.9230769230769231,0.6666666666666666,18,13
3059,8,HLF,3059,1.0,6.145236196299719,0.33768889311291383,6.1857993788728e-15,4.035076924337884,3.668824977480037,0.9230769230769231,0.6666666666666666,18,13
3048,8,HLF,3048,1.0,6.145236196299719,0.4345132339320889,1.1343813505086623e-24,2.5662148006525265,1.8552211469692141,0.9230769230769231,0.6666666666666666,18,13
3063,8,HLF,3063,1.0,6.145236196299719,0.24184989927564193,3.7266677858090306e-08,7.109598620774661,8.233185812041471,0.9230769230769231,0.6666666666666666,18,13
58,8,NFIB,58,1.0,10.633020635961973,-0.36584177051245503,1.9415628029092523e-17,-8.337513091033696,10.706449405874874,0.9,0.75,12,10
59,8,NFIB,59,1.0,10.633020635961973,0.2911611347470151,2.5249616341303853e-11,8.493207851708181,10.278606572608988,0.9,0.75,12,10
54,8,NFIB,54,1.0,10.633020635961973,-0.35805971901537986,1.0123140271167027e-16,-8.105650806322371,10.016772242619485,0.9,0.75,12,10
51,8,NFIB,51,1.0,10.633020635961973,-0.44443947500340103,7.311884141605876e-26,-10.824509752577347,15.883163545699919,0.9,0.75,12,10
52,8,NFIB,52,1.0,10.633020635961973,0.22255638607338996,4.36197353740758e-07,4.419351867830504,4.4787572837328335,0.9,0.75,12,10
50,8,NFIB,50,1.0,10.633020635961973,0.4303932256579696,3.447976763996602e-24,14.737148140068467,21.75955761062272,0.9,0.75,12,10
56,8,NFIB,56,1.0,10.633020635961973,-0.43758965958707685,4.896731432292477e-25,-7.6030582795800585,9.36232038899199,0.9,0.75,12,10
53,8,NFIB,53,1.0,10.633020635961973,0.4135082452344614,2.8072843726390364e-22,5.921560901116995,6.294375724216178,0.9,0.75,12,10
60,8,NFIB,60,1.0,10.633020635961973,0.35684813822997213,1.3037999202022874e-16,3.570861135441067,3.044614684126453,0.9,0.75,12,10
5413,8,ATF2,5413,1.0,21.219152150266805,0.6498546438494782,6.353456863564858e-62,9.595073775173475,12.354957950287622,0.9411764705882353,0.7619047619047619,21,17
5408,8,ATF2,5408,1.0,21.219152150266805,-0.6284890600861329,7.29596695958343e-57,-11.030148954195825,16.152264804855363,0.9411764705882353,0.7619047619047619,21,17
5416,8,ATF2,5416,1.0,21.219152150266805,0.609689850972675,9.991488656089063e-53,7.030385766716101,7.913757453904343,0.9411764705882353,0.7619047619047619,21,17
5410,8,ATF2,5410,1.0,21.219152150266805,-0.5762258834579111,5.175878176480934e-46,-10.482128462865484,13.794748745939778,0.9411764705882353,0.7619047619047619,21,17
5417,8,ATF2,5417,1.0,21.219152150266805,0.43858339250074085,3.7260950955821167e-25,6.825644525967735,8.149161871577233,0.9411764705882353,0.7619047619047619,21,17
5407,8,ATF2,5407,1.0,21.219152150266805,0.7977686899124697,1.3645786810912879e-112,14.043633981449664,20.383901362694452,0.9411764705882353,0.7619047619047619,21,17
5409,8,ATF2,5409,1.0,21.219152150266805,0.19919597549817097,6.465661047026081e-06,4.35726747844771,4.397539881237761,0.9411764705882353,0.7619047619047619,21,17
5414,8,ATF2,5414,1.0,21.219152150266805,-0.48436815731262567,4.562096313349527e-31,-6.726347981770132,8.16890046929842,0.9411764705882353,0.7619047619047619,21,17
5415,8,ATF2,5415,1.0,21.219152150266805,-0.4898585200134921,7.733161849142556e-32,-6.647628132394308,7.599465311760587,0.9411764705882353,0.7619047619047619,21,17
5412,8,ATF2,5412,1.0,21.219152150266805,0.594625549511473,1.3172971390038962e-49,10.164392851824116,13.325383992031025,0.9411764705882353,0.7619047619047619,21,17
5418,8,ATF2,5418,1.0,21.219152150266805,-0.4008523833749835,6.471656522901101e-21,-6.969511515518761,8.131422092807117,0.9411764705882353,0.7619047619047619,21,17
5411,8,ATF2,5411,1.0,21.219152150266805,0.5715178350133151,3.958669447171535e-45,9.474272373491056,11.843939777938326,0.9411764705882353,0.7619047619047619,21,17
5423,8,ATF2,5423,1.0,21.219152150266805,0.4489260416724904,2.0551005699573994e-26,6.280580274936715,6.889065964229167,0.9411764705882353,0.7619047619047619,21,17
5420,8,ATF2,5420,1.0,21.219152150266805,-0.5239607501122784,5.949200337915053e-37,-8.016102382037875,10.406384642951956,0.9411764705882353,0.7619047619047619,21,17
5424,8,ATF2,5424,1.0,21.219152150266805,0.5509354040994162,1.9855166847558638e-41,4.404173675954032,4.165251122639579,0.9411764705882353,0.7619047619047619,21,17
5419,8,ATF2,5419,1.0,21.219152150266805,0.4881130349059751,1.3643479505424422e-31,7.95965083682061,9.89449187649646,0.9411764705882353,0.7619047619047619,21,17
5785,8,MYBL2,5785,1.0,1.58900265824416,0.30310950349693355,3.426107692170805e-12,8.438264131429186,10.130444352248151,0.5,0.375,8,6
5782,8,MYBL2,5782,1.0,1.58900265824416,0.8491610341158341,1.451845699918293e-141,2.2557089579337486,1.526791458039453,0.5,0.375,8,6
5787,8,MYBL2,5787,1.0,1.58900265824416,0.28037421754597824,1.4165157169726063e-10,2.3749214893149597,1.660197086252027,0.5,0.375,8,6
8265,8,OSR1,8265,1.0,6.612337371194699,0.5021152115211522,1.3073614636716628e-33,5.477389080051631,5.678240114673851,0.75,0.5625,16,12
8263,8,OSR1,8263,1.0,6.612337371194699,0.3783119305719393,1.2516336608327474e-18,9.056686173858655,11.618227065183888,0.75,0.5625,16,12
8260,8,OSR1,8260,1.0,6.612337371194699,0.4286195079135243,5.538429363326852e-24,3.0999874719534177,2.4730440364777846,0.75,0.5625,16,12
8259,8,OSR1,8259,1.0,6.612337371194699,0.43843542739367114,3.881020071882599e-25,2.833826577468685,2.1442309894214877,0.75,0.5625,16,12
8267,8,OSR1,8267,1.0,6.612337371194699,0.27997635167243434,1.5074244829634935e-10,2.9604739850772113,2.3179000167384505,0.75,0.5625,16,12
8261,8,OSR1,8261,1.0,6.612337371194699,0.26093730491061534,2.6369036787942628e-09,5.816228350324727,6.501453610008162,0.75,0.5625,16,12
8253,8,OSR1,8253,1.0,6.612337371194699,0.5082218470294235,1.6084876545705459e-34,2.0379870927050643,1.3185067393250447,0.75,0.5625,16,12
8252,8,OSR1,8252,1.0,6.612337371194699,0.6417050090102179,6.034671725355293e-60,5.510899564602039,6.380977367886619,0.75,0.5625,16,12
8258,8,OSR1,8258,1.0,6.612337371194699,0.4009268318136162,6.355774386403686e-21,6.688161672777344,7.871546060357026,0.75,0.5625,16,12
5227,8,TNFRSF10A,5227,1.0,20.622803536352443,0.294949432831482,1.3538512126805384e-11,4.9868134459561055,5.530157572369905,1.0,0.8,5,4
5225,8,TNFRSF10A,5225,1.0,20.622803536352443,0.5501351998553894,2.7326650610532814e-41,14.690199334898072,21.890863269932318,1.0,0.8,5,4
5226,8,TNFRSF10A,5226,1.0,20.622803536352443,-0.45427990003969354,4.4084382883771354e-27,-11.226957373785876,16.720007052125187,1.0,0.8,5,4
5229,8,TNFRSF10A,5229,1.0,20.622803536352443,0.35470301688553957,2.0353105970743028e-16,3.2886113159062034,2.7304231759831277,1.0,0.8,5,4
111,8,MTERF1,111,1.0,3.1320190324819985,0.36956018583224787,8.679681287542048e-18,14.86550056250168,21.977597334665294,1.0,1.0,4,4
113,8,MTERF1,113,1.0,3.1320190324819985,0.44075833049143426,2.04265347070083e-25,7.712143135063501,8.895599448340706,1.0,1.0,4,4
114,8,MTERF1,114,1.0,3.1320190324819985,-0.15645483803038693,0.0004172469492597359,-4.69320348050689,4.69146858002647,1.0,1.0,4,4
112,8,MTERF1,112,1.0,3.1320190324819985,-0.11197417878433806,0.011802523780608977,-9.03892651119128,12.54265331470632,1.0,1.0,4,4
1492,8,HIF1A,1492,1.0,14.298685963462153,0.46673533813008644,1.102596377441605e-28,6.483005486573058,7.246776487138117,1.0,1.0,5,5
1490,8,HIF1A,1490,1.0,14.298685963462153,-0.6216566687724674,2.5064049793705222e-55,-10.40399289055591,14.949301754349065,1.0,1.0,5,5
1489,8,HIF1A,1489,1.0,14.298685963462153,0.7189415835993538,1.7138043155017242e-81,14.878349873855228,21.812069470265254,1.0,1.0,5,5
1491,8,HIF1A,1491,1.0,14.298685963462153,-0.5782440977016957,2.142013573469968e-46,-10.746529402584775,13.932299308635029,1.0,1.0,5,5
1493,8,HIF1A,1493,1.0,14.298685963462153,-0.43059868098611115,3.2632064607421246e-24,-6.832494571581837,7.622380328787784,1.0,1.0,5,5
3927,8,KLF13,3927,1.0,9.416532870956535,0.36437833224316224,2.6577724692734174e-17,4.804967224640057,5.162353244023519,0.8947368421052632,0.68,25,19
3947,8,KLF13,3947,1.0,9.416532870956535,0.1974390296172475,7.823023096575807e-06,2.9031924562390894,2.2266001175909045,0.8947368421052632,0.68,25,19
3932,8,KLF13,3932,1.0,9.416532870956535,-0.49666649894803155,8.184223583109158e-33,-8.039144037251893,9.799045457093428,0.8947368421052632,0.68,25,19
3931,8,KLF13,3931,1.0,9.416532870956535,-0.3195547815651131,1.879812501379079e-13,-8.792809909937356,11.037074632933706,0.8947368421052632,0.68,25,19
3926,8,KLF13,3926,1.0,9.416532870956535,-0.4855694886258813,3.1023916061724566e-31,-10.317748264286116,14.833332921954641,0.8947368421052632,0.68,25,19
3944,8,KLF13,3944,1.0,9.416532870956535,-0.5520902400799087,1.2503308172123277e-41,-7.5376224930342985,9.084554758652517,0.8947368421052632,0.68,25,19
3941,8,KLF13,3941,1.0,9.416532870956535,-0.28278964542416984,9.689284087124671e-11,-7.283003428819124,8.545878455442438,0.8947368421052632,0.68,25,19
3925,8,KLF13,3925,1.0,9.416532870956535,0.6565917150721284,1.323183453544829e-63,14.139891181068894,20.53124124039591,0.8947368421052632,0.68,25,19
3945,8,KLF13,3945,1.0,9.416532870956535,0.25563180541656655,5.62723874247509e-09,7.6441498180438865,9.19604635875503,0.8947368421052632,0.68,25,19
3943,8,KLF13,3943,1.0,9.416532870956535,0.6255014321307908,3.4627382371407415e-56,5.874476185967091,6.5228989741109835,0.8947368421052632,0.68,25,19
3938,8,KLF13,3938,1.0,9.416532870956535,0.536926425561811,4.711413945317046e-39,8.591693458139568,11.212259853813093,0.8947368421052632,0.68,25,19
3935,8,KLF13,3935,1.0,9.416532870956535,-0.49936537131974074,3.3128639242833025e-33,-6.866131592440824,8.23094821743954,0.8947368421052632,0.68,25,19
3948,8,KLF13,3948,1.0,9.416532870956535,0.2002785992885003,5.744473557046857e-06,6.37568081129683,7.166326046599726,0.8947368421052632,0.68,25,19
3934,8,KLF13,3934,1.0,9.416532870956535,0.4440674191642768,8.116547604053881e-26,11.30165910958848,14.96712317733045,0.8947368421052632,0.68,25,19
3949,8,KLF13,3949,1.0,9.416532870956535,-0.16174375201495308,0.00026245384309795885,-3.1247661374737463,2.5400997746473513,0.8947368421052632,0.68,25,19
3929,8,KLF13,3929,1.0,9.416532870956535,0.6844031918719824,4.9852858183776285e-71,7.382374041372759,8.462778775075533,0.8947368421052632,0.68,25,19
3933,8,KLF13,3933,1.0,9.416532870956535,0.5451169651126604,1.9861244881643176e-40,2.5341092714844917,1.8493014418374527,0.8947368421052632,0.68,25,19
2706,8,FOXO3,2706,1.0,21.27738724397948,0.5764176417641765,4.7609400956489974e-46,8.028777604758256,9.549424515659068,1.0,0.88,25,22
2691,8,FOXO3,2691,1.0,21.27738724397948,-0.5273205270837643,1.7323628722406113e-37,-8.34230020729699,11.179315977670617,1.0,0.88,25,22
2694,8,FOXO3,2694,1.0,21.27738724397948,-0.45208874924759573,8.304824947264985e-27,-8.98588254104259,12.589115371128884,1.0,0.88,25,22
2686,8,FOXO3,2686,1.0,21.27738724397948,0.2039652412446214,3.821638313271726e-06,5.482823426110576,6.326629395956009,1.0,0.88,25,22
2700,8,FOXO3,2700,1.0,21.27738724397948,0.2829137572142308,9.50110250013777e-11,7.0547088975654,8.10024846736244,1.0,0.88,25,22
2687,8,FOXO3,2687,1.0,21.27738724397948,-0.5591153214700353,7.214134829500392e-43,-10.600657459714272,15.625674081679184,1.0,0.88,25,22
2702,8,FOXO3,2702,1.0,21.27738724397948,-0.40270651288731363,4.120941945020014e-21,-6.675947663821865,7.461545900954256,1.0,0.88,25,22
2707,8,FOXO3,2707,1.0,21.27738724397948,0.4884686915896559,1.2156259715994326e-31,11.205142943263153,15.593317427216038,1.0,0.88,25,22
2688,8,FOXO3,2688,1.0,21.27738724397948,0.6304609653511937,2.585982319911703e-57,8.061083923960283,9.499181533737644,1.0,0.88,25,22
2696,8,FOXO3,2696,1.0,21.27738724397948,0.4157492457320267,1.5880703015479076e-22,7.705197487071808,9.458496249478996,1.0,0.88,25,22
2690,8,FOXO3,2690,1.0,21.27738724397948,0.5553704438766859,3.3284415016137214e-42,10.582596030154622,13.52816493834209,1.0,0.88,25,22
2704,8,FOXO3,2704,1.0,21.27738724397948,0.5273117684439252,1.7379749325010535e-37,6.734532131114772,7.478971370284592,1.0,0.88,25,22
2693,8,FOXO3,2693,1.0,21.27738724397948,-0.5336181754821445,1.6518850197804112e-38,-8.74882079988691,11.015982179710077,1.0,0.88,25,22
2685,8,FOXO3,2685,1.0,21.27738724397948,0.6753609211852863,1.5883387258526558e-68,14.58716087902757,21.31060619538072,1.0,0.88,25,22
2701,8,FOXO3,2701,1.0,21.27738724397948,-0.36460316839137336,2.5328678655286572e-17,-8.871453056633044,12.59815249761128,1.0,0.88,25,22
2708,8,FOXO3,2708,1.0,21.27738724397948,0.28833516892061883,3.995526791398456e-11,4.023267385975546,3.6405710132549984,1.0,0.88,25,22
2695,8,FOXO3,2695,1.0,21.27738724397948,0.426765005693116,9.063274385473648e-24,5.486909524435557,5.6709422603506745,1.0,0.88,25,22
2692,8,FOXO3,2692,1.0,21.27738724397948,-0.37951596401876214,9.544710806105899e-19,-4.32859800771734,4.155442749328424,1.0,0.88,25,22
2697,8,FOXO3,2697,1.0,21.27738724397948,0.5788481643195377,1.6429335992867734e-46,10.515683517799904,13.959550309467886,1.0,0.88,25,22
2699,8,FOXO3,2699,1.0,21.27738724397948,0.569498036760198,9.381160168658784e-45,8.361832369999878,10.744286584533427,1.0,0.88,25,22
2703,8,FOXO3,2703,1.0,21.27738724397948,0.4338837299879057,1.3457272128082215e-24,10.452408211547485,13.366187261806395,1.0,0.88,25,22
2698,8,FOXO3,2698,1.0,21.27738724397948,0.3982601055136571,1.2106348210222761e-20,8.369849632956862,10.129237323527061,1.0,0.88,25,22
5319,8,NR3C2,5319,1.0,13.256973022375568,0.5457357536995937,1.5580133829318292e-40,5.678903049718198,6.70502509439304,1.0,0.75,4,3
5320,8,NR3C2,5320,1.0,13.256973022375568,-0.5724556617152399,2.646567551217773e-45,-9.95767951296127,14.818618454654542,1.0,0.75,4,3
5318,8,NR3C2,5318,1.0,13.256973022375568,0.5981338506521461,2.55739223486596e-50,13.632758055454103,19.40298065033111,1.0,0.75,4,3
4609,8,ZNF281,4609,1.0,21.225778078360666,0.7989451429615013,3.703039801013704e-113,14.697930208116057,21.7588779162813,1.0,0.84,25,21
4622,8,ZNF281,4622,1.0,21.225778078360666,0.24358718480543712,2.954701082121932e-08,3.110039433749501,2.4692868672354984,1.0,0.84,25,21
4630,8,ZNF281,4630,1.0,21.225778078360666,0.29981905022800426,5.993875631410984e-12,4.822845585378855,4.969441092211379,1.0,0.84,25,21
4631,8,ZNF281,4631,1.0,21.225778078360666,0.40486197688091796,2.4297851990314393e-21,5.331653812124309,5.624634668664082,1.0,0.84,25,21
4633,8,ZNF281,4633,1.0,21.225778078360666,0.5677813433517266,1.9440327905609205e-44,7.187448952738681,8.973062457595235,1.0,0.84,25,21
4611,8,ZNF281,4611,1.0,21.225778078360666,0.5664385693227708,3.4271557582092244e-44,7.522005318413543,8.66968464813817,1.0,0.84,25,21
4616,8,ZNF281,4616,1.0,21.225778078360666,-0.4820203759506386,9.650309728576913e-31,-8.958079729052859,12.97171014754674,1.0,0.84,25,21
4623,8,ZNF281,4623,1.0,21.225778078360666,-0.5398921569175552,1.5120913578948167e-39,-8.170715497849963,9.718094999129427,1.0,0.84,25,21
4620,8,ZNF281,4620,1.0,21.225778078360666,0.4955788435986457,1.1756558281740243e-32,5.98530026928798,6.380888644552758,1.0,0.84,25,21
4624,8,ZNF281,4624,1.0,21.225778078360666,0.5824136761502239,3.3940810513897096e-47,6.67342147460238,7.909182220774148,1.0,0.84,25,21
4614,8,ZNF281,4614,1.0,21.225778078360666,-0.6229017001078991,1.3243178743613653e-55,-8.236355065541234,10.111572797541932,1.0,0.84,25,21
4615,8,ZNF281,4615,1.0,21.225778078360666,0.6282643171149415,8.207610729119916e-57,10.754202087134974,13.727050711499501,1.0,0.84,25,21
4613,8,ZNF281,4613,1.0,21.225778078360666,-0.5456089397759653,1.6375586478409325e-40,-9.797157583076661,12.65572082387535,1.0,0.84,25,21
4619,8,ZNF281,4619,1.0,21.225778078360666,0.478355071531998,3.072592710990764e-30,7.314383104226867,8.914261681421365,1.0,0.84,25,21
4632,8,ZNF281,4632,1.0,21.225778078360666,0.6348100027394046,2.5559405559253502e-58,5.824374566618515,6.141025080320247,1.0,0.84,25,21
4628,8,ZNF281,4628,1.0,21.225778078360666,0.4988939887777598,3.882018640456116e-33,6.664229466346915,7.555818934255159,1.0,0.84,25,21
4610,8,ZNF281,4610,1.0,21.225778078360666,-0.6397945074010508,1.7203494441181034e-59,-10.655596728168945,15.473687399740593,1.0,0.84,25,21
4625,8,ZNF281,4625,1.0,21.225778078360666,-0.6115166796182726,4.072022011638398e-53,-8.359033505614105,10.747632974567512,1.0,0.84,25,21
4612,8,ZNF281,4612,1.0,21.225778078360666,-0.3153595794362045,4.010372299938598e-13,-3.979182686384921,3.802826690186232,1.0,0.84,25,21
4627,8,ZNF281,4627,1.0,21.225778078360666,-0.40081185137147257,6.535619590964553e-21,-6.825335417793593,8.102264966792735,1.0,0.84,25,21
4629,8,ZNF281,4629,1.0,21.225778078360666,0.6962728260403681,1.862340673995274e-74,13.185294594911182,20.297605480537467,1.0,0.84,25,21
5004,8,NR1H2,5004,-1.0,4.537183551801335,-0.5285900639753418,1.082945333625804e-37,14.597111644515536,21.705258250841304,1.0,0.9166666666666666,12,11
5014,8,NR1H2,5014,-1.0,4.537183551801335,-0.31298431085344564,6.126558515638774e-13,4.0832290079970415,3.6901325350177827,1.0,0.9166666666666666,12,11
5015,8,NR1H2,5015,-1.0,4.537183551801335,-0.2938169593356852,1.6327118443097122e-11,3.979445509338913,3.551933828031446,1.0,0.9166666666666666,12,11
5009,8,NR1H2,5009,-1.0,4.537183551801335,-0.4048892777476506,2.4135217767642367e-21,9.100995587792571,11.36553579264853,1.0,0.9166666666666666,12,11
5013,8,NR1H2,5013,-1.0,4.537183551801335,0.43702482049447183,5.71707702121954e-25,-6.720887565255735,7.74067024503527,1.0,0.9166666666666666,12,11
5011,8,NR1H2,5011,-1.0,4.537183551801335,-0.4677803184045114,8.035372271922647e-29,9.588775002379492,11.92915011612466,1.0,0.9166666666666666,12,11
5007,8,NR1H2,5007,-1.0,4.537183551801335,0.3496845957887715,5.693939697165333e-16,-3.384793520523605,2.9511473006977083,1.0,0.9166666666666666,12,11
5008,8,NR1H2,5008,-1.0,4.537183551801335,0.47574341285060195,6.953366887991672e-30,-9.251294473126643,11.60336349857553,1.0,0.9166666666666666,12,11
5010,8,NR1H2,5010,-1.0,4.537183551801335,0.5927504551697407,3.1375722189126724e-49,-8.084929791366786,9.938857452994277,1.0,0.9166666666666666,12,11
5006,8,NR1H2,5006,-1.0,4.537183551801335,0.4176769850898134,9.694908028397456e-23,-5.15373307818639,5.480584586632887,1.0,0.9166666666666666,12,11
5005,8,NR1H2,5005,-1.0,4.537183551801335,0.5918519491700724,4.745992500627887e-49,-11.066374156326491,16.507516446358455,1.0,0.9166666666666666,12,11
8494,8,NR6A1,8494,-1.0,4.534743949668591,0.3147293300758648,4.489270156317472e-13,-2.11305574111132,1.4129140805074911,0.1,0.05555555555555555,18,10
8634,8,HNF1B,8634,1.0,9.28685698287316,0.2835936299435915,8.531786912542244e-11,7.729060475670237,9.055274109075162,0.75,0.625,24,20
8630,8,HNF1B,8630,1.0,9.28685698287316,0.3218339921375833,1.239258093327274e-13,3.7703862671522392,3.2852994424768385,0.75,0.625,24,20
8639,8,HNF1B,8639,1.0,9.28685698287316,0.223924882175909,3.689461451490518e-07,2.6284665480143437,1.9216418030564282,0.75,0.625,24,20
8636,8,HNF1B,8636,1.0,9.28685698287316,-0.40395528071336534,3.0358548893393863e-21,-2.6885294852142785,1.9825861063669779,0.75,0.625,24,20
8629,8,HNF1B,8629,1.0,9.28685698287316,-0.3280105571429168,3.935773659103097e-14,-6.142585556534398,6.782836236505617,0.75,0.625,24,20
8619,8,HNF1B,8619,1.0,9.28685698287316,0.5120443995962736,4.2400913796735747e-35,7.793447249540238,9.107697935354745,0.75,0.625,24,20
8628,8,HNF1B,8628,1.0,9.28685698287316,0.16423735923834687,0.00020986949946288797,2.978607281444733,2.3252099793566994,0.75,0.625,24,20
8640,8,HNF1B,8640,1.0,9.28685698287316,0.2854164520198089,6.384311994170772e-11,5.723015685441875,6.085898705662112,0.75,0.625,24,20
8623,8,HNF1B,8623,1.0,9.28685698287316,0.4274221931685918,7.614412691472066e-24,8.46182442816974,10.121702519824243,0.75,0.625,24,20
8626,8,HNF1B,8626,1.0,9.28685698287316,0.4098434628364266,7.0615183360672135e-22,2.7795159108775676,2.1036839953086717,0.75,0.625,24,20
8641,8,HNF1B,8641,1.0,9.28685698287316,0.24278027747138728,3.291778445394661e-08,3.980488913090586,3.5633861231049493,0.75,0.625,24,20
8627,8,HNF1B,8627,1.0,9.28685698287316,0.2817228682896909,1.146383094858169e-10,3.1262997614176533,2.537869791403177,0.75,0.625,24,20
8635,8,HNF1B,8635,1.0,9.28685698287316,-0.2191449009608625,6.591072470877989e-07,-7.769977996111752,9.235616815157357,0.75,0.625,24,20
8633,8,HNF1B,8633,1.0,9.28685698287316,0.25731384296769383,4.433272204754554e-09,9.17232220308288,11.222349725507964,0.75,0.625,24,20
8637,8,HNF1B,8637,1.0,9.28685698287316,0.2878840590864381,4.297209014114922e-11,10.534016476188881,12.865671232337641,0.75,0.625,24,20
773,8,ZBTB16,773,1.0,15.047450993596462,0.22618414015314578,2.7918726465897287e-07,10.807036439569687,14.194035108490427,0.7777777777777778,0.56,25,18
769,8,ZBTB16,769,1.0,15.047450993596462,0.3079439931570797,1.4869873519469327e-12,6.084669986258372,6.5937420158947635,0.7777777777777778,0.56,25,18
776,8,ZBTB16,776,1.0,15.047450993596462,0.47635437456789165,5.747693919037121e-30,7.347067471746106,8.600695208138609,0.7777777777777778,0.56,25,18
771,8,ZBTB16,771,1.0,15.047450993596462,-0.1568765572209395,0.00040231694590910495,-9.209678833581012,11.579579854251863,0.7777777777777778,0.56,25,18
790,8,ZBTB16,790,1.0,15.047450993596462,0.29939136770819946,6.442499543994975e-12,2.4088991508719624,1.6850560209991243,0.7777777777777778,0.56,25,18
774,8,ZBTB16,774,1.0,15.047450993596462,0.40955791231297045,7.584126887853495e-22,3.138260625843286,2.507907737133139,0.7777777777777778,0.56,25,18
766,8,ZBTB16,766,1.0,15.047450993596462,0.24653688971381613,1.984213822838749e-08,14.59624550288408,21.33135714162791,0.7777777777777778,0.56,25,18
777,8,ZBTB16,777,1.0,15.047450993596462,0.33960060602333536,4.258736773738503e-15,7.525750623622231,8.854402965647905,0.7777777777777778,0.56,25,18
778,8,ZBTB16,778,1.0,15.047450993596462,0.2912758356581,2.4780947200249503e-11,4.799632024718669,4.673671551458962,0.7777777777777778,0.56,25,18
768,8,ZBTB16,768,1.0,15.047450993596462,-0.35131808211877097,4.0818910610739317e-16,-4.120206382093863,3.828182453363853,0.7777777777777778,0.56,25,18
770,8,ZBTB16,770,1.0,15.047450993596462,0.3587576148919241,8.745791579730991e-17,9.099555958066437,11.393225627524641,0.7777777777777778,0.56,25,18
781,8,ZBTB16,781,1.0,15.047450993596462,0.34244669808595773,2.431327806752551e-15,9.444565909818865,12.16458122177469,0.7777777777777778,0.56,25,18
772,8,ZBTB16,772,1.0,15.047450993596462,0.32370004081153464,8.787506538075964e-14,10.394440016954299,14.497462956443547,0.7777777777777778,0.56,25,18
786,8,ZBTB16,786,1.0,15.047450993596462,0.3203957973437096,1.6125852107063745e-13,5.882591620690363,6.393031110330978,0.7777777777777778,0.56,25,18
4000,8,PBX1,4000,1.0,6.858429885345182,0.43911645822967404,3.216947571487617e-25,2.1736728655493307,1.4486701164110198,0.95,0.76,25,20
4005,8,PBX1,4005,1.0,6.858429885345182,0.32415418560489595,8.07931559538167e-14,10.157779017343147,13.04429819761941,0.95,0.76,25,20
4009,8,PBX1,4009,1.0,6.858429885345182,0.3783141668204088,1.2510050338860785e-18,2.477565000940586,1.755893703994623,0.95,0.76,25,20
3999,8,PBX1,3999,1.0,6.858429885345182,-0.6018259900524215,4.457192278456573e-51,-10.492040669222176,15.310362299672013,0.95,0.76,25,20
4019,8,PBX1,4019,1.0,6.858429885345182,0.3121436677829274,7.111393709778496e-13,6.336979441285725,7.349875234281969,0.95,0.76,25,20
4013,8,PBX1,4013,1.0,6.858429885345182,0.3464958918252074,1.0843531294416364e-15,9.008379895356144,11.065774468521548,0.95,0.76,25,20
4018,8,PBX1,4018,1.0,6.858429885345182,0.5301096879874324,6.155223499550588e-38,8.20068320865634,9.882451131721357,0.95,0.76,25,20
3998,8,PBX1,3998,1.0,6.858429885345182,0.7460515306189006,7.052726021075656e-91,5.698172301343784,6.699760989218321,0.95,0.76,25,20
4001,8,PBX1,4001,1.0,6.858429885345182,0.23558327882477692,8.483518223962335e-08,7.452105101962012,8.535933550544392,0.95,0.76,25,20
4008,8,PBX1,4008,1.0,6.858429885345182,0.3797288735084689,9.0969605898969e-19,8.704874078378118,10.621133711426573,0.95,0.76,25,20
4021,8,PBX1,4021,1.0,6.858429885345182,0.41278342119926287,3.3721914599610964e-22,6.0287177449089535,6.525409155985725,0.95,0.76,25,20
4020,8,PBX1,4020,1.0,6.858429885345182,0.41892723433834067,7.027457584971083e-23,2.031728934514546,1.311662054657636,0.95,0.76,25,20
4016,8,PBX1,4016,1.0,6.858429885345182,0.3635334030297441,3.1836993402519537e-17,3.95859775796976,3.536943558060491,0.95,0.76,25,20
4012,8,PBX1,4012,1.0,6.858429885345182,0.4767008067266355,5.158525085150897e-30,3.2680959822825413,2.660900530757981,0.95,0.76,25,20
3997,8,PBX1,3997,1.0,6.858429885345182,0.5730469630814014,2.051824066481933e-45,14.387244053257794,20.813248124304902,0.95,0.76,25,20
4002,8,PBX1,4002,1.0,6.858429885345182,0.77072797341846,1.5919784607780038e-100,3.2022786854695364,2.60847917126138,0.95,0.76,25,20
4006,8,PBX1,4006,1.0,6.858429885345182,-0.42764487628887116,7.177376806041343e-24,-7.822583202310595,10.227113921406398,0.95,0.76,25,20
4007,8,PBX1,4007,1.0,6.858429885345182,0.47566579639330403,7.123437382436384e-30,2.5077426022880736,1.799171568842732,0.95,0.76,25,20
4017,8,PBX1,4017,1.0,6.858429885345182,0.5962019183284789,6.322651030164043e-50,7.023718333054855,7.929215799595739,0.95,0.76,25,20
4051,8,BHLHA15,4051,1.0,2.588516187961505,0.22209916643838298,4.6118595892168484e-07,14.360903324530858,20.8492156469661,0.5,0.5,2,2
2570,8,NR2F6,2570,-1.0,15.561217411333097,-0.36676645925462115,1.5908376537595447e-17,2.0944245680761964,1.3830087310505852,1.0,0.88,25,22
2563,8,NR2F6,2563,-1.0,15.561217411333097,0.28806616686513375,4.172839559431924e-11,-3.9109714289312802,3.4795936601067416,1.0,0.88,25,22
2572,8,NR2F6,2572,-1.0,15.561217411333097,-0.4042446791262978,2.8277722593758738e-21,9.625992009557917,11.995836340231035,1.0,0.88,25,22
2569,8,NR2F6,2569,-1.0,15.561217411333097,-0.32865500835797873,3.486573754664071e-14,2.3290156152385437,1.6043251758787005,1.0,0.88,25,22
2567,8,NR2F6,2567,-1.0,15.561217411333097,0.633937679482234,4.077911855268365e-58,-5.279217317473085,5.598172016455717,1.0,0.88,25,22
2560,8,NR2F6,2560,-1.0,15.561217411333097,0.8297782573288386,1.6791287939617374e-129,-10.883901218285102,16.070288083297495,1.0,0.88,25,22
2559,8,NR2F6,2559,-1.0,15.561217411333097,-0.6996398708193802,1.8491422727362144e-75,14.834339472673816,21.89164784889507,1.0,0.88,25,22
2577,8,NR2F6,2577,-1.0,15.561217411333097,0.495124139743167,1.3673345835651975e-32,-2.8564219385783565,2.211089577808763,1.0,0.88,25,22
2573,8,NR2F6,2573,-1.0,15.561217411333097,-0.5943806803040553,1.4758597890752022e-49,10.739544038244455,14.236648744844125,1.0,0.88,25,22
2582,8,NR2F6,2582,-1.0,15.561217411333097,-0.36354309343977886,3.1771230817226726e-17,6.692971739281055,7.644802179493642,1.0,0.88,25,22
2578,8,NR2F6,2578,-1.0,15.561217411333097,-0.38626132799615376,2.0472828621599088e-19,3.5195220213339558,2.974518634928151,1.0,0.88,25,22
2561,8,NR2F6,2561,-1.0,15.561217411333097,-0.47468725133382916,9.655348219742179e-30,5.108591978996594,5.686463468816935,1.0,0.88,25,22
2579,8,NR2F6,2579,-1.0,15.561217411333097,-0.44593878642522644,4.7944879314225806e-26,3.440185570977968,2.939975273400748,1.0,0.88,25,22
2580,8,NR2F6,2580,-1.0,15.561217411333097,-0.41756163193959156,9.986370811919571e-23,7.918071846952813,9.26713693357077,1.0,0.88,25,22
2576,8,NR2F6,2576,-1.0,15.561217411333097,-0.45927036803059196,1.0241630932551252e-27,8.681294495467013,10.754456317775812,1.0,0.88,25,22
2564,8,NR2F6,2564,-1.0,15.561217411333097,0.7148808359096781,3.5064463156944515e-80,-8.941382564947343,11.681311572273502,1.0,0.88,25,22
2581,8,NR2F6,2581,-1.0,15.561217411333097,-0.5654319779804069,5.23333252457088e-44,6.253698216613542,6.865352042123347,1.0,0.88,25,22
2571,8,NR2F6,2571,-1.0,15.561217411333097,0.2584372722986585,3.776918447060673e-09,-8.47323715776579,11.935254566827567,1.0,0.88,25,22
2583,8,NR2F6,2583,-1.0,15.561217411333097,-0.440843494287317,1.994959288159467e-25,2.6481034872591738,1.9710767822234276,1.0,0.88,25,22
2568,8,NR2F6,2568,-1.0,15.561217411333097,-0.4592834128133311,1.020230666911042e-27,9.383109661473643,12.025691101154678,1.0,0.88,25,22
2565,8,NR2F6,2565,-1.0,15.561217411333097,-0.4854251574225746,3.2497632864442894e-31,8.152518732425929,9.593473530903777,1.0,0.88,25,22
2574,8,NR2F6,2574,-1.0,15.561217411333097,-0.3033950910619012,3.2626704580471855e-12,8.51038648161054,10.261524479299911,1.0,0.88,25,22
6717,8,GLIS2,6717,1.0,6.449934618096484,0.3463450382305312,1.1177039436129463e-15,3.075105741017024,2.4454657664190838,0.7368421052631579,0.56,25,19
6713,8,GLIS2,6713,1.0,6.449934618096484,0.5132689666482178,2.7562688175796837e-35,9.739472595191161,12.718339736968968,0.7368421052631579,0.56,25,19
6703,8,GLIS2,6703,1.0,6.449934618096484,0.6626398354121127,3.757545757927798e-65,2.154004804773011,1.4296126286135042,0.7368421052631579,0.56,25,19
6722,8,GLIS2,6722,1.0,6.449934618096484,0.4734462266102387,1.417955616876394e-29,2.3621945664416932,1.6735280294372947,0.7368421052631579,0.56,25,19
6720,8,GLIS2,6720,1.0,6.449934618096484,0.6813142804963728,3.655939904978889e-70,3.034810429976834,2.4234908498461407,0.7368421052631579,0.56,25,19
6708,8,GLIS2,6708,1.0,6.449934618096484,0.7431785103976237,7.923527903292529e-90,2.537352802623063,1.8200459880407842,0.7368421052631579,0.56,25,19
6702,8,GLIS2,6702,1.0,6.449934618096484,0.812522991429578,5.5641033793414524e-120,5.639636273713397,6.585612744367826,0.7368421052631579,0.56,25,19
6709,8,GLIS2,6709,1.0,6.449934618096484,0.3209203839638623,1.4651429431825943e-13,10.503009831767242,13.944120953713925,0.7368421052631579,0.56,25,19
6716,8,GLIS2,6716,1.0,6.449934618096484,0.1372464886240177,0.0019933013206091953,8.40180002572883,9.958720784603667,0.7368421052631579,0.56,25,19
6723,8,GLIS2,6723,1.0,6.449934618096484,0.1594830911662595,0.0003205371504912251,9.004094041605846,11.24328401758281,0.7368421052631579,0.56,25,19
6721,8,GLIS2,6721,1.0,6.449934618096484,0.5080550601644017,1.7041832353728956e-34,4.055440431036254,3.7320812917062116,0.7368421052631579,0.56,25,19
6724,8,GLIS2,6724,1.0,6.449934618096484,0.734466086360189,1.0014246544130774e-86,5.082979081305457,5.228911174595742,0.7368421052631579,0.56,25,19
6710,8,GLIS2,6710,1.0,6.449934618096484,0.3914672212562872,6.08822284268137e-20,10.146892940846993,14.040051685013623,0.7368421052631579,0.56,25,19
6706,8,GLIS2,6706,1.0,6.449934618096484,0.5317873402247058,3.2878899843650843e-38,5.466421305822066,5.833106722600343,0.7368421052631579,0.56,25,19
3006,8,PLAG1,3006,1.0,1.9209959217515904,-0.40072678075260953,6.671902495719079e-21,-4.397090972979715,4.300897083384666,0.7142857142857143,0.4,25,14
2997,8,PLAG1,2997,1.0,1.9209959217515904,-0.34726637259999305,9.28678810604038e-16,-10.834196919488335,16.022449268277555,0.7142857142857143,0.4,25,14
3020,8,PLAG1,3020,1.0,1.9209959217515904,-0.11211627373917518,0.011695206755019985,-2.772448592009731,2.0971795699424884,0.7142857142857143,0.4,25,14
2998,8,PLAG1,2998,1.0,1.9209959217515904,0.595182002672317,1.017079599765753e-49,3.7876925084228112,3.5621903492860323,0.7142857142857143,0.4,25,14
3014,8,PLAG1,3014,1.0,1.9209959217515904,0.14847720796924416,0.0008171741979186573,9.172933843160497,11.512879998297198,0.7142857142857143,0.4,25,14
2996,8,PLAG1,2996,1.0,1.9209959217515904,0.260427440259554,2.8382558494058428e-09,14.668455985813031,21.683111487687473,0.7142857142857143,0.4,25,14
3008,8,PLAG1,3008,1.0,1.9209959217515904,-0.2543066418443087,6.782225721714664e-09,-8.88670399697324,12.293449631658111,0.7142857142857143,0.4,25,14
3017,8,PLAG1,3017,1.0,1.9209959217515904,0.14000005590621178,0.0016112665893858753,10.19745214999618,14.018909474726732,0.7142857142857143,0.4,25,14
3005,8,PLAG1,3005,1.0,1.9209959217515904,-0.20140827747371015,5.074083434746764e-06,-9.161059563546209,11.852185286224262,0.7142857142857143,0.4,25,14
3004,8,PLAG1,3004,1.0,1.9209959217515904,-0.32044788329764656,1.5973188872352462e-13,-10.30335117400603,13.586214085806148,0.7142857142857143,0.4,25,14
823,8,BACH1,823,1.0,21.297007798913224,0.6104822283470583,6.774226819857746e-53,10.45514139791522,14.340492188325818,1.0,0.96,25,24
824,8,BACH1,824,1.0,21.297007798913224,0.5538663804268626,6.117676212452564e-42,6.28886861611542,6.870739999696822,1.0,0.96,25,24
833,8,BACH1,833,1.0,21.297007798913224,-0.2270335418635032,2.512182769190407e-07,-4.474601771989646,4.307956330272611,1.0,0.96,25,24
831,8,BACH1,831,1.0,21.297007798913224,0.3536252383002276,2.542477678489025e-16,3.400408570942322,2.841001704662285,1.0,0.96,25,24
820,8,BACH1,820,1.0,21.297007798913224,0.590033692810275,1.0922517775282292e-48,10.877556588754521,14.063184336780457,1.0,0.96,25,24
827,8,BACH1,827,1.0,21.297007798913224,0.7505080011106702,1.5503593098604992e-92,10.220612219139278,13.571075975517097,1.0,0.96,25,24
830,8,BACH1,830,1.0,21.297007798913224,0.5413818711063655,8.507360423149831e-40,5.74127791116457,6.063391123507635,1.0,0.96,25,24
822,8,BACH1,822,1.0,21.297007798913224,-0.5968541574654361,4.6610347034543e-50,-9.104717450158295,11.385665402174842,1.0,0.96,25,24
829,8,BACH1,829,1.0,21.297007798913224,0.5942630909053639,1.5585976841693484e-49,8.18928571468864,9.608266640338686,1.0,0.96,25,24
832,8,BACH1,832,1.0,21.297007798913224,0.33132387772938793,2.1042909711253802e-14,2.4586155990351206,1.7439521826773938,1.0,0.96,25,24
828,8,BACH1,828,1.0,21.297007798913224,-0.4928454025526778,2.904839655676526e-32,-8.208588470611181,9.75988339421926,1.0,0.96,25,24
836,8,BACH1,836,1.0,21.297007798913224,-0.263969191950251,1.6968620150361433e-09,-6.0100186241371825,6.433992578796034,1.0,0.96,25,24
837,8,BACH1,837,1.0,21.297007798913224,0.3490858402610448,6.429654410191026e-16,3.122610758277754,2.4859788786282757,1.0,0.96,25,24
816,8,BACH1,816,1.0,21.297007798913224,0.7796493935107799,2.5753493325987238e-104,14.358659077540786,20.931752480441297,1.0,0.96,25,24
818,8,BACH1,818,1.0,21.297007798913224,-0.6714058362357976,1.8533872165347665e-67,-10.228557026713766,14.699272549861359,1.0,0.96,25,24
835,8,BACH1,835,1.0,21.297007798913224,-0.34260202417757313,2.3576850691150294e-15,-6.993935834836705,8.072383908830526,1.0,0.96,25,24
838,8,BACH1,838,1.0,21.297007798913224,-0.366185593714651,1.8030662976943077e-17,-4.194677745660007,3.9138280847771862,1.0,0.96,25,24
826,8,BACH1,826,1.0,21.297007798913224,0.6649680495999912,9.328928970768501e-66,8.513432221966342,10.467067669737578,1.0,0.96,25,24
817,8,BACH1,817,1.0,21.297007798913224,0.21641192069517518,9.130900088852121e-07,5.26907618048916,5.94431317626729,1.0,0.96,25,24
825,8,BACH1,825,1.0,21.297007798913224,0.4711971197119713,2.833942745178692e-29,6.3269093746707314,7.207855252066975,1.0,0.96,25,24
839,8,BACH1,839,1.0,21.297007798913224,0.49881935398508803,3.980609408309626e-33,6.386805971569514,6.990142482152332,1.0,0.96,25,24
819,8,BACH1,819,1.0,21.297007798913224,0.46198554638072503,4.582042497947322e-28,6.783114245075202,7.582656826090433,1.0,0.96,25,24
821,8,BACH1,821,1.0,21.297007798913224,-0.24216157640608785,3.575131691866251e-08,-3.66430612925185,3.3672625319526874,1.0,0.96,25,24
840,8,BACH1,840,1.0,21.297007798913224,0.4242473626244613,1.760188946527187e-23,4.889236056621716,4.875697810601397,1.0,0.96,25,24
530,8,PRDM1,530,1.0,21.340761169287184,0.44343046105852835,9.702128706063004e-26,11.65519477476794,15.965686109563242,0.85,0.68,25,20
538,8,PRDM1,538,1.0,21.340761169287184,0.3555166386203838,1.719656258755382e-16,6.96628406795445,7.73360926096914,0.85,0.68,25,20
537,8,PRDM1,537,1.0,21.340761169287184,0.454752866591007,3.842849927573082e-27,8.373139084039373,10.709376034529443,0.85,0.68,25,20
524,8,PRDM1,524,1.0,21.340761169287184,0.4506323924317898,1.2619473856024567e-26,2.1902785216695864,1.4733336626570208,0.85,0.68,25,20
532,8,PRDM1,532,1.0,21.340761169287184,-0.4743599204640962,1.0686959314383261e-29,-7.588465052862573,9.009522859981843,0.85,0.68,25,20
527,8,PRDM1,527,1.0,21.340761169287184,0.5875773602204942,3.3398267845798816e-48,2.0647139583840497,1.3440009247054379,0.85,0.68,25,20
535,8,PRDM1,535,1.0,21.340761169287184,0.6439954865051724,1.7018352799365525e-60,5.062014124364837,5.114233065600843,0.85,0.68,25,20
540,8,PRDM1,540,1.0,21.340761169287184,0.3232174770272059,9.606673570616434e-14,8.343711188599197,10.430121909615504,0.85,0.68,25,20
534,8,PRDM1,534,1.0,21.340761169287184,0.41382942642090303,2.5878602980908966e-22,9.51043829732873,12.027508609888363,0.85,0.68,25,20
520,8,PRDM1,520,1.0,21.340761169287184,0.6191624131357236,8.919962699088701e-55,5.947075171076575,7.150280962274684,0.85,0.68,25,20
542,8,PRDM1,542,1.0,21.340761169287184,0.4489466337938142,2.0430750182829668e-26,6.989049864776631,8.162987504688484,0.85,0.68,25,20
536,8,PRDM1,536,1.0,21.340761169287184,0.2330571566473418,1.1743140844262539e-07,2.9463875280424814,2.2782430591069978,0.85,0.68,25,20
519,8,PRDM1,519,1.0,21.340761169287184,0.4676419505304568,8.379691218307854e-29,14.616289912409291,21.448186938295724,0.85,0.68,25,20
541,8,PRDM1,541,1.0,21.340761169287184,0.41037582019071484,6.180313148835868e-22,8.971962887430239,12.749840762891088,0.85,0.68,25,20
531,8,PRDM1,531,1.0,21.340761169287184,0.20630174818724112,2.940267633922744e-06,10.135886483474884,12.981038215319192,0.85,0.68,25,20
521,8,PRDM1,521,1.0,21.340761169287184,-0.5189073876331733,3.7083651831783246e-36,-10.250768771763099,14.852274520217033,0.85,0.68,25,20
526,8,PRDM1,526,1.0,21.340761169287184,-0.49412211407476153,1.90580258511741e-32,-5.405828367635479,5.782639979274188,0.85,0.68,25,20
8835,8,NKX2-2,8835,1.0,4.770617080358985,0.3871413074111175,1.670350085715122e-19,8.62985245517473,10.325301006145175,0.5,0.3,20,12
8841,8,NKX2-2,8841,1.0,4.770617080358985,0.35417036455463624,2.2721184193634075e-16,2.3649105157037535,1.6514646791062302,0.5,0.3,20,12
8843,8,NKX2-2,8843,1.0,4.770617080358985,0.22630812528975286,2.749254679840327e-07,2.508007930615002,1.7938088891771424,0.5,0.3,20,12
8844,8,NKX2-2,8844,1.0,4.770617080358985,0.2672581741313791,1.0452338192771523e-09,7.571076855093802,8.63939572025846,0.5,0.3,20,12
8842,8,NKX2-2,8842,1.0,4.770617080358985,0.30688265142624965,1.7883869795115589e-12,3.1315455452826564,2.500312281062677,0.5,0.3,20,12
8839,8,NKX2-2,8839,1.0,4.770617080358985,0.34292154031944994,2.2130159634141412e-15,9.684420091557445,11.946959337432235,0.5,0.3,20,12
8275,8,SOX15,8275,1.0,3.791633541089402,0.6099573621958471,8.764065409325805e-53,5.979789200196723,7.244531474866105,0.35,0.28,25,20
8285,8,SOX15,8285,1.0,3.791633541089402,0.26793284918553967,9.45565351814616e-10,2.235709335949,1.5175606875190497,0.35,0.28,25,20
8298,8,SOX15,8298,1.0,3.791633541089402,0.48699146312146746,1.9616054351676946e-31,6.555196480965164,7.402315501733678,0.35,0.28,25,20
8286,8,SOX15,8286,1.0,3.791633541089402,0.7962192492541181,7.5045074699001905e-112,2.1132895132820244,1.3971996727452902,0.35,0.28,25,20
8290,8,SOX15,8290,1.0,3.791633541089402,0.3252372752803231,6.608441639379369e-14,6.02130567228306,6.701924788864796,0.35,0.28,25,20
8292,8,SOX15,8292,1.0,3.791633541089402,0.3230881473240492,9.838639784081914e-14,9.626005296102612,12.511300806676962,0.35,0.28,25,20
8276,8,SOX15,8276,1.0,3.791633541089402,0.3935658472679567,3.7111100361371065e-20,2.049322914155033,1.329024253487653,0.35,0.28,25,20
2322,8,GSC,2322,-1.0,3.5882546942764737,0.3031111806832858,3.425124892754105e-12,-2.1105161786013205,1.4037231853424128,1.0,0.8,10,8
2316,8,GSC,2316,-1.0,3.5882546942764737,-0.3432874343334955,2.0580342063054197e-15,6.3971534786966355,7.833862106522666,1.0,0.8,10,8
2320,8,GSC,2320,-1.0,3.5882546942764737,0.40545896204527293,2.097626263336396e-21,-4.624601725272151,4.568626553408441,1.0,0.8,10,8
2323,8,GSC,2323,-1.0,3.5882546942764737,-0.31290045153583684,6.21847417671648e-13,8.401344662650038,10.237515412436125,1.0,0.8,10,8
2319,8,GSC,2319,-1.0,3.5882546942764737,0.2809764206234288,1.288994540481945e-10,-7.821219691940776,9.664637752414514,1.0,0.8,10,8
2324,8,GSC,2324,-1.0,3.5882546942764737,0.2708838585721927,6.079952488462414e-10,-4.030357034508541,3.6893415007997934,1.0,0.8,10,8
2317,8,GSC,2317,-1.0,3.5882546942764737,0.40221677447247844,4.643992335541811e-21,-9.996354651835874,14.61141930463549,1.0,0.8,10,8
2315,8,GSC,2315,-1.0,3.5882546942764737,-0.23210330349805175,1.3264385536305212e-07,14.312606579371902,20.865680643886904,1.0,0.8,10,8
