,Mutation,Regulator,Regulon,MutationRegulatorEdge,-log10(p)_MutationRegulatorEdge,RegulatorRegulon_Spearman_R,RegulatorRegulon_Spearman_p-value,Regulon_stratification_t-statistic,-log10(p)_Regulon_stratification,Fraction_of_edges_correctly_aligned,Fraction_of_aligned_and_diff_exp_edges,number_downstream_regulons,number_differentially_expressed_regulons
7727,1,TNFRSF10A,7727,1.0,1.8623950033855794,-0.20926640926640927,0.22061145078839944,-5.309925229866449,4.4277358040765575,1.0,0.75,4,3
7728,1,TNFRSF10A,7728,1.0,1.8623950033855794,-0.35083655083655085,0.03591108555196788,-3.3911200468710687,2.4125017271059455,1.0,0.75,4,3
7726,1,TNFRSF10A,7726,1.0,1.8623950033855794,0.5034749034749035,0.0017469132980229116,4.410474812871173,3.9518124738551608,1.0,0.75,4,3
208,1,EHF,208,1.0,2.827420380644805,-0.37271557271557276,0.025173782701796234,-2.4638832534024053,1.6618853158827895,1.0,0.72,25,18
198,1,EHF,198,1.0,2.827420380644805,0.39279279279279283,0.017801983522913033,2.8042855982466377,2.0729436123870775,1.0,0.72,25,18
197,1,EHF,197,1.0,2.827420380644805,0.11171171171171172,0.5165643451595487,2.7710861972835636,1.9695908840875869,1.0,0.72,25,18
210,1,EHF,210,1.0,2.827420380644805,-0.4818532818532819,0.0029233504585441973,-3.220419502487013,2.281758035101481,1.0,0.72,25,18
189,1,EHF,189,1.0,2.827420380644805,0.4841698841698842,0.00277081290832301,5.18760817901988,4.741708782942558,1.0,0.72,25,18
192,1,EHF,192,1.0,2.827420380644805,-0.6077220077220078,8.458632370435133e-05,-5.055040028258187,3.8632667158280776,1.0,0.72,25,18
203,1,EHF,203,1.0,2.827420380644805,0.5588159588159589,0.0003965233898412667,4.802239023876182,4.135036661169026,1.0,0.72,25,18
206,1,EHF,206,1.0,2.827420380644805,0.5173745173745173,0.0012321205417583166,6.059702219670607,4.9155722511254885,1.0,0.72,25,18
196,1,EHF,196,1.0,2.827420380644805,0.30296010296010295,0.07248095472792211,3.6277401565174485,3.0212149781457436,1.0,0.72,25,18
204,1,EHF,204,1.0,2.827420380644805,0.4586872586872587,0.0048982886784272334,2.54216007422681,1.7570476142679887,1.0,0.72,25,18
188,1,EHF,188,1.0,2.827420380644805,-0.5060489060489061,0.0016393528534819522,-2.6796471949186356,1.7836397970136963,1.0,0.72,25,18
207,1,EHF,207,1.0,2.827420380644805,0.6383526383526384,2.8028690042589858e-05,5.364597748979676,4.914111903863125,1.0,0.72,25,18
191,1,EHF,191,1.0,2.827420380644805,0.3395109395109395,0.04278616125628833,2.1866005214993094,1.446593350182189,1.0,0.72,25,18
209,1,EHF,209,1.0,2.827420380644805,0.2380952380952381,0.16200542786677485,3.050327537821743,2.2888121731744206,1.0,0.72,25,18
194,1,EHF,194,1.0,2.827420380644805,0.35933075933075936,0.03136873667950738,3.129368371405084,2.441938821278979,1.0,0.72,25,18
200,1,EHF,200,1.0,2.827420380644805,-0.6429858429858429,2.3467961779606014e-05,-2.871015321000465,2.051786577146983,1.0,0.72,25,18
186,1,EHF,186,1.0,2.827420380644805,0.6308880308880309,3.7088351288824365e-05,6.549058092184051,5.550411897192134,1.0,0.72,25,18
190,1,EHF,190,1.0,2.827420380644805,0.5302445302445302,0.000879901011401737,7.640681742066272,7.049981054938702,1.0,0.72,25,18
1789,1,REST,1789,1.0,5.8098175066959215,0.3552123552123553,0.03350848175860535,2.4060047344282034,1.6494016971855059,1.0,0.72,25,18
1788,1,REST,1788,1.0,5.8098175066959215,0.6059202059202059,8.994634218854582e-05,2.769493863151114,2.021264132238392,1.0,0.72,25,18
1796,1,REST,1796,1.0,5.8098175066959215,0.5855855855855856,0.00017550281155637038,2.601944846629066,1.8197725410801893,1.0,0.72,25,18
1797,1,REST,1797,1.0,5.8098175066959215,-0.5886743886743887,0.00015901303067264084,-3.8896192298517027,2.926625408912927,1.0,0.72,25,18
1785,1,REST,1785,1.0,5.8098175066959215,0.3330759330759331,0.04714287642084616,3.0282040959789955,2.3296695931369813,1.0,0.72,25,18
1777,1,REST,1777,1.0,5.8098175066959215,0.621106821106821,5.295401301024153e-05,4.891973405379773,4.4632167920096775,1.0,0.72,25,18
1787,1,REST,1787,1.0,5.8098175066959215,0.4687258687258687,0.003933570374529276,2.499087928502455,1.7576341741427501,1.0,0.72,25,18
1780,1,REST,1780,1.0,5.8098175066959215,0.7683397683397685,4.4722364144116904e-08,7.617067384073995,7.724355104422211,1.0,0.72,25,18
1790,1,REST,1790,1.0,5.8098175066959215,0.6517374517374518,1.66438758334979e-05,3.1096782061078505,2.3845859801694513,1.0,0.72,25,18
1779,1,REST,1779,1.0,5.8098175066959215,-0.41827541827541836,0.011127377842475509,-2.2569531080935845,1.4290621378614914,1.0,0.72,25,18
1781,1,REST,1781,1.0,5.8098175066959215,-0.6205920205920207,5.393802493546444e-05,-4.6521205693491146,3.515931020788109,1.0,0.72,25,18
1786,1,REST,1786,1.0,5.8098175066959215,0.5464607464607465,0.0005646169902486913,3.6251694581702965,3.0221963304566906,1.0,0.72,25,18
1798,1,REST,1798,1.0,5.8098175066959215,0.49549549549549554,0.0021207170307770747,2.2539071967586946,1.50367166240367,1.0,0.72,25,18
1778,1,REST,1778,1.0,5.8098175066959215,-0.4468468468468469,0.006292832869049459,-2.932056364834135,2.037725343351071,1.0,0.72,25,18
1792,1,REST,1792,1.0,5.8098175066959215,0.312998712998713,0.0630660229542555,3.313719078319823,2.646289327705361,1.0,0.72,25,18
1776,1,REST,1776,1.0,5.8098175066959215,0.7230373230373232,6.332807370763805e-07,6.469418444847399,5.737387604548254,1.0,0.72,25,18
1791,1,REST,1791,1.0,5.8098175066959215,0.543886743886744,0.0006067211455116759,3.052275804237731,2.295950731517991,1.0,0.72,25,18
1784,1,REST,1784,1.0,5.8098175066959215,0.5104247104247105,0.0014698040909710893,4.271593301291478,3.754893248853019,1.0,0.72,25,18
9003,1,IRX5,9003,1.0,2.595544336604184,0.1103031085365361,0.5218991202899159,3.195406112847123,2.4090337612558788,0.6153846153846154,0.42105263157894735,19,13
8990,1,IRX5,8990,1.0,2.595544336604184,0.11609498704778946,0.5001381779448695,2.278046397439856,1.5062403660285042,0.6153846153846154,0.42105263157894735,19,13
8991,1,IRX5,8991,1.0,2.595544336604184,0.15419267681070042,0.3692430858541449,3.8594648951593964,3.3139424908851938,0.6153846153846154,0.42105263157894735,19,13
9006,1,IRX5,9006,1.0,2.595544336604184,0.3092863125009291,0.0664282694932524,2.546945412373598,1.8044012421958893,0.6153846153846154,0.42105263157894735,19,13
8998,1,IRX5,8998,1.0,2.595544336604184,0.19203294975088897,0.26185544962335405,3.6729530770950136,3.0792877705606396,0.6153846153846154,0.42105263157894735,19,13
9005,1,IRX5,9005,1.0,2.595544336604184,0.20734925070287005,0.2249654516077754,4.839216109748963,4.556915321764503,0.6153846153846154,0.42105263157894735,19,13
8992,1,IRX5,8992,1.0,2.595544336604184,0.05856232716933947,0.7344103045643456,3.585102652760325,2.9578518968526692,0.6153846153846154,0.42105263157894735,19,13
8995,1,IRX5,8995,1.0,2.595544336604184,0.13115387117704816,0.4457892300538121,2.6035873964609806,1.866585551018141,0.6153846153846154,0.42105263157894735,19,13
4712,1,ZNF691,4712,-1.0,1.9179383975393196,-0.13384813384813385,0.43641693797075787,6.839350772425745,6.096320672974156,0.6666666666666666,0.2,10,3
4715,1,ZNF691,4715,-1.0,1.9179383975393196,0.4725868725868726,0.003609041887791463,-4.991032252989474,3.9505420295171323,0.6666666666666666,0.2,10,3
1321,1,SP1,1321,1.0,2.291192801186479,0.40592020592020595,0.014035423160414716,3.0066949980482116,2.291574686177061,1.0,0.52,25,13
1305,1,SP1,1305,1.0,2.291192801186479,-0.08828828828828829,0.6086255147035171,-2.723430267476874,1.8435090838610622,1.0,0.52,25,13
1315,1,SP1,1315,1.0,2.291192801186479,0.7992277992277993,5.08364799923466e-09,2.5269918278354635,1.7751682844552774,1.0,0.52,25,13
1322,1,SP1,1322,1.0,2.291192801186479,0.5462033462033462,0.0005687072416324248,2.911794326295224,2.158378666695061,1.0,0.52,25,13
1314,1,SP1,1314,1.0,2.291192801186479,0.5351351351351352,0.0007715053820003809,2.870569281548801,2.1452269269113664,1.0,0.52,25,13
1313,1,SP1,1313,1.0,2.291192801186479,-0.38841698841698846,0.01923168573385845,-4.024300555407406,3.0039871667090896,1.0,0.52,25,13
1300,1,SP1,1300,1.0,2.291192801186479,0.6054054054054054,9.153299904173868e-05,6.685332890621482,5.7977998350583215,1.0,0.52,25,13
1308,1,SP1,1308,1.0,2.291192801186479,-0.28725868725868725,0.08936852737807932,-4.879824877137743,3.7351011238590273,1.0,0.52,25,13
1320,1,SP1,1320,1.0,2.291192801186479,0.35135135135135137,0.0356213484387896,2.122983452375597,1.3568716508805105,1.0,0.52,25,13
1304,1,SP1,1304,1.0,2.291192801186479,-0.4193050193050194,0.010910019048793644,-2.524478182677016,1.7129621995286783,1.0,0.52,25,13
1303,1,SP1,1303,1.0,2.291192801186479,0.36293436293436293,0.029589503999162905,7.12553131315576,6.790888069717746,1.0,0.52,25,13
1317,1,SP1,1317,1.0,2.291192801186479,0.3987129987129987,0.01601012678701906,4.080830238247525,3.501219676635103,1.0,0.52,25,13
1302,1,SP1,1302,1.0,2.291192801186479,0.6301158301158301,3.816274510075083e-05,2.182629086140095,1.4428291869961956,1.0,0.52,25,13
1859,1,TEAD1,1859,1.0,4.430309216517784,0.5222651222651222,0.001085841416219009,7.598021360497758,7.54372191683865,1.0,0.52,25,13
1866,1,TEAD1,1866,1.0,4.430309216517784,0.4880308880308881,0.00253197487102085,2.4797648249817725,1.6917857637198084,1.0,0.52,25,13
1863,1,TEAD1,1863,1.0,4.430309216517784,0.744916344916345,1.885636783428197e-07,3.4642890253187364,2.8314877293872547,1.0,0.52,25,13
1857,1,TEAD1,1857,1.0,4.430309216517784,0.4151866151866152,0.011801615302940506,2.6924347873127603,1.9612190969411654,1.0,0.52,25,13
1865,1,TEAD1,1865,1.0,4.430309216517784,-0.3441441441441441,0.039855319197374124,-2.5367192942569243,1.6830775800318563,1.0,0.52,25,13
1858,1,TEAD1,1858,1.0,4.430309216517784,0.5678249678249678,0.00030374905551274975,4.693771977202216,4.275298613646411,1.0,0.52,25,13
1856,1,TEAD1,1856,1.0,4.430309216517784,0.5637065637065638,0.00034343336129505353,5.054814032332393,4.623032118549827,1.0,0.52,25,13
1875,1,TEAD1,1875,1.0,4.430309216517784,0.12715572715572715,0.4598967804453623,2.93988124016263,2.225954444652103,1.0,0.52,25,13
1867,1,TEAD1,1867,1.0,4.430309216517784,0.49549549549549554,0.0021207170307770747,5.156786762204688,4.735804081958483,1.0,0.52,25,13
1854,1,TEAD1,1854,1.0,4.430309216517784,0.6962676962676962,2.4096313814985183e-06,6.7927090686953004,5.998464852386102,1.0,0.52,25,13
1871,1,TEAD1,1871,1.0,4.430309216517784,0.6378378378378379,2.8582124011097305e-05,6.684136892300049,6.235905759658094,1.0,0.52,25,13
1868,1,TEAD1,1868,1.0,4.430309216517784,0.6056628056628057,9.073654533953406e-05,4.159294798468073,3.6372786721370405,1.0,0.52,25,13
1873,1,TEAD1,1873,1.0,4.430309216517784,0.1958815958815959,0.2522316683591675,2.677137011215816,1.9246951927380316,1.0,0.52,25,13
4778,1,CREB3L1,4778,1.0,3.321672145209911,0.6666666666666667,9.02521682970626e-06,5.707315045174919,5.123710221039732,1.0,0.25,4,1
5898,1,NR3C2,5898,1.0,1.5400252362126938,0.3078507078507079,0.06776564774445312,2.1070871592946387,1.336783225759834,1.0,1.0,1,1
6371,1,MAFK,6371,1.0,2.215228808601777,0.10733590733590735,0.5332245528526888,2.3786035194047823,1.5859725939242113,0.6666666666666666,0.24,25,9
6370,1,MAFK,6370,1.0,2.215228808601777,0.4962676962676963,0.0020817141002853487,2.594651283926273,1.8343380197458707,0.6666666666666666,0.24,25,9
6375,1,MAFK,6375,1.0,2.215228808601777,0.12226512226512229,0.47747283696959086,5.989074199757105,5.284294181841134,0.6666666666666666,0.24,25,9
6359,1,MAFK,6359,1.0,2.215228808601777,0.07567567567567568,0.6609081569102283,5.204736989145865,4.844003921998951,0.6666666666666666,0.24,25,9
6365,1,MAFK,6365,1.0,2.215228808601777,0.2715572715572716,0.10913093599826137,3.21786486327414,2.5359349989751845,0.6666666666666666,0.24,25,9
6360,1,MAFK,6360,1.0,2.215228808601777,0.31660231660231664,0.05993220948387323,2.102453245795596,1.3161747111194122,0.6666666666666666,0.24,25,9
3831,1,ZNF384,3831,1.0,1.6228251634144684,0.18172458172458172,0.28881226653114883,4.739654425745074,4.2380211125179486,1.0,0.6875,16,11
3836,1,ZNF384,3836,1.0,1.6228251634144684,0.2833976833976834,0.09395135406960056,2.744233914612459,1.9723592069667477,1.0,0.6875,16,11
3842,1,ZNF384,3842,1.0,1.6228251634144684,0.22419562419562422,0.18867574542449125,3.364181438615349,2.7079828394241843,1.0,0.6875,16,11
3843,1,ZNF384,3843,1.0,1.6228251634144684,0.21518661518661522,0.20753184999195648,2.2133382464911664,1.4328503508476673,1.0,0.6875,16,11
3841,1,ZNF384,3841,1.0,1.6228251634144684,0.04478764478764479,0.7953481269901993,2.9420192480493617,2.2279414512224114,1.0,0.6875,16,11
3833,1,ZNF384,3833,1.0,1.6228251634144684,-0.3866151866151866,0.019847608959709658,-2.6832963265561305,1.8059919557166375,1.0,0.6875,16,11
3838,1,ZNF384,3838,1.0,1.6228251634144684,0.40720720720720727,0.013705352086712743,5.891850971071391,5.381430126804984,1.0,0.6875,16,11
3839,1,ZNF384,3839,1.0,1.6228251634144684,0.11402831402831404,0.5078498267201463,2.610561614622765,1.8337366641680362,1.0,0.6875,16,11
3834,1,ZNF384,3834,1.0,1.6228251634144684,0.3250965250965251,0.05303245768981319,6.498439166094974,5.953351019943279,1.0,0.6875,16,11
3829,1,ZNF384,3829,1.0,1.6228251634144684,0.5055341055341056,0.0016603871652838983,6.400258291972762,5.613808215638036,1.0,0.6875,16,11
3837,1,ZNF384,3837,1.0,1.6228251634144684,0.16756756756756758,0.3286420193289138,3.8750649008271743,3.2881213905071496,1.0,0.6875,16,11
2722,1,EN1,2722,1.0,2.272705375948861,0.0715899921348401,0.6782049761354885,3.636536122281725,2.738735545987627,0.1111111111111111,0.05263157894736842,19,9
1742,1,TCF21,1742,1.0,3.3475190964289987,0.5281853281853283,0.0009294324998844961,6.550115205201766,5.942095884933884,1.0,0.6666666666666666,3,2
1743,1,TCF21,1743,1.0,3.3475190964289987,0.7433719433719433,2.0620790985297748e-07,2.2169260814565437,1.3849235395067987,1.0,0.6666666666666666,3,2
2328,1,FOXJ2,2328,1.0,5.283509523864199,-0.5577863577863579,0.00040859066712927746,-4.980207106689978,3.828717439991807,1.0,0.72,25,18
2330,1,FOXJ2,2330,1.0,5.283509523864199,0.5685971685971686,0.00029678214903562324,3.621117414636593,3.00324316632907,1.0,0.72,25,18
2316,1,FOXJ2,2316,1.0,5.283509523864199,0.6195624195624196,5.595578766360325e-05,5.233659045791135,4.877132464250596,1.0,0.72,25,18
2335,1,FOXJ2,2335,1.0,5.283509523864199,0.5806949806949808,0.00020476466489914227,2.7005657555141824,1.9233643577001767,1.0,0.72,25,18
2329,1,FOXJ2,2329,1.0,5.283509523864199,0.7287001287001288,4.6798918054447986e-07,3.56168562384568,2.9013950485571085,1.0,0.72,25,18
2313,1,FOXJ2,2313,1.0,5.283509523864199,0.6501930501930502,1.769826983197956e-05,6.70604510508964,5.816440421126904,1.0,0.72,25,18
2317,1,FOXJ2,2317,1.0,5.283509523864199,0.7794079794079793,2.135319463461631e-08,7.701365774290631,7.530637913742341,1.0,0.72,25,18
2327,1,FOXJ2,2327,1.0,5.283509523864199,0.30604890604890606,0.06947399290011015,2.0778140483303016,1.3363006819680696,1.0,0.72,25,18
2322,1,FOXJ2,2322,1.0,5.283509523864199,0.3485199485199485,0.037238742396576784,3.1843082677225922,2.5024072904457957,1.0,0.72,25,18
2333,1,FOXJ2,2333,1.0,5.283509523864199,0.3778635778635779,0.02307792374279741,3.199207301699903,2.4905762245477057,1.0,0.72,25,18
2334,1,FOXJ2,2334,1.0,5.283509523864199,0.23835263835263834,0.16153863961182996,3.0112237094607193,2.3107566091337155,1.0,0.72,25,18
2332,1,FOXJ2,2332,1.0,5.283509523864199,0.6736164736164737,6.7081259007183565e-06,3.733573614931767,3.1149242774323085,1.0,0.72,25,18
2323,1,FOXJ2,2323,1.0,5.283509523864199,0.7956241956241957,6.676002983844702e-09,5.089693975700694,4.801238176725149,1.0,0.72,25,18
2324,1,FOXJ2,2324,1.0,5.283509523864199,0.4244530244530245,0.009876472113120208,3.8303845589950996,3.2169731100177765,1.0,0.72,25,18
2336,1,FOXJ2,2336,1.0,5.283509523864199,0.4558558558558559,0.005204836415005614,2.7540503655528967,2.0276127973804856,1.0,0.72,25,18
2321,1,FOXJ2,2321,1.0,5.283509523864199,0.4167310167310167,0.011460295732057119,2.073670325747452,1.339457151116731,1.0,0.72,25,18
2337,1,FOXJ2,2337,1.0,5.283509523864199,0.7034749034749036,1.7058010631166879e-06,6.02811680659162,5.308335805754538,1.0,0.72,25,18
2325,1,FOXJ2,2325,1.0,5.283509523864199,-0.1268983268983269,0.4608131225915505,-2.6512075206162242,1.7756239899880706,1.0,0.72,25,18
1773,1,MSC,1773,1.0,3.577184163673204,0.5202059202059203,0.0011454507159143212,2.501452354474084,1.7224650796604604,1.0,0.5714285714285714,7,4
1770,1,MSC,1770,1.0,3.577184163673204,0.5093951093951095,0.0015082451039584678,5.234865575459832,4.964551685997553,1.0,0.5714285714285714,7,4
1772,1,MSC,1772,1.0,3.577184163673204,0.30373230373230375,0.07171984646451032,2.9488794471410666,2.1258449016169148,1.0,0.5714285714285714,7,4
1767,1,MSC,1767,1.0,3.577184163673204,0.2823680823680824,0.09520331354575139,6.636386603686503,5.880312470579022,1.0,0.5714285714285714,7,4
937,1,ATF1,937,1.0,5.7615229373591665,0.15469755469755472,0.3676585048755401,2.625269750979082,1.8515896439081383,1.0,0.7083333333333334,24,17
946,1,ATF1,946,1.0,5.7615229373591665,0.1263835263835264,0.4626487278397823,2.611055381546891,1.855616724712016,1.0,0.7083333333333334,24,17
936,1,ATF1,936,1.0,5.7615229373591665,0.6836550836550838,4.308843663236339e-06,5.547812261222841,4.9931133240804595,1.0,0.7083333333333334,24,17
947,1,ATF1,947,1.0,5.7615229373591665,-0.4141570141570142,0.012033911282503947,-2.960670636080418,2.0926142141033384,1.0,0.7083333333333334,24,17
935,1,ATF1,935,1.0,5.7615229373591665,0.7431145431145432,2.0929235216165227e-07,5.575758715596865,5.016250815046138,1.0,0.7083333333333334,24,17
942,1,ATF1,942,1.0,5.7615229373591665,0.4532818532818533,0.005497734172304054,2.667688125720569,1.8372037235496834,1.0,0.7083333333333334,24,17
943,1,ATF1,943,1.0,5.7615229373591665,-0.21544401544401545,0.20697563590073378,-2.162399425938813,1.3688318383274019,1.0,0.7083333333333334,24,17
932,1,ATF1,932,1.0,5.7615229373591665,0.45765765765765765,0.005007906334622833,2.4069458580096406,1.614859147164947,1.0,0.7083333333333334,24,17
945,1,ATF1,945,1.0,5.7615229373591665,0.6435006435006436,2.3005244317655612e-05,2.7776573195533323,2.0405311480660786,1.0,0.7083333333333334,24,17
939,1,ATF1,939,1.0,5.7615229373591665,0.4226512226512227,0.010228308752118621,5.515357744768209,5.380216723776547,1.0,0.7083333333333334,24,17
925,1,ATF1,925,1.0,5.7615229373591665,0.7603603603603605,7.435232162507551e-08,6.778452788683253,5.904500892531708,1.0,0.7083333333333334,24,17
928,1,ATF1,928,1.0,5.7615229373591665,0.5953667953667955,0.0001279627209271587,2.3891119010213147,1.6462417514442416,1.0,0.7083333333333334,24,17
927,1,ATF1,927,1.0,5.7615229373591665,-0.2898326898326899,0.08641015910990513,-4.242224939605259,3.321947657805952,1.0,0.7083333333333334,24,17
944,1,ATF1,944,1.0,5.7615229373591665,-0.3835263835263836,0.020941710878122386,-3.1471418638408255,2.305986587563395,1.0,0.7083333333333334,24,17
931,1,ATF1,931,1.0,5.7615229373591665,0.29523809523809524,0.08044388853969127,3.37446409531222,2.693468440811481,1.0,0.7083333333333334,24,17
926,1,ATF1,926,1.0,5.7615229373591665,0.49163449163449163,0.002325479906255182,5.044994816889069,4.739267264935554,1.0,0.7083333333333334,24,17
929,1,ATF1,929,1.0,5.7615229373591665,-0.4154440154440155,0.011744138229529069,-4.570695200333695,3.5033494325730996,1.0,0.7083333333333334,24,17
4277,1,SOX8,4277,1.0,2.9551092708360174,-0.287001287001287,0.08966859543294617,-3.726949719857611,2.7706226803442586,1.0,0.4,25,10
4268,1,SOX8,4268,1.0,2.9551092708360174,0.28725868725868725,0.08936852737807932,2.1909718983966737,1.450920863025053,1.0,0.4,25,10
4267,1,SOX8,4267,1.0,2.9551092708360174,0.3021879021879022,0.07324836260209745,7.510929227333021,7.262166138418187,1.0,0.4,25,10
4289,1,SOX8,4289,1.0,2.9551092708360174,0.3287001287001287,0.05030386622595962,4.662664442132155,4.098660009860246,1.0,0.4,25,10
4273,1,SOX8,4273,1.0,2.9551092708360174,-0.349034749034749,0.036940312483764996,-5.00250235319175,3.8800084390473173,1.0,0.4,25,10
4272,1,SOX8,4272,1.0,2.9551092708360174,0.47799227799227806,0.003193862453353335,4.9132427761387225,4.652702751624885,1.0,0.4,25,10
4269,1,SOX8,4269,1.0,2.9551092708360174,0.2924066924066924,0.08352789517705798,4.266075786152645,3.7747464082972284,1.0,0.4,25,10
4287,1,SOX8,4287,1.0,2.9551092708360174,0.2851994851994852,0.09179081021185882,2.5653540631026055,1.8268253542423756,1.0,0.4,25,10
4265,1,SOX8,4265,1.0,2.9551092708360174,0.25611325611325614,0.13162558173374236,6.699334333829511,5.849010596379806,1.0,0.4,25,10
4281,1,SOX8,4281,1.0,2.9551092708360174,0.2978120978120979,0.07771757277857418,6.527029097665334,6.314912410465763,1.0,0.4,25,10
3904,1,ATF3,3904,1.0,2.989583780596923,0.2471042471042471,0.14623967480294225,5.28860492348212,4.31890665014026,1.0,0.875,8,7
3905,1,ATF3,3905,1.0,2.989583780596923,-0.4321750321750322,0.008482804121955156,-4.645811912297192,3.8203890938629494,1.0,0.875,8,7
3906,1,ATF3,3906,1.0,2.989583780596923,0.4172458172458173,0.011348397730065475,3.261127860147708,2.5142842603362094,1.0,0.875,8,7
3907,1,ATF3,3907,1.0,2.989583780596923,0.47361647361647363,0.003526530415971927,4.594537251672449,4.241824619472122,1.0,0.875,8,7
3902,1,ATF3,3902,1.0,2.989583780596923,0.26872586872586873,0.11302091500164456,2.8442125939425837,2.0581547252876153,1.0,0.875,8,7
3901,1,ATF3,3901,1.0,2.989583780596923,0.39202059202059203,0.018047615004671686,5.249619771424401,4.987795637768658,1.0,0.875,8,7
3900,1,ATF3,3900,1.0,2.989583780596923,0.3330759330759331,0.04714287642084616,7.003991443380275,6.255824888756615,1.0,0.875,8,7
5949,1,SNAI2,5949,1.0,4.668953208190382,-0.2175032175032175,0.20256310325568996,-2.701052060168976,1.7960593576653272,1.0,0.5,2,1
1939,1,POU2F3,1939,1.0,2.841429570944564,0.17374517374517376,0.310862184939151,4.524531948426797,4.143123763812999,1.0,0.72,25,18
1943,1,POU2F3,1943,1.0,2.841429570944564,0.28416988416988415,0.09302068764173425,6.360579952241994,5.498716417546161,1.0,0.72,25,18
1930,1,POU2F3,1930,1.0,2.841429570944564,-0.23371943371943374,0.17009014064539707,-5.165700891841931,4.048402217305807,1.0,0.72,25,18
1944,1,POU2F3,1944,1.0,2.841429570944564,0.47207207207207214,0.0036509224605078805,3.6411922485030814,3.023058031299514,1.0,0.72,25,18
1945,1,POU2F3,1945,1.0,2.841429570944564,0.25070785070785073,0.14025809290825425,4.229714256440643,3.683813812065473,1.0,0.72,25,18
1927,1,POU2F3,1927,1.0,2.841429570944564,0.34491634491634493,0.03938304981203807,7.294233192476486,7.016400269832689,1.0,0.72,25,18
1940,1,POU2F3,1940,1.0,2.841429570944564,0.3217503217503218,0.05567066857080112,2.5639434691320795,1.7790558278036963,1.0,0.72,25,18
1933,1,POU2F3,1933,1.0,2.841429570944564,0.11994851994851995,0.48591912331308096,2.941481992903094,2.1625752814296484,1.0,0.72,25,18
1928,1,POU2F3,1928,1.0,2.841429570944564,0.33770913770913774,0.04397189343106109,3.651861503747781,2.9894677170327224,1.0,0.72,25,18
1936,1,POU2F3,1936,1.0,2.841429570944564,0.1052767052767053,0.5411533858826632,2.4303644166079192,1.6558516300521913,1.0,0.72,25,18
1925,1,POU2F3,1925,1.0,2.841429570944564,0.2604890604890605,0.12493053998679256,5.294738227737253,5.043959401263969,1.0,0.72,25,18
1935,1,POU2F3,1935,1.0,2.841429570944564,0.3045045045045045,0.07096500517731698,2.4353013096226155,1.6923894712461542,1.0,0.72,25,18
1934,1,POU2F3,1934,1.0,2.841429570944564,0.398970398970399,0.015935788162119643,3.802849309255057,3.1276855126526044,1.0,0.72,25,18
1931,1,POU2F3,1931,1.0,2.841429570944564,0.26383526383526384,0.1199844195044583,3.434398353548168,2.775554572763254,1.0,0.72,25,18
1946,1,POU2F3,1946,1.0,2.841429570944564,0.34362934362934366,0.04017270672435745,3.419777486354409,2.76065802899453,1.0,0.72,25,18
1929,1,POU2F3,1929,1.0,2.841429570944564,0.22882882882882882,0.17946315769903945,4.568472533249889,4.206511073940878,1.0,0.72,25,18
1923,1,POU2F3,1923,1.0,2.841429570944564,0.12406692406692407,0.4709569451525698,2.2042096134145197,1.4388706746815185,1.0,0.72,25,18
1922,1,POU2F3,1922,1.0,2.841429570944564,0.2808236808236808,0.09710512695445625,6.828855562544429,5.869378301077304,1.0,0.72,25,18
470,1,ETV5,470,1.0,3.535828183167772,0.44324324324324327,0.00677981120883407,5.573231220659229,5.039746072772164,1.0,0.75,12,9
471,1,ETV5,471,1.0,3.535828183167772,-0.424967824967825,0.00977785861560275,-4.407444751847785,3.31143492326846,1.0,0.75,12,9
479,1,ETV5,479,1.0,3.535828183167772,0.6386100386100387,2.7755633615427003e-05,4.9983378183653,4.376929325345932,1.0,0.75,12,9
480,1,ETV5,480,1.0,3.535828183167772,-0.05611325611325611,0.7451403734276182,-2.2741706752134676,1.4570766683692529,1.0,0.75,12,9
473,1,ETV5,473,1.0,3.535828183167772,-0.09472329472329473,0.5826485210308536,-2.7691839967543492,1.958650660637593,1.0,0.75,12,9
478,1,ETV5,478,1.0,3.535828183167772,-0.13745173745173747,0.42405271902485975,-2.2412481366304937,1.4134822701032788,1.0,0.75,12,9
481,1,ETV5,481,1.0,3.535828183167772,-0.4517374517374517,0.005680202061046634,-4.182015213451305,3.190862108736379,1.0,0.75,12,9
475,1,ETV5,475,1.0,3.535828183167772,0.2607464607464608,0.12454476449294793,2.511364027568907,1.7276392258382094,1.0,0.75,12,9
477,1,ETV5,477,1.0,3.535828183167772,0.27644787644787644,0.10265120634369182,2.5226434341850097,1.7588049418539078,1.0,0.75,12,9
1579,1,SOX13,1579,1.0,1.5229464496216427,0.7588159588159589,8.185553551620678e-08,2.964216959680017,2.1833416978040554,0.8461538461538461,0.44,25,13
1566,1,SOX13,1566,1.0,1.5229464496216427,0.4895752895752896,0.002441595387181087,6.781967253023299,5.851017028476345,0.8461538461538461,0.44,25,13
1589,1,SOX13,1589,1.0,1.5229464496216427,0.5577863577863579,0.00040859066712927746,3.769482234996045,3.20456507942572,0.8461538461538461,0.44,25,13
1588,1,SOX13,1588,1.0,1.5229464496216427,0.4658944658944659,0.004187359782000047,6.178549516465515,5.53366353927431,0.8461538461538461,0.44,25,13
1569,1,SOX13,1569,1.0,1.5229464496216427,0.34568854568854573,0.038915327081233145,7.71505005603744,7.4129032764647285,0.8461538461538461,0.44,25,13
1587,1,SOX13,1587,1.0,1.5229464496216427,0.3776061776061776,0.023179164082299402,6.334362968676571,5.502531464893093,0.8461538461538461,0.44,25,13
1590,1,SOX13,1590,1.0,1.5229464496216427,0.4391248391248392,0.007375615647011983,6.009492990128999,5.3700850221539635,0.8461538461538461,0.44,25,13
1573,1,SOX13,1573,1.0,1.5229464496216427,-0.29961389961389956,0.07585230460031306,-5.027080203928827,3.8753387973296904,0.8461538461538461,0.44,25,13
1585,1,SOX13,1585,1.0,1.5229464496216427,0.12458172458172458,0.4691039093457757,2.60386439500392,1.8336216350521162,0.8461538461538461,0.44,25,13
1576,1,SOX13,1576,1.0,1.5229464496216427,-0.050450450450450456,0.7701292149907082,-2.748734761201702,1.9048271342607934,0.8461538461538461,0.44,25,13
1581,1,SOX13,1581,1.0,1.5229464496216427,0.4960102960102961,0.002094644713119129,3.014885021865248,2.3149573384479267,0.8461538461538461,0.44,25,13
6095,1,NR1I2,6095,1.0,3.0161784545100288,0.15855855855855858,0.3556748124446605,3.3249466465946744,2.553471353803772,1.0,0.4,5,2
6094,1,NR1I2,6094,1.0,3.0161784545100288,0.4517374517374517,0.005680202061046634,2.158724098391112,1.4133369889491696,1.0,0.4,5,2
4146,1,ESRRA,4146,-1.0,1.3317997727015383,-0.5647361647361648,0.0003331011401373083,2.1895122614477156,1.3759349135508,1.0,0.6,25,15
4169,1,ESRRA,4169,-1.0,1.3317997727015383,0.6280566280566281,4.116697980691647e-05,-3.28043232622899,2.4786681411899814,1.0,0.6,25,15
4168,1,ESRRA,4168,-1.0,1.3317997727015383,-0.297039897039897,0.07852781027349559,5.313724215117281,4.481747694101205,1.0,0.6,25,15
4162,1,ESRRA,4162,-1.0,1.3317997727015383,-0.41003861003861003,0.013002175922453084,3.9713542231554984,3.4527396316604193,1.0,0.6,25,15
4160,1,ESRRA,4160,-1.0,1.3317997727015383,-0.5256113256113256,0.0009948035083115485,2.7604526938438285,1.9923747982544684,1.0,0.6,25,15
4161,1,ESRRA,4161,-1.0,1.3317997727015383,0.5794079794079795,0.00021315854641739294,-3.299036641537263,2.394599890942522,1.0,0.6,25,15
4148,1,ESRRA,4148,-1.0,1.3317997727015383,-0.32226512226512233,0.05525812876075967,4.8533534095303486,4.364465858471343,1.0,0.6,25,15
4152,1,ESRRA,4152,-1.0,1.3317997727015383,-0.4226512226512227,0.010228308752118621,7.116878134951637,7.009437995959861,1.0,0.6,25,15
4151,1,ESRRA,4151,-1.0,1.3317997727015383,0.3132561132561133,0.06283797586106456,-4.660844981109762,3.538771873281662,1.0,0.6,25,15
4159,1,ESRRA,4159,-1.0,1.3317997727015383,-0.37940797940797943,0.022478152065749244,2.662702113471097,1.9245387065572344,1.0,0.6,25,15
4166,1,ESRRA,4166,-1.0,1.3317997727015383,-0.5119691119691121,0.0014137580653656103,7.070634295587039,7.233380183862024,1.0,0.6,25,15
4145,1,ESRRA,4145,-1.0,1.3317997727015383,-0.34259974259974263,0.040813622368457356,6.618919524409458,5.684461731611334,1.0,0.6,25,15
4150,1,ESRRA,4150,-1.0,1.3317997727015383,0.2882882882882883,0.08817597187186574,-3.70667115854643,2.7634384970987687,1.0,0.6,25,15
4156,1,ESRRA,4156,-1.0,1.3317997727015383,-0.3835263835263836,0.020941710878122386,2.9275198601389723,2.1956913444102892,1.0,0.6,25,15
4153,1,ESRRA,4153,-1.0,1.3317997727015383,0.35109395109395114,0.0357659780720366,-3.5814818892331957,2.7636345656793164,1.0,0.6,25,15
2000,1,VAX2,2000,-1.0,1.812195352733942,-0.1711711711711712,0.3181953640700409,5.120499725968203,4.908679182143066,1.0,1.0,4,4
1997,1,VAX2,1997,-1.0,1.812195352733942,-0.18481338481338483,0.28055421520066187,6.737614563607916,5.796366600279383,1.0,1.0,4,4
1998,1,VAX2,1998,-1.0,1.812195352733942,-0.1366795366795367,0.42668558950266644,7.220581105425871,7.3011162335303466,1.0,1.0,4,4
1999,1,VAX2,1999,-1.0,1.812195352733942,-0.08519948519948521,0.6212667426433112,2.136826889274001,1.3929609651081412,1.0,1.0,4,4
5696,1,NEUROD1,5696,1.0,5.422610854713157,0.15907458912155284,0.35409120144161343,4.40418181191046,3.8515805207791645,1.0,0.6153846153846154,13,8
5700,1,NEUROD1,5700,1.0,5.422610854713157,0.1797204400500948,0.29425324409186093,2.7865276593661,2.0507385611497924,1.0,0.6153846153846154,13,8
5705,1,NEUROD1,5705,1.0,5.422610854713157,0.05516842133364491,0.7492927442727766,3.366985778302199,2.6207744695622632,1.0,0.6153846153846154,13,8
5703,1,NEUROD1,5703,1.0,5.422610854713157,0.1374133684752137,0.4241833259882326,3.2727828639774184,2.5880129173760755,1.0,0.6153846153846154,13,8
5699,1,NEUROD1,5699,1.0,5.422610854713157,0.1428286736367985,0.40597310478955306,7.056620246512811,6.186762395280763,1.0,0.6153846153846154,13,8
5698,1,NEUROD1,5698,1.0,5.422610854713157,0.08596796944015835,0.6181114643649241,3.131016294633751,2.435001316930919,1.0,0.6153846153846154,13,8
5701,1,NEUROD1,5701,1.0,5.422610854713157,0.2849804341283989,0.09205142010597453,2.809529535192546,2.0592889590451215,1.0,0.6153846153846154,13,8
5702,1,NEUROD1,5702,1.0,5.422610854713157,0.34454879090583146,0.03960727282162772,3.4242708149826306,2.7842048438691362,1.0,0.6153846153846154,13,8
5023,1,FOXL1,5023,1.0,3.954357774363277,0.5446589446589447,0.0005938064058955863,3.2747092479927598,2.5607942711395713,1.0,0.48,25,12
5030,1,FOXL1,5030,1.0,3.954357774363277,0.3853281853281854,0.020297548857882368,3.0012406215391767,2.300145853712539,1.0,0.48,25,12
5028,1,FOXL1,5028,1.0,3.954357774363277,0.4308880308880309,0.008702685937341047,3.4619079920051705,2.8163928759870336,1.0,0.48,25,12
5027,1,FOXL1,5027,1.0,3.954357774363277,0.37528957528957535,0.02410700380403734,2.2175284506367094,1.4486744028470782,1.0,0.48,25,12
5034,1,FOXL1,5034,1.0,3.954357774363277,0.5508365508365509,0.0004989698371541808,3.705386253229373,3.1093489926000233,1.0,0.48,25,12
5022,1,FOXL1,5022,1.0,3.954357774363277,0.3595881595881596,0.03123880893659889,3.174976112444694,2.4518053670613487,1.0,0.48,25,12
5024,1,FOXL1,5024,1.0,3.954357774363277,0.33462033462033464,0.04606610056188541,2.912912654746854,2.154880124909838,1.0,0.48,25,12
5020,1,FOXL1,5020,1.0,3.954357774363277,0.6458172458172459,2.102378087298733e-05,4.6032358070561665,4.216186898290208,1.0,0.48,25,12
5014,1,FOXL1,5014,1.0,3.954357774363277,0.6303732303732305,3.7801522801572324e-05,5.089253636826652,4.728514567216101,1.0,0.48,25,12
5016,1,FOXL1,5016,1.0,3.954357774363277,0.47747747747747754,0.0032315265831623302,3.9919377587608604,3.3851267619107865,1.0,0.48,25,12
5029,1,FOXL1,5029,1.0,3.954357774363277,0.6054054054054054,9.153299904173868e-05,3.1582088105252204,2.4170150711756406,1.0,0.48,25,12
5015,1,FOXL1,5015,1.0,3.954357774363277,0.5343629343629344,0.0007877914642476683,7.721873601260699,7.5427234804498795,1.0,0.48,25,12
3941,1,ZBTB33,3941,1.0,5.697261406719822,0.2707850707850708,0.11018166478113879,2.3528068066086703,1.579796594935257,1.0,0.5,4,2
3940,1,ZBTB33,3940,1.0,5.697261406719822,0.648906048906049,1.862290859529352e-05,6.246092333736426,5.44944846788394,1.0,0.5,4,2
564,1,ZNF740,564,1.0,1.7317610524534341,0.09961389961389963,0.5632432532963942,3.106005986979546,2.3697843777651766,0.9166666666666666,0.44,25,12
575,1,ZNF740,575,1.0,1.7317610524534341,0.409009009009009,0.013254266280653295,4.140500875021365,3.6167475070863757,0.9166666666666666,0.44,25,12
557,1,ZNF740,557,1.0,1.7317610524534341,0.33230373230373234,0.04768879409237674,4.486941352162152,3.9169386506359314,0.9166666666666666,0.44,25,12
567,1,ZNF740,567,1.0,1.7317610524534341,0.4092664092664094,0.013190860154304011,3.9757202487086536,3.386881648479677,0.9166666666666666,0.44,25,12
559,1,ZNF740,559,1.0,1.7317610524534341,0.5202059202059203,0.0011454507159143212,2.429395940393695,1.686665371221988,0.9166666666666666,0.44,25,12
560,1,ZNF740,560,1.0,1.7317610524534341,-0.23088803088803087,0.1754729237328155,-2.2224272678833836,1.3870856756188794,0.9166666666666666,0.44,25,12
578,1,ZNF740,578,1.0,1.7317610524534341,0.6007722007722008,0.00010698904586059392,4.010050939479796,3.2349961546049366,0.9166666666666666,0.44,25,12
573,1,ZNF740,573,1.0,1.7317610524534341,0.32277992277992285,0.054848025659476364,3.3238614086403038,2.6706163059524766,0.9166666666666666,0.44,25,12
569,1,ZNF740,569,1.0,1.7317610524534341,0.33513513513513515,0.04571160263439199,4.244585214135763,3.7616979721874806,0.9166666666666666,0.44,25,12
576,1,ZNF740,576,1.0,1.7317610524534341,-0.39279279279279283,0.017801983522913033,-3.2219435368185967,2.3257850216794123,0.9166666666666666,0.44,25,12
554,1,ZNF740,554,1.0,1.7317610524534341,0.4942084942084942,0.002187144255461236,6.375732364580881,5.614939629453724,0.9166666666666666,0.44,25,12
3344,1,NFIX,3344,1.0,2.162546237865681,0.225997425997426,0.1850543036391287,6.639098079037543,6.1939445543606935,0.8,0.36363636363636365,22,10
3347,1,NFIX,3347,1.0,2.162546237865681,0.23886743886743886,0.16060797411023175,2.805930851557701,2.0300138557597385,0.8,0.36363636363636365,22,10
3354,1,NFIX,3354,1.0,2.162546237865681,0.31891891891891894,0.057983624873177826,3.1054969360143176,2.3988468445524003,0.8,0.36363636363636365,22,10
3339,1,NFIX,3339,1.0,2.162546237865681,0.39202059202059203,0.018047615004671686,4.798667991799559,4.305588329329164,0.8,0.36363636363636365,22,10
3351,1,NFIX,3351,1.0,2.162546237865681,0.3047619047619048,0.0707147784329763,3.7333449230791853,3.095960060606572,0.8,0.36363636363636365,22,10
3346,1,NFIX,3346,1.0,2.162546237865681,-0.1933075933075933,0.25864166349987294,-2.735245355769286,1.8864650795720563,0.8,0.36363636363636365,22,10
3337,1,NFIX,3337,1.0,2.162546237865681,0.6118404118404119,7.340023984069431e-05,6.407551564342621,5.645749532730341,0.8,0.36363636363636365,22,10
3342,1,NFIX,3342,1.0,2.162546237865681,0.32123552123552124,0.05608565473282905,3.337407635102983,2.6648453004071952,0.8,0.36363636363636365,22,10
1505,1,HES1,1505,1.0,1.6230547961475068,0.20823680823680826,0.2229425154675215,6.615725193732434,5.448856114886358,1.0,0.5,2,1
9214,1,ARID3A,9214,1.0,5.60774274153749,0.31994851994851997,0.057133886256582125,3.0820917564683135,2.351153774991438,0.5,0.3333333333333333,3,2
383,1,BARX2,383,1.0,5.58821161304142,0.320978120978121,0.056294068210737555,2.9704515523666903,2.263974912416148,0.8666666666666667,0.7647058823529411,17,15
379,1,BARX2,379,1.0,5.58821161304142,0.42393822393822395,0.00997593026478112,5.234214880358314,4.902071767965551,0.8666666666666667,0.7647058823529411,17,15
391,1,BARX2,391,1.0,5.58821161304142,0.380952380952381,0.02189137467755365,4.753281591937441,4.203439415498055,0.8666666666666667,0.7647058823529411,17,15
377,1,BARX2,377,1.0,5.58821161304142,0.5397683397683398,0.0006799043573525142,6.211179331036435,5.500383943942722,0.8666666666666667,0.7647058823529411,17,15
393,1,BARX2,393,1.0,5.58821161304142,0.5722007722007723,0.0002661216801730334,3.9750468533658516,3.447500283419595,0.8666666666666667,0.7647058823529411,17,15
388,1,BARX2,388,1.0,5.58821161304142,0.4229086229086229,0.010177403524885479,5.188119070214097,4.98557922012892,0.8666666666666667,0.7647058823529411,17,15
382,1,BARX2,382,1.0,5.58821161304142,0.4471042471042472,0.006259229381424135,4.904622416932409,4.631630836068107,0.8666666666666667,0.7647058823529411,17,15
381,1,BARX2,381,1.0,5.58821161304142,0.5997425997425998,0.00011072752783272496,7.0785199999210695,7.134573993044832,0.8666666666666667,0.7647058823529411,17,15
389,1,BARX2,389,1.0,5.58821161304142,0.5678249678249678,0.00030374905551274975,3.974029917886459,3.357007209788435,0.8666666666666667,0.7647058823529411,17,15
387,1,BARX2,387,1.0,5.58821161304142,0.49755469755469756,0.002018103734869071,2.8122895165776733,2.031029284732248,0.8666666666666667,0.7647058823529411,17,15
378,1,BARX2,378,1.0,5.58821161304142,0.3601029601029601,0.030980276037637776,2.115288306932354,1.3169262572226412,0.8666666666666667,0.7647058823529411,17,15
386,1,BARX2,386,1.0,5.58821161304142,0.22574002574002577,0.18556862302542107,3.086663995638728,2.3771140091729737,0.8666666666666667,0.7647058823529411,17,15
392,1,BARX2,392,1.0,5.58821161304142,0.4066924066924067,0.013836586403679216,2.2889484970215803,1.504245451221044,0.8666666666666667,0.7647058823529411,17,15
1552,1,BHLHE40,1552,1.0,5.4214103498570765,0.2918918918918919,0.08409831649513391,6.206635082874679,5.304432321104105,1.0,0.45454545454545453,11,5
1554,1,BHLHE40,1554,1.0,5.4214103498570765,0.47927927927927927,0.003101368268919899,5.115662466767283,4.624131657795979,1.0,0.45454545454545453,11,5
1558,1,BHLHE40,1558,1.0,5.4214103498570765,-0.28906048906048903,0.08728962480739323,-4.043945680959444,3.0445629262309515,1.0,0.45454545454545453,11,5
1562,1,BHLHE40,1562,1.0,5.4214103498570765,0.3562419562419563,0.03296268380241298,3.3971630453596307,2.7550338984996308,1.0,0.45454545454545453,11,5
1555,1,BHLHE40,1555,1.0,5.4214103498570765,-0.6306306306306307,3.744339942669768e-05,-4.544979449844855,3.4509325152519583,1.0,0.45454545454545453,11,5
2671,1,BPTF,2671,1.0,5.7424384903234404,0.5166023166023166,0.001256738867896892,2.043223350521843,1.3111272661885502,1.0,0.48,25,12
2689,1,BPTF,2689,1.0,5.7424384903234404,-0.6416988416988417,2.4661944056366118e-05,-3.0077322253358436,2.1442105173172084,1.0,0.48,25,12
2682,1,BPTF,2682,1.0,5.7424384903234404,0.25302445302445303,0.13650890879262828,2.4733316531376874,1.70597729057226,1.0,0.48,25,12
2687,1,BPTF,2687,1.0,5.7424384903234404,-0.3305019305019305,0.04898234495078298,-2.724925804726521,1.8572806697756692,1.0,0.48,25,12
2667,1,BPTF,2667,1.0,5.7424384903234404,0.8756756756756757,2.74284522578045e-12,6.825096179945578,5.921551295734535,1.0,0.48,25,12
2679,1,BPTF,2679,1.0,5.7424384903234404,0.40772200772200773,0.013575168873014213,3.5246723690629733,2.889243487159113,1.0,0.48,25,12
2683,1,BPTF,2683,1.0,5.7424384903234404,0.3621621621621622,0.029963619353184496,2.4271359887094257,1.6697555459862612,1.0,0.48,25,12
2668,1,BPTF,2668,1.0,5.7424384903234404,0.4015444015444016,0.015208206771414639,5.200647199377295,4.857871979043057,1.0,0.48,25,12
2680,1,BPTF,2680,1.0,5.7424384903234404,0.5104247104247105,0.0014698040909710893,3.018774613788103,2.2253067832141102,1.0,0.48,25,12
2674,1,BPTF,2674,1.0,5.7424384903234404,0.609009009009009,8.093591164493021e-05,3.147612539614727,2.4637431032177797,1.0,0.48,25,12
2676,1,BPTF,2676,1.0,5.7424384903234404,-0.6272844272844273,4.2347653931030066e-05,-5.233365678667636,4.054712123673922,1.0,0.48,25,12
2669,1,BPTF,2669,1.0,5.7424384903234404,0.5575289575289576,0.0004116581684504511,7.5713488266352345,7.423256272976588,1.0,0.48,25,12
334,1,CREB1,334,1.0,6.9489649813916,-0.30424710424710427,0.07121592462430924,-2.7911219949915216,1.9249286691026555,1.0,0.7222222222222222,18,13
338,1,CREB1,338,1.0,6.9489649813916,0.5737451737451739,0.0002538726717426976,3.0576129791993014,2.2958425143459107,1.0,0.7222222222222222,18,13
333,1,CREB1,333,1.0,6.9489649813916,-0.6589446589446589,1.2438322131208749e-05,-2.168440149886412,1.375672141673039,1.0,0.7222222222222222,18,13
345,1,CREB1,345,1.0,6.9489649813916,-0.21544401544401545,0.20697563590073378,-2.426578742859009,1.6187000175180866,1.0,0.7222222222222222,18,13
336,1,CREB1,336,1.0,6.9489649813916,0.7611325611325612,7.084372895667835e-08,6.917649683517633,6.783998221344715,1.0,0.7222222222222222,18,13
332,1,CREB1,332,1.0,6.9489649813916,0.5505791505791506,0.000502634527874916,5.263914541528588,4.972333748089579,1.0,0.7222222222222222,18,13
343,1,CREB1,343,1.0,6.9489649813916,-0.6710424710424711,7.494102187675614e-06,-3.2141683129701075,2.4548235127466733,1.0,0.7222222222222222,18,13
339,1,CREB1,339,1.0,6.9489649813916,0.4213642213642214,0.010486092714310096,2.8952829119625507,2.154879439592977,1.0,0.7222222222222222,18,13
340,1,CREB1,340,1.0,6.9489649813916,-0.841956241956242,1.2355305197278147e-10,-4.53806973242702,3.448303832234262,1.0,0.7222222222222222,18,13
331,1,CREB1,331,1.0,6.9489649813916,-0.2731016731016731,0.10705220198915735,-2.649825261276199,1.761537654137104,1.0,0.7222222222222222,18,13
335,1,CREB1,335,1.0,6.9489649813916,0.5371943371943372,0.0007295247723109934,2.419250223755675,1.676198475950478,1.0,0.7222222222222222,18,13
330,1,CREB1,330,1.0,6.9489649813916,0.7536679536679538,1.1220967586121565e-07,6.777075212547411,6.007305455233042,1.0,0.7222222222222222,18,13
337,1,CREB1,337,1.0,6.9489649813916,0.07027027027027027,0.6838273588295353,2.1224446532859718,1.375450276769389,1.0,0.7222222222222222,18,13
4635,1,ZNF713,4635,1.0,1.422209905474918,0.2833976833976834,0.09395135406960056,3.133151033755342,2.449830455691751,1.0,0.42105263157894735,19,8
4649,1,ZNF713,4649,1.0,1.422209905474918,0.4468468468468469,0.006292832869049459,5.817164471759981,5.3486349968094755,1.0,0.42105263157894735,19,8
4633,1,ZNF713,4633,1.0,1.422209905474918,0.6133848133848134,6.956234595026298e-05,7.182360228581383,6.306862014936164,1.0,0.42105263157894735,19,8
4647,1,ZNF713,4647,1.0,1.422209905474918,0.26203346203346206,0.1226291854537604,3.1320032062851646,2.354944472038633,1.0,0.42105263157894735,19,8
4634,1,ZNF713,4634,1.0,1.422209905474918,0.34671814671814677,0.03829871574392659,4.794586901483969,4.295591739337371,1.0,0.42105263157894735,19,8
4646,1,ZNF713,4646,1.0,1.422209905474918,0.41827541827541836,0.011127377842475509,3.652607511090635,2.9032950758589284,1.0,0.42105263157894735,19,8
4641,1,ZNF713,4641,1.0,1.422209905474918,0.4172458172458173,0.011348397730065475,2.236686954052524,1.4705318076588119,1.0,0.42105263157894735,19,8
4640,1,ZNF713,4640,1.0,1.422209905474918,0.5142857142857143,0.0013332142341503995,5.579463435629819,4.942733084950815,1.0,0.42105263157894735,19,8
9058,1,EGR2,9058,1.0,6.016709761979245,-0.6602316602316602,1.1798317808676375e-05,-4.844555127894404,4.037757648454296,1.0,1.0,2,2
9057,1,EGR2,9057,1.0,6.016709761979245,-0.5492921492921493,0.0005213195933704922,-3.1581895073244883,2.2115185459490583,1.0,1.0,2,2
7529,1,DLX2,7529,1.0,3.619693878799474,0.39117929040390914,0.018318446328854848,7.390364082228679,7.101686624136125,0.875,0.6363636363636364,11,8
7534,1,DLX2,7534,1.0,3.619693878799474,0.18922953940758996,0.2690161135654126,2.910878257759519,2.1925154126622513,0.875,0.6363636363636364,11,8
7536,1,DLX2,7536,1.0,3.619693878799474,0.3498713867910257,0.03645946399780192,2.8866157741017964,2.0607498521444207,0.875,0.6363636363636364,11,8
7531,1,DLX2,7531,1.0,3.619693878799474,0.32311960159411063,0.05457875858901738,6.185872885525313,5.5039277289556505,0.875,0.6363636363636364,11,8
7527,1,DLX2,7527,1.0,3.619693878799474,0.19932702695740592,0.2438184382402871,4.94757510615263,4.54517786666602,0.875,0.6363636363636364,11,8
7530,1,DLX2,7530,1.0,3.619693878799474,0.3776722616035059,0.023153136945693237,4.220610262953921,3.7661279462079413,0.875,0.6363636363636364,11,8
7537,1,DLX2,7537,1.0,3.619693878799474,0.01744111485877302,0.9195813661134432,2.6416554911835766,1.8886178267284952,0.875,0.6363636363636364,11,8
3334,1,ARNT,3334,1.0,1.4015781546217085,0.7482625482625482,1.5500336290768455e-07,5.74207469194934,5.186449272173705,1.0,1.0,3,3
3336,1,ARNT,3336,1.0,1.4015781546217085,-0.4604890604890605,0.004711438542807823,-4.937997638681811,3.9004622819619574,1.0,1.0,3,3
3335,1,ARNT,3335,1.0,1.4015781546217085,-0.24993564993564996,0.14152447392757678,-3.6509812048114183,2.6778932441778642,1.0,1.0,3,3
1389,1,BDP1,1389,1.0,5.9700363479404635,-0.42187902187902193,0.01038232464307259,-2.404460035108932,1.5400416990095298,1.0,0.5789473684210527,19,11
1396,1,BDP1,1396,1.0,5.9700363479404635,-0.5364221364221364,0.0007450240119767468,-3.172917076224691,2.2979977609061346,1.0,0.5789473684210527,19,11
1395,1,BDP1,1395,1.0,5.9700363479404635,-0.444015444015444,0.006672822416616019,-3.257235583516362,2.463944908302814,1.0,0.5789473684210527,19,11
1388,1,BDP1,1388,1.0,5.9700363479404635,0.6612612612612613,1.1308061255692454e-05,6.437722430540339,5.605665790273611,1.0,0.5789473684210527,19,11
1405,1,BDP1,1405,1.0,5.9700363479404635,0.5024453024453025,0.0017916415964096424,3.127484029358731,2.411700999292103,1.0,0.5789473684210527,19,11
1392,1,BDP1,1392,1.0,5.9700363479404635,0.4666666666666667,0.0041167765357994065,6.599536794941743,5.9480413562344685,1.0,0.5789473684210527,19,11
1390,1,BDP1,1390,1.0,5.9700363479404635,0.40180180180180186,0.015137010032903192,2.485316656372125,1.7117729958517365,1.0,0.5789473684210527,19,11
1399,1,BDP1,1399,1.0,5.9700363479404635,0.49137709137709146,0.0023397251973068765,6.635217006704068,6.388369153741856,1.0,0.5789473684210527,19,11
1393,1,BDP1,1393,1.0,5.9700363479404635,-0.6296010296010297,3.889458201235107e-05,-4.300328924467163,3.344786703571811,1.0,0.5789473684210527,19,11
1394,1,BDP1,1394,1.0,5.9700363479404635,0.31969111969111974,0.05734538783766412,2.4483426105751644,1.6861190565240853,1.0,0.5789473684210527,19,11
1406,1,BDP1,1406,1.0,5.9700363479404635,0.3832689832689833,0.02103510745109493,2.5000920354867073,1.7591280628862025,1.0,0.5789473684210527,19,11
3274,1,ZNF148,3274,1.0,2.4593007029330725,0.5410553410553411,0.0006562357936613051,6.290090660410789,5.459114143315243,1.0,0.4583333333333333,24,11
3289,1,ZNF148,3289,1.0,2.4593007029330725,0.22882882882882882,0.17946315769903945,4.245836419299556,3.739756000626099,1.0,0.4583333333333333,24,11
3290,1,ZNF148,3290,1.0,2.4593007029330725,0.1456885456885457,0.39653903414001357,3.0679560414221223,2.3149274803704114,1.0,0.4583333333333333,24,11
3293,1,ZNF148,3293,1.0,2.4593007029330725,-0.3541827541827542,0.03406163881780234,-2.7729554375177154,1.9208271874842875,1.0,0.4583333333333333,24,11
3277,1,ZNF148,3277,1.0,2.4593007029330725,0.5168597168597169,0.0012484850290677566,6.605137411148036,6.165811004583259,1.0,0.4583333333333333,24,11
3284,1,ZNF148,3284,1.0,2.4593007029330725,0.08056628056628058,0.6404295357452503,2.2896949287959103,1.5018304365678077,1.0,0.4583333333333333,24,11
3292,1,ZNF148,3292,1.0,2.4593007029330725,0.20386100386100386,0.23303706834794147,2.1231371138571,1.348212985340687,1.0,0.4583333333333333,24,11
3275,1,ZNF148,3275,1.0,2.4593007029330725,0.28288288288288294,0.09457574837592808,3.3977586876155774,2.726025436976007,1.0,0.4583333333333333,24,11
3288,1,ZNF148,3288,1.0,2.4593007029330725,-0.6195624195624196,5.595578766360325e-05,-2.5439167261022493,1.7381234993292694,1.0,0.4583333333333333,24,11
3286,1,ZNF148,3286,1.0,2.4593007029330725,0.2813384813384814,0.09646799357908459,2.5782353209492483,1.8403637007093006,1.0,0.4583333333333333,24,11
3280,1,ZNF148,3280,1.0,2.4593007029330725,0.30373230373230375,0.07171984646451032,3.534840317151003,2.893106660939544,1.0,0.4583333333333333,24,11
7831,1,CREB3L2,7831,1.0,7.127708052464554,-0.36653796653796655,0.02789399451714742,-2.4080050245360964,1.5363563109663732,1.0,0.6666666666666666,3,2
7830,1,CREB3L2,7830,1.0,7.127708052464554,0.46126126126126127,0.004633265121182594,4.746763606002115,4.21544653618196,1.0,0.6666666666666666,3,2
3822,1,HDX,3822,1.0,1.6034711272324138,0.49909909909909916,0.0019440236428804715,4.723574318611273,3.96456722718464,0.8888888888888888,0.4444444444444444,18,9
3809,1,HDX,3809,1.0,1.6034711272324138,0.5727155727155728,0.0002619811867281271,6.975293193225074,5.960254742307158,0.8888888888888888,0.4444444444444444,18,9
3814,1,HDX,3814,1.0,1.6034711272324138,0.10064350064350065,0.5591962132399981,6.036622814919081,5.849607189452338,0.8888888888888888,0.4444444444444444,18,9
3823,1,HDX,3823,1.0,1.6034711272324138,0.3263835263835264,0.05204472293431307,4.81851922357781,4.084107016981393,0.8888888888888888,0.4444444444444444,18,9
3810,1,HDX,3810,1.0,1.6034711272324138,0.3418275418275419,0.04129971854814974,8.066044186335978,7.412689581258876,0.8888888888888888,0.4444444444444444,18,9
3817,1,HDX,3817,1.0,1.6034711272324138,0.3287001287001287,0.05030386622595962,3.9948655759756275,3.444504249018519,0.8888888888888888,0.4444444444444444,18,9
3812,1,HDX,3812,1.0,1.6034711272324138,0.5382239382239382,0.0007093040181815392,2.84005334956276,2.1200860007817326,0.8888888888888888,0.4444444444444444,18,9
3819,1,HDX,3819,1.0,1.6034711272324138,0.42187902187902193,0.01038232464307259,6.304036242124135,5.75386102845102,0.8888888888888888,0.4444444444444444,18,9
1774,1,ZBED6,1774,1.0,5.766597865698356,0.8316602316602317,3.321771588186842e-10,6.274277395516513,5.598981425075559,0.5,0.5,2,2
747,1,RFX1,747,1.0,1.9282539682842295,0.2908622908622909,0.08524818733584463,5.972140781904411,5.665696824054619,1.0,0.28,25,7
753,1,RFX1,753,1.0,1.9282539682842295,0.40051480051480054,0.015495815340729711,5.12617009127122,4.689409630249616,1.0,0.28,25,7
732,1,RFX1,732,1.0,1.9282539682842295,0.4566280566280566,0.005119634841356256,2.2022220261452827,1.4617725439505342,1.0,0.28,25,7
730,1,RFX1,730,1.0,1.9282539682842295,0.46023166023166023,0.004737748372311655,7.019272199888373,6.122662765173913,1.0,0.28,25,7
736,1,RFX1,736,1.0,1.9282539682842295,0.442985842985843,0.0068157996299065705,3.0360608318493796,2.283253868707851,1.0,0.28,25,7
733,1,RFX1,733,1.0,1.9282539682842295,0.25585585585585585,0.13202751657739265,4.726725670370659,4.251515104263565,1.0,0.28,25,7
754,1,RFX1,754,1.0,1.9282539682842295,0.45353925353925356,0.005467819188908695,5.637763335040925,5.053838784571471,1.0,0.28,25,7
3708,1,FOXC2,3708,1.0,3.715530459344403,0.5863577863577865,0.00017124259043245943,3.914040684853258,3.297346645329568,1.0,0.6,25,15
3707,1,FOXC2,3707,1.0,3.715530459344403,0.5325611325611326,0.0008269821356902075,7.681495624287197,7.641396248727532,1.0,0.6,25,15
3712,1,FOXC2,3712,1.0,3.715530459344403,-0.42985842985842987,0.00888207510794622,-4.828447520220178,3.7383801856967094,1.0,0.6,25,15
3716,1,FOXC2,3716,1.0,3.715530459344403,0.615958815958816,6.356661078552535e-05,6.5297890040108,6.042424877065064,1.0,0.6,25,15
3727,1,FOXC2,3727,1.0,3.715530459344403,0.2851994851994852,0.09179081021185882,5.907867701505168,5.32041364475922,1.0,0.6,25,15
3710,1,FOXC2,3710,1.0,3.715530459344403,0.6792792792792793,5.236833860754456e-06,4.666276243895414,4.303222038757725,1.0,0.6,25,15
3721,1,FOXC2,3721,1.0,3.715530459344403,0.45740025740025747,0.005035639279254421,3.3939261392148223,2.7517666039160966,1.0,0.6,25,15
3726,1,FOXC2,3726,1.0,3.715530459344403,0.5109395109395111,0.0014509087609288999,3.69790867758546,3.0857948745645833,1.0,0.6,25,15
3717,1,FOXC2,3717,1.0,3.715530459344403,0.4666666666666667,0.0041167765357994065,3.4151745367284874,2.683687797150563,1.0,0.6,25,15
3718,1,FOXC2,3718,1.0,3.715530459344403,0.418018018018018,0.011182287698381916,2.7277179623213486,1.991529145474217,1.0,0.6,25,15
3714,1,FOXC2,3714,1.0,3.715530459344403,0.4226512226512227,0.010228308752118621,3.0578141347445387,2.3229340715703843,1.0,0.6,25,15
3703,1,FOXC2,3703,1.0,3.715530459344403,0.3827541827541828,0.021222940328564057,6.741247079594966,5.859950917000675,1.0,0.6,25,15
3706,1,FOXC2,3706,1.0,3.715530459344403,0.6777348777348778,5.605661353616175e-06,5.02621477658905,4.646788453855134,1.0,0.6,25,15
3719,1,FOXC2,3719,1.0,3.715530459344403,0.3145431145431145,0.061707488727026055,3.3298857590067956,2.677703706838568,1.0,0.6,25,15
3715,1,FOXC2,3715,1.0,3.715530459344403,0.5073359073359074,0.0015877877253568072,3.987932315374661,3.356834488302552,1.0,0.6,25,15
8767,1,RFX2,8767,-1.0,1.399592339696082,-0.010038610038610039,0.9536631134608327,2.7292555381494514,1.9186119615370223,0.5,0.1875,16,6
8775,1,RFX2,8775,-1.0,1.399592339696082,0.29292149292149294,0.0829604705742028,-2.7320375631286344,1.8402176279007916,0.5,0.1875,16,6
8768,1,RFX2,8768,-1.0,1.399592339696082,0.16885456885456887,0.3248869604177673,-4.223222316132058,3.230454623914337,0.5,0.1875,16,6
1729,1,MECOM,1729,1.0,2.534081944778602,0.29729729729729737,0.07825700504731932,3.36937592658624,2.720181611879963,1.0,0.84,25,21
1727,1,MECOM,1727,1.0,2.534081944778602,0.32664092664092664,0.05184895061012623,3.3442559435925476,2.69463721504697,1.0,0.84,25,21
1725,1,MECOM,1725,1.0,2.534081944778602,0.2471042471042471,0.14623967480294225,3.307627655791515,2.6033860102316044,1.0,0.84,25,21
1717,1,MECOM,1717,1.0,2.534081944778602,0.48906048906048916,0.0024714036130362507,4.238260836543246,3.678397898086049,1.0,0.84,25,21
1715,1,MECOM,1715,1.0,2.534081944778602,0.3173745173745174,0.059277003041919615,6.8759819370514235,5.934711105488066,1.0,0.84,25,21
1737,1,MECOM,1737,1.0,2.534081944778602,0.26640926640926643,0.11628049382714259,5.899272004759532,5.924563835017969,1.0,0.84,25,21
1736,1,MECOM,1736,1.0,2.534081944778602,0.3498069498069499,0.0364963165104408,2.5527400340810957,1.7343063138054322,1.0,0.84,25,21
1732,1,MECOM,1732,1.0,2.534081944778602,-0.3261261261261261,0.052241085201578594,-3.449726107994947,2.507480784933584,1.0,0.84,25,21
1735,1,MECOM,1735,1.0,2.534081944778602,0.34517374517374516,0.03922663858458597,2.7996488558980537,2.0548280360969295,1.0,0.84,25,21
1718,1,MECOM,1718,1.0,2.534081944778602,0.41750321750321756,0.011292796883968144,7.80530726281307,7.717073685505883,1.0,0.84,25,21
1716,1,MECOM,1716,1.0,2.534081944778602,0.3788931788931789,0.02267662157582223,5.034916246430881,4.638206202729047,1.0,0.84,25,21
1738,1,MECOM,1738,1.0,2.534081944778602,0.14388674388674388,0.4024679511297866,2.3633216582903938,1.6203258907355083,1.0,0.84,25,21
1733,1,MECOM,1733,1.0,2.534081944778602,0.33281853281853285,0.04732428845498002,6.781145984769138,5.913470771429107,1.0,0.84,25,21
1734,1,MECOM,1734,1.0,2.534081944778602,0.4882882882882883,0.0025167118219032412,3.884874318772861,3.338764470783125,1.0,0.84,25,21
1724,1,MECOM,1724,1.0,2.534081944778602,0.23577863577863578,0.1662503384523101,2.1753677304670997,1.4252877719604393,1.0,0.84,25,21
1722,1,MECOM,1722,1.0,2.534081944778602,0.2885456885456885,0.08787975628562068,2.9568972948831753,2.2138814936788678,1.0,0.84,25,21
1728,1,MECOM,1728,1.0,2.534081944778602,0.398970398970399,0.015935788162119643,2.1733057094922534,1.4274074473130736,1.0,0.84,25,21
1731,1,MECOM,1731,1.0,2.534081944778602,0.2882882882882883,0.08817597187186574,3.764542452233443,3.189359178283872,1.0,0.84,25,21
1720,1,MECOM,1720,1.0,2.534081944778602,-0.2818532818532819,0.09583405885881349,-4.872738275772929,3.7969346246042077,1.0,0.84,25,21
1739,1,MECOM,1739,1.0,2.534081944778602,0.2097812097812098,0.21945220076231034,5.113070725864432,4.448292707381458,1.0,0.84,25,21
1730,1,MECOM,1730,1.0,2.534081944778602,0.45894465894465897,0.0048712102318048305,2.0731871867856992,1.3312994448920052,1.0,0.84,25,21
2595,1,PAX6,2595,1.0,2.6979868144685777,0.5052767052767053,0.0016709929176396585,7.601062327041051,7.527562752131155,1.0,0.76,25,19
2608,1,PAX6,2608,1.0,2.6979868144685777,0.4195624195624196,0.010856245749201205,4.463552243223053,4.036384628405757,1.0,0.76,25,19
2611,1,PAX6,2611,1.0,2.6979868144685777,0.45148005148005155,0.00571111479593474,6.290452109020135,5.377412057543867,1.0,0.76,25,19
2596,1,PAX6,2596,1.0,2.6979868144685777,0.36962676962676966,0.02650511677087803,4.215430174205839,3.7596757319066443,1.0,0.76,25,19
2594,1,PAX6,2594,1.0,2.6979868144685777,0.427027027027027,0.009391737228068641,5.1930676352926595,4.822051756777816,1.0,0.76,25,19
2609,1,PAX6,2609,1.0,2.6979868144685777,0.3006435006435007,0.07480220761317881,2.6920903612164295,1.8890373870247488,1.0,0.76,25,19
2612,1,PAX6,2612,1.0,2.6979868144685777,-0.24324324324324326,0.15285310160957333,-3.832718806824213,3.0370575733226963,1.0,0.76,25,19
2602,1,PAX6,2602,1.0,2.6979868144685777,0.33204633204633205,0.04787189006817495,4.458331810905217,4.06083357469257,1.0,0.76,25,19
2603,1,PAX6,2603,1.0,2.6979868144685777,0.47335907335907346,0.0035470031550075016,4.011235559200386,3.4942478989550274,1.0,0.76,25,19
2610,1,PAX6,2610,1.0,2.6979868144685777,0.312998712998713,0.0630660229542555,3.5897555186744543,2.97696059783745,1.0,0.76,25,19
2616,1,PAX6,2616,1.0,2.6979868144685777,0.2563706563706564,0.13122455329203012,2.796435021022047,1.991057145683125,1.0,0.76,25,19
2606,1,PAX6,2606,1.0,2.6979868144685777,0.35109395109395114,0.0357659780720366,2.989674742324829,2.2168067305109695,1.0,0.76,25,19
2599,1,PAX6,2599,1.0,2.6979868144685777,0.4648648648648649,0.004283099350619072,2.911676168203874,2.197262590717666,1.0,0.76,25,19
2615,1,PAX6,2615,1.0,2.6979868144685777,0.34028314028314033,0.04228595659304784,3.6221070567325153,3.018406880433827,1.0,0.76,25,19
2597,1,PAX6,2597,1.0,2.6979868144685777,0.3541827541827542,0.03406163881780234,4.7895967539552435,4.415057733389226,1.0,0.76,25,19
2601,1,PAX6,2601,1.0,2.6979868144685777,0.47747747747747754,0.0032315265831623302,2.4886733997388086,1.7338579881815244,1.0,0.76,25,19
2592,1,PAX6,2592,1.0,2.6979868144685777,0.49395109395109404,0.00220064597662157,6.874310368075009,5.983099124976479,1.0,0.76,25,19
2607,1,PAX6,2607,1.0,2.6979868144685777,0.174002574002574,0.3101347731868115,2.5698240394758707,1.8092548688852523,1.0,0.76,25,19
2614,1,PAX6,2614,1.0,2.6979868144685777,0.21492921492921493,0.20808909877348133,2.2776109003499037,1.5060266935462938,1.0,0.76,25,19
38,1,LEF1,38,1.0,3.0519961047901125,0.41776061776061774,0.011237427126413098,7.653300342889026,7.804395306847027,1.0,0.6,25,15
40,1,LEF1,40,1.0,3.0519961047901125,0.6028314028314029,9.985104792231796e-05,3.1379569634091307,2.4153799260978253,1.0,0.6,25,15
36,1,LEF1,36,1.0,3.0519961047901125,0.6772200772200773,5.733776500095855e-06,2.2338273213071136,1.4653334000275067,1.0,0.6,25,15
35,1,LEF1,35,1.0,3.0519961047901125,0.268983268983269,0.11266302829853223,6.713260215483387,5.762383882809392,1.0,0.6,25,15
45,1,LEF1,45,1.0,3.0519961047901125,0.37734877734877736,0.023280772338182668,4.133041362559971,3.519317831594458,1.0,0.6,25,15
44,1,LEF1,44,1.0,3.0519961047901125,0.2985842985842986,0.07691385181720824,6.823535530873938,6.230461622856516,1.0,0.6,25,15
39,1,LEF1,39,1.0,3.0519961047901125,-0.4658944658944659,0.004187359782000047,-2.335599649546312,1.5190129125563494,1.0,0.6,25,15
55,1,LEF1,55,1.0,3.0519961047901125,0.29729729729729737,0.07825700504731932,3.267591034920748,2.5542893487502445,1.0,0.6,25,15
50,1,LEF1,50,1.0,3.0519961047901125,0.6149292149292149,6.590650632758788e-05,3.7044227039766704,3.069753273965957,1.0,0.6,25,15
56,1,LEF1,56,1.0,3.0519961047901125,0.3703989703989704,0.02616695885167245,5.1073267307953145,4.899542316373069,1.0,0.6,25,15
53,1,LEF1,53,1.0,3.0519961047901125,0.5539253539253539,0.0004568115008506685,2.074408325820318,1.3062969136314764,1.0,0.6,25,15
42,1,LEF1,42,1.0,3.0519961047901125,0.35727155727155735,0.03242417401951849,3.2763453562619698,2.600369570302341,1.0,0.6,25,15
49,1,LEF1,49,1.0,3.0519961047901125,0.4970398970398971,0.0020433406106122147,3.3570188740309477,2.697872592731443,1.0,0.6,25,15
41,1,LEF1,41,1.0,3.0519961047901125,0.3518661518661519,0.03533351820606962,3.733661919195531,3.1611947965635077,1.0,0.6,25,15
37,1,LEF1,37,1.0,3.0519961047901125,0.5758043758043758,0.0002383260614136679,5.30189853871146,4.927078278824612,1.0,0.6,25,15
211,1,NF1,211,1.0,5.773001238133977,0.8182754182754184,1.0929047445396942e-09,6.531532838526218,5.7512790004186,1.0,0.6666666666666666,21,14
229,1,NF1,229,1.0,5.773001238133977,-0.28211068211068213,0.09551828810500629,-2.4335792017156663,1.6478478474519307,1.0,0.6666666666666666,21,14
214,1,NF1,214,1.0,5.773001238133977,0.6504504504504505,1.751842709658657e-05,2.2494894508053247,1.5046982322852271,1.0,0.6666666666666666,21,14
227,1,NF1,227,1.0,5.773001238133977,0.47490347490347495,0.003425698731223945,5.193153929372652,4.954987792375674,1.0,0.6666666666666666,21,14
219,1,NF1,219,1.0,5.773001238133977,0.3124839124839125,0.06352407650368556,2.1191910350000844,1.3343691245985205,1.0,0.6666666666666666,21,14
231,1,NF1,231,1.0,5.773001238133977,0.20386100386100386,0.23303706834794147,3.8213932118126723,3.193211181907543,1.0,0.6666666666666666,21,14
230,1,NF1,230,1.0,5.773001238133977,0.43191763191763194,0.008526396999638947,2.7132014545839986,1.9426661563970815,1.0,0.6666666666666666,21,14
217,1,NF1,217,1.0,5.773001238133977,0.34362934362934366,0.04017270672435745,3.236704770189214,2.5161255634532056,1.0,0.6666666666666666,21,14
225,1,NF1,225,1.0,5.773001238133977,0.46692406692406696,0.004093478941433611,3.039351155723419,2.277396844076343,1.0,0.6666666666666666,21,14
222,1,NF1,222,1.0,5.773001238133977,0.2602316602316603,0.1253172044754795,2.513679662623638,1.7696395790714994,1.0,0.6666666666666666,21,14
224,1,NF1,224,1.0,5.773001238133977,0.5371943371943372,0.0007295247723109934,3.152174229840413,2.3842161887168563,1.0,0.6666666666666666,21,14
212,1,NF1,212,1.0,5.773001238133977,0.24324324324324326,0.15285310160957333,4.964726828058703,4.597286921758645,1.0,0.6666666666666666,21,14
216,1,NF1,216,1.0,5.773001238133977,0.5768339768339769,0.00023087709756690534,7.993890960788883,7.916146452581915,1.0,0.6666666666666666,21,14
215,1,NF1,215,1.0,5.773001238133977,0.5016731016731016,0.0018258440493828438,2.6916417709001634,1.9605349778121397,1.0,0.6666666666666666,21,14
7076,1,HOXB2,7076,1.0,2.4854050097947535,0.6162162162162161,6.299348434015365e-05,4.221083648803996,3.7617336620334654,1.0,0.7142857142857143,14,10
7068,1,HOXB2,7068,1.0,2.4854050097947535,0.5014157014157015,0.0018373714290298546,2.7642188095034133,2.0386302699680736,1.0,0.7142857142857143,14,10
7063,1,HOXB2,7063,1.0,2.4854050097947535,0.6761904761904762,5.9980591972173625e-06,2.0661358872610163,1.3108477555868303,1.0,0.7142857142857143,14,10
7069,1,HOXB2,7069,1.0,2.4854050097947535,0.22290862290862293,0.19129285983636599,3.632637951275264,2.9426407255988543,1.0,0.7142857142857143,14,10
7065,1,HOXB2,7065,1.0,2.4854050097947535,0.3763191763191764,0.023690904568943513,7.657875206842429,7.377429662122556,1.0,0.7142857142857143,14,10
7075,1,HOXB2,7075,1.0,2.4854050097947535,0.42522522522522527,0.009728866824795108,4.874465310557155,4.4607845886792665,1.0,0.7142857142857143,14,10
7072,1,HOXB2,7072,1.0,2.4854050097947535,0.30913770913770916,0.0665657342750976,2.6232028957119886,1.8855804446313449,1.0,0.7142857142857143,14,10
7067,1,HOXB2,7067,1.0,2.4854050097947535,0.2962676962676963,0.07934459672094643,2.0694829845561786,1.3210442351475398,1.0,0.7142857142857143,14,10
7066,1,HOXB2,7066,1.0,2.4854050097947535,0.5142857142857143,0.0013332142341503995,3.3628017447184084,2.710688779811325,1.0,0.7142857142857143,14,10
7064,1,HOXB2,7064,1.0,2.4854050097947535,0.5763191763191763,0.00023457510687533957,4.649743327103161,4.11579700412946,1.0,0.7142857142857143,14,10
1642,1,ELF2,1642,1.0,5.802192263222135,-0.28468468468468466,0.09240417979450799,-2.75183417390477,1.8420741060567476,1.0,0.6,25,15
1652,1,ELF2,1652,1.0,5.802192263222135,0.5842985842985844,0.00018281488377004605,2.3057408005225626,1.5274002589082847,1.0,0.6,25,15
1649,1,ELF2,1649,1.0,5.802192263222135,0.3994851994851995,0.01578797996407742,3.398572517605554,2.720287594718218,1.0,0.6,25,15
1644,1,ELF2,1644,1.0,5.802192263222135,-0.49266409266409267,0.0022692540609615423,-4.522013332440967,3.398111113117477,1.0,0.6,25,15
1641,1,ELF2,1641,1.0,5.802192263222135,-0.42754182754182757,0.009297261772820706,-3.13093802088134,2.2326136467077338,1.0,0.6,25,15
1663,1,ELF2,1663,1.0,5.802192263222135,0.2815958815958816,0.09615062696467433,2.7604980665231467,1.9693091447258273,1.0,0.6,25,15
1643,1,ELF2,1643,1.0,5.802192263222135,0.3886743886743887,0.01914501294210911,5.2966038929749955,4.917531335693488,1.0,0.6,25,15
1657,1,ELF2,1657,1.0,5.802192263222135,0.5341055341055342,0.0007932874290199941,5.8661406626482195,5.58821161304142,1.0,0.6,25,15
1640,1,ELF2,1640,1.0,5.802192263222135,0.6483912483912485,1.900489415516304e-05,6.3636060479606735,5.423347526069297,1.0,0.6,25,15
1662,1,ELF2,1662,1.0,5.802192263222135,-0.34877734877734884,0.037089283423584814,-3.787013665159236,3.0174769164745463,1.0,0.6,25,15
1653,1,ELF2,1653,1.0,5.802192263222135,0.25945945945945953,0.126482542291574,2.58924318076989,1.7895566640888645,1.0,0.6,25,15
1648,1,ELF2,1648,1.0,5.802192263222135,-0.32972972972972975,0.04954526243675254,-2.9105508574235404,2.0954228843355924,1.0,0.6,25,15
1651,1,ELF2,1651,1.0,5.802192263222135,0.6324324324324325,3.5021335645614874e-05,2.1008498943902443,1.3587407270653045,1.0,0.6,25,15
1660,1,ELF2,1660,1.0,5.802192263222135,-0.7014157014157015,1.884681166046553e-06,-4.388015213053916,3.3707392023631755,1.0,0.6,25,15
1654,1,ELF2,1654,1.0,5.802192263222135,0.30090090090090094,0.07454146342994787,2.153263736431516,1.4125758031063855,1.0,0.6,25,15
3333,1,MNT,3333,1.0,5.7787682366226845,0.6535392535392537,1.548611632569639e-05,6.590656962863884,5.662744984844232,1.0,1.0,1,1
4259,1,NR1H2,4259,-1.0,2.650430601613932,0.37065637065637064,0.026055033873351466,-2.434087432643216,1.6353845224868837,1.0,0.5384615384615384,13,7
4255,1,NR1H2,4255,-1.0,2.650430601613932,-0.37734877734877736,0.023280772338182668,2.489107752235405,1.7368545359945855,1.0,0.5384615384615384,13,7
4250,1,NR1H2,4250,-1.0,2.650430601613932,0.5670527670527671,0.00031086173602293585,-4.682696100231372,3.552185041392639,1.0,0.5384615384615384,13,7
4248,1,NR1H2,4248,-1.0,2.650430601613932,-0.35727155727155735,0.03242417401951849,6.241058959722386,5.36248963016951,1.0,0.5384615384615384,13,7
4257,1,NR1H2,4257,-1.0,2.650430601613932,-0.112998712998713,0.5117138257951563,3.517568672524355,2.87803088918426,1.0,0.5384615384615384,13,7
4252,1,NR1H2,4252,-1.0,2.650430601613932,0.2283140283140283,0.1804707012165744,-3.3836416645893763,2.4656344638291148,1.0,0.5384615384615384,13,7
4251,1,NR1H2,4251,-1.0,2.650430601613932,-0.44530244530244534,0.006497726887554239,7.327141321729258,7.233478403193779,1.0,0.5384615384615384,13,7
8263,1,GATA6,8263,1.0,2.528949098975822,0.3498069498069499,0.0364963165104408,3.689741272703183,3.0810365524728414,0.8181818181818182,0.42857142857142855,21,11
8249,1,GATA6,8249,1.0,2.528949098975822,-0.23397683397683397,0.1696067248886035,-2.7214870754398475,1.888579420232869,0.8181818181818182,0.42857142857142855,21,11
8255,1,GATA6,8255,1.0,2.528949098975822,0.22960102960102963,0.17795934052487006,3.8401586599725417,3.23851695037084,0.8181818181818182,0.42857142857142855,21,11
8258,1,GATA6,8258,1.0,2.528949098975822,0.41570141570141567,0.011686898375100212,4.080384604114201,3.5761729643585722,0.8181818181818182,0.42857142857142855,21,11
8266,1,GATA6,8266,1.0,2.528949098975822,-0.14054054054054055,0.41361243843292594,-3.356886855045028,2.5178703100222037,0.8181818181818182,0.42857142857142855,21,11
8252,1,GATA6,8252,1.0,2.528949098975822,0.47541827541827547,0.003386073067108285,3.1889018706397505,2.5124447383451116,0.8181818181818182,0.42857142857142855,21,11
8250,1,GATA6,8250,1.0,2.528949098975822,0.6115830115830116,7.405814471478402e-05,3.3570782345155963,2.6254961991199073,0.8181818181818182,0.42857142857142855,21,11
8257,1,GATA6,8257,1.0,2.528949098975822,0.1976833976833977,0.24780814478772062,3.1049764667059163,2.3857244851311523,0.8181818181818182,0.42857142857142855,21,11
8260,1,GATA6,8260,1.0,2.528949098975822,0.4226512226512227,0.010228308752118621,2.6226367681951146,1.8466863224484231,0.8181818181818182,0.42857142857142855,21,11
4463,1,SIX4,4463,1.0,3.2088492925844756,0.6123552123552124,7.210022694577077e-05,4.996926771536918,4.595625587516713,1.0,1.0,2,2
4462,1,SIX4,4462,1.0,3.2088492925844756,0.320978120978121,0.056294068210737555,7.370621630010749,6.790227734145892,1.0,1.0,2,2
2051,1,GLI3,2051,1.0,2.5190513232885,-0.3382239382239383,0.04363044179502558,-2.572322103321129,1.71994075525701,1.0,0.5,8,4
2048,1,GLI3,2048,1.0,2.5190513232885,0.7199485199485199,7.445830606044059e-07,4.415521631228229,3.8244544871020865,1.0,0.5,8,4
2050,1,GLI3,2050,1.0,2.5190513232885,0.689060489060489,3.370666432719137e-06,4.32642964393492,3.8570887327206256,1.0,0.5,8,4
2046,1,GLI3,2046,1.0,2.5190513232885,0.4321750321750322,0.008482804121955156,6.881035066699247,5.861794644654207,1.0,0.5,8,4
5939,1,STAT5A,5939,1.0,2.2809983506582747,0.4033462033462034,0.014715688928095716,3.325127737797905,2.6533323461575744,1.0,0.36,25,9
5947,1,STAT5A,5947,1.0,2.2809983506582747,0.5567567567567568,0.00042098420082187915,3.7615206348452155,3.130006012019047,1.0,0.36,25,9
5931,1,STAT5A,5931,1.0,2.2809983506582747,0.2906048906048906,0.08553754285131421,4.110665775387305,3.588340926480441,1.0,0.36,25,9
5945,1,STAT5A,5945,1.0,2.2809983506582747,0.31943371943371945,0.05755751066198097,4.435515666481907,4.036269297512145,1.0,0.36,25,9
5937,1,STAT5A,5937,1.0,2.2809983506582747,0.41209781209781216,0.012510126471447062,3.6404189833636997,2.93042408492869,1.0,0.36,25,9
5927,1,STAT5A,5927,1.0,2.2809983506582747,0.4388674388674389,0.0074142971704516955,5.012787196989491,4.5699528674736465,1.0,0.36,25,9
5930,1,STAT5A,5930,1.0,2.2809983506582747,0.6478764478764479,1.9393984647337385e-05,2.6305136599068586,1.8927922803201136,1.0,0.36,25,9
5933,1,STAT5A,5933,1.0,2.2809983506582747,0.3011583011583012,0.07428142886107654,2.30579575714119,1.5536869028422104,1.0,0.36,25,9
5944,1,STAT5A,5944,1.0,2.2809983506582747,0.3680823680823681,0.027192249856558184,2.9886927037001434,2.2665262780442346,1.0,0.36,25,9
1510,1,SP4,1510,1.0,5.756421024779021,0.4936936936936937,0.00221422055492895,2.252410583602647,1.5100765476542055,1.0,0.6,25,15
1511,1,SP4,1511,1.0,5.756421024779021,-0.3873873873873875,0.01958165807583162,-2.4305218752796427,1.629267914974069,1.0,0.6,25,15
1515,1,SP4,1515,1.0,5.756421024779021,-0.5976833976833977,0.00011855921798578841,-4.706525635394098,3.576880299925115,1.0,0.6,25,15
1524,1,SP4,1524,1.0,5.756421024779021,0.679021879021879,5.296723517697538e-06,3.9592498738538455,3.420822557022878,1.0,0.6,25,15
1517,1,SP4,1517,1.0,5.756421024779021,0.7122265122265122,1.1059621637577126e-06,4.590982655860047,4.237437145127448,1.0,0.6,25,15
1507,1,SP4,1507,1.0,5.756421024779021,0.6795366795366796,5.1775631529557085e-06,6.689719759707501,5.814994273250548,1.0,0.6,25,15
1513,1,SP4,1513,1.0,5.756421024779021,0.6046332046332047,9.396030119226545e-05,7.105617624755295,6.795365199642506,1.0,0.6,25,15
1528,1,SP4,1528,1.0,5.756421024779021,-0.35546975546975546,0.03337134512915256,-3.5945240489617856,2.635027202986545,1.0,0.6,25,15
1509,1,SP4,1509,1.0,5.756421024779021,0.346975546975547,0.03814580865617983,4.96467610681462,4.528022541802729,1.0,0.6,25,15
1526,1,SP4,1526,1.0,5.756421024779021,0.3832689832689833,0.02103510745109493,3.7872632223943192,3.2152453659225886,1.0,0.6,25,15
1518,1,SP4,1518,1.0,5.756421024779021,0.3662805662805663,0.028012388498514878,4.259801237296253,3.8153767072640066,1.0,0.6,25,15
1521,1,SP4,1521,1.0,5.756421024779021,-0.24813384813384814,0.14451195681542692,-2.2181757239530286,1.3918069418718735,1.0,0.6,25,15
1508,1,SP4,1508,1.0,5.756421024779021,-0.40437580437580445,0.014440326020037243,-3.3624869366630423,2.3983822017344933,1.0,0.6,25,15
1530,1,SP4,1530,1.0,5.756421024779021,-0.4344916344916345,0.008098956623612942,-3.381307453216611,2.4031513963424156,1.0,0.6,25,15
1525,1,SP4,1525,1.0,5.756421024779021,0.6903474903474903,3.176799956117217e-06,2.7457606144486904,2.014222176850037,1.0,0.6,25,15
3932,1,ESRRG,3932,1.0,6.0414848088948805,0.39202059202059203,0.018047615004671686,3.021952647543562,2.3158715791865085,1.0,0.5416666666666666,24,13
3916,1,ESRRG,3916,1.0,6.0414848088948805,0.7348777348777349,3.335736260603007e-07,6.393298208504045,5.462887325916195,1.0,0.5416666666666666,24,13
3923,1,ESRRG,3923,1.0,6.0414848088948805,-0.4885456885456886,0.0025015291656938134,-4.725548746630249,3.628789026899082,1.0,0.5416666666666666,24,13
3917,1,ESRRG,3917,1.0,6.0414848088948805,0.4936936936936937,0.00221422055492895,4.979477646775765,4.524302771721012,1.0,0.5416666666666666,24,13
3936,1,ESRRG,3936,1.0,6.0414848088948805,0.6648648648648648,9.734645489289864e-06,6.389127374134223,5.390980992499689,1.0,0.5416666666666666,24,13
3922,1,ESRRG,3922,1.0,6.0414848088948805,0.5861003861003861,0.0001726522373840407,2.4018295342287077,1.659068461042836,1.0,0.5416666666666666,24,13
3919,1,ESRRG,3919,1.0,6.0414848088948805,-0.45740025740025747,0.005035639279254421,-4.078916155053483,3.1035091886057686,1.0,0.5416666666666666,24,13
3924,1,ESRRG,3924,1.0,6.0414848088948805,0.5181467181467182,0.0012079282592120317,3.9151890594473673,3.2999123001550092,1.0,0.5416666666666666,24,13
3933,1,ESRRG,3933,1.0,6.0414848088948805,0.3441441441441441,0.039855319197374124,3.75381139987436,3.170538621272624,1.0,0.5416666666666666,24,13
3925,1,ESRRG,3925,1.0,6.0414848088948805,0.32355212355212354,0.054237418754998205,2.105086296099845,1.3675562546246895,1.0,0.5416666666666666,24,13
3934,1,ESRRG,3934,1.0,6.0414848088948805,0.32921492921492923,0.049923410763362194,4.9313806756412975,4.675414577067549,1.0,0.5416666666666666,24,13
3939,1,ESRRG,3939,1.0,6.0414848088948805,0.5050193050193051,0.001681658108106492,4.655717328025969,4.266341165316405,1.0,0.5416666666666666,24,13
3928,1,ESRRG,3928,1.0,6.0414848088948805,-0.4167310167310167,0.011460295732057119,-2.4669937161298665,1.691699350991137,1.0,0.5416666666666666,24,13
2547,1,ETV2,2547,-1.0,3.5768716052017675,-0.25199485199485205,0.13816598703814836,4.402334413327839,3.9964844998427034,1.0,0.875,8,7
2543,1,ETV2,2543,-1.0,3.5768716052017675,-0.26872586872586873,0.11302091500164456,5.420497937574666,5.09396626830196,1.0,0.875,8,7
2546,1,ETV2,2546,-1.0,3.5768716052017675,-0.41209781209781216,0.012510126471447062,2.52421358184654,1.7839988917408889,1.0,0.875,8,7
2545,1,ETV2,2545,-1.0,3.5768716052017675,0.18841698841698845,0.2711153522405827,-3.3777037623516444,2.4354036016682667,1.0,0.875,8,7
2541,1,ETV2,2541,-1.0,3.5768716052017675,-0.19433719433719435,0.2560648502909872,6.057025716624599,5.334380024784722,1.0,0.875,8,7
2542,1,ETV2,2542,-1.0,3.5768716052017675,-0.30759330759330755,0.06800765647541362,2.267562024352022,1.4773842136587771,1.0,0.875,8,7
2544,1,ETV2,2544,-1.0,3.5768716052017675,0.3603603603603604,0.030851668701369746,-4.354253251994211,3.281394461981053,1.0,0.875,8,7
3231,1,ELF1,3231,1.0,3.849107493483364,0.6550836550836551,1.455257198541745e-05,3.494245353644553,2.8638765966258775,1.0,0.76,25,19
3211,1,ELF1,3211,1.0,3.849107493483364,0.6880308880308881,3.53348375955788e-06,6.384171003654998,5.520647891381903,1.0,0.76,25,19
3230,1,ELF1,3230,1.0,3.849107493483364,0.05328185328185329,0.7576045499235033,2.2294368904804736,1.4837987523904816,1.0,0.76,25,19
3217,1,ELF1,3217,1.0,3.849107493483364,-0.7343629343629343,3.4324059243767206e-07,-4.885362283878629,3.7025085108975766,1.0,0.76,25,19
3226,1,ELF1,3226,1.0,3.849107493483364,0.2751608751608752,0.10432733320077507,2.0636723996383752,1.3081211921011349,1.0,0.76,25,19
3213,1,ELF1,3213,1.0,3.849107493483364,0.7225225225225227,6.50699108465511e-07,7.613576451825012,7.443802705354455,1.0,0.76,25,19
3223,1,ELF1,3223,1.0,3.849107493483364,-0.35109395109395114,0.0357659780720366,-2.3983225450536123,1.5496467125272093,1.0,0.76,25,19
3235,1,ELF1,3235,1.0,3.849107493483364,0.4478764478764479,0.006159342508466921,2.1374187628927976,1.3515781186847082,1.0,0.76,25,19
3215,1,ELF1,3215,1.0,3.849107493483364,0.5624195624195624,0.0003567504083790731,3.7964569278936233,2.994897349777457,1.0,0.76,25,19
3232,1,ELF1,3232,1.0,3.849107493483364,-0.5305019305019305,0.0008738768102274523,-3.111312030003569,2.187546392498952,1.0,0.76,25,19
3234,1,ELF1,3234,1.0,3.849107493483364,0.694980694980695,2.560275344846387e-06,2.5358162212381505,1.7653496891203044,1.0,0.76,25,19
3218,1,ELF1,3218,1.0,3.849107493483364,-0.5052767052767053,0.0016709929176396585,-2.7651209200418996,1.8355383392326419,1.0,0.76,25,19
3212,1,ELF1,3212,1.0,3.849107493483364,0.31402831402831405,0.0621577387621517,4.840118212428132,4.353646546648942,1.0,0.76,25,19
3225,1,ELF1,3225,1.0,3.849107493483364,0.5693693693693693,0.0002899584046285092,2.1327902257662577,1.3360726644187662,1.0,0.76,25,19
3228,1,ELF1,3228,1.0,3.849107493483364,0.23577863577863578,0.1662503384523101,2.9318033908004817,2.1804666896857827,1.0,0.76,25,19
3222,1,ELF1,3222,1.0,3.849107493483364,0.28494208494208495,0.09209710330396205,3.940360711556055,3.3028050557894257,1.0,0.76,25,19
3229,1,ELF1,3229,1.0,3.849107493483364,0.42368082368082366,0.010025977879321291,3.540974829325346,2.843539251938668,1.0,0.76,25,19
3227,1,ELF1,3227,1.0,3.849107493483364,0.25894465894465896,0.12726389814271963,2.4782765860694584,1.6887162380890706,1.0,0.76,25,19
3220,1,ELF1,3220,1.0,3.849107493483364,0.1758043758043758,0.3050729765442254,2.617152560637746,1.867338703602048,1.0,0.76,25,19
7964,1,EGR4,7964,1.0,1.66814495094834,0.43670763974850285,0.007745766494562169,2.0840789050085884,1.3264345024513005,1.0,0.75,4,3
7963,1,EGR4,7963,1.0,1.66814495094834,0.4878048790588935,0.002545443078809404,4.015338847242022,3.4455837795444584,1.0,0.75,4,3
7966,1,EGR4,7966,1.0,1.66814495094834,-0.219061716136738,0.19926731460416736,-4.518038762569472,3.7474088081337604,1.0,0.75,4,3
5434,1,MAFB,5434,1.0,1.6466100004953652,0.6674388674388675,8.735864278911905e-06,3.055628404698271,2.3570165395121623,0.9166666666666666,0.44,25,12
5429,1,MAFB,5429,1.0,1.6466100004953652,0.4450450450450451,0.006532426849245598,3.657023105085282,3.0072840541214356,0.9166666666666666,0.44,25,12
5425,1,MAFB,5425,1.0,1.6466100004953652,0.2815958815958816,0.09615062696467433,2.852663115356972,2.132948763877851,0.9166666666666666,0.44,25,12
5432,1,MAFB,5432,1.0,1.6466100004953652,0.38043758043758047,0.02208553651726206,3.007774805800395,2.2884138836857453,0.9166666666666666,0.44,25,12
5440,1,MAFB,5440,1.0,1.6466100004953652,0.12097812097812098,0.4821557192146123,4.008140195347362,3.498844562454282,0.9166666666666666,0.44,25,12
5424,1,MAFB,5424,1.0,1.6466100004953652,0.33281853281853285,0.04732428845498002,7.4627794917950085,7.472221073066643,0.9166666666666666,0.44,25,12
5428,1,MAFB,5428,1.0,1.6466100004953652,0.6880308880308881,3.53348375955788e-06,2.2132346349676153,1.4715922571274656,0.9166666666666666,0.44,25,12
5430,1,MAFB,5430,1.0,1.6466100004953652,-0.297039897039897,0.07852781027349559,-4.789416288667137,3.676552541444375,0.9166666666666666,0.44,25,12
5420,1,MAFB,5420,1.0,1.6466100004953652,0.5140283140283141,0.0013419593531413438,5.208544851929438,4.897858984911443,0.9166666666666666,0.44,25,12
5431,1,MAFB,5431,1.0,1.6466100004953652,0.9142857142857144,6.692784093403464e-15,3.0182299635389627,2.2886712106022125,0.9166666666666666,0.44,25,12
5436,1,MAFB,5436,1.0,1.6466100004953652,0.5356499356499357,0.0007608143970929121,4.3695896511231265,3.914843270779154,0.9166666666666666,0.44,25,12
7019,1,PLAG1,7019,1.0,4.121227884128341,0.4229086229086229,0.010177403524885479,3.9185248503568655,3.386018704492268,1.0,0.64,25,16
7027,1,PLAG1,7027,1.0,4.121227884128341,-0.22985842985842986,0.17746006465302405,-2.9674599703496356,2.1038572865920275,1.0,0.64,25,16
7009,1,PLAG1,7009,1.0,4.121227884128341,-0.305019305019305,0.07046524318145707,-2.2977642275236168,1.4711251655139808,1.0,0.64,25,16
7025,1,PLAG1,7025,1.0,4.121227884128341,0.6072072072072071,8.608757528050047e-05,2.357764200028889,1.5568073452854843,1.0,0.64,25,16
7020,1,PLAG1,7020,1.0,4.121227884128341,-0.3001287001287002,0.07532582964552915,-2.340762957220278,1.5082678274626247,1.0,0.64,25,16
7028,1,PLAG1,7028,1.0,4.121227884128341,0.6221364221364221,5.1034518327383096e-05,2.6051079251247105,1.850085683383412,1.0,0.64,25,16
7014,1,PLAG1,7014,1.0,4.121227884128341,-0.38198198198198197,0.0215073035369096,-4.270569860396065,3.224492522636636,1.0,0.64,25,16
7022,1,PLAG1,7022,1.0,4.121227884128341,0.5603603603603603,0.00037901787015350583,2.800167884997899,2.04268792509502,1.0,0.64,25,16
7010,1,PLAG1,7010,1.0,4.121227884128341,-0.5148005148005148,0.001315874415317263,-4.7952876946153955,3.7537997599182598,1.0,0.64,25,16
7011,1,PLAG1,7011,1.0,4.121227884128341,0.6002574002574004,0.00010884383970318574,7.03646619591829,6.857346040228283,1.0,0.64,25,16
7013,1,PLAG1,7013,1.0,4.121227884128341,-0.3781209781209781,0.022977050319975285,-2.4583613411232013,1.61393319190159,1.0,0.64,25,16
7012,1,PLAG1,7012,1.0,4.121227884128341,0.4885456885456886,0.0025015291656938134,3.974677520151003,3.42946135513636,1.0,0.64,25,16
7030,1,PLAG1,7030,1.0,4.121227884128341,-0.36344916344916345,0.02934223125588996,-3.2038679928092653,2.4717209277227803,1.0,0.64,25,16
7008,1,PLAG1,7008,1.0,4.121227884128341,0.46409266409266414,0.004356141992479955,4.871455847693809,4.550856038633823,1.0,0.64,25,16
7021,1,PLAG1,7021,1.0,4.121227884128341,0.5045045045045046,0.00170316793107869,4.943376843285548,4.6844634823093,1.0,0.64,25,16
7007,1,PLAG1,7007,1.0,4.121227884128341,0.26975546975546977,0.11159448627380314,4.841717505035091,4.4225458749443,1.0,0.64,25,16
2929,1,PEBP1,2929,-1.0,1.5253033198002055,-0.1904761904761905,0.2658161410789247,6.615663862751623,5.638025884949532,1.0,0.5714285714285714,7,4
2932,1,PEBP1,2932,-1.0,1.5253033198002055,-0.3624195624195624,0.02983848530106455,5.373688977645281,5.1310823206625304,1.0,0.5714285714285714,7,4
2934,1,PEBP1,2934,-1.0,1.5253033198002055,-0.3541827541827542,0.03406163881780234,5.09105262048516,4.154804559333948,1.0,0.5714285714285714,7,4
2935,1,PEBP1,2935,-1.0,1.5253033198002055,-0.16525096525096525,0.3354685349802575,2.114761373871939,1.3781831898631867,1.0,0.5714285714285714,7,4
3065,1,MEF2A,3065,1.0,5.839260204766342,0.5745173745173745,0.00024793944310565105,7.5473669015968845,7.377345298183931,1.0,0.64,25,16
3083,1,MEF2A,3083,1.0,5.839260204766342,0.29369369369369375,0.08211493166746711,2.3778011875286365,1.6207983610379206,1.0,0.64,25,16
3079,1,MEF2A,3079,1.0,5.839260204766342,0.6344916344916345,3.242768113033356e-05,5.807458999325193,5.064906363661911,1.0,0.64,25,16
3082,1,MEF2A,3082,1.0,5.839260204766342,0.40051480051480054,0.015495815340729711,4.233675527139466,3.7519889817834184,1.0,0.64,25,16
3067,1,MEF2A,3067,1.0,5.839260204766342,0.5186615186615187,0.0011920336478710972,3.301909510209224,2.6348757557935203,1.0,0.64,25,16
3071,1,MEF2A,3071,1.0,5.839260204766342,-0.32483912483912486,0.05323178766751321,-2.635941785346166,1.77213973129113,1.0,0.64,25,16
3070,1,MEF2A,3070,1.0,5.839260204766342,0.4725868725868726,0.003609041887791463,4.808645755006339,4.444935107180682,1.0,0.64,25,16
3074,1,MEF2A,3074,1.0,5.839260204766342,0.46718146718146725,0.0040702956485641475,3.156095360432716,2.4575334918669034,1.0,0.64,25,16
3060,1,MEF2A,3060,1.0,5.839260204766342,0.712998712998713,1.063669273994493e-06,6.726872068055716,5.819876663262283,1.0,0.64,25,16
3076,1,MEF2A,3076,1.0,5.839260204766342,0.29729729729729737,0.07825700504731932,3.2445249420102584,2.5296792267734003,1.0,0.64,25,16
3077,1,MEF2A,3077,1.0,5.839260204766342,0.3564993564993565,0.03282737585492918,3.1934171069913058,2.5178021606854637,1.0,0.64,25,16
3072,1,MEF2A,3072,1.0,5.839260204766342,-0.5129987129987131,0.0013774469894273934,-5.065273893244709,3.9214972491711384,1.0,0.64,25,16
3080,1,MEF2A,3080,1.0,5.839260204766342,0.34491634491634493,0.03938304981203807,2.422492819056803,1.6297547604404858,1.0,0.64,25,16
3063,1,MEF2A,3063,1.0,5.839260204766342,0.38635778635778645,0.01993692556212637,5.045073239728807,4.651338992743693,1.0,0.64,25,16
3078,1,MEF2A,3078,1.0,5.839260204766342,0.24272844272844277,0.15375104445142723,2.2006341795161446,1.4293183083840222,1.0,0.64,25,16
3068,1,MEF2A,3068,1.0,5.839260204766342,0.5320463320463321,0.000838491945672946,3.1193135093474713,2.427704826041272,1.0,0.64,25,16
805,1,ARID5A,805,-1.0,1.6402549255584449,-0.2792792792792793,0.09903581124248488,7.05455438789455,6.714043197507278,1.0,0.52,25,13
821,1,ARID5A,821,-1.0,1.6402549255584449,-0.23423423423423426,0.16912429373441376,2.8478716080064417,1.9757798036877716,1.0,0.52,25,13
814,1,ARID5A,814,-1.0,1.6402549255584449,-0.17039897039897042,0.3204162458947026,4.946012121564652,4.369776059043115,1.0,0.52,25,13
808,1,ARID5A,808,-1.0,1.6402549255584449,-0.30913770913770916,0.0665657342750976,3.5481016495613726,2.8389912691046066,1.0,0.52,25,13
823,1,ARID5A,823,-1.0,1.6402549255584449,-0.2574002574002574,0.1296294833453571,4.609981234278282,4.234895389275741,1.0,0.52,25,13
824,1,ARID5A,824,-1.0,1.6402549255584449,-0.33873873873873883,0.043291131652788535,4.8544230761819875,4.1337714772620915,1.0,0.52,25,13
816,1,ARID5A,816,-1.0,1.6402549255584449,-0.17760617760617764,0.30006384868851266,2.886304724254494,2.172171807665218,1.0,0.52,25,13
802,1,ARID5A,802,-1.0,1.6402549255584449,-0.3173745173745174,0.059277003041919615,6.873246601512901,6.0247106968044735,1.0,0.52,25,13
809,1,ARID5A,809,-1.0,1.6402549255584449,-0.32741312741312745,0.05126516131180445,2.2502714824992025,1.4715423226464022,1.0,0.52,25,13
811,1,ARID5A,811,-1.0,1.6402549255584449,-0.27001287001287005,0.11124000797090279,2.068714597371677,1.3342652911259472,1.0,0.52,25,13
826,1,ARID5A,826,-1.0,1.6402549255584449,-0.4347490347490347,0.008057237942827767,2.4108356210495745,1.5638232763181954,1.0,0.52,25,13
819,1,ARID5A,819,-1.0,1.6402549255584449,-0.11943371943371943,0.48780650001898895,4.181915655123257,3.167112021797494,1.0,0.52,25,13
820,1,ARID5A,820,-1.0,1.6402549255584449,-0.26151866151866154,0.12339276156302656,2.4827530267224653,1.7146739835895797,1.0,0.52,25,13
2263,1,NR2C2,2263,1.0,5.774550597082358,0.738996138996139,2.647935071173352e-07,6.4304141823768814,5.598330644989557,1.0,0.64,25,16
2280,1,NR2C2,2280,1.0,5.774550597082358,-0.5706563706563708,0.00027889666525093376,-3.9021625835671565,2.919750032637601,1.0,0.64,25,16
2287,1,NR2C2,2287,1.0,5.774550597082358,0.5703989703989704,0.00028107833428185966,5.856016027416487,5.868444389891179,1.0,0.64,25,16
2264,1,NR2C2,2264,1.0,5.774550597082358,0.35675675675675683,0.03269252231136964,4.767779911553271,4.310750565763117,1.0,0.64,25,16
2275,1,NR2C2,2275,1.0,5.774550597082358,0.3263835263835264,0.05204472293431307,3.394917116092055,2.6630017098420447,1.0,0.64,25,16
2274,1,NR2C2,2274,1.0,5.774550597082358,0.3364221364221364,0.04483495312491952,2.231689556056448,1.467477688515443,1.0,0.64,25,16
2281,1,NR2C2,2281,1.0,5.774550597082358,0.6697554697554698,7.917790917440682e-06,5.674062566172338,5.118340691851561,1.0,0.64,25,16
2278,1,NR2C2,2278,1.0,5.774550597082358,0.30090090090090094,0.07454146342994787,3.5021565480907633,2.86492897110206,1.0,0.64,25,16
2282,1,NR2C2,2282,1.0,5.774550597082358,0.61003861003861,7.811854504452836e-05,2.174267272622729,1.4006116587165258,1.0,0.64,25,16
2276,1,NR2C2,2276,1.0,5.774550597082358,-0.6553410553410555,1.440205563039797e-05,-4.361210494217423,3.314642712892328,1.0,0.64,25,16
2271,1,NR2C2,2271,1.0,5.774550597082358,0.4684684684684685,0.003956077539339087,6.014904772727099,5.43699811739159,1.0,0.64,25,16
2283,1,NR2C2,2283,1.0,5.774550597082358,-0.583011583011583,0.00019039906248582208,-3.0157777124606526,2.1079916051539405,1.0,0.64,25,16
2272,1,NR2C2,2272,1.0,5.774550597082358,-0.24298584298584303,0.15330159554717993,-3.049166680599982,2.1828094510230893,1.0,0.64,25,16
2279,1,NR2C2,2279,1.0,5.774550597082358,-0.5137709137709139,0.0013507549402095895,-3.728662488553651,3.087612915431911,1.0,0.64,25,16
2267,1,NR2C2,2267,1.0,5.774550597082358,-0.64993564993565,1.787978884861346e-05,-5.054920860103647,4.0381129127331254,1.0,0.64,25,16
2285,1,NR2C2,2285,1.0,5.774550597082358,0.20875160875160878,0.22177488774959703,4.170283902383909,3.611230476414741,1.0,0.64,25,16
1352,1,AHR,1352,1.0,3.5186362697109224,-0.44967824967824965,0.0059315872793633045,-3.2547223162351395,2.4142112093811408,1.0,0.6,5,3
1353,1,AHR,1353,1.0,3.5186362697109224,0.5387387387387388,0.0006993812686663255,4.716510254367623,4.202641091368012,1.0,0.6,5,3
1351,1,AHR,1351,1.0,3.5186362697109224,0.4597168597168597,0.004790749064214076,6.68048646405729,5.95845481668687,1.0,0.6,5,3
7417,1,RBPJ,7417,1.0,4.845970708474278,0.24144144144144145,0.15601264458293734,3.8872969219127493,3.2013736990279225,1.0,0.3333333333333333,3,1
8100,1,NFATC4,8100,1.0,1.5732835803248242,0.436036036036036,0.007851388581126268,2.7934512918749372,2.0697600505217677,1.0,0.76,25,19
8111,1,NFATC4,8111,1.0,1.5732835803248242,0.37117117117117115,0.025832369178064238,3.5025524425017074,2.764729107293576,1.0,0.76,25,19
8103,1,NFATC4,8103,1.0,1.5732835803248242,0.43938223938223947,0.007337107070577514,4.99588818995867,4.515577999548049,1.0,0.76,25,19
8091,1,NFATC4,8091,1.0,1.5732835803248242,0.3444015444015444,0.03969738896733127,7.078946281799014,6.64417922151003,1.0,0.76,25,19
8096,1,NFATC4,8096,1.0,1.5732835803248242,0.35109395109395114,0.0357659780720366,4.42472548826542,4.013964397160227,1.0,0.76,25,19
8105,1,NFATC4,8105,1.0,1.5732835803248242,0.31505791505791503,0.06125982047312619,2.422563014206692,1.6783621845308199,1.0,0.76,25,19
8088,1,NFATC4,8088,1.0,1.5732835803248242,0.331016731016731,0.04860992272612085,5.606239184150091,5.379510314622188,1.0,0.76,25,19
8097,1,NFATC4,8097,1.0,1.5732835803248242,0.36113256113256115,0.030468470088798605,4.761591992895145,4.453640991081735,1.0,0.76,25,19
8109,1,NFATC4,8109,1.0,1.5732835803248242,0.3969111969111969,0.016538690273774054,3.764149878248978,3.1582293269563575,1.0,0.76,25,19
8092,1,NFATC4,8092,1.0,1.5732835803248242,0.40051480051480054,0.015495815340729711,4.029422727763611,3.482204669163652,1.0,0.76,25,19
8106,1,NFATC4,8106,1.0,1.5732835803248242,0.3078507078507079,0.06776564774445312,4.05976841592145,3.471816494317403,1.0,0.76,25,19
8093,1,NFATC4,8093,1.0,1.5732835803248242,0.41389961389961394,0.012092586087058991,3.463723906821995,2.831644917567204,1.0,0.76,25,19
8101,1,NFATC4,8101,1.0,1.5732835803248242,0.3464607464607465,0.03845211998552963,5.5199441504773645,5.372935965171734,1.0,0.76,25,19
8094,1,NFATC4,8094,1.0,1.5732835803248242,-0.028056628056628057,0.8709668020072409,-4.1204356920008,3.0321106337317834,1.0,0.76,25,19
8102,1,NFATC4,8102,1.0,1.5732835803248242,0.323037323037323,0.054643884862551693,5.870599267037117,5.883006181814296,1.0,0.76,25,19
8099,1,NFATC4,8099,1.0,1.5732835803248242,0.17039897039897042,0.3204162458947026,3.0029936381931335,2.290776322292056,1.0,0.76,25,19
8107,1,NFATC4,8107,1.0,1.5732835803248242,0.26615186615186615,0.11664697788867122,5.8893357526130945,5.364418860603622,1.0,0.76,25,19
8108,1,NFATC4,8108,1.0,1.5732835803248242,0.4471042471042472,0.006259229381424135,6.075633725226256,5.124959541981013,1.0,0.76,25,19
8098,1,NFATC4,8098,1.0,1.5732835803248242,0.30141570141570145,0.07402210270044833,4.529737779389008,3.999013781009429,1.0,0.76,25,19
2187,1,EPAS1,2187,1.0,3.1192980945039754,0.17683397683397684,0.3022041671359695,6.806853605680481,5.412973451911618,1.0,1.0,1,1
4423,1,THRB,4423,1.0,2.523755957181317,0.1685971685971686,0.32563583031288923,3.1768604390211084,2.438702703769937,1.0,0.56,25,14
4418,1,THRB,4418,1.0,2.523755957181317,0.39819819819819824,0.016159677469593493,7.497720124936351,7.240416535591906,1.0,0.56,25,14
4420,1,THRB,4420,1.0,2.523755957181317,-0.5763191763191763,0.00023457510687533957,-2.7035621416168456,1.8420833186501393,1.0,0.56,25,14
4417,1,THRB,4417,1.0,2.523755957181317,0.4,0.015641324678757014,4.226991312627771,3.745529209007813,1.0,0.56,25,14
4414,1,THRB,4414,1.0,2.523755957181317,0.44761904761904764,0.006192484776656397,6.631797045766129,5.686234806869795,1.0,0.56,25,14
4426,1,THRB,4426,1.0,2.523755957181317,-0.3503217503217504,0.03620273856425048,-3.115589129795962,2.363657786377405,1.0,0.56,25,14
4433,1,THRB,4433,1.0,2.523755957181317,0.3886743886743887,0.01914501294210911,2.660387820917958,1.922946297082172,1.0,0.56,25,14
4421,1,THRB,4421,1.0,2.523755957181317,-0.24375804375804377,0.15195897505615452,-2.435516995149817,1.581895883876102,1.0,0.56,25,14
4424,1,THRB,4424,1.0,2.523755957181317,0.5356499356499357,0.0007608143970929121,2.9941605895173313,2.25323738423707,1.0,0.56,25,14
4416,1,THRB,4416,1.0,2.523755957181317,-0.5068211068211068,0.0016082401900779932,-2.73376178400019,1.8263845738418245,1.0,0.56,25,14
4428,1,THRB,4428,1.0,2.523755957181317,-0.28314028314028317,0.09426315544541919,-3.0298047947346776,2.1951077778108585,1.0,0.56,25,14
4436,1,THRB,4436,1.0,2.523755957181317,-0.5111969111969112,0.0014415414784297055,-2.8663170319904117,2.0952381888615474,1.0,0.56,25,14
4427,1,THRB,4427,1.0,2.523755957181317,0.29317889317889323,0.08267787906410089,5.630546054564908,5.584311555052687,1.0,0.56,25,14
4432,1,THRB,4432,1.0,2.523755957181317,0.26563706563706563,0.11738254416763522,6.309409633790088,6.405873840474016,1.0,0.56,25,14
2871,1,TFCP2,2871,1.0,5.204809970178997,0.2164736164736165,0.20476111504809608,2.183061593873376,1.4416400367600164,1.0,0.45454545454545453,11,5
2872,1,TFCP2,2872,1.0,5.204809970178997,0.4187902187902188,0.011018243825537805,4.166389286806484,3.6976388199892307,1.0,0.45454545454545453,11,5
2867,1,TFCP2,2867,1.0,5.204809970178997,0.2944658944658945,0.08127608173651024,6.760530249200978,6.094796516397651,1.0,0.45454545454545453,11,5
2875,1,TFCP2,2875,1.0,5.204809970178997,0.4406692406692407,0.007147136594748708,2.8800626845663513,2.091158905491697,1.0,0.45454545454545453,11,5
2865,1,TFCP2,2865,1.0,5.204809970178997,0.5055341055341056,0.0016603871652838983,6.910390397302369,5.902346185556313,1.0,0.45454545454545453,11,5
8811,1,HOXB5,8811,-1.0,1.7852900835901555,-0.20720720720720723,0.225290358159417,2.614345468520364,1.8005104782825767,0.3333333333333333,0.1875,16,9
8820,1,HOXB5,8820,-1.0,1.7852900835901555,0.14671814671814673,0.3931738152650478,-3.4595184452329057,2.660166332708412,0.3333333333333333,0.1875,16,9
8821,1,HOXB5,8821,-1.0,1.7852900835901555,-0.18146718146718147,0.2895074253110588,2.076124962091963,1.335536656300421,0.3333333333333333,0.1875,16,9
4029,1,YY1,4029,1.0,5.809076820379257,0.10244530244530246,0.5521465174318699,3.9553140769894966,3.392820977464933,1.0,0.8,25,20
4008,1,YY1,4008,1.0,5.809076820379257,0.7866151866151868,1.2894283593021511e-08,7.461161092749272,7.27939602457174,1.0,0.8,25,20
4023,1,YY1,4023,1.0,5.809076820379257,0.6646074646074647,9.84003833919102e-06,4.266940521405285,3.7991365951202805,1.0,0.8,25,20
4026,1,YY1,4026,1.0,5.809076820379257,0.33075933075933084,0.048795849022449544,2.4802238351440136,1.7263671808418004,1.0,0.8,25,20
4025,1,YY1,4025,1.0,5.809076820379257,0.312998712998713,0.0630660229542555,4.201758946797932,3.5633967359977388,1.0,0.8,25,20
4011,1,YY1,4011,1.0,5.809076820379257,-0.5747747747747748,0.00024598946020314095,-4.672409520880592,3.5401643449644142,1.0,0.8,25,20
4019,1,YY1,4019,1.0,5.809076820379257,0.4126126126126126,0.012389604072143894,4.693821310019916,4.357174115564035,1.0,0.8,25,20
4024,1,YY1,4024,1.0,5.809076820379257,0.52998712998713,0.0008859619257375686,6.692656863025285,5.620671281804186,1.0,0.8,25,20
4007,1,YY1,4007,1.0,5.809076820379257,0.3552123552123553,0.03350848175860535,5.323302810366489,5.05308980292085,1.0,0.8,25,20
4013,1,YY1,4013,1.0,5.809076820379257,-0.29111969111969116,0.08495958812955566,-2.643469000477978,1.7629409984368596,1.0,0.8,25,20
4017,1,YY1,4017,1.0,5.809076820379257,-0.6283140283140284,4.078009422016951e-05,-3.3618851010049786,2.4490274680165376,1.0,0.8,25,20
4020,1,YY1,4020,1.0,5.809076820379257,0.4586872586872587,0.0048982886784272334,4.032849295222169,3.5303709289353358,1.0,0.8,25,20
4006,1,YY1,4006,1.0,5.809076820379257,0.6550836550836551,1.455257198541745e-05,6.568043982401597,5.768387419428405,1.0,0.8,25,20
4028,1,YY1,4028,1.0,5.809076820379257,-0.41827541827541836,0.011127377842475509,-2.481269791869442,1.6138771402152983,1.0,0.8,25,20
4022,1,YY1,4022,1.0,5.809076820379257,0.6041184041184041,9.561056248319644e-05,2.8282600364813115,2.058065056922997,1.0,0.8,25,20
4021,1,YY1,4021,1.0,5.809076820379257,0.3698841698841699,0.026391999260317364,2.4345117612703557,1.6550631489451113,1.0,0.8,25,20
4014,1,YY1,4014,1.0,5.809076820379257,0.6442728442728443,2.232668260578045e-05,5.263553209881266,5.092952040684133,1.0,0.8,25,20
4027,1,YY1,4027,1.0,5.809076820379257,-0.49806949806949813,0.001993140278967667,-4.0308958253548095,3.1729232304326813,1.0,0.8,25,20
4015,1,YY1,4015,1.0,5.809076820379257,0.4450450450450451,0.006532426849245598,3.548898602991124,2.922243239449248,1.0,0.8,25,20
4016,1,YY1,4016,1.0,5.809076820379257,0.4038610038610039,0.014577460216258161,2.3096029967407916,1.5525862950067886,1.0,0.8,25,20
3886,1,MEIS3,3886,1.0,3.736073711696338,0.26383526383526384,0.1199844195044583,3.1004705093398224,2.3154040145825636,1.0,0.3684210526315789,19,7
3893,1,MEIS3,3893,1.0,3.736073711696338,0.46795366795366794,0.004001426952737059,2.240730535247489,1.4725639602416558,1.0,0.3684210526315789,19,7
3896,1,MEIS3,3896,1.0,3.736073711696338,0.18043758043758046,0.29229881344805697,2.7520611555359498,2.0132182015163105,1.0,0.3684210526315789,19,7
3883,1,MEIS3,3883,1.0,3.736073711696338,0.6234234234234235,4.8723706171386985e-05,5.102537632109154,4.801566498613743,1.0,0.3684210526315789,19,7
3890,1,MEIS3,3890,1.0,3.736073711696338,0.15675675675675677,0.3612376156579242,3.3541419555817993,2.6931456695295655,1.0,0.3684210526315789,19,7
3881,1,MEIS3,3881,1.0,3.736073711696338,0.2805662805662806,0.0974248960232991,6.626463223355036,5.763359698775738,1.0,0.3684210526315789,19,7
3885,1,MEIS3,3885,1.0,3.736073711696338,0.46126126126126127,0.004633265121182594,7.461380579884129,7.675091193774221,1.0,0.3684210526315789,19,7
3489,1,GMEB1,3489,1.0,2.4645041905896186,0.354954954954955,0.03364607833063196,3.509625228816568,2.83727165369182,1.0,1.0,2,2
3488,1,GMEB1,3488,1.0,2.4645041905896186,0.4767052767052767,0.0032887470025737987,6.7831575247338805,5.840398475788681,1.0,1.0,2,2
325,1,FOXO4,325,1.0,3.923603564266216,-0.3052767052767053,0.07021639821272743,-2.4204191012839438,1.6121476799182621,1.0,0.48,25,12
305,1,FOXO4,305,1.0,3.923603564266216,0.4797940797940798,0.0030650285948444415,6.808185199463202,5.89848331248737,1.0,0.48,25,12
320,1,FOXO4,320,1.0,3.923603564266216,0.3392535392535393,0.0429539536387242,3.0543351286362013,2.3582389925479017,1.0,0.48,25,12
311,1,FOXO4,311,1.0,3.923603564266216,0.27001287001287005,0.11124000797090279,3.9878728310710962,3.4155202811676215,1.0,0.48,25,12
328,1,FOXO4,328,1.0,3.923603564266216,0.43963963963963965,0.007298770816757941,3.634171063677608,3.0246607434876838,1.0,0.48,25,12
308,1,FOXO4,308,1.0,3.923603564266216,0.4908622908622909,0.0023684447559621825,7.614114289379512,7.548060899709122,1.0,0.48,25,12
309,1,FOXO4,309,1.0,3.923603564266216,-0.364993564993565,0.02861057851324887,-2.1129502830396785,1.309338073314066,1.0,0.48,25,12
329,1,FOXO4,329,1.0,3.923603564266216,0.46435006435006443,0.0043316755925161795,4.04343485846297,3.4977936259048374,1.0,0.48,25,12
306,1,FOXO4,306,1.0,3.923603564266216,0.4187902187902188,0.011018243825537805,5.064121935090387,4.744688597592371,1.0,0.48,25,12
322,1,FOXO4,322,1.0,3.923603564266216,0.3225225225225225,0.055052773224020954,3.0447176414981323,2.325456831294406,1.0,0.48,25,12
313,1,FOXO4,313,1.0,3.923603564266216,0.28545688545688547,0.09148529934938025,2.8652290301783783,2.1489369063851935,1.0,0.48,25,12
315,1,FOXO4,315,1.0,3.923603564266216,-0.312998712998713,0.0630660229542555,-4.677292940851295,3.6000346968192605,1.0,0.48,25,12
3731,1,ZNF143,3731,1.0,5.043969403161823,-0.5675675675675675,0.0003061036217754026,-4.797044007871618,3.7309298191985953,1.0,0.6,25,15
3742,1,ZNF143,3742,1.0,5.043969403161823,-0.2839124839124839,0.09333012133155742,-2.3688658365517803,1.5329802105918238,1.0,0.6,25,15
3733,1,ZNF143,3733,1.0,5.043969403161823,0.58996138996139,0.00015256313749806505,2.6395012452754174,1.8836969646406616,1.0,0.6,25,15
3730,1,ZNF143,3730,1.0,5.043969403161823,0.44221364221364223,0.0069247497776084915,2.2826509770928833,1.5401968296390351,1.0,0.6,25,15
3748,1,ZNF143,3748,1.0,5.043969403161823,0.48108108108108116,0.002975796538007615,2.669205469975197,1.866636610796846,1.0,0.6,25,15
3728,1,ZNF143,3728,1.0,5.043969403161823,0.6736164736164737,6.7081259007183565e-06,6.429654395661225,5.70936301119668,1.0,0.6,25,15
3736,1,ZNF143,3736,1.0,5.043969403161823,0.32432432432432434,0.053632240256697904,2.06044770635557,1.3144725173676377,1.0,0.6,25,15
3743,1,ZNF143,3743,1.0,5.043969403161823,-0.27541827541827546,0.10399045821357918,-2.634746728316065,1.7658273417419141,1.0,0.6,25,15
3735,1,ZNF143,3735,1.0,5.043969403161823,0.2182754182754183,0.2009254058137968,3.900315478658112,3.3099484087733715,1.0,0.6,25,15
3737,1,ZNF143,3737,1.0,5.043969403161823,0.022136422136422137,0.8980328970506302,2.259888539800464,1.5141985709101144,1.0,0.6,25,15
3729,1,ZNF143,3729,1.0,5.043969403161823,0.31480051480051485,0.06148333248324592,4.369809736721903,3.8029519704768306,1.0,0.6,25,15
3746,1,ZNF143,3746,1.0,5.043969403161823,0.6357786357786358,3.089635482803366e-05,6.06101033516493,5.441730743457455,1.0,0.6,25,15
3738,1,ZNF143,3738,1.0,5.043969403161823,-0.36344916344916345,0.02934223125588996,-2.786987186999275,1.966216474390505,1.0,0.6,25,15
3752,1,ZNF143,3752,1.0,5.043969403161823,0.20205920205920208,0.23728223538128773,2.454234053462608,1.672438536905055,1.0,0.6,25,15
3734,1,ZNF143,3734,1.0,5.043969403161823,0.5577863577863579,0.00040859066712927746,3.888247612724384,3.321473604921785,1.0,0.6,25,15
3091,1,ERG,3091,1.0,4.1830015585945945,0.6671814671814672,8.83136178848009e-06,4.42498931767892,3.8800851041156723,1.0,0.6,15,9
3094,1,ERG,3094,1.0,4.1830015585945945,-0.17374517374517376,0.310862184939151,-3.861673975440233,3.2045973808270793,1.0,0.6,15,9
3101,1,ERG,3101,1.0,4.1830015585945945,-0.520978120978121,0.0011227672649974485,-2.725412903077263,1.8282155806570932,1.0,0.6,15,9
3093,1,ERG,3093,1.0,4.1830015585945945,-0.5703989703989704,0.00028107833428185966,-3.792269610654071,2.820024610339024,1.0,0.6,15,9
3100,1,ERG,3100,1.0,4.1830015585945945,-0.372972972972973,0.02506537940552262,-3.556538583925167,2.569458788751419,1.0,0.6,15,9
3099,1,ERG,3099,1.0,4.1830015585945945,0.1966537966537967,0.2503294790796866,4.567920707041131,4.120641886106347,1.0,0.6,15,9
3089,1,ERG,3089,1.0,4.1830015585945945,0.6388674388674389,2.7484991913531163e-05,2.229957772416759,1.4503445582737096,1.0,0.6,15,9
3088,1,ERG,3088,1.0,4.1830015585945945,0.3806949806949807,0.0219882775904161,6.078553674162873,5.392388409526952,1.0,0.6,15,9
3090,1,ERG,3090,1.0,4.1830015585945945,-0.4388674388674389,0.0074142971704516955,-4.397073779845483,3.3388177536024224,1.0,0.6,15,9
6293,1,VENTX,6293,1.0,2.7288433884625833,0.5425997425997426,0.0006288007446532833,2.4108575540802595,1.6271039879050988,1.0,0.5,4,2
6295,1,VENTX,6295,1.0,2.7288433884625833,0.32895752895752894,0.05011334950581111,5.065938133280644,4.705134220310744,1.0,0.5,4,2
1827,1,MGA,1827,1.0,7.088676757266655,0.5366795366795367,0.0007398254791582947,3.257103268803018,2.5868362011821446,1.0,0.8333333333333334,6,5
1826,1,MGA,1826,1.0,7.088676757266655,0.17837837837837842,0.29793320750242175,4.572249286759666,4.173081614076847,1.0,0.8333333333333334,6,5
1825,1,MGA,1825,1.0,7.088676757266655,0.7732303732303732,3.2423867445044604e-08,6.067952752228718,5.210991396380475,1.0,0.8333333333333334,6,5
1828,1,MGA,1828,1.0,7.088676757266655,-0.4839124839124839,0.002787411524306491,-4.119232538062216,3.191543993638422,1.0,0.8333333333333334,6,5
1830,1,MGA,1830,1.0,7.088676757266655,-0.6422136422136422,2.4177890056593182e-05,-3.0872297719357076,2.294537079039919,1.0,0.8333333333333334,6,5
4036,1,ETV3,4036,1.0,6.506672816447776,-0.7482625482625482,1.5500336290768455e-07,-4.542782396292635,3.433848633714793,1.0,0.45454545454545453,11,5
4035,1,ETV3,4035,1.0,6.506672816447776,-0.5917631917631918,0.00014392796954736608,-2.7493299167368175,1.8555762855259679,1.0,0.45454545454545453,11,5
4034,1,ETV3,4034,1.0,6.506672816447776,0.7958815958815959,6.548494035971441e-09,5.997788299383908,5.412966747506787,1.0,0.45454545454545453,11,5
4037,1,ETV3,4037,1.0,6.506672816447776,-0.5848133848133849,0.0001798578891652915,-3.8165368905553527,2.889053273682494,1.0,0.45454545454545453,11,5
4042,1,ETV3,4042,1.0,6.506672816447776,-0.5824967824967825,0.00019351089596659953,-3.8021735268926466,2.78590328478027,1.0,0.45454545454545453,11,5
1967,1,CUX1,1967,1.0,2.534081944778602,0.11866151866151867,0.4906446326689292,4.715900918506543,3.9743576042595463,1.0,0.44,25,11
1949,1,CUX1,1949,1.0,2.534081944778602,0.2195624195624196,0.1982164550148115,5.385285918676053,5.104027840417495,1.0,0.44,25,11
1955,1,CUX1,1955,1.0,2.534081944778602,0.2115830115830116,0.21542774121066874,3.5856425508748564,2.936147085584204,1.0,0.44,25,11
1953,1,CUX1,1953,1.0,2.534081944778602,0.23783783783783782,0.16247318758479243,5.316091381397083,5.155876204493094,1.0,0.44,25,11
1952,1,CUX1,1952,1.0,2.534081944778602,0.3873873873873875,0.01958165807583162,3.682887173294558,3.0922732485227304,1.0,0.44,25,11
1961,1,CUX1,1961,1.0,2.534081944778602,0.2102960102960103,0.21829713378991505,6.890890232246647,6.374094061315217,1.0,0.44,25,11
1968,1,CUX1,1968,1.0,2.534081944778602,0.14543114543114544,0.3973829254496879,2.7462891424388616,1.9938469036288224,1.0,0.44,25,11
1954,1,CUX1,1954,1.0,2.534081944778602,0.2761904761904762,0.10298478436077715,5.4030974868154695,4.657619737037173,1.0,0.44,25,11
1951,1,CUX1,1951,1.0,2.534081944778602,0.14131274131274132,0.41102527246656806,3.883970644934261,3.3163821711099892,1.0,0.44,25,11
1947,1,CUX1,1947,1.0,2.534081944778602,0.2617760617760618,0.12301053162208427,6.444941016419691,5.521879033736089,1.0,0.44,25,11
1959,1,CUX1,1959,1.0,2.534081944778602,0.4818532818532819,0.0029233504585441973,3.602311038395701,2.9936875358838075,1.0,0.44,25,11
3529,1,TBX20,3529,1.0,2.4523194527828287,0.6392304048590814,2.7107420355458574e-05,7.043713665507779,6.11053709086834,1.0,0.7058823529411765,17,12
3543,1,TBX20,3543,1.0,2.4523194527828287,0.4796839271757078,0.0030727729234244975,3.075291677200302,2.350209473673571,1.0,0.7058823529411765,17,12
3541,1,TBX20,3541,1.0,2.4523194527828287,0.5454870570876721,0.0005802284625349157,3.756980744989902,3.097123651246345,1.0,0.7058823529411765,17,12
3544,1,TBX20,3544,1.0,2.4523194527828287,0.24858960188964283,0.1437519695270986,2.2303962905526293,1.4666231275696098,1.0,0.7058823529411765,17,12
3538,1,TBX20,3538,1.0,2.4523194527828287,0.4517437093162626,0.005679452348349651,2.9225147278895043,2.1643128652517074,1.0,0.7058823529411765,17,12
3534,1,TBX20,3534,1.0,2.4523194527828287,0.4044803501334629,0.014412609890069813,3.157172528638542,2.4374179352624443,1.0,0.7058823529411765,17,12
3533,1,TBX20,3533,1.0,2.4523194527828287,0.4911733625571619,0.00235105416714172,7.163820405656761,6.749915349139538,1.0,0.7058823529411765,17,12
3545,1,TBX20,3545,1.0,2.4523194527828287,0.5313863863922511,0.0008534541647538845,2.3879918965495226,1.5680089359879175,1.0,0.7058823529411765,17,12
3537,1,TBX20,3537,1.0,2.4523194527828287,0.44077652099760195,0.007131493348830864,4.023164241400194,3.360278793209655,1.0,0.7058823529411765,17,12
3532,1,TBX20,3532,1.0,2.4523194527828287,0.5008349332188391,0.0018636152130102623,5.006381243033551,4.6726570170752835,1.0,0.7058823529411765,17,12
3542,1,TBX20,3542,1.0,2.4523194527828287,0.7063391524280291,1.4827928995389675e-06,5.758529745737398,5.047882782758177,1.0,0.7058823529411765,17,12
3536,1,TBX20,3536,1.0,2.4523194527828287,0.3472942967575892,0.03795714455325023,2.330352591437335,1.5782213893076178,1.0,0.7058823529411765,17,12
3112,1,NFE2L2,3112,1.0,5.812793112375777,0.3580437580437581,0.03202503203747255,4.20633106126153,3.715845095605148,1.0,0.52,25,13
3124,1,NFE2L2,3124,1.0,5.812793112375777,-0.406949806949807,0.013770837444871526,-3.79630909605324,3.0166191609487667,1.0,0.52,25,13
3113,1,NFE2L2,3113,1.0,5.812793112375777,0.3343629343629344,0.0462441767003156,2.8111571491232645,2.057417932462899,1.0,0.52,25,13
3119,1,NFE2L2,3119,1.0,5.812793112375777,-0.5732303732303733,0.00025789841867661026,-3.0218041508990856,2.2060950261494123,1.0,0.52,25,13
3107,1,NFE2L2,3107,1.0,5.812793112375777,-0.6996138996138997,2.0551280833588094e-06,-4.477269490778709,3.378903799436369,1.0,0.52,25,13
3110,1,NFE2L2,3110,1.0,5.812793112375777,0.6898326898326899,3.2530883398799283e-06,7.645706804761292,7.697635198334814,1.0,0.52,25,13
3118,1,NFE2L2,3118,1.0,5.812793112375777,-0.5297297297297298,0.0008920597449368476,-2.888976791118826,2.0090797886476786,1.0,0.52,25,13
3123,1,NFE2L2,3123,1.0,5.812793112375777,0.3441441441441441,0.039855319197374124,2.919278140272137,2.2076043692934393,1.0,0.52,25,13
3103,1,NFE2L2,3103,1.0,5.812793112375777,0.7271557271557272,5.086051358068104e-07,6.6973915304922365,5.680840570186351,1.0,0.52,25,13
3122,1,NFE2L2,3122,1.0,5.812793112375777,0.5523809523809524,0.00047747666611277183,5.857619064845178,4.7459835830739,1.0,0.52,25,13
3104,1,NFE2L2,3104,1.0,5.812793112375777,0.46435006435006443,0.0043316755925161795,4.845807139821126,4.338855337030852,1.0,0.52,25,13
3125,1,NFE2L2,3125,1.0,5.812793112375777,0.40411840411840416,0.014508756726123154,3.6173490331884346,2.991057783872307,1.0,0.52,25,13
3108,1,NFE2L2,3108,1.0,5.812793112375777,0.22754182754182758,0.18198952932967472,3.7431118264362957,3.1441398967204113,1.0,0.52,25,13
7449,1,SOX10,7449,1.0,3.418023315944049,0.1821352592691788,0.28770537931879603,2.2653733652770534,1.4927019862898852,0.9333333333333333,0.6086956521739131,23,15
7461,1,SOX10,7461,1.0,3.418023315944049,0.14653374966698807,0.39377529331955374,3.2801209824037008,2.6193128202447182,0.9333333333333333,0.6086956521739131,23,15
7464,1,SOX10,7464,1.0,3.418023315944049,0.2695911415528214,0.11182123527685761,2.4768407825480097,1.7246630527422584,0.9333333333333333,0.6086956521739131,23,15
7455,1,SOX10,7455,1.0,3.418023315944049,0.2681722408078065,0.11379357166492857,2.4706589622946877,1.704382458457631,0.9333333333333333,0.6086956521739131,23,15
7468,1,SOX10,7468,1.0,3.418023315944049,0.24933955819215484,0.14250776549332483,3.950365019350041,3.3036774913501676,0.9333333333333333,0.6086956521739131,23,15
7450,1,SOX10,7450,1.0,3.418023315944049,0.21244813882176877,0.21351357274005012,5.311481763685077,5.020509679343728,0.9333333333333333,0.6086956521739131,23,15
7458,1,SOX10,7458,1.0,3.418023315944049,0.11196416787935355,0.5156110839694693,3.323818887489021,2.6664920205533282,0.9333333333333333,0.6086956521739131,23,15
7451,1,SOX10,7451,1.0,3.418023315944049,0.14176108352466538,0.409527376723145,6.919765116030979,6.768272584987724,0.9333333333333333,0.6086956521739131,23,15
7463,1,SOX10,7463,1.0,3.418023315944049,0.2575949807086049,0.12932943933796892,3.7488750951768255,3.130192654460614,0.9333333333333333,0.6086956521739131,23,15
7453,1,SOX10,7453,1.0,3.418023315944049,0.1894877449478921,0.2683512728095129,3.7596761036074335,3.176858056213335,0.9333333333333333,0.6086956521739131,23,15
7457,1,SOX10,7457,1.0,3.418023315944049,0.20844941854036328,0.22245978223162882,3.029801980825684,2.2923941689964815,0.9333333333333333,0.6086956521739131,23,15
7462,1,SOX10,7462,1.0,3.418023315944049,0.31267412781054493,0.06335452406069757,2.472417348326856,1.7253892874336139,0.9333333333333333,0.6086956521739131,23,15
7456,1,SOX10,7456,1.0,3.418023315944049,0.3415681066181201,0.04146407841517943,2.9439555987081585,2.2311898836550412,0.9333333333333333,0.6086956521739131,23,15
7471,1,SOX10,7471,1.0,3.418023315944049,0.10254782657152775,0.5517466403238679,2.4657907478006624,1.6832429911831794,0.9333333333333333,0.6086956521739131,23,15
7183,1,ALX4,7183,1.0,1.498594597914856,0.29621217975289793,0.07940357187488475,3.6878556951744748,3.0487980407907336,0.6923076923076923,0.47368421052631576,19,13
7184,1,ALX4,7184,1.0,1.498594597914856,0.3501990285001323,0.036272548687607514,3.0125557927571176,2.2528823363958788,0.6923076923076923,0.47368421052631576,19,13
7170,1,ALX4,7170,1.0,1.498594597914856,0.3611264870417412,0.030471469004690103,2.1016271590643822,1.3418775306485713,0.6923076923076923,0.47368421052631576,19,13
7187,1,ALX4,7187,1.0,1.498594597914856,0.28853694101533933,0.08788981032613766,3.9339642342098196,3.356519474319575,0.6923076923076923,0.47368421052631576,19,13
7177,1,ALX4,7177,1.0,1.498594597914856,0.018342519694843483,0.9154396407456028,5.052979954340986,4.514679935384532,0.6923076923076923,0.47368421052631576,19,13
7181,1,ALX4,7181,1.0,1.498594597914856,0.32249011576962405,0.05507859405600075,2.102233665512728,1.3226885863678857,0.6923076923076923,0.47368421052631576,19,13
7174,1,ALX4,7174,1.0,1.498594597914856,0.24898994819808812,0.1430867947711124,3.8872640948683634,3.3148606855284575,0.6923076923076923,0.47368421052631576,19,13
7175,1,ALX4,7175,1.0,1.498594597914856,0.395860194548998,0.016853706152089972,3.492034545772814,2.835354149718045,0.6923076923076923,0.47368421052631576,19,13
7186,1,ALX4,7186,1.0,1.498594597914856,0.544941950366662,0.0005891347589930496,3.1977945049158585,2.4334416344141343,0.6923076923076923,0.47368421052631576,19,13
2884,1,NR4A2,2884,1.0,5.420697143736571,-0.47490347490347495,0.003425698731223945,-2.4972737984705047,1.6112297166093463,1.0,0.5263157894736842,19,10
2886,1,NR4A2,2886,1.0,5.420697143736571,0.3101673101673102,0.06561788700053608,3.718226092747506,3.1410009881577055,1.0,0.5263157894736842,19,10
2877,1,NR4A2,2877,1.0,5.420697143736571,0.3881595881595882,0.019318685702736288,5.104889912211036,4.619249295020949,1.0,0.5263157894736842,19,10
2891,1,NR4A2,2891,1.0,5.420697143736571,0.44478764478764476,0.006567285792099971,4.01939177703439,3.352231140177339,1.0,0.5263157894736842,19,10
2885,1,NR4A2,2885,1.0,5.420697143736571,0.3106821106821107,0.06514796452816615,2.96176719066124,2.2251662482464845,1.0,0.5263157894736842,19,10
2887,1,NR4A2,2887,1.0,5.420697143736571,0.5346203346203346,0.0007823292535616969,5.036402287766076,4.812178580984825,1.0,0.5263157894736842,19,10
2889,1,NR4A2,2889,1.0,5.420697143736571,0.23861003861003863,0.16107282197539763,2.9791278088147854,2.2740461225964754,1.0,0.5263157894736842,19,10
2894,1,NR4A2,2894,1.0,5.420697143736571,0.5338481338481339,0.0007988173269516263,3.671948238257706,3.081237260400866,1.0,0.5263157894736842,19,10
2888,1,NR4A2,2888,1.0,5.420697143736571,0.625997425997426,4.438370728398842e-05,6.5697258767597395,6.420219428205944,1.0,0.5263157894736842,19,10
2876,1,NR4A2,2876,1.0,5.420697143736571,0.7317889317889319,3.9555984051546384e-07,6.437683206857222,5.537465797239625,1.0,0.5263157894736842,19,10
3547,1,FOS,3547,1.0,2.569192542177686,0.44839124839124844,0.006093515174328294,5.234658915213938,4.9414532711420796,1.0,0.5625,16,9
3546,1,FOS,3546,1.0,2.569192542177686,0.5472329472329472,0.0005525026478623434,6.8554212211459085,5.880094842546115,1.0,0.5625,16,9
3561,1,FOS,3561,1.0,2.569192542177686,0.4064350064350065,0.013902599789975122,4.835169958765859,4.270371060115797,1.0,0.5625,16,9
3551,1,FOS,3551,1.0,2.569192542177686,0.22805662805662807,0.1809759748105592,2.2871801740026156,1.5163503044413957,1.0,0.5625,16,9
3558,1,FOS,3558,1.0,2.569192542177686,0.38841698841698846,0.01923168573385845,3.3616065113973637,2.7050814738957603,1.0,0.5625,16,9
3550,1,FOS,3550,1.0,2.569192542177686,0.4566280566280566,0.005119634841356256,3.4606380139260966,2.8286978089179895,1.0,0.5625,16,9
3548,1,FOS,3548,1.0,2.569192542177686,0.4918918918918919,0.002311310486042413,6.910249650256688,6.259151715900639,1.0,0.5625,16,9
3552,1,FOS,3552,1.0,2.569192542177686,0.36319176319176316,0.02946565459542522,5.506912804590309,4.86153502209719,1.0,0.5625,16,9
3555,1,FOS,3555,1.0,2.569192542177686,0.5039897039897041,0.0017249189001204766,2.8227890277197725,2.075819511091332,1.0,0.5625,16,9
4562,1,GTF2I,4562,1.0,1.7071158895696477,-0.5662805662805663,0.0003181228422613893,-4.900562611074403,3.829512691535003,1.0,0.45454545454545453,22,10
4574,1,GTF2I,4574,1.0,1.7071158895696477,0.26975546975546977,0.11159448627380314,4.6289443123478655,4.095345960919549,1.0,0.45454545454545453,22,10
4575,1,GTF2I,4575,1.0,1.7071158895696477,0.34311454311454315,0.04049213803351001,3.6070608035460747,2.927277160159951,1.0,0.45454545454545453,22,10
4560,1,GTF2I,4560,1.0,1.7071158895696477,0.6193050193050194,5.647077014070604e-05,6.874779413227601,6.634528179206498,1.0,0.45454545454545453,22,10
4565,1,GTF2I,4565,1.0,1.7071158895696477,0.4584298584298585,0.0049254970008505905,3.5434344629438246,2.909585252885526,1.0,0.45454545454545453,22,10
4567,1,GTF2I,4567,1.0,1.7071158895696477,0.1891891891891892,0.26912010683663895,2.5994935192289446,1.8503439745908414,1.0,0.45454545454545453,22,10
4564,1,GTF2I,4564,1.0,1.7071158895696477,0.6015444015444016,0.00010426017635709933,2.976859975046328,2.2649904160622736,1.0,0.45454545454545453,22,10
4573,1,GTF2I,4573,1.0,1.7071158895696477,0.4761904761904762,0.0033273815545859335,2.190804923780374,1.4500418920132627,1.0,0.45454545454545453,22,10
4554,1,GTF2I,4554,1.0,1.7071158895696477,0.832947232947233,2.946273788139309e-10,6.342507764931548,5.498796445836245,1.0,0.45454545454545453,22,10
4557,1,GTF2I,4557,1.0,1.7071158895696477,0.3145431145431145,0.061707488727026055,4.469012578524309,3.9904409232863154,1.0,0.45454545454545453,22,10
6387,1,TBX15,6387,1.0,2.2534293091325686,-0.08056628056628058,0.6404295357452503,-3.3537490564976706,2.450936876370972,0.3333333333333333,0.07692307692307693,13,3
2920,1,SIRT6,2920,-1.0,1.632601033612409,-0.4545688545688546,0.0053495575183769035,6.39848796153701,5.573942700662522,1.0,0.14285714285714285,7,1
3128,1,HIVEP2,3128,1.0,5.795504185259063,0.5549549549549551,0.0004434809731819082,6.433330991742348,5.716964133379924,1.0,1.0,2,2
3129,1,HIVEP2,3129,1.0,5.795504185259063,0.5701415701415702,0.00028327524960200425,4.03839365578951,3.4285203243260627,1.0,1.0,2,2
2993,1,SP3,2993,1.0,5.793839263405621,-0.501930501930502,0.0018143801475517009,-2.718655784013619,1.8300585476403328,1.0,0.56,25,14
2990,1,SP3,2990,1.0,5.793839263405621,0.7631917631917632,6.22208473406093e-08,6.526307643696756,6.0550501611734235,1.0,0.56,25,14
2972,1,SP3,2972,1.0,5.793839263405621,-0.6759330759330759,6.065844076192365e-06,-3.642467550741977,2.6239283827741553,1.0,0.56,25,14
2971,1,SP3,2971,1.0,5.793839263405621,0.8831402831402831,1.0161133745106743e-12,6.400385174714943,5.435839014275874,1.0,0.56,25,14
2985,1,SP3,2985,1.0,5.793839263405621,0.4906048906048906,0.00238291970853766,3.0450752120149605,2.3453782373228096,1.0,0.56,25,14
2974,1,SP3,2974,1.0,5.793839263405621,0.3987129987129987,0.01601012678701906,4.539781300411788,3.9866148086816113,1.0,0.56,25,14
2978,1,SP3,2978,1.0,5.793839263405621,0.4697554697554697,0.0038446480610923256,2.248561338342321,1.505347607796984,1.0,0.56,25,14
2987,1,SP3,2987,1.0,5.793839263405621,0.3281853281853282,0.05068663837723877,4.074095329523362,3.5745675955693503,1.0,0.56,25,14
2980,1,SP3,2980,1.0,5.793839263405621,0.1353925353925354,0.4310938674916788,2.2059478631472897,1.4390717579021128,1.0,0.56,25,14
2989,1,SP3,2989,1.0,5.793839263405621,-0.4648648648648649,0.004283099350619072,-2.569690966184048,1.7323366971785334,1.0,0.56,25,14
2975,1,SP3,2975,1.0,5.793839263405621,-0.7232947232947233,6.247331721322554e-07,-4.647727777387917,3.6663259663062635,1.0,0.56,25,14
2995,1,SP3,2995,1.0,5.793839263405621,-0.3106821106821107,0.06514796452816615,-2.8132493389722186,1.9589646661684834,1.0,0.56,25,14
2973,1,SP3,2973,1.0,5.793839263405621,-0.6437580437580438,2.2777005185209357e-05,-4.040392563426471,3.0222847343388053,1.0,0.56,25,14
2981,1,SP3,2981,1.0,5.793839263405621,0.7225225225225227,6.50699108465511e-07,6.697214141902054,6.016946743986493,1.0,0.56,25,14
4412,1,DBP,4412,-1.0,1.713007351271489,-0.5945945945945947,0.00013124309675051796,4.162159116869463,3.6745831855813793,1.0,0.75,12,9
4402,1,DBP,4402,-1.0,1.713007351271489,-0.4092664092664094,0.013190860154304011,6.8313337854975735,6.027064473268034,1.0,0.75,12,9
4403,1,DBP,4403,-1.0,1.713007351271489,-0.25199485199485205,0.13816598703814836,3.3046522542661476,2.622526715507621,1.0,0.75,12,9
4408,1,DBP,4408,-1.0,1.713007351271489,-0.4334620334620335,0.00826768245599669,4.140379345490639,3.6095696919491087,1.0,0.75,12,9
4407,1,DBP,4407,-1.0,1.713007351271489,-0.4648648648648649,0.004283099350619072,7.3896057382493225,7.29664564343297,1.0,0.75,12,9
4405,1,DBP,4405,-1.0,1.713007351271489,-0.27413127413127414,0.10568311507549435,2.1651729266092725,1.396953921775682,1.0,0.75,12,9
4413,1,DBP,4413,-1.0,1.713007351271489,-0.4507078507078507,0.005804723564880848,3.7849878390693537,2.9250582764715936,1.0,0.75,12,9
4406,1,DBP,4406,-1.0,1.713007351271489,-0.3832689832689833,0.02103510745109493,2.060672846613337,1.303914167770526,1.0,0.75,12,9
4404,1,DBP,4404,-1.0,1.713007351271489,-0.41595881595881595,0.011629894967681992,5.589504267073695,5.327546835703186,1.0,0.75,12,9
1325,1,HIF1A,1325,1.0,5.6995040097685665,0.4885456885456886,0.0025015291656938134,6.300381786122177,5.366306947740566,1.0,1.0,1,1
2409,1,RUNX1,2409,1.0,6.261663128388986,0.636036036036036,3.0598072915028074e-05,4.556423273751753,4.190797959954806,1.0,0.56,25,14
2388,1,RUNX1,2388,1.0,6.261663128388986,0.5652509652509653,0.0003280398602069373,6.798110973275173,5.96515077284993,1.0,0.56,25,14
2397,1,RUNX1,2397,1.0,6.261663128388986,0.6229086229086229,4.96364272664294e-05,2.9984476377962443,2.170263965966879,1.0,0.56,25,14
2396,1,RUNX1,2396,1.0,6.261663128388986,0.4468468468468469,0.006292832869049459,3.7209036560072835,3.145620243014945,1.0,0.56,25,14
2401,1,RUNX1,2401,1.0,6.261663128388986,0.6128700128700129,7.082102751898052e-05,2.4566578622245734,1.7105280959569182,1.0,0.56,25,14
2412,1,RUNX1,2412,1.0,6.261663128388986,0.5377091377091378,0.0007193514043274818,2.9825937749049136,2.2230602161695083,1.0,0.56,25,14
2400,1,RUNX1,2400,1.0,6.261663128388986,0.3984555984555985,0.0160847562635837,3.8747699003852762,3.240497526579109,1.0,0.56,25,14
2398,1,RUNX1,2398,1.0,6.261663128388986,0.47155727155727156,0.0036932242254936105,2.6024601808891563,1.8128943743141523,1.0,0.56,25,14
2406,1,RUNX1,2406,1.0,6.261663128388986,0.6640926640926641,1.0053948676917827e-05,5.564645633076218,4.997297581134858,1.0,0.56,25,14
2393,1,RUNX1,2393,1.0,6.261663128388986,0.7796653796653797,2.0978745636733215e-08,7.529500958164081,7.424550709200378,1.0,0.56,25,14
2395,1,RUNX1,2395,1.0,6.261663128388986,0.7534105534105534,1.1397048000538479e-07,4.913486519071255,4.652424843113546,1.0,0.56,25,14
2391,1,RUNX1,2391,1.0,6.261663128388986,0.6898326898326899,3.2530883398799283e-06,4.706612208109603,4.2245155641618055,1.0,0.56,25,14
2402,1,RUNX1,2402,1.0,6.261663128388986,0.2712998712998713,0.10948033472325591,2.6221404905741865,1.8835511747941676,1.0,0.56,25,14
2394,1,RUNX1,2394,1.0,6.261663128388986,0.693951093951094,2.6869436618302303e-06,6.162323391240965,5.96433971760671,1.0,0.56,25,14
3972,1,ZNF281,3972,1.0,3.0165326477823737,0.5510939510939512,0.0004953289386450715,6.497889770928556,5.667271422990677,1.0,0.52,25,13
3996,1,ZNF281,3996,1.0,3.0165326477823737,0.4226512226512227,0.010228308752118621,6.4936162924119785,6.020225411957776,1.0,0.52,25,13
3980,1,ZNF281,3980,1.0,3.0165326477823737,0.1734877734877735,0.31159067089012,3.8679828563880325,3.2744979410569255,1.0,0.52,25,13
3986,1,ZNF281,3986,1.0,3.0165326477823737,-0.2990990990990991,0.07638164211402862,-2.5671817346856662,1.7481667141672372,1.0,0.52,25,13
3981,1,ZNF281,3981,1.0,3.0165326477823737,0.39305019305019306,0.017720730454296025,3.771417816103305,3.12931430638481,1.0,0.52,25,13
3974,1,ZNF281,3974,1.0,3.0165326477823737,0.5585585585585586,0.00039951003443160004,3.2953008798860965,2.637241028940446,1.0,0.52,25,13
3991,1,ZNF281,3991,1.0,3.0165326477823737,0.6241956241956241,4.738306300160241e-05,2.6582631849117373,1.9044389708727887,1.0,0.52,25,13
3978,1,ZNF281,3978,1.0,3.0165326477823737,-0.42213642213642216,0.010330768582136022,-5.002774131457682,3.8180893528301802,1.0,0.52,25,13
3977,1,ZNF281,3977,1.0,3.0165326477823737,-0.4205920205920206,0.01064339571562671,-3.9180874255757097,2.8839254644136774,1.0,0.52,25,13
3983,1,ZNF281,3983,1.0,3.0165326477823737,0.4406692406692407,0.007147136594748708,2.7644053662598664,2.019246081865087,1.0,0.52,25,13
3995,1,ZNF281,3995,1.0,3.0165326477823737,-0.16010296010296013,0.3509480169689344,-3.3416166109632046,2.365456806672194,1.0,0.52,25,13
3984,1,ZNF281,3984,1.0,3.0165326477823737,0.6651222651222651,9.630282016872335e-06,2.353757345632733,1.5625369761416248,1.0,0.52,25,13
3976,1,ZNF281,3976,1.0,3.0165326477823737,0.2731016731016731,0.10705220198915735,7.0459298619869495,6.731937149809252,1.0,0.52,25,13
6819,1,GLI1,6819,1.0,4.270371060115797,0.5894465894465895,0.0001551143466751563,4.049447890713075,3.3789487858841976,0.75,0.6,5,4
6821,1,GLI1,6821,1.0,4.270371060115797,0.5665379665379666,0.00031568581643378653,4.815167149809214,4.497173296616184,0.75,0.6,5,4
6820,1,GLI1,6820,1.0,4.270371060115797,0.1940797940797941,0.25670745081671675,2.857665054428561,2.108173919877544,0.75,0.6,5,4
9142,1,RARA,9142,1.0,4.309570689673156,0.16885456885456887,0.3248869604177673,5.863608118753477,5.884347367668163,0.3333333333333333,0.1111111111111111,9,3
1214,1,TTF1,1214,1.0,1.8572937222167551,0.25894465894465896,0.12726389814271963,5.472579995893048,5.295305568667396,0.875,0.3684210526315789,19,8
1222,1,TTF1,1222,1.0,1.8572937222167551,0.40437580437580445,0.014440326020037243,2.408870842151084,1.63016985684342,0.875,0.3684210526315789,19,8
1229,1,TTF1,1229,1.0,1.8572937222167551,0.364993564993565,0.02861057851324887,5.3603712756255515,4.568927414803662,0.875,0.3684210526315789,19,8
1212,1,TTF1,1212,1.0,1.8572937222167551,0.24787644787644786,0.14494247902803795,6.609334296205128,5.8230282728299345,0.875,0.3684210526315789,19,8
1216,1,TTF1,1216,1.0,1.8572937222167551,0.2602316602316603,0.1253172044754795,6.764054064925451,6.4124972907042475,0.875,0.3684210526315789,19,8
1228,1,TTF1,1228,1.0,1.8572937222167551,0.32432432432432434,0.053632240256697904,2.9365698602354344,2.18929399893432,0.875,0.3684210526315789,19,8
1230,1,TTF1,1230,1.0,1.8572937222167551,-0.16061776061776062,0.3493809099248242,-4.033361656047123,3.1015293751472943,0.875,0.3684210526315789,19,8
2549,1,IRF6,2549,1.0,1.5155824269561988,0.22265122265122267,0.19181932858868947,6.78971629501468,5.638934214157648,0.75,0.6,5,4
2553,1,IRF6,2553,1.0,1.5155824269561988,0.37734877734877736,0.023280772338182668,6.073272582683088,5.795269547864544,0.75,0.6,5,4
2552,1,IRF6,2552,1.0,1.5155824269561988,0.23732303732303733,0.16341162477479154,5.504066297076313,4.764502943792155,0.75,0.6,5,4
4002,1,SREBF2,4002,1.0,3.2281258275098725,-0.3814671814671815,0.021698632965075806,-4.839221893109212,3.7425192328173824,1.0,0.5555555555555556,9,5
4004,1,SREBF2,4004,1.0,3.2281258275098725,0.37940797940797943,0.022478152065749244,2.6583242988587883,1.9007866506488176,1.0,0.5555555555555556,9,5
3997,1,SREBF2,3997,1.0,3.2281258275098725,0.49935649935649934,0.0019319114859721839,6.340585363557785,5.639790036866799,1.0,0.5555555555555556,9,5
4000,1,SREBF2,4000,1.0,3.2281258275098725,-0.35855855855855856,0.031761178187734475,-4.106120056152312,3.1703068290400287,1.0,0.5555555555555556,9,5
3998,1,SREBF2,3998,1.0,3.2281258275098725,-0.37966537966537967,0.022379459228734896,-4.06216869184219,2.976026224849389,1.0,0.5555555555555556,9,5
1690,1,SOX12,1690,-1.0,1.3620653230726285,-0.23500643500643506,0.16768289987091442,6.6504543962130755,5.71446007130313,1.0,0.68,25,17
1693,1,SOX12,1693,-1.0,1.3620653230726285,-0.3500643500643501,0.03634928635530528,7.426951946996264,7.008302619206428,1.0,0.68,25,17
1699,1,SOX12,1699,-1.0,1.3620653230726285,-0.2805662805662806,0.0974248960232991,3.064187033937855,2.3417316486062982,1.0,0.68,25,17
1697,1,SOX12,1697,-1.0,1.3620653230726285,0.5330759330759332,0.0008156124220185778,-2.2446616447897694,1.4159230717640807,1.0,0.68,25,17
1694,1,SOX12,1694,-1.0,1.3620653230726285,-0.3994851994851995,0.01578797996407742,3.7438560585487415,3.1104429217565617,1.0,0.68,25,17
1691,1,SOX12,1691,-1.0,1.3620653230726285,-0.3541827541827542,0.03406163881780234,2.24016869346284,1.4689796829364143,1.0,0.68,25,17
1710,1,SOX12,1710,-1.0,1.3620653230726285,-0.20592020592020593,0.22824880025055203,6.232954247788438,6.084550142688322,1.0,0.68,25,17
1711,1,SOX12,1711,-1.0,1.3620653230726285,-0.3191763191763192,0.05777025593768469,5.87537955978178,5.305067531081345,1.0,0.68,25,17
1702,1,SOX12,1702,-1.0,1.3620653230726285,-0.13436293436293437,0.43463857470489464,2.586365779299929,1.8105450438394657,1.0,0.68,25,17
1692,1,SOX12,1692,-1.0,1.3620653230726285,-0.3253539253539254,0.05283372365496112,5.090183705001237,4.708377905374787,1.0,0.68,25,17
1698,1,SOX12,1698,-1.0,1.3620653230726285,0.4983268983268983,0.0019807603013776236,-5.100038481774455,3.9619068274891576,1.0,0.68,25,17
1709,1,SOX12,1709,-1.0,1.3620653230726285,-0.2702702702702703,0.11088637902223288,3.867122871139591,3.32422700476042,1.0,0.68,25,17
1707,1,SOX12,1707,-1.0,1.3620653230726285,-0.23191763191763193,0.17350168643377584,5.2871506441251,4.603796100204665,1.0,0.68,25,17
1714,1,SOX12,1714,-1.0,1.3620653230726285,-0.27773487773487776,0.10099561474261205,2.4346603559962037,1.6818572465888009,1.0,0.68,25,17
1704,1,SOX12,1704,-1.0,1.3620653230726285,-0.25688545688545694,0.13042521157853554,3.3713047848848356,2.6645072029976635,1.0,0.68,25,17
1696,1,SOX12,1696,-1.0,1.3620653230726285,-0.48211068211068214,0.002906048285581948,3.091208030418753,2.361109212481322,1.0,0.68,25,17
1712,1,SOX12,1712,-1.0,1.3620653230726285,-0.35135135135135137,0.0356213484387896,5.170740054227468,4.74238300065892,1.0,0.68,25,17
70,1,PARP1,70,1.0,3.720265943310554,0.4427284427284427,0.006851951796456771,6.1321060881184115,5.21149738695136,0.9166666666666666,0.6875,16,12
67,1,PARP1,67,1.0,3.720265943310554,0.4741312741312742,0.003485892619205404,5.34425488043109,4.829436736907536,0.9166666666666666,0.6875,16,12
64,1,PARP1,64,1.0,3.720265943310554,0.4146718146718147,0.011917284202692328,2.4514218344753593,1.6655590518706542,0.9166666666666666,0.6875,16,12
71,1,PARP1,71,1.0,3.720265943310554,0.18764478764478768,0.2731202524338388,5.968553160555779,5.645770580991103,0.9166666666666666,0.6875,16,12
63,1,PARP1,63,1.0,3.720265943310554,0.4288288288288289,0.009064607977421287,4.215710227711094,3.7048695051276073,0.9166666666666666,0.6875,16,12
62,1,PARP1,62,1.0,3.720265943310554,0.6885456885456886,3.45119721251119e-06,2.7403357899015393,2.0059409417874026,0.9166666666666666,0.6875,16,12
75,1,PARP1,75,1.0,3.720265943310554,0.584041184041184,0.00018430967153878312,2.290344526793812,1.4801637205949694,0.9166666666666666,0.6875,16,12
74,1,PARP1,74,1.0,3.720265943310554,0.3760617760617761,0.023794367451601205,3.517956873922,2.6576948595673264,0.9166666666666666,0.6875,16,12
72,1,PARP1,72,1.0,3.720265943310554,0.23268983268983273,0.17203366560320368,3.721391190449843,3.0326617834095697,0.9166666666666666,0.6875,16,12
60,1,PARP1,60,1.0,3.720265943310554,0.47567567567567565,0.003366410050197626,6.7224517946072835,5.872369824541406,0.9166666666666666,0.6875,16,12
61,1,PARP1,61,1.0,3.720265943310554,0.32123552123552124,0.05608565473282905,6.804623012033179,6.52329864327826,0.9166666666666666,0.6875,16,12
3424,1,ZBTB4,3424,1.0,3.9451934530304733,-0.36911196911196914,0.026732551614970346,-5.261896689152969,4.1815459542839175,1.0,0.5,10,5
3427,1,ZBTB4,3427,1.0,3.9451934530304733,0.29575289575289576,0.07989277531875048,3.4766803023483055,2.775091532258194,1.0,0.5,10,5
3421,1,ZBTB4,3421,1.0,3.9451934530304733,0.6416988416988417,2.4661944056366118e-05,6.870940485986068,6.04739420552335,1.0,0.5,10,5
3428,1,ZBTB4,3428,1.0,3.9451934530304733,0.38223938223938225,0.021412165984882898,4.029321473669931,3.3315134754683924,1.0,0.5,10,5
3423,1,ZBTB4,3423,1.0,3.9451934530304733,0.36293436293436293,0.029589503999162905,5.1530425437315825,4.851800549975381,1.0,0.5,10,5
595,1,DLX3,595,1.0,3.160949288593948,0.38414007452410054,0.020720426927185776,4.557956848470209,4.1722407210620025,0.9333333333333333,0.56,25,15
585,1,DLX3,585,1.0,3.160949288593948,0.295829052029619,0.07981149658070288,2.416415644967886,1.6736402365280183,0.9333333333333333,0.56,25,15
589,1,DLX3,589,1.0,3.160949288593948,0.5466014599294006,0.0005623920358720904,4.228594151582611,3.5784985646235303,0.9333333333333333,0.56,25,15
599,1,DLX3,599,1.0,3.160949288593948,0.12512873741200597,0.4671391534758117,4.180544847896337,3.3590202108297276,0.9333333333333333,0.56,25,15
591,1,DLX3,591,1.0,3.160949288593948,0.24794027598304882,0.14483563410726383,2.063472297562926,1.3215445660636203,0.9333333333333333,0.56,25,15
603,1,DLX3,603,1.0,3.160949288593948,0.1408341962229779,0.4126274972931433,3.140646280874442,2.1780563244106563,0.9333333333333333,0.56,25,15
588,1,DLX3,588,1.0,3.160949288593948,0.47863029392781703,0.0031477139179681207,2.837383952762836,2.039383547351211,0.9333333333333333,0.56,25,15
580,1,DLX3,580,1.0,3.160949288593948,0.30612771354501045,0.06939857366614094,2.681764159650433,1.8215729211546936,0.9333333333333333,0.56,25,15
582,1,DLX3,582,1.0,3.160949288593948,0.37281154685717005,0.025133318285840037,7.163486777833728,6.725765114729403,0.9333333333333333,0.56,25,15
597,1,DLX3,597,1.0,3.160949288593948,0.3375386311669543,0.04408545897903902,3.6256153324733544,3.026787035045298,0.9333333333333333,0.56,25,15
581,1,DLX3,581,1.0,3.160949288593948,0.13233780047277996,0.4416573805136993,5.172923402496058,4.767962828125162,0.9333333333333333,0.56,25,15
592,1,DLX3,592,1.0,3.160949288593948,0.3684346157131287,0.027034250227443875,2.8810328511557017,2.127897176831375,0.9333333333333333,0.56,25,15
579,1,DLX3,579,1.0,3.160949288593948,0.22064882296726154,0.19594967369855365,6.442599338124283,5.58779484041177,0.9333333333333333,0.56,25,15
584,1,DLX3,584,1.0,3.160949288593948,0.23069001794476818,0.17585385412898277,3.2189619585015583,2.5298965045599036,0.9333333333333333,0.56,25,15
1623,1,BORCS8-MEF2B,1623,-1.0,2.3173979829898204,-0.24658944658944662,0.1471091722779373,4.166605012349148,3.650777536403834,0.75,0.375,24,12
1630,1,BORCS8-MEF2B,1630,-1.0,2.3173979829898204,-0.357014157014157,0.03255812206732862,4.24786746370902,3.774929505044466,0.75,0.375,24,12
1636,1,BORCS8-MEF2B,1636,-1.0,2.3173979829898204,0.47567567567567565,0.003366410050197626,-3.9183722940305086,3.1510152928759574,0.75,0.375,24,12
1618,1,BORCS8-MEF2B,1618,-1.0,2.3173979829898204,-0.2471042471042471,0.14623967480294225,5.049607082635202,4.571660978085854,0.75,0.375,24,12
1628,1,BORCS8-MEF2B,1628,-1.0,2.3173979829898204,-0.21338481338481338,0.2114543512582082,3.4691149220237416,2.786998262511222,0.75,0.375,24,12
1620,1,BORCS8-MEF2B,1620,-1.0,2.3173979829898204,-0.23217503217503221,0.17301135629314443,2.100672981794376,1.3648475062120122,0.75,0.375,24,12
1619,1,BORCS8-MEF2B,1619,-1.0,2.3173979829898204,-0.3186615186615187,0.05819761867710564,6.151866893137354,5.858506220995383,0.75,0.375,24,12
1634,1,BORCS8-MEF2B,1634,-1.0,2.3173979829898204,0.34362934362934366,0.04017270672435745,-3.1826607738661403,2.2853286591577144,0.75,0.375,24,12
1616,1,BORCS8-MEF2B,1616,-1.0,2.3173979829898204,-0.39382239382239387,0.017478830754867506,6.787334417697125,5.846793447418969,0.75,0.375,24,12
1206,1,HOXB9,1206,-1.0,2.63276872226801,-0.18357364151185238,0.2838501284339457,4.904241544750662,4.588421506079699,1.0,0.6,15,9
1210,1,HOXB9,1210,-1.0,2.63276872226801,-0.606076230180786,8.947038152853981e-05,5.08944069812414,4.346139746171063,1.0,0.6,15,9
1202,1,HOXB9,1202,-1.0,2.63276872226801,-0.24227601214958355,0.1545433547045168,6.229002075328433,5.943432962269659,1.0,0.6,15,9
1207,1,HOXB9,1207,-1.0,2.63276872226801,-0.46961896510184953,0.003856336227778198,2.706945422219224,1.9766412791795749,1.0,0.6,15,9
1201,1,HOXB9,1201,-1.0,2.63276872226801,-0.19696190148186124,0.24957319091101698,2.380130223050131,1.6192862548791112,1.0,0.6,15,9
1197,1,HOXB9,1197,-1.0,2.63276872226801,-0.3975283344941095,0.016356027763161553,6.754027133013193,5.899528597686368,1.0,0.6,15,9
1211,1,HOXB9,1211,-1.0,2.63276872226801,-0.4420700455481774,0.006945173708346099,3.160137330838133,2.4799871442908414,1.0,0.6,15,9
1198,1,HOXB9,1198,-1.0,2.63276872226801,-0.23970134677073568,0.15910864149213652,2.2204190715849355,1.467095333725025,1.0,0.6,15,9
1205,1,HOXB9,1205,-1.0,2.63276872226801,-0.37615861184967225,0.023755400163749243,6.364852546240076,5.87615125363447,1.0,0.6,15,9
3909,1,EP300,3909,1.0,5.810370118982134,0.357014157014157,0.03255812206732862,4.7666618454319245,4.344115473890739,1.0,0.75,8,6
3910,1,EP300,3910,1.0,5.810370118982134,-0.4321750321750322,0.008482804121955156,-2.9412765451010303,2.0777897873539253,1.0,0.75,8,6
3908,1,EP300,3908,1.0,5.810370118982134,0.8805662805662806,1.441717382310111e-12,5.941038360453128,5.2474930707476855,1.0,0.75,8,6
3915,1,EP300,3915,1.0,5.810370118982134,0.3889317889317889,0.019058666389386608,2.6866068228450826,1.939222110334306,1.0,0.75,8,6
3914,1,EP300,3914,1.0,5.810370118982134,0.3505791505791506,0.03605667200642275,3.113806388723567,2.425535306112201,1.0,0.75,8,6
3911,1,EP300,3911,1.0,5.810370118982134,0.7274131274131276,5.016183246557304e-07,3.2511819118802316,2.5845041982885575,1.0,0.75,8,6
4297,1,ELK3,4297,1.0,2.7884087060019698,-0.3083655083655084,0.067283659955296,-4.211860476861858,3.1340623731916777,1.0,0.3333333333333333,6,2
4296,1,ELK3,4296,1.0,2.7884087060019698,0.40797940797940796,0.013510469371827571,5.980448853905509,5.530893680185261,1.0,0.3333333333333333,6,2
2044,1,FOXF2,2044,1.0,2.4744141011013485,0.41750321750321756,0.011292796883968144,3.4895447376184596,2.846976903907714,1.0,0.8,25,20
2040,1,FOXF2,2040,1.0,2.4744141011013485,0.36602316602316604,0.028131195738868676,5.569937053044367,4.770986259759448,1.0,0.8,25,20
2039,1,FOXF2,2039,1.0,2.4744141011013485,0.32355212355212354,0.054237418754998205,3.090204646790338,2.394699922707037,1.0,0.8,25,20
2021,1,FOXF2,2021,1.0,2.4744141011013485,0.33539253539253544,0.0455351784841887,6.947249110739592,6.1354292909082435,1.0,0.8,25,20
2028,1,FOXF2,2028,1.0,2.4744141011013485,0.4373230373230374,0.0076500533621576446,3.3827667440552394,2.7120023169785332,1.0,0.8,25,20
2023,1,FOXF2,2023,1.0,2.4744141011013485,0.6676962676962678,8.641308853626909e-06,5.183786945794848,4.821781526441211,1.0,0.8,25,20
2025,1,FOXF2,2025,1.0,2.4744141011013485,0.35933075933075936,0.03136873667950738,8.00376263717999,7.843001870002554,1.0,0.8,25,20
2041,1,FOXF2,2041,1.0,2.4744141011013485,0.5163449163449163,0.001265040752569573,4.15046595386816,3.632108725878687,1.0,0.8,25,20
2035,1,FOXF2,2035,1.0,2.4744141011013485,0.30553410553410554,0.06996824231656243,3.1479586414830942,2.22236786879515,1.0,0.8,25,20
2043,1,FOXF2,2043,1.0,2.4744141011013485,0.5171171171171172,0.0012402789990530946,6.55445632582448,6.658792319828409,1.0,0.8,25,20
2029,1,FOXF2,2029,1.0,2.4744141011013485,0.46795366795366794,0.004001426952737059,3.078748926025166,2.3384794871365564,1.0,0.8,25,20
2038,1,FOXF2,2038,1.0,2.4744141011013485,0.5495495495495496,0.0005175339118529325,2.422267287666807,1.6775034134258116,1.0,0.8,25,20
2031,1,FOXF2,2031,1.0,2.4744141011013485,0.4028314028314029,0.014855018930352957,2.114211859880177,1.3708269686348742,1.0,0.8,25,20
2033,1,FOXF2,2033,1.0,2.4744141011013485,0.2617760617760618,0.12301053162208427,2.1727020202838587,1.4294003001398148,1.0,0.8,25,20
2036,1,FOXF2,2036,1.0,2.4744141011013485,-0.22445302445302445,0.18815536368483404,-3.7487940881187094,2.7676118197235775,1.0,0.8,25,20
2030,1,FOXF2,2030,1.0,2.4744141011013485,0.3598455598455599,0.031109322419540068,3.7883589486107714,3.143433338245791,1.0,0.8,25,20
2024,1,FOXF2,2024,1.0,2.4744141011013485,0.46203346203346213,0.004556215370013277,3.769846915821853,3.166248760188519,1.0,0.8,25,20
2022,1,FOXF2,2022,1.0,2.4744141011013485,0.26666666666666666,0.11591487438023967,2.468757707264241,1.6925558145293524,1.0,0.8,25,20
2037,1,FOXF2,2037,1.0,2.4744141011013485,0.21209781209781212,0.21428728350313148,3.6518989095129752,3.0419298193511892,1.0,0.8,25,20
2026,1,FOXF2,2026,1.0,2.4744141011013485,0.6105534105534106,7.674330400635434e-05,3.089311966732387,2.3447765122936994,1.0,0.8,25,20
955,1,RFX4,955,-1.0,3.0174769164745463,-0.1391337926814417,0.4183491640278617,3.032360922366091,2.3126094427385016,0.25,0.1111111111111111,9,4
8074,1,VAX1,8074,1.0,1.5202900030238138,0.2179871686984431,0.2015356480272967,3.5973440382731767,2.9044302379521634,0.625,0.5555555555555556,9,8
8072,1,VAX1,8072,1.0,1.5202900030238138,0.4219790522469862,0.010362263125184821,4.438802065714053,4.041139739565799,0.625,0.5555555555555556,9,8
8067,1,VAX1,8067,1.0,1.5202900030238138,0.10362165671592659,0.5475665428849388,4.843624958560619,4.412053742767493,0.625,0.5555555555555556,9,8
8075,1,VAX1,8075,1.0,1.5202900030238138,0.023042742216502092,0.8938812443710571,4.595020598234436,4.242667235540879,0.625,0.5555555555555556,9,8
8068,1,VAX1,8068,1.0,1.5202900030238138,0.34267243639755257,0.04076810147331816,3.0358700562622265,2.3219104177793097,0.625,0.5555555555555556,9,8
6711,1,ZIC1,6711,1.0,2.8014458107807876,0.15463478890605756,0.3678552775130778,4.034940208845549,3.28466894603859,0.3,0.13636363636363635,22,10
6706,1,ZIC1,6706,1.0,2.8014458107807876,-0.09446309280453727,0.5836892582258699,-2.3324808923019305,1.5068543202684854,0.3,0.13636363636363635,22,10
6704,1,ZIC1,6704,1.0,2.8014458107807876,-0.16136366674966843,0.3471178348148012,-3.59185222851136,2.709514948659559,0.3,0.13636363636363635,22,10
2928,1,ZNF217,2928,1.0,5.5006543889807125,0.23861003861003863,0.16107282197539763,4.903199732547748,4.369260337254464,1.0,1.0,2,2
2927,1,ZNF217,2927,1.0,5.5006543889807125,0.6110682110682111,7.538994008227977e-05,6.937225355173444,5.884387108923955,1.0,1.0,2,2
4906,1,PLAGL1,4906,1.0,5.713490341774431,0.49523809523809526,0.002133859378771322,4.794848656511277,4.280422005636146,1.0,0.6,5,3
4904,1,PLAGL1,4904,1.0,5.713490341774431,0.5173745173745173,0.0012321205417583166,2.1536946392503795,1.3821425966397143,1.0,0.6,5,3
4905,1,PLAGL1,4905,1.0,5.713490341774431,0.7068211068211069,1.4480104922592549e-06,7.036412168139882,6.625376904867547,1.0,0.6,5,3
9135,1,TFAP2C,9135,1.0,2.4191311579809676,0.1933075933075933,0.25864166349987294,2.608628669830371,1.8696084868005778,0.5,0.16666666666666666,6,2
3622,1,PGR,3622,1.0,4.749880304859741,0.40437580437580445,0.014440326020037243,3.7661288755513667,3.1177947131094,1.0,0.8,25,20
3613,1,PGR,3613,1.0,4.749880304859741,-0.5842985842985844,0.00018281488377004605,-4.774749157018074,3.634529199839971,1.0,0.8,25,20
3612,1,PGR,3612,1.0,4.749880304859741,0.5093951093951095,0.0015082451039584678,3.0530435598838,2.346252233602582,1.0,0.8,25,20
3607,1,PGR,3607,1.0,4.749880304859741,0.8774774774774774,2.1710835983887658e-12,5.3810032787794775,5.004408090374179,1.0,0.8,25,20
3616,1,PGR,3616,1.0,4.749880304859741,0.7032175032175032,1.7272765576376866e-06,6.3449888982825104,5.6146604345707365,1.0,0.8,25,20
3620,1,PGR,3620,1.0,4.749880304859741,0.2833976833976834,0.09395135406960056,2.6121876881098913,1.8755127642164904,1.0,0.8,25,20
3604,1,PGR,3604,1.0,4.749880304859741,0.6993564993564994,2.0805981302423482e-06,6.863937967391739,6.034413403974569,1.0,0.8,25,20
3614,1,PGR,3614,1.0,4.749880304859741,0.5032175032175032,0.0017580025008019694,2.8458042657334826,2.0784446365561364,1.0,0.8,25,20
3617,1,PGR,3617,1.0,4.749880304859741,0.6504504504504505,1.751842709658657e-05,6.528226668060995,6.579373153024727,1.0,0.8,25,20
3611,1,PGR,3611,1.0,4.749880304859741,0.5338481338481339,0.0007988173269516263,3.8827362115498496,3.306524917160219,1.0,0.8,25,20
3609,1,PGR,3609,1.0,4.749880304859741,0.3897039897039897,0.018801574807091145,3.4982557053848913,2.835665616111987,1.0,0.8,25,20
3624,1,PGR,3624,1.0,4.749880304859741,0.42805662805662803,0.009203597060834663,3.862404392694161,2.920401167420882,1.0,0.8,25,20
3608,1,PGR,3608,1.0,4.749880304859741,0.5953667953667955,0.0001279627209271587,6.930310891385468,6.322647206916196,1.0,0.8,25,20
3606,1,PGR,3606,1.0,4.749880304859741,0.6218790218790219,5.15084003789008e-05,2.472505875614163,1.6322963437701743,1.0,0.8,25,20
3626,1,PGR,3626,1.0,4.749880304859741,-0.40205920205920204,0.015066093735950291,-3.2076244742539215,2.4104159491446637,1.0,0.8,25,20
3605,1,PGR,3605,1.0,4.749880304859741,0.5580437580437582,0.00040554355612400683,2.070382621811703,1.3154737904814953,1.0,0.8,25,20
3615,1,PGR,3615,1.0,4.749880304859741,0.6733590733590734,6.783192919402736e-06,2.8178442951134732,2.0651657807350183,1.0,0.8,25,20
3627,1,PGR,3627,1.0,4.749880304859741,0.8882882882882884,4.921779398705448e-13,4.036057496159313,3.51051207633935,1.0,0.8,25,20
3621,1,PGR,3621,1.0,4.749880304859741,0.7284427284427286,4.745443597428637e-07,3.282143735925878,2.5804415773511193,1.0,0.8,25,20
3610,1,PGR,3610,1.0,4.749880304859741,0.48211068211068214,0.002906048285581948,2.49043254398566,1.697463211887784,1.0,0.8,25,20
8157,1,ZNF263,8157,1.0,2.8638765966258775,0.13281853281853281,0.43998564922055805,5.456882330999704,4.752296331620509,0.1111111111111111,0.04,25,9
3786,1,SMAD4,3786,1.0,1.8409439758185988,-0.16576576576576577,0.33394404805178013,-4.829553446646386,3.900223957724673,0.6,0.2727272727272727,11,5
3778,1,SMAD4,3778,1.0,1.8409439758185988,0.42239382239382245,0.010279430195112868,6.703722788559479,5.814323935564407,0.6,0.2727272727272727,11,5
3787,1,SMAD4,3787,1.0,1.8409439758185988,0.22110682110682112,0.194999518029328,2.8276701421551027,1.9611902937010615,0.6,0.2727272727272727,11,5
788,1,FOXQ1,788,1.0,2.7410070096862533,0.18481338481338483,0.28055421520066187,3.0652793123701714,2.360728607960943,0.9375,0.6,25,16
801,1,FOXQ1,801,1.0,2.7410070096862533,0.3624195624195624,0.02983848530106455,6.507999188054628,5.598778158831724,0.9375,0.6,25,16
778,1,FOXQ1,778,1.0,2.7410070096862533,0.46151866151866155,0.004607457678332622,7.7380856550842445,7.54454648766109,0.9375,0.6,25,16
782,1,FOXQ1,782,1.0,2.7410070096862533,0.4375804375804376,0.007610320956430391,4.2810256162442135,3.8258872642967887,0.9375,0.6,25,16
779,1,FOXQ1,779,1.0,2.7410070096862533,0.4610038610038611,0.004659197415345584,3.7531534280056986,3.1262049290569203,0.9375,0.6,25,16
781,1,FOXQ1,781,1.0,2.7410070096862533,-0.09292149292149292,0.5898721335006827,-3.027552027863093,2.1355217617849958,0.9375,0.6,25,16
786,1,FOXQ1,786,1.0,2.7410070096862533,-0.26872586872586873,0.11302091500164456,-4.396320725479454,3.3913379463681816,0.9375,0.6,25,16
787,1,FOXQ1,787,1.0,2.7410070096862533,0.3287001287001287,0.05030386622595962,2.932209243935563,2.2072695961460504,0.9375,0.6,25,16
795,1,FOXQ1,795,1.0,2.7410070096862533,0.42239382239382245,0.010279430195112868,3.304754971626306,2.6374133860801936,0.9375,0.6,25,16
790,1,FOXQ1,790,1.0,2.7410070096862533,0.30141570141570145,0.07402210270044833,4.735850503841647,4.415117615249346,0.9375,0.6,25,16
794,1,FOXQ1,794,1.0,2.7410070096862533,0.2604890604890605,0.12493053998679256,5.302328446365535,4.81065404672078,0.9375,0.6,25,16
777,1,FOXQ1,777,1.0,2.7410070096862533,0.30682110682110686,0.06873775655385697,6.8313790780415,5.932377054329812,0.9375,0.6,25,16
800,1,FOXQ1,800,1.0,2.7410070096862533,0.18532818532818532,0.2791929194520186,2.0405112121906868,1.308405071704924,0.9375,0.6,25,16
789,1,FOXQ1,789,1.0,2.7410070096862533,0.33127413127413136,0.04842456487173687,5.9114292799234125,5.442242027555157,0.9375,0.6,25,16
792,1,FOXQ1,792,1.0,2.7410070096862533,0.5842985842985844,0.00018281488377004605,3.6313501545941724,3.033598291833839,0.9375,0.6,25,16
8979,1,BHLHE41,8979,1.0,2.0698681248200343,0.3364221364221364,0.04483495312491952,3.149989949855231,2.4186034158537444,1.0,0.3333333333333333,3,1
3849,1,LHX4,3849,1.0,5.740698023892724,0.45637065637065644,0.005147900668885406,6.216980585359121,5.956177873453952,1.0,0.6363636363636364,11,7
3848,1,LHX4,3848,1.0,5.740698023892724,0.7655083655083657,5.3684363947064355e-08,2.7193416945057107,1.986796635267341,1.0,0.6363636363636364,11,7
3850,1,LHX4,3850,1.0,5.740698023892724,0.21389961389961393,0.2103284520164885,2.4994222659035867,1.7584911061425101,1.0,0.6363636363636364,11,7
3854,1,LHX4,3854,1.0,5.740698023892724,0.6617760617760619,1.1069954916435203e-05,3.795611215092249,3.1044596004298195,1.0,0.6363636363636364,11,7
3845,1,LHX4,3845,1.0,5.740698023892724,0.6736164736164737,6.7081259007183565e-06,6.498765596874495,5.742609735084391,1.0,0.6363636363636364,11,7
3847,1,LHX4,3847,1.0,5.740698023892724,0.2543114543114543,0.13445821630201593,2.135819164247846,1.3862329178366393,1.0,0.6363636363636364,11,7
3852,1,LHX4,3852,1.0,5.740698023892724,0.5276705276705277,0.0009421941461234538,4.958688482003125,4.201182184945446,1.0,0.6363636363636364,11,7
419,1,SMAD1,419,1.0,5.822534254675509,0.7132561132561133,1.0499048706818424e-06,6.79089390677849,5.953499643188266,1.0,0.6,25,15
430,1,SMAD1,430,1.0,5.822534254675509,-0.3348777348777349,0.04588857626687775,-2.6631871738930255,1.782762614808441,1.0,0.6,25,15
422,1,SMAD1,422,1.0,5.822534254675509,0.5948519948519949,0.00013014133368236216,4.990268973349189,4.570344800961693,1.0,0.6,25,15
420,1,SMAD1,420,1.0,5.822534254675509,0.44092664092664097,0.007109652643059627,2.06467910178737,1.3072738038333775,1.0,0.6,25,15
427,1,SMAD1,427,1.0,5.822534254675509,0.5073359073359074,0.0015877877253568072,5.020662223252514,4.789519552814268,1.0,0.6,25,15
435,1,SMAD1,435,1.0,5.822534254675509,0.19485199485199484,0.2547828533049376,2.1130014419367074,1.364576542328265,1.0,0.6,25,15
432,1,SMAD1,432,1.0,5.822534254675509,0.44993564993564994,0.005899649819384556,3.2118605696125857,2.5205695402090345,1.0,0.6,25,15
438,1,SMAD1,438,1.0,5.822534254675509,0.4471042471042472,0.006259229381424135,2.32501884163803,1.525128311670165,1.0,0.6,25,15
426,1,SMAD1,426,1.0,5.822534254675509,0.39407979407979404,0.017398814327147422,3.425435977558654,2.755332379097587,1.0,0.6,25,15
440,1,SMAD1,440,1.0,5.822534254675509,0.5253539253539253,0.0010015588344188665,2.3435236989952313,1.6005100700431223,1.0,0.6,25,15
428,1,SMAD1,428,1.0,5.822534254675509,0.43938223938223947,0.007337107070577514,2.9057663592366865,2.1774958115685115,1.0,0.6,25,15
423,1,SMAD1,423,1.0,5.822534254675509,0.7431145431145432,2.0929235216165227e-07,7.742609725133492,7.646263596257489,1.0,0.6,25,15
442,1,SMAD1,442,1.0,5.822534254675509,0.39202059202059203,0.018047615004671686,4.386346734521101,3.8853188843281554,1.0,0.6,25,15
443,1,SMAD1,443,1.0,5.822534254675509,0.43037323037323044,0.008791990286518343,2.1106404730308146,1.338897665105943,1.0,0.6,25,15
441,1,SMAD1,441,1.0,5.822534254675509,0.2805662805662806,0.0974248960232991,2.4572520811079896,1.7153764830987488,1.0,0.6,25,15
4383,1,IRF2,4383,1.0,2.31671974036871,0.6082368082368081,8.310871494119409e-05,7.495113002128258,6.937393910273451,1.0,0.6,25,15
4377,1,IRF2,4377,1.0,2.31671974036871,0.4074646074646075,0.013640129503969294,6.835573802160864,5.905856208725765,1.0,0.6,25,15
4396,1,IRF2,4396,1.0,2.31671974036871,0.31428571428571433,0.061932290416086055,4.114771831619682,3.620991321127865,1.0,0.6,25,15
4382,1,IRF2,4382,1.0,2.31671974036871,-0.2710424710424711,0.10983057728189333,-4.3026968385845406,3.319807935100592,1.0,0.6,25,15
4392,1,IRF2,4392,1.0,2.31671974036871,0.30553410553410554,0.06996824231656243,3.3408921689315343,2.680476038786986,1.0,0.6,25,15
4399,1,IRF2,4399,1.0,2.31671974036871,0.1505791505791506,0.38070226039431665,3.1595691354469664,2.4628971427137447,1.0,0.6,25,15
4381,1,IRF2,4381,1.0,2.31671974036871,0.2630630630630631,0.12111261748419677,5.055294106852862,4.614052488763053,1.0,0.6,25,15
4400,1,IRF2,4400,1.0,2.31671974036871,0.24839124839124843,0.14408237122817905,2.9939773340596285,2.266338490634757,1.0,0.6,25,15
4385,1,IRF2,4385,1.0,2.31671974036871,0.5009009009009009,0.001860617809190522,3.685672152501753,3.0396537646214954,1.0,0.6,25,15
4398,1,IRF2,4398,1.0,2.31671974036871,0.4033462033462034,0.014715688928095716,3.445019781523999,2.8059240340830804,1.0,0.6,25,15
4394,1,IRF2,4394,1.0,2.31671974036871,0.2628056628056628,0.12149043907766062,5.909319808919182,5.067904440917873,1.0,0.6,25,15
4389,1,IRF2,4389,1.0,2.31671974036871,0.33693693693693694,0.0444881067024283,2.9479801531728267,2.231102002421701,1.0,0.6,25,15
4391,1,IRF2,4391,1.0,2.31671974036871,0.433976833976834,0.008182948006735042,2.969149302170335,2.207807804659572,1.0,0.6,25,15
4397,1,IRF2,4397,1.0,2.31671974036871,0.5572715572715573,0.0004147461784537902,3.512405386588855,2.8582305085144357,1.0,0.6,25,15
4390,1,IRF2,4390,1.0,2.31671974036871,0.4293436293436294,0.00897294584767907,4.628583183031143,4.213162272755327,1.0,0.6,25,15
6534,1,PPARG,6534,1.0,3.251889918418926,0.08751608751608753,0.6117755602203854,4.141562269848749,3.5840549622430875,0.7692307692307693,0.4,25,13
6528,1,PPARG,6528,1.0,3.251889918418926,0.3335907335907336,0.04678172799494022,4.567512598943819,4.205787257562123,0.7692307692307693,0.4,25,13
6539,1,PPARG,6539,1.0,3.251889918418926,0.24375804375804377,0.15195897505615452,2.788919422239929,2.0302196910299357,0.7692307692307693,0.4,25,13
6533,1,PPARG,6533,1.0,3.251889918418926,0.12561132561132562,0.4654094229053738,3.427913638879012,2.7600422400324494,0.7692307692307693,0.4,25,13
6546,1,PPARG,6546,1.0,3.251889918418926,0.037065637065637064,0.8300645717753614,3.4907371421668953,2.8656418111854958,0.7692307692307693,0.4,25,13
6526,1,PPARG,6526,1.0,3.251889918418926,0.05070785070785071,0.768988187107925,3.587587893330697,2.90544067026091,0.7692307692307693,0.4,25,13
6524,1,PPARG,6524,1.0,3.251889918418926,0.1312741312741313,0.4453685716730418,4.766630377076262,4.286261211736073,0.7692307692307693,0.4,25,13
6544,1,PPARG,6544,1.0,3.251889918418926,0.23063063063063063,0.17596821609059962,3.0080380980285577,2.2868457434306424,0.7692307692307693,0.4,25,13
6529,1,PPARG,6529,1.0,3.251889918418926,0.25045045045045045,0.14067929152876202,3.080163403342778,2.372403129664181,0.7692307692307693,0.4,25,13
6547,1,PPARG,6547,1.0,3.251889918418926,0.23037323037323038,0.17646450319079626,5.024707372706926,4.77976839259586,0.7692307692307693,0.4,25,13
2347,1,FOXO3,2347,1.0,5.831174250647318,0.5601029601029601,0.00038188670183401187,4.667142230254432,4.325394799906026,1.0,0.56,25,14
2349,1,FOXO3,2349,1.0,5.831174250647318,-0.25302445302445303,0.13650890879262828,-2.825694756668095,1.9434055328510091,1.0,0.56,25,14
2341,1,FOXO3,2341,1.0,5.831174250647318,0.6746460746460747,6.415375382882605e-06,7.73779431065627,7.591473827372879,1.0,0.56,25,14
2340,1,FOXO3,2340,1.0,5.831174250647318,0.3528957528957529,0.03476354238915567,4.942228381787004,4.527408458625135,1.0,0.56,25,14
2348,1,FOXO3,2348,1.0,5.831174250647318,-0.418018018018018,0.011182287698381916,-4.778556791404838,3.7037367104062673,1.0,0.56,25,14
2358,1,FOXO3,2358,1.0,5.831174250647318,0.45791505791505793,0.0049803053163178755,2.773083359496591,2.0459338744186413,1.0,0.56,25,14
2360,1,FOXO3,2360,1.0,5.831174250647318,0.3953667953667954,0.01700331749783522,3.783708416728799,3.2224441903071033,1.0,0.56,25,14
2359,1,FOXO3,2359,1.0,5.831174250647318,0.42985842985842987,0.00888207510794622,2.582187721077898,1.8393969154215475,1.0,0.56,25,14
2352,1,FOXO3,2352,1.0,5.831174250647318,0.4131274131274132,0.012270064944360858,3.766609117508591,3.1989216397417946,1.0,0.56,25,14
2346,1,FOXO3,2346,1.0,5.831174250647318,0.40566280566280566,0.01410223480626039,4.185420083181923,3.6259108574871353,1.0,0.56,25,14
2362,1,FOXO3,2362,1.0,5.831174250647318,0.43783783783783786,0.007570765277081955,2.396350120147458,1.6148734608164959,1.0,0.56,25,14
2355,1,FOXO3,2355,1.0,5.831174250647318,0.3917631917631918,0.01813011930786323,2.9648881724138088,2.200466950575367,1.0,0.56,25,14
2338,1,FOXO3,2338,1.0,5.831174250647318,0.5902187902187902,0.00015130171991485463,6.788951083160505,5.89593463990868,1.0,0.56,25,14
2343,1,FOXO3,2343,1.0,5.831174250647318,0.3441441441441441,0.039855319197374124,2.0760441119905866,1.341656375679349,1.0,0.56,25,14
1467,1,MEF2D,1467,1.0,4.3256992442213456,-0.17760617760617764,0.30006384868851266,-2.486930352397428,1.6248529244641379,1.0,0.75,24,18
1469,1,MEF2D,1469,1.0,4.3256992442213456,0.8082368082368083,2.5097063233442343e-09,3.7308850166495504,3.1569779877127795,1.0,0.75,24,18
1465,1,MEF2D,1465,1.0,4.3256992442213456,0.38198198198198197,0.0215073035369096,3.1730117205981068,2.41922182582152,1.0,0.75,24,18
1461,1,MEF2D,1461,1.0,4.3256992442213456,0.7933075933075933,7.931650795981195e-09,2.227425163841269,1.4861972456034653,1.0,0.75,24,18
1477,1,MEF2D,1477,1.0,4.3256992442213456,-0.3518661518661519,0.03533351820606962,-4.826433871030346,3.8989549022174916,1.0,0.75,24,18
1479,1,MEF2D,1479,1.0,4.3256992442213456,0.46435006435006443,0.0043316755925161795,3.412157389458847,2.7363252900382875,1.0,0.75,24,18
1468,1,MEF2D,1468,1.0,4.3256992442213456,0.34002574002574004,0.04245216390034491,3.356310538240112,2.6899580704786374,1.0,0.75,24,18
1464,1,MEF2D,1464,1.0,4.3256992442213456,0.696010296010296,2.4390945981848062e-06,2.1204866636035673,1.3576848060460467,1.0,0.75,24,18
1476,1,MEF2D,1476,1.0,4.3256992442213456,0.3701415701415702,0.026279280300842124,2.914716665510572,2.1400656109691125,1.0,0.75,24,18
1475,1,MEF2D,1475,1.0,4.3256992442213456,0.4311454311454312,0.00865832474496267,2.113355544091181,1.3191911038938078,1.0,0.75,24,18
1466,1,MEF2D,1466,1.0,4.3256992442213456,0.696010296010296,2.4390945981848062e-06,3.6927449745145697,3.0706499745633287,1.0,0.75,24,18
1478,1,MEF2D,1478,1.0,4.3256992442213456,-0.4115830115830116,0.012631638479813974,-2.2108386569631913,1.4331302566701198,1.0,0.75,24,18
1459,1,MEF2D,1459,1.0,4.3256992442213456,0.424967824967825,0.00977785861560275,5.084335216312521,4.646995787304798,1.0,0.75,24,18
1480,1,MEF2D,1480,1.0,4.3256992442213456,0.5945945945945947,0.00013124309675051796,3.4875641487098723,2.759710900549896,1.0,0.75,24,18
1458,1,MEF2D,1458,1.0,4.3256992442213456,0.7474903474903476,1.6221829556205624e-07,6.708426899869064,5.797805063597917,1.0,0.75,24,18
1462,1,MEF2D,1462,1.0,4.3256992442213456,0.595881595881596,0.00012581695819639325,6.512271699181073,6.296778178926275,1.0,0.75,24,18
1481,1,MEF2D,1481,1.0,4.3256992442213456,0.28751608751608754,0.08906923217134907,2.2104728292133684,1.4559337593968773,1.0,0.75,24,18
1463,1,MEF2D,1463,1.0,4.3256992442213456,-0.4386100386100386,0.007453152266858105,-4.717964862755135,3.673660933563138,1.0,0.75,24,18
692,1,BACH1,692,1.0,2.177178697258497,0.3608751608751609,0.03059576681352659,4.243707360723925,3.780117056559851,1.0,0.5652173913043478,23,13
694,1,BACH1,694,1.0,2.177178697258497,0.4131274131274132,0.012270064944360858,5.232778629691408,4.451490901200958,1.0,0.5652173913043478,23,13
693,1,BACH1,693,1.0,2.177178697258497,0.2115830115830116,0.21542774121066874,2.9213243711305137,2.1725827044882697,1.0,0.5652173913043478,23,13
683,1,BACH1,683,1.0,2.177178697258497,0.3392535392535393,0.0429539536387242,4.784726702756318,4.374434286422539,1.0,0.5652173913043478,23,13
688,1,BACH1,688,1.0,2.177178697258497,0.3680823680823681,0.027192249856558184,2.837009359053445,2.1123285139327055,1.0,0.5652173913043478,23,13
696,1,BACH1,696,1.0,2.177178697258497,0.1958815958815959,0.2522316683591675,5.5966597123626824,5.540600866738527,1.0,0.5652173913043478,23,13
698,1,BACH1,698,1.0,2.177178697258497,-0.12175032175032177,0.47934313234471915,-2.222431817370587,1.4239770810473418,1.0,0.5652173913043478,23,13
682,1,BACH1,682,1.0,2.177178697258497,0.5855855855855856,0.00017550281155637038,7.180204534665244,6.291622937973627,1.0,0.5652173913043478,23,13
704,1,BACH1,704,1.0,2.177178697258497,0.32406692406692406,0.05383336527180135,3.812596823516578,3.079736203465126,1.0,0.5652173913043478,23,13
690,1,BACH1,690,1.0,2.177178697258497,0.26975546975546977,0.11159448627380314,3.0234864789690294,2.3080345054826465,1.0,0.5652173913043478,23,13
686,1,BACH1,686,1.0,2.177178697258497,0.5068211068211068,0.0016082401900779932,6.854395452237952,6.36287855181843,1.0,0.5652173913043478,23,13
695,1,BACH1,695,1.0,2.177178697258497,0.364993564993565,0.02861057851324887,3.595180344020306,2.9450242749662237,1.0,0.5652173913043478,23,13
697,1,BACH1,697,1.0,2.177178697258497,0.22187902187902186,0.19340483859488863,2.4704371362725923,1.7207127788788612,1.0,0.5652173913043478,23,13
3581,1,ZEB1,3581,1.0,4.661594425684331,0.7688545688545689,4.3249702494602553e-08,3.579912296699544,2.9145451144156236,1.0,0.56,25,14
3575,1,ZEB1,3575,1.0,4.661594425684331,0.7014157014157015,1.884681166046553e-06,5.377599128688173,5.0684511914070836,1.0,0.56,25,14
3577,1,ZEB1,3577,1.0,4.661594425684331,0.5536679536679537,0.0004601993835807583,7.563912557120876,7.412084246947068,1.0,0.56,25,14
3592,1,ZEB1,3592,1.0,4.661594425684331,-0.47155727155727156,0.0036932242254936105,-4.123241190925244,3.1877158286210334,1.0,0.56,25,14
3580,1,ZEB1,3580,1.0,4.661594425684331,0.46203346203346213,0.004556215370013277,2.1556392551234778,1.3991389887219858,1.0,0.56,25,14
3573,1,ZEB1,3573,1.0,4.661594425684331,0.4630630630630631,0.004455207307401344,6.6842058633437995,5.806843775857498,1.0,0.56,25,14
3597,1,ZEB1,3597,1.0,4.661594425684331,0.5925353925353926,0.0001403635806059568,3.2704666860676466,2.5948632124432915,1.0,0.56,25,14
3587,1,ZEB1,3587,1.0,4.661594425684331,0.6036036036036037,9.728688942462503e-05,4.2433767756060625,3.7325585489047683,1.0,0.56,25,14
3579,1,ZEB1,3579,1.0,4.661594425684331,0.6483912483912485,1.900489415516304e-05,2.3639046250782556,1.6141739793650898,1.0,0.56,25,14
3586,1,ZEB1,3586,1.0,4.661594425684331,0.31402831402831405,0.0621577387621517,3.6648860152835545,3.0342673617624003,1.0,0.56,25,14
3582,1,ZEB1,3582,1.0,4.661594425684331,0.5742599742599743,0.0002499032488778355,2.3215915907476328,1.5463732481432906,1.0,0.56,25,14
3583,1,ZEB1,3583,1.0,4.661594425684331,0.6429858429858429,2.3467961779606014e-05,6.406266904242212,5.816875019979645,1.0,0.56,25,14
3578,1,ZEB1,3578,1.0,4.661594425684331,0.43011583011583016,0.008836934798423469,3.3612122992740505,2.6721989572869016,1.0,0.56,25,14
3584,1,ZEB1,3584,1.0,4.661594425684331,0.5500643500643502,0.0005100358244914326,3.2251189690452153,2.509595624165935,1.0,0.56,25,14
1017,1,ELK1,1017,1.0,5.769055026951645,0.4445302445302446,0.006602304306242562,3.5541609293534724,2.915212188476545,1.0,0.6,25,15
995,1,ELK1,995,1.0,5.769055026951645,-0.2836550836550837,0.09364034308608998,-2.8735591501792026,1.956889571045817,1.0,0.6,25,15
1002,1,ELK1,1002,1.0,5.769055026951645,0.5706563706563708,0.00027889666525093376,4.123384149679904,3.566593277341687,1.0,0.6,25,15
999,1,ELK1,999,1.0,5.769055026951645,0.4414414414414415,0.007035189953868236,4.55760133455351,4.065334599055898,1.0,0.6,25,15
996,1,ELK1,996,1.0,5.769055026951645,-0.4507078507078507,0.005804723564880848,-4.559581067218983,3.4608653650322982,1.0,0.6,25,15
1000,1,ELK1,1000,1.0,5.769055026951645,0.644015444015444,2.2550823476164895e-05,7.438998065301802,7.222480341283215,1.0,0.6,25,15
998,1,ELK1,998,1.0,5.769055026951645,-0.3364221364221364,0.04483495312491952,-3.033371031726267,2.069607225835941,1.0,0.6,25,15
994,1,ELK1,994,1.0,5.769055026951645,0.5786357786357788,0.0002183416152637415,6.346021399607316,5.437030124875573,1.0,0.6,25,15
1004,1,ELK1,1004,1.0,5.769055026951645,0.4586872586872587,0.0048982886784272334,2.2388174731014336,1.4760479495376633,1.0,0.6,25,15
1001,1,ELK1,1001,1.0,5.769055026951645,-0.1052767052767053,0.5411533858826632,-2.3987920943367658,1.5770182763384568,1.0,0.6,25,15
1015,1,ELK1,1015,1.0,5.769055026951645,0.32664092664092664,0.05184895061012623,2.9428915336607857,2.1636370330417414,1.0,0.6,25,15
1016,1,ELK1,1016,1.0,5.769055026951645,-0.1881595881595882,0.27178257934842137,-3.288397575288145,2.4216344940734347,1.0,0.6,25,15
1012,1,ELK1,1012,1.0,5.769055026951645,0.2707850707850708,0.11018166478113879,2.6906290940278694,1.9513578632641344,1.0,0.6,25,15
1007,1,ELK1,1007,1.0,5.769055026951645,-0.27722007722007724,0.10165539622965471,-3.3964996016517515,2.4446964014267984,1.0,0.6,25,15
1013,1,ELK1,1013,1.0,5.769055026951645,0.37065637065637064,0.026055033873351466,2.331813953718238,1.5798510412327482,1.0,0.6,25,15
8085,1,HOXD12,8085,1.0,2.9793194304340687,0.42204857797193074,0.01034833885117494,2.187003280484109,1.4388436137839038,1.0,1.0,6,6
8083,1,HOXD12,8083,1.0,2.9793194304340687,0.2175431328646139,0.20247822308818322,3.1858423341368334,2.4698244668866094,1.0,1.0,6,6
8084,1,HOXD12,8084,1.0,2.9793194304340687,0.2745364536322268,0.10514798969933811,6.094932386135604,5.959640255324998,1.0,1.0,6,6
8082,1,HOXD12,8082,1.0,2.9793194304340687,0.28086904482862823,0.09704885427958086,5.067944732184603,4.650656612500614,1.0,1.0,6,6
8087,1,HOXD12,8087,1.0,2.9793194304340687,0.2182881435936023,0.2008984952359482,3.7217408333463617,3.123821870656375,1.0,1.0,6,6
8086,1,HOXD12,8086,1.0,2.9793194304340687,0.2276007777059573,0.18187326307044546,3.137452197455083,2.427004934844273,1.0,1.0,6,6
