,Mutation,Regulator,Regulon,MutationRegulatorEdge,-log10(p)_MutationRegulatorEdge,RegulatorRegulon_Spearman_R,RegulatorRegulon_Spearman_p-value,Regulon_stratification_t-statistic,-log10(p)_Regulon_stratification,Fraction_of_edges_correctly_aligned,Fraction_of_aligned_and_diff_exp_edges,number_downstream_regulons,number_differentially_expressed_regulons
6207,12,LHX4,6207,1.0,1.3699475391078002,0.4204306851423927,5.255759327001036e-23,3.1513822579987836,1.6594254263371822,0.8571428571428571,0.5454545454545454,11,7
6211,12,LHX4,6211,1.0,1.3699475391078002,0.48881716666686964,1.2455108685482308e-31,3.0345804435247508,1.5607823512579495,0.8571428571428571,0.5454545454545454,11,7
6204,12,LHX4,6204,1.0,1.3699475391078002,-0.24047766587440617,4.610466434941702e-08,-3.616996255696506,1.9166591125048564,0.8571428571428571,0.5454545454545454,11,7
6214,12,LHX4,6214,1.0,1.3699475391078002,0.39755717440357136,1.5636428534024698e-20,2.7326328857016544,1.390604503350105,0.8571428571428571,0.5454545454545454,11,7
6209,12,LHX4,6209,1.0,1.3699475391078002,0.1908746662762385,1.601722645781199e-05,2.682878095939783,1.378350359651114,0.8571428571428571,0.5454545454545454,11,7
6205,12,LHX4,6205,1.0,1.3699475391078002,0.46609297220851903,1.5144761807883474e-28,3.4784354941855957,1.818524194162967,0.8571428571428571,0.5454545454545454,11,7
83,12,HOXD9,83,1.0,1.351990615017319,0.10466611970479056,0.01875460693067235,2.7071509782258425,1.426555574250756,0.5555555555555556,0.21739130434782608,23,9
86,12,HOXD9,86,1.0,1.351990615017319,0.19312106550897964,1.2656642786277981e-05,4.903661688789721,2.810696485819018,0.5555555555555556,0.21739130434782608,23,9
72,12,HOXD9,72,1.0,1.351990615017319,0.3171218157459595,3.083313106181718e-13,3.0200925996202757,1.5753470627427573,0.5555555555555556,0.21739130434782608,23,9
76,12,HOXD9,76,1.0,1.351990615017319,0.19049204916583,1.6668184676845922e-05,2.7098666525245196,1.6137924793076832,0.5555555555555556,0.21739130434782608,23,9
84,12,HOXD9,84,1.0,1.351990615017319,0.23928716613915432,5.393039702110374e-08,3.4876782843178167,1.8255658696482797,0.5555555555555556,0.21739130434782608,23,9
168,12,RARA,168,1.0,3.467052358586781,-0.4067030543474705,1.6902863434830826e-21,-3.3112987730895473,1.7520329347884964,1.0,0.36,25,9
171,12,RARA,171,1.0,3.467052358586781,0.2989460032774595,7.284279563897778e-12,4.074086046323706,2.109151084386555,1.0,0.36,25,9
173,12,RARA,173,1.0,3.467052358586781,0.5459806503722269,1.6907181531354547e-40,2.7071892787823972,1.4022228858342531,1.0,0.36,25,9
166,12,RARA,166,1.0,3.467052358586781,0.21346304197099739,1.3235396593756605e-06,2.6224815853972805,1.3503863413090191,1.0,0.36,25,9
167,12,RARA,167,1.0,3.467052358586781,0.3878944520425258,1.5233279931101268e-19,4.199496449615604,2.1433250806186375,1.0,0.36,25,9
180,12,RARA,180,1.0,3.467052358586781,-0.3208996207478955,1.5543393712410856e-13,-3.2951912158706245,1.8493468344708224,1.0,0.36,25,9
190,12,RARA,190,1.0,3.467052358586781,0.2028207185759295,4.43677668801827e-06,3.389707277128194,1.7444092832167832,1.0,0.36,25,9
184,12,RARA,184,1.0,3.467052358586781,0.3296013011606271,3.092301516588863e-14,4.291431238509692,2.2058749753278524,1.0,0.36,25,9
172,12,RARA,172,1.0,3.467052358586781,0.21478711088369462,1.1336145456423747e-06,5.196837031629459,2.755977215336823,1.0,0.36,25,9
1275,12,TGIF2,1275,1.0,1.4070073875200824,0.26991434419549126,7.31148524891894e-10,6.995415459785364,3.3673330894710016,0.5,0.2,15,6
1277,12,TGIF2,1277,1.0,1.4070073875200824,-0.47427565435071367,1.2472496047818266e-29,-3.4742612877385275,1.8434315511765271,0.5,0.2,15,6
1270,12,TGIF2,1270,1.0,1.4070073875200824,0.5463781709908555,1.4464398618128995e-40,3.5954660375425394,1.870106825635181,0.5,0.2,15,6
1268,12,PAX6,1268,1.0,1.3614843587526715,0.3547747325359238,2.146937418265437e-16,2.8791120122993195,1.4797012062576664,0.6363636363636364,0.28,25,11
1255,12,PAX6,1255,1.0,1.3614843587526715,-0.08138702733031583,0.06790646560993661,-3.263656050413114,1.773060403652861,0.6363636363636364,0.28,25,11
1248,12,PAX6,1248,1.0,1.3614843587526715,0.1894957637012216,1.8483197705304187e-05,3.861372778510102,2.013195262077153,0.6363636363636364,0.28,25,11
1246,12,PAX6,1246,1.0,1.3614843587526715,0.35723315526296767,1.2894545227278004e-16,3.950206434982006,2.027727878064866,0.6363636363636364,0.28,25,11
1244,12,PAX6,1244,1.0,1.3614843587526715,0.4273509745254052,8.591265201125309e-24,2.756098974167991,1.4299810719126067,0.6363636363636364,0.28,25,11
1260,12,PAX6,1260,1.0,1.3614843587526715,0.32437719973203677,8.203381759685592e-14,3.217855008142399,1.6591973189855962,0.6363636363636364,0.28,25,11
1257,12,PAX6,1257,1.0,1.3614843587526715,0.3422425693123268,2.696858267021084e-15,8.050642196497202,3.648387421743158,0.6363636363636364,0.28,25,11
8043,12,PITX2,8043,1.0,1.7419323743206545,0.11737048219737303,0.008350976183053053,3.535757122670754,1.810755893666849,1.0,0.08333333333333333,12,1
2664,12,ESR1,2664,1.0,2.067016137475697,0.508014010047589,2.008812388371854e-34,3.1354419478203437,1.6629862811335623,0.875,0.30434782608695654,23,8
2671,12,ESR1,2671,1.0,2.067016137475697,0.15667936339336572,0.00041471652318422097,3.1580293461316664,1.6835762382162713,0.875,0.30434782608695654,23,8
2661,12,ESR1,2661,1.0,2.067016137475697,0.5047877285825574,6.091228370190566e-34,2.7564701267968097,1.4366828369195395,0.875,0.30434782608695654,23,8
2657,12,ESR1,2657,1.0,2.067016137475697,-0.3247104196799795,7.712756720580856e-14,-3.50737336036033,1.865392695920489,0.875,0.30434782608695654,23,8
2663,12,ESR1,2663,1.0,2.067016137475697,0.3438623650705259,1.9568938913770362e-15,2.7299211335394804,1.407252910762971,0.875,0.30434782608695654,23,8
2656,12,ESR1,2656,1.0,2.067016137475697,0.595657605114959,1.0156813761127825e-49,4.301593133193588,2.1884582427072465,0.875,0.30434782608695654,23,8
2666,12,ESR1,2666,1.0,2.067016137475697,-0.35478982350965615,2.1402579531141141e-16,-2.527570367400891,1.316749623860251,0.875,0.30434782608695654,23,8
1027,12,SOX5,1027,1.0,1.3672608661104502,0.24874255164370226,1.517407042027025e-08,2.6767041388040074,1.3825746576177504,0.5833333333333334,0.28,25,12
1035,12,SOX5,1035,1.0,1.3672608661104502,0.2897432275506065,3.326552439138757e-11,3.2162576410898,1.6979276888608645,0.5833333333333334,0.28,25,12
1045,12,SOX5,1045,1.0,1.3672608661104502,0.22024010770268604,5.928096000572285e-07,3.736483361126791,2.0413118652227524,0.5833333333333334,0.28,25,12
1034,12,SOX5,1034,1.0,1.3672608661104502,0.19711483078097475,8.271202923649427e-06,3.787971751393838,2.128666824036137,0.5833333333333334,0.28,25,12
1048,12,SOX5,1048,1.0,1.3672608661104502,0.17409153509790246,8.541311067291948e-05,8.421626789821456,3.852441621764791,0.5833333333333334,0.28,25,12
1043,12,SOX5,1043,1.0,1.3672608661104502,0.09457635090694408,0.03377716785159148,4.570536145136052,2.5108152834152766,0.5833333333333334,0.28,25,12
1051,12,SOX5,1051,1.0,1.3672608661104502,0.3815942985738842,6.456708137541467e-19,3.620243242247975,2.095548487920327,0.5833333333333334,0.28,25,12
1151,12,ZSCAN26,1151,-1.0,1.4673893369524702,0.17784937502278875,5.948468068798503e-05,-3.3871068559991,1.7986558510911514,0.4,0.125,16,5
1158,12,ZSCAN26,1158,-1.0,1.4673893369524702,0.2582109660013484,4.041806815860967e-09,-2.5870166043442198,1.3558387175718971,0.4,0.125,16,5
5105,12,NFKB2,5105,1.0,1.3603494720539264,0.44759575011934516,3.3581011663758135e-26,4.867274724921128,2.4460073669986837,1.0,0.3333333333333333,3,1
4106,12,NFATC2,4106,1.0,2.114431520071609,0.1974650163577719,7.965072444068413e-06,3.9989065106853188,2.145723022999678,0.6666666666666666,0.32,25,12
4088,12,NFATC2,4088,1.0,2.114431520071609,-0.2537542546469654,7.583967468203167e-09,-3.0901869066786185,1.633313036765028,0.6666666666666666,0.32,25,12
4098,12,NFATC2,4098,1.0,2.114431520071609,0.4935080224459956,2.686915322045782e-32,2.5976912403169936,1.3485911746932462,0.6666666666666666,0.32,25,12
4095,12,NFATC2,4095,1.0,2.114431520071609,0.3442040209665178,1.8284516043471727e-15,5.437726644910316,2.6204336112274222,0.6666666666666666,0.32,25,12
4092,12,NFATC2,4092,1.0,2.114431520071609,0.5405305592686745,1.4065424511683976e-39,2.8743169595038687,1.4941599341997645,0.6666666666666666,0.32,25,12
4087,12,NFATC2,4087,1.0,2.114431520071609,0.8514467041641434,8.1032323354261665e-143,4.128878234230531,2.1089779449860244,0.6666666666666666,0.32,25,12
4102,12,NFATC2,4102,1.0,2.114431520071609,0.11748341797244988,0.008288263023468414,5.235706618576636,2.767341568808332,0.6666666666666666,0.32,25,12
4091,12,NFATC2,4091,1.0,2.114431520071609,0.22053686560850508,5.71984606307766e-07,3.302292927474643,1.712233626712458,0.6666666666666666,0.32,25,12
3486,12,LMO2,3486,1.0,2.170233043709388,0.41266830067855953,3.8150735941853287e-22,2.8059712898585056,1.4457957385998255,1.0,0.3333333333333333,9,3
3490,12,LMO2,3490,1.0,2.170233043709388,0.424021305830393,2.064369883659799e-23,2.6048093925789537,1.364277806394103,1.0,0.3333333333333333,9,3
3483,12,LMO2,3483,1.0,2.170233043709388,0.5013895412428344,1.9347044467140444e-33,4.788453043161886,2.4038592807286445,1.0,0.3333333333333333,9,3
469,12,TFE3,469,1.0,1.7543855443360212,0.2946281101348636,1.4956151910772148e-11,3.692663496816449,1.9386698682026315,1.0,0.5,4,2
472,12,TFE3,472,1.0,1.7543855443360212,0.22350472586496356,3.989059875304556e-07,2.665018086649977,1.4246635138096873,1.0,0.5,4,2
2723,12,PKNOX2,2723,1.0,2.1491132748508996,0.2301717493409884,1.7431852167130495e-07,3.919407258592821,1.9999837465202555,1.0,0.47368421052631576,19,9
2727,12,PKNOX2,2727,1.0,2.1491132748508996,0.18183620407083234,4.019444755042285e-05,3.3380150647046705,2.0227094041013656,1.0,0.47368421052631576,19,9
2719,12,PKNOX2,2719,1.0,2.1491132748508996,-0.27277375565313966,4.753896660894812e-10,-5.328908060389076,2.727274463524748,1.0,0.47368421052631576,19,9
2729,12,PKNOX2,2729,1.0,2.1491132748508996,0.4461709184938384,5.0223917751579895e-26,3.505941767170857,1.796989966220009,1.0,0.47368421052631576,19,9
2712,12,PKNOX2,2712,1.0,2.1491132748508996,-0.36900195892086973,1.0555778020369999e-17,-3.1989884601234975,1.6979525813616856,1.0,0.47368421052631576,19,9
2724,12,PKNOX2,2724,1.0,2.1491132748508996,0.18127830670651307,4.24823898788377e-05,3.4954325778958504,1.7793628429028354,1.0,0.47368421052631576,19,9
2711,12,PKNOX2,2711,1.0,2.1491132748508996,0.5727865314277963,2.803018453609572e-45,4.162064182808811,2.1224656242171744,1.0,0.47368421052631576,19,9
2715,12,PKNOX2,2715,1.0,2.1491132748508996,0.2372492285559841,7.039767429264355e-08,4.026051996635509,2.051621912874086,1.0,0.47368421052631576,19,9
2728,12,PKNOX2,2728,1.0,2.1491132748508996,0.45637147940939743,2.6978089847207073e-27,4.058693176474679,2.114994736941911,1.0,0.47368421052631576,19,9
3907,12,ETV2,3907,-1.0,1.7752540582861887,0.34872109621583053,7.393613751962586e-16,-6.045063358657479,3.045168811044301,1.0,0.5714285714285714,7,4
3904,12,ETV2,3904,-1.0,1.7752540582861887,0.3242693133297634,8.368689543162539e-14,-2.6458689619988203,1.3869810105894906,1.0,0.5714285714285714,7,4
3909,12,ETV2,3909,-1.0,1.7752540582861887,0.3268893313283272,5.143510646680348e-14,-2.905146799773627,1.5106846376623435,1.0,0.5714285714285714,7,4
3903,12,ETV2,3903,-1.0,1.7752540582861887,-0.3513523621451266,4.3336166270798264e-16,4.198590983257045,2.14083314230005,1.0,0.5714285714285714,7,4
1781,12,SOX4,1781,1.0,2.026519474615175,-0.2600595634171926,3.102300009632764e-09,-4.031546169136758,2.3152895760697625,0.9285714285714286,0.52,25,14
1786,12,SOX4,1786,1.0,2.026519474615175,0.3547257103044824,2.1687769934002773e-16,2.5855843016460858,1.324054147454735,0.9285714285714286,0.52,25,14
1783,12,SOX4,1783,1.0,2.026519474615175,0.17703914907904283,6.435097531265244e-05,3.6240272370631,1.8345694004895545,0.9285714285714286,0.52,25,14
1767,12,SOX4,1767,1.0,2.026519474615175,0.537571791089558,4.371702538994633e-39,3.4860475557731427,1.826623968835469,0.9285714285714286,0.52,25,14
1766,12,SOX4,1766,1.0,2.026519474615175,0.37491799555500527,2.8838937081519344e-18,2.6158956129997244,1.352045889613159,0.9285714285714286,0.52,25,14
1788,12,SOX4,1788,1.0,2.026519474615175,0.3425066144862662,2.5598088077008135e-15,2.613240427008187,1.3382040420106487,0.9285714285714286,0.52,25,14
1769,12,SOX4,1769,1.0,2.026519474615175,0.4928408326880614,3.34675267110964e-32,3.1490320458251935,1.6484902445820033,0.9285714285714286,0.52,25,14
1771,12,SOX4,1771,1.0,2.026519474615175,0.4149319467384235,2.151652081563873e-22,2.356832134064777,1.3269351947468784,0.9285714285714286,0.52,25,14
1785,12,SOX4,1785,1.0,2.026519474615175,0.27219158150499,5.191481702585602e-10,5.606568868822024,2.9086653140969343,0.9285714285714286,0.52,25,14
1770,12,SOX4,1770,1.0,2.026519474615175,0.42594667037348466,1.2449399950801922e-23,2.848478506481231,1.5160050086837717,0.9285714285714286,0.52,25,14
1774,12,SOX4,1774,1.0,2.026519474615175,0.23233144577433515,1.3258973809149936e-07,3.539209825052491,1.8320178841898271,0.9285714285714286,0.52,25,14
1787,12,SOX4,1787,1.0,2.026519474615175,0.3217225006137152,1.337190612419401e-13,3.649470268854207,1.9085319392701705,0.9285714285714286,0.52,25,14
1790,12,SOX4,1790,1.0,2.026519474615175,0.3137334703456273,5.65285359811191e-13,5.3549914757079895,2.6661611523478963,0.9285714285714286,0.52,25,14
2445,12,POLR3A,2445,1.0,1.5572164083857392,0.40205250365346845,5.284315547840579e-21,2.759396966691,1.497294114112241,1.0,0.23809523809523808,21,5
2440,12,POLR3A,2440,1.0,1.5572164083857392,0.3364216714256349,8.408935178961018e-15,3.0379295332785863,1.5914946109600248,1.0,0.23809523809523808,21,5
2460,12,POLR3A,2460,1.0,1.5572164083857392,0.18367205383184662,3.346117963832081e-05,3.9295307658169163,2.0157499878549148,1.0,0.23809523809523808,21,5
2451,12,POLR3A,2451,1.0,1.5572164083857392,0.23337731586692162,1.1602289954181602e-07,3.167762907870956,1.6379481799594782,1.0,0.23809523809523808,21,5
2441,12,POLR3A,2441,1.0,1.5572164083857392,0.4951127272304623,1.581292817596356e-32,3.174616356344251,1.6524031314517373,1.0,0.23809523809523808,21,5
1945,12,STAT5B,1945,1.0,2.1399844579026475,0.3356010411459616,9.852219508905203e-15,3.2086400766480465,1.6653706342855865,1.0,0.36363636363636365,11,4
1948,12,STAT5B,1948,1.0,2.1399844579026475,0.30794078601852215,1.5653125502137898e-12,4.322831233716748,2.189234303524111,1.0,0.36363636363636365,11,4
1943,12,STAT5B,1943,1.0,2.1399844579026475,-0.17093124149316655,0.00011512328499796078,-3.967734073608769,2.132488614533748,1.0,0.36363636363636365,11,4
1941,12,STAT5B,1941,1.0,2.1399844579026475,0.2143927771787734,1.1872569409402304e-06,3.854078109828083,1.9789214491333464,1.0,0.36363636363636365,11,4
1560,12,HIVEP2,1560,1.0,3.396344370506146,0.4156915569938743,1.7737021949816547e-22,3.629765957693352,2.0350593848728087,1.0,0.8,5,4
1556,12,HIVEP2,1556,1.0,3.396344370506146,0.20617007114972316,3.0526033777059084e-06,3.5198397294650334,1.8169951610780513,1.0,0.8,5,4
1558,12,HIVEP2,1558,1.0,3.396344370506146,0.1577555091661731,0.0003778443062544096,2.7226152879183725,1.4132158448274352,1.0,0.8,5,4
1559,12,HIVEP2,1559,1.0,3.396344370506146,0.3277134297199762,4.4090313454504083e-14,2.775245258455777,1.4411653970223193,1.0,0.8,5,4
3244,12,SATB1,3244,1.0,1.8375900009590633,0.35786566390114416,1.1301290164178699e-16,4.453182916346776,2.2533407766860822,1.0,0.52,25,13
3236,12,SATB1,3236,1.0,1.8375900009590633,0.30579393097276136,2.270295044218269e-12,3.225327175241466,1.74411892845051,1.0,0.52,25,13
3231,12,SATB1,3231,1.0,1.8375900009590633,0.4430090314322487,1.2187563369984724e-25,4.580593354415274,2.3742527669125053,1.0,0.52,25,13
3240,12,SATB1,3240,1.0,1.8375900009590633,0.28110219223107297,1.3181661083660893e-10,4.270124706078601,2.2458209656348176,1.0,0.52,25,13
3241,12,SATB1,3241,1.0,1.8375900009590633,0.41459910172150516,2.3413376687553586e-22,6.354903304140913,2.9804225546231993,1.0,0.52,25,13
3246,12,SATB1,3246,1.0,1.8375900009590633,0.30077116750427824,5.3547952207281286e-12,2.883814693974271,1.4826450293645326,1.0,0.52,25,13
3233,12,SATB1,3233,1.0,1.8375900009590633,0.3215729031349764,1.3743239605827117e-13,3.1906754322104365,1.661152062626018,1.0,0.52,25,13
3235,12,SATB1,3235,1.0,1.8375900009590633,0.1970365639296296,8.34114022954437e-06,5.534172189131442,2.967280329705445,1.0,0.52,25,13
3245,12,SATB1,3245,1.0,1.8375900009590633,0.5109338791329232,7.285743314348173e-35,6.07447959484259,2.902161197759344,1.0,0.52,25,13
3228,12,SATB1,3228,1.0,1.8375900009590633,0.30446470675847853,2.8536601727354383e-12,4.540495138155586,2.2960594052125702,1.0,0.52,25,13
3229,12,SATB1,3229,1.0,1.8375900009590633,-0.2716655532777454,5.620393141634378e-10,-2.620946633972529,1.3816193483079309,1.0,0.52,25,13
3239,12,SATB1,3239,1.0,1.8375900009590633,-0.3168903895711435,3.2144334845688594e-13,-4.829363762257905,2.6968003651603127,1.0,0.52,25,13
3249,12,SATB1,3249,1.0,1.8375900009590633,0.1721827612526408,0.00010235204235868244,4.307409639203735,2.179215353285819,1.0,0.52,25,13
7338,12,TP53,7338,1.0,1.9540786109672927,0.19003210253163738,1.748399146881327e-05,3.4971567516776227,1.843445942589622,1.0,0.1,10,1
2730,12,BHLHE41,2730,1.0,2.1228061188435814,0.5890535700510346,2.115785103650408e-48,4.707945324891063,2.3886147299782796,1.0,0.25,8,2
2737,12,BHLHE41,2737,1.0,2.1228061188435814,0.3908432845494955,7.665317918930952e-20,4.708532656961864,2.3334228636154677,1.0,0.25,8,2
753,12,SOX13,753,1.0,1.4014460487885345,0.2243869385653958,3.580369129242481e-07,3.102829982528501,1.597595864748931,0.8333333333333334,0.4,25,12
771,12,SOX13,771,1.0,1.4014460487885345,0.2679299280160553,9.828071736527467e-10,2.6230646225358787,1.3699038488842863,0.8333333333333334,0.4,25,12
756,12,SOX13,756,1.0,1.4014460487885345,0.3011326947445637,5.036849884180594e-12,6.484754645600115,3.090356386930516,0.8333333333333334,0.4,25,12
768,12,SOX13,768,1.0,1.4014460487885345,0.35282012337292823,3.2098544638513103e-16,2.6385647536084655,1.3589460913354763,0.8333333333333334,0.4,25,12
764,12,SOX13,764,1.0,1.4014460487885345,0.25809670577166005,4.108162092569271e-09,5.099761021096452,2.5508885077794146,0.8333333333333334,0.4,25,12
759,12,SOX13,759,1.0,1.4014460487885345,0.21157301467695613,1.6482626304450181e-06,4.514105569463765,2.2966447425604435,0.8333333333333334,0.4,25,12
750,12,SOX13,750,1.0,1.4014460487885345,0.221382053870277,5.164553851500202e-07,5.4391181523154595,2.727859037292282,0.8333333333333334,0.4,25,12
765,12,SOX13,765,1.0,1.4014460487885345,0.2690225707539366,8.353434605931669e-10,5.7607487762643865,2.917704879748763,0.8333333333333334,0.4,25,12
761,12,SOX13,761,1.0,1.4014460487885345,0.26319586143636636,1.971100735388183e-09,6.787076597716166,3.2208068852228218,0.8333333333333334,0.4,25,12
748,12,SOX13,748,1.0,1.4014460487885345,0.32294215123611475,1.0689595792029795e-13,2.6800414146025813,1.3880351261538344,0.8333333333333334,0.4,25,12
4779,12,IKZF3,4779,1.0,2.1544023301656727,0.6104227637871745,8.81462701323057e-53,3.282313260877609,1.6977787599839793,1.0,0.4,5,2
4780,12,IKZF3,4780,1.0,2.1544023301656727,0.22405081290201395,3.731090411109289e-07,4.214138278005824,2.1796306106499497,1.0,0.4,5,2
947,12,VDR,947,1.0,2.071270707793914,0.194864213574209,1.0523097615175709e-05,3.2970516317237317,1.9850276679351717,0.7,0.28,25,10
945,12,VDR,945,1.0,2.071270707793914,0.502557732582134,1.3022938247669545e-33,2.8552407595816445,1.4894056311941746,0.7,0.28,25,10
934,12,VDR,934,1.0,2.071270707793914,-0.4567455668390006,2.4189163292866287e-27,-3.1463823376282147,2.2085634624256083,0.7,0.28,25,10
952,12,VDR,952,1.0,2.071270707793914,0.3721198853198475,5.345016119750792e-18,3.8093374498782717,1.961941415186986,0.7,0.28,25,10
936,12,VDR,936,1.0,2.071270707793914,0.5323521888332605,3.145377672620422e-38,2.917323546097521,1.507903209792531,0.7,0.28,25,10
932,12,VDR,932,1.0,2.071270707793914,0.5607130025798066,4.515363695944267e-43,4.043616981407908,2.0683082065528775,0.7,0.28,25,10
933,12,VDR,933,1.0,2.071270707793914,-0.48106321815108577,1.4929806803731892e-30,-4.395016091100253,2.336192309616495,0.7,0.28,25,10
1883,12,HOXD13,1883,1.0,1.3588196008167706,0.2815132603171167,1.2359107824267882e-10,2.7653413475612236,1.4353427223502522,0.4,0.16,25,10
1903,12,HOXD13,1903,1.0,1.3588196008167706,0.23294072437359348,1.226802383119453e-07,4.036626106351201,2.0711861336297708,0.4,0.16,25,10
1888,12,HOXD13,1888,1.0,1.3588196008167706,0.2593272595804685,3.4459111240089525e-09,2.5676091145690205,1.327960618941509,0.4,0.16,25,10
1886,12,HOXD13,1886,1.0,1.3588196008167706,0.22370954400707363,3.8903550870494715e-07,4.152360864051468,2.1165244873576343,0.4,0.16,25,10
882,12,REST,882,1.0,1.9304536125886913,0.40764806799449105,1.3378684463493632e-21,2.875145463160197,1.5862657180251025,1.0,0.56,25,14
870,12,REST,870,1.0,1.9304536125886913,0.5798732901856462,1.2852693083861393e-46,3.8991079694357076,2.0172304607937934,1.0,0.56,25,14
887,12,REST,887,1.0,1.9304536125886913,0.2134202061014588,1.3301670981096654e-06,2.507656387350816,1.3065879147951858,1.0,0.56,25,14
876,12,REST,876,1.0,1.9304536125886913,0.282293816759398,1.0932631251940408e-10,4.042476938305998,2.1076073253292917,1.0,0.56,25,14
883,12,REST,883,1.0,1.9304536125886913,0.26632775401600334,1.2457241566955971e-09,3.3598972758110555,1.7147978586949846,1.0,0.56,25,14
886,12,REST,886,1.0,1.9304536125886913,0.42915617367517417,5.3194437545975954e-24,2.8183406531435353,1.4607068821757048,1.0,0.56,25,14
872,12,REST,872,1.0,1.9304536125886913,0.15198682042463,0.0006181285484139796,3.136121065523049,1.6267517503342257,1.0,0.56,25,14
890,12,REST,890,1.0,1.9304536125886913,0.1548096761073986,0.0004868515503539366,3.1767056747166413,1.7002536223647338,1.0,0.56,25,14
880,12,REST,880,1.0,1.9304536125886913,0.20601484970561823,3.1063887772317176e-06,6.68427704517337,3.13766768026208,1.0,0.56,25,14
881,12,REST,881,1.0,1.9304536125886913,0.5997178269110305,1.5160797266862576e-50,4.484623984677099,2.716067972539661,1.0,0.56,25,14
879,12,REST,879,1.0,1.9304536125886913,0.17196286420682544,0.00010449486145176698,4.723161436906332,2.339774922909232,1.0,0.56,25,14
888,12,REST,888,1.0,1.9304536125886913,0.147892104974313,0.0008676615469063366,3.579522050609692,1.8770084226242378,1.0,0.56,25,14
884,12,REST,884,1.0,1.9304536125886913,0.3345719492167175,1.2009158550478334e-14,4.26741575808637,2.18876627728346,1.0,0.56,25,14
892,12,REST,892,1.0,1.9304536125886913,0.2559471324759723,5.572602488265804e-09,2.7890023369433647,1.4410923045620636,1.0,0.56,25,14
7463,12,IRX5,7463,1.0,2.4106091278320485,0.1255622442208835,0.004756966041021352,3.685026004964754,1.9271520453293371,1.0,0.8,10,8
7466,12,IRX5,7466,1.0,2.4106091278320485,0.15943313803488712,0.000326405667488703,3.0408016156993094,1.5616348196807401,1.0,0.8,10,8
7468,12,IRX5,7468,1.0,2.4106091278320485,0.16032697359707607,0.0003017443280101045,2.5553115794344445,1.3033731175790968,1.0,0.8,10,8
7467,12,IRX5,7467,1.0,2.4106091278320485,0.1417984447673642,0.0014148519716336756,2.6176642188549226,1.368617737088614,1.0,0.8,10,8
7464,12,IRX5,7464,1.0,2.4106091278320485,0.27872287995017914,1.9100101267960043e-10,4.235880591832456,2.123959237881613,1.0,0.8,10,8
7465,12,IRX5,7465,1.0,2.4106091278320485,0.2542747526416,7.050856130515077e-09,4.698936424400838,2.332793476345377,1.0,0.8,10,8
7472,12,IRX5,7472,1.0,2.4106091278320485,0.08597355855190014,0.05374553906071808,3.0490376007635867,1.5855372989260301,1.0,0.8,10,8
7471,12,IRX5,7471,1.0,2.4106091278320485,0.15224927214171566,0.0006046629788045595,4.444220475028291,2.3630408101502502,1.0,0.8,10,8
2591,12,ETS1,2591,1.0,2.140455768539008,0.43568784705138774,9.162826574894546e-25,3.4026297009201287,1.8314875174849714,1.0,0.4,25,10
2585,12,ETS1,2585,1.0,2.140455768539008,0.8124070112476495,1.0982769949353565e-119,4.373257368598219,2.221126380235538,1.0,0.4,25,10
2593,12,ETS1,2593,1.0,2.140455768539008,-0.49095089912677625,6.217824907657507e-32,-2.672152442478793,1.4101877764282535,1.0,0.4,25,10
2605,12,ETS1,2605,1.0,2.140455768539008,0.5616407693997044,3.078206929763834e-43,6.944397141271632,3.9052332393452343,1.0,0.4,25,10
2592,12,ETS1,2592,1.0,2.140455768539008,-0.5655897304142828,5.944935394158176e-44,-4.1479616279181295,2.1553657105681148,1.0,0.4,25,10
2601,12,ETS1,2601,1.0,2.140455768539008,0.22949668603154164,1.897794158858818e-07,3.6394839586078396,1.9417775463506661,1.0,0.4,25,10
2595,12,ETS1,2595,1.0,2.140455768539008,-0.4011910058921347,6.513861308191971e-21,-4.170430917793622,2.3052286711337886,1.0,0.4,25,10
2586,12,ETS1,2586,1.0,2.140455768539008,-0.40115716836718196,6.567520725368121e-21,-3.277997536335813,1.7421985433240672,1.0,0.4,25,10
2590,12,ETS1,2590,1.0,2.140455768539008,0.7504115102324769,2.552404922365132e-92,3.5950420845411726,1.8988175951501727,1.0,0.4,25,10
2589,12,ETS1,2589,1.0,2.140455768539008,0.5180350727352128,5.933375887204173e-36,2.6038508752903247,1.3500258680009987,1.0,0.4,25,10
194,12,HOXC11,194,-1.0,1.7593585639231502,0.1832338761313774,3.4963654960992366e-05,-3.190139891719499,1.7081767229604619,1.0,0.1111111111111111,9,1
733,12,SP4,733,1.0,1.4029559765668627,0.29151187092549563,2.4949484081839422e-11,2.671211512759274,1.3786602913327715,0.8888888888888888,0.32,25,9
724,12,SP4,724,1.0,1.4029559765668627,0.056258493945192015,0.20735828767773407,2.8237236830438697,1.4673113642210314,0.8888888888888888,0.32,25,9
725,12,SP4,725,1.0,1.4029559765668627,0.26332080720025036,1.935565957773529e-09,4.0119909494361465,2.0657712422148053,0.8888888888888888,0.32,25,9
718,12,SP4,718,1.0,1.4029559765668627,0.3968838920164906,1.8369019234044962e-20,3.879777816442805,2.0472464114641404,0.8888888888888888,0.32,25,9
713,12,SP4,713,1.0,1.4029559765668627,0.4734364649853322,1.616246441156161e-29,3.8683629656610177,2.0135699825333475,0.8888888888888888,0.32,25,9
736,12,SP4,736,1.0,1.4029559765668627,-0.22061513245985026,5.66610513704667e-07,-2.6212434679156296,1.381526782956204,0.8888888888888888,0.32,25,9
712,12,SP4,712,1.0,1.4029559765668627,0.2584224270991146,3.9217362532661075e-09,2.571751179374826,1.3287176034101722,0.8888888888888888,0.32,25,9
735,12,SP4,735,1.0,1.4029559765668627,0.36332644053889207,3.5749232751926075e-17,3.407469137892655,1.7475405317440966,0.8888888888888888,0.32,25,9
993,12,OTX1,993,1.0,1.3951172122381146,0.2712256654533586,6.005367772396324e-10,5.384710023395323,2.6143775432175977,0.7777777777777778,0.2916666666666667,24,9
988,12,OTX1,988,1.0,1.3951172122381146,0.09117291453287954,0.04075563100018526,3.8692469974899333,1.9629391195752743,0.7777777777777778,0.2916666666666667,24,9
978,12,OTX1,978,1.0,1.3951172122381146,0.41507413932943027,2.0753176482474887e-22,2.930357010604849,1.526288401634715,0.7777777777777778,0.2916666666666667,24,9
1001,12,OTX1,1001,1.0,1.3951172122381146,0.31808829419412743,2.590086181309343e-13,2.9717857597799804,1.5369654136430744,0.7777777777777778,0.2916666666666667,24,9
994,12,OTX1,994,1.0,1.3951172122381146,-0.44365447519076723,1.0177755553496911e-25,-2.49250051810132,1.3146929736473472,0.7777777777777778,0.2916666666666667,24,9
982,12,OTX1,982,1.0,1.3951172122381146,0.22870267585460136,2.0965841819957136e-07,2.584942412768721,1.3322651725545378,0.7777777777777778,0.2916666666666667,24,9
986,12,OTX1,986,1.0,1.3951172122381146,0.4243283743393832,1.9048150242893556e-23,2.4837870398895756,1.304049767350093,0.7777777777777778,0.2916666666666667,24,9
7620,12,DLX2,7620,1.0,2.217396683197459,0.2268960009175066,2.6264479854036574e-07,3.5761248700423547,1.8295678790303027,0.8333333333333334,0.35714285714285715,14,6
7611,12,DLX2,7611,1.0,2.217396683197459,0.34644926924267594,1.1679462231253496e-15,4.013748994638342,2.0929374036444,0.8333333333333334,0.35714285714285715,14,6
7613,12,DLX2,7613,1.0,2.217396683197459,0.34232980052081013,2.650803590176956e-15,2.837934890777923,1.512229171086525,0.8333333333333334,0.35714285714285715,14,6
7612,12,DLX2,7612,1.0,2.217396683197459,0.24183049280941812,3.8542145474253574e-08,3.234638011057418,1.6853409660292318,0.8333333333333334,0.35714285714285715,14,6
7619,12,DLX2,7619,1.0,2.217396683197459,0.29134398156608177,2.5642371644425722e-11,4.950736945166682,2.468434501076573,0.8333333333333334,0.35714285714285715,14,6
2400,12,FOXJ3,2400,1.0,1.7092795742497637,0.20647648352942066,2.9490322868280743e-06,3.377592038062168,1.7301073730097882,1.0,0.44,25,11
2387,12,FOXJ3,2387,1.0,1.7092795742497637,0.6317422791625803,1.6951352408725042e-57,4.152965784293262,2.148672246866696,1.0,0.44,25,11
2393,12,FOXJ3,2393,1.0,1.7092795742497637,0.5981373989103942,3.1890089616196294e-50,4.488333770847791,2.26720760985809,1.0,0.44,25,11
2391,12,FOXJ3,2391,1.0,1.7092795742497637,0.675158729392502,2.4460305843783325e-68,3.146471452989155,1.6408483927757118,1.0,0.44,25,11
2398,12,FOXJ3,2398,1.0,1.7092795742497637,0.4038634205013596,3.397432389924956e-21,5.53984231080149,2.6615202249241556,1.0,0.44,25,11
2390,12,FOXJ3,2390,1.0,1.7092795742497637,0.38825260490359165,1.4019355761859345e-19,2.6792353808972655,1.586071858260925,1.0,0.44,25,11
2409,12,FOXJ3,2409,1.0,1.7092795742497637,0.37337524812232203,4.0555276321240575e-18,4.038121525549303,2.0769527494888655,1.0,0.44,25,11
2395,12,FOXJ3,2395,1.0,1.7092795742497637,-0.13650432496996567,0.0021313357787781277,-4.088638085825525,2.201081764944646,1.0,0.44,25,11
2401,12,FOXJ3,2401,1.0,1.7092795742497637,0.4023236725168717,4.946950260544487e-21,6.54615688532687,3.2891786777664715,1.0,0.44,25,11
2385,12,FOXJ3,2385,1.0,1.7092795742497637,0.4963066950776899,1.0639226488980794e-32,2.5320838504546317,1.3068912207610963,1.0,0.44,25,11
2386,12,FOXJ3,2386,1.0,1.7092795742497637,-0.11956072331318299,0.007207283436200523,-3.344933474145095,1.7857350394949891,1.0,0.44,25,11
4991,12,HLX,4991,1.0,2.1442546445619874,0.4250276206999043,1.585501838870053e-23,2.993260652547483,1.5489432783475225,0.8888888888888888,0.32,25,9
4989,12,HLX,4989,1.0,2.1442546445619874,-0.4090035373804825,9.554199036870144e-22,-4.030640798880305,2.133563701871489,0.8888888888888888,0.32,25,9
5006,12,HLX,5006,1.0,2.1442546445619874,0.20782604775177765,2.531544125563495e-06,2.941285379808071,1.5314899102110502,0.8888888888888888,0.32,25,9
4998,12,HLX,4998,1.0,2.1442546445619874,0.23039099025751106,1.6956384430870792e-07,3.5876354390313265,1.910781994724299,0.8888888888888888,0.32,25,9
5000,12,HLX,5000,1.0,2.1442546445619874,0.14649876755485639,0.0009719037499577585,2.9026261472350487,1.5575404181593466,0.8888888888888888,0.32,25,9
5009,12,HLX,5009,1.0,2.1442546445619874,0.3248254297717167,7.550188192481337e-14,3.7011273387079147,1.901006235114921,0.8888888888888888,0.32,25,9
4988,12,HLX,4988,1.0,2.1442546445619874,0.6077768755479266,3.2038421459262245e-52,4.037812403803056,2.06857920091138,0.8888888888888888,0.32,25,9
5004,12,HLX,5004,1.0,2.1442546445619874,0.4554578662356709,3.519687785009139e-27,2.812674695598571,1.4477666467823016,0.8888888888888888,0.32,25,9
5866,12,PPARA,5866,1.0,1.4236630095698561,0.36153773835419717,5.2246634255756686e-17,4.229362947830354,2.1647039394230854,0.7272727272727273,0.32,25,11
5869,12,PPARA,5869,1.0,1.4236630095698561,0.4295251058031917,4.821291270110182e-24,2.8369778244760067,1.4652353924979455,0.7272727272727273,0.32,25,11
5851,12,PPARA,5851,1.0,1.4236630095698561,-0.225609963567015,3.0798707123667674e-07,-10.39016416143324,7.998127290321107,0.7272727272727273,0.32,25,11
5847,12,PPARA,5847,1.0,1.4236630095698561,-0.24104306185921356,4.278407379594133e-08,-3.753891472820241,2.0200726715593174,0.7272727272727273,0.32,25,11
5871,12,PPARA,5871,1.0,1.4236630095698561,-0.2530006432879051,8.425653474352917e-09,-3.580656778066973,1.8740164558396384,0.7272727272727273,0.32,25,11
5852,12,PPARA,5852,1.0,1.4236630095698561,0.42558448700390644,1.3695346435741442e-23,2.9654004652662627,1.5468789825136815,0.7272727272727273,0.32,25,11
5849,12,PPARA,5849,1.0,1.4236630095698561,0.4262228070729613,1.1575285151971935e-23,2.949084396813525,1.5257899914871547,0.7272727272727273,0.32,25,11
5857,12,PPARA,5857,1.0,1.4236630095698561,0.2704944562230067,6.702752878683015e-10,3.0221548108548513,1.544993546974664,0.7272727272727273,0.32,25,11
329,12,KLF12,329,1.0,2.9601157197204513,-0.2949688287032945,1.4136969333499415e-11,-4.9047506521205335,2.5994790001848105,1.0,0.6,10,6
327,12,KLF12,327,1.0,2.9601157197204513,0.31445015099878343,4.975833779003645e-13,8.59212873106999,4.8693107011197645,1.0,0.6,10,6
323,12,KLF12,323,1.0,2.9601157197204513,0.21125422957345316,1.7100679758386119e-06,2.8465063489914986,1.4886371902774604,1.0,0.6,10,6
328,12,KLF12,328,1.0,2.9601157197204513,0.37375374099146197,3.730733059850659e-18,3.028438317366307,1.8592861579497972,1.0,0.6,10,6
324,12,KLF12,324,1.0,2.9601157197204513,0.27785819527513794,2.183679343799428e-10,4.831660683839118,2.4300850011918587,1.0,0.6,10,6
325,12,KLF12,325,1.0,2.9601157197204513,-0.3368856485683399,7.686968514338381e-15,-5.295826831865669,2.9499305209847946,1.0,0.6,10,6
4965,12,ESRRA,4965,1.0,2.0671850103739233,0.4173841831035647,1.1512663724760525e-22,3.756442803577263,1.9150963623594686,0.4,0.08,25,5
4980,12,ESRRA,4980,1.0,2.0671850103739233,0.20808493762413144,2.4582052569969337e-06,4.986387617841285,2.5206574311052408,0.4,0.08,25,5
6192,12,TP73,6192,1.0,2.5955398950469197,0.2477072733525554,1.7478982006194443e-08,5.26011912447275,2.6782312864781157,1.0,1.0,2,2
6191,12,TP73,6191,1.0,2.5955398950469197,-0.22931147010548403,1.9424729729586315e-07,-2.7502188228696176,1.4442626860060688,1.0,1.0,2,2
1934,12,HIC1,1934,1.0,1.380494389725781,-0.11832157627751418,0.007835813411721154,-4.655763293832084,2.6261548129846437,1.0,0.4,25,10
1926,12,HIC1,1926,1.0,1.380494389725781,0.09569608241133888,0.031716219643388346,2.65199534520755,1.3678813450384844,1.0,0.4,25,10
1917,12,HIC1,1917,1.0,1.380494389725781,0.3467901077073727,1.0907750418182294e-15,4.266008675950086,2.1794755025276173,1.0,0.4,25,10
1933,12,HIC1,1933,1.0,1.380494389725781,0.2238102946498561,3.842668302012731e-07,2.668951070599939,1.369170774647521,1.0,0.4,25,10
1929,12,HIC1,1929,1.0,1.380494389725781,0.22927032142555523,1.9525358135216604e-07,7.068496778390899,4.0733587076116065,1.0,0.4,25,10
1920,12,HIC1,1920,1.0,1.380494389725781,0.2952005360763787,1.3605082950039414e-11,3.7649520732469264,1.976427819007332,1.0,0.4,25,10
1935,12,HIC1,1935,1.0,1.380494389725781,0.18587364880717097,2.6793133854320473e-05,4.917179058641055,2.459065133492107,1.0,0.4,25,10
1940,12,HIC1,1940,1.0,1.380494389725781,0.26055887780894804,2.8873365938028024e-09,4.825387914624348,2.425340883572155,1.0,0.4,25,10
1918,12,HIC1,1918,1.0,1.380494389725781,-0.49869097519465716,4.799503813568042e-33,-3.3567821669009112,1.798234226673358,1.0,0.4,25,10
1916,12,HIC1,1916,1.0,1.380494389725781,0.3703993268488388,7.788141659326067e-18,2.695100420035549,1.3939092380482143,1.0,0.4,25,10
7459,12,GSC,7459,1.0,1.3797896032112702,0.045652941120301146,0.30635771105759546,3.523663246021496,1.8351561679982646,1.0,0.25,4,1
2961,12,GLIS2,2961,1.0,2.1188912631299273,0.37509261967962326,2.7744018891346846e-18,3.323383247264072,1.7269446182723156,0.9090909090909091,0.4,25,11
2956,12,GLIS2,2956,1.0,2.1188912631299273,-0.5009226583846902,2.265341168188866e-33,-2.760843022482681,1.448229940768992,0.9090909090909091,0.4,25,11
2950,12,GLIS2,2950,1.0,2.1188912631299273,0.2128018511094537,1.429455410112962e-06,6.434150967592869,3.2148447341357183,0.9090909090909091,0.4,25,11
2964,12,GLIS2,2964,1.0,2.1188912631299273,0.39530636973129346,2.6751686577044737e-20,3.045395348600059,1.6570597605743558,0.9090909090909091,0.4,25,11
2946,12,GLIS2,2946,1.0,2.1188912631299273,0.4378127686322207,5.127836158792215e-25,4.169911790969018,2.1223417045228827,0.9090909090909091,0.4,25,11
2947,12,GLIS2,2947,1.0,2.1188912631299273,-0.46428299268818884,2.6072417193355925e-28,-3.526524557604613,1.8838955108925535,0.9090909090909091,0.4,25,11
2952,12,GLIS2,2952,1.0,2.1188912631299273,0.42803428631738905,7.16802018646095e-24,3.4812460995346624,1.8124931309901617,0.9090909090909091,0.4,25,11
2958,12,GLIS2,2958,1.0,2.1188912631299273,0.08449417446234188,0.058016870851105934,2.9079276141747665,1.5150439582314061,0.9090909090909091,0.4,25,11
2951,12,GLIS2,2951,1.0,2.1188912631299273,0.3481933807989761,8.2247949311146985e-16,5.0461487730365775,2.4944735639119298,0.9090909090909091,0.4,25,11
2963,12,GLIS2,2963,1.0,2.1188912631299273,0.4482412876106199,2.796526708988431e-26,2.9957982083164585,1.5368281923721896,0.9090909090909091,0.4,25,11
6091,12,FOS,6091,1.0,2.2899630321105313,-0.2677204353061673,1.0138385471054134e-09,-4.044640009963773,2.142154225743678,1.0,0.75,4,3
6093,12,FOS,6093,1.0,2.2899630321105313,-0.1190256030085965,0.007472956806836512,-6.271457517674777,3.242104738813075,1.0,0.75,4,3
6092,12,FOS,6092,1.0,2.2899630321105313,-0.2623382067180328,2.2327024501450816e-09,-3.1978138654063373,1.7149699733189094,1.0,0.75,4,3
2145,12,EWSR1,2145,1.0,1.3683742182410266,0.5874199955776885,4.4361724068324586e-48,3.817787923681259,2.0691494041099032,0.8666666666666667,0.52,25,15
2131,12,EWSR1,2131,1.0,1.3683742182410266,0.707920952167331,7.7722075559287e-78,2.649595483760329,1.3673758424054032,0.8666666666666667,0.52,25,15
2147,12,EWSR1,2147,1.0,1.3683742182410266,0.06341049070128879,0.1551836296136974,3.00262672803014,1.6411937326241524,0.8666666666666667,0.52,25,15
2138,12,EWSR1,2138,1.0,1.3683742182410266,0.2532186656785984,8.173263350789971e-09,2.6471714640009947,1.3507277608971118,0.8666666666666667,0.52,25,15
2137,12,EWSR1,2137,1.0,1.3683742182410266,0.44619557020869316,4.987615924790011e-26,6.824555824775576,3.5890050868792693,0.8666666666666667,0.52,25,15
2153,12,EWSR1,2153,1.0,1.3683742182410266,0.2803071509938156,1.4926606491566223e-10,4.55234281300844,2.2619483942060317,0.8666666666666667,0.52,25,15
2135,12,EWSR1,2135,1.0,1.3683742182410266,0.4816594522126508,1.2361832299106117e-30,3.95496075347003,2.040388123892951,0.8666666666666667,0.52,25,15
2140,12,EWSR1,2140,1.0,1.3683742182410266,0.13748880010730527,0.001977067763764849,4.465481436077885,2.2417674955139897,0.8666666666666667,0.52,25,15
2151,12,EWSR1,2151,1.0,1.3683742182410266,0.19803200579943306,7.492191525746228e-06,4.136244060784028,2.1160085913737245,0.8666666666666667,0.52,25,15
2148,12,EWSR1,2148,1.0,1.3683742182410266,0.11349977583811378,0.010772860339981625,2.5314616941483195,1.3510201855157602,0.8666666666666667,0.52,25,15
2133,12,EWSR1,2133,1.0,1.3683742182410266,-0.20348987672174185,4.119429173018313e-06,-3.1149385768282802,1.6592459312780328,0.8666666666666667,0.52,25,15
2152,12,EWSR1,2152,1.0,1.3683742182410266,0.18465643523643008,3.0305751547958756e-05,2.93579438422623,1.5101586446820714,0.8666666666666667,0.52,25,15
2149,12,EWSR1,2149,1.0,1.3683742182410266,0.31744631854758465,2.908239208859416e-13,4.136702979266842,2.0805257283227085,0.8666666666666667,0.52,25,15
4893,12,STAT4,4893,1.0,2.3512174774187895,0.7825176037145916,2.292324883592144e-105,4.3292273987,2.1991725921883996,0.875,0.28,25,8
4915,12,STAT4,4915,1.0,2.3512174774187895,-0.32948029217249936,3.163653874690043e-14,-3.168781646015116,1.6477895804601301,0.875,0.28,25,8
4898,12,STAT4,4898,1.0,2.3512174774187895,0.5069737639203687,2.8763142701761573e-34,2.854122655124497,1.4803547626098243,0.875,0.28,25,8
4905,12,STAT4,4905,1.0,2.3512174774187895,-0.3123123880303645,7.272453858914551e-13,-4.30679414898011,2.3989978134292143,0.875,0.28,25,8
4897,12,STAT4,4897,1.0,2.3512174774187895,0.7754585898525479,2.591786245202173e-102,4.874235307018194,2.5607003666622945,0.875,0.28,25,8
4911,12,STAT4,4911,1.0,2.3512174774187895,0.07404615907067347,0.09681699199179873,4.063600282938073,2.116351542681309,0.875,0.28,25,8
4904,12,STAT4,4904,1.0,2.3512174774187895,0.5099486541335349,1.027004288468992e-34,8.700156117217597,4.33131614579097,0.875,0.28,25,8
4068,12,BCL6B,4068,1.0,2.0960460105963548,0.5723060573200174,3.445156468131086e-45,3.4178652446141222,1.7828359264998455,1.0,0.28,25,7
4066,12,BCL6B,4066,1.0,2.0960460105963548,0.217938687342113,7.809589515304346e-07,4.349311890561628,2.2284911290813123,1.0,0.28,25,7
4063,12,BCL6B,4063,1.0,2.0960460105963548,-0.3655145379973378,2.2400963353939724e-17,-3.4576322153907224,1.8594028979400616,1.0,0.28,25,7
4082,12,BCL6B,4082,1.0,2.0960460105963548,0.1985615958714095,7.07477388815048e-06,3.6186095820792326,1.8809588264550519,1.0,0.28,25,7
4070,12,BCL6B,4070,1.0,2.0960460105963548,0.6371861839042299,9.228002798731013e-59,5.12903487520782,2.6468939987990967,1.0,0.28,25,7
4062,12,BCL6B,4062,1.0,2.0960460105963548,0.7039639301357278,1.2794125177735754e-76,4.234045001070383,2.158734703731008,1.0,0.28,25,7
4078,12,BCL6B,4078,1.0,2.0960460105963548,0.2357658139579134,8.533664045660271e-08,3.59684662991417,1.8474635860390685,1.0,0.28,25,7
203,12,LBX2,203,1.0,1.340859358533633,0.24400567308133028,2.8830563376813266e-08,2.9372169367880594,1.510778889855936,1.0,0.2,5,1
680,12,MEF2D,680,1.0,2.131978888058588,0.37754363751893516,1.6074962898043925e-18,4.095869716450616,2.0920289998837918,1.0,0.36,25,9
679,12,MEF2D,679,1.0,2.131978888058588,0.19175275473540224,1.4613447635350433e-05,3.0029040685420383,1.5622048107546591,1.0,0.36,25,9
701,12,MEF2D,701,1.0,2.131978888058588,0.2940401245558356,1.648013645820658e-11,3.443359254438146,1.8085724070935392,1.0,0.36,25,9
681,12,MEF2D,681,1.0,2.131978888058588,-0.4796593826629458,2.3249898748285795e-30,-3.3961843143435986,1.8092676218788597,1.0,0.36,25,9
685,12,MEF2D,685,1.0,2.131978888058588,0.35646239080954073,1.5136695125681755e-16,2.8139046884867565,1.4474977538323774,1.0,0.36,25,9
690,12,MEF2D,690,1.0,2.131978888058588,0.3555739917472058,1.8198977845111871e-16,4.135118487566772,2.2810338187388153,1.0,0.36,25,9
698,12,MEF2D,698,1.0,2.131978888058588,0.30111272966751396,5.053916328036973e-12,8.282428214513727,4.646653149958646,1.0,0.36,25,9
683,12,MEF2D,683,1.0,2.131978888058588,0.2703825393122209,6.816218595755229e-10,4.169243733665782,2.157363052299595,1.0,0.36,25,9
702,12,MEF2D,702,1.0,2.131978888058588,0.2865340054471854,5.577957843623346e-11,3.1127932652712875,1.6305873026349642,1.0,0.36,25,9
5704,12,MAF,5704,1.0,1.454819379394579,0.25375847262099,7.579494175606667e-09,2.575531763564973,1.4218905374327797,1.0,0.28,25,7
5686,12,MAF,5686,1.0,1.454819379394579,0.21863240347002408,7.189184549846679e-07,4.3416523449586855,2.1772337137060815,1.0,0.28,25,7
5681,12,MAF,5681,1.0,1.454819379394579,-0.3402402501764753,3.9987357394807796e-15,-3.5995728767515343,1.9275319420613641,1.0,0.28,25,7
5687,12,MAF,5687,1.0,1.454819379394579,0.02925689889488143,0.5122584161264574,3.9963064566848323,2.094784101093961,1.0,0.28,25,7
5684,12,MAF,5684,1.0,1.454819379394579,0.2439033169116669,2.9228945734773764e-08,4.1270723907899765,2.1282913613150187,1.0,0.28,25,7
5683,12,MAF,5683,1.0,1.454819379394579,0.31398917330427367,5.401547061563924e-13,2.4881586888857,1.325229210837682,1.0,0.28,25,7
5698,12,MAF,5698,1.0,1.454819379394579,0.29637032087253196,1.120436896043643e-11,6.633718366916975,4.187558468096573,1.0,0.28,25,7
4824,12,TFAP2C,4824,1.0,1.3144489587067036,0.18724177211523615,2.3306538610296568e-05,3.314955560029207,1.704503589798711,0.5714285714285714,0.16666666666666666,24,7
4811,12,TFAP2C,4811,1.0,1.3144489587067036,0.24390575396332553,2.921939885523182e-08,3.855253418391063,1.965747844782803,0.5714285714285714,0.16666666666666666,24,7
4827,12,TFAP2C,4827,1.0,1.3144489587067036,0.20145203287132768,5.160108489888209e-06,3.52772180896818,1.7901932864089443,0.5714285714285714,0.16666666666666666,24,7
4819,12,TFAP2C,4819,1.0,1.3144489587067036,0.35879118113489555,9.312902076610493e-17,4.125267785257878,2.0962614978589116,0.5714285714285714,0.16666666666666666,24,7
6750,12,HLF,6750,1.0,1.3352969051997625,0.2285242086869831,2.1439510103543936e-07,2.721918999405717,1.3988075119925019,0.8,0.3076923076923077,13,5
6741,12,HLF,6741,1.0,1.3352969051997625,0.167488343628783,0.00015842067868734923,2.9222209058343998,1.5195110291307072,0.8,0.3076923076923077,13,5
6739,12,HLF,6739,1.0,1.3352969051997625,0.48317136156857643,7.6471427420406885e-31,3.2686742718797115,1.6836303396731376,0.8,0.3076923076923077,13,5
6744,12,HLF,6744,1.0,1.3352969051997625,0.20234849295068746,4.67464240271486e-06,3.0044030170458744,1.5411283450448965,0.8,0.3076923076923077,13,5
3658,12,GATA6,3658,1.0,1.89943880443425,-0.39449670618408417,3.241955972379415e-20,-5.924412002985261,3.0991958489991998,0.9,0.36,25,10
3648,12,GATA6,3648,1.0,1.89943880443425,0.2016504651159957,5.048670924537087e-06,3.983828103176559,2.0558203035928,0.9,0.36,25,10
3645,12,GATA6,3645,1.0,1.89943880443425,-0.3070046769833312,1.8415154076830734e-12,-4.087691663290552,2.167219849566344,0.9,0.36,25,10
3657,12,GATA6,3657,1.0,1.89943880443425,0.4959810674829914,1.1855347874905606e-32,4.5491741861662645,2.3702191753373656,0.9,0.36,25,10
3644,12,GATA6,3644,1.0,1.89943880443425,0.6206033596256838,5.476675476228399e-55,4.413031477690439,2.242129058985184,0.9,0.36,25,10
3654,12,GATA6,3654,1.0,1.89943880443425,0.4682374839353772,7.923378119203997e-29,3.1240685945284383,1.623163860003027,0.9,0.36,25,10
3667,12,GATA6,3667,1.0,1.89943880443425,-0.32072949579557036,1.603363953290726e-13,-2.6732230107289814,1.3838058395951185,0.9,0.36,25,10
3649,12,GATA6,3649,1.0,1.89943880443425,0.6903586205875187,1.3792892117493057e-72,2.6201056862658385,1.3634702079638648,0.9,0.36,25,10
3665,12,GATA6,3665,1.0,1.89943880443425,0.3076296870010195,1.6522777931385142e-12,4.687556783589118,2.367446675410889,0.9,0.36,25,10
4306,12,HESX1,4306,1.0,1.3537062874114567,0.1900046388340995,1.753388491177651e-05,4.192578123750411,2.1393422853059243,0.25,0.0625,16,4
1354,12,RFX3,1354,1.0,1.4011940185061247,0.22789919866929476,2.3180979677555081e-07,4.462391024706159,2.263598275830447,1.0,0.20833333333333334,24,5
1356,12,RFX3,1356,1.0,1.4011940185061247,0.43551987795245295,9.591379269758703e-25,3.1817597458927414,1.6549070033647175,1.0,0.20833333333333334,24,5
1361,12,RFX3,1361,1.0,1.4011940185061247,0.14864852831605635,0.0008154970743269226,4.153376603136026,2.5666674723396974,1.0,0.20833333333333334,24,5
1359,12,RFX3,1359,1.0,1.4011940185061247,0.3461595674570744,1.2377356545037695e-15,2.639058145980124,1.4139086807501837,1.0,0.20833333333333334,24,5
1375,12,RFX3,1375,1.0,1.4011940185061247,0.3879415996188451,1.5067745412532994e-19,2.595599556463909,1.3289625774554412,1.0,0.20833333333333334,24,5
4516,12,FOXP3,4516,1.0,2.1284350281881177,0.4038188974422111,3.4346417961478784e-21,2.686058956054787,1.393647352903128,1.0,0.3333333333333333,24,8
4507,12,FOXP3,4507,1.0,2.1284350281881177,-0.13536547198332607,0.002323476854072822,-2.554726849798187,1.3244458964513215,1.0,0.3333333333333333,24,8
4502,12,FOXP3,4502,1.0,2.1284350281881177,-0.22582929821629377,2.99754372501072e-07,-5.728370100682521,3.889267802621785,1.0,0.3333333333333333,24,8
4494,12,FOXP3,4494,1.0,2.1284350281881177,-0.25714841147817585,4.701210145219721e-09,-2.7827662613327444,1.4717743509945858,1.0,0.3333333333333333,24,8
4497,12,FOXP3,4497,1.0,2.1284350281881177,-0.2941455739064504,1.6196096586593317e-11,-2.8455638734696453,1.5091825689575562,1.0,0.3333333333333333,24,8
4495,12,FOXP3,4495,1.0,2.1284350281881177,-0.24618786537614157,2.1485792990016295e-08,-2.1503055293282243,1.3841012513205737,1.0,0.3333333333333333,24,8
4493,12,FOXP3,4493,1.0,2.1284350281881177,0.7454562343483873,1.7530409584635498e-90,4.324184677463073,2.1999787385242304,1.0,0.3333333333333333,24,8
4515,12,FOXP3,4515,1.0,2.1284350281881177,0.5473361197582183,9.922308362786234e-41,2.8234980519912622,1.4542063985873561,1.0,0.3333333333333333,24,8
7803,12,MNX1,7803,1.0,1.3444111692538636,0.15851063417210118,0.00035382088003981334,2.9408106250539134,1.5648610693462683,1.0,0.2857142857142857,7,2
7799,12,MNX1,7799,1.0,1.3444111692538636,0.1013718503963672,0.022845565441499332,5.069928881842413,2.588564429343681,1.0,0.2857142857142857,7,2
4459,12,PGR,4459,1.0,2.1285512310790864,0.02238994345009091,0.6160419574425049,4.399603792267563,2.2120557233068836,1.0,0.36,25,9
4471,12,PGR,4471,1.0,2.1285512310790864,-0.15946107039620555,0.000325607340880413,-5.182918297923599,3.309490668964902,1.0,0.36,25,9
4450,12,PGR,4450,1.0,2.1285512310790864,0.7023442281102849,3.973064770571167e-76,4.203529533126805,2.1462881530202607,1.0,0.36,25,9
4468,12,PGR,4468,1.0,2.1285512310790864,0.323086593413268,1.0409191670003211e-13,2.8193165871332657,1.4501870891015527,1.0,0.36,25,9
4461,12,PGR,4461,1.0,2.1285512310790864,0.2898198072123419,3.2855111024306966e-11,2.841113964082529,1.5162560689824216,1.0,0.36,25,9
4451,12,PGR,4451,1.0,2.1285512310790864,-0.37159160750645653,6.00135582619473e-18,-3.2005530077837956,1.7002661772406626,1.0,0.36,25,9
4465,12,PGR,4465,1.0,2.1285512310790864,0.3301658535506296,2.7797335254921073e-14,3.0551844214748254,1.5619149450470604,1.0,0.36,25,9
4470,12,PGR,4470,1.0,2.1285512310790864,0.47991714774222627,2.1437114373545445e-30,4.524450014868979,2.3297090466845303,1.0,0.36,25,9
4474,12,PGR,4474,1.0,2.1285512310790864,0.49620846314929495,1.0992465861248673e-32,3.24905806463,1.6723602592090923,1.0,0.36,25,9
8125,12,CEBPD,8125,1.0,1.6361157579896495,0.16059448688299124,0.00029470882690895545,5.827380434440083,2.88475984120056,1.0,0.2,5,1
4398,12,VBP1,4398,-1.0,1.693547396216358,-0.32193471157353015,1.286196220225371e-13,3.306861909781547,1.759423127248709,1.0,0.5,6,3
4393,12,VBP1,4393,-1.0,1.693547396216358,-0.24671942383599615,1.999218038929227e-08,4.946534185895019,2.485235355193286,1.0,0.5,6,3
4394,12,VBP1,4394,-1.0,1.693547396216358,0.6616393727816385,9.093191272145806e-65,-3.4062611197227515,1.8602509498165345,1.0,0.5,6,3
3047,12,ZBTB16,3047,1.0,2.1474697585055207,0.4850854016689908,4.148986722876198e-31,4.535536330672336,2.2919561580606995,1.0,0.44,25,11
3026,12,ZBTB16,3026,1.0,2.1474697585055207,-0.2899050316848796,3.240417532903379e-11,-3.891121887910008,2.1041814359703417,1.0,0.44,25,11
3029,12,ZBTB16,3029,1.0,2.1474697585055207,-0.33445060403715615,1.2292196463288874e-14,-3.9526625035890786,2.218237384717453,1.0,0.44,25,11
3025,12,ZBTB16,3025,1.0,2.1474697585055207,0.5668949152812669,3.435499574227957e-44,4.0804049503119355,2.0842790892657415,1.0,0.44,25,11
3030,12,ZBTB16,3030,1.0,2.1474697585055207,0.4104121855366418,6.72246846477103e-22,4.853145858757765,2.5161195949471415,1.0,0.44,25,11
3040,12,ZBTB16,3040,1.0,2.1474697585055207,0.2776300826111232,2.2620202946022536e-10,5.125597230155398,2.6879311384192555,1.0,0.44,25,11
3034,12,ZBTB16,3034,1.0,2.1474697585055207,0.23159757071708048,1.455528711175204e-07,3.196853143922367,1.736376446483064,1.0,0.44,25,11
3031,12,ZBTB16,3031,1.0,2.1474697585055207,0.64883682729886,1.4873276717792232e-61,2.7923071298084627,1.448964360104652,1.0,0.44,25,11
3032,12,ZBTB16,3032,1.0,2.1474697585055207,-0.3678586819340981,1.3522475505064532e-17,-5.904122003013247,3.0978585116427686,1.0,0.44,25,11
3046,12,ZBTB16,3046,1.0,2.1474697585055207,0.37436302893710754,3.2608780626228656e-18,2.984399468433707,1.5460579599487365,1.0,0.44,25,11
3043,12,ZBTB16,3043,1.0,2.1474697585055207,0.380064268303476,9.126274989775724e-19,2.797003064137711,1.430756533486835,1.0,0.44,25,11
1296,12,BPTF,1296,1.0,1.4304952882261792,0.10748935031858357,0.015772566999655856,3.8949058327034973,1.9759473998504198,1.0,0.4,25,10
1284,12,BPTF,1284,1.0,1.4304952882261792,0.6798502413009208,1.2721012512564564e-69,2.653152118344724,1.3748692125512265,1.0,0.4,25,10
1302,12,BPTF,1302,1.0,1.4304952882261792,0.40293762206933986,4.259625776764243e-21,4.074647770451873,2.114972322826546,1.0,0.4,25,10
1305,12,BPTF,1305,1.0,1.4304952882261792,0.2929462632921249,1.9728812540834164e-11,3.7149197688860096,1.932394483098045,1.0,0.4,25,10
1292,12,BPTF,1292,1.0,1.4304952882261792,0.7898203227425004,1.1988494209641574e-108,3.9849459377106746,2.113126133445524,1.0,0.4,25,10
1287,12,BPTF,1287,1.0,1.4304952882261792,0.7976097959728471,2.699003989241266e-112,3.2964179918524885,1.7071115997468864,1.0,0.4,25,10
1290,12,BPTF,1290,1.0,1.4304952882261792,0.6013698667373287,6.937903774876677e-51,4.589510838187702,2.3490505017258827,1.0,0.4,25,10
1285,12,BPTF,1285,1.0,1.4304952882261792,-0.25333555042545763,8.040987368121938e-09,-3.842653994463917,2.053862308260723,1.0,0.4,25,10
1298,12,BPTF,1298,1.0,1.4304952882261792,-0.21592605760309033,9.914216154428342e-07,-2.510656188275947,1.3185094410216323,1.0,0.4,25,10
1289,12,BPTF,1289,1.0,1.4304952882261792,0.7007450535584282,1.2070975868265164e-75,3.339344659005561,1.853213285699831,1.0,0.4,25,10
3600,12,IRF7,3600,1.0,1.8335396633106007,-0.27229543739875106,5.110647768075323e-10,-4.266911311879872,2.493377875804222,0.9,0.36,25,10
3607,12,IRF7,3607,1.0,1.8335396633106007,0.4998730389818597,3.2269248470378635e-33,3.4848430054979986,1.9467761804448969,0.9,0.36,25,10
3594,12,IRF7,3594,1.0,1.8335396633106007,-0.28731179985731997,4.924142085330829e-11,-2.761370019544864,1.4738010959365713,0.9,0.36,25,10
3586,12,IRF7,3586,1.0,1.8335396633106007,0.4477939948985009,3.174717645884665e-26,4.167828324790606,2.126797540922775,0.9,0.36,25,10
3602,12,IRF7,3602,1.0,1.8335396633106007,0.01786227639933866,0.6891246026612481,4.970882347432195,2.4798138150326987,0.9,0.36,25,10
3592,12,IRF7,3592,1.0,1.8335396633106007,0.37107635854616366,6.7176933348483404e-18,3.7001200537476953,1.9212028426395855,0.9,0.36,25,10
3587,12,IRF7,3587,1.0,1.8335396633106007,-0.17883553734973817,5.403015729022501e-05,-3.6467267425338723,1.9461626416497368,0.9,0.36,25,10
3593,12,IRF7,3593,1.0,1.8335396633106007,0.0839722704763658,0.05958930057266063,2.8807284847882624,1.5014343915808737,0.9,0.36,25,10
3603,12,IRF7,3603,1.0,1.8335396633106007,0.23289018673345935,1.234742439729482e-07,2.802842686621581,1.4403949175081714,0.9,0.36,25,10
1847,12,SF1,1847,1.0,1.3817064348426469,0.03836669172768122,0.39006036141090994,4.968815207360615,2.5217920599589783,1.0,0.625,8,5
1846,12,SF1,1846,1.0,1.3817064348426469,-0.0993157602537308,0.025773215819768023,-5.020514938271848,2.5286138602897212,1.0,0.625,8,5
1844,12,SF1,1844,1.0,1.3817064348426469,0.5755801424906611,8.391284798920279e-46,3.07751864079077,1.6040703010448252,1.0,0.625,8,5
1849,12,SF1,1849,1.0,1.3817064348426469,0.026925765250624047,0.5464485813647617,4.304938253082986,2.161883081077851,1.0,0.625,8,5
1845,12,SF1,1845,1.0,1.3817064348426469,-0.21761990223861002,8.111633309175138e-07,-2.8158232935851197,1.489894429487168,1.0,0.625,8,5
2358,12,ELK3,2358,1.0,2.1533607529646592,-0.08487266733148185,0.05689815584912511,-3.2905078666381966,1.755008866730746,0.6666666666666666,0.5,8,6
2355,12,ELK3,2355,1.0,2.1533607529646592,-0.4271783187886653,8.99298021019639e-24,-11.694437052644528,6.579909657206786,0.6666666666666666,0.5,8,6
2356,12,ELK3,2356,1.0,2.1533607529646592,0.48277243495860617,8.682329642958341e-31,5.5406580693165655,2.8396544213168813,0.6666666666666666,0.5,8,6
2353,12,ELK3,2353,1.0,2.1533607529646592,-0.3076755223187534,1.639174259461097e-12,-2.7823327140379517,1.4581268864276478,0.6666666666666666,0.5,8,6
2897,12,POU2AF1,2897,1.0,2.1676808938459455,0.4281059918758071,7.032902467044672e-24,3.9207790501933264,2.002965823402953,1.0,0.375,8,3
2898,12,POU2AF1,2898,1.0,2.1676808938459455,-0.2488851191657335,1.488069549547955e-08,-2.7000484509426794,1.4097329176980822,1.0,0.375,8,3
2900,12,POU2AF1,2900,1.0,2.1676808938459455,0.33009958449206545,2.814754210781603e-14,8.077813782416705,4.0720967757549635,1.0,0.375,8,3
5305,12,FOXA2,5305,1.0,1.5090331927631317,0.3694109822243186,9.658343373131812e-18,4.286442641997422,2.179895598698539,0.6923076923076923,0.36,25,13
5320,12,FOXA2,5320,1.0,1.5090331927631317,-0.2409088110060663,4.3550947888362e-08,-4.629580463903793,2.462980388303219,0.6923076923076923,0.36,25,13
5325,12,FOXA2,5325,1.0,1.5090331927631317,0.3872944894404227,1.750287980031934e-19,3.348491615156734,1.7141451504253846,0.6923076923076923,0.36,25,13
5306,12,FOXA2,5306,1.0,1.5090331927631317,-0.2247505715388987,3.4239144387157867e-07,-2.323664632006463,1.6377702476314764,0.6923076923076923,0.36,25,13
5315,12,FOXA2,5315,1.0,1.5090331927631317,0.28731200831382236,4.923977301873809e-11,4.150348297772028,2.1422781485188445,0.6923076923076923,0.36,25,13
5314,12,FOXA2,5314,1.0,1.5090331927631317,0.4910852886900017,5.950653844721861e-32,3.4206822274508673,1.8025259129661046,0.6923076923076923,0.36,25,13
5327,12,FOXA2,5327,1.0,1.5090331927631317,0.27453166050526767,3.6393593336066547e-10,2.5315619610159885,1.3040937374507082,0.6923076923076923,0.36,25,13
5308,12,FOXA2,5308,1.0,1.5090331927631317,0.6845781066680434,6.1109246483754745e-71,2.653739711893112,1.3733606933516855,0.6923076923076923,0.36,25,13
5321,12,FOXA2,5321,1.0,1.5090331927631317,0.2449510891584563,2.539082514422994e-08,3.216795707744141,1.644629199461198,0.6923076923076923,0.36,25,13
1792,12,PATZ1,1792,1.0,2.1337998438817465,0.5414721985364754,9.781068448562587e-40,3.361990480045723,1.8839720275528222,1.0,0.3333333333333333,6,2
1791,12,PATZ1,1791,1.0,2.1337998438817465,0.5485996373104736,6.024245889385278e-41,2.959192414228448,1.539009735886149,1.0,0.3333333333333333,6,2
2621,12,MTERF1,2621,-1.0,1.8615080543197806,-0.3656016157277565,2.198648601095356e-17,3.9638311392196264,2.022398562645055,1.0,1.0,2,2
2622,12,MTERF1,2622,-1.0,1.8615080543197806,0.421583035645911,3.898667473165662e-23,-2.8150371136949635,1.473733828778757,1.0,1.0,2,2
2753,12,EBF1,2753,1.0,2.1297617862427947,0.23385675891438343,1.0911376346866254e-07,3.1169026306985272,1.6144586241318128,0.9,0.4090909090909091,22,10
2739,12,EBF1,2739,1.0,2.1297617862427947,-0.2851282015711672,6.980958681900459e-11,-3.219927343936785,1.7206975118401735,0.9,0.4090909090909091,22,10
2742,12,EBF1,2742,1.0,2.1297617862427947,0.28326695023324927,9.377528526728536e-11,7.300992722937138,3.762908134191862,0.9,0.4090909090909091,22,10
2741,12,EBF1,2741,1.0,2.1297617862427947,0.38641056878067465,2.1465796866846495e-19,2.831097949145059,1.4803624263639108,0.9,0.4090909090909091,22,10
2746,12,EBF1,2746,1.0,2.1297617862427947,-0.3720539911923078,5.422857903884041e-18,-3.131813305222864,1.640683894898645,0.9,0.4090909090909091,22,10
2738,12,EBF1,2738,1.0,2.1297617862427947,0.5546924539226173,5.270389501365579e-42,4.235236788238759,2.157439003304858,0.9,0.4090909090909091,22,10
2751,12,EBF1,2751,1.0,2.1297617862427947,0.26362065828702075,1.852807635196999e-09,3.221030497411447,1.657029228463857,0.9,0.4090909090909091,22,10
2748,12,EBF1,2748,1.0,2.1297617862427947,-0.21024238447133176,1.921296459720306e-06,-2.699888061078141,1.4111885390851209,0.9,0.4090909090909091,22,10
2744,12,EBF1,2744,1.0,2.1297617862427947,0.36430266719369464,2.903287729476593e-17,2.8433666283486128,1.4650002567390943,0.9,0.4090909090909091,22,10
3167,12,SP100,3167,1.0,2.1500095836821993,0.4736220558424142,1.5263090287089643e-29,4.192650245212719,2.1401101959013378,1.0,0.2,5,1
291,12,ZNF740,291,1.0,3.2613293350763173,0.12238732830619566,0.005939268832969862,4.685425453041569,2.4805958749550543,1.0,0.45,20,9
287,12,ZNF740,287,1.0,3.2613293350763173,0.14274383334540922,0.0013130937508551153,3.306100186495116,1.7453171562476262,1.0,0.45,20,9
276,12,ZNF740,276,1.0,3.2613293350763173,0.3001009782981487,5.9968809811286195e-12,4.109273355257284,2.103929329444219,1.0,0.45,20,9
279,12,ZNF740,279,1.0,3.2613293350763173,0.16416373650260027,0.00021436486252140647,5.804677027338168,2.929197640186156,1.0,0.45,20,9
277,12,ZNF740,277,1.0,3.2613293350763173,0.46670101659735286,1.2609308777991247e-28,4.445821561215884,2.2789388330593843,1.0,0.45,20,9
278,12,ZNF740,278,1.0,3.2613293350763173,0.5917333895479916,6.223326709132504e-49,3.8067581292614223,2.2083258789256823,1.0,0.45,20,9
280,12,ZNF740,280,1.0,3.2613293350763173,0.44780636762230647,3.1636063996079235e-26,2.9911548467819338,1.7539177312737888,1.0,0.45,20,9
290,12,ZNF740,290,1.0,3.2613293350763173,0.526363603045902,2.9022611242745563e-37,2.771491403480252,1.4273726413184176,1.0,0.45,20,9
275,12,ZNF740,275,1.0,3.2613293350763173,0.4871221972382768,2.1552979162997106e-31,2.6512356479751293,1.3750092801621068,1.0,0.45,20,9
7847,12,ALX3,7847,1.0,1.3983169324744695,0.21696695985960332,8.765682833347985e-07,5.697497909852468,3.226066431407073,1.0,0.5652173913043478,23,13
7832,12,ALX3,7832,1.0,1.3983169324744695,-0.36749314274589545,1.463381834906819e-17,-4.558083527829874,2.647703833266292,1.0,0.5652173913043478,23,13
7849,12,ALX3,7849,1.0,1.3983169324744695,0.30899846643837736,1.3018426361986132e-12,2.6742538607884474,1.394908915030847,1.0,0.5652173913043478,23,13
7853,12,ALX3,7853,1.0,1.3983169324744695,0.44041291528649085,2.5062745802917494e-25,3.1115997144808443,1.5988826713697697,1.0,0.5652173913043478,23,13
7833,12,ALX3,7833,1.0,1.3983169324744695,0.3205786797910022,1.648088664449362e-13,7.258573038254168,3.3927221425577407,1.0,0.5652173913043478,23,13
7836,12,ALX3,7836,1.0,1.3983169324744695,0.5437339699412174,4.068140448482201e-40,3.3827026861734435,1.7778596268351543,1.0,0.5652173913043478,23,13
7850,12,ALX3,7850,1.0,1.3983169324744695,0.17598043759887047,7.127736207909734e-05,2.9579861729612267,1.5687626082180015,1.0,0.5652173913043478,23,13
7841,12,ALX3,7841,1.0,1.3983169324744695,0.26130920852154477,2.5912533660609552e-09,3.454961602375719,1.847150462803884,1.0,0.5652173913043478,23,13
7842,12,ALX3,7842,1.0,1.3983169324744695,0.35719416243642926,1.2999687371407405e-16,4.349339916278025,2.2680650970412035,1.0,0.5652173913043478,23,13
7840,12,ALX3,7840,1.0,1.3983169324744695,0.34671090352846645,1.1082487645850405e-15,2.5411962942306867,1.3273625803490514,1.0,0.5652173913043478,23,13
7845,12,ALX3,7845,1.0,1.3983169324744695,0.30377399007876266,3.212282353277265e-12,5.317494760166256,2.63365825436659,1.0,0.5652173913043478,23,13
7835,12,ALX3,7835,1.0,1.3983169324744695,0.2080785637967165,2.4599861782307015e-06,8.154488342406642,3.8636306306635544,1.0,0.5652173913043478,23,13
7846,12,ALX3,7846,1.0,1.3983169324744695,0.29094909945785913,2.7346932227484046e-11,6.357815005152674,3.035812155620356,1.0,0.5652173913043478,23,13
7031,12,FOXA1,7031,1.0,1.3705932372511391,0.44258235992647227,1.3726572522679367e-25,3.667146013755069,1.8633802079245847,1.0,0.4,25,10
7032,12,FOXA1,7032,1.0,1.3705932372511391,0.3696217199042164,9.225713544121606e-18,6.214987033747245,2.9286292814519657,1.0,0.4,25,10
7047,12,FOXA1,7047,1.0,1.3705932372511391,0.18602137163078777,2.6394112781643828e-05,4.526918872179332,2.3008414253125204,1.0,0.4,25,10
7035,12,FOXA1,7035,1.0,1.3705932372511391,0.2718077458687522,5.501167203117611e-10,3.1848809775935973,1.6374668648160964,1.0,0.4,25,10
7038,12,FOXA1,7038,1.0,1.3705932372511391,0.4229725300223674,2.715407854490664e-23,4.373769171688913,2.4398181599308337,1.0,0.4,25,10
7025,12,FOXA1,7025,1.0,1.3705932372511391,0.3313545723635155,2.2194494416854095e-14,3.6214341490337536,1.8922598558570929,1.0,0.4,25,10
7043,12,FOXA1,7043,1.0,1.3705932372511391,0.26431793625966377,1.6734304902953926e-09,4.885347166528204,2.4063451994292384,1.0,0.4,25,10
7042,12,FOXA1,7042,1.0,1.3705932372511391,0.26165039575375615,2.4665786843480727e-09,4.142427698899651,2.096029180504326,1.0,0.4,25,10
7029,12,FOXA1,7029,1.0,1.3705932372511391,-0.35703959712161704,1.342481982973693e-16,-2.644518495205586,1.5028672206272373,1.0,0.4,25,10
7037,12,FOXA1,7037,1.0,1.3705932372511391,0.7061785539641504,2.6834655451097566e-77,3.390561139470742,1.7292414297203316,1.0,0.4,25,10
3070,12,IRF4,3070,1.0,2.1668162689794865,0.30966275048087244,1.1591044275235973e-12,2.61095350604381,1.3395345736276356,1.0,0.4444444444444444,18,8
3082,12,IRF4,3082,1.0,2.1668162689794865,0.4008743766420221,7.033349764304498e-21,6.636963069736836,3.6333477939685674,1.0,0.4444444444444444,18,8
3077,12,IRF4,3077,1.0,2.1668162689794865,0.41301408081581986,3.4964777694386867e-22,2.6830966472198803,1.458363429366485,1.0,0.4444444444444444,18,8
3067,12,IRF4,3067,1.0,2.1668162689794865,-0.1993736027375214,6.47754729727527e-06,-2.908828916423597,1.554393475673092,1.0,0.4444444444444444,18,8
3076,12,IRF4,3076,1.0,2.1668162689794865,0.5499089901804627,3.5839000891593655e-41,3.6913611466825427,1.895656208265248,1.0,0.4444444444444444,18,8
3066,12,IRF4,3066,1.0,2.1668162689794865,0.7738609150247889,1.2280829577627845e-101,4.199169343956343,2.1359239736304754,1.0,0.4444444444444444,18,8
3083,12,IRF4,3083,1.0,2.1668162689794865,0.21805866526992362,7.698734235533542e-07,4.373934235402847,2.3377060320379353,1.0,0.4444444444444444,18,8
3072,12,IRF4,3072,1.0,2.1668162689794865,-0.21335749888762648,1.3399263911707872e-06,-2.579753558260448,1.5196281503256215,1.0,0.4444444444444444,18,8
4424,12,NFATC1,4424,1.0,1.5873086513149008,0.3752140973315315,2.7006576720101845e-18,4.910499633146846,2.4378996264769586,1.0,0.48,25,12
4404,12,NFATC1,4404,1.0,1.5873086513149008,0.3072579428903189,1.7624068491293992e-12,5.061258520147558,3.027898039851038,1.0,0.48,25,12
4423,12,NFATC1,4423,1.0,1.5873086513149008,0.4106923204471727,6.267322199776881e-22,4.22648200796603,2.1510445999902235,1.0,0.48,25,12
4401,12,NFATC1,4401,1.0,1.5873086513149008,-0.42712985895376054,9.10902652263259e-24,-3.675607686783572,1.9862354353165117,1.0,0.48,25,12
4415,12,NFATC1,4415,1.0,1.5873086513149008,0.34763276518472985,9.208362490785987e-16,4.852199274519367,2.450617859913333,1.0,0.48,25,12
4417,12,NFATC1,4417,1.0,1.5873086513149008,0.2178395180861571,7.902373990489653e-07,2.879895412253773,1.4926598283033428,1.0,0.48,25,12
4416,12,NFATC1,4416,1.0,1.5873086513149008,0.3286195442732145,3.719909411699578e-14,2.6425029821989057,1.3719561210025029,1.0,0.48,25,12
4400,12,NFATC1,4400,1.0,1.5873086513149008,0.26456904631326106,1.6130593891063316e-09,4.287426614886214,2.1843923331126036,1.0,0.48,25,12
4406,12,NFATC1,4406,1.0,1.5873086513149008,0.21692909182613812,8.805128885116005e-07,3.8705500809814044,2.0105325474143427,1.0,0.48,25,12
4409,12,NFATC1,4409,1.0,1.5873086513149008,0.1992018843283425,6.599689524933851e-06,3.1634249908387644,1.6533738563790072,1.0,0.48,25,12
4408,12,NFATC1,4408,1.0,1.5873086513149008,0.3218842833507473,1.2981387647292935e-13,3.6961201703273443,1.935476149015286,1.0,0.48,25,12
4421,12,NFATC1,4421,1.0,1.5873086513149008,0.29794409384748494,8.616870006997363e-12,4.111249484344932,2.127546409053067,1.0,0.48,25,12
6222,12,TCF7L2,6222,1.0,1.6167151664001225,0.3007317060139592,5.390664620869161e-12,3.2026613593858317,1.6517053417973036,1.0,0.43478260869565216,23,10
6221,12,TCF7L2,6221,1.0,1.6167151664001225,0.3113475030390503,8.622566414453117e-13,2.829942610901492,1.459567667340095,1.0,0.43478260869565216,23,10
6223,12,TCF7L2,6223,1.0,1.6167151664001225,0.2810110839921418,1.3371065034472687e-10,4.541168362988557,2.2860189227045487,1.0,0.43478260869565216,23,10
6224,12,TCF7L2,6224,1.0,1.6167151664001225,-0.42223288484396637,3.292624464867494e-23,-5.643817759991146,2.8173012900237637,1.0,0.43478260869565216,23,10
6232,12,TCF7L2,6232,1.0,1.6167151664001225,0.3472629894619074,9.919419047393893e-16,3.1409543747783775,1.6451107230033815,1.0,0.43478260869565216,23,10
6217,12,TCF7L2,6217,1.0,1.6167151664001225,-0.2556172869072492,5.83807245248375e-09,-4.154787976565192,2.255335619823047,1.0,0.43478260869565216,23,10
6237,12,TCF7L2,6237,1.0,1.6167151664001225,0.3538987061973942,2.571887518694816e-16,2.5714354717930883,1.3221898796932416,1.0,0.43478260869565216,23,10
6220,12,TCF7L2,6220,1.0,1.6167151664001225,0.337021654797444,7.487117606023158e-15,3.0919464179518723,1.602864007614117,1.0,0.43478260869565216,23,10
6234,12,TCF7L2,6234,1.0,1.6167151664001225,0.030946806754644854,0.4881871471012269,3.1180489875479176,1.615648244839128,1.0,0.43478260869565216,23,10
6235,12,TCF7L2,6235,1.0,1.6167151664001225,0.2226257000782387,4.440715097116629e-07,3.3421199613895487,1.7058389195342138,1.0,0.43478260869565216,23,10
1072,12,NR2C2,1072,1.0,1.3773882886385655,-0.308831809598028,1.3402691260965446e-12,-5.892348114234463,2.9722947929234484,1.0,0.391304347826087,23,9
1073,12,NR2C2,1073,1.0,1.3773882886385655,0.44720422839710705,3.7515691296893236e-26,2.877812146287544,1.4825308254199863,1.0,0.391304347826087,23,9
1054,12,NR2C2,1054,1.0,1.3773882886385655,0.6152780268205033,7.995778569941742e-54,3.6331952183100835,1.869798836649994,1.0,0.391304347826087,23,9
1057,12,NR2C2,1057,1.0,1.3773882886385655,0.6214171474141615,3.619182168181812e-55,4.09274528331174,2.1836579204865396,1.0,0.391304347826087,23,9
1052,12,NR2C2,1052,1.0,1.3773882886385655,0.6843009537589132,7.31283525713543e-71,2.7970868691386572,1.4492362365934028,1.0,0.391304347826087,23,9
1060,12,NR2C2,1060,1.0,1.3773882886385655,-0.08190096403202322,0.06618124630569817,-3.908354449497797,2.0166174101631356,1.0,0.391304347826087,23,9
1053,12,NR2C2,1053,1.0,1.3773882886385655,-0.2630578868193842,2.011077236690109e-09,-3.318006621272369,1.750640819509658,1.0,0.391304347826087,23,9
1061,12,NR2C2,1061,1.0,1.3773882886385655,0.23642887947457916,7.831522162821975e-08,3.827815317318102,1.9602151761171265,1.0,0.391304347826087,23,9
1058,12,NR2C2,1058,1.0,1.3773882886385655,0.44849014807807075,2.605765545159011e-26,7.20668701574442,3.52417727162655,1.0,0.391304347826087,23,9
579,12,NRF1,579,1.0,1.3585480256359725,0.5708196432737515,6.507499318146953e-45,3.1025757244989265,1.6049855343223518,0.7142857142857143,0.20833333333333334,24,7
562,12,NRF1,562,1.0,1.3585480256359725,0.677574878646544,5.372946951830678e-69,2.583954301988467,1.3437718572012474,0.7142857142857143,0.20833333333333334,24,7
564,12,NRF1,564,1.0,1.3585480256359725,0.5037763521442163,8.603477214843376e-34,3.8077589325016654,2.037385039458198,0.7142857142857143,0.20833333333333334,24,7
574,12,NRF1,574,1.0,1.3585480256359725,0.5643548013526387,9.965773328189933e-44,2.4355052926671026,1.3344576978821434,0.7142857142857143,0.20833333333333334,24,7
577,12,NRF1,577,1.0,1.3585480256359725,0.5519379294190472,1.595442721471962e-41,3.693214131093461,1.970916841449078,0.7142857142857143,0.20833333333333334,24,7
4840,12,IRF8,4840,1.0,2.1372266703598184,-0.10126287079623819,0.02299318049711341,-4.470905805162387,2.3484992696527,1.0,0.32,25,8
4857,12,IRF8,4857,1.0,2.1372266703598184,0.6941169291761856,1.1174346673607652e-73,3.657159503324477,1.902633362338738,1.0,0.32,25,8
4850,12,IRF8,4850,1.0,2.1372266703598184,-0.1885062269950525,2.047067732056261e-05,-2.7288892659647543,1.4259628304601983,1.0,0.32,25,8
4833,12,IRF8,4833,1.0,2.1372266703598184,0.9057340919812659,2.836868987617075e-189,4.230535103303633,2.151582321867829,1.0,0.32,25,8
4839,12,IRF8,4839,1.0,2.1372266703598184,0.7014830115472194,7.234919508409266e-76,4.30869069560614,2.235572537244471,1.0,0.32,25,8
4836,12,IRF8,4836,1.0,2.1372266703598184,0.5981625192890295,3.151641766711368e-50,3.202005123454715,1.6615932636346549,1.0,0.32,25,8
4841,12,IRF8,4841,1.0,2.1372266703598184,0.41314718132948475,3.3809672978674593e-22,6.051341781822219,2.8929185311498213,1.0,0.32,25,8
4849,12,IRF8,4849,1.0,2.1372266703598184,0.6082325104753384,2.5676262421601857e-52,5.261893267704452,2.6343374941531956,1.0,0.32,25,8
6041,12,ETS2,6041,1.0,1.8759288932428788,-0.23216731971840057,1.353884366125723e-07,-9.487204496617506,4.928118415026833,1.0,0.5,2,1
4546,12,HDX,4546,1.0,1.3728704287106066,0.3837625246880363,3.941690559857139e-19,4.126707275590034,2.1015415952002914,0.875,0.3333333333333333,21,8
4548,12,HDX,4548,1.0,1.3728704287106066,0.23723638716839812,7.051543487815316e-08,2.959034271294015,1.5489012746803537,0.875,0.3333333333333333,21,8
4560,12,HDX,4560,1.0,1.3728704287106066,0.18965595298139995,1.8179220361551384e-05,3.324166129197516,1.7121449503689077,0.875,0.3333333333333333,21,8
4558,12,HDX,4558,1.0,1.3728704287106066,0.15815256112102127,0.00036502926444745775,5.253225607072436,2.9012225699785716,0.875,0.3333333333333333,21,8
4550,12,HDX,4550,1.0,1.3728704287106066,0.08318978942842609,0.06201272458886487,5.729480462491265,2.874237192278056,0.875,0.3333333333333333,21,8
4549,12,HDX,4549,1.0,1.3728704287106066,0.37909810154613116,1.1344473493390312e-18,3.0360675738235003,1.5637318364284998,0.875,0.3333333333333333,21,8
4561,12,HDX,4561,1.0,1.3728704287106066,0.3360559262113248,9.024572194130641e-15,3.193965996451339,1.6295627141176308,0.875,0.3333333333333333,21,8
5262,12,TRAF4,5262,-1.0,1.4036849971645395,-0.2634247568267675,1.906477421231911e-09,4.645237244354199,2.398334512732205,1.0,0.36,25,9
5276,12,TRAF4,5276,-1.0,1.4036849971645395,-0.3314780184033018,2.168047916574576e-14,2.580990871496405,1.354280094426282,1.0,0.36,25,9
5269,12,TRAF4,5269,-1.0,1.4036849971645395,0.017605823578643518,0.6933603614338446,-3.859306541526551,2.0251564139420495,1.0,0.36,25,9
5263,12,TRAF4,5263,-1.0,1.4036849971645395,0.19936732264286253,6.481976047562719e-06,-6.840608085142893,4.414242253739397,1.0,0.36,25,9
5268,12,TRAF4,5268,-1.0,1.4036849971645395,-0.2980684772148323,8.439308011218884e-12,3.9343671595698564,2.063883368226107,1.0,0.36,25,9
5260,12,TRAF4,5260,-1.0,1.4036849971645395,-0.16765237595196159,0.00015605117337730862,3.254334110742646,1.6667244189229866,1.0,0.36,25,9
5257,12,TRAF4,5257,-1.0,1.4036849971645395,0.43233418277081337,2.271398135843896e-24,-6.581333216929194,4.504528662412057,1.0,0.36,25,9
5254,12,TRAF4,5254,-1.0,1.4036849971645395,0.36081524627016276,6.085937378651714e-17,-3.712142300372673,1.9918741809116256,1.0,0.36,25,9
5253,12,TRAF4,5253,-1.0,1.4036849971645395,-0.26126093615215223,2.6093796087050265e-09,4.458985744285866,2.262692148426659,1.0,0.36,25,9
2546,12,HOXC10,2546,1.0,1.3565158487875195,0.07404648417426023,0.09681552250483451,2.656909009852085,1.3538217915168123,0.6666666666666666,0.25,8,3
2539,12,HOXC10,2539,1.0,1.3565158487875195,0.219535807998693,6.451912615769086e-07,2.693231451866973,1.3914290175713744,0.6666666666666666,0.25,8,3
815,12,SOX12,815,1.0,1.3649970385610672,0.06381222929394208,0.15257869651523984,3.926331640951712,2.008138930046316,0.36363636363636365,0.16,25,11
816,12,SOX12,816,1.0,1.3649970385610672,0.2696022141176715,7.66092413088395e-10,3.3051736592537853,1.7451848549718003,0.36363636363636365,0.16,25,11
800,12,SOX12,800,1.0,1.3649970385610672,0.256570642769563,5.102403892306416e-09,3.6481303216370904,1.8884418612551235,0.36363636363636365,0.16,25,11
796,12,SOX12,796,1.0,1.3649970385610672,0.3702472923184413,8.050685791737226e-18,2.5862271366901073,1.3374756108884849,0.36363636363636365,0.16,25,11
5214,12,NKX2-1,5214,1.0,1.8883965713080426,-0.3576665187407306,1.1780827701211132e-16,-5.756699299971536,3.0871890653839555,0.9090909090909091,0.4166666666666667,24,11
5216,12,NKX2-1,5216,1.0,1.8883965713080426,-0.2604341805386172,2.9396250256412058e-09,-4.910551182467561,2.557969061274044,0.9090909090909091,0.4166666666666667,24,11
5220,12,NKX2-1,5220,1.0,1.8883965713080426,0.32822266296416847,4.0076708203405983e-14,3.0010037589626206,1.5549942689058003,0.9090909090909091,0.4166666666666667,24,11
5218,12,NKX2-1,5218,1.0,1.8883965713080426,0.07934596829310908,0.07512566743000702,4.28923964983126,2.1882289578044367,0.9090909090909091,0.4166666666666667,24,11
5212,12,NKX2-1,5212,1.0,1.8883965713080426,-0.23705075812711876,7.223912521253602e-08,-3.7688926486265464,1.9814699718939301,0.9090909090909091,0.4166666666666667,24,11
5206,12,NKX2-1,5206,1.0,1.8883965713080426,0.38165048706130184,6.37495484226411e-19,6.660999123616875,3.3470046797479625,0.9090909090909091,0.4166666666666667,24,11
5199,12,NKX2-1,5199,1.0,1.8883965713080426,0.39176448814663395,6.176402613600604e-20,4.518730683979498,2.287936572111022,0.9090909090909091,0.4166666666666667,24,11
5219,12,NKX2-1,5219,1.0,1.8883965713080426,0.3420070521730328,2.8251617129930973e-15,4.664963118309973,2.299637568444068,0.9090909090909091,0.4166666666666667,24,11
5208,12,NKX2-1,5208,1.0,1.8883965713080426,0.36298149532183044,3.8470418378947746e-17,3.1080720212142547,1.6183454509080957,0.9090909090909091,0.4166666666666667,24,11
5213,12,NKX2-1,5213,1.0,1.8883965713080426,-0.2210490731866998,5.376838807455171e-07,-5.36509194591812,2.6620550550783437,0.9090909090909091,0.4166666666666667,24,11
4657,12,SREBF2,4657,1.0,1.3632157498138218,-0.21135264896736028,1.6907535101487628e-06,-3.5517141611727077,1.8991034133865639,0.3333333333333333,0.2,5,3
3499,12,NR5A2,3499,1.0,2.1754942576708096,0.5574899080284824,1.6931608299362173e-42,6.471922358360596,3.1667485482470505,0.8,0.2222222222222222,18,5
3497,12,NR5A2,3497,1.0,2.1754942576708096,-0.27369655463696413,4.1328244463743343e-10,-4.98920198190043,2.5222705804874708,0.8,0.2222222222222222,18,5
3503,12,NR5A2,3503,1.0,2.1754942576708096,-0.2191057538883393,6.793333328151732e-07,-3.0675103180299805,1.6502331222480688,0.8,0.2222222222222222,18,5
3492,12,NR5A2,3492,1.0,2.1754942576708096,0.6946187743523559,7.96539316724088e-74,3.971753899037415,2.0304149087747354,0.8,0.2222222222222222,18,5
3726,12,TNFRSF4,3726,1.0,2.17024406495995,-0.08899606500516608,0.04582955546612706,-2.660954279511332,1.3862881833989893,0.6666666666666666,0.16666666666666666,12,3
3716,12,TNFRSF4,3716,1.0,2.17024406495995,0.6462798547029801,6.248649876116323e-61,3.95134906416916,2.0304501817195204,0.6666666666666666,0.16666666666666666,12,3
3190,12,MYBL2,3190,-1.0,1.3885214161390311,0.26957540654942636,7.691682216212838e-10,-2.8506216901093553,1.4973230911427073,1.0,0.5714285714285714,7,4
3187,12,MYBL2,3187,-1.0,1.3885214161390311,0.43506658634394346,1.0849219393114097e-24,-4.212039479268167,2.280556139644298,1.0,0.5714285714285714,7,4
3192,12,MYBL2,3192,-1.0,1.3885214161390311,-0.2167062890648836,9.040689856604064e-07,2.8799753619696626,1.6045322970688811,1.0,0.5714285714285714,7,4
3186,12,MYBL2,3186,-1.0,1.3885214161390311,-0.23045857157466063,1.6812358912315205e-07,4.046391870386315,2.0663961492123857,1.0,0.5714285714285714,7,4
4929,12,FOXD1,4929,1.0,3.0467125942144984,0.20480335383299952,3.558453828234254e-06,4.553395817774404,2.2690486267833427,0.25,0.08333333333333333,12,4
1739,12,VENTX,1739,1.0,2.1403336359958893,0.058556633659301485,0.18936651981549601,2.627359297758095,1.3642803200582136,1.0,0.42857142857142855,7,3
1741,12,VENTX,1741,1.0,2.1403336359958893,-0.3522066424842405,3.639627729945688e-16,-5.3661646101313565,2.905163991119266,1.0,0.42857142857142855,7,3
1740,12,VENTX,1740,1.0,2.1403336359958893,0.6398603794358206,2.1615941796997577e-59,4.386157766642149,2.2285817899155704,1.0,0.42857142857142855,7,3
5463,12,DR1,5463,-1.0,1.89225173991457,0.2264615256562019,2.7719212973051743e-07,-4.270006776957753,2.305704975063496,0.3333333333333333,0.16666666666666666,6,3
4881,12,DMRTA2,4881,1.0,1.4915528130613775,0.27281634182091824,4.723335419943256e-10,3.8317126639067727,1.9587710043776132,0.75,0.46153846153846156,13,8
4890,12,DMRTA2,4890,1.0,1.4915528130613775,0.2935369488272045,1.7903861651051762e-11,2.647963536816033,1.4061487231269407,0.75,0.46153846153846156,13,8
4882,12,DMRTA2,4882,1.0,1.4915528130613775,0.18135543795045395,4.215889411680748e-05,3.125378216647163,1.6772187444567084,0.75,0.46153846153846156,13,8
4889,12,DMRTA2,4889,1.0,1.4915528130613775,0.11340479787649285,0.01083940761882139,5.303001309425713,2.589606862353785,0.75,0.46153846153846156,13,8
4888,12,DMRTA2,4888,1.0,1.4915528130613775,0.2608903715658061,2.752686182248561e-09,3.9966997597693337,2.0251763075800566,0.75,0.46153846153846156,13,8
4887,12,DMRTA2,4887,1.0,1.4915528130613775,0.027579544405377722,0.5367471481026375,3.4924863226042153,1.8108940117593082,0.75,0.46153846153846156,13,8
2501,12,NFATC4,2501,1.0,1.3502859585527558,0.3984963766197137,1.2482296565226517e-20,2.833131383113382,1.4862816016569782,1.0,0.4,25,10
2485,12,NFATC4,2485,1.0,1.3502859585527558,0.2666818763685568,1.1822930373819725e-09,4.080105756045157,2.084215053762946,1.0,0.4,25,10
2490,12,NFATC4,2490,1.0,1.3502859585527558,0.32900694175418416,3.4586003507356574e-14,5.4396376109841,2.8135032235034325,1.0,0.4,25,10
2499,12,NFATC4,2499,1.0,1.3502859585527558,0.1462171006227698,0.0009943338438145484,6.339401714564257,3.3683665212665534,1.0,0.4,25,10
2504,12,NFATC4,2504,1.0,1.3502859585527558,0.317570608182176,2.843794087453147e-13,6.241569191212625,3.1960816993903864,1.0,0.4,25,10
2488,12,NFATC4,2488,1.0,1.3502859585527558,0.28254305215787334,1.0511936105619081e-10,4.059869350116439,2.1021480430473414,1.0,0.4,25,10
2484,12,NFATC4,2484,1.0,1.3502859585527558,0.4034790224685852,3.7322445217187636e-21,2.7288734555790346,1.4100993272026647,1.0,0.4,25,10
2508,12,NFATC4,2508,1.0,1.3502859585527558,0.2518515734308504,9.88581588302159e-09,8.838701232714069,4.207840215437152,1.0,0.4,25,10
2486,12,NFATC4,2486,1.0,1.3502859585527558,-0.21499632239531433,1.1061069003556032e-06,-3.312555368518689,1.7891032271013718,1.0,0.4,25,10
2496,12,NFATC4,2496,1.0,1.3502859585527558,0.34311653353022215,2.268842656161042e-15,5.339073779833799,2.585924942642528,1.0,0.4,25,10
4707,12,POU2F2,4707,1.0,2.1595554351253172,0.5155438435435331,1.439880807823295e-35,3.354353540211584,1.7344680885887618,0.7777777777777778,0.28,25,9
4724,12,POU2F2,4724,1.0,2.1595554351253172,0.3631053249672474,3.747089529414846e-17,2.796449077247788,1.4308894452049261,0.7777777777777778,0.28,25,9
4703,12,POU2F2,4703,1.0,2.1595554351253172,0.7046927023144212,7.664672295738367e-77,4.53080328545669,2.2913243930703864,0.7777777777777778,0.28,25,9
4709,12,POU2F2,4709,1.0,2.1595554351253172,-0.2927601100385064,2.0340686064220305e-11,-2.5376766290207415,1.4201473245570626,0.7777777777777778,0.28,25,9
4715,12,POU2F2,4715,1.0,2.1595554351253172,-0.21350700263360928,1.3167711239347282e-06,-2.602669603671367,1.356232874228113,0.7777777777777778,0.28,25,9
4716,12,POU2F2,4716,1.0,2.1595554351253172,-0.3884942479488227,1.3254703392527103e-19,-2.574015565683975,1.3455293164260405,0.7777777777777778,0.28,25,9
4704,12,POU2F2,4704,1.0,2.1595554351253172,-0.43382500225661613,1.5190512094832472e-24,-4.370786302390402,2.4025822143467073,0.7777777777777778,0.28,25,9
4607,12,BHLHE22,4607,1.0,2.122211757887823,0.6863168641443993,1.9719856928807248e-71,3.909508389095584,2.0025372948925995,1.0,0.6666666666666666,3,2
4608,12,BHLHE22,4608,1.0,2.122211757887823,-0.36508749156053694,2.454755332136794e-17,-2.6821032531730955,1.3927928252307389,1.0,0.6666666666666666,3,2
492,12,CEBPG,492,-1.0,2.026396722871259,0.35529523053055834,1.9279797715881427e-16,-2.7531083121516726,1.4560504155969338,0.5714285714285714,0.16,25,7
484,12,CEBPG,484,-1.0,2.026396722871259,-0.33270338672382366,1.7171370801785022e-14,5.3255003018513944,2.7713421902860174,0.5714285714285714,0.16,25,7
473,12,CEBPG,473,-1.0,2.026396722871259,-0.35882483119433617,9.247497319403606e-17,3.9582492584128226,2.0242003819228436,0.5714285714285714,0.16,25,7
477,12,CEBPG,477,-1.0,2.026396722871259,-0.36490536881543073,2.5523411199235425e-17,2.7233237286570358,1.4089922057460282,0.5714285714285714,0.16,25,7
3947,12,NR2F2,3947,1.0,2.096655773670693,0.38115722273218045,7.128899324686971e-19,3.961600633996116,2.0775247208028222,1.0,0.5384615384615384,13,7
3938,12,NR2F2,3938,1.0,2.096655773670693,0.2835202161402369,9.009553585460648e-11,3.1465345688932223,1.6575425952102822,1.0,0.5384615384615384,13,7
3942,12,NR2F2,3942,1.0,2.096655773670693,-0.3329245960282244,1.6461747668485904e-14,-2.5230319424614165,1.3229849612175173,1.0,0.5384615384615384,13,7
3943,12,NR2F2,3943,1.0,2.096655773670693,0.26361522178716684,1.854277037387285e-09,2.6539031563987434,1.3792611129067813,1.0,0.5384615384615384,13,7
3935,12,NR2F2,3935,1.0,2.096655773670693,0.35528079568611864,1.9337450919245054e-16,4.304962536893976,2.191860479859366,1.0,0.5384615384615384,13,7
3936,12,NR2F2,3936,1.0,2.096655773670693,-0.26818666203501873,9.4603567294141e-10,-3.859905850178288,2.032468206577373,1.0,0.5384615384615384,13,7
3939,12,NR2F2,3939,1.0,2.096655773670693,0.25804177837658426,4.140435570104135e-09,3.7645906079737084,1.9476974110417398,1.0,0.5384615384615384,13,7
1226,12,BBX,1226,1.0,1.9019326146648414,0.43042325307216134,3.793023752078892e-24,2.910989577998004,1.5233121360312034,1.0,0.32,25,8
1238,12,BBX,1238,1.0,1.9019326146648414,0.04968904626826933,0.265521916603107,2.5963758202219127,1.3335036885222682,1.0,0.32,25,8
1221,12,BBX,1221,1.0,1.9019326146648414,0.49991109448083715,3.185863431412885e-33,4.547740050462937,2.3788893031869742,1.0,0.32,25,8
1223,12,BBX,1223,1.0,1.9019326146648414,0.21192441877958262,1.5826144989331378e-06,2.8501390119009797,1.5099175592640697,1.0,0.32,25,8
1239,12,BBX,1239,1.0,1.9019326146648414,0.4113414197831792,5.326273926808257e-22,2.7025776939992974,1.3946358809796722,1.0,0.32,25,8
1224,12,BBX,1224,1.0,1.9019326146648414,0.26667540880838575,1.1834228633324511e-09,6.590806030278967,3.827643726862941,1.0,0.32,25,8
1228,12,BBX,1228,1.0,1.9019326146648414,0.3130080725461537,6.4297109050851e-13,3.317487197799064,1.7387011238998429,1.0,0.32,25,8
1243,12,BBX,1243,1.0,1.9019326146648414,0.24288790996481366,3.3480651620128284e-08,4.60562739910529,2.57533696009335,1.0,0.32,25,8
3354,12,FLI1,3354,1.0,2.132360947108679,-0.43770619448853265,5.2798340343341e-25,-3.161092527239589,1.6786275366870747,0.7142857142857143,0.2,25,7
3356,12,FLI1,3356,1.0,2.132360947108679,-0.42895089893931077,5.6182810259153854e-24,-2.69796427127564,1.3981751191080871,0.7142857142857143,0.2,25,7
3375,12,FLI1,3375,1.0,2.132360947108679,-0.270251219720922,6.951738727263784e-10,-3.3753936120687706,1.7886451098445462,0.7142857142857143,0.2,25,7
3351,12,FLI1,3351,1.0,2.132360947108679,0.9146840704649116,1.2158296222795468e-199,4.4575491612342235,2.2580593411353838,0.7142857142857143,0.2,25,7
3352,12,FLI1,3352,1.0,2.132360947108679,-0.3211148311559058,1.4944221594920723e-13,-3.044949427550415,1.6128484777410839,0.7142857142857143,0.2,25,7
4385,12,ETV7,4385,1.0,1.8960481403803808,0.3176234734566175,2.8168088819842834e-13,3.0895891103041304,1.7195813427438202,0.8,0.4,10,5
4389,12,ETV7,4389,1.0,1.8960481403803808,0.23675319481069215,7.508740311870339e-08,2.79546851193726,1.4777269396394717,0.8,0.4,10,5
4388,12,ETV7,4388,1.0,1.8960481403803808,0.48423954005711506,5.438823281272064e-31,4.973076498717509,2.5468774730041432,0.8,0.4,10,5
4383,12,ETV7,4383,1.0,1.8960481403803808,0.45554841207806546,3.428257948585644e-27,4.276797888519626,2.1748544705137065,0.8,0.4,10,5
1385,12,TFCP2,1385,1.0,1.8096225489721924,0.11771915585404648,0.008158709903663686,2.7780214145571382,1.4414350061551944,1.0,0.38095238095238093,21,8
1383,12,TFCP2,1383,1.0,1.8096225489721924,0.16904880655236956,0.000137183992982432,5.877346425021226,2.901419373053515,1.0,0.38095238095238093,21,8
1395,12,TFCP2,1395,1.0,1.8096225489721924,0.40151504002997945,6.0214129644624566e-21,3.2966272048644956,1.6872396094934912,1.0,0.38095238095238093,21,8
1393,12,TFCP2,1393,1.0,1.8096225489721924,0.5307083974894993,5.814232863937022e-38,2.49310774491785,1.3252154266110752,1.0,0.38095238095238093,21,8
1387,12,TFCP2,1387,1.0,1.8096225489721924,0.40642298087223766,1.811313025767079e-21,5.346317968151826,2.6526382359759837,1.0,0.38095238095238093,21,8
1384,12,TFCP2,1384,1.0,1.8096225489721924,0.5597289961062476,6.7702095459202654e-43,2.5682695290338917,1.4296570409524954,1.0,0.38095238095238093,21,8
1379,12,TFCP2,1379,1.0,1.8096225489721924,0.5546504616478837,5.360554759641162e-42,4.613272341661995,2.3666983686759457,1.0,0.38095238095238093,21,8
1377,12,TFCP2,1377,1.0,1.8096225489721924,0.6228654122286941,1.7263337381863317e-55,2.5958698887441054,1.343821715853427,1.0,0.38095238095238093,21,8
2680,12,CREB3L1,2680,1.0,2.151822858207284,-0.14097003466893449,0.0015099257795693985,-4.0835664365683995,2.225816424589608,1.0,0.2857142857142857,7,2
2679,12,CREB3L1,2679,1.0,2.151822858207284,0.5876376430373574,4.020446227197128e-48,4.94173527243309,2.493869805049043,1.0,0.2857142857142857,7,2
3757,12,VAX2,3757,1.0,1.32985239809735,0.40231336191370043,4.959380435224197e-21,2.5835717769301234,1.385981162969028,0.5,0.2,5,2
1702,12,NFYC,1702,1.0,1.443349629416706,0.20646617292624944,2.9524620718386107e-06,3.819549268325911,1.991096974513178,1.0,0.3125,16,5
1698,12,NFYC,1698,1.0,1.443349629416706,0.4263538454659919,1.1181962790478226e-23,3.1009534793619857,1.6197676058495976,1.0,0.3125,16,5
1700,12,NFYC,1700,1.0,1.443349629416706,0.4499638144695068,1.7128467489575668e-26,3.8533943004299602,1.98723596455912,1.0,0.3125,16,5
1699,12,NFYC,1699,1.0,1.443349629416706,0.4080077205796546,1.223718715970066e-21,3.7662288527808006,2.029746252487746,1.0,0.3125,16,5
1711,12,NFYC,1711,1.0,1.443349629416706,0.40384223689848053,3.415086392267179e-21,3.9511446321784396,2.098756291416656,1.0,0.3125,16,5
6241,12,ZNF589,6241,1.0,1.413645026938656,-0.10173519015423631,0.022359329408996834,-4.02140184882124,2.118191008559384,1.0,0.3333333333333333,3,1
3336,12,TEAD3,3336,1.0,1.3167472358687105,0.2897287927061668,3.334344340351691e-11,4.138300010134389,2.0823336105515438,0.8,0.17391304347826086,23,5
3330,12,TEAD3,3330,1.0,1.3167472358687105,0.23091214438143834,1.5875803064191402e-07,2.7666499853771946,1.4271172868631803,0.8,0.17391304347826086,23,5
3329,12,TEAD3,3329,1.0,1.3167472358687105,-0.2592914234809365,3.463641579660996e-09,-2.601219493641554,1.3603219689071933,0.8,0.17391304347826086,23,5
3332,12,TEAD3,3332,1.0,1.3167472358687105,0.3092364539061205,1.248831503635799e-12,3.8491522570497594,1.9630428961013453,0.8,0.17391304347826086,23,5
3166,12,MEOX2,3166,1.0,2.1271669130801216,0.44267099462056,1.339181959539862e-25,2.717683664404593,1.39532315277332,0.7777777777777778,0.28,25,9
3159,12,MEOX2,3159,1.0,2.1271669130801216,-0.4422491034754585,1.5060846368778483e-25,-3.2246800080080846,1.6510877371151742,0.7777777777777778,0.28,25,9
3142,12,MEOX2,3142,1.0,2.1271669130801216,0.7615773020501816,1.2723641450788929e-96,4.477649399811021,2.271605139752125,0.7777777777777778,0.28,25,9
3157,12,MEOX2,3157,1.0,2.1271669130801216,0.3610976246595891,5.733858109657456e-17,4.312431393822363,2.2013872704693562,0.7777777777777778,0.28,25,9
3158,12,MEOX2,3158,1.0,2.1271669130801216,0.46938876751147623,5.585259238435542e-29,2.6800126793429997,1.394162860467107,0.7777777777777778,0.28,25,9
3150,12,MEOX2,3150,1.0,2.1271669130801216,0.45844687397150286,1.4701261627233756e-27,4.767625250944338,2.6339217921598883,0.7777777777777778,0.28,25,9
3143,12,MEOX2,3143,1.0,2.1271669130801216,-0.2559380463960751,5.57975585967748e-09,-4.954061773119771,2.7518222710671956,0.7777777777777778,0.28,25,9
1957,12,HOXB13,1957,1.0,1.4135287035834587,0.19144824611527012,1.5086456326000853e-05,4.108446192135646,2.245702577087011,0.7777777777777778,0.28,25,9
1958,12,HOXB13,1958,1.0,1.4135287035834587,0.24267455060636178,3.4447179904539766e-08,4.722675938107577,2.7239549852483345,0.7777777777777778,0.28,25,9
1953,12,HOXB13,1953,1.0,1.4135287035834587,0.21850285780648282,7.301324668285531e-07,5.338717264018423,2.6953783797373037,0.7777777777777778,0.28,25,9
1976,12,HOXB13,1976,1.0,1.4135287035834587,0.26619865399463594,1.2696616929552295e-09,3.60752537778531,1.8855407549451777,0.7777777777777778,0.28,25,9
1952,12,HOXB13,1952,1.0,1.4135287035834587,0.2983775728786476,8.013396525829691e-12,2.7421920910819964,1.41954242829109,0.7777777777777778,0.28,25,9
1969,12,HOXB13,1969,1.0,1.4135287035834587,0.11228804929946908,0.011649628725974968,6.7761891913103955,3.3125648664400638,0.7777777777777778,0.28,25,9
1967,12,HOXB13,1967,1.0,1.4135287035834587,0.10832243305418165,0.014976076767213438,3.465880690155204,1.7751633735881835,0.7777777777777778,0.28,25,9
3860,12,RUNX1,3860,1.0,1.647877665884524,-0.4624301772983201,4.531361356846438e-28,-3.140689533471905,1.650760727156094,1.0,0.4166666666666667,24,10
3855,12,RUNX1,3855,1.0,1.647877665884524,0.28473189947836786,7.435079968935527e-11,4.305175350065092,2.1855344826049516,1.0,0.4166666666666667,24,10
3870,12,RUNX1,3870,1.0,1.647877665884524,0.14924298145525539,0.000776555031017622,2.97853205143573,1.5333242798272932,1.0,0.4166666666666667,24,10
3862,12,RUNX1,3862,1.0,1.647877665884524,0.22553938280167016,3.1068229322813883e-07,3.4641897913689523,1.8156242794777049,1.0,0.4166666666666667,24,10
3863,12,RUNX1,3863,1.0,1.647877665884524,0.4270903974634417,9.204615803306091e-24,7.480195456656214,3.5953177578572735,1.0,0.4166666666666667,24,10
3856,12,RUNX1,3856,1.0,1.647877665884524,-0.4678410881098218,8.934414274844247e-29,-3.5468710401424968,1.9129874303940424,1.0,0.4166666666666667,24,10
3858,12,RUNX1,3858,1.0,1.647877665884524,0.38960151299665585,1.0244661913510309e-19,2.8568542126593606,1.4701911171463538,1.0,0.4166666666666667,24,10
3871,12,RUNX1,3871,1.0,1.647877665884524,-0.37354818505733023,3.903811656154404e-18,-6.468066536908557,3.1958543095919336,1.0,0.4166666666666667,24,10
3861,12,RUNX1,3861,1.0,1.647877665884524,0.3095412728289642,1.1840097617393595e-12,2.7774285474418576,1.418608458260146,1.0,0.4166666666666667,24,10
3865,12,RUNX1,3865,1.0,1.647877665884524,0.30439431345864587,2.8883378787374114e-12,6.600077217850652,3.390184196973672,1.0,0.4166666666666667,24,10
2992,12,JDP2,2992,1.0,1.3739263249697753,0.2639418804421824,1.767965480453968e-09,3.6973636290748377,1.998247412428728,1.0,0.48,25,12
2993,12,JDP2,2993,1.0,1.3739263249697753,0.20327579110680483,4.218521531943517e-06,3.630934441385992,1.8877650478682075,1.0,0.48,25,12
2971,12,JDP2,2971,1.0,1.3739263249697753,0.3222637135474483,1.2108810823375623e-13,4.13902655569285,2.111887188909873,1.0,0.48,25,12
2995,12,JDP2,2995,1.0,1.3739263249697753,0.37874913449516334,1.226975170649946e-18,5.310378658780365,2.6572298774901477,1.0,0.48,25,12
2981,12,JDP2,2981,1.0,1.3739263249697753,0.24071302882497833,4.469316752132761e-08,3.563823135508299,1.8164827737453364,1.0,0.48,25,12
2978,12,JDP2,2978,1.0,1.3739263249697753,0.34231024436223245,2.6610608560586026e-15,3.018433749692668,1.5878615309491204,1.0,0.48,25,12
2979,12,JDP2,2979,1.0,1.3739263249697753,0.2661711265805569,1.2748233063226003e-09,2.8672303277610536,1.4863756976205609,1.0,0.48,25,12
2977,12,JDP2,2977,1.0,1.3739263249697753,-0.2231220150217989,4.179987743351604e-07,-7.244757040774112,3.8066874093274565,1.0,0.48,25,12
2990,12,JDP2,2990,1.0,1.3739263249697753,0.32291412514204026,1.0744853579930246e-13,4.109386259150199,2.1147464496038735,1.0,0.48,25,12
2989,12,JDP2,2989,1.0,1.3739263249697753,-0.14912909615659142,0.0007838795949954948,-2.908742110491307,1.5328940143159226,1.0,0.48,25,12
2985,12,JDP2,2985,1.0,1.3739263249697753,0.2944049324425847,1.551766589166399e-11,3.1923322161254584,1.726754311033684,1.0,0.48,25,12
2991,12,JDP2,2991,1.0,1.3739263249697753,0.14399554057039565,0.0011887158325866178,3.6958055937403547,1.8992555960655984,1.0,0.48,25,12
2702,12,HNF1B,2702,1.0,2.145334334013345,0.5307257663655576,5.776712520318309e-38,2.8758601258034946,1.4839590830119527,0.6666666666666666,0.24,25,9
2698,12,HNF1B,2698,1.0,2.145334334013345,0.2407852696123306,4.4268373962265843e-08,3.799415036741274,1.9281761646280866,0.6666666666666666,0.24,25,9
2709,12,HNF1B,2709,1.0,2.145334334013345,-0.206706029334602,2.873654292688855e-06,-3.087337322177521,1.6796703534914403,0.6666666666666666,0.24,25,9
2686,12,HNF1B,2686,1.0,2.145334334013345,0.510219113547259,9.34740090983526e-35,4.136713998896349,2.1153127328795325,0.6666666666666666,0.24,25,9
2692,12,HNF1B,2692,1.0,2.145334334013345,-0.30071728060798836,5.40383543168454e-12,-2.72833495107712,1.4936028584934102,0.6666666666666666,0.24,25,9
2689,12,HNF1B,2689,1.0,2.145334334013345,0.7298434671180173,5.788708531159952e-85,3.370569418551555,1.7500438528187403,0.6666666666666666,0.24,25,9
1615,12,ZNF410,1615,-1.0,1.848052028147737,0.182223601551802,3.867485319514013e-05,-4.423683505986434,2.2243017241608607,1.0,0.375,24,9
1628,12,ZNF410,1628,-1.0,1.848052028147737,-0.2942187791889661,1.600172652074946e-11,4.26212231959584,2.134211200430218,1.0,0.375,24,9
1626,12,ZNF410,1626,-1.0,1.848052028147737,-0.18371498343414133,3.331731257468111e-05,2.797804811572344,1.4708666507167218,1.0,0.375,24,9
1612,12,ZNF410,1612,-1.0,1.848052028147737,0.5351580788871747,1.093514130009473e-38,-3.152089805891733,1.658684252511708,1.0,0.375,24,9
1613,12,ZNF410,1613,-1.0,1.848052028147737,-0.22488887747432215,3.3661524153955417e-07,4.3353192164104355,2.2186776360640423,1.0,0.375,24,9
1623,12,ZNF410,1623,-1.0,1.848052028147737,-0.07433391863190668,0.09552324539560862,5.2748424762610835,2.833679445037919,1.0,0.375,24,9
1621,12,ZNF410,1621,-1.0,1.848052028147737,-0.2832202713207104,9.44692991705622e-11,4.282953065100731,2.22035899349505,1.0,0.375,24,9
1611,12,ZNF410,1611,-1.0,1.848052028147737,-0.30059420006075754,5.517497742696113e-12,2.7281357653681435,1.4145500241534303,1.0,0.375,24,9
1618,12,ZNF410,1618,-1.0,1.848052028147737,0.2269610275134696,2.6053181377192556e-07,-2.9148800113172046,1.5327038033302536,1.0,0.375,24,9
8243,12,NKX3-1,8243,1.0,2.3514283516469887,0.2110489548375897,1.7510350029661145e-06,4.211368127518669,2.113852758677081,1.0,0.5,6,3
8247,12,NKX3-1,8247,1.0,2.3514283516469887,0.2485639907433279,1.554942056450382e-08,4.484517786591716,2.238350060739953,1.0,0.5,6,3
8245,12,NKX3-1,8245,1.0,2.3514283516469887,0.08381395585130948,0.06007319259577933,5.290759943367822,2.6019244008120888,1.0,0.5,6,3
8058,12,HOXD3,8058,1.0,1.8121409256865886,0.23825415976637399,6.174818419914267e-08,3.412372482022104,1.800507117935086,1.0,0.3333333333333333,6,2
8054,12,HOXD3,8054,1.0,1.8121409256865886,0.1936488928098354,1.1970627755925722e-05,6.561458503602711,3.287559525505524,1.0,0.3333333333333333,6,2
356,12,RFX1,356,1.0,1.3825778781360014,0.44901073980546136,2.2473275720281448e-26,3.2602515644774765,1.8058237002932906,0.9285714285714286,0.52,25,14
354,12,RFX1,354,1.0,1.3825778781360014,-0.40579768965628105,2.113212439251221e-21,-3.4252827739878278,1.8467727143553523,0.9285714285714286,0.52,25,14
357,12,RFX1,357,1.0,1.3825778781360014,0.557116570460928,1.9714322522553943e-42,4.749083217399977,2.656495009773563,0.9285714285714286,0.52,25,14
364,12,RFX1,364,1.0,1.3825778781360014,0.5230108760928888,9.878336115839054e-37,8.880249965644795,4.140643363203491,0.9285714285714286,0.52,25,14
376,12,RFX1,376,1.0,1.3825778781360014,0.2088472661295092,2.2538741434714183e-06,3.0278452537225404,1.573832775735316,0.9285714285714286,0.52,25,14
355,12,RFX1,355,1.0,1.3825778781360014,0.5282130440565511,1.4680860641833974e-37,3.7805052434956448,2.0271998426149422,0.9285714285714286,0.52,25,14
377,12,RFX1,377,1.0,1.3825778781360014,-0.08947728897499388,0.04466441949726465,-4.514846257847327,2.346921050695654,0.9285714285714286,0.52,25,14
372,12,RFX1,372,1.0,1.3825778781360014,0.22328885932766054,4.0956952957779624e-07,3.2631000344823313,1.7138635737132253,0.9285714285714286,0.52,25,14
373,12,RFX1,373,1.0,1.3825778781360014,0.22855654648783827,2.1352924606962452e-07,3.1189970925236556,1.6166740117129694,0.9285714285714286,0.52,25,14
353,12,RFX1,353,1.0,1.3825778781360014,0.5214449766694482,1.742233585667874e-36,2.8140006089232226,1.4558134284293824,0.9285714285714286,0.52,25,14
359,12,RFX1,359,1.0,1.3825778781360014,-0.13142147880482113,0.0031174865488939113,-6.038393712528603,3.084742937110884,0.9285714285714286,0.52,25,14
368,12,RFX1,368,1.0,1.3825778781360014,0.08508534695507736,0.056277428455494403,3.9832046417649902,2.0157890543798795,0.9285714285714286,0.52,25,14
365,12,RFX1,365,1.0,1.3825778781360014,0.3933408875685901,4.2613245789126946e-20,5.848366215119348,2.996070198115067,0.9285714285714286,0.52,25,14
5633,12,MEIS2,5633,1.0,1.7116833505372417,0.19893746422337866,6.792074990269567e-06,3.192649857701088,1.6619568660395996,1.0,0.4117647058823529,17,7
5622,12,MEIS2,5622,1.0,1.7116833505372417,0.3633165048667453,3.5824897307196634e-17,3.564737173025985,1.8449488826016716,1.0,0.4117647058823529,17,7
5624,12,MEIS2,5624,1.0,1.7116833505372417,0.31807845225473674,2.5946961368665853e-13,2.978959324764441,1.5742919310506724,1.0,0.4117647058823529,17,7
5629,12,MEIS2,5629,1.0,1.7116833505372417,0.24312364784641022,3.244324469786324e-08,4.808726522542843,2.5812113256706026,1.0,0.4117647058823529,17,7
5619,12,MEIS2,5619,1.0,1.7116833505372417,-0.17483352359520607,7.957144178177046e-05,-2.9207065507845673,1.541195858809197,1.0,0.4117647058823529,17,7
5632,12,MEIS2,5632,1.0,1.7116833505372417,0.304207879006759,2.982183422455623e-12,7.8029113149405385,3.4387441253805244,1.0,0.4117647058823529,17,7
5635,12,MEIS2,5635,1.0,1.7116833505372417,0.009513312347819011,0.8312896384688075,2.777830825617157,1.4185044879133362,1.0,0.4117647058823529,17,7
1872,12,RREB1,1872,1.0,1.6209383227583571,0.38923108114454064,1.116789637783735e-19,3.4453014467336742,1.7872949745259128,0.9230769230769231,0.48,25,13
1859,12,RREB1,1859,1.0,1.6209383227583571,-0.4548140159340061,4.243129246594358e-27,-3.5678490400121414,1.8987994747715122,0.9230769230769231,0.48,25,13
1878,12,RREB1,1878,1.0,1.6209383227583571,-0.13054601486282819,0.003324231021651595,-2.9506209582965073,1.5495352348872968,0.9230769230769231,0.48,25,13
1864,12,RREB1,1864,1.0,1.6209383227583571,0.4020071369995151,5.342930561607829e-21,4.573753952279992,2.2737643554921476,0.9230769230769231,0.48,25,13
1861,12,RREB1,1861,1.0,1.6209383227583571,0.358669422284719,9.553383914708966e-17,2.6082705586224257,1.3821128731089938,0.9230769230769231,0.48,25,13
1860,12,RREB1,1860,1.0,1.6209383227583571,0.44296338358002696,1.2343709449990816e-25,3.8302962262437434,1.9779751262550866,0.9230769230769231,0.48,25,13
1875,12,RREB1,1875,1.0,1.6209383227583571,0.38622638391493413,2.239663804606556e-19,4.338343148112971,2.201308110963857,0.9230769230769231,0.48,25,13
1880,12,RREB1,1880,1.0,1.6209383227583571,0.5877021311735557,3.904865434282911e-48,3.5514635847958402,1.8057685213267378,0.9230769230769231,0.48,25,13
1865,12,RREB1,1865,1.0,1.6209383227583571,0.5764984423021927,5.630508978372082e-46,3.218588649748184,1.6624133759944735,0.9230769230769231,0.48,25,13
1869,12,RREB1,1869,1.0,1.6209383227583571,0.47756314330548,4.4876184016839485e-30,3.344328408370335,1.7178107897214123,0.9230769230769231,0.48,25,13
1873,12,RREB1,1873,1.0,1.6209383227583571,0.424153562749253,1.9940922524009885e-23,3.7653659595425024,1.9509133928104312,0.9230769230769231,0.48,25,13
1876,12,RREB1,1876,1.0,1.6209383227583571,0.4089655756142613,9.644916139707274e-22,3.678294970121605,1.8931540600303933,0.9230769230769231,0.48,25,13
2233,12,TCF3,2233,1.0,1.3602712107155792,0.3185220893893676,2.394673808274311e-13,2.636664542604344,1.3803588928721249,0.8181818181818182,0.36,25,11
2220,12,TCF3,2220,1.0,1.3602712107155792,0.3640597118898783,3.057815148206219e-17,4.1002518755716,2.114682497570047,0.8181818181818182,0.36,25,11
2231,12,TCF3,2231,1.0,1.3602712107155792,0.4644367144081962,2.490000205736442e-28,2.7369536918563786,1.448839779228701,0.8181818181818182,0.36,25,11
2214,12,TCF3,2214,1.0,1.3602712107155792,-0.16816753117949831,0.00014882399703534775,-3.6592783308805026,1.9553208717509913,0.8181818181818182,0.36,25,11
2224,12,TCF3,2224,1.0,1.3602712107155792,0.002598553197416463,0.9535951979600443,3.281119172589326,1.7961182955888828,0.8181818181818182,0.36,25,11
2229,12,TCF3,2229,1.0,1.3602712107155792,0.3454466361141624,1.427394347996519e-15,3.2859385942301276,1.695645531137564,0.8181818181818182,0.36,25,11
2219,12,TCF3,2219,1.0,1.3602712107155792,0.7086244165018767,4.700526469683986e-78,3.38268363262838,1.989793371047208,0.8181818181818182,0.36,25,11
2236,12,TCF3,2236,1.0,1.3602712107155792,-0.43126844133393333,3.0245823437835794e-24,-3.142385230952849,1.6558150984072384,0.8181818181818182,0.36,25,11
2216,12,TCF3,2216,1.0,1.3602712107155792,0.4862240499693072,2.8785074291558014e-31,3.960861416294477,2.0522864338632054,0.8181818181818182,0.36,25,11
312,12,FOXD3,312,1.0,1.3287214860884993,0.3773973137070608,1.6609493045716855e-18,2.592457378406995,1.3414326117543456,0.4444444444444444,0.16,25,9
303,12,FOXD3,303,1.0,1.3287214860884993,0.2243763332461798,3.5850338107106323e-07,3.545825550100648,1.8594644096416844,0.4444444444444444,0.16,25,9
297,12,FOXD3,297,1.0,1.3287214860884993,0.21810898452850813,7.652692275577448e-07,4.16943811050242,2.154414955066685,0.4444444444444444,0.16,25,9
295,12,FOXD3,295,1.0,1.3287214860884993,0.32044666930371296,1.688237917410534e-13,2.5461745258151707,1.3120034695084055,0.4444444444444444,0.16,25,9
5440,12,FOXF1,5440,1.0,2.131093910411263,0.3581921350906475,1.0556347443756914e-16,4.159046162945683,2.2003709818200887,1.0,0.36,25,9
5437,12,FOXF1,5437,1.0,2.131093910411263,-0.2916109464486955,2.4549203879478594e-11,-4.264900642792368,2.285924157692126,1.0,0.36,25,9
5429,12,FOXF1,5429,1.0,2.131093910411263,-0.2643787688183739,1.658606922070442e-09,-2.9430489373753037,1.5742143652599123,1.0,0.36,25,9
5443,12,FOXF1,5443,1.0,2.131093910411263,0.4013286055780925,6.3000739355820895e-21,3.8975267033245866,2.016090486583142,1.0,0.36,25,9
5428,12,FOXF1,5428,1.0,2.131093910411263,0.5501298245538391,3.2825938503585967e-41,4.312067890124145,2.191463515805529,1.0,0.36,25,9
5431,12,FOXF1,5431,1.0,2.131093910411263,0.20458195706308654,3.647593385330213e-06,4.967566992530041,2.4399772170602274,1.0,0.36,25,9
5450,12,FOXF1,5450,1.0,2.131093910411263,0.16334469967978077,0.00023074284775424263,5.0666632931427875,2.6286809648172005,1.0,0.36,25,9
5439,12,FOXF1,5439,1.0,2.131093910411263,0.36481632269713377,2.60143329468772e-17,3.6552727274901735,1.8883965713080426,1.0,0.36,25,9
5432,12,FOXF1,5432,1.0,2.131093910411263,0.4735071394834331,1.581395653666973e-29,4.6087955352196905,2.3379964220220244,1.0,0.36,25,9
4740,12,YY1,4740,1.0,1.6825205608905924,0.5078122034237014,2.153898217597842e-34,3.3971370127203335,1.7937996209343563,0.8,0.32,25,10
4748,12,YY1,4748,1.0,1.6825205608905924,0.19395313118489732,1.1591440690570736e-05,2.5869756791222875,1.5577237697094444,0.8,0.32,25,10
4729,12,YY1,4729,1.0,1.6825205608905924,0.2551249087394453,6.257307216846703e-09,3.7392789469002743,1.958279016317381,0.8,0.32,25,10
4742,12,YY1,4742,1.0,1.6825205608905924,0.18660082752901053,2.4882656295024365e-05,3.9021283354324203,1.9875823064183487,0.8,0.32,25,10
4743,12,YY1,4743,1.0,1.6825205608905924,0.21878687505208028,7.057629427526656e-07,2.577888280722678,1.3367817767357746,0.8,0.32,25,10
4739,12,YY1,4739,1.0,1.6825205608905924,0.3079852153449145,1.5532638637314904e-12,2.729664157840466,1.417389824904322,0.8,0.32,25,10
4733,12,YY1,4733,1.0,1.6825205608905924,0.2120150583547333,1.5660924802076135e-06,3.4207603636129464,1.8584421200002308,0.8,0.32,25,10
4752,12,YY1,4752,1.0,1.6825205608905924,0.29073370158433665,2.832282606126059e-11,4.597764754633986,2.448332186849742,0.8,0.32,25,10
1857,12,RFC5,1857,-1.0,1.6133193497816498,-0.24501995523511036,2.515641438369014e-08,4.415664100725996,2.2320954565821176,0.6666666666666666,0.3333333333333333,6,3
1853,12,RFC5,1853,-1.0,1.6133193497816498,-0.34822543740156303,8.171785397694038e-16,3.8497947400489076,1.972647088422584,0.6666666666666666,0.3333333333333333,6,3
3611,12,ARID5B,3611,1.0,3.444403146405115,0.3674032530327936,1.4920590692842336e-17,4.178918038533724,2.135009902308036,1.0,0.75,8,6
3617,12,ARID5B,3617,1.0,3.444403146405115,0.300970349610995,5.177274196027314e-12,2.5800186985339324,1.3382785601255733,1.0,0.75,8,6
3612,12,ARID5B,3612,1.0,3.444403146405115,-0.30696999586357343,1.8526149976814303e-12,-3.84260153126609,2.037175117729409,1.0,0.75,8,6
3616,12,ARID5B,3616,1.0,3.444403146405115,-0.32941205472605706,3.204598990129712e-14,-2.7602530830355994,1.4438293710412657,1.0,0.75,8,6
3613,12,ARID5B,3613,1.0,3.444403146405115,0.35962952690547206,7.811247648224825e-17,2.9084753683753584,1.518014390702277,1.0,0.75,8,6
3615,12,ARID5B,3615,1.0,3.444403146405115,0.32681218927005523,5.2181090789896135e-14,6.400023923488576,3.4113024129024723,1.0,0.75,8,6
3672,12,TEAD4,3672,-1.0,2.0462205124997115,-0.21480941927964686,1.1306504141134649e-06,3.5356307025948266,1.8245674547854194,1.0,0.75,4,3
3674,12,TEAD4,3674,-1.0,2.0462205124997115,-0.19163483892822591,1.4794914618595722e-05,2.7225831822831887,1.392317483086777,1.0,0.75,4,3
3673,12,TEAD4,3673,-1.0,2.0462205124997115,-0.19864604908465747,7.010293985892611e-06,2.5698184935103923,1.33790076902647,1.0,0.75,4,3
8062,12,TBX15,8062,1.0,2.291114088220848,0.2855931160414332,6.482623520841303e-11,2.6644605206537895,1.3645754378305757,1.0,0.6666666666666666,6,4
8065,12,TBX15,8065,1.0,2.291114088220848,0.25834397278225724,3.965874218790265e-09,4.4140909690697,2.2125954136607593,1.0,0.6666666666666666,6,4
8060,12,TBX15,8060,1.0,2.291114088220848,0.18532390619263261,2.8328890688865497e-05,3.1582074838225305,1.6272079897571274,1.0,0.6666666666666666,6,4
8061,12,TBX15,8061,1.0,2.291114088220848,0.20938098044275416,2.120607418829603e-06,4.657901299937196,2.3318833577922065,1.0,0.6666666666666666,6,4
2313,12,HOXA9,2313,1.0,1.374300811267504,0.3116996570037256,8.103566957293339e-13,5.069713362513514,2.58943267851741,0.8,0.16,25,5
2331,12,HOXA9,2331,1.0,1.374300811267504,0.21134393182104277,1.6924557468250167e-06,5.136867327912781,2.5935805977814845,0.8,0.16,25,5
2332,12,HOXA9,2332,1.0,1.374300811267504,0.1354375524727685,0.002310862101358049,4.319271078753688,2.1727762609377415,0.8,0.16,25,5
2317,12,HOXA9,2317,1.0,1.374300811267504,0.25229717895335946,9.292584478626704e-09,3.6446097383467677,1.9306587923594032,0.8,0.16,25,5
2158,12,HINFP,2158,1.0,1.4002732286901294,0.26164514671941447,2.4684518828851623e-09,3.7241656459573877,1.9189480844123021,0.75,0.5,6,4
2160,12,HINFP,2160,1.0,1.4002732286901294,0.24840998782505228,1.588035580466423e-08,2.4880292914891284,1.3302006002548492,0.75,0.5,6,4
2156,12,HINFP,2156,1.0,1.4002732286901294,0.3818204757143584,6.133781307574168e-19,3.2670541735962786,1.7085832376095809,0.75,0.5,6,4
4430,12,ZEB1,4430,1.0,2.1465387955337234,-0.28674565401046376,5.3921036367067513e-11,-2.606135969510299,1.3474538980229047,0.7692307692307693,0.4,25,13
4435,12,ZEB1,4435,1.0,2.1465387955337234,0.18726876714899357,2.324228068805403e-05,3.924409940136656,2.0066671240405745,0.7692307692307693,0.4,25,13
4440,12,ZEB1,4440,1.0,2.1465387955337234,0.08965416268575839,0.0442424823015895,3.83681668647563,2.050251982297977,0.7692307692307693,0.4,25,13
4447,12,ZEB1,4447,1.0,2.1465387955337234,0.3477131878894654,9.06047503825758e-16,2.630433821924906,1.3631003237719306,0.7692307692307693,0.4,25,13
4425,12,ZEB1,4425,1.0,2.1465387955337234,0.5743130630936739,1.452200650547134e-45,4.259054321875217,2.162696802113399,0.7692307692307693,0.4,25,13
4428,12,ZEB1,4428,1.0,2.1465387955337234,0.3631331635958097,3.7249729519077026e-17,3.7632383784801093,1.939966794850021,0.7692307692307693,0.4,25,13
4441,12,ZEB1,4441,1.0,2.1465387955337234,-0.3080226147145992,1.5431919740442727e-12,-3.166857183157421,1.6516449992697224,0.7692307692307693,0.4,25,13
4436,12,ZEB1,4436,1.0,2.1465387955337234,0.3016159808350258,4.6404929740889525e-12,2.9345071423569364,1.5089184670603513,0.7692307692307693,0.4,25,13
4426,12,ZEB1,4426,1.0,2.1465387955337234,-0.3263411821706425,5.697137715815833e-14,-3.2690727815437977,1.7360567514695293,0.7692307692307693,0.4,25,13
4432,12,ZEB1,4432,1.0,2.1465387955337234,0.5180991859403865,5.7989714202695224e-36,4.395014162682952,2.3918933066613643,0.7692307692307693,0.4,25,13
1516,12,RFX5,1516,1.0,2.142842431235754,0.2987974368590378,7.468332708294883e-12,4.176907605484289,2.1261721373030316,1.0,0.25,12,3
1519,12,RFX5,1519,1.0,2.142842431235754,0.31059426661101436,9.844251430974764e-13,3.6984891623785616,1.9806945640412308,1.0,0.25,12,3
1517,12,RFX5,1517,1.0,2.142842431235754,0.35246759447722853,3.450315235494328e-16,2.7093437713439554,1.402991590209281,1.0,0.25,12,3
3560,12,BRCA1,3560,1.0,1.3528629635984646,0.2257060396420196,3.043544250632932e-07,2.822147901973988,1.4715215224303273,0.3333333333333333,0.09090909090909091,11,3
1205,12,PLAG1,1205,1.0,2.1411547852633475,0.28720231999819285,5.011432526132738e-11,4.720167398614224,2.39563533318878,1.0,0.6,15,9
1218,12,PLAG1,1218,1.0,2.1411547852633475,0.24566849217458026,2.3049177912443687e-08,2.6248907598349933,1.3504439137535413,1.0,0.6,15,9
1212,12,PLAG1,1212,1.0,2.1411547852633475,0.27388673839909516,4.015017154392243e-10,3.8939379058742425,1.9865761763900627,1.0,0.6,15,9
1209,12,PLAG1,1209,1.0,2.1411547852633475,0.2682528373608268,9.367764949856047e-10,2.9102470470135158,1.6111629244973735,1.0,0.6,15,9
1213,12,PLAG1,1213,1.0,2.1411547852633475,0.22876650786150685,2.0798886705455159e-07,3.4952275567493447,1.7824536722934423,1.0,0.6,15,9
1204,12,PLAG1,1204,1.0,2.1411547852633475,0.24455194758389293,2.679164119623511e-08,2.5833291363594477,1.3325330830388002,1.0,0.6,15,9
1216,12,PLAG1,1216,1.0,2.1411547852633475,0.15038661481245622,0.0007064341210418899,3.1344683233363577,1.628302120352019,1.0,0.6,15,9
1214,12,PLAG1,1214,1.0,2.1411547852633475,0.09455666702816266,0.03381439535295155,8.281246359136865,4.71990517144079,1.0,0.6,15,9
1206,12,PLAG1,1206,1.0,2.1411547852633475,0.1509271716168966,0.0006753743644370583,6.6023928895725685,3.3836335448373567,1.0,0.6,15,9
7541,12,TBX19,7541,1.0,1.338252923204032,0.3592101665546716,8.529980400468285e-17,3.5805631206216066,1.8575904624433766,1.0,0.5,2,1
5709,12,ESR2,5709,1.0,1.3935807503365625,0.25451817660919696,6.814180718946794e-09,3.860059399677436,2.0247024383855123,1.0,0.5714285714285714,7,4
5707,12,ESR2,5707,1.0,1.3935807503365625,0.22903777045766607,2.010356813853835e-07,4.022867491636129,2.167261762409982,1.0,0.5714285714285714,7,4
5710,12,ESR2,5710,1.0,1.3935807503365625,0.04912852438677921,0.2709580713110182,2.8064250769559496,1.4528736897915624,1.0,0.5714285714285714,7,4
5706,12,ESR2,5706,1.0,1.3935807503365625,-0.2581676614680293,4.066832100313379e-09,-2.9787023900515566,1.5724905526814097,1.0,0.5714285714285714,7,4
1437,12,IKZF2,1437,1.0,2.3683158431952247,0.703268620550963,2.0829382309690114e-76,4.08981907090045,2.053268435052897,1.0,0.64,25,16
1434,12,IKZF2,1434,1.0,2.3683158431952247,0.5926410975580836,4.1009113594878645e-49,3.3373747038372135,1.7053568947058768,1.0,0.64,25,16
1433,12,IKZF2,1433,1.0,2.3683158431952247,0.5156368264375862,1.3931982663430513e-35,4.3040222603616165,2.1745570305626094,1.0,0.64,25,16
1440,12,IKZF2,1440,1.0,2.3683158431952247,0.47886040464993207,2.9888755404776463e-30,3.3100985858158953,1.6890001053074502,1.0,0.64,25,16
1453,12,IKZF2,1453,1.0,2.3683158431952247,0.31692113391514504,3.1967050094372016e-13,6.747848011655292,3.192812017656784,1.0,0.64,25,16
1450,12,IKZF2,1450,1.0,2.3683158431952247,0.23845097622196815,6.017883125073599e-08,2.9265467871883715,1.5456695634315996,1.0,0.64,25,16
1449,12,IKZF2,1449,1.0,2.3683158431952247,-0.34935547950912904,6.50310146586239e-16,-2.8508541495542064,1.4665629674411147,1.0,0.64,25,16
1432,12,IKZF2,1432,1.0,2.3683158431952247,0.3678465152364001,1.3558092943490463e-17,4.689495084458239,2.4373273253764185,1.0,0.64,25,16
1435,12,IKZF2,1435,1.0,2.3683158431952247,0.4270710885156846,9.251748920470804e-24,3.8020176277560753,1.9465545150010097,1.0,0.64,25,16
1448,12,IKZF2,1448,1.0,2.3683158431952247,0.41365980577260675,2.970220140193753e-22,5.580772909317709,2.7241960566244727,1.0,0.64,25,16
1452,12,IKZF2,1452,1.0,2.3683158431952247,0.2732914416650912,4.3950904772300036e-10,2.710588324660848,1.4096710690157415,1.0,0.64,25,16
1431,12,IKZF2,1431,1.0,2.3683158431952247,0.2572336145534726,4.644698540137091e-09,3.3913593745087685,1.7636142476842094,1.0,0.64,25,16
1442,12,IKZF2,1442,1.0,2.3683158431952247,0.25209837177766703,9.552864241578115e-09,3.0635585131757614,1.5770300588675152,1.0,0.64,25,16
1441,12,IKZF2,1441,1.0,2.3683158431952247,0.14562583439727822,0.0010429808190375693,2.9329286944062947,1.5180894538403644,1.0,0.64,25,16
1430,12,IKZF2,1430,1.0,2.3683158431952247,-0.13696483400069492,0.002057853186231946,-2.806758482577741,1.4798055543768505,1.0,0.64,25,16
1436,12,IKZF2,1436,1.0,2.3683158431952247,0.39752249328381367,1.5766836191426272e-20,4.458054904045964,2.245837449358815,1.0,0.64,25,16
7231,12,SOX11,7231,1.0,1.7908828272539494,0.1323942800508782,0.0029015171426548824,2.806085497921076,1.481889197863808,1.0,0.48,25,12
7228,12,SOX11,7228,1.0,1.7908828272539494,0.25326591501046153,8.119540235815645e-09,2.602226126504642,1.3551874124041345,1.0,0.48,25,12
7220,12,SOX11,7220,1.0,1.7908828272539494,0.1350226283255445,0.0023843428164095756,2.8533883003001845,1.4885424650963812,1.0,0.48,25,12
7214,12,SOX11,7214,1.0,1.7908828272539494,0.1890305454541174,1.9393606807114e-05,3.5968418089124703,1.8645831659847316,1.0,0.48,25,12
7237,12,SOX11,7237,1.0,1.7908828272539494,0.24121760026423344,4.18065634237513e-08,6.769991746251475,3.232441840224887,1.0,0.48,25,12
7227,12,SOX11,7227,1.0,1.7908828272539494,0.11861466742187235,0.0076828839161926996,2.7458991232668235,1.4008145109225711,1.0,0.48,25,12
7217,12,SOX11,7217,1.0,1.7908828272539494,0.09142016766802358,0.040210552332532554,4.267791106011519,2.236320048112816,1.0,0.48,25,12
7235,12,SOX11,7235,1.0,1.7908828272539494,0.2625387633430401,2.1686633928262713e-09,3.2497750637018368,1.6978329211480778,1.0,0.48,25,12
7226,12,SOX11,7226,1.0,1.7908828272539494,0.20536707977486174,3.340788414470411e-06,6.634557558345656,3.0763044623735567,1.0,0.48,25,12
7223,12,SOX11,7223,1.0,1.7908828272539494,0.25415246700695915,7.172740105706513e-09,3.2774548049922987,1.6901067410738753,1.0,0.48,25,12
7222,12,SOX11,7222,1.0,1.7908828272539494,0.19482266016838923,1.0569711737142777e-05,3.5887254375407154,1.8527004354113052,1.0,0.48,25,12
7229,12,SOX11,7229,1.0,1.7908828272539494,0.16587905275386733,0.00018352687267010677,3.6607272439893213,1.8743441516568917,1.0,0.48,25,12
6676,12,HOXC9,6676,1.0,1.39508607715274,0.1841080480228691,3.202702366625277e-05,3.5112867358774986,1.8203269856110253,0.4,0.15384615384615385,13,5
6683,12,HOXC9,6683,1.0,1.39508607715274,0.22397147374126047,3.767547236977465e-07,3.3457173227838926,1.7845953948405888,0.4,0.15384615384615385,13,5
5947,12,E2F6,5947,1.0,1.4080146376740557,0.21585678909633094,9.99556705164658e-07,4.220572911776436,2.1978710761895983,0.3333333333333333,0.14285714285714285,7,3
5515,12,STAT6,5515,1.0,1.3752244480827212,0.2557522620760362,5.7279899497601956e-09,3.914659930156316,1.987711280864121,1.0,0.5555555555555556,18,10
5521,12,STAT6,5521,1.0,1.3752244480827212,0.3637246172868135,3.284293029016712e-17,3.99831481715634,2.0905986132663017,1.0,0.5555555555555556,18,10
5516,12,STAT6,5516,1.0,1.3752244480827212,0.24396621159101134,2.8983526061799674e-08,4.133193778127125,2.1287380490717105,1.0,0.5555555555555556,18,10
5522,12,STAT6,5522,1.0,1.3752244480827212,0.26718034716550737,1.0982981667463874e-09,5.395686510223683,2.630055120224162,1.0,0.5555555555555556,18,10
5507,12,STAT6,5507,1.0,1.3752244480827212,0.32169906742468973,1.3429416181635293e-13,3.0325319985726207,1.558712675312696,1.0,0.5555555555555556,18,10
5513,12,STAT6,5513,1.0,1.3752244480827212,-0.23881690890179047,5.736280757985135e-08,-3.9274703191634432,2.0516707174473017,1.0,0.5555555555555556,18,10
5510,12,STAT6,5510,1.0,1.3752244480827212,0.13090885436169913,0.0032370794581768727,3.5296581737500303,1.8380832257665227,1.0,0.5555555555555556,18,10
5511,12,STAT6,5511,1.0,1.3752244480827212,0.3181228815811291,2.5739490164953423e-13,12.468002221597649,5.306166747633665,1.0,0.5555555555555556,18,10
5508,12,STAT6,5508,1.0,1.3752244480827212,0.2907989395825837,2.802372213924503e-11,2.7544325107979817,1.458943456128169,1.0,0.5555555555555556,18,10
5506,12,STAT6,5506,1.0,1.3752244480827212,-0.15780087582012645,0.0003763591420664117,-3.5032849157924733,1.8595354442791907,1.0,0.5555555555555556,18,10
5342,12,STAT5A,5342,1.0,2.1299553526871344,-0.2847318057456117,7.435190710664787e-11,-2.9190668133434707,1.6407125277095513,1.0,0.36,25,9
5341,12,STAT5A,5341,1.0,2.1299553526871344,0.17040305741253162,0.00012095064988744258,3.5411264419944133,1.8097354390115605,1.0,0.36,25,9
5343,12,STAT5A,5343,1.0,2.1299553526871344,0.16561912500659642,0.0001879160191782311,7.180391685659262,3.748963370024777,1.0,0.36,25,9
5335,12,STAT5A,5335,1.0,2.1299553526871344,0.4509640367098715,1.286871604822305e-26,3.1250325704830155,1.6280251910902606,1.0,0.36,25,9
5331,12,STAT5A,5331,1.0,2.1299553526871344,-0.2864430846737664,5.659702741546596e-11,-3.3966383125484363,1.8174877001361887,1.0,0.36,25,9
5334,12,STAT5A,5334,1.0,2.1299553526871344,-0.33258087801159825,1.7577190424261992e-14,-3.2674467641378278,1.7624192771476237,1.0,0.36,25,9
5337,12,STAT5A,5337,1.0,2.1299553526871344,0.34953047856477154,6.276579943582374e-16,2.795377662114558,1.4411441773465923,1.0,0.36,25,9
5330,12,STAT5A,5330,1.0,2.1299553526871344,0.7394827395347611,2.524328593330403e-88,4.037434311059854,2.0636837781350574,1.0,0.36,25,9
5353,12,STAT5A,5353,1.0,2.1299553526871344,0.6520626970906945,2.384142778094012e-62,2.7260737377954305,1.4083719713445648,1.0,0.36,25,9
8075,12,EHF,8075,1.0,2.1479769001683775,-0.22156773846011513,5.049698478380397e-07,-2.6521736995023075,1.3643452738736626,1.0,0.4782608695652174,23,11
8069,12,EHF,8069,1.0,2.1479769001683775,0.6459101727129137,7.681016534281007e-61,3.2517455135909596,1.6635770171138302,1.0,0.4782608695652174,23,11
8078,12,EHF,8078,1.0,2.1479769001683775,0.14344748514546712,0.001241774614680049,3.619799903755995,1.9081270325634494,1.0,0.4782608695652174,23,11
8067,12,EHF,8067,1.0,2.1479769001683775,-0.24887152791609865,1.490842492027789e-08,-2.960723608268128,1.5478016476263252,1.0,0.4782608695652174,23,11
8070,12,EHF,8070,1.0,2.1479769001683775,0.383739278964523,3.9626786349251884e-19,3.285726600663822,1.7020124524491584,1.0,0.4782608695652174,23,11
8072,12,EHF,8072,1.0,2.1479769001683775,0.354627009712307,2.2134128896533312e-16,7.256901628421323,3.3552105005141675,1.0,0.4782608695652174,23,11
8077,12,EHF,8077,1.0,2.1479769001683775,0.40834572089815857,1.125223276463096e-21,3.501182164746919,1.8089058349722738,1.0,0.4782608695652174,23,11
8079,12,EHF,8079,1.0,2.1479769001683775,0.5009716806161316,2.2281486268145837e-33,3.0047861009574914,1.5497984273909087,1.0,0.4782608695652174,23,11
8089,12,EHF,8089,1.0,2.1479769001683775,-0.28766610967538564,4.651689204991249e-11,-3.0723238497526983,1.5936651045778671,1.0,0.4782608695652174,23,11
8074,12,EHF,8074,1.0,2.1479769001683775,0.3097750423226827,1.1365386683776594e-12,5.3338183564919035,2.702315277222522,1.0,0.4782608695652174,23,11
8068,12,EHF,8068,1.0,2.1479769001683775,0.19610017369617033,9.22279880697849e-06,2.8910456055208518,1.4964417287118388,1.0,0.4782608695652174,23,11
5475,12,NFAT5,5475,1.0,1.6978963886807517,0.3147181329484791,4.743638060978233e-13,3.584565523802605,1.850085176590874,1.0,0.36363636363636365,11,4
5469,12,NFAT5,5469,1.0,1.6978963886807517,-0.3857625005049852,2.492087083068808e-19,-3.7683160920939707,1.9859347854594744,1.0,0.36363636363636365,11,4
5476,12,NFAT5,5476,1.0,1.6978963886807517,0.08738948556557735,0.04990582589649941,2.8683689848855716,1.4717322353280125,1.0,0.36363636363636365,11,4
5473,12,NFAT5,5473,1.0,1.6978963886807517,0.35979824586645576,7.539187383242619e-17,6.349844394114348,3.0935246442662345,1.0,0.36363636363636365,11,4
5425,12,EGR3,5425,1.0,1.8883965713080426,-0.33969884977722997,4.445945894455866e-15,-3.202649215601965,1.7015797775789707,1.0,0.5,4,2
5424,12,EGR3,5424,1.0,1.8883965713080426,0.38185103259284764,6.091391406561198e-19,4.494248722683788,2.265499324653182,1.0,0.5,4,2
3620,12,TCF7,3620,1.0,1.570125117958313,-0.263430755723158,1.9048117558574883e-09,-3.7379161590754646,2.010536356130102,0.8,0.32,25,10
3625,12,TCF7,3625,1.0,1.570125117958313,0.4707592700055461,3.677101686028568e-29,3.841051349909517,2.0244312684221626,0.8,0.32,25,10
3619,12,TCF7,3619,1.0,1.570125117958313,0.5413926194265448,1.0086456713613057e-39,4.170499421183235,2.1252442702627317,0.8,0.32,25,10
3631,12,TCF7,3631,1.0,1.570125117958313,-0.28319993131263627,9.47732745851352e-11,-2.7459171359086363,1.5273123237513448,0.8,0.32,25,10
3623,12,TCF7,3623,1.0,1.570125117958313,0.2594166504430888,3.402066714929513e-09,3.930991072726188,2.033299204957108,0.8,0.32,25,10
3624,12,TCF7,3624,1.0,1.570125117958313,0.40991012059750126,7.62121776617825e-22,3.0352896869291497,1.576469037638453,0.8,0.32,25,10
3626,12,TCF7,3626,1.0,1.570125117958313,0.2823633664644257,1.0813612473454578e-10,3.8931260431711436,2.006918516951899,0.8,0.32,25,10
3630,12,TCF7,3630,1.0,1.570125117958313,-0.3763137700261205,2.1151086713025643e-18,-2.955658975863119,1.5861805108722504,0.8,0.32,25,10
3520,12,TBX21,3520,1.0,2.1388248646437114,0.777718580334924,2.807358227260721e-103,3.7543813676719733,1.92979082425701,0.6,0.25,12,5
3524,12,TBX21,3524,1.0,2.1388248646437114,0.38423175086508304,3.5406971010027577e-19,2.5624109156137798,1.3217666688034664,0.6,0.25,12,5
3528,12,TBX21,3528,1.0,2.1388248646437114,0.2330541253238818,1.209164614890888e-07,6.5703662622494665,3.1862073100280828,0.6,0.25,12,5
3537,12,IKZF1,3537,1.0,2.1422404914371254,-0.29799536566507284,8.543239753708538e-12,-2.6706392866848168,1.4047920292390819,0.8888888888888888,0.32,25,9
3538,12,IKZF1,3538,1.0,2.1422404914371254,-0.291380832532465,2.5488695330359083e-11,-4.046739156438743,2.1924088035963907,0.8888888888888888,0.32,25,9
3536,12,IKZF1,3536,1.0,2.1422404914371254,0.5194494062920362,3.575140110732404e-36,3.7221083519536635,1.9382255255855576,0.8888888888888888,0.32,25,9
3532,12,IKZF1,3532,1.0,2.1422404914371254,0.8714352144029004,2.071895483671399e-157,4.069547284137541,2.082447642045032,0.8888888888888888,0.32,25,9
3550,12,IKZF1,3550,1.0,2.1422404914371254,0.23781931117859662,6.535693957643496e-08,3.3016429627877715,1.7065778417043895,0.8888888888888888,0.32,25,9
3533,12,IKZF1,3533,1.0,2.1422404914371254,-0.22517316892357955,3.2503519661210285e-07,-3.3039743083548876,1.7612432663692281,0.8888888888888888,0.32,25,9
3542,12,IKZF1,3542,1.0,2.1422404914371254,0.6611056584683935,1.2469628480646521e-64,3.203175489073207,1.6842247652459696,0.8888888888888888,0.32,25,9
3551,12,IKZF1,3551,1.0,2.1422404914371254,-0.18321116987009295,3.504322813690354e-05,-3.5076259547932445,1.8394807457757854,0.8888888888888888,0.32,25,9
5645,12,ATF1,5645,-1.0,1.844877740617985,-0.23613380875836998,8.136806330100551e-08,3.339964950422448,1.7835976022318805,1.0,0.11764705882352941,17,2
5644,12,ATF1,5644,-1.0,1.844877740617985,-0.19756915344980128,7.876139770638294e-06,5.948606530186676,2.932571906013892,1.0,0.11764705882352941,17,2
3259,12,ETV6,3259,1.0,1.8473572497329387,-0.3073865442316909,1.7235200135146692e-12,-6.133096473761165,3.326295809207269,1.0,0.52,25,13
3271,12,ETV6,3271,1.0,1.8473572497329387,0.14284103421348704,0.0013030224721525179,3.210264379239505,1.7174979330207136,1.0,0.52,25,13
3275,12,ETV6,3275,1.0,1.8473572497329387,0.22899849643285938,2.0202832878973266e-07,2.6857495760696515,1.387535677107086,1.0,0.52,25,13
3272,12,ETV6,3272,1.0,1.8473572497329387,-0.21726596735156878,8.460118905755685e-07,-2.644839180293029,1.3748489597114555,1.0,0.52,25,13
3262,12,ETV6,3262,1.0,1.8473572497329387,0.20246331557691244,4.615708761949876e-06,3.4959415153507236,1.8350416546148478,1.0,0.52,25,13
3274,12,ETV6,3274,1.0,1.8473572497329387,0.21737076057289084,8.355468540707868e-07,4.266232161050497,2.16521999165374,1.0,0.52,25,13
3266,12,ETV6,3266,1.0,1.8473572497329387,-0.2732060511242822,4.4524030498822376e-10,-2.554129687856692,1.4508592043712534,1.0,0.52,25,13
3267,12,ETV6,3267,1.0,1.8473572497329387,0.28331944057666636,9.300080383078466e-11,3.914329421698146,2.080298176732677,1.0,0.52,25,13
3256,12,ETV6,3256,1.0,1.8473572497329387,0.28989394982241856,3.2462467777574364e-11,3.745071418587792,1.9334511392766596,1.0,0.52,25,13
3263,12,ETV6,3263,1.0,1.8473572497329387,0.08255962410915217,0.06402301668117133,3.8701846750292384,2.0744548770004267,1.0,0.52,25,13
3254,12,ETV6,3254,1.0,1.8473572497329387,0.30387784597252376,3.155674420581102e-12,4.342119950809459,2.2054392690042337,1.0,0.52,25,13
3253,12,ETV6,3253,1.0,1.8473572497329387,-0.2491347294952332,1.4380224247339895e-08,-3.2456427113884945,1.7092283290505783,1.0,0.52,25,13
3255,12,ETV6,3255,1.0,1.8473572497329387,-0.28244772594491757,1.0670944088370092e-10,-2.8922072040568994,1.9168754392152014,1.0,0.52,25,13
3109,12,CREB3L2,3109,1.0,2.1523943799319754,0.4104363362902581,6.681978219024887e-22,4.5687122894138446,2.319093276613626,1.0,0.14285714285714285,7,1
2425,12,MZF1,2425,1.0,1.3924413006612033,0.4806914740403851,1.679116281048116e-30,5.784944434876544,2.8027070439912807,1.0,0.6666666666666666,21,14
2429,12,MZF1,2429,1.0,1.3924413006612033,0.3561863478428203,1.6029520958945096e-16,3.636801234892186,1.859584512706978,1.0,0.6666666666666666,21,14
2435,12,MZF1,2435,1.0,1.3924413006612033,0.33707030209786093,7.416879340717324e-15,6.554777215907282,3.4114909202416714,1.0,0.6666666666666666,21,14
2438,12,MZF1,2438,1.0,1.3924413006612033,0.292609106568426,2.085059720828806e-11,4.115302655072299,2.1348331718680336,1.0,0.6666666666666666,21,14
2421,12,MZF1,2421,1.0,1.3924413006612033,0.42194381302414774,3.549774690765578e-23,3.764870940766639,1.9519758442925281,1.0,0.6666666666666666,21,14
2428,12,MZF1,2428,1.0,1.3924413006612033,0.25625785656245054,5.333255801487456e-09,2.5956057762157165,1.3284022331623846,1.0,0.6666666666666666,21,14
2420,12,MZF1,2420,1.0,1.3924413006612033,-0.325087600290534,7.192055921218767e-14,-3.199629036275356,1.677606699977393,1.0,0.6666666666666666,21,14
2431,12,MZF1,2431,1.0,1.3924413006612033,0.10900594631231436,0.014349192319078817,3.2241483092182177,1.6768785508407495,1.0,0.6666666666666666,21,14
2419,12,MZF1,2419,1.0,1.3924413006612033,0.67952442624071,1.5648183038324644e-69,3.072881833528987,1.5981498021013305,1.0,0.6666666666666666,21,14
2424,12,MZF1,2424,1.0,1.3924413006612033,0.23978357481547063,5.052262835484248e-08,3.192174586586324,1.639016297455959,1.0,0.6666666666666666,21,14
2426,12,MZF1,2426,1.0,1.3924413006612033,0.28498928962662395,7.136970789034126e-11,8.736966455677663,8.460098207970544,1.0,0.6666666666666666,21,14
2436,12,MZF1,2436,1.0,1.3924413006612033,0.42404248943327205,2.0529512676954933e-23,3.4998793312984118,1.7867237046475932,1.0,0.6666666666666666,21,14
2430,12,MZF1,2430,1.0,1.3924413006612033,-0.16856683272049294,0.00014343957706930917,-2.8027166027277035,1.4744902190497564,1.0,0.6666666666666666,21,14
2427,12,MZF1,2427,1.0,1.3924413006612033,0.5378595506507912,3.9171115837248014e-39,9.758012413181781,4.4042806575611175,1.0,0.6666666666666666,21,14
6585,12,BARX1,6585,1.0,1.3479209100356349,0.2431454975199225,3.234868113493833e-08,2.6102315467450885,1.3434525316277692,0.2,0.04,25,5
6165,12,RORA,6165,1.0,1.3037249590296869,0.22026654033990684,5.909255208722704e-07,4.91221662393553,2.4245633220426583,0.8333333333333334,0.20833333333333334,24,6
6160,12,RORA,6160,1.0,1.3037249590296869,0.20971270066659925,2.0416163251042874e-06,3.3344965139378147,1.73688245018049,0.8333333333333334,0.20833333333333334,24,6
6161,12,RORA,6161,1.0,1.3037249590296869,0.26319661129841515,1.970885595136945e-09,2.5918684774351717,1.3380345338537187,0.8333333333333334,0.20833333333333334,24,6
6145,12,RORA,6145,1.0,1.3037249590296869,-0.1929570331858011,1.2877343762852254e-05,-3.854222949037062,2.080906568503732,0.8333333333333334,0.20833333333333334,24,6
6147,12,RORA,6147,1.0,1.3037249590296869,0.30577574681807757,2.2774268235766194e-12,3.750064282509284,1.911703025081699,0.8333333333333334,0.20833333333333334,24,6
6871,12,NR6A1,6871,1.0,1.3896279953950457,0.1046263770162033,0.01879987613419923,3.854776845068555,1.9764372359825777,1.0,0.3333333333333333,18,6
6878,12,NR6A1,6878,1.0,1.3896279953950457,0.4212406298878703,4.2610127636888726e-23,3.0746667794871527,1.6917324989050693,1.0,0.3333333333333333,18,6
6876,12,NR6A1,6876,1.0,1.3896279953950457,0.24934919004119457,1.3963281935311313e-08,3.4494014114062934,1.7708913465762763,1.0,0.3333333333333333,18,6
6863,12,NR6A1,6863,1.0,1.3896279953950457,0.31159158313594,8.259504562284957e-13,4.140778137009001,2.1086447526942598,1.0,0.3333333333333333,18,6
6867,12,NR6A1,6867,1.0,1.3896279953950457,0.24263305060097226,3.4638286194160195e-08,5.58237804844551,2.738733266631602,1.0,0.3333333333333333,18,6
6872,12,NR6A1,6872,1.0,1.3896279953950457,0.4432558297790653,1.1376548453394646e-25,2.6561051035443066,1.4958709958151872,1.0,0.3333333333333333,18,6
3430,12,SPIB,3430,1.0,2.1534228598582645,0.46410068247757047,2.753380461954749e-28,3.635475418732803,1.871988741888048,0.9166666666666666,0.44,25,12
3426,12,SPIB,3426,1.0,2.1534228598582645,0.7111524826667044,7.618441353800374e-79,4.37014584380938,2.215806705874749,0.9166666666666666,0.44,25,12
3450,12,SPIB,3450,1.0,2.1534228598582645,0.2591148309684403,3.552314691550569e-09,3.084141752338647,1.6393691912388133,0.9166666666666666,0.44,25,12
3449,12,SPIB,3449,1.0,2.1534228598582645,0.5949192721951433,1.4312220142204206e-49,2.8720378829639106,1.4810570368551952,0.9166666666666666,0.44,25,12
3435,12,SPIB,3435,1.0,2.1534228598582645,0.32191849580672455,1.2900246912012893e-13,4.382391843886313,2.20152350691768,0.9166666666666666,0.44,25,12
3429,12,SPIB,3429,1.0,2.1534228598582645,0.10039902971600194,0.024192770463410337,4.841440199077541,2.5281138479699856,0.9166666666666666,0.44,25,12
3448,12,SPIB,3448,1.0,2.1534228598582645,0.15591347304325606,0.00044297006701408243,3.7469924729378836,1.9106363117447975,0.9166666666666666,0.44,25,12
3441,12,SPIB,3441,1.0,2.1534228598582645,0.2169058461026248,8.829427647993692e-07,3.890463338664324,1.9985482135760129,0.9166666666666666,0.44,25,12
3440,12,SPIB,3440,1.0,2.1534228598582645,0.5130774535322206,3.4386817019838846e-35,3.2079174980244196,1.67613126068071,0.9166666666666666,0.44,25,12
3431,12,SPIB,3431,1.0,2.1534228598582645,0.5758693080432359,7.401550305810841e-46,4.056839517698881,2.1230495776581373,0.9166666666666666,0.44,25,12
3432,12,SPIB,3432,1.0,2.1534228598582645,0.247535086279596,1.7893850310620723e-08,4.735123341563319,2.3941750757671176,0.9166666666666666,0.44,25,12
634,12,ZBTB14,634,1.0,1.386057211314643,0.3875325498712159,1.6564998676005332e-19,3.125999253392976,1.6326255352384587,1.0,0.16666666666666666,12,2
632,12,ZBTB14,632,1.0,1.386057211314643,0.35532035090919367,1.9179868726778165e-16,3.042300846937904,1.5826671975679065,1.0,0.16666666666666666,12,2
6371,12,ZNF691,6371,1.0,1.373853441201923,0.49537377295620644,1.450247932528247e-32,5.536982897143881,3.1765064145906754,0.5,0.1111111111111111,18,4
6375,12,ZNF691,6375,1.0,1.373853441201923,0.3323458899920505,1.838210469321148e-14,2.7585968805747556,1.4320615045524663,0.5,0.1111111111111111,18,4
5664,12,ZNF35,5664,-1.0,1.7419376555072368,0.2403457838865706,4.691430972749761e-08,-2.590864546891671,1.3610920215078772,0.875,0.28,25,8
5672,12,ZNF35,5672,-1.0,1.7419376555072368,-0.14311829570603685,0.0012746837982871716,4.986446245714241,2.4752773954988285,0.875,0.28,25,8
5680,12,ZNF35,5680,-1.0,1.7419376555072368,0.1868280357298018,2.4312714777231656e-05,-3.3441676331657617,1.718408261508879,0.875,0.28,25,8
5666,12,ZNF35,5666,-1.0,1.7419376555072368,0.218179393059783,7.588712370547969e-07,-3.79211285224076,2.2396926883160435,0.875,0.28,25,8
5658,12,ZNF35,5658,-1.0,1.7419376555072368,0.28168258545685676,1.203502767143629e-10,-5.159642551910166,2.955033767673139,0.875,0.28,25,8
5657,12,ZNF35,5657,-1.0,1.7419376555072368,0.2638914522193995,1.7810303926659513e-09,-2.5276520647073606,1.3133343401632425,0.875,0.28,25,8
5656,12,ZNF35,5656,-1.0,1.7419376555072368,0.354118040846673,2.458313871191884e-16,-3.7762262323223794,2.020147936608885,0.875,0.28,25,8
4022,12,TBX5,4022,1.0,2.1339903935268616,0.1993979732541079,6.4603884197593435e-06,2.5663446035426802,1.3177457435194955,1.0,0.34782608695652173,23,8
4020,12,TBX5,4020,1.0,2.1339903935268616,0.6018098482944716,5.62960680731734e-51,3.0367278151532915,1.5722264441647793,1.0,0.34782608695652173,23,8
4015,12,TBX5,4015,1.0,2.1339903935268616,-0.40090296513263324,6.984814599812946e-21,-3.5933688962927652,1.8984866033997154,1.0,0.34782608695652173,23,8
4026,12,TBX5,4026,1.0,2.1339903935268616,0.13903585924676917,0.0017551791040914264,6.105986984529767,3.1951954376092733,1.0,0.34782608695652173,23,8
4024,12,TBX5,4024,1.0,2.1339903935268616,-0.1903283917736759,1.695422790919597e-05,-4.50087614496188,2.718713713660755,1.0,0.34782608695652173,23,8
4019,12,TBX5,4019,1.0,2.1339903935268616,0.39199226067379417,5.854621696497948e-20,3.7659556272260857,1.9546891118024285,1.0,0.34782608695652173,23,8
4014,12,TBX5,4014,1.0,2.1339903935268616,0.568600520273036,1.6717228408282295e-44,4.3429288997665845,2.2017979591153694,1.0,0.34782608695652173,23,8
4018,12,TBX5,4018,1.0,2.1339903935268616,0.1359692983981353,0.002219716982251336,3.9567583079194946,2.0304305436872494,1.0,0.34782608695652173,23,8
7634,12,HOXB3,7634,1.0,2.240835888857439,0.3521496529685304,3.682310204622946e-16,2.5747469425464056,1.337191704652777,1.0,0.4117647058823529,17,7
7633,12,HOXB3,7633,1.0,2.240835888857439,0.14210307622469578,0.001381297105904092,3.1778239123277876,1.6493205639089283,1.0,0.4117647058823529,17,7
7642,12,HOXB3,7642,1.0,2.240835888857439,-0.1807385934968776,4.481256408826417e-05,-6.136441528008814,3.2030352555386252,1.0,0.4117647058823529,17,7
7632,12,HOXB3,7632,1.0,2.240835888857439,0.16177983131665746,0.0002653388095204699,3.98833881961721,2.0356887903374337,1.0,0.4117647058823529,17,7
7645,12,HOXB3,7645,1.0,2.240835888857439,0.2131676900565199,1.369887073162243e-06,8.75766286989428,4.157917187687672,1.0,0.4117647058823529,17,7
7636,12,HOXB3,7636,1.0,2.240835888857439,0.24390781608395976,2.9211323082415435e-08,3.2310419527642456,1.7066158005679415,1.0,0.4117647058823529,17,7
7629,12,HOXB3,7629,1.0,2.240835888857439,0.2706774225629179,6.521199925821525e-10,3.3387332222429076,1.7411661558962077,1.0,0.4117647058823529,17,7
2105,12,XBP1,2105,1.0,2.0250323405318875,0.2906772744651632,2.8584044599833535e-11,3.0530310652145842,1.600038444567629,0.25,0.1111111111111111,18,8
2102,12,XBP1,2102,1.0,2.0250323405318875,0.4734905487856031,1.589509426940701e-29,4.200498630710368,2.138111484968728,0.25,0.1111111111111111,18,8
4791,12,SPI1,4791,1.0,2.150083136476663,0.5542857474938907,6.210839838892337e-42,2.8789033917112095,1.495647703017054,0.8181818181818182,0.36,25,11
4790,12,SPI1,4790,1.0,2.150083136476663,-0.38288471742714075,4.815554942114812e-19,-3.0907866110070366,1.633745079163203,0.8181818181818182,0.36,25,11
4784,12,SPI1,4784,1.0,2.150083136476663,0.9065427244681579,3.627197914504045e-190,4.255753602130189,2.1649629831714443,0.8181818181818182,0.36,25,11
4808,12,SPI1,4808,1.0,2.150083136476663,0.5879221219521271,3.534835705145039e-48,3.277477140521318,1.7115802893825949,0.8181818181818182,0.36,25,11
4804,12,SPI1,4804,1.0,2.150083136476663,0.5256501093064535,3.770837348997984e-37,3.4788232907713685,1.828821565200172,0.8181818181818182,0.36,25,11
4805,12,SPI1,4805,1.0,2.150083136476663,-0.265166217702387,1.4778653279771239e-09,-4.443119038414663,2.7608985238751322,0.8181818181818182,0.36,25,11
4785,12,SPI1,4785,1.0,2.150083136476663,-0.26847142214805664,9.068142765548906e-10,-3.09434700207752,1.6413070135207941,0.8181818181818182,0.36,25,11
4795,12,SPI1,4795,1.0,2.150083136476663,-0.3876698683589054,1.6046711257888238e-19,-3.077695334101807,1.6509531717522286,0.8181818181818182,0.36,25,11
4792,12,SPI1,4792,1.0,2.150083136476663,0.11536683860691001,0.009536192519591107,5.094436200134329,2.504830556377098,0.8181818181818182,0.36,25,11
5791,12,JUN,5791,1.0,2.3485507967423924,0.2542999667529914,7.025975745648471e-09,3.80563898105932,2.117057878624482,0.9230769230769231,0.48,25,13
5770,12,JUN,5770,1.0,2.3485507967423924,-0.17750884391987012,6.14860286011931e-05,-2.13306868515811,1.349870859951921,0.9230769230769231,0.48,25,13
5769,12,JUN,5769,1.0,2.3485507967423924,-0.4149254791782524,2.1551892227984417e-22,-4.062003811767047,2.1825439578266463,0.9230769230769231,0.48,25,13
5774,12,JUN,5774,1.0,2.3485507967423924,-0.3627099602020091,4.0754875576617004e-17,-3.0673824626790163,1.6223032883808237,0.9230769230769231,0.48,25,13
5787,12,JUN,5787,1.0,2.3485507967423924,0.2579188010005784,4.213587444586786e-09,10.045041801919186,5.445510338011438,0.9230769230769231,0.48,25,13
5772,12,JUN,5772,1.0,2.3485507967423924,0.16938446355197093,0.0001329798246187086,3.1415028067530333,1.6205511191132473,0.9230769230769231,0.48,25,13
5775,12,JUN,5775,1.0,2.3485507967423924,0.2788126759305249,1.883583775842386e-10,2.6143720991870008,1.3492605497466483,0.9230769230769231,0.48,25,13
5782,12,JUN,5782,1.0,2.3485507967423924,0.2147550542811077,1.1378869843372821e-06,4.603770386546891,2.3083658311668542,0.9230769230769231,0.48,25,13
5778,12,JUN,5778,1.0,2.3485507967423924,-0.2189598119870885,6.91309220534512e-07,-2.216035955860268,1.3475325882725104,0.9230769230769231,0.48,25,13
5783,12,JUN,5783,1.0,2.3485507967423924,0.25666718750834805,5.033128008030659e-09,3.924848229856035,2.0475112299509006,0.9230769230769231,0.48,25,13
5777,12,JUN,5777,1.0,2.3485507967423924,0.1936465313396876,1.197361662038722e-05,3.742121056427399,1.9658004920755927,0.9230769230769231,0.48,25,13
5790,12,JUN,5790,1.0,2.3485507967423924,-0.3488569149794224,7.193404718700306e-16,-7.20562119452197,3.4216393500263447,0.9230769230769231,0.48,25,13
1977,12,MLXIPL,1977,1.0,1.393565320162025,0.3240469792322893,8.719720522393477e-14,3.126196266792559,1.6566394921894232,1.0,1.0,1,1
1653,12,GABPB1,1653,1.0,1.3828462286975443,0.23605319858812224,8.222184938281045e-08,3.0012673240831256,1.601320886650183,0.6,0.24,25,10
1648,12,GABPB1,1648,1.0,1.3828462286975443,0.3068104627126878,1.9045215914025167e-12,4.998026403601374,2.8657730026662294,0.6,0.24,25,10
1635,12,GABPB1,1635,1.0,1.3828462286975443,0.28900855020827887,3.746582507016808e-11,2.6989903556065977,1.393769859763435,0.6,0.24,25,10
1638,12,GABPB1,1638,1.0,1.3828462286975443,0.29882087004806335,7.439003388260749e-12,5.294190177704029,2.8204257409827673,0.6,0.24,25,10
1641,12,GABPB1,1641,1.0,1.3828462286975443,0.14850380494063484,0.0008252473548168607,5.741587938588031,3.1095555942516895,0.6,0.24,25,10
1649,12,GABPB1,1649,1.0,1.3828462286975443,0.3633159424702087,3.5829184913338274e-17,6.397493041781362,3.7756596294123046,0.6,0.24,25,10
62,12,ZNF263,62,1.0,1.4049252096391502,0.31641263371329154,3.502622069725949e-13,2.5630984093651317,1.3339023880207117,0.6666666666666666,0.16,25,6
50,12,ZNF263,50,1.0,1.4049252096391502,0.3459591668245282,1.288392337443529e-15,3.1424350236110037,1.6401676696900849,0.6666666666666666,0.16,25,6
47,12,ZNF263,47,1.0,1.4049252096391502,0.4618652499772932,5.359547919526263e-28,2.6069582897141306,1.3458448863738075,0.6666666666666666,0.16,25,6
56,12,ZNF263,56,1.0,1.4049252096391502,0.17637552116584052,6.86142064558826e-05,4.861639434632872,2.489149181960645,0.6666666666666666,0.16,25,6
4210,12,ERG,4210,1.0,2.697587073647937,0.480579275931331,1.7396789347993606e-30,4.5316870101490725,2.3003162535849686,1.0,0.5454545454545454,11,6
4217,12,ERG,4217,1.0,2.697587073647937,-0.3495810942530666,6.212519988695117e-16,-3.001008171057262,1.5830153120451085,1.0,0.5454545454545454,11,6
4209,12,ERG,4209,1.0,2.697587073647937,-0.32343921604172376,9.754573879092842e-14,-2.6652001855787346,1.3917241849294992,1.0,0.5454545454545454,11,6
4212,12,ERG,4212,1.0,2.697587073647937,-0.3791201287438151,1.1288431500214683e-18,-5.660092222722435,2.8861781141271488,1.0,0.5454545454545454,11,6
4214,12,ERG,4214,1.0,2.697587073647937,0.11649144421462213,0.00885374931887364,3.345865168716194,1.7993274367358258,1.0,0.5454545454545454,11,6
4216,12,ERG,4216,1.0,2.697587073647937,0.19375235562132678,1.1840371705921436e-05,3.314132035981681,1.7139699741940368,1.0,0.5454545454545454,11,6
5361,12,FOXP1,5361,1.0,2.147074886927599,0.5638865125031529,1.2115571409150774e-43,3.186460621022757,1.6631487163789924,0.9166666666666666,0.44,25,12
5362,12,FOXP1,5362,1.0,2.147074886927599,-0.410823077641935,6.065417556918882e-22,-2.669994592928638,1.3946810451030542,0.9166666666666666,0.44,25,12
5360,12,FOXP1,5360,1.0,2.147074886927599,0.24497927521896207,2.529462925958132e-08,4.24208615968028,2.222393045980882,0.9166666666666666,0.44,25,12
5359,12,FOXP1,5359,1.0,2.147074886927599,0.3739860107610828,3.544239571914872e-18,3.7719820040108383,1.954522766942433,0.9166666666666666,0.44,25,12
5356,12,FOXP1,5356,1.0,2.147074886927599,-0.36199018636790165,4.7475826842127694e-17,-3.91899018567716,2.102033323504366,0.9166666666666666,0.44,25,12
5355,12,FOXP1,5355,1.0,2.147074886927599,0.5787209396821278,2.132523714578261e-46,4.20338646534902,2.1415875752086397,0.9166666666666666,0.44,25,12
5369,12,FOXP1,5369,1.0,2.147074886927599,-0.47116700749458995,3.2459209147534756e-29,-3.483026625678381,1.908380897195592,0.9166666666666666,0.44,25,12
5367,12,FOXP1,5367,1.0,2.147074886927599,-0.2723654557675593,5.056843041188826e-10,-2.5917219014765007,1.5808705064826776,0.9166666666666666,0.44,25,12
5376,12,FOXP1,5376,1.0,2.147074886927599,0.3206736310729335,1.6197903308278e-13,4.015273587693983,2.191597140304547,0.9166666666666666,0.44,25,12
5377,12,FOXP1,5377,1.0,2.147074886927599,-0.2224301735490099,4.547666529512469e-07,-5.993565523620859,3.513080018276608,0.9166666666666666,0.44,25,12
5374,12,FOXP1,5374,1.0,2.147074886927599,0.27482669047728625,3.479132638412308e-10,2.733100085459904,1.4180505357464708,0.9166666666666666,0.44,25,12
258,12,NHLH1,258,1.0,1.3785717361390186,0.2203280385549494,5.865642638806752e-07,4.640004212513112,2.3515810138467947,1.0,0.5,4,2
257,12,NHLH1,257,1.0,1.3785717361390186,0.4581412748261198,1.608019302824643e-27,2.930353987303535,1.5207714916559705,1.0,0.5,4,2
8317,12,DMRTA1,8317,1.0,1.4440080813017155,0.1834352383108351,3.426543652190128e-05,5.441999823104901,2.623776112448415,1.0,1.0,2,2
8316,12,DMRTA1,8316,1.0,1.4440080813017155,0.12575962410859237,0.004691010631475031,4.772628243249278,2.408160904116006,1.0,1.0,2,2
4536,12,SOX17,4536,1.0,2.049781927791102,-0.23925614059688455,5.4150600477795554e-08,-4.126039412118577,2.6404246518042127,1.0,0.4,25,10
4541,12,SOX17,4541,1.0,2.049781927791102,-0.2763954018834097,2.7359369725775324e-10,-2.939457876372667,1.5788511923727833,1.0,0.4,25,10
4537,12,SOX17,4537,1.0,2.049781927791102,0.20749938909676208,2.6270717744883726e-06,4.045712187963715,3.931862403469931,1.0,0.4,25,10
4529,12,SOX17,4529,1.0,2.049781927791102,-0.33231964482034193,1.847421716196723e-14,-2.646690225903172,1.3661731000553985,1.0,0.4,25,10
4521,12,SOX17,4521,1.0,2.049781927791102,0.6238757576067177,1.0276545384135324e-55,4.351150296719464,2.2095913843713015,1.0,0.4,25,10
4532,12,SOX17,4532,1.0,2.049781927791102,-0.4015679990371771,5.944496962738358e-21,-3.492186120290595,1.9169754885329546,1.0,0.4,25,10
4522,12,SOX17,4522,1.0,2.049781927791102,-0.30217097248390584,4.222856021366401e-12,-3.6290490987760737,1.9781218381248045,1.0,0.4,25,10
4531,12,SOX17,4531,1.0,2.049781927791102,-0.3748140459284881,2.951079712451211e-18,-2.869802524787787,1.5094793620275442,1.0,0.4,25,10
4526,12,SOX17,4526,1.0,2.049781927791102,0.6055076055226964,9.597933641071411e-52,3.829069633622306,1.9946729838419117,1.0,0.4,25,10
4543,12,SOX17,4543,1.0,2.049781927791102,0.4100146326205551,7.424854152912888e-22,4.162048733694494,2.1768909139952357,1.0,0.4,25,10
2167,12,IRF3,2167,1.0,1.3746617035579878,0.17728529129656678,6.283425643637439e-05,7.853229861380171,3.6595080248880123,1.0,0.56,25,14
2166,12,IRF3,2166,1.0,1.3746617035579878,0.4874003023256315,1.9702531921718594e-31,3.5152736072372828,1.7889333115862238,1.0,0.56,25,14
2172,12,IRF3,2172,1.0,1.3746617035579878,-0.2691457355954547,8.201373638851048e-10,-2.528756361021004,1.691339384182305,1.0,0.56,25,14
2185,12,IRF3,2185,1.0,1.3746617035579878,0.35054560431335646,5.107592898843177e-16,12.14181197871588,5.631115403596144,1.0,0.56,25,14
2183,12,IRF3,2183,1.0,1.3746617035579878,-0.22684761087858618,2.642278920421583e-07,-3.1829742385709996,1.669085388308845,1.0,0.56,25,14
2180,12,IRF3,2180,1.0,1.3746617035579878,0.18409122671713488,3.208125857984995e-05,4.254634833573675,2.3428743673802157,1.0,0.56,25,14
2162,12,IRF3,2162,1.0,1.3746617035579878,0.35990463254463156,7.372450702607769e-17,2.6370787817286456,1.361668283599334,1.0,0.56,25,14
2169,12,IRF3,2169,1.0,1.3746617035579878,-0.2731325646434982,4.5023075643320457e-10,-3.265328298884207,1.710755767665467,1.0,0.56,25,14
2182,12,IRF3,2182,1.0,1.3746617035579878,-0.24184672651003233,3.8459122398501724e-08,-2.517434685355936,1.4211774776177808,1.0,0.56,25,14
2173,12,IRF3,2173,1.0,1.3746617035579878,-0.2234153048156422,4.0329046796688113e-07,-2.7391555380392956,1.466232835655014,1.0,0.56,25,14
2165,12,IRF3,2165,1.0,1.3746617035579878,0.4580972869147479,1.628893014976881e-27,5.541766454235966,2.976896587037788,1.0,0.56,25,14
2178,12,IRF3,2178,1.0,1.3746617035579878,0.09485867396832338,0.03324705205795528,3.9044188853233464,2.0328428842284945,1.0,0.56,25,14
2171,12,IRF3,2171,1.0,1.3746617035579878,0.21854916878260552,7.261044356681878e-07,4.567688150307769,2.277197093177314,1.0,0.56,25,14
2177,12,IRF3,2177,1.0,1.3746617035579878,-0.2913609611881714,2.557145102621731e-11,-3.9307511831431903,2.3714013420472315,1.0,0.56,25,14
3224,12,ZBTB18,3224,1.0,1.475522920430253,0.2528137401722377,8.648019178397014e-09,3.552336328009742,1.8756944600868022,0.5,0.18181818181818182,11,4
3217,12,ZBTB18,3217,1.0,1.475522920430253,0.1911530525618615,1.5558862314959193e-05,4.104138896764399,2.09840851925536,0.5,0.18181818181818182,11,4
1746,12,GMEB2,1746,1.0,1.8028033919199857,0.4320361126064089,2.4610620293404616e-24,2.945516849424534,1.5249905461763649,1.0,1.0,2,2
1747,12,GMEB2,1747,1.0,1.8028033919199857,-0.19687993649418306,8.482794501661124e-06,-2.810820982516513,1.450943056513235,1.0,1.0,2,2
3103,12,NR2F1,3103,1.0,2.122335217061471,0.01385866918795283,0.7562805686731594,2.8710821888725997,1.4791331902070106,1.0,0.56,25,14
3105,12,NR2F1,3105,1.0,2.122335217061471,0.2775782155326612,2.2802113380732704e-10,3.1638291810880523,1.6472377206653865,1.0,0.56,25,14
3084,12,NR2F1,3084,1.0,2.122335217061471,0.4212727802232133,4.225622228745121e-23,3.947542542008298,2.021554644911341,1.0,0.56,25,14
3092,12,NR2F1,3092,1.0,2.122335217061471,0.29750345616104934,9.275748764595154e-12,3.4118240904453736,1.7904040835696637,1.0,0.56,25,14
3091,12,NR2F1,3091,1.0,2.122335217061471,0.25653680524461014,5.1269022853315645e-09,4.395941754001231,2.294491943944962,1.0,0.56,25,14
3108,12,NR2F1,3108,1.0,2.122335217061471,0.2753694968678731,3.202091111864667e-10,4.586085217658157,2.3069936052504274,1.0,0.56,25,14
3093,12,NR2F1,3093,1.0,2.122335217061471,-0.24160124042180117,3.9733262501368205e-08,-2.9242808470625157,1.5935538786973422,1.0,0.56,25,14
3085,12,NR2F1,3085,1.0,2.122335217061471,-0.34290141685496794,2.3675543663507835e-15,-3.458758821577726,1.8277957242718996,1.0,0.56,25,14
3101,12,NR2F1,3101,1.0,2.122335217061471,0.2786315842457358,1.937247958195531e-10,2.8973176319188645,1.591286305921709,1.0,0.56,25,14
3096,12,NR2F1,3096,1.0,2.122335217061471,0.2013090904182721,5.241834462798254e-06,5.6836499695616345,2.810469828998049,1.0,0.56,25,14
3098,12,NR2F1,3098,1.0,2.122335217061471,-0.4091352319028059,9.24596580791935e-22,-3.3710092632402775,1.7340562966231807,1.0,0.56,25,14
3089,12,NR2F1,3089,1.0,2.122335217061471,0.5417965138725884,8.628465319178407e-40,3.7942177457183757,1.9693560661732414,1.0,0.56,25,14
3102,12,NR2F1,3102,1.0,2.122335217061471,0.40021918467686896,8.241466390560503e-21,4.962341465722703,2.4656955786243957,1.0,0.56,25,14
3087,12,NR2F1,3087,1.0,2.122335217061471,0.24053474912287226,4.5758423855631176e-08,4.116627736053003,2.111729816052644,1.0,0.56,25,14
5416,12,NR3C1,5416,1.0,2.0751093082298406,-0.1050851051245666,0.018283112957888193,-3.7671859395181295,1.9779129293900686,0.7777777777777778,0.28,25,9
5410,12,NR3C1,5410,1.0,2.0751093082298406,0.2665485883893798,1.205790504160219e-09,3.627785875403617,1.8694145252292131,0.7777777777777778,0.28,25,9
5411,12,NR3C1,5411,1.0,2.0751093082298406,0.22085930628949604,5.501547276500026e-07,2.6133662401064437,1.3519435391290786,0.7777777777777778,0.28,25,9
5399,12,NR3C1,5399,1.0,2.0751093082298406,0.31317435445547875,6.242889298965973e-13,4.316285224589583,2.1957334238645987,0.7777777777777778,0.28,25,9
5419,12,NR3C1,5419,1.0,2.0751093082298406,0.2213381869404213,5.192052286764444e-07,3.199183457061316,1.6762220618687018,0.7777777777777778,0.28,25,9
5415,12,NR3C1,5415,1.0,2.0751093082298406,0.2535485112473214,7.805299508764133e-09,2.5412771574006423,1.3076428167649188,0.7777777777777778,0.28,25,9
5421,12,NR3C1,5421,1.0,2.0751093082298406,0.23189455739814363,1.4016608312686295e-07,7.112841722373018,3.2747487277919243,0.7777777777777778,0.28,25,9
5278,12,NR3C2,5278,1.0,2.127820210493197,0.3700601080045055,8.385914592709686e-18,4.371496056719076,2.2325225568961518,1.0,0.5,2,1
8315,12,HOXA3,8315,1.0,1.747386479196513,0.09857349055815887,0.026906868007947435,3.2958816072486283,1.6877466163539485,1.0,1.0,1,1
8004,12,NR4A2,8004,1.0,2.376618331908179,0.1295235779592673,0.003581394722447053,10.603624459433439,5.629089484168333,1.0,0.75,4,3
8001,12,NR4A2,8001,1.0,2.376618331908179,0.2128716820127497,1.4178966014202353e-06,3.1862622695606335,1.659566548121267,1.0,0.75,4,3
8002,12,NR4A2,8002,1.0,2.376618331908179,0.26056122112785063,2.8863626821956652e-09,5.950989860792934,3.0592034749330934,1.0,0.75,4,3
270,12,GTF2IRD1,270,1.0,1.4404078435601377,0.4002914526318236,8.098762523958637e-21,2.626550116460316,1.3621112425437443,0.3333333333333333,0.2,5,3
429,12,MAZ,429,1.0,1.3422771159588125,0.34344206739216443,2.1271002001771716e-15,4.172931154045453,2.1436913152237036,0.625,0.2,25,8
438,12,MAZ,438,1.0,1.3422771159588125,0.3908164769812504,7.713566546509792e-20,5.91442264574084,2.9387455221986896,0.625,0.2,25,8
426,12,MAZ,426,1.0,1.3422771159588125,0.3031112994931214,3.5975877694155835e-12,5.64167802979432,3.2247704109752107,0.625,0.2,25,8
422,12,MAZ,422,1.0,1.3422771159588125,0.31944404477838717,2.0260847001931615e-13,4.203706128275388,2.1939220821042715,0.625,0.2,25,8
419,12,MAZ,419,1.0,1.3422771159588125,0.37594146351888325,2.2977977698575085e-18,2.689613708597799,1.3927096328288795,0.625,0.2,25,8
447,12,BCL6,447,1.0,1.6653261212815316,0.25382652260192007,7.507677612133715e-09,2.651482788057673,1.4351913884277154,0.9166666666666666,0.44,25,12
451,12,BCL6,451,1.0,1.6653261212815316,0.4319031995582563,2.5505991964858127e-24,3.638294049293637,1.8584132703523495,0.9166666666666666,0.44,25,12
450,12,BCL6,450,1.0,1.6653261212815316,0.2266132789883311,2.7202501661033505e-07,2.998583801174339,1.5795726065494091,0.9166666666666666,0.44,25,12
458,12,BCL6,458,1.0,1.6653261212815316,0.3113758103313931,8.579672589100727e-13,4.733718017311439,2.3395193396159586,0.9166666666666666,0.44,25,12
453,12,BCL6,453,1.0,1.6653261212815316,0.5908113404262159,9.49379349033215e-49,4.509065767613386,2.3499816412117185,0.9166666666666666,0.44,25,12
444,12,BCL6,444,1.0,1.6653261212815316,0.32262730290836805,1.1326703689697835e-13,2.635662289186621,1.3641147899960588,0.9166666666666666,0.44,25,12
464,12,BCL6,464,1.0,1.6653261212815316,0.28796605449491214,4.432581470543044e-11,2.474913892565414,1.3051321550315478,0.9166666666666666,0.44,25,12
445,12,BCL6,445,1.0,1.6653261212815316,-0.21110078905171412,1.7406025056755937e-06,-3.7643252859149174,2.0053817599515305,0.9166666666666666,0.44,25,12
465,12,BCL6,465,1.0,1.6653261212815316,0.38163704071066673,6.394425775591619e-19,4.387610496958777,2.1972104688027616,0.9166666666666666,0.44,25,12
463,12,BCL6,463,1.0,1.6653261212815316,-0.2808881066161359,1.3630931966277575e-10,-3.676112257919062,1.996509184733271,0.9166666666666666,0.44,25,12
462,12,BCL6,462,1.0,1.6653261212815316,0.16331554879263305,0.00023134680222587807,4.825517209250175,2.45752312800657,0.9166666666666666,0.44,25,12
7589,12,HOXC6,7589,1.0,1.3702450412159153,0.3672642473554943,1.5374975609039287e-17,2.6707838875480805,1.38928450194667,0.8571428571428571,0.375,16,7
7584,12,HOXC6,7584,1.0,1.3702450412159153,0.3377322428214534,6.5230413101919844e-15,4.1451822893800925,2.1238190339701073,0.8571428571428571,0.375,16,7
7590,12,HOXC6,7590,1.0,1.3702450412159153,0.00022224036471790333,0.9960290283026318,5.1930591684497225,2.6348794257453005,0.8571428571428571,0.375,16,7
7585,12,HOXC6,7585,1.0,1.3702450412159153,0.3021858759921261,4.212163346504798e-12,4.6907814696709815,2.401972967381578,0.8571428571428571,0.375,16,7
7594,12,HOXC6,7594,1.0,1.3702450412159153,0.2623122427445925,2.2411260061073835e-09,3.120645493538687,1.6045971214054906,0.8571428571428571,0.375,16,7
7595,12,HOXC6,7595,1.0,1.3702450412159153,0.21346800980707079,1.3227731027492895e-06,5.00054936667665,2.4959720648332153,0.8571428571428571,0.375,16,7
7304,12,CREB1,7304,1.0,1.3796343654729835,0.44640496918582506,4.7016555544566413e-26,3.2646346510870425,1.693872377206859,1.0,0.2,10,2
7311,12,CREB1,7311,1.0,1.3796343654729835,0.32909626907074935,3.40094954867532e-14,3.1696126864801104,1.6438300396188423,1.0,0.2,10,2
6067,12,SOX7,6067,1.0,1.974436571448685,0.18657327009871652,2.4952638268165318e-05,2.6628525340352156,1.3765020213317183,1.0,0.32,25,8
6048,12,SOX7,6048,1.0,1.974436571448685,-0.2635445472890659,1.8734825865355974e-09,-3.65648039174889,2.0130411651197098,1.0,0.32,25,8
6066,12,SOX7,6066,1.0,1.974436571448685,0.32977920593170873,2.9902575503589075e-14,2.9628107599425273,1.566204832430455,1.0,0.32,25,8
6055,12,SOX7,6055,1.0,1.974436571448685,0.2823628978006452,1.0814410244808545e-10,4.833673707620911,2.411001172601255,1.0,0.32,25,8
6060,12,SOX7,6060,1.0,1.974436571448685,-0.26634462591210173,1.2426283881993175e-09,-2.8249111714555024,1.452596968132011,1.0,0.32,25,8
6065,12,SOX7,6065,1.0,1.974436571448685,-0.14856276284422298,0.0008212623087874625,-7.145243685095034,4.14026108280996,1.0,0.32,25,8
6047,12,SOX7,6047,1.0,1.974436571448685,-0.2116514689938135,1.6333835882170936e-06,-3.8691927535853616,2.0841512368451816,1.0,0.32,25,8
6053,12,SOX7,6053,1.0,1.974436571448685,-0.33840618133782696,5.7217705508850465e-15,-3.169740470727566,1.6554153512589673,1.0,0.32,25,8
4005,12,NFKB1,4005,1.0,2.233372585274378,0.44960978584970945,1.894849824458537e-26,2.8569970425493953,1.492648042934188,1.0,0.44,25,11
4000,12,NFKB1,4000,1.0,2.233372585274378,0.36574549550837315,2.131810967734416e-17,3.30824552664735,1.890023473312582,1.0,0.44,25,11
3999,12,NFKB1,3999,1.0,2.233372585274378,0.5709826445366128,6.070072603915097e-45,4.035241261538806,2.039410761473205,1.0,0.44,25,11
3989,12,NFKB1,3989,1.0,2.233372585274378,0.3369966281515647,7.523505584122002e-15,4.152513530794396,2.1205362692662786,1.0,0.44,25,11
4006,12,NFKB1,4006,1.0,2.233372585274378,0.4736451141004154,1.5154866303383937e-29,3.1312852205851116,1.6550771633990322,1.0,0.44,25,11
3994,12,NFKB1,3994,1.0,2.233372585274378,0.42088603887153636,4.671285609805796e-23,3.474556166811993,1.8323529636207263,1.0,0.44,25,11
3992,12,NFKB1,3992,1.0,2.233372585274378,0.21963581262409632,6.374914865808745e-07,4.20205797918735,2.165305694708106,1.0,0.44,25,11
3990,12,NFKB1,3990,1.0,2.233372585274378,-0.3734517340513012,3.987724566325044e-18,-2.6228401429831645,1.3844151244968423,1.0,0.44,25,11
4009,12,NFKB1,4009,1.0,2.233372585274378,-0.1985247588982614,7.1030756462745155e-06,-3.8458592271031735,2.046583725690342,1.0,0.44,25,11
4010,12,NFKB1,4010,1.0,2.233372585274378,0.3906147640901188,8.086337459166726e-20,6.4821669985910795,3.2535359146948606,1.0,0.44,25,11
4007,12,NFKB1,4007,1.0,2.233372585274378,0.2029279488489102,4.384397583152213e-06,3.2891148910172965,1.6853307430544386,1.0,0.44,25,11
2372,12,MTF1,2372,1.0,1.393942431306208,0.22424277758651084,3.644280271056193e-07,3.723612887650964,1.93059734869317,1.0,0.6,25,15
2360,12,MTF1,2360,1.0,1.393942431306208,0.19267949049498298,1.3259130150280157e-05,2.5703042848985254,1.3282155678893321,1.0,0.6,25,15
2380,12,MTF1,2380,1.0,1.393942431306208,-0.2528924756873634,8.553659702989388e-09,-5.509781251269151,4.410295362497983,1.0,0.6,25,15
2376,12,MTF1,2376,1.0,1.393942431306208,0.3640342165802185,3.0744925533689445e-17,4.408336727636151,2.3125615645387785,1.0,0.6,25,15
2378,12,MTF1,2378,1.0,1.393942431306208,-0.32698362648096585,5.053743598398206e-14,-4.580515530041287,2.7622738803345315,1.0,0.6,25,15
2383,12,MTF1,2383,1.0,1.393942431306208,0.5672235860858972,2.991230791413075e-44,4.947506370325089,2.474843793875409,1.0,0.6,25,15
2377,12,MTF1,2377,1.0,1.393942431306208,0.27114111850735456,6.082244334556442e-10,4.080275314049254,2.0598014355498067,1.0,0.6,25,15
2368,12,MTF1,2368,1.0,1.393942431306208,-0.4020756556442257,5.25464734298881e-21,-3.3314437687613774,1.7625347289894024,1.0,0.6,25,15
2370,12,MTF1,2370,1.0,1.393942431306208,0.4173001985540972,1.1762902588747124e-22,3.062819589164568,1.6110414413097085,1.0,0.6,25,15
2365,12,MTF1,2365,1.0,1.393942431306208,0.33590801592219577,9.285911714532246e-15,3.3853571679328334,1.7518563306948758,1.0,0.6,25,15
2367,12,MTF1,2367,1.0,1.393942431306208,0.4641284273733767,2.730628710622251e-28,4.528872044109684,2.345083032079541,1.0,0.6,25,15
2363,12,MTF1,2363,1.0,1.393942431306208,0.4578411152923211,1.755887178731455e-27,4.164151243694775,2.1477477616121874,1.0,0.6,25,15
2361,12,MTF1,2361,1.0,1.393942431306208,-0.44941285332913916,2.004232657768233e-26,-3.842900864482434,2.038200364934227,1.0,0.6,25,15
2374,12,MTF1,2374,1.0,1.393942431306208,0.5672788884119975,2.922295328558378e-44,5.044276690826328,2.5016703848350095,1.0,0.6,25,15
2373,12,MTF1,2373,1.0,1.393942431306208,-0.4765047130235759,6.244103894187012e-30,-4.271135615440816,2.310329654437583,1.0,0.6,25,15
4575,12,PAX5,4575,1.0,5.204254871041911,-0.28583175963846896,6.240474357455444e-11,-3.3452478192284816,1.8159739313135665,1.0,0.35714285714285715,14,5
4567,12,PAX5,4567,1.0,5.204254871041911,0.5375085214791891,4.478461629715762e-39,3.9598341768387786,2.0293517506350107,1.0,0.35714285714285715,14,5
4573,12,PAX5,4573,1.0,5.204254871041911,-0.13859906460333374,0.0018153936803776702,-5.679124384597122,3.0922587562400934,1.0,0.35714285714285715,14,5
4571,12,PAX5,4571,1.0,5.204254871041911,0.12896839884487502,0.003728470112228528,3.8377737353487653,2.1492633566606085,1.0,0.35714285714285715,14,5
4568,12,PAX5,4568,1.0,5.204254871041911,-0.26021459739578534,3.0339444251248668e-09,-3.452878695341472,1.8344922670938135,1.0,0.35714285714285715,14,5
