,Mutation,Regulator,Regulon,MutationRegulatorEdge,-log10(p)_MutationRegulatorEdge,RegulatorRegulon_Spearman_R,RegulatorRegulon_Spearman_p-value,Regulon_stratification_t-statistic,-log10(p)_Regulon_stratification,Fraction_of_edges_correctly_aligned,Fraction_of_aligned_and_diff_exp_edges,number_downstream_regulons,number_differentially_expressed_regulons
146,2,HSF1,146,-1.0,1.64188943130735,-0.25239246786358016,2.45205518125766e-09,5.699537677104393,6.82301659259799,0.9411764705882353,0.64,25,17
143,2,HSF1,143,-1.0,1.64188943130735,0.20111188295015875,2.3132842405153924e-06,-10.76352399109589,17.286616925494833,0.9411764705882353,0.64,25,17
157,2,HSF1,157,-1.0,1.64188943130735,0.13853460743739712,0.0012106363358265443,-12.73332813961986,22.33288827274341,0.9411764705882353,0.64,25,17
144,2,HSF1,144,-1.0,1.64188943130735,0.6215095602775983,2.4406976877381243e-59,-4.149981091184669,4.0982735949618165,0.9411764705882353,0.64,25,17
138,2,HSF1,138,-1.0,1.64188943130735,-0.251047379258323,2.996849068008989e-09,2.6756154140279524,2.050405618976443,0.9411764705882353,0.64,25,17
148,2,HSF1,148,-1.0,1.64188943130735,-0.2468578622250311,5.55695060103698e-09,12.35172754031499,23.933803218065762,0.9411764705882353,0.64,25,17
149,2,HSF1,149,-1.0,1.64188943130735,0.21443587526548002,4.5556741597120564e-07,-5.44959702126145,6.3575618362750275,0.9411764705882353,0.64,25,17
156,2,HSF1,156,-1.0,1.64188943130735,0.2346433843766452,3.155741184609966e-08,-2.205701246099566,1.530896500260562,0.9411764705882353,0.64,25,17
147,2,HSF1,147,-1.0,1.64188943130735,-0.32526065307776897,7.589156341650642e-15,14.104418104259627,31.20337907822482,0.9411764705882353,0.64,25,17
137,2,HSF1,137,-1.0,1.64188943130735,0.5245527764019922,1.0220735598321892e-39,-2.1542013978184285,1.468239064904115,0.9411764705882353,0.64,25,17
155,2,HSF1,155,-1.0,1.64188943130735,0.1251478053454568,0.003488980249673641,-6.016274045615183,7.564168533366776,0.9411764705882353,0.64,25,17
136,2,HSF1,136,-1.0,1.64188943130735,-0.37998550728113717,4.2806899689109663e-20,6.258887743686854,8.367069246445379,0.9411764705882353,0.64,25,17
145,2,HSF1,145,-1.0,1.64188943130735,0.22922652833125667,6.616245780754637e-08,-7.652764562377455,10.740055416706754,0.9411764705882353,0.64,25,17
139,2,HSF1,139,-1.0,1.64188943130735,-0.4008219386305011,2.257158932803414e-22,7.960349101559694,12.212660782577338,0.9411764705882353,0.64,25,17
151,2,HSF1,151,-1.0,1.64188943130735,0.21115560095314964,6.863871717871756e-07,-4.537723722027074,4.795528191441322,0.9411764705882353,0.64,25,17
150,2,HSF1,150,-1.0,1.64188943130735,-0.36673511783054136,9.936985103453893e-19,7.885275207954999,11.305648271807517,0.9411764705882353,0.64,25,17
8198,2,HOXA3,8198,-1.0,2.061428200890048,0.11918357483867333,0.005422908987952368,-2.3739370300952847,1.6995327411136392,0.6,0.5,24,20
8209,2,HOXA3,8209,-1.0,2.061428200890048,-0.2618469881887639,5.790884226733883e-10,5.184628905392513,6.012749788179419,0.6,0.5,24,20
8205,2,HOXA3,8205,-1.0,2.061428200890048,-0.17271901574231863,5.211541673764078e-05,6.270135169792118,7.964867963375312,0.6,0.5,24,20
8206,2,HOXA3,8206,-1.0,2.061428200890048,0.43496182544698375,1.8017024060822448e-26,-5.444783400263064,6.449366060947235,0.6,0.5,24,20
8201,2,HOXA3,8201,-1.0,2.061428200890048,-0.31768847729913763,3.3725205182266436e-14,2.659751788178878,2.0414930565686173,0.6,0.5,24,20
8199,2,HOXA3,8199,-1.0,2.061428200890048,0.2577364705642507,1.0923056038251333e-09,-2.6843084002829922,2.043134931761563,0.6,0.5,24,20
8191,2,HOXA3,8191,-1.0,2.061428200890048,-0.025610349132415604,0.5515066253184056,13.604007215592272,28.359637287004748,0.6,0.5,24,20
8212,2,HOXA3,8212,-1.0,2.061428200890048,0.28653475314408655,1.0123015367457022e-11,-8.235974476499344,11.903990670513098,0.6,0.5,24,20
8190,2,HOXA3,8190,-1.0,2.061428200890048,-0.22307986465467514,1.4993285143925415e-07,7.912296508408056,12.147025346559126,0.6,0.5,24,20
8197,2,HOXA3,8197,-1.0,2.061428200890048,0.39360765865539715,1.4477992311837774e-21,-2.9824841239635305,2.4190654148331916,0.6,0.5,24,20
8210,2,HOXA3,8210,-1.0,2.061428200890048,0.07732468127411206,0.071798826693378,-3.3159195173540246,2.85067865820116,0.6,0.5,24,20
8195,2,HOXA3,8195,-1.0,2.061428200890048,0.18243099619003994,1.892406881440413e-05,-5.017634804452024,5.635995559725599,0.6,0.5,24,20
2381,2,PRRX2,2381,-1.0,22.84609692782728,0.40267972910246363,1.3883016063098944e-22,-4.833659098478904,5.255505933183752,1.0,0.92,25,23
2386,2,PRRX2,2386,-1.0,22.84609692782728,-0.20925153601020482,8.681834238156728e-07,7.313513531772085,10.027862061951025,1.0,0.92,25,23
2372,2,PRRX2,2372,-1.0,22.84609692782728,-0.4628825297441429,3.464827424214881e-30,11.715066657574926,19.68774518072535,1.0,0.92,25,23
2384,2,PRRX2,2384,-1.0,22.84609692782728,0.4053665336743262,6.836809628215507e-23,-12.38023255720971,24.03227397495578,1.0,0.92,25,23
2389,2,PRRX2,2389,-1.0,22.84609692782728,-0.24975837346950885,3.6282190401911676e-09,6.837508352833012,9.496992433393078,1.0,0.92,25,23
2391,2,PRRX2,2391,-1.0,22.84609692782728,0.5605208594806547,3.013299107764855e-46,-12.390342456442518,22.68416614002528,1.0,0.92,25,23
2390,2,PRRX2,2390,-1.0,22.84609692782728,0.2341827469325711,3.3631809970073544e-08,-11.171114103981582,20.674155149338088,1.0,0.92,25,23
2375,2,PRRX2,2375,-1.0,22.84609692782728,0.26286170807677645,4.942807843396634e-10,-5.7652321395294575,7.254603237530333,1.0,0.92,25,23
2373,2,PRRX2,2373,-1.0,22.84609692782728,-0.29373376492697395,2.8781031480160766e-12,12.377961278978018,24.17107090952974,1.0,0.92,25,23
2371,2,PRRX2,2371,-1.0,22.84609692782728,0.5993807015522803,2.910506551169666e-54,-14.208551043708725,29.45755893333631,1.0,0.92,25,23
2387,2,PRRX2,2387,-1.0,22.84609692782728,0.33893394712031116,4.609473698673438e-16,-5.13533615855045,5.898309042646155,1.0,0.92,25,23
2380,2,PRRX2,2380,-1.0,22.84609692782728,0.380869444772777,3.452636759472647e-20,-5.370069031820668,6.310402723163475,1.0,0.92,25,23
2385,2,PRRX2,2385,-1.0,22.84609692782728,-0.4141404904904279,6.465256302652501e-24,4.346485821349889,4.48240556854331,1.0,0.92,25,23
2376,2,PRRX2,2376,-1.0,22.84609692782728,-0.32447652956620643,8.874033455408538e-15,4.174080339184059,4.215692401755884,1.0,0.92,25,23
2382,2,PRRX2,2382,-1.0,22.84609692782728,-0.2480242088984378,4.684547346149695e-09,11.052197450341495,21.052733600492573,1.0,0.92,25,23
2378,2,PRRX2,2378,-1.0,22.84609692782728,-0.28033122191033105,2.9082123217327546e-11,2.3395901155156937,1.6762932596537536,1.0,0.92,25,23
2374,2,PRRX2,2374,-1.0,22.84609692782728,-0.151468111181708,0.0003972763088861147,3.089598720477782,2.582943734497324,1.0,0.92,25,23
2377,2,PRRX2,2377,-1.0,22.84609692782728,-0.28477954853558474,1.3681640023639444e-11,8.633032004256462,13.048168900773488,1.0,0.92,25,23
2370,2,PRRX2,2370,-1.0,22.84609692782728,-0.34739917662223035,7.57863746056885e-17,7.759864441646312,11.622894823327785,1.0,0.92,25,23
2383,2,PRRX2,2383,-1.0,22.84609692782728,-0.3675999415674168,8.12881438190611e-19,10.220693228216266,18.214510254554252,1.0,0.92,25,23
2392,2,PRRX2,2392,-1.0,22.84609692782728,-0.3438329601597867,1.632367883088127e-16,4.756725544586671,5.100334033706112,1.0,0.92,25,23
2369,2,PRRX2,2369,-1.0,22.84609692782728,-0.17954048573847003,2.5727729267122215e-05,6.498035365935164,8.926866692694915,1.0,0.92,25,23
2379,2,PRRX2,2379,-1.0,22.84609692782728,-0.3768565143524484,9.114207634211219e-20,9.52348383573819,15.765773789689787,1.0,0.92,25,23
6125,2,CNOT3,6125,-1.0,3.3125679546492224,0.25062502473416026,3.190956585101527e-09,-2.951652916307784,2.389557781095284,0.9473684210526315,0.782608695652174,23,19
6140,2,CNOT3,6140,-1.0,3.3125679546492224,0.5771960636408445,1.4822246037163298e-49,-4.790180789412198,5.136203643492415,0.9473684210526315,0.782608695652174,23,19
6144,2,CNOT3,6144,-1.0,3.3125679546492224,0.10650199612168369,0.013024651270558234,-6.343094407613183,8.289871082004113,0.9473684210526315,0.782608695652174,23,19
6135,2,CNOT3,6135,-1.0,3.3125679546492224,0.4479274722467732,3.739118821496083e-28,-5.505474965268032,6.352227178916576,0.9473684210526315,0.782608695652174,23,19
6128,2,CNOT3,6128,-1.0,3.3125679546492224,0.8535494869085839,2.6189940496435626e-155,-4.280056157465718,4.270832126462754,0.9473684210526315,0.782608695652174,23,19
6134,2,CNOT3,6134,-1.0,3.3125679546492224,0.7596822994554288,3.519180052789894e-103,-4.2032970343497675,4.126760687389304,0.9473684210526315,0.782608695652174,23,19
6145,2,CNOT3,6145,-1.0,3.3125679546492224,0.26547518968852346,3.2771712206858657e-10,-2.5240857025761687,1.8665722038914225,0.9473684210526315,0.782608695652174,23,19
6147,2,CNOT3,6147,-1.0,3.3125679546492224,0.38381697860690017,1.6778819714681097e-20,-3.7850965369434304,3.5239788800715615,0.9473684210526315,0.782608695652174,23,19
6133,2,CNOT3,6133,-1.0,3.3125679546492224,0.6222723467891164,1.6041398039318929e-59,-5.786389336324989,6.958872046649061,0.9473684210526315,0.782608695652174,23,19
6127,2,CNOT3,6127,-1.0,3.3125679546492224,0.2459408244959928,6.351662689572482e-09,-13.562654415241992,25.44776017197556,0.9473684210526315,0.782608695652174,23,19
6146,2,CNOT3,6146,-1.0,3.3125679546492224,0.07718527055273804,0.07231404832736806,-3.567093373499859,3.2213382416963268,0.9473684210526315,0.782608695652174,23,19
6129,2,CNOT3,6129,-1.0,3.3125679546492224,0.54065441491269,1.525170748233073e-42,-2.4159905387176197,1.7456182721552966,0.9473684210526315,0.782608695652174,23,19
6137,2,CNOT3,6137,-1.0,3.3125679546492224,0.7003251117984043,3.0327165260563867e-81,-2.679766050005376,2.0487083102508383,0.9473684210526315,0.782608695652174,23,19
6142,2,CNOT3,6142,-1.0,3.3125679546492224,0.28722940828693305,8.980066285936135e-12,-4.973884097825833,5.574474629813392,0.9473684210526315,0.782608695652174,23,19
6126,2,CNOT3,6126,-1.0,3.3125679546492224,-0.22564794505598615,1.0682825718909383e-07,8.22861967139218,12.871034855307826,0.9473684210526315,0.782608695652174,23,19
6139,2,CNOT3,6139,-1.0,3.3125679546492224,0.3582973213953784,6.8318560129437604e-18,-3.0429658647901303,2.4931842367374135,0.9473684210526315,0.782608695652174,23,19
6130,2,CNOT3,6130,-1.0,3.3125679546492224,0.4180275451600795,2.223549841605611e-24,-5.122016970367422,5.7911984720887615,0.9473684210526315,0.782608695652174,23,19
6132,2,CNOT3,6132,-1.0,3.3125679546492224,0.07990198077151393,0.06280213871348848,-3.6489645024840294,3.4136022541801094,0.9473684210526315,0.782608695652174,23,19
4445,2,TCF7L2,4445,-1.0,2.266809399745754,-0.3799279441445698,4.340940183605555e-20,3.9395619544955776,3.7658639159600638,0.35294117647058826,0.24,25,17
4461,2,TCF7L2,4461,-1.0,2.266809399745754,0.30778589391353783,2.2272140898286978e-13,-2.307510232583079,1.6391892765760396,0.35294117647058826,0.24,25,17
4442,2,TCF7L2,4442,-1.0,2.266809399745754,0.26142073616056277,6.187942538184311e-10,-15.1101276233467,30.63686906856545,0.35294117647058826,0.24,25,17
4446,2,TCF7L2,4446,-1.0,2.266809399745754,0.645252930023613,2.9395085869104435e-65,-6.282785943012585,8.283331419017124,0.35294117647058826,0.24,25,17
4440,2,TCF7L2,4440,-1.0,2.266809399745754,0.6234825217930439,8.222974509489837e-60,-3.1243136367071407,2.669940331128236,0.35294117647058826,0.24,25,17
4463,2,TCF7L2,4463,-1.0,2.266809399745754,0.4109839308906576,1.5225695088258854e-23,-6.973119391684943,9.308881753811482,0.35294117647058826,0.24,25,17
4510,2,RBPJ,4510,-1.0,3.4450986675760262,0.34960828585373926,4.688382557201751e-17,-3.38132450362211,3.038796935371721,0.6666666666666666,0.5454545454545454,11,9
4516,2,RBPJ,4516,-1.0,3.4450986675760262,-0.23573251189937966,2.7133126905095384e-08,5.651894234349503,6.720140667989139,0.6666666666666666,0.5454545454545454,11,9
4517,2,RBPJ,4517,-1.0,3.4450986675760262,0.1567176630086093,0.00024622638311630105,-12.340694746070696,21.7661398856903,0.6666666666666666,0.5454545454545454,11,9
4515,2,RBPJ,4515,-1.0,3.4450986675760262,0.22023483661063453,2.1723785034388213e-07,-13.948524855184946,27.303089472900012,0.6666666666666666,0.5454545454545454,11,9
4512,2,RBPJ,4512,-1.0,3.4450986675760262,0.16705796607852333,9.17649650132032e-05,-14.702276135216579,28.06062897001034,0.6666666666666666,0.5454545454545454,11,9
4518,2,RBPJ,4518,-1.0,3.4450986675760262,0.18736538620667326,1.1078543306230412e-05,-7.998122437190679,12.140290360330209,0.6666666666666666,0.5454545454545454,11,9
1608,2,MEF2D,1608,-1.0,3.445157748886819,0.7576256165551581,2.5783127419575213e-102,-9.279533217110561,15.602073196150648,0.5,0.4,25,20
1607,2,MEF2D,1607,-1.0,3.445157748886819,0.4837812864641483,3.349617372796733e-33,-11.291841858213038,19.508240828787144,0.5,0.4,25,20
1599,2,MEF2D,1599,-1.0,3.445157748886819,0.7491832480479501,7.461478094994064e-99,-7.100646994484056,9.965267238067696,0.5,0.4,25,20
1605,2,MEF2D,1605,-1.0,3.445157748886819,0.28167479046418675,2.3191379401859454e-11,-3.7635170466953096,3.4934750902228826,0.5,0.4,25,20
1594,2,MEF2D,1594,-1.0,3.445157748886819,0.7284208692753161,6.686799834699122e-91,-12.325501798557443,22.794816297074117,0.5,0.4,25,20
1592,2,MEF2D,1592,-1.0,3.445157748886819,0.7862501603972816,3.3805906142663714e-115,-2.933217600415379,2.409611408739251,0.5,0.4,25,20
1610,2,MEF2D,1610,-1.0,3.445157748886819,0.6476567905913053,6.909234354223996e-66,-7.5484251999214305,10.860123592896858,0.5,0.4,25,20
1602,2,MEF2D,1602,-1.0,3.445157748886819,0.25581035404926683,1.4650231936539303e-09,-3.9123597104932784,3.696734017783308,0.5,0.4,25,20
1613,2,MEF2D,1613,-1.0,3.445157748886819,0.4979765957880574,2.2671570403276974e-35,-11.393678333650133,20.36124442486998,0.5,0.4,25,20
1596,2,MEF2D,1596,-1.0,3.445157748886819,0.46409724212614245,2.344715868018591e-30,-14.20077662224697,28.674958793195643,0.5,0.4,25,20
8076,2,HOXA13,8076,-1.0,8.445364037547048,0.3529246076522919,2.26366340704098e-17,-5.914962406052475,7.35994527493473,0.7368421052631579,0.56,25,19
8073,2,HOXA13,8073,-1.0,8.445364037547048,-0.18535326938731933,1.3805125975857796e-05,3.024258349636226,2.491403380678549,0.7368421052631579,0.56,25,19
8063,2,HOXA13,8063,-1.0,8.445364037547048,0.5490989335971072,4.3556147412076453e-44,-6.489048185356925,8.452813839612388,0.7368421052631579,0.56,25,19
8075,2,HOXA13,8075,-1.0,8.445364037547048,0.4231999770948775,5.2574116972314385e-25,-3.1132140306921605,2.5953133924006826,0.7368421052631579,0.56,25,19
8082,2,HOXA13,8082,-1.0,8.445364037547048,-0.3114641154179791,1.1138606967257556e-13,5.018427412891516,5.6583357168376835,0.7368421052631579,0.56,25,19
8060,2,HOXA13,8060,-1.0,8.445364037547048,-0.29380128314978005,2.8438720717167797e-12,11.242097531726623,18.680913615620835,0.7368421052631579,0.56,25,19
8081,2,HOXA13,8081,-1.0,8.445364037547048,-0.3066352527513223,2.760824978949161e-13,8.741382625400782,13.665084997846874,0.7368421052631579,0.56,25,19
8065,2,HOXA13,8065,-1.0,8.445364037547048,0.4734192194223231,1.1110272278971018e-31,-2.7384316624618896,2.1438560907603086,0.7368421052631579,0.56,25,19
8078,2,HOXA13,8078,-1.0,8.445364037547048,0.41575213887024226,4.1603335215997296e-24,-4.974525752771066,5.582951718679335,0.7368421052631579,0.56,25,19
8083,2,HOXA13,8083,-1.0,8.445364037547048,0.2853541088506635,1.2399738962500607e-11,-4.727823581323017,5.121996590860725,0.7368421052631579,0.56,25,19
8070,2,HOXA13,8070,-1.0,8.445364037547048,-0.331002248712468,2.3810479503192432e-15,4.160985920105074,4.151146333162517,0.7368421052631579,0.56,25,19
8061,2,HOXA13,8061,-1.0,8.445364037547048,0.2915751314398745,4.212259106822782e-12,-2.451450453338812,1.8019243166172414,0.7368421052631579,0.56,25,19
8072,2,HOXA13,8072,-1.0,8.445364037547048,-0.2600269018004771,7.680093800118407e-10,11.993936908957792,24.136543274710082,0.7368421052631579,0.56,25,19
8067,2,HOXA13,8067,-1.0,8.445364037547048,-0.3282185284839945,4.189637243131263e-15,12.694499611964362,25.164178515902787,0.7368421052631579,0.56,25,19
5065,2,TCF4,5065,-1.0,2.977391426200144,0.9432082694242608,4.355504489549423e-261,-2.8409376772653654,2.2870304728527673,0.38095238095238093,0.32,25,21
5072,2,TCF4,5072,-1.0,2.977391426200144,0.4430225383664302,1.6517832732557606e-27,-14.590418882696929,30.373945624803323,0.38095238095238093,0.32,25,21
5082,2,TCF4,5082,-1.0,2.977391426200144,0.18127103902660738,2.1418678564031994e-05,-3.58230308787567,3.2786282166769785,0.38095238095238093,0.32,25,21
5081,2,TCF4,5081,-1.0,2.977391426200144,0.5460041139654166,1.6222019282190184e-43,-8.03030273841022,11.339073818797582,0.38095238095238093,0.32,25,21
5068,2,TCF4,5068,-1.0,2.977391426200144,0.7173557054062578,5.8726616141366685e-87,-13.353103600036208,24.79975569558122,0.38095238095238093,0.32,25,21
5076,2,TCF4,5076,-1.0,2.977391426200144,0.010543572895917454,0.8063551830116606,-2.395319762572917,1.7577268382042166,0.38095238095238093,0.32,25,21
5086,2,TCF4,5086,-1.0,2.977391426200144,0.6150636882140678,8.089271467874963e-58,-2.523857952595109,1.866388270013389,0.38095238095238093,0.32,25,21
5079,2,TCF4,5079,-1.0,2.977391426200144,0.8700378777430934,2.620132273957033e-168,-5.078768252838382,5.86054257565682,0.38095238095238093,0.32,25,21
5159,2,CREM,5159,-1.0,12.096330998823824,0.5753234628543881,3.563717019992957e-49,-2.966657654619755,2.404389080715996,0.625,0.625,8,8
5153,2,CREM,5153,-1.0,12.096330998823824,0.3693031232798516,5.463462415693375e-19,-3.2515118630198843,2.834573264756315,0.625,0.625,8,8
5155,2,CREM,5155,-1.0,12.096330998823824,0.24039467624932995,1.4094068436582174e-08,-7.950589488031461,11.301302802692625,0.625,0.625,8,8
5156,2,CREM,5156,-1.0,12.096330998823824,0.2770189220822985,5.0547848438012285e-11,-14.709000931564946,32.22182111251773,0.625,0.625,8,8
5154,2,CREM,5154,-1.0,12.096330998823824,0.3999735569341394,2.8152157060462364e-22,-9.537043607492027,15.378556685611274,0.625,0.625,8,8
7014,2,TFAP2E,7014,-1.0,2.7133045295367246,-0.20954098495323595,8.378383963156482e-07,8.275776034212031,11.782398513446326,0.8,0.64,25,20
7006,2,TFAP2E,7006,-1.0,2.7133045295367246,-0.3071640171634086,2.501643202566001e-13,5.590831877538535,6.605635259842504,0.8,0.64,25,20
7016,2,TFAP2E,7016,-1.0,2.7133045295367246,0.4926122061431859,1.5392488004079898e-34,-7.866675761095322,11.200585664390532,0.8,0.64,25,20
7007,2,TFAP2E,7007,-1.0,2.7133045295367246,0.34896527263940175,5.39388875124845e-17,-2.42346897216037,1.7699947908148674,0.8,0.64,25,20
7020,2,TFAP2E,7020,-1.0,2.7133045295367246,-0.3050826750548949,3.6834140145109535e-13,9.99270670062774,15.843387954087046,0.8,0.64,25,20
7017,2,TFAP2E,7017,-1.0,2.7133045295367246,-0.21744954531118268,3.108257822151569e-07,13.219295582084957,26.535751712088178,0.8,0.64,25,20
7011,2,TFAP2E,7011,-1.0,2.7133045295367246,0.5629101373480423,1.0387878399953238e-46,-2.891808352655074,2.311304544589658,0.8,0.64,25,20
7015,2,TFAP2E,7015,-1.0,2.7133045295367246,0.208111500395147,9.982893286374027e-07,-3.5246361985112777,3.1997472638736535,0.8,0.64,25,20
7021,2,TFAP2E,7021,-1.0,2.7133045295367246,0.2293040287000205,6.547378353798242e-08,-5.785489775565494,6.977465124709858,0.8,0.64,25,20
7026,2,TFAP2E,7026,-1.0,2.7133045295367246,0.46843936143293835,5.731605241096173e-31,-4.9249676824085356,5.404686954212886,0.8,0.64,25,20
7018,2,TFAP2E,7018,-1.0,2.7133045295367246,-0.21322614997355693,5.303111068434487e-07,7.863897492531587,10.929908576457132,0.8,0.64,25,20
7024,2,TFAP2E,7024,-1.0,2.7133045295367246,0.18058387908383472,2.3040538957029962e-05,-4.6374437814770815,4.8911597279803045,0.8,0.64,25,20
7004,2,TFAP2E,7004,-1.0,2.7133045295367246,-0.3696441548832128,5.044201707141902e-19,8.232853300091046,12.79128396355991,0.8,0.64,25,20
7023,2,TFAP2E,7023,-1.0,2.7133045295367246,0.7006218467693289,2.430900874151625e-81,-3.7185389600528684,3.4320893242643784,0.8,0.64,25,20
7022,2,TFAP2E,7022,-1.0,2.7133045295367246,0.6389211349052067,1.2527238033715793e-63,-3.615621736497221,3.2696230712212575,0.8,0.64,25,20
7009,2,TFAP2E,7009,-1.0,2.7133045295367246,-0.277441051750459,4.7128650359082463e-11,11.299828525178956,18.696235110377536,0.8,0.64,25,20
1862,2,FOXC1,1862,1.0,8.696473637451861,0.24915004431162285,3.969330632634754e-09,8.58568054183879,13.680435351936744,0.625,0.6,25,24
1874,2,FOXC1,1874,1.0,8.696473637451861,0.2313494688001804,4.9607839430795274e-08,10.345845482075394,16.645408571693046,0.625,0.6,25,24
1883,2,FOXC1,1883,1.0,8.696473637451861,0.15934165760247138,0.00019275528691130284,9.609047228036955,15.507415860055545,0.625,0.6,25,24
1863,2,FOXC1,1863,1.0,8.696473637451861,0.19374672459756773,5.42840092341397e-06,2.549776574061593,1.9017955478193314,0.625,0.6,25,24
1869,2,FOXC1,1869,1.0,8.696473637451861,0.26367963955882656,4.3483698932729666e-10,3.4528976706397336,3.1244678302759916,0.625,0.6,25,24
1867,2,FOXC1,1867,1.0,8.696473637451861,0.08998377439088008,0.0360594555550673,14.415049235930905,32.67915131249605,0.625,0.6,25,24
1878,2,FOXC1,1878,1.0,8.696473637451861,0.374121037887337,1.752853390619107e-19,3.7677697671212673,3.5434850340431825,0.625,0.6,25,24
1875,2,FOXC1,1875,1.0,8.696473637451861,0.07008214439472961,0.10282233975474636,8.155182348837645,12.762654911025498,0.625,0.6,25,24
1877,2,FOXC1,1877,1.0,8.696473637451861,0.22227885262278038,1.6651532632172098e-07,7.840362229719381,11.18947438002559,0.625,0.6,25,24
1870,2,FOXC1,1870,1.0,8.696473637451861,0.21685734955334607,3.3522174043135996e-07,4.69228078945369,5.111709421506539,0.625,0.6,25,24
1882,2,FOXC1,1882,1.0,8.696473637451861,0.07579895834707454,0.0776034739399401,6.251963030482994,8.143134998317919,0.625,0.6,25,24
1866,2,FOXC1,1866,1.0,8.696473637451861,0.17359205664692332,4.768397446128496e-05,3.6363421673261462,3.3518001858172277,0.625,0.6,25,24
1872,2,FOXC1,1872,1.0,8.696473637451861,0.19535272111739643,4.519349882018359e-06,12.6107254580466,25.1331450913502,0.625,0.6,25,24
1860,2,FOXC1,1860,1.0,8.696473637451861,0.32930873568566693,3.360197009006692e-15,6.630934717124947,9.193318153848606,0.625,0.6,25,24
1880,2,FOXC1,1880,1.0,8.696473637451861,0.23598952230991274,2.618016449609557e-08,5.961584248384139,7.4671649466700485,0.625,0.6,25,24
4801,2,RFX7,4801,1.0,6.991908379281947,0.06319540466285391,0.14137799716694105,3.2712813986795513,2.8017047972340827,0.38461538461538464,0.3125,16,13
4789,2,RFX7,4789,1.0,6.991908379281947,0.7432269624532449,1.7089549379082026e-96,6.513451871299496,8.890719309322924,0.38461538461538464,0.3125,16,13
4790,2,RFX7,4790,1.0,6.991908379281947,-0.6246954700209986,4.196323163888754e-60,-2.352894535784403,1.6779487388643592,0.38461538461538464,0.3125,16,13
4794,2,RFX7,4794,1.0,6.991908379281947,0.5503372390321238,2.5637987120273565e-44,4.33739581186362,4.43864739061272,0.38461538461538464,0.3125,16,13
4796,2,RFX7,4796,1.0,6.991908379281947,-0.37637409502954305,1.0233045977635323e-19,-2.605067663403927,1.959075687069852,0.38461538461538464,0.3125,16,13
2616,2,GABPA,2616,1.0,8.525820219335305,0.5007386519672802,8.34452389230367e-36,7.085909060833547,9.30101876863649,0.8571428571428571,0.72,25,21
2621,2,GABPA,2621,1.0,8.525820219335305,0.19559931319982687,4.3933550488279744e-06,4.870482867098272,5.417366524572783,0.8571428571428571,0.72,25,21
2628,2,GABPA,2628,1.0,8.525820219335305,-0.18640150347717324,1.2313612373624171e-05,-2.093259524037596,1.402249488461141,0.8571428571428571,0.72,25,21
2619,2,GABPA,2619,1.0,8.525820219335305,0.42176345268490056,7.866756666973291e-25,3.724772454614063,3.4861672135658504,0.8571428571428571,0.72,25,21
2610,2,GABPA,2610,1.0,8.525820219335305,0.5691067190571159,6.299401708850334e-48,3.1012528222169347,2.600079075448805,0.8571428571428571,0.72,25,21
2604,2,GABPA,2604,1.0,8.525820219335305,0.7659744449654442,7.00434230651252e-106,6.56196089842574,9.055965490235398,0.8571428571428571,0.72,25,21
2605,2,GABPA,2605,1.0,8.525820219335305,-0.4983706184559408,1.9669787150791508e-35,-2.292312930630951,1.6133928098242842,0.8571428571428571,0.72,25,21
2612,2,GABPA,2612,1.0,8.525820219335305,-0.38870924559911835,4.983491639424209e-21,-2.838278392923441,2.244306839792755,0.8571428571428571,0.72,25,21
2620,2,GABPA,2620,1.0,8.525820219335305,0.6649814958500576,1.3604509655887818e-70,9.259844841138193,13.902452746210896,0.8571428571428571,0.72,25,21
2627,2,GABPA,2627,1.0,8.525820219335305,0.5497912886587429,3.2395073620135014e-44,2.1303795870398257,1.4449120571261638,0.8571428571428571,0.72,25,21
2624,2,GABPA,2624,1.0,8.525820219335305,0.5861343895369406,2.079912722699652e-51,12.489035771027915,24.256558406452395,0.8571428571428571,0.72,25,21
2618,2,GABPA,2618,1.0,8.525820219335305,-0.15362379432211612,0.00032702199601724035,-3.1628429225693258,2.655326120716385,0.8571428571428571,0.72,25,21
2614,2,GABPA,2614,1.0,8.525820219335305,0.4601641358873777,8.255673021395141e-30,12.136522058220702,21.263811935730505,0.8571428571428571,0.72,25,21
2608,2,GABPA,2608,1.0,8.525820219335305,0.2620435872867016,5.61621226983549e-10,2.472507921887552,1.8151522143548087,0.8571428571428571,0.72,25,21
2625,2,GABPA,2625,1.0,8.525820219335305,-0.2377376278231421,2.0506091742930475e-08,-6.461919622849083,8.20448015524906,0.8571428571428571,0.72,25,21
2617,2,GABPA,2617,1.0,8.525820219335305,-0.3669748892809045,9.39934067684106e-19,-5.778093690264507,7.073678248902249,0.8571428571428571,0.72,25,21
2606,2,GABPA,2606,1.0,8.525820219335305,0.6469605614564433,1.052316486285571e-65,8.349068460150463,12.913113814552473,0.8571428571428571,0.72,25,21
2626,2,GABPA,2626,1.0,8.525820219335305,0.32394007377675343,9.873699363140898e-15,3.2101991595121806,2.7292084959541514,0.8571428571428571,0.72,25,21
5163,2,NR3C2,5163,1.0,7.928077677023438,-0.3885187176132405,5.226761068452669e-21,-4.595826694923819,4.8107563582622035,0.75,0.75,4,4
5162,2,NR3C2,5162,1.0,7.928077677023438,-0.5118988549732751,1.3382623137771386e-37,-2.3138917109928316,1.6399376819018026,0.75,0.75,4,4
5160,2,NR3C2,5160,1.0,7.928077677023438,0.568410714778256,8.655788155563239e-48,5.522519517170114,6.8273851705304205,0.75,0.75,4,4
2980,2,RFX3,2980,1.0,8.547486930643876,0.33085267194888396,2.4548135675478644e-15,8.009971305690083,11.26300413278828,0.7142857142857143,0.6,25,21
2991,2,RFX3,2991,1.0,8.547486930643876,0.28147931564626016,2.396961769177075e-11,9.012916283249305,13.836423095289112,0.7142857142857143,0.6,25,21
2993,2,RFX3,2993,1.0,8.547486930643876,0.6903871510684559,4.2851849497918893e-78,3.1478901476944525,2.648341675991045,0.7142857142857143,0.6,25,21
2978,2,RFX3,2978,1.0,8.547486930643876,0.710044737350201,1.8712314463587e-84,3.875340207943422,3.714521826235949,0.7142857142857143,0.6,25,21
2984,2,RFX3,2984,1.0,8.547486930643876,-0.37012317311993403,4.508342322281676e-19,-3.9285963913151045,3.7862912840742666,0.7142857142857143,0.6,25,21
2972,2,RFX3,2972,1.0,8.547486930643876,0.3811937335330454,3.1902701827346734e-20,8.389076753965385,13.126561890428745,0.7142857142857143,0.6,25,21
2977,2,RFX3,2977,1.0,8.547486930643876,0.2773912086699678,4.7520312383255706e-11,12.302881378837899,21.689337511539737,0.7142857142857143,0.6,25,21
2982,2,RFX3,2982,1.0,8.547486930643876,-0.2418363030315386,1.1478191817328913e-08,-3.4563939977250002,3.080945488338735,0.7142857142857143,0.6,25,21
2969,2,RFX3,2969,1.0,8.547486930643876,0.6530966569009207,2.4840807988679236e-67,6.8708878682928685,9.747082630815358,0.7142857142857143,0.6,25,21
2990,2,RFX3,2990,1.0,8.547486930643876,0.4520258476471667,1.0606632544497488e-28,2.5066125797090493,1.849539133565422,0.7142857142857143,0.6,25,21
2988,2,RFX3,2988,1.0,8.547486930643876,0.18527587433007905,1.3921808266558761e-05,12.410498515584242,23.94024886461399,0.7142857142857143,0.6,25,21
2970,2,RFX3,2970,1.0,8.547486930643876,-0.45258289091665693,8.925435877607433e-29,-2.7240719017761306,2.105049530046802,0.7142857142857143,0.6,25,21
2979,2,RFX3,2979,1.0,8.547486930643876,0.45660661412431486,2.541736305467427e-29,9.440706057670521,14.761797731809478,0.7142857142857143,0.6,25,21
2974,2,RFX3,2974,1.0,8.547486930643876,-0.1715182097384835,5.884949255819375e-05,-3.051322805765523,2.5105806172841056,0.7142857142857143,0.6,25,21
2975,2,RFX3,2975,1.0,8.547486930643876,0.17816502811599452,2.9726502368547454e-05,2.9658422667994366,2.4138627199632148,0.7142857142857143,0.6,25,21
896,2,MYCN,896,1.0,4.253743906669546,-0.22524035607596896,1.127633185210586e-07,-2.1459136636192335,1.4693777484123984,0.5714285714285714,0.5,8,7
897,2,MYCN,897,1.0,4.253743906669546,0.14833120869395242,0.0005249270615735188,4.133828541658254,4.074187406241033,0.5714285714285714,0.5,8,7
895,2,MYCN,895,1.0,4.253743906669546,0.27195673890440564,1.1599318124781115e-10,11.701993954735995,21.6412729512425,0.5714285714285714,0.5,8,7
890,2,MYCN,890,1.0,4.253743906669546,0.27223136303511236,1.1093114583911868e-10,7.477501498251487,11.181926733216704,0.5714285714285714,0.5,8,7
8947,2,TFAP2C,8947,-1.0,10.342832662706526,0.31221499602736336,9.657844691570174e-14,-7.766744441020439,11.970501212946111,0.9473684210526315,0.72,25,19
8939,2,TFAP2C,8939,-1.0,10.342832662706526,-0.3825980314481514,2.263337938070542e-20,7.937775402469943,11.791946349162044,0.9473684210526315,0.72,25,19
8929,2,TFAP2C,8929,-1.0,10.342832662706526,0.3633875699727358,2.1498619394483732e-18,-5.637061427576521,6.699215561582051,0.9473684210526315,0.72,25,19
8928,2,TFAP2C,8928,-1.0,10.342832662706526,0.27513622587368125,6.898152212584399e-11,-6.286103214326512,8.721874242949141,0.9473684210526315,0.72,25,19
8948,2,TFAP2C,8948,-1.0,10.342832662706526,-0.1052936260977082,0.014097756851344219,3.911513484128131,3.849334676221831,0.9473684210526315,0.72,25,19
8930,2,TFAP2C,8930,-1.0,10.342832662706526,-0.4606620130207212,7.04603106805104e-30,12.339858688305,24.424275272140576,0.9473684210526315,0.72,25,19
8943,2,TFAP2C,8943,-1.0,10.342832662706526,0.12321748298993174,0.004032518890049609,-5.201357699481583,6.210529106603533,0.9473684210526315,0.72,25,19
8936,2,TFAP2C,8936,-1.0,10.342832662706526,0.44182614591122127,2.364490394275249e-27,-13.577028910374874,27.958290180319164,0.9473684210526315,0.72,25,19
8927,2,TFAP2C,8927,-1.0,10.342832662706526,-0.4745310751856324,7.674106601935673e-32,12.899660155011343,22.49323212627268,0.9473684210526315,0.72,25,19
8937,2,TFAP2C,8937,-1.0,10.342832662706526,-0.25099891518652323,3.018526211526155e-09,3.193753670576144,2.700016559586715,0.9473684210526315,0.72,25,19
8938,2,TFAP2C,8938,-1.0,10.342832662706526,-0.27897512470869074,3.650100345015354e-11,9.607892206006746,14.961480471660064,0.9473684210526315,0.72,25,19
8931,2,TFAP2C,8931,-1.0,10.342832662706526,-0.4453271077036956,8.243698166848574e-28,10.291590596417715,16.184145515923742,0.9473684210526315,0.72,25,19
8940,2,TFAP2C,8940,-1.0,10.342832662706526,-0.2756399829557212,6.348975189102934e-11,9.111270969276205,13.27015025783132,0.9473684210526315,0.72,25,19
8933,2,TFAP2C,8933,-1.0,10.342832662706526,0.37539482992194123,1.293666372782308e-19,-13.65784168512906,26.28677319308069,0.9473684210526315,0.72,25,19
8949,2,TFAP2C,8949,-1.0,10.342832662706526,0.24596119443842115,6.332868631620996e-09,-3.21308268223894,2.7366906114034326,0.9473684210526315,0.72,25,19
8942,2,TFAP2C,8942,-1.0,10.342832662706526,0.33553947367277154,9.361942468159098e-16,-8.361716663305016,12.516651180090031,0.9473684210526315,0.72,25,19
8950,2,TFAP2C,8950,-1.0,10.342832662706526,-0.36153049047967406,3.285847930019358e-18,5.142136067649697,5.710264159560421,0.9473684210526315,0.72,25,19
8945,2,TFAP2C,8945,-1.0,10.342832662706526,0.36301957242575156,2.3389156331520826e-18,-3.9807639950837066,3.9104888653664345,0.9473684210526315,0.72,25,19
5059,2,TNFRSF10A,5059,1.0,8.80702628158351,0.3361373876169701,8.268742455169723e-16,8.654056563585735,13.632570243769278,0.6666666666666666,0.5,8,6
5058,2,TNFRSF10A,5058,1.0,8.80702628158351,0.262935066383488,4.886418176701042e-10,1.994296127839301,1.3085242910138464,0.6666666666666666,0.5,8,6
5062,2,TNFRSF10A,5062,1.0,8.80702628158351,0.2510877034347204,2.9789280343234136e-09,9.63356655262211,14.987751598098772,0.6666666666666666,0.5,8,6
5055,2,TNFRSF10A,5055,1.0,8.80702628158351,0.520698969380009,4.609899771689915e-39,6.291497769447309,8.486445733794424,0.6666666666666666,0.5,8,6
7680,2,NFYC,7680,-1.0,1.6264344731522815,0.26255865743577816,5.182546249252472e-10,-3.9977397506168595,3.989099269321346,0.6,0.375,16,10
7687,2,NFYC,7687,-1.0,1.6264344731522815,0.4389669605584584,5.540384976835896e-27,-4.221206203634382,4.192870167794654,0.6,0.375,16,10
7693,2,NFYC,7693,-1.0,1.6264344731522815,0.4216537979078198,8.111876156967195e-25,-3.199697203166702,2.702317287849935,0.6,0.375,16,10
7686,2,NFYC,7686,-1.0,1.6264344731522815,0.4552529060389727,3.885658517628601e-29,-2.265398110578426,1.5789216929810588,0.6,0.375,16,10
7682,2,NFYC,7682,-1.0,1.6264344731522815,0.35560497057684265,1.2488083146453856e-17,-2.251711437736053,1.5696450014024554,0.6,0.375,16,10
7692,2,NFYC,7692,-1.0,1.6264344731522815,0.3604468698245643,4.203350090063202e-18,-2.5562938905510664,1.9075683386438438,0.6,0.375,16,10
5955,2,PEBP1,5955,1.0,11.46500488251874,0.37642708609406533,1.0103815347637513e-19,12.425606256762746,24.74100073505497,0.75,0.5,18,12
5953,2,PEBP1,5953,1.0,11.46500488251874,0.5784046646527563,8.389008997108794e-50,12.279595388580267,22.060063447430277,0.75,0.5,18,12
5960,2,PEBP1,5960,1.0,11.46500488251874,-0.5361994178927816,9.56187245410405e-42,-4.541806255943404,4.728598378706859,0.75,0.5,18,12
5966,2,PEBP1,5966,1.0,11.46500488251874,-0.40518894200154226,7.165948089324944e-23,-3.2374791419593882,2.7698190860226397,0.75,0.5,18,12
5959,2,PEBP1,5959,1.0,11.46500488251874,-0.10441967963716037,0.01492163373080245,-9.031800688727342,14.71422415509032,0.75,0.5,18,12
5954,2,PEBP1,5954,1.0,11.46500488251874,-0.29046576072683056,5.116562168549848e-12,-10.573498061942354,18.357484731820083,0.75,0.5,18,12
5957,2,PEBP1,5957,1.0,11.46500488251874,-0.4152754575969549,4.740936584259107e-24,-4.73610300238059,5.109577172935016,0.75,0.5,18,12
5961,2,PEBP1,5961,1.0,11.46500488251874,0.6075101754836203,4.419746084226182e-56,3.422077389630541,2.9979457941567746,0.75,0.5,18,12
5964,2,PEBP1,5964,1.0,11.46500488251874,0.3432703446712726,1.840769219457478e-16,3.357352604464684,2.9196776096768007,0.75,0.5,18,12
3878,2,PEG10,3878,1.0,12.499252933152178,0.3254297447914356,7.33701553297692e-15,10.710714645709668,18.83186296407425,0.45454545454545453,0.4166666666666667,12,11
3875,2,PEG10,3875,1.0,12.499252933152178,0.3495935203095938,4.703515494325146e-17,6.137455341315096,7.950661384978115,0.45454545454545453,0.4166666666666667,12,11
3874,2,PEG10,3874,1.0,12.499252933152178,0.3765179279189607,9.886008917737821e-20,10.667234373894349,17.254542201391455,0.45454545454545453,0.4166666666666667,12,11
3871,2,PEG10,3871,1.0,12.499252933152178,-0.23175473426817467,4.693949212682445e-08,-2.34202019702094,1.667063694031421,0.45454545454545453,0.4166666666666667,12,11
3870,2,PEG10,3870,1.0,12.499252933152178,0.4776688008999037,2.681265225424837e-32,6.2349657715511,8.321334676381237,0.45454545454545453,0.4166666666666667,12,11
735,2,AR,735,1.0,12.172898710900492,0.14652516528415205,0.0006147617718622417,2.626476507411094,1.9914452958349325,0.9130434782608695,0.84,25,23
751,2,AR,751,1.0,12.172898710900492,-0.30484882481259007,3.846321593933599e-13,-6.0113009220234455,7.458682586802603,0.9130434782608695,0.84,25,23
753,2,AR,753,1.0,12.172898710900492,0.42195443038278296,7.457200403176036e-25,2.14286123934895,1.4659483843231178,0.9130434782608695,0.84,25,23
743,2,AR,743,1.0,12.172898710900492,0.35144191159981153,3.137974772898762e-17,8.999479887790086,13.340504695388713,0.9130434782608695,0.84,25,23
733,2,AR,733,1.0,12.172898710900492,-0.33562673963593714,9.193961440913845e-16,-2.0405224316326835,1.3524934773676711,0.9130434782608695,0.84,25,23
736,2,AR,736,1.0,12.172898710900492,0.4137879601902942,7.117489112659233e-24,3.8596863348917796,3.6991887098736065,0.9130434782608695,0.84,25,23
750,2,AR,750,1.0,12.172898710900492,-0.34448734030726724,1.4190332092353987e-16,-5.995202599017281,7.3304924781681695,0.9130434782608695,0.84,25,23
747,2,AR,747,1.0,12.172898710900492,0.37213533453176584,2.8069702827222605e-19,6.040754720520641,7.729788733502376,0.9130434782608695,0.84,25,23
734,2,AR,734,1.0,12.172898710900492,0.4567799781020235,2.406932430147583e-29,7.623272125056429,11.35291650237056,0.9130434782608695,0.84,25,23
748,2,AR,748,1.0,12.172898710900492,0.6407675774434052,4.2326347402713475e-64,12.380355858584874,26.54449974045794,0.9130434782608695,0.84,25,23
741,2,AR,741,1.0,12.172898710900492,0.5977048048429786,6.798636766608218e-54,11.720277014131154,22.160088561610532,0.9130434782608695,0.84,25,23
738,2,AR,738,1.0,12.172898710900492,0.6319906232048996,6.8895474436057e-62,14.38770801716667,32.774707593526806,0.9130434782608695,0.84,25,23
737,2,AR,737,1.0,12.172898710900492,0.6042282522272737,2.4314845513689962e-55,11.291094199213449,18.80849313992483,0.9130434782608695,0.84,25,23
731,2,AR,731,1.0,12.172898710900492,0.510122867315771,2.609892890330419e-37,6.141312419886973,8.110133849179276,0.9130434782608695,0.84,25,23
752,2,AR,752,1.0,12.172898710900492,0.3494919603485928,4.8089120852976044e-17,5.01618167149939,5.688313320478066,0.9130434782608695,0.84,25,23
739,2,AR,739,1.0,12.172898710900492,0.3159720764822208,4.701687256016822e-14,4.631018095752905,4.88806911972465,0.9130434782608695,0.84,25,23
749,2,AR,749,1.0,12.172898710900492,-0.211134839248945,6.881560189853285e-07,-6.958059857617399,9.408728741321447,0.9130434782608695,0.84,25,23
754,2,AR,754,1.0,12.172898710900492,0.3345640701694635,1.1457417222748901e-15,7.034211971532294,9.249043706752861,0.9130434782608695,0.84,25,23
746,2,AR,746,1.0,12.172898710900492,0.28401719039127343,1.558396561554273e-11,6.3074276409385615,8.153917848939736,0.9130434782608695,0.84,25,23
744,2,AR,744,1.0,12.172898710900492,0.45756457564575653,1.880120324654963e-29,4.678869226699758,5.056278423875611,0.9130434782608695,0.84,25,23
745,2,AR,745,1.0,12.172898710900492,0.28522271837115515,1.2682114344495558e-11,6.345544574250129,7.999399792502734,0.9130434782608695,0.84,25,23
2732,2,NR2F2,2732,-1.0,22.41094032605225,0.4864812074347588,1.3187011312303229e-33,-14.179123637617076,30.148969937209106,0.46153846153846156,0.3333333333333333,18,13
2739,2,NR2F2,2739,-1.0,22.41094032605225,-0.002492228976563409,0.9537955639719726,6.62095635912969,8.488413352324914,0.46153846153846156,0.3333333333333333,18,13
2726,2,NR2F2,2726,-1.0,22.41094032605225,0.5761965787109935,2.3690232618418995e-49,-2.2653053286023646,1.6022842865850733,0.46153846153846156,0.3333333333333333,18,13
2731,2,NR2F2,2731,-1.0,22.41094032605225,0.6443238250224557,5.126389909896186e-65,-10.759686465367766,18.406984754313115,0.46153846153846156,0.3333333333333333,18,13
2728,2,NR2F2,2728,-1.0,22.41094032605225,-0.28989170335317266,5.656399486521434e-12,6.742144563536498,8.801812826949373,0.46153846153846156,0.3333333333333333,18,13
2734,2,NR2F2,2734,-1.0,22.41094032605225,0.4169216283891797,3.0167992848907435e-24,-5.522368182299592,6.4786098025967815,0.46153846153846156,0.3333333333333333,18,13
6694,2,HOXB8,6694,-1.0,2.003263061356884,0.16284963609304604,0.0001381213173209188,-8.626407088265276,14.315041181675467,0.7777777777777778,0.6363636363636364,11,9
6695,2,HOXB8,6695,-1.0,2.003263061356884,-0.11794206989843704,0.005930405688442094,10.745142738697236,19.45375656869857,0.7777777777777778,0.6363636363636364,11,9
6692,2,HOXB8,6692,-1.0,2.003263061356884,0.10167853506614365,0.017786403136213328,-10.84104500594695,17.992225646015356,0.7777777777777778,0.6363636363636364,11,9
6696,2,HOXB8,6696,-1.0,2.003263061356884,-0.18668129929593089,1.1942214644871669e-05,5.107611199008256,5.753066301190153,0.7777777777777778,0.6363636363636364,11,9
6689,2,HOXB8,6689,-1.0,2.003263061356884,-0.166835733396333,9.379131125630461e-05,13.210462963763629,27.078817579831554,0.7777777777777778,0.6363636363636364,11,9
6690,2,HOXB8,6690,-1.0,2.003263061356884,0.09614662769962118,0.02506023172344705,-3.43266040638496,3.1430861075742533,0.7777777777777778,0.6363636363636364,11,9
6688,2,HOXB8,6688,-1.0,2.003263061356884,-0.25858312836459535,9.593311877658848e-10,2.272749761356829,1.593345039835675,0.7777777777777778,0.6363636363636364,11,9
8015,2,PRRX1,8015,-1.0,30.65599861921703,0.34965760427022535,4.638183307068489e-17,-3.1177593700627337,2.6375064516689224,0.7391304347826086,0.68,25,23
8026,2,PRRX1,8026,-1.0,30.65599861921703,0.4260507820791566,2.3492703310873944e-25,-8.17242552835895,12.243499436432014,0.7391304347826086,0.68,25,23
8013,2,PRRX1,8013,-1.0,30.65599861921703,-0.3676975015200266,7.946402765419293e-19,12.706123581154404,22.325556966677148,0.7391304347826086,0.68,25,23
8018,2,PRRX1,8018,-1.0,30.65599861921703,0.45612519742357,2.9565107903275085e-29,-11.263219672397945,20.709355997914408,0.7391304347826086,0.68,25,23
8032,2,PRRX1,8032,-1.0,30.65599861921703,-0.2422454660035713,1.0825886084044438e-08,8.280092080670965,12.020846815701836,0.7391304347826086,0.68,25,23
8012,2,PRRX1,8012,-1.0,30.65599861921703,-0.3745212815712818,1.5935154887954454e-19,4.588381184588365,4.809583904471512,0.7391304347826086,0.68,25,23
8014,2,PRRX1,8014,-1.0,30.65599861921703,0.35709201827149895,8.95611817802086e-18,-6.7346625908963755,9.22838853314532,0.7391304347826086,0.68,25,23
8025,2,PRRX1,8025,-1.0,30.65599861921703,-0.3483270563531115,6.197098376639372e-17,10.191406618313678,17.998746836314314,0.7391304347826086,0.68,25,23
8019,2,PRRX1,8019,-1.0,30.65599861921703,0.5067771599067957,9.088275730498852e-37,-4.081205707183641,4.032330511912744,0.7391304347826086,0.68,25,23
8009,2,PRRX1,8009,-1.0,30.65599861921703,0.3388044046592562,4.736574504182715e-16,-3.2946275728468755,2.9086745825089304,0.7391304347826086,0.68,25,23
8031,2,PRRX1,8031,-1.0,30.65599861921703,-0.26962235884139796,1.6915296444158508e-10,6.444982192937625,8.432115748884476,0.7391304347826086,0.68,25,23
8021,2,PRRX1,8021,-1.0,30.65599861921703,0.622224527412645,1.6469624661037812e-59,-9.474542497251349,16.307525406033996,0.7391304347826086,0.68,25,23
8020,2,PRRX1,8020,-1.0,30.65599861921703,-0.28263912290569126,1.9699065556459908e-11,11.223848735570838,20.649923394155355,0.7391304347826086,0.68,25,23
8010,2,PRRX1,8010,-1.0,30.65599861921703,0.7328274473027474,1.5847419434974607e-92,-14.191673651203244,29.470168498035047,0.7391304347826086,0.68,25,23
8027,2,PRRX1,8027,-1.0,30.65599861921703,0.4078672767959399,3.5156222908234164e-23,-3.698162320854233,3.4846879621714737,0.7391304347826086,0.68,25,23
8030,2,PRRX1,8030,-1.0,30.65599861921703,-0.2890730026491035,6.523730202500922e-12,7.921537270876412,11.939714589607496,0.7391304347826086,0.68,25,23
8029,2,PRRX1,8029,-1.0,30.65599861921703,-0.44408318412888387,1.2004005472165045e-27,3.511884714243141,3.1543197479835174,0.7391304347826086,0.68,25,23
1652,2,LMO2,1652,-1.0,3.152097490037222,0.5761938804389669,2.3720190786053525e-49,-11.773936716270883,21.43985390524236,0.42105263157894735,0.3333333333333333,24,19
1673,2,LMO2,1673,-1.0,3.152097490037222,0.42849594119925605,1.1700535908516894e-25,-6.039626259583002,7.235043346852306,0.42105263157894735,0.3333333333333333,24,19
1651,2,LMO2,1651,-1.0,3.152097490037222,0.7791626992074276,7.905443195681833e-112,-4.798218354492321,5.39045249360543,0.42105263157894735,0.3333333333333333,24,19
1669,2,LMO2,1669,-1.0,3.152097490037222,0.6696761893683286,6.361506113903504e-72,-2.0110283430213096,1.3287223925413265,0.42105263157894735,0.3333333333333333,24,19
1664,2,LMO2,1664,-1.0,3.152097490037222,0.4976491304968299,2.550840618575765e-35,-8.375615765038663,12.23746364808624,0.42105263157894735,0.3333333333333333,24,19
1659,2,LMO2,1659,-1.0,3.152097490037222,0.5662074257645404,2.3552007095590477e-47,-2.153152623027135,1.4762688289656416,0.42105263157894735,0.3333333333333333,24,19
1657,2,LMO2,1657,-1.0,3.152097490037222,-0.044382227621431236,0.3019146962511835,5.754021177260643,6.81549494434362,0.42105263157894735,0.3333333333333333,24,19
1655,2,LMO2,1655,-1.0,3.152097490037222,0.7019688841266054,8.875252642445522e-82,-6.6638548903266095,8.81681512679514,0.42105263157894735,0.3333333333333333,24,19
4436,2,ZBTB33,4436,1.0,10.047032009336375,-0.29715642602477377,1.5630037852850644e-12,-5.5338007595792575,6.405393962920838,0.7777777777777778,0.7,10,9
4431,2,ZBTB33,4431,1.0,10.047032009336375,-0.6113127153370982,5.978365118238211e-57,-2.2555078480114017,1.5754575800562232,0.7777777777777778,0.7,10,9
4437,2,ZBTB33,4437,1.0,10.047032009336375,0.5612266404594498,2.201954535300344e-46,7.795982710161772,11.018275838168037,0.7777777777777778,0.7,10,9
4438,2,ZBTB33,4438,1.0,10.047032009336375,0.3785013827145096,6.132381977397457e-20,11.456721898604949,21.19275400673792,0.7777777777777778,0.7,10,9
4435,2,ZBTB33,4435,1.0,10.047032009336375,0.12836646911317992,0.002728695823659344,9.946471358920082,15.453489126571002,0.7777777777777778,0.7,10,9
4429,2,ZBTB33,4429,1.0,10.047032009336375,0.7782135070700724,2.1858065448275592e-111,5.74137742223914,7.249062496024003,0.7777777777777778,0.7,10,9
4433,2,ZBTB33,4433,1.0,10.047032009336375,0.8111392464265885,3.9622187006741124e-128,7.279882867840189,10.41802371039414,0.7777777777777778,0.7,10,9
5858,2,CREB3,5858,1.0,12.15762134462441,0.44144232533485556,2.652067631627878e-27,2.947209677007202,2.380631213937912,0.5555555555555556,0.45454545454545453,11,9
5865,2,CREB3,5865,1.0,12.15762134462441,0.4572205459623657,2.0953625782077866e-29,9.523109731685466,14.856627949292413,0.5555555555555556,0.45454545454545453,11,9
5862,2,CREB3,5862,1.0,12.15762134462441,0.4354251787155506,1.573192252700614e-26,5.713195977735817,6.930740043186889,0.5555555555555556,0.45454545454545453,11,9
5864,2,CREB3,5864,1.0,12.15762134462441,0.4371956199250001,9.35159713807474e-27,7.692731093143859,10.654463485537528,0.5555555555555556,0.45454545454545453,11,9
5866,2,CREB3,5866,1.0,12.15762134462441,0.3718206860326647,3.023510466291053e-19,10.043466475466754,15.475023197023,0.5555555555555556,0.45454545454545453,11,9
2003,2,IRF7,2003,-1.0,3.330627748388218,-0.3757193143510895,1.1970792856696675e-19,12.79597189883493,25.705740943188506,0.7777777777777778,0.56,25,18
2005,2,IRF7,2005,-1.0,3.330627748388218,-0.26112879811768547,6.475040198110674e-10,8.37144169757678,12.353303562218489,0.7777777777777778,0.56,25,18
1990,2,IRF7,1990,-1.0,3.330627748388218,-0.3803603422368315,3.908030317333817e-20,6.538563418814047,8.965792713322294,0.7777777777777778,0.56,25,18
1995,2,IRF7,1995,-1.0,3.330627748388218,-0.279394375841711,3.402944537580877e-11,11.074931524124606,18.19320965407465,0.7777777777777778,0.56,25,18
1998,2,IRF7,1998,-1.0,3.330627748388218,0.6862110504432961,8.27845567198276e-77,-2.7081229849606165,2.0851108256732807,0.7777777777777778,0.56,25,18
2014,2,IRF7,2014,-1.0,3.330627748388218,-0.3326891458709842,1.6858882520165316e-15,6.073425218475701,7.671794211128564,0.7777777777777778,0.56,25,18
2006,2,IRF7,2006,-1.0,3.330627748388218,-0.254573046421072,1.7668464228368012e-09,6.756302839272101,8.950115852298296,0.7777777777777778,0.56,25,18
2009,2,IRF7,2009,-1.0,3.330627748388218,-0.32712890664818256,5.218585239734404e-15,9.157951495088163,13.73420867733179,0.7777777777777778,0.56,25,18
2011,2,IRF7,2011,-1.0,3.330627748388218,-0.4089681717827903,2.6185816639944814e-23,11.219168426763328,19.124932760987157,0.7777777777777778,0.56,25,18
2007,2,IRF7,2007,-1.0,3.330627748388218,0.1628593049011413,0.00013799318559529257,-2.5531132561282304,1.908818882748292,0.7777777777777778,0.56,25,18
2012,2,IRF7,2012,-1.0,3.330627748388218,0.4574371572445006,1.9571609010316136e-29,-3.7180995832013775,3.4146133872576043,0.7777777777777778,0.56,25,18
2001,2,IRF7,2001,-1.0,3.330627748388218,-0.4531234447459847,7.546884852236927e-29,5.207044893708579,6.037009516886147,0.7777777777777778,0.56,25,18
1992,2,IRF7,1992,-1.0,3.330627748388218,-0.5528058581284546,8.854373863479661e-45,8.151259700562703,12.590784298195672,0.7777777777777778,0.56,25,18
2004,2,IRF7,2004,-1.0,3.330627748388218,0.2921784888957112,3.788112302231614e-12,-3.285949963075174,2.860724712908251,0.7777777777777778,0.56,25,18
7068,2,SOX8,7068,-1.0,2.4533682636127883,0.4593498168285406,1.0691775503466979e-29,-3.8686895194345854,3.631538390615441,0.8571428571428571,0.72,25,21
7048,2,SOX8,7048,-1.0,2.4533682636127883,0.21521404306787315,4.1296074023054707e-07,-3.4224056965843204,3.153454864387415,0.8571428571428571,0.72,25,21
7051,2,SOX8,7051,-1.0,2.4533682636127883,0.5118892245323028,1.343132464932179e-37,-5.9724993907941135,7.885497447598885,0.8571428571428571,0.72,25,21
7047,2,SOX8,7047,-1.0,2.4533682636127883,0.21568339253167776,3.891449172538323e-07,-3.810397287122414,3.810436487039347,0.8571428571428571,0.72,25,21
7058,2,SOX8,7058,-1.0,2.4533682636127883,-0.26284192074709833,4.958126263961383e-10,6.530374090502383,8.373491819046261,0.8571428571428571,0.72,25,21
7069,2,SOX8,7069,-1.0,2.4533682636127883,-0.2291776768041011,6.660014637927224e-08,8.487774783480779,13.266988615626207,0.8571428571428571,0.72,25,21
7061,2,SOX8,7061,-1.0,2.4533682636127883,0.20096806512370025,2.352856657108955e-06,-2.0488677360395204,1.3646994699895816,0.8571428571428571,0.72,25,21
7065,2,SOX8,7065,-1.0,2.4533682636127883,0.5434616329298958,4.729474782499582e-43,-7.552640873999977,11.431694068451915,0.8571428571428571,0.72,25,21
7046,2,SOX8,7046,-1.0,2.4533682636127883,-0.13848979652104307,0.0012151276147398776,2.7500707125501203,2.1400196370474003,0.8571428571428571,0.72,25,21
7056,2,SOX8,7056,-1.0,2.4533682636127883,0.5587300311927781,6.656651247689555e-46,-7.301963138836194,9.997222544629784,0.8571428571428571,0.72,25,21
7050,2,SOX8,7050,-1.0,2.4533682636127883,0.5189491788670434,9.077668689649832e-39,-5.964526877769099,7.550538317806111,0.8571428571428571,0.72,25,21
7063,2,SOX8,7063,-1.0,2.4533682636127883,0.37454139678010784,1.5858958050735423e-19,-3.7727090311201263,3.5234203024910107,0.8571428571428571,0.72,25,21
7057,2,SOX8,7057,-1.0,2.4533682636127883,-0.2918753299293638,3.995725994191346e-12,7.355688921041456,10.625408253680995,0.8571428571428571,0.72,25,21
7064,2,SOX8,7064,-1.0,2.4533682636127883,0.40858474797125643,2.901871448517779e-23,-6.96214749120359,9.625982611645547,0.8571428571428571,0.72,25,21
7049,2,SOX8,7049,-1.0,2.4533682636127883,-0.28536529846526104,1.2375976790203018e-11,14.782319812944891,33.17638708405169,0.8571428571428571,0.72,25,21
7053,2,SOX8,7053,-1.0,2.4533682636127883,-0.1683082530178868,8.111202390918274e-05,7.561079286870962,10.28777695170638,0.8571428571428571,0.72,25,21
7055,2,SOX8,7055,-1.0,2.4533682636127883,0.4203942610447977,1.1530114130637258e-24,-15.35926063493911,32.54766690917816,0.8571428571428571,0.72,25,21
7062,2,SOX8,7062,-1.0,2.4533682636127883,-0.09176344157427421,0.032525715048600704,11.045969946573758,20.904152903200586,0.8571428571428571,0.72,25,21
4161,2,SMAD4,4161,1.0,8.782790203523012,0.6766946197655023,5.873587660597409e-74,9.292545605712526,14.81643688249308,0.6842105263157895,0.5652173913043478,23,19
4148,2,SMAD4,4148,1.0,8.782790203523012,0.41974994213705547,1.3794469501143776e-24,10.687064401793208,17.5891364041562,0.6842105263157895,0.5652173913043478,23,19
4143,2,SMAD4,4143,1.0,8.782790203523012,0.7938632599683163,5.807361235917606e-119,6.405200910592642,8.730746581997714,0.6842105263157895,0.5652173913043478,23,19
4163,2,SMAD4,4163,1.0,8.782790203523012,-0.15722583757361785,0.00023489405014053653,-12.98939335797313,25.109383468612855,0.6842105263157895,0.5652173913043478,23,19
4151,2,SMAD4,4151,1.0,8.782790203523012,-0.05000550147685422,0.24471234697206237,-4.327419622808777,4.648362060376604,0.6842105263157895,0.5652173913043478,23,19
4159,2,SMAD4,4159,1.0,8.782790203523012,0.299814223970969,9.674242021187924e-13,3.0944869870148684,2.563614436154286,0.6842105263157895,0.5652173913043478,23,19
4162,2,SMAD4,4162,1.0,8.782790203523012,0.557573554895445,1.1077246994248458e-45,9.706595643399325,16.06367506683115,0.6842105263157895,0.5652173913043478,23,19
4158,2,SMAD4,4158,1.0,8.782790203523012,-0.26587993049251263,3.073867141687788e-10,-7.380569954487831,10.254471694080856,0.6842105263157895,0.5652173913043478,23,19
4144,2,SMAD4,4144,1.0,8.782790203523012,-0.5709333742671193,2.7260476374143548e-48,-2.1923809276926103,1.5077909547953163,0.6842105263157895,0.5652173913043478,23,19
4157,2,SMAD4,4157,1.0,8.782790203523012,0.3173686571119855,3.588497318029244e-14,13.870842986285124,30.550348301622122,0.6842105263157895,0.5652173913043478,23,19
4165,2,SMAD4,4165,1.0,8.782790203523012,0.40071528193344985,2.3208116978500907e-22,3.905668076442145,3.719820444600919,0.6842105263157895,0.5652173913043478,23,19
4146,2,SMAD4,4146,1.0,8.782790203523012,-0.405901585624566,5.932762071098913e-23,-2.401923846153363,1.732225966546869,0.6842105263157895,0.5652173913043478,23,19
4149,2,SMAD4,4149,1.0,8.782790203523012,0.6575593739769052,1.5412419091588119e-68,4.280219328880132,4.3698384983775345,0.6842105263157895,0.5652173913043478,23,19
2823,2,STAT3,2823,1.0,1.8090715366294319,0.4871932514417767,1.029850666848483e-33,7.995399271782136,12.135562122605487,0.5238095238095238,0.44,25,21
2834,2,STAT3,2834,1.0,1.8090715366294319,0.33265241939062223,1.6986467968852189e-15,7.437219791295317,10.594311615284221,0.5238095238095238,0.44,25,21
2826,2,STAT3,2826,1.0,1.8090715366294319,0.44500434421796287,9.089368479714719e-28,3.2479458273452804,2.800538623697328,0.5238095238095238,0.44,25,21
2836,2,STAT3,2836,1.0,1.8090715366294319,0.3623542483393635,2.7231579696980002e-18,12.005175592811973,22.540384102204378,0.5238095238095238,0.44,25,21
2821,2,STAT3,2821,1.0,1.8090715366294319,-0.423859785193562,4.366158990302192e-25,-2.1978281430508666,1.5125961466435014,0.5238095238095238,0.44,25,21
2842,2,STAT3,2842,1.0,1.8090715366294319,0.15525707337021372,0.0002817100803648687,3.6386705709842055,3.3338921076413044,0.5238095238095238,0.44,25,21
2838,2,STAT3,2838,1.0,1.8090715366294319,0.46753199251199534,7.706413119796521e-31,5.825311905917552,7.517529845121514,0.5238095238095238,0.44,25,21
2830,2,STAT3,2830,1.0,1.8090715366294319,0.2334137968045264,3.739185230236317e-08,10.495984110443057,16.836469076939892,0.5238095238095238,0.44,25,21
2839,2,STAT3,2839,1.0,1.8090715366294319,0.4180112805759192,2.233567544964585e-24,7.209118981571375,9.816144676499194,0.5238095238095238,0.44,25,21
2825,2,STAT3,2825,1.0,1.8090715366294319,0.43731456875017244,9.029443736009428e-27,2.2052411157095793,1.5215093420068957,0.5238095238095238,0.44,25,21
2819,2,STAT3,2819,1.0,1.8090715366294319,0.6542820227926036,1.1925815926473429e-67,6.257786213697354,8.324385459170768,0.5238095238095238,0.44,25,21
618,2,ETV5,618,-1.0,6.479383183541857,0.2556189266393802,1.508200753329734e-09,-3.120053298069114,2.6399332767239208,0.2,0.08333333333333333,12,5
3834,2,PATZ1,3834,1.0,3.1453569047804737,0.31075032049475515,1.2751424074002218e-13,5.1081387156080025,5.975925619304549,0.3,0.2727272727272727,11,10
3843,2,PATZ1,3843,1.0,3.1453569047804737,0.5689541917356126,6.754159651783254e-48,3.500096195193649,3.10821812508203,0.3,0.2727272727272727,11,10
3838,2,PATZ1,3838,1.0,3.1453569047804737,0.6408401309801204,4.055344219671686e-64,5.515442433114149,6.619323506309631,0.3,0.2727272727272727,11,10
1903,2,SOX12,1903,-1.0,8.173076655046014,-0.33705075269797224,6.836519627324242e-16,3.0515779593108703,2.530347003822053,0.8888888888888888,0.64,25,18
1889,2,SOX12,1889,-1.0,8.173076655046014,0.16075705118442152,0.0001686408823128857,-2.2623591454904055,1.5907513428934257,0.8888888888888888,0.64,25,18
1902,2,SOX12,1902,-1.0,8.173076655046014,0.1771678666981665,3.298650475772549e-05,-13.898154454396519,28.59760995038183,0.8888888888888888,0.64,25,18
1894,2,SOX12,1894,-1.0,8.173076655046014,-0.28909301483330074,6.501056474153742e-12,8.441189776768915,12.544006785816812,0.8888888888888888,0.64,25,18
1886,2,SOX12,1886,-1.0,8.173076655046014,0.36408638907643553,1.831343926701999e-18,-2.2174475568694456,1.534663499496144,0.8888888888888888,0.64,25,18
1890,2,SOX12,1890,-1.0,8.173076655046014,-0.28820078621650697,7.590696567826306e-12,13.907542160408065,30.997241396275573,0.8888888888888888,0.64,25,18
1906,2,SOX12,1906,-1.0,8.173076655046014,-0.31829468908111247,2.997557623662817e-14,6.904941585970543,8.948485351366497,0.8888888888888888,0.64,25,18
1900,2,SOX12,1900,-1.0,8.173076655046014,0.33921566628730965,4.344522799829818e-16,-12.788623227404212,22.599287656104387,0.8888888888888888,0.64,25,18
1896,2,SOX12,1896,-1.0,8.173076655046014,0.30743639273409307,2.377593770919323e-13,-6.92140744437783,9.186945563073566,0.8888888888888888,0.64,25,18
1898,2,SOX12,1898,-1.0,8.173076655046014,0.3643696326872271,1.715910325006465e-18,-4.8175314613305895,5.143755919758074,0.8888888888888888,0.64,25,18
1901,2,SOX12,1901,-1.0,8.173076655046014,0.20853198111929122,9.482612536627182e-07,-3.530481341151326,3.159156558318918,0.8888888888888888,0.64,25,18
1908,2,SOX12,1908,-1.0,8.173076655046014,0.18620962635528207,1.2574633523476712e-05,-5.10070707435901,5.608438825476209,0.8888888888888888,0.64,25,18
1893,2,SOX12,1893,-1.0,8.173076655046014,0.20987676991654547,8.039114514077013e-07,-2.8499737001700294,2.2807715383008462,0.8888888888888888,0.64,25,18
1897,2,SOX12,1897,-1.0,8.173076655046014,0.25878182611855366,9.304836827636679e-10,-6.279888648770706,7.9243416755694325,0.8888888888888888,0.64,25,18
1885,2,SOX12,1885,-1.0,8.173076655046014,-0.28455669489259083,1.4212934381882345e-11,6.313692703722957,8.480368731127326,0.8888888888888888,0.64,25,18
1887,2,SOX12,1887,-1.0,8.173076655046014,-0.3845287977579159,1.407993149886498e-20,8.452923625081937,13.2863419569357,0.8888888888888888,0.64,25,18
7782,2,HOXD3,7782,-1.0,10.141592656416606,0.4582380943243947,1.520103037999479e-29,-2.3921441383039497,1.7305228947325615,0.75,0.6521739130434783,23,20
7777,2,HOXD3,7777,-1.0,10.141592656416606,-0.12438179589790697,0.0036961733524785486,3.628946722079039,3.3045383179236647,0.75,0.6521739130434783,23,20
7785,2,HOXD3,7785,-1.0,10.141592656416606,0.18576291243087928,1.3202871672702578e-05,-8.41220946778552,12.994605280941744,0.75,0.6521739130434783,23,20
7767,2,HOXD3,7767,-1.0,10.141592656416606,0.36131818683315203,3.44852199169181e-18,-11.919308336614181,21.43598335746843,0.75,0.6521739130434783,23,20
7773,2,HOXD3,7773,-1.0,10.141592656416606,0.019407696311282256,0.6518126543630922,-4.2216066327043436,4.307812513310937,0.75,0.6521739130434783,23,20
7787,2,HOXD3,7787,-1.0,10.141592656416606,-0.2571019269259966,1.2035480893539004e-09,4.584929440003666,4.8647221120817985,0.75,0.6521739130434783,23,20
7774,2,HOXD3,7774,-1.0,10.141592656416606,0.3063397700112848,2.9169310956267303e-13,-2.2402712117876273,1.5564470164127437,0.75,0.6521739130434783,23,20
7783,2,HOXD3,7783,-1.0,10.141592656416606,0.3257742241868308,6.848516643091548e-15,-3.91059648495878,3.712201332465571,0.75,0.6521739130434783,23,20
7786,2,HOXD3,7786,-1.0,10.141592656416606,0.30891287219664526,1.803041697821219e-13,-5.132146927520522,5.9450982270177395,0.75,0.6521739130434783,23,20
7766,2,HOXD3,7766,-1.0,10.141592656416606,0.4095466513244918,2.2420723386953782e-23,-3.07662121029668,2.5978185858455256,0.75,0.6521739130434783,23,20
7768,2,HOXD3,7768,-1.0,10.141592656416606,-0.3375263231426595,6.190359280848423e-16,5.1968588736732535,5.866193597690007,0.75,0.6521739130434783,23,20
7776,2,HOXD3,7776,-1.0,10.141592656416606,0.2313988621686672,4.927494309258353e-08,-4.937375019994618,5.575427232400615,0.75,0.6521739130434783,23,20
7771,2,HOXD3,7771,-1.0,10.141592656416606,0.36529034306430164,1.3879965621846327e-18,-5.814081354111173,7.3157539680167485,0.75,0.6521739130434783,23,20
7780,2,HOXD3,7780,-1.0,10.141592656416606,0.35088614251433387,3.5450507455816304e-17,-6.3775398781883075,8.273223356579324,0.75,0.6521739130434783,23,20
7781,2,HOXD3,7781,-1.0,10.141592656416606,0.31548091602137995,5.168625518282089e-14,-12.942041637020413,24.73776008538648,0.75,0.6521739130434783,23,20
5837,2,BATF3,5837,-1.0,2.3736764905254577,0.27252734848602955,1.0571649150107697e-10,-3.291733965620886,2.8283484167844066,0.75,0.6,10,8
5838,2,BATF3,5838,-1.0,2.3736764905254577,0.2757547816378391,6.229924689081679e-11,-4.007709489099882,3.83998533642147,0.75,0.6,10,8
5834,2,BATF3,5834,-1.0,2.3736764905254577,0.2273076072083438,8.562735842738838e-08,-14.680386301332897,30.792437378125868,0.75,0.6,10,8
5830,2,BATF3,5830,-1.0,2.3736764905254577,0.2870945696376041,9.191582958991782e-12,-3.5547638457420434,3.2024109851055185,0.75,0.6,10,8
5832,2,BATF3,5832,-1.0,2.3736764905254577,-0.3366301970218273,7.462839099606997e-16,9.42141316805505,15.955306172911298,0.75,0.6,10,8
5836,2,BATF3,5836,-1.0,2.3736764905254577,0.31595895988209155,4.7136017163369496e-14,-7.137810789160464,9.532342023288674,0.75,0.6,10,8
1230,2,ZBTB18,1230,1.0,3.0091694044763173,0.2398152223316188,1.5300817227605406e-08,2.5353129699841177,1.886093610355994,0.8333333333333334,0.625,24,18
1237,2,ZBTB18,1237,1.0,3.0091694044763173,0.36214280874527954,2.8578125558127225e-18,4.459699309959042,4.624380283686865,0.8333333333333334,0.625,24,18
1247,2,ZBTB18,1247,1.0,3.0091694044763173,0.31496044932825024,5.713038634336591e-14,7.11761689590863,10.091038763466669,0.8333333333333334,0.625,24,18
1234,2,ZBTB18,1234,1.0,3.0091694044763173,0.2439707861085761,8.449113055977464e-09,9.671792649482978,16.499000452556864,0.8333333333333334,0.625,24,18
1248,2,ZBTB18,1248,1.0,3.0091694044763173,0.29785220544763136,1.3791952884270036e-12,5.522456503035737,6.434392940458302,0.8333333333333334,0.625,24,18
1243,2,ZBTB18,1243,1.0,3.0091694044763173,0.38340759077886527,1.8555781416694818e-20,10.883792589083908,20.786582289043075,0.8333333333333334,0.625,24,18
1241,2,ZBTB18,1241,1.0,3.0091694044763173,-0.23733146293113894,2.1707333438698825e-08,-13.977040978728345,29.50014098238336,0.8333333333333334,0.625,24,18
1242,2,ZBTB18,1242,1.0,3.0091694044763173,0.1868471680735657,1.1727102118223497e-05,4.167945771919905,4.089222508837019,0.8333333333333334,0.625,24,18
1233,2,ZBTB18,1233,1.0,3.0091694044763173,0.22328216010466895,1.460038488482214e-07,4.148889786648639,4.176370305297209,0.8333333333333334,0.625,24,18
1245,2,ZBTB18,1245,1.0,3.0091694044763173,0.3345912777457316,1.1393157609974838e-15,6.808792578479852,8.943076254260586,0.8333333333333334,0.625,24,18
1231,2,ZBTB18,1231,1.0,3.0091694044763173,0.4280112266104787,1.344043529717743e-25,2.9090082902029124,2.3553540391068375,0.8333333333333334,0.625,24,18
1226,2,ZBTB18,1226,1.0,3.0091694044763173,0.3663908632911484,1.0762253323153316e-18,5.2803516659637335,6.314350723902602,0.8333333333333334,0.625,24,18
1249,2,ZBTB18,1249,1.0,3.0091694044763173,0.2499616995276225,3.520686700421095e-09,4.197273257353431,4.126420686098679,0.8333333333333334,0.625,24,18
1229,2,ZBTB18,1229,1.0,3.0091694044763173,0.2784954015448507,3.9544276103649227e-11,7.260020281012194,10.34931648334891,0.8333333333333334,0.625,24,18
1235,2,ZBTB18,1235,1.0,3.0091694044763173,0.4257715858764048,2.5429762894950326e-25,10.826611121739658,19.18571598791237,0.8333333333333334,0.625,24,18
2578,2,FOXJ2,2578,1.0,8.540468348895361,0.45491891992368094,4.3133695765395276e-29,2.4810379445990427,1.8376175435001207,0.6086956521739131,0.56,25,23
2556,2,FOXJ2,2556,1.0,8.540468348895361,-0.4698441867827843,3.6178336881654453e-31,-2.3980907122078885,1.7287649364140465,0.6086956521739131,0.56,25,23
2573,2,FOXJ2,2573,1.0,8.540468348895361,0.48357479370211315,3.595922148786166e-33,2.093870475441919,1.4086237741118768,0.6086956521739131,0.56,25,23
2571,2,FOXJ2,2571,1.0,8.540468348895361,0.5420818008147582,8.420882691868075e-43,12.885859069356957,26.171969474176052,0.6086956521739131,0.56,25,23
2569,2,FOXJ2,2569,1.0,8.540468348895361,0.44077150492824396,3.240052834416623e-27,4.30247863280525,4.4227804338987555,0.6086956521739131,0.56,25,23
2564,2,FOXJ2,2564,1.0,8.540468348895361,0.6399071284749247,7.024489896834057e-64,3.686873481185538,3.4289768462150243,0.6086956521739131,0.56,25,23
2558,2,FOXJ2,2558,1.0,8.540468348895361,0.3249855042830571,8.017735822309481e-15,2.411914167077406,1.7455011310324315,0.6086956521739131,0.56,25,23
2577,2,FOXJ2,2577,1.0,8.540468348895361,0.4811606647103196,8.21334147920285e-33,8.425220073741446,13.299756577506342,0.6086956521739131,0.56,25,23
2563,2,FOXJ2,2563,1.0,8.540468348895361,0.34141123524494915,2.733229497461538e-16,11.564020525235286,19.421492194277345,0.6086956521739131,0.56,25,23
2566,2,FOXJ2,2566,1.0,8.540468348895361,0.3763367689331752,1.0325050523827365e-19,14.107123452300025,30.89887061686618,0.6086956521739131,0.56,25,23
2572,2,FOXJ2,2572,1.0,8.540468348895361,0.33141818479445767,2.187176692999143e-15,7.407694260166159,10.01816885613642,0.6086956521739131,0.56,25,23
2557,2,FOXJ2,2557,1.0,8.540468348895361,0.4194761424783568,1.4884872004844725e-24,8.697738856186263,13.88107125269654,0.6086956521739131,0.56,25,23
2575,2,FOXJ2,2575,1.0,8.540468348895361,0.5859672465752932,2.255391448831234e-51,3.1469960641203687,2.655637198744418,0.6086956521739131,0.56,25,23
2554,2,FOXJ2,2554,1.0,8.540468348895361,0.7055347255617502,5.995463736278708e-83,6.661718234374059,9.281480894010636,0.6086956521739131,0.56,25,23
4743,2,ELK4,4743,1.0,8.682765472538494,0.5190266403395266,8.810141451587249e-39,2.822806458184434,2.235608036089368,0.8333333333333334,0.5,20,12
4753,2,ELK4,4753,1.0,8.682765472538494,0.29876032388858176,1.1708156326025548e-12,4.411491766958993,4.551177256024944,0.8333333333333334,0.5,20,12
4739,2,ELK4,4739,1.0,8.682765472538494,0.7559931619790686,1.2350610891584283e-101,6.140824695661502,8.071761148548177,0.8333333333333334,0.5,20,12
4746,2,ELK4,4746,1.0,8.682765472538494,0.6610056669708719,1.7432182591030144e-69,3.2493962431594383,2.79604242220529,0.8333333333333334,0.5,20,12
4741,2,ELK4,4741,1.0,8.682765472538494,0.5782362475070966,9.082804162994473e-50,8.29857388508529,12.551413213384741,0.8333333333333334,0.5,20,12
4752,2,ELK4,4752,1.0,8.682765472538494,0.38362532634101126,1.7588763387952413e-20,8.082605927515196,11.59716484130011,0.8333333333333334,0.5,20,12
4745,2,ELK4,4745,1.0,8.682765472538494,-0.27291792336187903,9.919976234332307e-11,-2.237211875161132,1.5539207439095346,0.8333333333333334,0.5,20,12
4757,2,ELK4,4757,1.0,8.682765472538494,0.5791071148036797,6.019489805293951e-50,2.0868215114991484,1.3995861268120886,0.8333333333333334,0.5,20,12
4740,2,ELK4,4740,1.0,8.682765472538494,-0.5934533774570765,5.720632185928698e-53,-2.239342388578207,1.5568836865980804,0.8333333333333334,0.5,20,12
4754,2,ELK4,4754,1.0,8.682765472538494,0.39862644462486224,3.992997730767836e-22,8.580156910890112,12.411112724530017,0.8333333333333334,0.5,20,12
1261,2,SATB1,1261,-1.0,9.0112984879692,0.48668904933280727,1.2269619194618767e-33,-6.420826656122404,8.686598874692729,0.47619047619047616,0.4,25,21
1251,2,SATB1,1251,-1.0,9.0112984879692,0.48497159918788013,2.2230747399180177e-33,-3.1170418231551964,2.6554269091523945,0.47619047619047616,0.4,25,21
1269,2,SATB1,1269,-1.0,9.0112984879692,0.6510097683443523,8.968933034827421e-67,-6.755849455842694,9.756023783361046,0.47619047619047616,0.4,25,21
1259,2,SATB1,1259,-1.0,9.0112984879692,0.5327690896749722,3.857907011401364e-41,-4.98006115784393,5.883616096945985,0.47619047619047616,0.4,25,21
1255,2,SATB1,1255,-1.0,9.0112984879692,0.29507425944425186,2.268207355012343e-12,-14.548657861896235,30.36861343523989,0.47619047619047616,0.4,25,21
1273,2,SATB1,1273,-1.0,9.0112984879692,-0.10952128756744181,0.010652081577679013,11.917538473102043,23.188717629019315,0.47619047619047616,0.4,25,21
1260,2,SATB1,1260,-1.0,9.0112984879692,0.7163379321882267,1.3245454419740507e-86,-8.50244431184521,13.570980620968152,0.47619047619047616,0.4,25,21
1256,2,SATB1,1256,-1.0,9.0112984879692,0.37994953032078266,4.31824901928731e-20,-11.642484538996609,21.03708746223064,0.47619047619047616,0.4,25,21
1258,2,SATB1,1258,-1.0,9.0112984879692,-0.2771185332912803,4.9719827594729704e-11,9.032608555588533,13.579360616027886,0.47619047619047616,0.4,25,21
1268,2,SATB1,1268,-1.0,9.0112984879692,0.6721587495367968,1.2310399976030624e-72,-6.2734129047896845,8.189051631251585,0.47619047619047616,0.4,25,21
4707,2,FOXD1,4707,-1.0,10.004165359273541,-0.2627700220778613,5.014176744822591e-10,6.663880007433183,8.828750172310341,1.0,0.9583333333333334,24,23
4709,2,FOXD1,4709,-1.0,10.004165359273541,-0.35423492295533937,1.6937122837344676e-17,12.562174501159182,22.767811205253757,1.0,0.9583333333333334,24,23
4697,2,FOXD1,4697,-1.0,10.004165359273541,0.3595806495520269,5.114388425563434e-18,-4.331815413118691,4.38912700196375,1.0,0.9583333333333334,24,23
4696,2,FOXD1,4696,-1.0,10.004165359273541,-0.4031100733090529,1.2399351679680932e-22,13.332705788678824,26.03288505275135,1.0,0.9583333333333334,24,23
4689,2,FOXD1,4689,-1.0,10.004165359273541,0.12818920763143282,0.0027662775672280316,-4.789967969355751,5.666150767976267,1.0,0.9583333333333334,24,23
4706,2,FOXD1,4706,-1.0,10.004165359273541,0.28894708328786245,6.66817965009628e-12,-3.415774068377386,3.0140219186345725,1.0,0.9583333333333334,24,23
4694,2,FOXD1,4694,-1.0,10.004165359273541,0.3851437039719764,1.2096465020282543e-20,-3.178496134228051,2.6673766616363226,1.0,0.9583333333333334,24,23
4690,2,FOXD1,4690,-1.0,10.004165359273541,0.23862378532787604,1.8104468242598496e-08,-5.564768851189125,7.279533106346423,1.0,0.9583333333333334,24,23
4703,2,FOXD1,4703,-1.0,10.004165359273541,0.26561774839392854,3.20411246234806e-10,-3.3874606792973223,2.960707267954314,1.0,0.9583333333333334,24,23
4692,2,FOXD1,4692,-1.0,10.004165359273541,0.21798005557241149,2.9043005966249776e-07,-6.907853298442365,9.959849153433243,1.0,0.9583333333333334,24,23
4693,2,FOXD1,4693,-1.0,10.004165359273541,-0.4102595947555186,1.8508931021965806e-23,15.191935908864629,33.57731262398858,1.0,0.9583333333333334,24,23
4710,2,FOXD1,4710,-1.0,10.004165359273541,-0.038225445424749996,0.3739948254417691,3.0517412033815674,2.5502269642433473,1.0,0.9583333333333334,24,23
4702,2,FOXD1,4702,-1.0,10.004165359273541,-0.1607159774880167,0.0001692988723167421,4.7234499728857156,5.210125308258424,1.0,0.9583333333333334,24,23
4701,2,FOXD1,4701,-1.0,10.004165359273541,-0.20863481526430475,9.363976196170564e-07,6.449910617197784,8.20965311958039,1.0,0.9583333333333334,24,23
4704,2,FOXD1,4704,-1.0,10.004165359273541,0.2845241657242702,1.4292151913151047e-11,-6.712031298940494,8.884131365634989,1.0,0.9583333333333334,24,23
4708,2,FOXD1,4708,-1.0,10.004165359273541,-0.316331471325763,4.386479014359335e-14,5.321454406868709,6.19558000157171,1.0,0.9583333333333334,24,23
4698,2,FOXD1,4698,-1.0,10.004165359273541,0.4147705059679781,5.443345012318997e-24,-13.373069219258417,26.069746412227087,1.0,0.9583333333333334,24,23
4700,2,FOXD1,4700,-1.0,10.004165359273541,0.3353309040890214,9.775735756389365e-16,-5.4047059123673495,6.258966110555965,1.0,0.9583333333333334,24,23
4699,2,FOXD1,4699,-1.0,10.004165359273541,-0.3254189517033292,7.352860984836628e-15,11.345822712346251,22.4265093917128,1.0,0.9583333333333334,24,23
4705,2,FOXD1,4705,-1.0,10.004165359273541,0.28806107568713,7.776747805623492e-12,-4.230960186142899,4.281076780473318,1.0,0.9583333333333334,24,23
4687,2,FOXD1,4687,-1.0,10.004165359273541,-0.19933567043665235,2.849941686220146e-06,6.560071965752589,9.049573853337101,1.0,0.9583333333333334,24,23
4691,2,FOXD1,4691,-1.0,10.004165359273541,-0.42617984942442866,2.264724266835613e-25,11.963549280053964,20.489737341086407,1.0,0.9583333333333334,24,23
4688,2,FOXD1,4688,-1.0,10.004165359273541,0.351975644797072,2.790472980161025e-17,-15.431924511255058,33.405408140278915,1.0,0.9583333333333334,24,23
6741,2,DMRT2,6741,-1.0,3.609218420390172,0.06586802448079132,0.12527375961674622,-2.8673016858212073,2.272486173434761,0.6818181818181818,0.6,25,22
6747,2,DMRT2,6747,-1.0,3.609218420390172,-0.07632130896192091,0.07557470438714477,3.0551758199977086,2.5344089519763413,0.6818181818181818,0.6,25,22
6735,2,DMRT2,6735,-1.0,3.609218420390172,-0.09257270769288979,0.03101933045319444,6.358003239292657,7.961618574122813,0.6818181818181818,0.6,25,22
6745,2,DMRT2,6745,-1.0,3.609218420390172,0.04192212234642468,0.3295295564096866,-3.359014068731335,2.9444609805780027,0.6818181818181818,0.6,25,22
6742,2,DMRT2,6742,-1.0,3.609218420390172,-0.08575211183283096,0.045792387231135066,3.454296190729253,3.0661144101091447,0.6818181818181818,0.6,25,22
6744,2,DMRT2,6744,-1.0,3.609218420390172,-0.08663339539367458,0.043601093314168005,6.3744733590238765,8.298568543226803,0.6818181818181818,0.6,25,22
6728,2,DMRT2,6728,-1.0,3.609218420390172,0.3268236585543516,5.548849534223389e-15,-4.595590011811721,5.267852462301443,0.6818181818181818,0.6,25,22
6733,2,DMRT2,6733,-1.0,3.609218420390172,0.17029647606475004,6.653885923831386e-05,-5.42304220696953,6.621259467940281,0.6818181818181818,0.6,25,22
6746,2,DMRT2,6746,-1.0,3.609218420390172,-0.1520619823418,0.00037663452531036285,3.001552599874309,2.4696674729591725,0.6818181818181818,0.6,25,22
6725,2,DMRT2,6725,-1.0,3.609218420390172,-0.057544301624950785,0.1805909821609981,3.0761340898524723,2.551012675824119,0.6818181818181818,0.6,25,22
6737,2,DMRT2,6737,-1.0,3.609218420390172,0.0680885820771334,0.11300997784512921,-4.416937984248799,4.525686214098116,0.6818181818181818,0.6,25,22
6740,2,DMRT2,6740,-1.0,3.609218420390172,-0.24122000789017412,1.2533150860892441e-08,10.263781814056808,18.455160675496735,0.6818181818181818,0.6,25,22
6726,2,DMRT2,6726,-1.0,3.609218420390172,-0.011835083515507237,0.7831937160523335,8.072100235835533,12.462771750582098,0.6818181818181818,0.6,25,22
6732,2,DMRT2,6732,-1.0,3.609218420390172,-0.24851910406948,4.3559509021587515e-09,13.124860578925832,28.001311778897872,0.6818181818181818,0.6,25,22
6730,2,DMRT2,6730,-1.0,3.609218420390172,-0.15329313750846657,0.00033698673670891143,11.697315844067905,19.786909081606073,0.6818181818181818,0.6,25,22
5913,2,PLAG1,5913,-1.0,3.493990983254336,0.11644168074764921,0.0066004343663191726,-10.748529553981507,17.188280670727405,0.6,0.48,25,20
5914,2,PLAG1,5914,-1.0,3.493990983254336,-0.17968670363499217,2.533401281906454e-05,1.9934871750851648,1.3065420229093276,0.6,0.48,25,20
5898,2,PLAG1,5898,-1.0,3.493990983254336,0.004401406339380261,0.9184968876429955,-4.717193064861535,5.089859059075146,0.6,0.48,25,20
5903,2,PLAG1,5903,-1.0,3.493990983254336,0.10305810159174064,0.016289554186648902,-7.389489691723139,10.257296393713824,0.6,0.48,25,20
5901,2,PLAG1,5901,-1.0,3.493990983254336,0.062025553835323856,0.1489075165642087,-8.191946588004685,11.410347722519058,0.6,0.48,25,20
5911,2,PLAG1,5911,-1.0,3.493990983254336,0.1491705961502254,0.00048747112207442935,-7.096747651895186,9.596054304441761,0.6,0.48,25,20
5894,2,PLAG1,5894,-1.0,3.493990983254336,0.25036831413163013,3.3148437922860268e-09,-2.0833241781597582,1.4199916242797277,0.6,0.48,25,20
5899,2,PLAG1,5899,-1.0,3.493990983254336,-0.26270571326122755,5.064832456146032e-10,11.598885971428535,20.975105893130287,0.6,0.48,25,20
5910,2,PLAG1,5910,-1.0,3.493990983254336,-0.49822146397447076,2.0756702769770422e-35,6.545329575114508,8.665744081805505,0.6,0.48,25,20
5893,2,PLAG1,5893,-1.0,3.493990983254336,-0.20516026536605958,1.4278505222317904e-06,10.044921358679508,15.928613513325198,0.6,0.48,25,20
5896,2,PLAG1,5896,-1.0,3.493990983254336,0.05464503032258142,0.20359567849521087,-3.851676721073188,3.656843623719996,0.6,0.48,25,20
5895,2,PLAG1,5895,-1.0,3.493990983254336,0.39962450546669914,3.0825361336297063e-22,-10.034426461509137,18.385392301293287,0.6,0.48,25,20
3349,2,ETS2,3349,1.0,2.7670865869484977,0.39875093989808935,3.8663445549519665e-22,5.58519041185135,6.8971035150993165,0.75,0.375,8,4
3352,2,ETS2,3352,1.0,2.7670865869484977,0.25115261186736015,2.9502995159404357e-09,2.626659014566218,1.9994260985448233,0.75,0.375,8,4
3350,2,ETS2,3350,1.0,2.7670865869484977,-0.27000049168512485,1.5916427843858168e-10,-2.330697933964273,1.6550989204803948,0.75,0.375,8,4
7917,2,CPEB1,7917,-1.0,2.0921861149505263,0.558577312089338,7.120542462971428e-46,-5.265303546197218,5.913435843318483,0.7894736842105263,0.6,25,19
7918,2,CPEB1,7918,-1.0,2.0921861149505263,0.5020129109318393,5.2456779157878934e-36,-7.492864609775584,10.57277923670097,0.7894736842105263,0.6,25,19
7906,2,CPEB1,7906,-1.0,2.0921861149505263,0.13672878888359896,0.001404267478853947,-5.214030199753695,6.2406123382366525,0.7894736842105263,0.6,25,19
7900,2,CPEB1,7900,-1.0,2.0921861149505263,-0.43683540060944975,1.0398127810827649e-26,12.604789922696037,25.33543404694775,0.7894736842105263,0.6,25,19
7897,2,CPEB1,7897,-1.0,2.0921861149505263,0.0038003662454564103,0.9295955235926159,-11.436122085974219,20.64420467781935,0.7894736842105263,0.6,25,19
7904,2,CPEB1,7904,-1.0,2.0921861149505263,-0.4824860409393824,5.2232293266945025e-33,10.77686244008072,19.469278165993355,0.7894736842105263,0.6,25,19
7909,2,CPEB1,7909,-1.0,2.0921861149505263,-0.30689074216871515,2.6324671193630795e-13,6.582509557754752,8.412806249806483,0.7894736842105263,0.6,25,19
7898,2,CPEB1,7898,-1.0,2.0921861149505263,-0.4704434280286905,2.971173414033899e-31,10.920283159126091,18.090763250650568,0.7894736842105263,0.6,25,19
7920,2,CPEB1,7920,-1.0,2.0921861149505263,-0.01699843919953662,0.6926808997502725,4.471706190322038,4.634033614351598,0.7894736842105263,0.6,25,19
7916,2,CPEB1,7916,-1.0,2.0921861149505263,0.18867134986754483,9.592149862463489e-06,-3.3209349534218786,2.87696674144424,0.7894736842105263,0.6,25,19
7913,2,CPEB1,7913,-1.0,2.0921861149505263,-0.18244711087019874,1.8891439040001422e-05,6.777525544332757,9.347097306927298,0.7894736842105263,0.6,25,19
7911,2,CPEB1,7911,-1.0,2.0921861149505263,0.5296678007404059,1.3430943758239776e-40,-5.038869204130495,5.540921400699469,0.7894736842105263,0.6,25,19
7903,2,CPEB1,7903,-1.0,2.0921861149505263,-0.45192968423021895,1.0927025863182391e-28,12.75701207385231,25.785979910232182,0.7894736842105263,0.6,25,19
7912,2,CPEB1,7912,-1.0,2.0921861149505263,0.4163669086317123,3.5141646327523386e-24,-5.438292053130902,6.372689815600443,0.7894736842105263,0.6,25,19
7914,2,CPEB1,7914,-1.0,2.0921861149505263,0.535939634258221,1.0633233784849282e-41,-14.005066890773493,29.04117742135336,0.7894736842105263,0.6,25,19
9111,2,SOX30,9111,1.0,1.5724546925808256,0.39304339131953,1.6711160689976351e-21,2.1109108482467076,1.4298591298836565,0.15789473684210525,0.13043478260869565,23,19
9126,2,SOX30,9126,1.0,1.5724546925808256,0.25322577876976626,2.1641886612292015e-09,5.081115835004365,5.654009863867486,0.15789473684210525,0.13043478260869565,23,19
9112,2,SOX30,9112,1.0,1.5724546925808256,0.2786223195859744,3.8715860599859087e-11,3.462397671113746,3.075354143325945,0.15789473684210525,0.13043478260869565,23,19
9025,2,HOXA11,9025,-1.0,28.472989261433305,0.4544159170467233,5.0469040875287725e-29,-10.831895355999341,19.57733636809252,1.0,0.88,25,22
9026,2,HOXA11,9026,-1.0,28.472989261433305,0.44882667139963567,2.840197642254063e-28,-9.915436187812045,17.251894111650405,1.0,0.88,25,22
9019,2,HOXA11,9019,-1.0,28.472989261433305,-0.2350060021562192,3.001203934906234e-08,6.67052580456215,8.646195757504783,1.0,0.88,25,22
9006,2,HOXA11,9006,-1.0,28.472989261433305,-0.3960652598076192,7.726306081035365e-22,11.439842394338402,18.8506890548981,1.0,0.88,25,22
9020,2,HOXA11,9020,-1.0,28.472989261433305,-0.3844295613089378,1.4428776713559485e-20,10.511747750571814,17.13204761971974,1.0,0.88,25,22
9014,2,HOXA11,9014,-1.0,28.472989261433305,-0.2799816247674989,3.0840168155675954e-11,10.840308650318583,19.93966758935253,1.0,0.88,25,22
9015,2,HOXA11,9015,-1.0,28.472989261433305,0.35841394670852794,6.6547983751220824e-18,-7.768679707754349,11.252390592705344,1.0,0.88,25,22
9022,2,HOXA11,9022,-1.0,28.472989261433305,0.2942485132521133,2.626974805173481e-12,-4.725594470071259,5.025933341014759,1.0,0.88,25,22
9017,2,HOXA11,9017,-1.0,28.472989261433305,0.1899130047117826,8.356634879062802e-06,-3.581502968712177,3.2453434958141334,1.0,0.88,25,22
9008,2,HOXA11,9008,-1.0,28.472989261433305,0.31805791571077885,3.1388744685146583e-14,-6.354437810205747,8.3086369684977,1.0,0.88,25,22
9013,2,HOXA11,9013,-1.0,28.472989261433305,-0.3556497918732844,1.2363893291234548e-17,8.999114399891488,13.344870516030863,1.0,0.88,25,22
9018,2,HOXA11,9018,-1.0,28.472989261433305,0.41454010351770726,5.797089146714479e-24,-9.451590536450244,16.506780248586924,1.0,0.88,25,22
9012,2,HOXA11,9012,-1.0,28.472989261433305,0.20763802860648042,1.057654509055132e-06,-5.828311776450854,7.655990327122926,1.0,0.88,25,22
9010,2,HOXA11,9010,-1.0,28.472989261433305,0.14413921824463613,0.0007553711755913132,-2.8607682928422213,2.301732378958307,1.0,0.88,25,22
9023,2,HOXA11,9023,-1.0,28.472989261433305,-0.40747707668009414,3.901518533706689e-23,11.459187926410872,21.648359505715757,1.0,0.88,25,22
9027,2,HOXA11,9027,-1.0,28.472989261433305,-0.2740221911887627,8.282234922629063e-11,8.915901427503536,13.327448578009983,1.0,0.88,25,22
9021,2,HOXA11,9021,-1.0,28.472989261433305,0.24182640936744113,1.1494427102771294e-08,-5.392440943981879,6.5343283783840915,1.0,0.88,25,22
9028,2,HOXA11,9028,-1.0,28.472989261433305,-0.22451452090081514,1.241293143854102e-07,4.780331026703785,5.220511368215493,1.0,0.88,25,22
9011,2,HOXA11,9011,-1.0,28.472989261433305,-0.3178049527082856,3.297074180729304e-14,11.176130784338866,20.492632234287072,1.0,0.88,25,22
9005,2,HOXA11,9005,-1.0,28.472989261433305,0.4799629317385146,1.234328640977335e-32,-11.651222921509317,21.322382797280955,1.0,0.88,25,22
9007,2,HOXA11,9007,-1.0,28.472989261433305,-0.37151255835762786,3.2514869811064994e-19,14.031814036738137,30.514960379523654,1.0,0.88,25,22
9004,2,HOXA11,9004,-1.0,28.472989261433305,0.5416123764341316,1.0240699317055482e-42,-14.66305222509883,31.098433829602044,1.0,0.88,25,22
8542,2,POU3F3,8542,1.0,2.3111446010856773,0.4661043817539248,1.2256590890626973e-30,8.884614804017152,13.008169140044819,0.8095238095238095,0.68,25,21
8550,2,POU3F3,8550,1.0,2.3111446010856773,0.4750166993057646,6.526123179693616e-32,11.143770080065854,21.1410156568158,0.8095238095238095,0.68,25,21
8533,2,POU3F3,8533,1.0,2.3111446010856773,-0.16597423509984208,0.00010205178811541036,-4.229148875292458,4.5194741668205705,0.8095238095238095,0.68,25,21
8553,2,POU3F3,8553,1.0,2.3111446010856773,-0.30331463230946903,5.104283239592938e-13,-4.774532389269944,5.211957446496176,0.8095238095238095,0.68,25,21
8537,2,POU3F3,8537,1.0,2.3111446010856773,0.32800636972083075,4.372975861507956e-15,13.808863296035009,29.650154651146828,0.8095238095238095,0.68,25,21
8532,2,POU3F3,8532,1.0,2.3111446010856773,0.2168636455214081,3.3495293378378867e-07,3.916783935906294,3.784291705537872,0.8095238095238095,0.68,25,21
8530,2,POU3F3,8530,1.0,2.3111446010856773,-0.13378197602255518,0.0017822436922711998,-3.9866594457227564,4.117720112219147,0.8095238095238095,0.68,25,21
8545,2,POU3F3,8545,1.0,2.3111446010856773,-0.3060242970401755,3.0931411928406734e-13,-6.479053955873402,8.397567700915017,0.8095238095238095,0.68,25,21
8539,2,POU3F3,8539,1.0,2.3111446010856773,0.45660803821232887,2.540599099107078e-29,12.417011620352614,24.652823138790065,0.8095238095238095,0.68,25,21
8531,2,POU3F3,8531,1.0,2.3111446010856773,-0.29318944148167514,3.169188822127618e-12,-14.566331465750205,30.32121714315156,0.8095238095238095,0.68,25,21
8534,2,POU3F3,8534,1.0,2.3111446010856773,0.44833940844283326,3.2968946224066535e-28,12.031900438154839,20.80142761201391,0.8095238095238095,0.68,25,21
8538,2,POU3F3,8538,1.0,2.3111446010856773,-0.18124570525035766,2.1476497555418676e-05,-6.129843101545968,8.098219755001901,0.8095238095238095,0.68,25,21
8548,2,POU3F3,8548,1.0,2.3111446010856773,0.11364154895205111,0.00803476629097731,8.6433742951007,14.043088944696716,0.8095238095238095,0.68,25,21
8549,2,POU3F3,8549,1.0,2.3111446010856773,0.3878664853028121,6.151608483415701e-21,8.031613373513272,11.332662122680087,0.8095238095238095,0.68,25,21
8536,2,POU3F3,8536,1.0,2.3111446010856773,-0.16037839367668946,0.00017479883871977206,-2.6619714062569724,2.051152045933078,0.8095238095238095,0.68,25,21
8544,2,POU3F3,8544,1.0,2.3111446010856773,0.30671415525497475,2.720543711594212e-13,7.952177531885595,11.384813834081205,0.8095238095238095,0.68,25,21
8554,2,POU3F3,8554,1.0,2.3111446010856773,0.1674035697539296,8.869544511756403e-05,6.078287081329611,7.773758688524006,0.8095238095238095,0.68,25,21
800,2,KLF12,800,1.0,8.589107439730405,-0.27807102331666805,4.2441813985804176e-11,-2.280060755293674,1.5958803509036201,0.625,0.4166666666666667,24,16
792,2,KLF12,792,1.0,8.589107439730405,-0.6541408881752125,1.3016868757518414e-67,-2.3605654234517846,1.6868160473199012,0.625,0.4166666666666667,24,16
794,2,KLF12,794,1.0,8.589107439730405,-0.41984093386595234,1.344986984241865e-24,-3.5078566281471413,3.1299007794571243,0.625,0.4166666666666667,24,16
808,2,KLF12,808,1.0,8.589107439730405,-0.2652199781260081,3.4120341106591596e-10,-7.796639215716486,12.870814373725565,0.625,0.4166666666666667,24,16
803,2,KLF12,803,1.0,8.589107439730405,0.34224739976519036,2.288781248430202e-16,2.826580195612052,2.241168710133392,0.625,0.4166666666666667,24,16
791,2,KLF12,791,1.0,8.589107439730405,0.8331951468279714,2.626902774666657e-141,6.720525164287323,9.497081533589926,0.625,0.4166666666666667,24,16
811,2,KLF12,811,1.0,8.589107439730405,0.5689224870393,6.852700546689919e-48,3.3799287037562578,2.9733934939825777,0.625,0.4166666666666667,24,16
797,2,KLF12,797,1.0,8.589107439730405,0.39931180571961716,3.343197946063843e-22,10.139532140295259,15.985503117488443,0.625,0.4166666666666667,24,16
802,2,KLF12,802,1.0,8.589107439730405,0.4238840696418014,4.336376388866861e-25,11.730619981921691,23.956229289806643,0.625,0.4166666666666667,24,16
793,2,KLF12,793,1.0,8.589107439730405,0.517308140866589,1.7077212983395976e-38,8.653363549687127,13.816420410226062,0.625,0.4166666666666667,24,16
948,2,ZNF652,948,1.0,1.7496339316977765,0.44834308109086946,3.2931943961807063e-28,6.166286067808218,8.177355385630417,0.3888888888888889,0.35,20,18
961,2,ZNF652,961,1.0,1.7496339316977765,0.11279024412766064,0.008522898941278828,9.608215278157367,14.87835975021583,0.3888888888888889,0.35,20,18
951,2,ZNF652,951,1.0,1.7496339316977765,0.2951123350606272,2.2528754098401173e-12,2.701947726922074,2.0826269718190695,0.3888888888888889,0.35,20,18
953,2,ZNF652,953,1.0,1.7496339316977765,0.30502623619833863,3.7221013359815635e-13,6.02732508958486,7.675779199228813,0.3888888888888889,0.35,20,18
955,2,ZNF652,955,1.0,1.7496339316977765,0.13423386163500894,0.0017187951622887247,9.660870048795791,15.828037516974149,0.3888888888888889,0.35,20,18
962,2,ZNF652,962,1.0,1.7496339316977765,0.1848343320937272,1.460563411473197e-05,10.472204805029117,18.238267082467413,0.3888888888888889,0.35,20,18
966,2,ZNF652,966,1.0,1.7496339316977765,0.17531332934388819,3.996971024062802e-05,3.0047624469420082,2.4738999713205887,0.3888888888888889,0.35,20,18
8748,2,E2F4,8748,-1.0,3.1129481139673123,0.5732395723778492,9.397360878896673e-49,-3.5522480577061084,3.1797413730847444,0.4,0.2857142857142857,7,5
8744,2,E2F4,8744,-1.0,3.1129481139673123,0.21125019037808188,6.783835258784029e-07,-2.489711291099359,1.8462518226799483,0.4,0.2857142857142857,7,5
2919,2,CDC5L,2919,1.0,8.808305908589267,0.7607455685379084,1.2470385335765014e-103,6.268562778517635,8.372106688855228,0.7727272727272727,0.68,25,22
2924,2,CDC5L,2924,1.0,8.808305908589267,0.27109449108790734,1.3339380677408265e-10,9.699520291029316,14.899458049949054,0.7727272727272727,0.68,25,22
2925,2,CDC5L,2925,1.0,8.808305908589267,0.47452771245294517,7.682715193980447e-32,3.0580199969066415,2.542107758327693,0.7727272727272727,0.68,25,22
2941,2,CDC5L,2941,1.0,8.808305908589267,0.5819412748076133,1.5645612726098922e-50,2.3072093489193817,1.6458176063760381,0.7727272727272727,0.68,25,22
2934,2,CDC5L,2934,1.0,8.808305908589267,0.4989146200773026,1.6162454946724888e-35,2.5595493191480023,1.9154173862464594,0.7727272727272727,0.68,25,22
2935,2,CDC5L,2935,1.0,8.808305908589267,0.4592339815582101,1.1091732080747239e-29,2.370991915839127,1.7007532154848597,0.7727272727272727,0.68,25,22
2926,2,CDC5L,2926,1.0,8.808305908589267,0.27566903654899405,6.318637483508677e-11,12.253500110715098,23.69185380383005,0.7727272727272727,0.68,25,22
2923,2,CDC5L,2923,1.0,8.808305908589267,0.18417550400723376,1.5685643365365797e-05,2.7512440076021036,2.146292516035518,0.7727272727272727,0.68,25,22
2927,2,CDC5L,2927,1.0,8.808305908589267,0.1542365269281552,0.00030927966694029095,5.016554594065652,5.499877944055533,0.7727272727272727,0.68,25,22
2937,2,CDC5L,2937,1.0,8.808305908589267,0.5742340355236507,5.921416404065801e-49,8.178043765955733,12.118124616847055,0.7727272727272727,0.68,25,22
2940,2,CDC5L,2940,1.0,8.808305908589267,0.4137199037736234,7.250688964069465e-24,5.481577395275169,6.606109795334988,0.7727272727272727,0.68,25,22
2942,2,CDC5L,2942,1.0,8.808305908589267,0.21012688474301058,7.795020546407842e-07,10.426135674470158,18.606079414772807,0.7727272727272727,0.68,25,22
2921,2,CDC5L,2921,1.0,8.808305908589267,0.6808447120464056,3.458905195063428e-75,8.043014324831503,12.548166715057032,0.7727272727272727,0.68,25,22
2932,2,CDC5L,2932,1.0,8.808305908589267,0.5248888611733047,8.95428375003427e-40,4.35960387504811,4.490993851178757,0.7727272727272727,0.68,25,22
2930,2,CDC5L,2930,1.0,8.808305908589267,0.5800626029090971,3.8275473707003525e-50,7.4682069417112205,10.27112858475368,0.7727272727272727,0.68,25,22
2928,2,CDC5L,2928,1.0,8.808305908589267,0.5138090816641023,6.49564240116838e-38,2.988343218461456,2.4617000724689384,0.7727272727272727,0.68,25,22
2929,2,CDC5L,2929,1.0,8.808305908589267,0.49118594452112874,2.5468513857100383e-34,7.054565914021058,10.093458981395342,0.7727272727272727,0.68,25,22
3103,2,NR4A2,3103,-1.0,1.989820151617553,0.3286986263996537,3.802164731644516e-15,-3.086436515607021,2.586912010720655,0.65,0.5416666666666666,24,20
3112,2,NR4A2,3112,-1.0,1.989820151617553,0.5681786633839689,9.621571336217166e-48,-3.0279228594446446,2.4794096952761153,0.65,0.5416666666666666,24,20
3095,2,NR4A2,3095,-1.0,1.989820151617553,0.3011497936721324,7.587702409302092e-13,-12.546147060880553,23.465595342719165,0.65,0.5416666666666666,24,20
3101,2,NR4A2,3101,-1.0,1.989820151617553,0.48386283424095217,3.257016642527573e-33,-2.15411614324694,1.4645833286801107,0.65,0.5416666666666666,24,20
3105,2,NR4A2,3105,-1.0,1.989820151617553,0.2123667503330867,5.904312166029632e-07,-2.662794770229301,2.0233943870443163,0.65,0.5416666666666666,24,20
3114,2,NR4A2,3114,-1.0,1.989820151617553,0.3846239118468533,1.375338813286965e-20,-4.972228133514794,5.52281090165248,0.65,0.5416666666666666,24,20
3111,2,NR4A2,3111,-1.0,1.989820151617553,0.21251380615853607,5.796988907881919e-07,-7.712286428803099,11.73914159444722,0.65,0.5416666666666666,24,20
3096,2,NR4A2,3096,-1.0,1.989820151617553,-0.18977591750243147,8.485202302270465e-06,4.470461656524588,4.650080630439537,0.65,0.5416666666666666,24,20
3094,2,NR4A2,3094,-1.0,1.989820151617553,0.34972513602289096,4.5703020893459486e-17,-2.991127249359241,2.486033469438679,0.65,0.5416666666666666,24,20
3098,2,NR4A2,3098,-1.0,1.989820151617553,0.3533814445229276,2.046250277175722e-17,-5.8568208307961065,7.163957863556914,0.65,0.5416666666666666,24,20
3106,2,NR4A2,3106,-1.0,1.989820151617553,0.348762377573402,5.63744798004718e-17,-2.623131695414604,1.9970861328775509,0.65,0.5416666666666666,24,20
3100,2,NR4A2,3100,-1.0,1.989820151617553,0.35751354832365356,8.148079818908677e-18,-6.047913373196558,7.677434398273792,0.65,0.5416666666666666,24,20
3109,2,NR4A2,3109,-1.0,1.989820151617553,0.19488989251283476,4.765207900587138e-06,-6.455392926748601,8.485164312667184,0.65,0.5416666666666666,24,20
2681,2,ZSCAN26,2681,1.0,3.2983562066156336,-0.285477780029669,1.2139569258799054e-11,-2.000203804382132,1.3140683944435045,0.6111111111111112,0.44,25,18
2692,2,ZSCAN26,2692,1.0,3.2983562066156336,0.2379800225935311,1.9820140305875115e-08,3.133737886476315,2.6605600596637493,0.6111111111111112,0.44,25,18
2686,2,ZSCAN26,2686,1.0,3.2983562066156336,0.3210063775158389,1.763490724597695e-14,12.99476167005126,22.761113211023154,0.6111111111111112,0.44,25,18
2703,2,ZSCAN26,2703,1.0,3.2983562066156336,0.18590082411223852,1.300580079938692e-05,9.85857502749122,17.531718976228284,0.6111111111111112,0.44,25,18
2698,2,ZSCAN26,2698,1.0,3.2983562066156336,-0.32363599350975636,1.0488578423522546e-14,-2.7295158191916045,2.1102544790985838,0.6111111111111112,0.44,25,18
2691,2,ZSCAN26,2691,1.0,3.2983562066156336,0.35847668153314616,6.561432235678742e-18,12.68640257053976,25.84051235448258,0.6111111111111112,0.44,25,18
2689,2,ZSCAN26,2689,1.0,3.2983562066156336,0.24467690890753566,7.62985069712948e-09,6.290849911851594,8.344192756509587,0.6111111111111112,0.44,25,18
2679,2,ZSCAN26,2679,1.0,3.2983562066156336,0.48391882338550396,3.194911305487023e-33,6.289180161999662,8.418751816348985,0.6111111111111112,0.44,25,18
2695,2,ZSCAN26,2695,1.0,3.2983562066156336,0.5124906010191075,1.0703072234470765e-37,10.10519387173123,17.757413334075466,0.6111111111111112,0.44,25,18
2687,2,ZSCAN26,2687,1.0,3.2983562066156336,0.4593132807749918,1.0816361577313956e-29,8.082806416823194,11.686240864320078,0.6111111111111112,0.44,25,18
2682,2,ZSCAN26,2682,1.0,3.2983562066156336,0.33154732709173046,2.1301999433378498e-15,6.931296104017777,9.685842641416459,0.6111111111111112,0.44,25,18
3610,2,GLI2,3610,-1.0,22.554981408591797,0.15873079879645077,0.00020413026226763845,-7.915484829875714,13.33636154447346,0.9090909090909091,0.9090909090909091,11,11
3612,2,GLI2,3612,-1.0,22.554981408591797,0.38713397939959254,7.383537412817683e-21,-2.4693368014769232,1.7967768584392694,0.9090909090909091,0.9090909090909091,11,11
3609,2,GLI2,3609,-1.0,22.554981408591797,0.18944238109914413,8.805929631022769e-06,-2.151806537700358,1.456823206126565,0.9090909090909091,0.9090909090909091,11,11
3605,2,GLI2,3605,-1.0,22.554981408591797,0.6734800783578198,5.102523673108306e-73,-13.335763210740954,26.210442396122993,0.9090909090909091,0.9090909090909091,11,11
3607,2,GLI2,3607,-1.0,22.554981408591797,0.6835501045130699,5.322300064796396e-76,-8.128087508521308,11.76925569436875,0.9090909090909091,0.9090909090909091,11,11
3608,2,GLI2,3608,-1.0,22.554981408591797,0.6547281371010006,9.040258213461692e-68,-6.28526218241041,8.176595180652695,0.9090909090909091,0.9090909090909091,11,11
3611,2,GLI2,3611,-1.0,22.554981408591797,0.43736673534268655,8.891643873386458e-27,-2.646606760764917,2.0211587069662955,0.9090909090909091,0.9090909090909091,11,11
3604,2,GLI2,3604,-1.0,22.554981408591797,0.19157926264020525,6.9351580446626465e-06,-3.357650502769184,2.920412879589773,0.9090909090909091,0.9090909090909091,11,11
3606,2,GLI2,3606,-1.0,22.554981408591797,0.7957617941470283,6.312935107822278e-120,-10.345793558884152,17.339856979985846,0.9090909090909091,0.9090909090909091,11,11
3603,2,GLI2,3603,-1.0,22.554981408591797,0.5423214973131206,7.619346395869272e-43,-3.2179298284787428,2.8020171787251913,0.9090909090909091,0.9090909090909091,11,11
1037,2,MEIS2,1037,-1.0,8.39608301392914,0.5569934264097273,1.429075241806116e-45,-11.627145558852993,20.35597343197239,0.5,0.44,25,22
1050,2,MEIS2,1050,-1.0,8.39608301392914,0.42811166229146863,1.3060084169538069e-25,-2.678235768175583,2.0644349992887427,0.5,0.44,25,22
1056,2,MEIS2,1056,-1.0,8.39608301392914,0.5118891861651799,1.3431519024250113e-37,-6.666864519104249,9.111165515847924,0.5,0.44,25,22
1048,2,MEIS2,1048,-1.0,8.39608301392914,0.45532448519967816,3.799604225883635e-29,-3.6272655287844713,3.344188284622983,0.5,0.44,25,22
1052,2,MEIS2,1052,-1.0,8.39608301392914,0.31851234969125775,2.873164107842693e-14,-2.469591751183842,1.8086163411146865,0.5,0.44,25,22
1040,2,MEIS2,1040,-1.0,8.39608301392914,-0.244398537176792,7.943185325751998e-09,5.996653202006537,7.393560621071509,0.5,0.44,25,22
1039,2,MEIS2,1039,-1.0,8.39608301392914,0.44543247004618247,7.984863087769795e-28,-14.943330197085002,30.887350351580082,0.5,0.44,25,22
1036,2,MEIS2,1036,-1.0,8.39608301392914,0.16274522795601698,0.0001395120792359837,-3.950195841281318,4.053080387949232,0.5,0.44,25,22
1053,2,MEIS2,1053,-1.0,8.39608301392914,0.42898979993212355,1.0156920947942895e-25,-4.927667849009029,5.442445690486223,0.5,0.44,25,22
1034,2,MEIS2,1034,-1.0,8.39608301392914,0.5376730491793056,5.2257856255109055e-42,-4.607706192548824,5.05398587150603,0.5,0.44,25,22
1044,2,MEIS2,1044,-1.0,8.39608301392914,0.31813046924749394,3.094890925469042e-14,-3.980904916340006,3.9102383924493633,0.5,0.44,25,22
8627,2,HOXB5,8627,-1.0,6.277469572604565,-0.2974563089797294,1.4810162244013637e-12,2.8202060396623168,2.2270709070989954,1.0,0.84,25,21
8634,2,HOXB5,8634,-1.0,6.277469572604565,-0.2885864142603077,7.0994415431924804e-12,11.50624972894973,22.461811031664812,1.0,0.84,25,21
8650,2,HOXB5,8650,-1.0,6.277469572604565,0.3312457951927586,2.2655717435675547e-15,-4.403130623509361,4.523608952788867,1.0,0.84,25,21
8644,2,HOXB5,8644,-1.0,6.277469572604565,-0.10049256955845477,0.019167893996603146,4.743097428194362,5.237446118561352,1.0,0.84,25,21
8638,2,HOXB5,8638,-1.0,6.277469572604565,-0.09809957703086944,0.02224253196436514,8.697730161085497,13.7435395108323,1.0,0.84,25,21
8628,2,HOXB5,8628,-1.0,6.277469572604565,-0.27145261174743696,1.258779464419079e-10,12.04102107094027,20.646527009169056,1.0,0.84,25,21
8646,2,HOXB5,8646,-1.0,6.277469572604565,-0.21571882866212477,3.8740149714312524e-07,4.225773383872393,4.309964677001117,1.0,0.84,25,21
8639,2,HOXB5,8639,-1.0,6.277469572604565,0.416056007732648,3.82748335561271e-24,-11.944613331744582,21.816644217045393,1.0,0.84,25,21
8630,2,HOXB5,8630,-1.0,6.277469572604565,-0.39474123271456957,1.0844064950449072e-21,13.472968895510006,28.401993974632905,1.0,0.84,25,21
8633,2,HOXB5,8633,-1.0,6.277469572604565,0.18002226374229943,2.445195775981931e-05,-3.6545678834705724,3.43914249717852,1.0,0.84,25,21
8631,2,HOXB5,8631,-1.0,6.277469572604565,0.2950840781563487,2.2642439073731954e-12,-11.701169509666991,20.955763452078006,1.0,0.84,25,21
8637,2,HOXB5,8637,-1.0,6.277469572604565,0.2714385957232988,1.2616417984212257e-10,-13.15379224621674,27.350650973314444,1.0,0.84,25,21
8643,2,HOXB5,8643,-1.0,6.277469572604565,-0.3731682480539463,2.198074408135137e-19,2.784280118776135,2.185179476336583,1.0,0.84,25,21
8651,2,HOXB5,8651,-1.0,6.277469572604565,-0.09317807875836316,0.029931891495355696,8.028153100478727,11.506376080668026,1.0,0.84,25,21
8641,2,HOXB5,8641,-1.0,6.277469572604565,-0.2161682408585542,3.6593274969464194e-07,3.745172787268577,3.549799392245745,1.0,0.84,25,21
8642,2,HOXB5,8642,-1.0,6.277469572604565,0.40573706598294457,6.197388604393959e-23,-13.493153380017024,26.806712142850458,1.0,0.84,25,21
8645,2,HOXB5,8645,-1.0,6.277469572604565,-0.12877450780520158,0.002643947826575586,7.057924599138725,9.761289354683782,1.0,0.84,25,21
8648,2,HOXB5,8648,-1.0,6.277469572604565,0.39442583469546105,1.1753404202674543e-21,-4.31111633214191,4.316803117736422,1.0,0.84,25,21
8640,2,HOXB5,8640,-1.0,6.277469572604565,-0.28948478894116214,6.0723769243742995e-12,4.174936671528201,4.197010983595496,1.0,0.84,25,21
8636,2,HOXB5,8636,-1.0,6.277469572604565,-0.2887750684461671,6.8705698528210104e-12,5.569655832634048,6.65060219172201,1.0,0.84,25,21
8632,2,HOXB5,8632,-1.0,6.277469572604565,-0.171996853215201,5.60723060921104e-05,12.370035650831493,23.877770686941638,1.0,0.84,25,21
6707,2,TCF7,6707,-1.0,7.23702127324075,0.18677836213688753,1.1815883932265722e-05,-6.473430014415596,9.095696028507621,0.8333333333333334,0.6,25,18
6720,2,TCF7,6720,-1.0,7.23702127324075,0.31100380816125356,1.2154051312285142e-13,-12.564794576057977,22.788527845562317,0.8333333333333334,0.6,25,18
6706,2,TCF7,6706,-1.0,7.23702127324075,-0.1501150663115341,0.0004483051308837753,14.851124123514003,34.79798613557888,0.8333333333333334,0.6,25,18
6721,2,TCF7,6721,-1.0,7.23702127324075,-0.1558332293998923,0.0002671775019158074,8.447761113670197,12.515718726603465,0.8333333333333334,0.6,25,18
6709,2,TCF7,6709,-1.0,7.23702127324075,0.3381419039247266,5.442411040881743e-16,-4.413723673134557,4.57369550629236,0.8333333333333334,0.6,25,18
6710,2,TCF7,6710,-1.0,7.23702127324075,-0.1680542280723425,8.317725049337773e-05,8.850946849415836,13.024708854045075,0.8333333333333334,0.6,25,18
6700,2,TCF7,6700,-1.0,7.23702127324075,-0.2179495501081108,2.915670731402823e-07,11.770610330527354,19.889997173748483,0.8333333333333334,0.6,25,18
6713,2,TCF7,6713,-1.0,7.23702127324075,0.3453987566362502,1.1669066814575831e-16,-14.586469080576713,32.57306551818407,0.8333333333333334,0.6,25,18
6711,2,TCF7,6711,-1.0,7.23702127324075,-0.2165441251422589,3.4886020391534166e-07,12.245250204176262,23.51726187732217,0.8333333333333334,0.6,25,18
6702,2,TCF7,6702,-1.0,7.23702127324075,0.1901681413222972,8.12228230116063e-06,-4.342523647498538,4.730228946148033,0.8333333333333334,0.6,25,18
6715,2,TCF7,6715,-1.0,7.23702127324075,-0.3032836021811632,5.133491225577763e-13,6.854084696670727,8.908998175375899,0.8333333333333334,0.6,25,18
6701,2,TCF7,6701,-1.0,7.23702127324075,0.22675041403485208,9.224634682332038e-08,-14.751264116993335,30.704954692015637,0.8333333333333334,0.6,25,18
6722,2,TCF7,6722,-1.0,7.23702127324075,0.4051937389295895,7.156855519425302e-23,-4.917289642772552,5.480324956429996,0.8333333333333334,0.6,25,18
6703,2,TCF7,6703,-1.0,7.23702127324075,0.3426151142808146,2.11659209677018e-16,-2.8853784223257235,2.3299385901361225,0.8333333333333334,0.6,25,18
6717,2,TCF7,6717,-1.0,7.23702127324075,-0.24711419806755758,5.3526423337131415e-09,12.625486009852319,26.698720072142397,0.8333333333333334,0.6,25,18
6608,2,SPIB,6608,-1.0,4.752794427148231,0.42237574349341206,6.626713116067745e-25,-6.118677811796945,8.023948672508963,0.7368421052631579,0.56,25,19
6601,2,SPIB,6601,-1.0,4.752794427148231,0.24514472641366836,7.130076471828372e-09,-3.266812845125983,2.8015995738462305,0.7368421052631579,0.56,25,19
6603,2,SPIB,6603,-1.0,4.752794427148231,0.3689592504140209,5.92093864267768e-19,-3.361286259829605,2.941903260174208,0.7368421052631579,0.56,25,19
6596,2,SPIB,6596,-1.0,4.752794427148231,0.3512798344804957,3.251686338641934e-17,-2.6772002979825316,2.06789400981352,0.7368421052631579,0.56,25,19
6595,2,SPIB,6595,-1.0,4.752794427148231,0.47669001165447433,3.726556119049994e-32,-5.008529910744531,5.676698201453943,0.7368421052631579,0.56,25,19
6613,2,SPIB,6613,-1.0,4.752794427148231,0.28782494480206655,8.1013798722542e-12,-2.8963156039511917,2.333321730494745,0.7368421052631579,0.56,25,19
6593,2,SPIB,6593,-1.0,4.752794427148231,-0.13993010388516142,0.001078193052480537,10.691085149919402,17.300289103304152,0.7368421052631579,0.56,25,19
6605,2,SPIB,6605,-1.0,4.752794427148231,-0.22429544040550387,1.27771834493925e-07,5.493657505924949,6.444230954152285,0.7368421052631579,0.56,25,19
6606,2,SPIB,6606,-1.0,4.752794427148231,0.332631738871272,1.7058727620530412e-15,-3.0345720825704983,2.4819941917679045,0.7368421052631579,0.56,25,19
6609,2,SPIB,6609,-1.0,4.752794427148231,0.5511691790921317,1.7935320448678522e-44,-4.195508772263452,4.175606581787094,0.7368421052631579,0.56,25,19
6594,2,SPIB,6594,-1.0,4.752794427148231,0.2568804860532407,1.2449026854315817e-09,-14.826436222609034,31.28325705140504,0.7368421052631579,0.56,25,19
6611,2,SPIB,6611,-1.0,4.752794427148231,0.2979228907668072,1.3617508014953719e-12,-2.741552705771911,2.1147883972195967,0.7368421052631579,0.56,25,19
6597,2,SPIB,6597,-1.0,4.752794427148231,0.21050251063910885,7.44176459242687e-07,-3.0298502115682013,2.484601484186399,0.7368421052631579,0.56,25,19
6602,2,SPIB,6602,-1.0,4.752794427148231,0.3666602851282843,1.0110903493665885e-18,-4.4716090082465065,4.7994650610163685,0.7368421052631579,0.56,25,19
5799,2,TEAD4,5799,-1.0,3.179848639529764,-0.39922216312673364,3.4218544319753463e-22,9.514722782011983,15.222133705267819,1.0,0.8,20,16
5800,2,TEAD4,5800,-1.0,3.179848639529764,0.48554003516148264,1.8267673472384775e-33,-12.733987010818984,23.69154535384801,1.0,0.8,20,16
5793,2,TEAD4,5793,-1.0,3.179848639529764,0.06511440073776753,0.12966324839078788,-7.772073271712595,11.866981803085432,1.0,0.8,20,16
5797,2,TEAD4,5797,-1.0,3.179848639529764,0.43936870328241795,4.9180287229609424e-27,-8.39309592077933,12.544538380263806,1.0,0.8,20,16
5787,2,TEAD4,5787,-1.0,3.179848639529764,0.33830147673429933,5.263492226831272e-16,-13.420505013840524,25.573320430141198,1.0,0.8,20,16
5801,2,TEAD4,5801,-1.0,3.179848639529764,-0.31848776543501545,2.886956390734767e-14,5.23614616756822,5.984802604039828,1.0,0.8,20,16
5789,2,TEAD4,5789,-1.0,3.179848639529764,-0.34330804552764405,1.8260219038148108e-16,12.584026272500083,24.525991803602412,1.0,0.8,20,16
5788,2,TEAD4,5788,-1.0,3.179848639529764,0.22981310268903796,6.111925418533518e-08,-2.4747516361885156,1.828371073783626,1.0,0.8,20,16
5798,2,TEAD4,5798,-1.0,3.179848639529764,0.5064060725511382,1.0428277522205171e-36,-3.564199918952553,3.233828385597345,1.0,0.8,20,16
5803,2,TEAD4,5803,-1.0,3.179848639529764,0.12624157989223703,0.003211378459655141,-3.099187828184371,2.580935888212467,1.0,0.8,20,16
5786,2,TEAD4,5786,-1.0,3.179848639529764,0.35849227154929986,6.538430883781035e-18,-14.766934039528147,30.249764865687986,1.0,0.8,20,16
5785,2,TEAD4,5785,-1.0,3.179848639529764,-0.313632000067157,7.370406097316618e-14,8.339223687678317,13.22905200608885,1.0,0.8,20,16
5794,2,TEAD4,5794,-1.0,3.179848639529764,0.47455791810924286,7.605730277060973e-32,-2.526832947113908,1.881014017731476,1.0,0.8,20,16
5790,2,TEAD4,5790,-1.0,3.179848639529764,0.3303854961282795,2.699956856560055e-15,-2.4362700803283195,1.7715017593478455,1.0,0.8,20,16
5792,2,TEAD4,5792,-1.0,3.179848639529764,0.2526841810504553,2.347288552049526e-09,-7.82767875119219,11.166475904992229,1.0,0.8,20,16
5784,2,TEAD4,5784,-1.0,3.179848639529764,0.297916289408263,1.363370773584193e-12,-2.5732848217825337,1.9258424107587604,1.0,0.8,20,16
179,2,THRA,179,1.0,2.6067957607510293,-0.3669670193208269,9.41652405934877e-19,-3.8074836252540107,3.555745160245137,0.6666666666666666,0.43478260869565216,23,15
172,2,THRA,172,1.0,2.6067957607510293,0.5521522766820128,1.1742957448924765e-44,10.412398369325082,17.87932147688832,0.6666666666666666,0.43478260869565216,23,15
175,2,THRA,175,1.0,2.6067957607510293,-0.2738353358509211,8.539498605434622e-11,-3.6103027941221013,3.35180527359152,0.6666666666666666,0.43478260869565216,23,15
183,2,THRA,183,1.0,2.6067957607510293,0.34617698325992036,9.869021397314951e-17,2.7957744609270283,2.2144160870300142,0.6666666666666666,0.43478260869565216,23,15
169,2,THRA,169,1.0,2.6067957607510293,-0.3885243390132959,5.2194186574324975e-21,-3.0833047578644868,2.5820772744462532,0.6666666666666666,0.43478260869565216,23,15
161,2,THRA,161,1.0,2.6067957607510293,0.3232421207458744,1.1341143995545168e-14,6.480636248303894,8.855999796188883,0.6666666666666666,0.43478260869565216,23,15
168,2,THRA,168,1.0,2.6067957607510293,0.45434576197403187,5.158568836231614e-29,12.632201242253924,25.5292944725597,0.6666666666666666,0.43478260869565216,23,15
165,2,THRA,165,1.0,2.6067957607510293,0.4914203194274387,2.3449660029985803e-34,10.297243225290456,16.34580323568965,0.6666666666666666,0.43478260869565216,23,15
164,2,THRA,164,1.0,2.6067957607510293,0.3079727492513794,2.150680154534308e-13,8.6793143342581,12.757150617642612,0.6666666666666666,0.43478260869565216,23,15
174,2,THRA,174,1.0,2.6067957607510293,-0.35113813114081743,3.354418424838302e-17,-7.656673688082629,10.688313857578356,0.6666666666666666,0.43478260869565216,23,15
1618,2,E2F3,1618,-1.0,1.4452237626908149,0.10368694887793857,0.01564468596254989,-3.9438495225015675,3.872380969875128,0.5,0.3333333333333333,9,6
1622,2,E2F3,1622,-1.0,1.4452237626908149,0.27157418389263516,1.2342162660971012e-10,-15.820004613712914,32.136670434245346,0.5,0.3333333333333333,9,6
1624,2,E2F3,1624,-1.0,1.4452237626908149,0.2226493403624319,1.5863681646184976e-07,-3.8399364303516608,3.634852602442983,0.5,0.3333333333333333,9,6
7865,2,ATF3,7865,-1.0,5.837070586745339,0.2707025670760445,1.4212045532467432e-10,-10.293307587935233,17.509701698959915,1.0,0.5714285714285714,7,4
7869,2,ATF3,7869,-1.0,5.837070586745339,0.27420050199852014,8.043790649314279e-11,-7.761300081576752,10.649604999663882,1.0,0.5714285714285714,7,4
7866,2,ATF3,7866,-1.0,5.837070586745339,0.2416845252300427,1.172971812649355e-08,-6.582820940621964,8.515562361196151,1.0,0.5714285714285714,7,4
7864,2,ATF3,7864,-1.0,5.837070586745339,0.27782263238621985,4.423279862394474e-11,-4.192134549793071,4.323515327706981,1.0,0.5714285714285714,7,4
10097,2,LMX1B,10097,-1.0,6.201011942179186,0.1406592079846477,0.0010144388130339903,-4.779675992428706,5.328441985528522,1.0,1.0,3,3
10096,2,LMX1B,10096,-1.0,6.201011942179186,0.3337864037228887,1.3452438622421076e-15,-13.434347330460424,26.630495016659545,1.0,1.0,3,3
10098,2,LMX1B,10098,-1.0,6.201011942179186,0.2620717062893443,5.591652327121735e-10,-11.846959198948786,20.75597959562459,1.0,1.0,3,3
4215,2,SOX17,4215,-1.0,6.412296439546435,0.42566980105940155,2.617451932524834e-25,-5.619437712601551,6.634956336695474,0.5714285714285714,0.48,25,21
4212,2,SOX17,4212,-1.0,6.412296439546435,0.47545584307809285,5.635352794705302e-32,-14.324349077473101,27.324801897607134,0.5714285714285714,0.48,25,21
4204,2,SOX17,4204,-1.0,6.412296439546435,0.5314189043336648,6.651217638541961e-41,-11.884120352105317,23.05731173229144,0.5714285714285714,0.48,25,21
4211,2,SOX17,4211,-1.0,6.412296439546435,0.5081291440961209,5.49846392994909e-37,-6.140985072571395,7.9120493081322945,0.5714285714285714,0.48,25,21
4207,2,SOX17,4207,-1.0,6.412296439546435,-0.16825607381033186,8.153225636731723e-05,4.494388824805451,4.696479657413776,0.5714285714285714,0.48,25,21
4197,2,SOX17,4197,-1.0,6.412296439546435,0.7000071654112706,3.842657106740282e-81,-12.251233814954935,22.855260465880047,0.5714285714285714,0.48,25,21
4196,2,SOX17,4196,-1.0,6.412296439546435,-0.297961035752704,1.3524268474181689e-12,2.286763727075197,1.6217741297267818,0.5714285714285714,0.48,25,21
4199,2,SOX17,4199,-1.0,6.412296439546435,0.3755449010453706,1.2480769163187085e-19,-14.599961853849655,30.487722419812165,0.5714285714285714,0.48,25,21
4216,2,SOX17,4216,-1.0,6.412296439546435,0.5510624745912718,1.877743222452765e-44,-6.615482468016475,9.370188489464347,0.5714285714285714,0.48,25,21
4201,2,SOX17,4201,-1.0,6.412296439546435,0.6956493061843196,9.550949811262278e-80,-6.496221691439484,8.686324309233578,0.5714285714285714,0.48,25,21
4217,2,SOX17,4217,-1.0,6.412296439546435,-0.23194900985408942,4.571006909838117e-08,3.1597965292229335,2.7015119294172893,0.5714285714285714,0.48,25,21
4195,2,SOX17,4195,-1.0,6.412296439546435,0.7820592192759758,3.4387154575022224e-113,-2.6765609495417126,2.0827620947928875,0.5714285714285714,0.48,25,21
3364,2,ERG,3364,-1.0,3.294032865029014,0.7230687717585658,5.71081624223652e-89,-12.774476020809239,23.866919031129555,0.3333333333333333,0.22727272727272727,22,15
3377,2,ERG,3377,-1.0,3.294032865029014,0.26358602450990387,4.4127075805498404e-10,-3.373538162538831,2.9564880346206057,0.3333333333333333,0.22727272727272727,22,15
3359,2,ERG,3359,-1.0,3.294032865029014,0.9499304145625143,1.7470221796611465e-275,-3.2768819045184,2.885206839845316,0.3333333333333333,0.22727272727272727,22,15
3361,2,ERG,3361,-1.0,3.294032865029014,-0.40005577927894975,2.755653835653069e-22,2.0807005575738597,1.3912504703754054,0.3333333333333333,0.22727272727272727,22,15
3372,2,ERG,3372,-1.0,3.294032865029014,0.5785546436062345,7.815604008629522e-50,-6.7223846624663794,8.457044561107352,0.3333333333333333,0.22727272727272727,22,15
9133,2,EN1,9133,-1.0,40.79325481344999,-0.40845392756225657,3.0052883538738524e-23,12.001174658641503,20.737645890587306,1.0,0.88,25,22
9136,2,EN1,9136,-1.0,40.79325481344999,-0.29132552694622704,4.400997813765205e-12,13.751590219098006,29.270889002709236,1.0,0.88,25,22
9151,2,EN1,9151,-1.0,40.79325481344999,-0.23009781410801655,5.880731280425148e-08,8.25563387388862,11.740987116789729,1.0,0.88,25,22
9145,2,EN1,9145,-1.0,40.79325481344999,-0.33261968763578353,1.7100974890714016e-15,10.937781337906017,20.31438457517996,1.0,0.88,25,22
9156,2,EN1,9156,-1.0,40.79325481344999,0.3392330723320285,4.3286529727258095e-16,-3.6490891549268936,3.378285614786216,1.0,0.88,25,22
9138,2,EN1,9138,-1.0,40.79325481344999,0.3846516268834663,1.3659650569645768e-20,-4.2852072943094,4.3579030347306285,1.0,0.88,25,22
9132,2,EN1,9132,-1.0,40.79325481344999,0.353797547805833,1.866180702243311e-17,-11.390122104427613,20.37938255040605,1.0,0.88,25,22
9143,2,EN1,9143,-1.0,40.79325481344999,-0.3161059211923171,4.58178506251586e-14,6.613103922027146,8.428078036911682,1.0,0.88,25,22
9134,2,EN1,9134,-1.0,40.79325481344999,0.5519735391247241,1.2684216616878697e-44,-14.23266914214917,29.742854377631193,1.0,0.88,25,22
9147,2,EN1,9147,-1.0,40.79325481344999,-0.36313922775561647,2.275715023695559e-18,12.230627381545563,24.975369718399048,1.0,0.88,25,22
9141,2,EN1,9141,-1.0,40.79325481344999,-0.3767305943900381,9.394043515504459e-20,12.871610477464134,25.814340888551882,1.0,0.88,25,22
9153,2,EN1,9153,-1.0,40.79325481344999,-0.24589321754407073,6.3957978228722205e-09,4.928481780881997,5.412992320225813,1.0,0.88,25,22
9152,2,EN1,9152,-1.0,40.79325481344999,-0.2896011858785053,5.9504275353177646e-12,8.479420720877947,12.440646144010913,1.0,0.88,25,22
9140,2,EN1,9140,-1.0,40.79325481344999,0.4148129786972608,5.3805031886498165e-24,-3.908425124741691,3.7802667377426307,1.0,0.88,25,22
9148,2,EN1,9148,-1.0,40.79325481344999,0.23396682499225369,3.464900373956476e-08,-6.943901091170325,9.589829308182484,1.0,0.88,25,22
9146,2,EN1,9146,-1.0,40.79325481344999,0.5193797150457308,7.686428858643002e-39,-12.858461920739764,24.897389464414935,1.0,0.88,25,22
9142,2,EN1,9142,-1.0,40.79325481344999,0.4583787885881667,1.4539968897615194e-29,-6.459168135964913,8.302696828604015,1.0,0.88,25,22
9154,2,EN1,9154,-1.0,40.79325481344999,0.2537793194629225,1.9914124256897795e-09,-2.494433774493807,1.8367503636808398,1.0,0.88,25,22
9139,2,EN1,9139,-1.0,40.79325481344999,0.3033125607745085,5.106228051398353e-13,-10.070034205420074,17.942739620133747,1.0,0.88,25,22
9135,2,EN1,9135,-1.0,40.79325481344999,0.2749214619960927,7.146122072731617e-11,-2.942468092904821,2.402649768005377,1.0,0.88,25,22
9150,2,EN1,9150,-1.0,40.79325481344999,0.38555243842847353,1.0933239800988665e-20,-4.874216183331082,5.525532263129319,1.0,0.88,25,22
9155,2,EN1,9155,-1.0,40.79325481344999,-0.31500950592551286,5.6594137922457063e-14,10.093064170834282,15.37575718449139,1.0,0.88,25,22
1481,2,SP1,1481,1.0,6.072055769745376,0.5088798633355199,4.155624292166816e-37,12.272188572470744,23.983529100467486,0.631578947368421,0.48,25,19
1488,2,SP1,1488,1.0,6.072055769745376,0.25920478025872234,8.718593194508128e-10,3.354997182776908,2.9457685324335805,0.631578947368421,0.48,25,19
1464,2,SP1,1464,1.0,6.072055769745376,0.6559870309054083,4.1264872264269194e-68,6.173459037424679,8.186906478756931,0.631578947368421,0.48,25,19
1482,2,SP1,1482,1.0,6.072055769745376,0.47997597338664316,1.2288765399226409e-32,13.126202403185106,26.958376612499862,0.631578947368421,0.48,25,19
1475,2,SP1,1475,1.0,6.072055769745376,0.2846315719413288,1.4032214151889058e-11,10.937842372136405,17.864297236906154,0.631578947368421,0.48,25,19
1483,2,SP1,1483,1.0,6.072055769745376,-0.21067028674836635,7.288996922313314e-07,-2.091694974928366,1.3996770556547482,0.631578947368421,0.48,25,19
1487,2,SP1,1487,1.0,6.072055769745376,0.21718998653262453,3.213003879498314e-07,4.69483642849778,5.013744033626851,0.631578947368421,0.48,25,19
1474,2,SP1,1474,1.0,6.072055769745376,0.6770285309287932,4.684797160084325e-74,3.645220496710394,3.370443806543754,0.631578947368421,0.48,25,19
1468,2,SP1,1468,1.0,6.072055769745376,0.41486494548890895,5.30458818670507e-24,8.050356381017597,12.349467634127047,0.631578947368421,0.48,25,19
1486,2,SP1,1486,1.0,6.072055769745376,0.4888924132985237,5.695462146146965e-34,4.18677996244258,4.245924881014363,0.631578947368421,0.48,25,19
1480,2,SP1,1480,1.0,6.072055769745376,0.37822578420779335,6.554375620337576e-20,8.109129327913434,11.52222381961858,0.631578947368421,0.48,25,19
1466,2,SP1,1466,1.0,6.072055769745376,-0.5065162519922242,1.0011185217949232e-36,-2.3538070575316548,1.6795729089724505,0.631578947368421,0.48,25,19
6985,2,TFCP2L1,6985,-1.0,3.3903363204890873,0.2367867867417706,2.3425607994474508e-08,-2.1711310246334126,1.4806399103373784,0.5833333333333334,0.5384615384615384,13,12
6984,2,TFCP2L1,6984,-1.0,3.3903363204890873,-0.2875915014025019,8.435319006901772e-12,11.525831172613852,22.17265741693428,0.5833333333333334,0.5384615384615384,13,12
6980,2,TFCP2L1,6980,-1.0,3.3903363204890873,0.3381632652449372,5.418117904439909e-16,-10.652463051192617,20.260995031340304,0.5833333333333334,0.5384615384615384,13,12
6983,2,TFCP2L1,6983,-1.0,3.3903363204890873,0.025804100054325214,0.5484991145162039,-2.5826826355472776,1.937311458859088,0.5833333333333334,0.5384615384615384,13,12
6986,2,TFCP2L1,6986,-1.0,3.3903363204890873,0.35218633487114853,2.6639750851316858e-17,-14.290315219898309,28.11085991289193,0.5833333333333334,0.5384615384615384,13,12
6989,2,TFCP2L1,6989,-1.0,3.3903363204890873,0.45531976322363166,3.8052225450343266e-29,-5.68496534658605,7.232979684561169,0.5833333333333334,0.5384615384615384,13,12
6981,2,TFCP2L1,6981,-1.0,3.3903363204890873,0.5558163052381256,2.3924899832322707e-45,-8.268218860756804,14.268104086925941,0.5833333333333334,0.5384615384615384,13,12
4887,2,BACH2,4887,-1.0,14.613424887202733,0.39050621981682926,3.174275279582639e-21,-3.7791376414601205,3.548628444631051,0.75,0.6666666666666666,18,16
4877,2,BACH2,4877,-1.0,14.613424887202733,0.529173192487531,1.6367820710000756e-40,-5.416679238973847,7.038255251654466,0.75,0.6666666666666666,18,16
4880,2,BACH2,4880,-1.0,14.613424887202733,0.2526663424742795,2.3535683615758294e-09,-7.1856445485901626,9.705349596455271,0.75,0.6666666666666666,18,16
4878,2,BACH2,4878,-1.0,14.613424887202733,0.4691200005516467,4.5874915168003675e-31,-14.371893329052863,29.401054665682683,0.75,0.6666666666666666,18,16
4882,2,BACH2,4882,-1.0,14.613424887202733,-0.12566317530253626,0.0033555732089108337,12.50350210209048,24.85084650437526,0.75,0.6666666666666666,18,16
4876,2,BACH2,4876,-1.0,14.613424887202733,0.46334105139068943,2.9905101757958483e-30,-11.41457792155699,20.275417564302998,0.75,0.6666666666666666,18,16
4881,2,BACH2,4881,-1.0,14.613424887202733,0.49793896988368647,2.2980925793283924e-35,-8.593542869105182,13.73085633891096,0.75,0.6666666666666666,18,16
4874,2,BACH2,4874,-1.0,14.613424887202733,0.38291095882197046,2.096191905557347e-20,-3.6030387351187074,3.3489215740647005,0.75,0.6666666666666666,18,16
4888,2,BACH2,4888,-1.0,14.613424887202733,0.5029348205409256,3.7446939856150025e-36,-10.29686218356527,17.29450121109101,0.75,0.6666666666666666,18,16
4884,2,BACH2,4884,-1.0,14.613424887202733,-0.25783937966126497,1.0752331452069034e-09,5.199207128836198,5.831807910643603,0.75,0.6666666666666666,18,16
4889,2,BACH2,4889,-1.0,14.613424887202733,0.34258041150447255,2.1322823791276734e-16,-2.414889039524523,1.7416603866778215,0.75,0.6666666666666666,18,16
4886,2,BACH2,4886,-1.0,14.613424887202733,0.1893290536740272,8.917510322962292e-06,-5.037528763994932,5.586029129949533,0.75,0.6666666666666666,18,16
9366,2,DMBX1,9366,-1.0,6.26439334351241,-0.2914694762518974,4.2911643322594386e-12,10.964448834197476,17.92659303051334,1.0,0.5,2,1
4738,2,ID4,4738,1.0,1.5343463834321285,0.17928083855099194,2.644121590393039e-05,6.28237379494652,7.719477189961042,0.6666666666666666,0.6666666666666666,3,3
4736,2,ID4,4736,1.0,1.5343463834321285,0.28571447844800196,1.165640717658168e-11,6.066246706989322,7.907692093256871,0.6666666666666666,0.6666666666666666,3,3
4274,2,ZNF384,4274,-1.0,1.8256506072138174,-0.213217530493472,5.308837737023937e-07,5.609008404039614,6.631730574142313,0.47058823529411764,0.38095238095238093,21,17
4284,2,ZNF384,4284,-1.0,1.8256506072138174,0.7544022308113884,5.617978258109744e-101,-2.8067949162985606,2.1956929371826566,0.47058823529411764,0.38095238095238093,21,17
4276,2,ZNF384,4276,-1.0,1.8256506072138174,0.14621988578514322,0.0006312878594249303,-2.3276988527369418,1.6616694916396495,0.47058823529411764,0.38095238095238093,21,17
4277,2,ZNF384,4277,-1.0,1.8256506072138174,0.25941367148478117,8.442467242210019e-10,-12.001148211412518,21.529887737971535,0.47058823529411764,0.38095238095238093,21,17
4289,2,ZNF384,4289,-1.0,1.8256506072138174,0.20578416582020875,1.3243817301604765e-06,-10.969953340181856,18.415303787882756,0.47058823529411764,0.38095238095238093,21,17
4271,2,ZNF384,4271,-1.0,1.8256506072138174,0.2901588322838055,5.398604387097024e-12,-4.476619946969065,4.831710242090629,0.47058823529411764,0.38095238095238093,21,17
4285,2,ZNF384,4285,-1.0,1.8256506072138174,0.14659659454085605,0.0006109533971185981,-4.869543326847501,5.409431006192248,0.47058823529411764,0.38095238095238093,21,17
4282,2,ZNF384,4282,-1.0,1.8256506072138174,0.24054240664278592,1.3801478042085023e-08,-5.524646843266217,6.723558544757904,0.47058823529411764,0.38095238095238093,21,17
6304,2,LHX9,6304,-1.0,10.20905154181954,-0.11706609754478156,0.00631375018347836,9.924615554874002,15.669214816139625,0.9444444444444444,0.68,25,18
6294,2,LHX9,6294,-1.0,10.20905154181954,-0.3077106930028463,2.25876294179557e-13,11.598002938641484,19.27780097766731,0.9444444444444444,0.68,25,18
6307,2,LHX9,6307,-1.0,10.20905154181954,-0.3201715769627964,2.0775402915276262e-14,9.480246531971728,14.102850045509689,0.9444444444444444,0.68,25,18
6311,2,LHX9,6311,-1.0,10.20905154181954,0.08738463380670386,0.04180352814199377,-6.976113306211739,10.186723270933223,0.9444444444444444,0.68,25,18
6301,2,LHX9,6301,-1.0,10.20905154181954,-0.15326663998798631,0.00033779741099465485,4.87410595440657,5.451640518854855,0.9444444444444444,0.68,25,18
6299,2,LHX9,6299,-1.0,10.20905154181954,-0.2976178774323936,1.438603568262887e-12,9.597307800457742,14.522309482628634,0.9444444444444444,0.68,25,18
6314,2,LHX9,6314,-1.0,10.20905154181954,-0.2960544349203472,1.904213147849424e-12,8.105328326171353,12.740698703893399,0.9444444444444444,0.68,25,18
6305,2,LHX9,6305,-1.0,10.20905154181954,0.16051358521740972,0.00017257646174705926,-11.426897126316932,19.778718392547322,0.9444444444444444,0.68,25,18
6295,2,LHX9,6295,-1.0,10.20905154181954,-0.3596388958490326,5.047461230679838e-18,13.264576750395761,27.729849238841062,0.9444444444444444,0.68,25,18
6306,2,LHX9,6306,-1.0,10.20905154181954,-0.21482733325667014,4.3363115311020994e-07,2.11163702911912,1.4207176146934652,0.9444444444444444,0.68,25,18
6302,2,LHX9,6302,-1.0,10.20905154181954,-0.2576904643691746,1.1000229406798022e-09,11.806036107678011,22.547936304007447,0.9444444444444444,0.68,25,18
6298,2,LHX9,6298,-1.0,10.20905154181954,0.19773401848432443,3.4343548759056845e-06,-4.915166647224428,5.532648115752653,0.9444444444444444,0.68,25,18
6292,2,LHX9,6292,-1.0,10.20905154181954,-0.1111051216992509,0.009567753150605549,2.8460564570759597,2.2584849008876726,0.9444444444444444,0.68,25,18
6296,2,LHX9,6296,-1.0,10.20905154181954,-0.2673885505478284,2.41879360472908e-10,10.63374879501619,19.31073119342742,0.9444444444444444,0.68,25,18
6297,2,LHX9,6297,-1.0,10.20905154181954,0.23569556061128538,2.7272868031640585e-08,-14.968651006275127,30.153875101484836,0.9444444444444444,0.68,25,18
6293,2,LHX9,6293,-1.0,10.20905154181954,0.056958134702049475,0.1850794881832333,-2.827736512728237,2.3132218442769195,0.9444444444444444,0.68,25,18
6312,2,LHX9,6312,-1.0,10.20905154181954,0.05171709537743013,0.2289150015456963,-3.6152787780054365,3.3350015858774635,0.9444444444444444,0.68,25,18
7442,2,TNFRSF4,7442,-1.0,10.28013050822434,0.44605179842828657,6.61806518381865e-28,-2.948274211746434,2.428454528749727,1.0,0.75,12,9
7448,2,TNFRSF4,7448,-1.0,10.28013050822434,-0.1773979693404344,3.220547220897043e-05,2.348560417583458,1.6821114846891752,1.0,0.75,12,9
7449,2,TNFRSF4,7449,-1.0,10.28013050822434,0.3848358761049424,1.3052302644135092e-20,-7.92395110080032,12.021848824605627,1.0,0.75,12,9
7445,2,TNFRSF4,7445,-1.0,10.28013050822434,0.21660251275083436,3.4627802929158707e-07,-13.821156336972907,28.366164543604157,1.0,0.75,12,9
7444,2,TNFRSF4,7444,-1.0,10.28013050822434,0.5458737724361319,1.7140565976090984e-43,-11.936191798283415,21.546521238613074,1.0,0.75,12,9
7443,2,TNFRSF4,7443,-1.0,10.28013050822434,-0.37786496527623714,7.150376206140682e-20,7.171346195691231,10.202206068702717,1.0,0.75,12,9
7446,2,TNFRSF4,7446,-1.0,10.28013050822434,-0.46428462212798927,2.2073370526010156e-30,5.2449108782432035,6.077279040204263,1.0,0.75,12,9
7450,2,TNFRSF4,7450,-1.0,10.28013050822434,0.33872398116246355,4.817208372459282e-16,-6.887942883126515,9.88743915909953,1.0,0.75,12,9
7452,2,TNFRSF4,7452,-1.0,10.28013050822434,-0.3169037298514032,3.9268496882613754e-14,7.796241909390339,10.738869649410226,1.0,0.75,12,9
4229,2,HDX,4229,1.0,8.868830012938702,0.6770537148010415,4.605515336450576e-74,4.12123695854062,4.104787177790706,0.8095238095238095,0.68,25,21
4233,2,HDX,4233,1.0,8.868830012938702,0.44665771040225843,5.505524845950294e-28,2.0037504017609242,1.3260031558625716,0.8095238095238095,0.68,25,21
4245,2,HDX,4245,1.0,8.868830012938702,0.6269589454913074,1.1863490628773654e-60,6.7847347483192895,8.89016071404199,0.8095238095238095,0.68,25,21
4226,2,HDX,4226,1.0,8.868830012938702,0.34787704454067614,6.833042028575393e-17,3.024921192662926,2.4847599429041436,0.8095238095238095,0.68,25,21
4244,2,HDX,4244,1.0,8.868830012938702,0.4434376225465212,1.4580065467909057e-27,6.316869513222306,8.24566727206429,0.8095238095238095,0.68,25,21
4230,2,HDX,4230,1.0,8.868830012938702,0.44678025692346623,5.304113130313465e-28,13.37259169151115,28.44826774561787,0.8095238095238095,0.68,25,21
4236,2,HDX,4236,1.0,8.868830012938702,0.18318126571743457,1.7460289004854613e-05,5.777164154270413,6.799260558468471,0.8095238095238095,0.68,25,21
4222,2,HDX,4222,1.0,8.868830012938702,0.7721031951138492,1.353302903192342e-108,6.189527550646363,8.229512207164023,0.8095238095238095,0.68,25,21
4241,2,HDX,4241,1.0,8.868830012938702,0.285936786082193,1.1219755630803316e-11,8.441066171795793,12.909886065850769,0.8095238095238095,0.68,25,21
4246,2,HDX,4246,1.0,8.868830012938702,0.3299129987156226,2.97230877997794e-15,5.8041914773697565,7.150626144157326,0.8095238095238095,0.68,25,21
4228,2,HDX,4228,1.0,8.868830012938702,0.3227422658529478,1.2521553284141811e-14,11.826658045087099,20.118562830061325,0.8095238095238095,0.68,25,21
4237,2,HDX,4237,1.0,8.868830012938702,0.5150468390043017,4.0564840780837235e-38,3.2458384249814305,2.802985739038548,0.8095238095238095,0.68,25,21
4224,2,HDX,4224,1.0,8.868830012938702,0.5896772956598595,3.694675654643294e-52,7.539814780435049,11.183355439269471,0.8095238095238095,0.68,25,21
4240,2,HDX,4240,1.0,8.868830012938702,0.5978716479966231,6.249394451040293e-54,7.543744494000768,11.382187627820445,0.8095238095238095,0.68,25,21
4239,2,HDX,4239,1.0,8.868830012938702,0.4987339108035215,1.725270438834255e-35,11.765615055267551,21.96788268503806,0.8095238095238095,0.68,25,21
4232,2,HDX,4232,1.0,8.868830012938702,0.38200501398904146,2.6169252154196733e-20,7.264238823796652,9.726916779123238,0.8095238095238095,0.68,25,21
4225,2,HDX,4225,1.0,8.868830012938702,-0.5356898941917596,1.177516070895158e-41,-2.4014731098927706,1.7313452007573622,0.8095238095238095,0.68,25,21
4636,2,ZNF589,4636,-1.0,3.1970828974566796,0.03772858861185297,0.3802414020379481,-6.062388891899016,7.765268187450876,0.7777777777777778,0.7777777777777778,9,9
4638,2,ZNF589,4638,-1.0,3.1970828974566796,0.058204201029660604,0.1756349274840472,-4.0205497543923805,3.8944791044812685,0.7777777777777778,0.7777777777777778,9,9
4634,2,ZNF589,4634,-1.0,3.1970828974566796,0.0498730612915489,0.2459657697367755,-10.025660230049931,17.23972060177558,0.7777777777777778,0.7777777777777778,9,9
4635,2,ZNF589,4635,-1.0,3.1970828974566796,0.14011437075696725,0.0010617404269602532,-2.475234423765815,1.8068608255942025,0.7777777777777778,0.7777777777777778,9,9
4632,2,ZNF589,4632,-1.0,3.1970828974566796,-0.15497742745545753,0.0002890269142339568,2.0384356307439524,1.3495578127798098,0.7777777777777778,0.7777777777777778,9,9
4637,2,ZNF589,4637,-1.0,3.1970828974566796,0.4879815216335459,7.82732018834237e-34,-7.4163147004170344,10.149492350396253,0.7777777777777778,0.7777777777777778,9,9
4631,2,ZNF589,4631,-1.0,3.1970828974566796,0.25767718353166635,1.1022605859691071e-09,-3.4822354882795374,3.180657142276846,0.7777777777777778,0.7777777777777778,9,9
4928,2,MTF1,4928,1.0,8.700833386141658,0.6088207861685376,2.224711865725923e-56,4.892315898851615,5.466322687551688,0.6666666666666666,0.56,25,21
4917,2,MTF1,4917,1.0,8.700833386141658,-0.4517779064287231,1.145229883038227e-28,-3.083315480254921,2.55608380149963,0.6666666666666666,0.56,25,21
4923,2,MTF1,4923,1.0,8.700833386141658,0.5944898137232917,3.4135520486821016e-53,7.379321020792754,10.998892088580366,0.6666666666666666,0.56,25,21
4905,2,MTF1,4905,1.0,8.700833386141658,0.8487046645328332,8.640743074434417e-152,6.456561615415642,8.814015464355478,0.6666666666666666,0.56,25,21
4924,2,MTF1,4924,1.0,8.700833386141658,0.7327834504783138,1.6456808430306437e-92,2.21275864467279,1.5323884707773725,0.6666666666666666,0.56,25,21
4909,2,MTF1,4909,1.0,8.700833386141658,0.6441291746765372,5.7584819989849184e-65,8.52644831417483,13.491019849416361,0.6666666666666666,0.56,25,21
4925,2,MTF1,4925,1.0,8.700833386141658,0.3153630914762186,5.2872321110808525e-14,8.14008180820536,11.517578311146323,0.6666666666666666,0.56,25,21
4916,2,MTF1,4916,1.0,8.700833386141658,0.6067794684284185,6.471549922904032e-56,6.702710509977836,8.87673625944368,0.6666666666666666,0.56,25,21
4910,2,MTF1,4910,1.0,8.700833386141658,0.4369524756346036,1.004588456700874e-26,2.5411878535593524,1.8917462529774356,0.6666666666666666,0.56,25,21
4913,2,MTF1,4913,1.0,8.700833386141658,0.6720430236476561,1.3294652665985375e-72,3.7534560126990058,3.5321515338543046,0.6666666666666666,0.56,25,21
4927,2,MTF1,4927,1.0,8.700833386141658,0.6308413841775727,1.325894656778914e-61,12.869466534120352,26.192034061435777,0.6666666666666666,0.56,25,21
4915,2,MTF1,4915,1.0,8.700833386141658,0.4193772807893825,1.5299158438627263e-24,11.566089361685693,19.399060370214634,0.6666666666666666,0.56,25,21
4908,2,MTF1,4908,1.0,8.700833386141658,-0.6669647257896044,3.7561929609066404e-71,-2.2570829596658135,1.5761769791501163,0.6666666666666666,0.56,25,21
4918,2,MTF1,4918,1.0,8.700833386141658,0.4934575148075173,1.1407941080226794e-34,14.555808054050976,32.65628395345191,0.6666666666666666,0.56,25,21
6036,2,ZNF784,6036,-1.0,3.5987364923366996,0.27508516046323933,6.956341511223323e-11,-2.231574687850987,1.5496774719831579,1.0,1.0,3,3
6037,2,ZNF784,6037,-1.0,3.5987364923366996,-0.25076885762357787,3.1235210030429273e-09,8.115939000459166,12.36267368692214,1.0,1.0,3,3
6038,2,ZNF784,6038,-1.0,3.5987364923366996,0.12477746750980671,0.0035877972932481855,-2.6604779493464235,2.0285440470867693,1.0,1.0,3,3
7031,2,NFKB2,7031,-1.0,2.2879666859692827,0.3893621524775534,4.231549776895962e-21,-2.622136763425929,1.9720207891649915,1.0,0.4,5,2
7030,2,NFKB2,7030,-1.0,2.2879666859692827,0.6785072589513677,1.7146979949561328e-74,-2.1196657332624316,1.4323997242348698,1.0,0.4,5,2
6475,2,POU2AF1,6475,-1.0,1.6545902613828853,0.2730256345028951,9.747260901262886e-11,-6.979013549111455,9.601062343441603,0.8571428571428571,0.5,12,7
6470,2,POU2AF1,6470,-1.0,1.6545902613828853,-0.21983032478182837,2.2890647905418175e-07,11.542146094419454,19.899882438263013,0.8571428571428571,0.5,12,7
6473,2,POU2AF1,6473,-1.0,1.6545902613828853,0.3618744873634392,3.03816331632346e-18,-8.701117120504863,12.713809942492816,0.8571428571428571,0.5,12,7
6469,2,POU2AF1,6469,-1.0,1.6545902613828853,0.3396205633591105,3.989750743281365e-16,-3.0988686422887333,2.609398943391029,0.8571428571428571,0.5,12,7
6468,2,POU2AF1,6468,-1.0,1.6545902613828853,0.3416906252303018,2.5760232563599417e-16,-14.939847721798651,30.70628471780104,0.8571428571428571,0.5,12,7
6474,2,POU2AF1,6474,-1.0,1.6545902613828853,0.44073504903837807,3.2754638618583136e-27,-4.365066131397738,4.519019083853903,0.8571428571428571,0.5,12,7
1449,2,FLI1,1449,-1.0,3.2407957763113684,0.6537091646509576,1.700890534047903e-67,-11.72317299356493,20.97503222189003,0.375,0.24,25,16
1444,2,FLI1,1444,-1.0,3.2407957763113684,-0.45005940695578556,1.9455948594587524e-28,2.2482033458138253,1.5654954367157976,0.375,0.24,25,16
1442,2,FLI1,1442,-1.0,3.2407957763113684,0.8504783286783143,4.6022014178580707e-153,-3.4527387653765915,3.1392475137914464,0.375,0.24,25,16
1451,2,FLI1,1451,-1.0,3.2407957763113684,0.4150649923788805,5.022100611645975e-24,-15.44245586707018,32.86534265421445,0.375,0.24,25,16
1457,2,FLI1,1457,-1.0,3.2407957763113684,0.36342066540587403,2.133616255704587e-18,-2.12474581249945,1.4392122956929634,0.375,0.24,25,16
1453,2,FLI1,1453,-1.0,3.2407957763113684,0.6170663307218058,2.749908060152093e-58,-7.128930387785053,9.698805174324429,0.375,0.24,25,16
3078,2,TAL1,3078,-1.0,5.285690939267908,0.7422744724278573,4.018340344579981e-96,-6.865382725893581,9.440113340731095,0.38095238095238093,0.32,25,21
3073,2,TAL1,3073,-1.0,5.285690939267908,-0.41347765890723587,7.745096398537616e-24,5.1865676473780615,5.8463536160180665,0.38095238095238093,0.32,25,21
3071,2,TAL1,3071,-1.0,5.285690939267908,0.57753754495621,1.2623298838704073e-49,-12.747929537401617,23.54027263566424,0.38095238095238093,0.32,25,21
3092,2,TAL1,3092,-1.0,5.285690939267908,0.459946025565228,8.848308737805053e-30,-8.530036673564208,13.026148998959988,0.38095238095238093,0.32,25,21
3070,2,TAL1,3070,-1.0,5.285690939267908,0.80093648027803,1.3202673238034146e-122,-3.792091857761506,3.665616829017653,0.38095238095238093,0.32,25,21
3090,2,TAL1,3090,-1.0,5.285690939267908,0.29059003114405535,5.0065104192698744e-12,-11.69975972221302,20.294193528230178,0.38095238095238093,0.32,25,21
3072,2,TAL1,3072,-1.0,5.285690939267908,0.2610297115727089,6.57539809900224e-10,-15.169114327422228,31.97641435973725,0.38095238095238093,0.32,25,21
3082,2,TAL1,3082,-1.0,5.285690939267908,0.758002325310871,1.792947620936499e-102,-7.7583428719168825,10.839296810455679,0.38095238095238093,0.32,25,21
7318,2,HOXB9,7318,-1.0,3.7882135283155303,0.23145335227320427,4.8910201359403214e-08,-6.025173297474574,7.496150146070402,0.9047619047619048,0.76,25,21
7314,2,HOXB9,7314,-1.0,3.7882135283155303,-0.5038361183498088,2.690740756366687e-36,9.50262034925717,16.556391677732847,0.9047619047619048,0.76,25,21
7316,2,HOXB9,7316,-1.0,3.7882135283155303,0.03826322123312231,0.3735225048349934,-3.9067112871177647,3.833444073694799,0.9047619047619048,0.76,25,21
7305,2,HOXB9,7305,-1.0,3.7882135283155303,0.5291519061193212,1.6507597406164117e-40,-11.377671010705825,19.478823395708226,0.9047619047619048,0.76,25,21
7303,2,HOXB9,7303,-1.0,3.7882135283155303,-0.39251823132465974,1.909323106844495e-21,9.692267171673393,14.887754845242783,0.9047619047619048,0.76,25,21
7320,2,HOXB9,7320,-1.0,3.7882135283155303,0.3651029630624548,1.4492979679084166e-18,-9.686147518210493,16.632132533504812,0.9047619047619048,0.76,25,21
7300,2,HOXB9,7300,-1.0,3.7882135283155303,-0.443329841569459,1.5060472110465226e-27,10.908046870796362,18.107809811290746,0.9047619047619048,0.76,25,21
7321,2,HOXB9,7321,-1.0,3.7882135283155303,-0.10163881050575212,0.017831229239752118,5.821730692975232,7.281815813581093,0.9047619047619048,0.76,25,21
7319,2,HOXB9,7319,-1.0,3.7882135283155303,-0.2458167789347702,6.467284931457308e-09,4.450833086964994,4.702685201382669,0.9047619047619048,0.76,25,21
7304,2,HOXB9,7304,-1.0,3.7882135283155303,-0.4538443330890898,6.031086419574749e-29,12.275600518792682,23.87654267339826,0.9047619047619048,0.76,25,21
7301,2,HOXB9,7301,-1.0,3.7882135283155303,-0.508660104069354,4.51092111458979e-37,12.771812970543104,26.11179848566809,0.9047619047619048,0.76,25,21
7302,2,HOXB9,7302,-1.0,3.7882135283155303,-0.41899075332157293,1.7031140095636903e-24,8.407884701397547,12.114615429374929,0.9047619047619048,0.76,25,21
7310,2,HOXB9,7310,-1.0,3.7882135283155303,-0.5155470686572319,3.351779498287721e-38,8.807669012568,14.175395515222837,0.9047619047619048,0.76,25,21
7312,2,HOXB9,7312,-1.0,3.7882135283155303,0.4140718783690924,6.587393247515485e-24,-4.343007755633837,4.4520831333944075,0.9047619047619048,0.76,25,21
7306,2,HOXB9,7306,-1.0,3.7882135283155303,-0.32644954171348667,5.9817031574296375e-15,5.916351958493256,7.496606172098162,0.9047619047619048,0.76,25,21
7298,2,HOXB9,7298,-1.0,3.7882135283155303,0.27204892986531426,1.1426925599230171e-10,-14.488516125007147,30.505218573501068,0.9047619047619048,0.76,25,21
7311,2,HOXB9,7311,-1.0,3.7882135283155303,0.32894806665811216,3.614966935042653e-15,-4.945731559932405,5.473337078276297,0.9047619047619048,0.76,25,21
7307,2,HOXB9,7307,-1.0,3.7882135283155303,0.3479795788776867,6.68272351282447e-17,-4.684896107609434,4.950789692102484,0.9047619047619048,0.76,25,21
7313,2,HOXB9,7313,-1.0,3.7882135283155303,-0.25722162527117637,1.1817534392139549e-09,7.975288599741884,11.231997363839941,0.9047619047619048,0.76,25,21
5493,2,NR1H3,5493,-1.0,2.271076103383512,-0.19231761479948242,6.3819000146739935e-06,8.82135045963035,14.196264172715324,0.625,0.25,20,8
5502,2,NR1H3,5502,-1.0,2.271076103383512,0.21724657529318225,3.1898815012609296e-07,-2.898239100413216,2.3516189599195205,0.625,0.25,20,8
5501,2,NR1H3,5501,-1.0,2.271076103383512,0.18208636689064325,1.9634839402283293e-05,-3.566811760174605,3.1991506558447877,0.625,0.25,20,8
5496,2,NR1H3,5496,-1.0,2.271076103383512,0.27203446412917165,1.1453809643385345e-10,-2.573847464299882,1.9284782702724879,0.625,0.25,20,8
5505,2,NR1H3,5505,-1.0,2.271076103383512,0.12178748229633744,0.00448340705473685,-2.4228406253421055,1.7600007899318695,0.625,0.25,20,8
1566,2,KLF4,1566,1.0,4.464971441017041,0.44386769712676,1.280943391056511e-27,6.639337277243397,9.268621918167343,0.6,0.48,25,20
1587,2,KLF4,1587,1.0,4.464971441017041,0.3341341454932262,1.252137473760284e-15,6.019465785252475,7.735752117884366,0.6,0.48,25,20
1590,2,KLF4,1590,1.0,4.464971441017041,-0.125049918032492,0.0035148564406836083,-2.398369325241959,1.7166053147003095,0.6,0.48,25,20
1582,2,KLF4,1582,1.0,4.464971441017041,-0.29282412543007463,3.3804903620861598e-12,-6.332819100087871,7.926449079538601,0.6,0.48,25,20
1578,2,KLF4,1578,1.0,4.464971441017041,0.2630779248968961,4.778395786892534e-10,11.8685515534813,23.478807735485137,0.6,0.48,25,20
1577,2,KLF4,1577,1.0,4.464971441017041,-0.24126584335391618,1.2451560988828613e-08,-6.374763856340039,8.178537335458955,0.6,0.48,25,20
1580,2,KLF4,1580,1.0,4.464971441017041,0.2716107604689957,1.2269179723032378e-10,3.5683905842127337,3.2575931862799656,0.6,0.48,25,20
1568,2,KLF4,1568,1.0,4.464971441017041,0.32202579967788636,1.4426298708717944e-14,7.8972290109724455,11.953896494335936,0.6,0.48,25,20
1588,2,KLF4,1588,1.0,4.464971441017041,0.30758254913553357,2.3135343258936185e-13,8.654722092543066,12.84696913793708,0.6,0.48,25,20
1567,2,KLF4,1567,1.0,4.464971441017041,-0.2886275629087133,7.0488939900955556e-12,-2.4893210393716685,1.830646355114722,0.6,0.48,25,20
1581,2,KLF4,1581,1.0,4.464971441017041,0.5274378288144272,3.267408097470095e-40,2.018482586559805,1.3269010421017502,0.6,0.48,25,20
1570,2,KLF4,1570,1.0,4.464971441017041,0.3546501570394319,1.544531827537624e-17,11.195664566395852,18.2469422113258,0.6,0.48,25,20
7221,2,TBX2,7221,-1.0,22.249188173803677,0.2987398619923801,1.1751522904863637e-12,-4.365396683641544,4.557664717614216,0.9,0.5625,16,10
7209,2,TBX2,7209,-1.0,22.249188173803677,0.33278021255188184,1.6546569090688516e-15,-14.346755720669455,28.67185876833394,0.9,0.5625,16,10
7207,2,TBX2,7207,-1.0,22.249188173803677,0.5182477391478497,1.1897732620572945e-38,-2.318598601196539,1.6591580235845862,0.9,0.5625,16,10
7220,2,TBX2,7220,-1.0,22.249188173803677,-0.3508784224582578,3.551056252181877e-17,9.719430850468726,15.45642237968839,0.9,0.5625,16,10
7214,2,TBX2,7214,-1.0,22.249188173803677,0.7248944525925598,1.2676034137329198e-89,-7.512875965333294,10.343401201554796,0.9,0.5625,16,10
7216,2,TBX2,7216,-1.0,22.249188173803677,-0.3790886316402976,5.320496200261036e-20,7.006369819392376,9.379988491680246,0.9,0.5625,16,10
7211,2,TBX2,7211,-1.0,22.249188173803677,0.6982520893619726,1.411402805827905e-80,-6.461184656270285,8.397790973653843,0.9,0.5625,16,10
7210,2,TBX2,7210,-1.0,22.249188173803677,0.6786378253366544,1.5686375647653124e-74,-11.547611231181683,20.59022208581702,0.9,0.5625,16,10
7215,2,TBX2,7215,-1.0,22.249188173803677,-0.1771387853218799,3.3086482697281696e-05,2.814354303459893,2.2342337418702445,0.9,0.5625,16,10
8362,2,FOSL1,8362,-1.0,2.3670077073311058,0.19161899079115347,6.904259732148375e-06,-8.946614884369044,14.572423241257738,0.8695652173913043,0.8,25,23
8353,2,FOSL1,8353,-1.0,2.3670077073311058,-0.18884868983993947,9.405604839629774e-06,7.469454056997899,10.192268760426082,0.8695652173913043,0.8,25,23
8366,2,FOSL1,8366,-1.0,2.3670077073311058,0.2965632239719289,1.7384730438935761e-12,-3.858634564440583,3.66797413497637,0.8695652173913043,0.8,25,23
8360,2,FOSL1,8360,-1.0,2.3670077073311058,0.4212905884063832,8.978933011157219e-25,-15.394331424282614,32.82708314007368,0.8695652173913043,0.8,25,23
8364,2,FOSL1,8364,-1.0,2.3670077073311058,0.2992717269973758,1.0673761076051581e-12,-3.9014523622922948,3.7298464527352615,0.8695652173913043,0.8,25,23
8354,2,FOSL1,8354,-1.0,2.3670077073311058,0.11910397804565918,0.005454233515452512,-1.9903431946406258,1.311262850275424,0.8695652173913043,0.8,25,23
8350,2,FOSL1,8350,-1.0,2.3670077073311058,-0.26341461422007756,4.5329204776333426e-10,6.1515715755830715,7.659802149419826,0.8695652173913043,0.8,25,23
8358,2,FOSL1,8358,-1.0,2.3670077073311058,-0.014700935796358562,0.7325047651081967,6.016491926249559,7.272871983651142,0.8695652173913043,0.8,25,23
8357,2,FOSL1,8357,-1.0,2.3670077073311058,0.303317860929071,5.10125357205272e-13,-8.121130522118708,11.661490924625102,0.8695652173913043,0.8,25,23
8365,2,FOSL1,8365,-1.0,2.3670077073311058,0.46693838141563615,9.348890289707085e-31,-13.14115052171606,26.58907419542294,0.8695652173913043,0.8,25,23
8356,2,FOSL1,8356,-1.0,2.3670077073311058,0.34336329158613005,1.8046210785180072e-16,-3.9269554093844885,3.7694297185857124,0.8695652173913043,0.8,25,23
8346,2,FOSL1,8346,-1.0,2.3670077073311058,-0.2609208112047698,6.687441403381774e-10,7.246458372221161,10.463151925104926,0.8695652173913043,0.8,25,23
8348,2,FOSL1,8348,-1.0,2.3670077073311058,-0.3032073067259098,5.206004074172134e-13,10.580311012445197,17.290022963256774,0.8695652173913043,0.8,25,23
8349,2,FOSL1,8349,-1.0,2.3670077073311058,0.2542533059501191,1.8541816156081103e-09,-12.267334861531992,22.51274959092768,0.8695652173913043,0.8,25,23
8361,2,FOSL1,8361,-1.0,2.3670077073311058,0.2022427625269296,2.0235740836439993e-06,-3.246273897789976,2.833482202696255,0.8695652173913043,0.8,25,23
8351,2,FOSL1,8351,-1.0,2.3670077073311058,0.22189206698078182,1.751425025196496e-07,-3.2442116340861684,2.7676939776229115,0.8695652173913043,0.8,25,23
8345,2,FOSL1,8345,-1.0,2.3670077073311058,0.2765113148385646,5.4980768176147954e-11,-14.156776455874567,28.451887785475286,0.8695652173913043,0.8,25,23
8359,2,FOSL1,8359,-1.0,2.3670077073311058,-0.3305515959557924,2.61016230695747e-15,12.89342592683599,25.196514754820132,0.8695652173913043,0.8,25,23
8355,2,FOSL1,8355,-1.0,2.3670077073311058,0.41862473307015574,1.884921017745539e-24,-5.169273995663877,5.920247208266014,0.8695652173913043,0.8,25,23
8369,2,FOSL1,8369,-1.0,2.3670077073311058,-0.352481914690868,2.495969246526039e-17,9.237229010969333,14.43128455107566,0.8695652173913043,0.8,25,23
3274,2,SP3,3274,1.0,8.53763470584109,0.12150423868554577,0.00457794405239721,3.426919418711105,3.013147603826543,0.7142857142857143,0.4,25,14
3254,2,SP3,3254,1.0,8.53763470584109,-0.5986333851801307,4.251457696613266e-54,-2.532086789371883,1.880302194510612,0.7142857142857143,0.4,25,14
3257,2,SP3,3257,1.0,8.53763470584109,-0.40528915282652994,6.978346696367871e-23,-3.0856350577434872,2.555593101102982,0.7142857142857143,0.4,25,14
3268,2,SP3,3268,1.0,8.53763470584109,-0.20088590266793147,2.375754250296637e-06,-7.983152416173109,10.997558505790973,0.7142857142857143,0.4,25,14
3267,2,SP3,3267,1.0,8.53763470584109,-0.31160349911916413,1.0847870017522023e-13,-2.1939930776898873,1.5080937429422872,0.7142857142857143,0.4,25,14
3263,2,SP3,3263,1.0,8.53763470584109,0.32466328563188135,8.549890147976327e-15,11.021557318041468,18.264309626888004,0.7142857142857143,0.4,25,14
3271,2,SP3,3271,1.0,8.53763470584109,0.49543827133103957,5.635375428867781e-35,12.832634828439735,26.597893359921542,0.7142857142857143,0.4,25,14
3259,2,SP3,3259,1.0,8.53763470584109,0.650527901931603,1.2046504699325006e-66,7.605392630902157,11.2800607602338,0.7142857142857143,0.4,25,14
3266,2,SP3,3266,1.0,8.53763470584109,-0.27441883717667204,7.760928365440446e-11,-6.247206482800258,7.893687091830225,0.7142857142857143,0.4,25,14
3253,2,SP3,3253,1.0,8.53763470584109,0.8174656450009413,1.0036989077336489e-131,6.333177126348319,8.590233337360997,0.7142857142857143,0.4,25,14
3745,2,MSX2,3745,-1.0,3.8059192088534206,-0.4771921298435475,3.147914284356945e-32,6.047132103222673,7.618363448501312,0.8,0.64,25,20
3737,2,MSX2,3737,-1.0,3.8059192088534206,0.34398563556753275,1.5799359626655207e-16,-15.24807263218784,36.15510049579567,0.8,0.64,25,20
3744,2,MSX2,3744,-1.0,3.8059192088534206,0.4937303259937162,1.0354790493595467e-34,-4.903970731089821,5.47587178604753,0.8,0.64,25,20
3736,2,MSX2,3736,-1.0,3.8059192088534206,0.49621941258311536,4.2617023770014245e-35,-3.4016017165538934,2.9829872865529055,0.8,0.64,25,20
3731,2,MSX2,3731,-1.0,3.8059192088534206,-0.2972010911244508,1.5505168463875994e-12,3.767608495164723,3.54410217114902,0.8,0.64,25,20
3740,2,MSX2,3740,-1.0,3.8059192088534206,-0.2730862799911145,9.651309292688904e-11,3.878031163531939,3.66764811261948,0.8,0.64,25,20
3730,2,MSX2,3730,-1.0,3.8059192088534206,0.33568760595510894,9.078554493470288e-16,-2.1062842160015833,1.425109876653532,0.8,0.64,25,20
3727,2,MSX2,3727,-1.0,3.8059192088534206,0.3034374863688413,4.990232368417338e-13,-13.541441072521136,27.55663423068239,0.8,0.64,25,20
3728,2,MSX2,3728,-1.0,3.8059192088534206,-0.41145945215165025,1.3390323894003457e-23,10.7772376495312,17.479660041864715,0.8,0.64,25,20
3741,2,MSX2,3741,-1.0,3.8059192088534206,0.42315671254495996,5.321763515169864e-25,-2.380536107058437,1.7216926577939151,0.8,0.64,25,20
3748,2,MSX2,3748,-1.0,3.8059192088534206,-0.3582489584280854,6.906632218469971e-18,10.042885377426025,17.71082071920301,0.8,0.64,25,20
3747,2,MSX2,3747,-1.0,3.8059192088534206,0.2932988563355714,3.1084553594137e-12,-2.6428593977610984,2.0258176966840757,0.8,0.64,25,20
3749,2,MSX2,3749,-1.0,3.8059192088534206,-0.36940214102463964,5.338315764234133e-19,4.257081279595434,4.292458105080602,0.8,0.64,25,20
3739,2,MSX2,3739,-1.0,3.8059192088534206,-0.2803666840013138,2.890935570014367e-11,2.4799983341634633,1.8241813684170944,0.8,0.64,25,20
3725,2,MSX2,3725,-1.0,3.8059192088534206,-0.26815420239641913,2.1405413589382117e-10,6.503247907986016,8.938476118472435,0.8,0.64,25,20
3732,2,MSX2,3732,-1.0,3.8059192088534206,-0.5095542279707096,3.22954562494805e-37,10.542898693101346,18.528972632546843,0.8,0.64,25,20
1061,2,TFE3,1061,-1.0,2.85067865820116,0.140237217086178,0.0010509008684854838,-3.0528325493854065,2.519220390821515,0.5,0.42857142857142855,7,6
1058,2,TFE3,1058,-1.0,2.85067865820116,0.15557711841336808,0.0002735487392104672,-3.101458839949564,2.5845540368099775,0.5,0.42857142857142855,7,6
1059,2,TFE3,1059,-1.0,2.85067865820116,0.4130684209832024,8.657045879934854e-24,-2.8278087640236858,2.223148461943507,0.5,0.42857142857142855,7,6
211,2,PURA,211,1.0,8.60170724461464,0.32528666142202534,7.549827864705233e-15,2.3833400730866656,1.7134104738021878,1.0,0.3333333333333333,6,2
209,2,PURA,209,1.0,8.60170724461464,0.7997610080504445,5.448221548100229e-122,6.000179744721803,7.786654890158407,1.0,0.3333333333333333,6,2
9615,2,SIX1,9615,-1.0,7.376575855640132,-0.269768365338837,1.6522572456621011e-10,11.850720988541283,21.152102320328385,1.0,1.0,1,1
5408,2,EGR3,5408,-1.0,1.7213359998596849,0.37682553092999244,9.182291369599325e-20,-2.2959608725361287,1.6150881129752628,0.4,0.4,5,5
5407,2,EGR3,5407,-1.0,1.7213359998596849,0.4480938656884131,3.5538388505210005e-28,-5.172718489840111,6.04649697568194,0.4,0.4,5,5
357,2,MEIS1,357,-1.0,8.158986098376221,0.5478603002637111,7.384423534836343e-44,-11.413355581949427,19.80574885901055,0.5555555555555556,0.45454545454545453,22,18
375,2,MEIS1,375,-1.0,8.158986098376221,0.2909252914433597,4.7210229157642555e-12,-2.6312386910747367,1.988273633929801,0.5555555555555556,0.45454545454545453,22,18
362,2,MEIS1,362,-1.0,8.158986098376221,0.6733406676364456,5.600597464191826e-73,-4.229090448734827,4.318317614493672,0.5555555555555556,0.45454545454545453,22,18
365,2,MEIS1,365,-1.0,8.158986098376221,0.6708788691721822,2.8765581744289053e-72,-4.567113253454871,4.875008595936694,0.5555555555555556,0.45454545454545453,22,18
372,2,MEIS1,372,-1.0,8.158986098376221,0.37652587283103905,9.86718137423069e-20,-3.7912972216524734,3.6129728508972274,0.5555555555555556,0.45454545454545453,22,18
374,2,MEIS1,374,-1.0,8.158986098376221,0.32107765686854145,1.7389437247907633e-14,-7.355311975833837,10.51353035165111,0.5555555555555556,0.45454545454545453,22,18
370,2,MEIS1,370,-1.0,8.158986098376221,0.39549944715404256,8.932368730283398e-22,-4.42874634659671,4.663293430000556,0.5555555555555556,0.45454545454545453,22,18
368,2,MEIS1,368,-1.0,8.158986098376221,0.47000780700039696,3.428580504327936e-31,-3.481619894115919,3.112904159225339,0.5555555555555556,0.45454545454545453,22,18
358,2,MEIS1,358,-1.0,8.158986098376221,0.29302784496808243,3.2610147193762764e-12,-14.171481673997075,29.158934639540217,0.5555555555555556,0.45454545454545453,22,18
355,2,MEIS1,355,-1.0,8.158986098376221,0.5285155636330494,2.1279580524721506e-40,-3.6594650155415684,3.441750242902398,0.5555555555555556,0.45454545454545453,22,18
4564,2,YY1,4564,1.0,8.572365056025475,0.26916957380493534,1.8191903996600452e-10,5.908769275294384,7.498768343937257,0.6363636363636364,0.56,25,22
4559,2,YY1,4559,1.0,8.572365056025475,0.6382180851382775,1.8898984831081013e-63,5.952302313980179,7.448071750104909,0.6363636363636364,0.56,25,22
4554,2,YY1,4554,1.0,8.572365056025475,0.23918015402935963,1.6738316388675906e-08,14.266876199818725,31.244267818360655,0.6363636363636364,0.56,25,22
4553,2,YY1,4553,1.0,8.572365056025475,0.4902238606396464,3.572265037026167e-34,7.857091282322124,11.176626898698999,0.6363636363636364,0.56,25,22
4556,2,YY1,4556,1.0,8.572365056025475,0.28505947291354616,1.3041710643914201e-11,4.507799094565956,4.797734670656,0.6363636363636364,0.56,25,22
4558,2,YY1,4558,1.0,8.572365056025475,0.4812497076871972,7.967826542900103e-33,13.283160651313635,27.224791942620183,0.6363636363636364,0.56,25,22
4542,2,YY1,4542,1.0,8.572365056025475,0.41157972434452983,1.2961853494305093e-23,8.561989195325,13.470721679480882,0.6363636363636364,0.56,25,22
4541,2,YY1,4541,1.0,8.572365056025475,-0.2840597631276931,1.547124034346407e-11,-2.1161956975367056,1.4286744543074812,0.6363636363636364,0.56,25,22
4557,2,YY1,4557,1.0,8.572365056025475,0.21522526973726025,4.1237504569084025e-07,10.606794546442401,17.39078069965857,0.6363636363636364,0.56,25,22
4546,2,YY1,4546,1.0,8.572365056025475,0.31202780239534605,1.0007853105995058e-13,11.77293861747937,20.35106875500325,0.6363636363636364,0.56,25,22
4545,2,YY1,4545,1.0,8.572365056025475,0.3996499141949496,3.0622591293434087e-22,3.2783846178475327,2.844098181024516,0.6363636363636364,0.56,25,22
4551,2,YY1,4551,1.0,8.572365056025475,0.2870810033254704,9.213131523043179e-12,3.50702810799762,3.184143948291073,0.6363636363636364,0.56,25,22
4548,2,YY1,4548,1.0,8.572365056025475,0.3590640054109348,5.747578598990034e-18,6.761487617412111,8.769486798173071,0.6363636363636364,0.56,25,22
4540,2,YY1,4540,1.0,8.572365056025475,0.565436469484942,3.3371153497060634e-47,6.388779335219837,8.681394205579576,0.6363636363636364,0.56,25,22
4613,2,EWSR1,4613,-1.0,3.171282738425742,0.28258320871314013,1.9886710399905804e-11,-6.668094716052585,9.024658104498377,0.8333333333333334,0.6,25,18
4612,2,EWSR1,4612,-1.0,3.171282738425742,-0.1090683526269777,0.010981580864764518,6.2449509464315645,7.781897565871652,0.8333333333333334,0.6,25,18
4618,2,EWSR1,4618,-1.0,3.171282738425742,0.3991529074780511,3.483870473630945e-22,-2.5587716162530434,1.9077636295425615,0.8333333333333334,0.6,25,18
4622,2,EWSR1,4622,-1.0,3.171282738425742,0.6687418377271196,1.17551334588321e-71,-2.42674566850286,1.7611238507759477,0.8333333333333334,0.6,25,18
4611,2,EWSR1,4611,-1.0,3.171282738425742,0.46158627514939443,5.246970604919753e-30,-3.395910820585318,2.9770470806152693,0.8333333333333334,0.6,25,18
4608,2,EWSR1,4608,-1.0,3.171282738425742,0.24985684167858904,3.575750264073133e-09,-12.938725700177324,24.230059923980598,0.8333333333333334,0.6,25,18
4621,2,EWSR1,4621,-1.0,3.171282738425742,0.16904067135406486,7.542471687832615e-05,-9.425521415534075,14.674611416743678,0.8333333333333334,0.6,25,18
4617,2,EWSR1,4617,-1.0,3.171282738425742,0.2353169030552834,2.874558963963548e-08,-15.179141507272544,29.29032934461578,0.8333333333333334,0.6,25,18
4614,2,EWSR1,4614,-1.0,3.171282738425742,0.5574121082858539,1.1891579511217e-45,-7.779445406000005,11.021657045671905,0.8333333333333334,0.6,25,18
4606,2,EWSR1,4606,-1.0,3.171282738425742,0.24411259529397378,8.278019591135371e-09,-4.499668830219585,4.849628525003494,0.8333333333333334,0.6,25,18
4626,2,EWSR1,4626,-1.0,3.171282738425742,0.35413763525838055,1.7306647875477093e-17,-2.285086815033934,1.6042270004128896,0.8333333333333334,0.6,25,18
4615,2,EWSR1,4615,-1.0,3.171282738425742,0.2723274515000594,1.0921136294253567e-10,-12.004244661063163,20.818000994714286,0.8333333333333334,0.6,25,18
4624,2,EWSR1,4624,-1.0,3.171282738425742,0.8036223852245022,4.99368674754325e-124,-3.09691544893327,2.560461009179131,0.8333333333333334,0.6,25,18
4625,2,EWSR1,4625,-1.0,3.171282738425742,0.23729705996279982,2.1812153747614284e-08,-8.168161849976002,11.673697922195219,0.8333333333333334,0.6,25,18
4616,2,EWSR1,4616,-1.0,3.171282738425742,0.48505404638869276,2.160708142498644e-33,-3.6758070186563705,3.4104392405271717,0.8333333333333334,0.6,25,18
8768,2,ARID3A,8768,-1.0,12.78167186832187,0.2674067776995612,2.411777586030007e-10,-5.889121904367819,7.176569344889853,1.0,0.84,25,21
8771,2,ARID3A,8771,-1.0,12.78167186832187,-0.2713878532187987,1.272057519391615e-10,10.423100773314175,16.775206065835512,1.0,0.84,25,21
8779,2,ARID3A,8779,-1.0,12.78167186832187,-0.30011912870997415,9.15331035352081e-13,2.6759066738094246,2.0412450768730737,1.0,0.84,25,21
8772,2,ARID3A,8772,-1.0,12.78167186832187,0.2689914128991794,1.871954607851257e-10,-5.6720421085427075,6.933921838212457,1.0,0.84,25,21
8770,2,ARID3A,8770,-1.0,12.78167186832187,0.3294914686634679,3.2379325161805955e-15,-5.307209003593277,5.948764632340128,1.0,0.84,25,21
8763,2,ARID3A,8763,-1.0,12.78167186832187,0.17336255362066133,4.881306560486908e-05,-6.390369662328347,8.64923534067628,1.0,0.84,25,21
8782,2,ARID3A,8782,-1.0,12.78167186832187,0.3340709609566034,1.26857081965258e-15,-4.6620906285395876,4.822150968739931,1.0,0.84,25,21
8769,2,ARID3A,8769,-1.0,12.78167186832187,0.2254802774303336,1.0923229337743926e-07,-15.056913783166328,34.88652394106006,1.0,0.84,25,21
8766,2,ARID3A,8766,-1.0,12.78167186832187,-0.31684699118684395,3.970225217236883e-14,8.73339961899901,12.743883074225321,1.0,0.84,25,21
8762,2,ARID3A,8762,-1.0,12.78167186832187,-0.29695165715875554,1.621521502210926e-12,11.70400114093308,19.88358446812119,1.0,0.84,25,21
8781,2,ARID3A,8781,-1.0,12.78167186832187,0.26784052492783617,2.2505474213538196e-10,-3.727156658908951,3.492199959476833,1.0,0.84,25,21
8767,2,ARID3A,8767,-1.0,12.78167186832187,-0.2824654591199796,2.028759653375518e-11,7.742617347956882,10.677928028964182,1.0,0.84,25,21
8760,2,ARID3A,8760,-1.0,12.78167186832187,0.1893459928261941,8.900747041987574e-06,-14.294269875248897,29.702359590209173,1.0,0.84,25,21
8778,2,ARID3A,8778,-1.0,12.78167186832187,0.3681609297405941,7.133517270878418e-19,-13.156668090527624,24.991609915772592,1.0,0.84,25,21
8783,2,ARID3A,8783,-1.0,12.78167186832187,0.09819933814385269,0.02210628473156691,-2.5987483999580836,1.9547578246141133,1.0,0.84,25,21
8774,2,ARID3A,8774,-1.0,12.78167186832187,-0.3458352021365518,1.0623184939966908e-16,10.106090549351439,16.996205347635428,1.0,0.84,25,21
8780,2,ARID3A,8780,-1.0,12.78167186832187,-0.24543879599504478,6.832328688931249e-09,8.384441979442617,12.119933639037978,1.0,0.84,25,21
8784,2,ARID3A,8784,-1.0,12.78167186832187,0.2618867127491554,5.755169379435439e-10,-10.529382842944447,19.044154441950383,1.0,0.84,25,21
8761,2,ARID3A,8761,-1.0,12.78167186832187,-0.2975314108844696,1.4611515257995912e-12,6.258007809461496,7.890637562824233,1.0,0.84,25,21
8765,2,ARID3A,8765,-1.0,12.78167186832187,-0.3004897663536272,8.556947019163585e-13,13.866624422500207,29.76783844548889,1.0,0.84,25,21
8775,2,ARID3A,8775,-1.0,12.78167186832187,0.22653874958476594,9.488800627688347e-08,-13.348100402011303,26.997334399423192,1.0,0.84,25,21
491,2,KLF7,491,-1.0,1.8048045531755217,0.17366296123962216,4.734016662979652e-05,-13.966755490371908,28.378269967824842,0.4117647058823529,0.28,25,17
486,2,KLF7,486,-1.0,1.8048045531755217,0.6839571688290819,4.008953122742729e-76,-4.606813063605757,5.038922216765226,0.4117647058823529,0.28,25,17
490,2,KLF7,490,-1.0,1.8048045531755217,0.4052632194342743,7.026425521849188e-23,-12.54264253723107,22.963471188042313,0.4117647058823529,0.28,25,17
495,2,KLF7,495,-1.0,1.8048045531755217,0.20852133793518632,9.494973302767577e-07,-3.810953451015348,3.551242634705356,0.4117647058823529,0.28,25,17
506,2,KLF7,506,-1.0,1.8048045531755217,0.42042008797566044,1.1447448404797367e-24,-2.317489234990057,1.640793805631266,0.4117647058823529,0.28,25,17
508,2,KLF7,508,-1.0,1.8048045531755217,-0.38831117552319494,5.505092047853149e-21,3.402540813467955,2.9955155398908215,0.4117647058823529,0.28,25,17
494,2,KLF7,494,-1.0,1.8048045531755217,0.3974140960129134,5.461457372033572e-22,-7.129891473820481,9.550700880528426,0.4117647058823529,0.28,25,17
2671,2,MAFG,2671,1.0,6.7155207704664885,0.3599350226115196,4.720308755329517e-18,3.956567364712196,3.809124827644031,0.7727272727272727,0.68,25,22
2656,2,MAFG,2656,1.0,6.7155207704664885,0.19294046592562122,5.948182894502769e-06,2.779909201902314,2.1785853006518208,0.7727272727272727,0.68,25,22
2668,2,MAFG,2668,1.0,6.7155207704664885,0.41218825963852745,1.0993017400583586e-23,2.6838783846959364,2.0610391966605692,0.7727272727272727,0.68,25,22
2675,2,MAFG,2675,1.0,6.7155207704664885,0.08321635824418043,0.05261939071566957,2.054608054611456,1.3668374909822745,0.7727272727272727,0.68,25,22
2672,2,MAFG,2672,1.0,6.7155207704664885,0.2752760632091209,6.741226013632147e-11,9.249121852143558,14.93153924878862,0.7727272727272727,0.68,25,22
2677,2,MAFG,2677,1.0,6.7155207704664885,0.23665029914842534,2.3876390564019536e-08,3.1097805402038277,2.596181246306226,0.7727272727272727,0.68,25,22
2676,2,MAFG,2676,1.0,6.7155207704664885,0.44556918249552985,7.660961327993512e-28,3.271806308173624,2.8445005734228133,0.7727272727272727,0.68,25,22
2659,2,MAFG,2659,1.0,6.7155207704664885,0.27023194346340607,1.5333639914840321e-10,11.816173934373804,20.229787772517614,0.7727272727272727,0.68,25,22
2666,2,MAFG,2666,1.0,6.7155207704664885,0.19564833180830998,4.3687123819483e-06,7.516248731744031,10.374481086310297,0.7727272727272727,0.68,25,22
2678,2,MAFG,2678,1.0,6.7155207704664885,0.264388385677812,3.8900347341966733e-10,7.040354938637567,10.034529155912828,0.7727272727272727,0.68,25,22
2657,2,MAFG,2657,1.0,6.7155207704664885,0.3077002237766934,2.2631896417802074e-13,7.959129739839449,12.049585634495678,0.7727272727272727,0.68,25,22
2654,2,MAFG,2654,1.0,6.7155207704664885,0.4447381147113389,9.851050184213397e-28,6.7677648576262195,9.514412247653784,0.7727272727272727,0.68,25,22
2661,2,MAFG,2661,1.0,6.7155207704664885,0.33337428210973696,1.4644199350117622e-15,14.102533584040051,29.763433672441046,0.7727272727272727,0.68,25,22
2665,2,MAFG,2665,1.0,6.7155207704664885,0.3448460605828028,1.3139782624718426e-16,5.89514364353041,7.185925900834023,0.7727272727272727,0.68,25,22
2662,2,MAFG,2662,1.0,6.7155207704664885,0.3805744051509413,3.709754308603233e-20,2.1774184759443598,1.497793545754497,0.7727272727272727,0.68,25,22
2670,2,MAFG,2670,1.0,6.7155207704664885,0.20741092404424205,1.0873179256207113e-06,2.405970470530331,1.7335636378619435,0.7727272727272727,0.68,25,22
2660,2,MAFG,2660,1.0,6.7155207704664885,0.1967440551071094,3.851128893356435e-06,13.503024792871823,26.646824135590112,0.7727272727272727,0.68,25,22
3559,2,DLX4,3559,-1.0,3.8059192088534206,-0.4318398616925506,4.4687423288479236e-26,10.782418325266843,18.698927599339047,0.8181818181818182,0.6,15,11
3549,2,DLX4,3549,-1.0,3.8059192088534206,-0.28363204340144194,1.6640900339697722e-11,6.7257652339712175,9.444475546099302,0.8181818181818182,0.6,15,11
3562,2,DLX4,3562,-1.0,3.8059192088534206,-0.34221349980481147,2.305331999457556e-16,9.775407464024312,16.95212916934387,0.8181818181818182,0.6,15,11
3554,2,DLX4,3554,-1.0,3.8059192088534206,0.4666689452083758,1.0204483848575704e-30,-2.415145562077812,1.761395119983005,0.8181818181818182,0.6,15,11
3557,2,DLX4,3557,-1.0,3.8059192088534206,0.35525935013445525,1.3487851755318923e-17,-3.839128082735481,3.6044395672645266,0.8181818181818182,0.6,15,11
3555,2,DLX4,3555,-1.0,3.8059192088534206,-0.39612237177903,7.6138899786708915e-22,12.149203673662965,21.22414721832626,0.8181818181818182,0.6,15,11
3556,2,DLX4,3556,-1.0,3.8059192088534206,0.6599924883077173,3.318334628490607e-69,-4.280968636502216,4.363312724129913,0.8181818181818182,0.6,15,11
3563,2,DLX4,3563,-1.0,3.8059192088534206,-0.21183422080284556,6.30916856265562e-07,3.0203509249979676,2.4687430583787906,0.8181818181818182,0.6,15,11
3553,2,DLX4,3553,-1.0,3.8059192088534206,-0.42069606899846884,1.0599848720567573e-24,7.259930620419338,10.440733254945666,0.8181818181818182,0.6,15,11
7078,2,HOXB6,7078,-1.0,7.797715553231716,0.12356406956984749,0.003929610633869127,-5.477906645080562,6.595152807211958,0.8888888888888888,0.8,10,9
7077,2,HOXB6,7077,-1.0,7.797715553231716,0.23101908038092406,5.189111800462965e-08,-5.27713846083835,6.234071152336888,0.8888888888888888,0.8,10,9
7074,2,HOXB6,7074,-1.0,7.797715553231716,0.1774378438048274,3.207192099085743e-05,-3.461576309085327,3.1410057364054356,0.8888888888888888,0.8,10,9
7073,2,HOXB6,7073,-1.0,7.797715553231716,0.09963669266201924,0.020222129235719775,-3.1089186483545115,2.7034108135576984,0.8888888888888888,0.8,10,9
7079,2,HOXB6,7079,-1.0,7.797715553231716,0.37241790357455085,2.6255748070909007e-19,-6.44057832665271,8.12279436878844,0.8888888888888888,0.8,10,9
7075,2,HOXB6,7075,-1.0,7.797715553231716,-0.3108315684635559,1.2556887017645014e-13,14.245606762004487,30.16643756543788,0.8888888888888888,0.8,10,9
7071,2,HOXB6,7071,-1.0,7.797715553231716,-0.23286192522308718,4.033773959914621e-08,2.464886359288062,1.8070205403089046,0.8888888888888888,0.8,10,9
7072,2,HOXB6,7072,-1.0,7.797715553231716,0.26140139854437217,6.206570194820825e-10,-12.640701788841916,23.36884783922971,0.8888888888888888,0.8,10,9
5614,2,HNF1A,5614,1.0,8.177164251047687,0.5892437732875866,4.569872977289687e-52,14.397862636879216,31.462736273353265,0.7777777777777778,0.56,25,18
5612,2,HNF1A,5612,1.0,8.177164251047687,-0.3837226140379701,1.7172910617626802e-20,-14.417560310867069,29.995603359853114,0.7777777777777778,0.56,25,18
5618,2,HNF1A,5618,1.0,8.177164251047687,-0.3370950493304088,6.773636845316549e-16,-8.084914838893017,13.463950699470773,0.7777777777777778,0.56,25,18
5617,2,HNF1A,5617,1.0,8.177164251047687,0.7842578612656456,3.0823407898676035e-114,8.970251699297553,13.35856738990478,0.7777777777777778,0.56,25,18
5624,2,HNF1A,5624,1.0,8.177164251047687,0.8592417915566872,1.312925238775538e-159,6.905099770534122,9.154502793650595,0.7777777777777778,0.56,25,18
5616,2,HNF1A,5616,1.0,8.177164251047687,0.4364457251576091,1.1660834084090859e-26,12.776880958813459,25.8571228489107,0.7777777777777778,0.56,25,18
5626,2,HNF1A,5626,1.0,8.177164251047687,0.031130264178819884,0.46911950735191965,7.56813797033731,11.292505299794904,0.7777777777777778,0.56,25,18
5631,2,HNF1A,5631,1.0,8.177164251047687,-0.4249295751001059,3.2279067989250835e-25,-8.631578448616889,13.466321139584492,0.7777777777777778,0.56,25,18
5610,2,HNF1A,5610,1.0,8.177164251047687,0.66741173952201,2.8065300616822747e-71,11.430793171562009,19.117398859868345,0.7777777777777778,0.56,25,18
5615,2,HNF1A,5615,1.0,8.177164251047687,-0.49399469579681177,9.426290384264896e-35,-8.384398300794773,14.126809008580848,0.7777777777777778,0.56,25,18
5623,2,HNF1A,5623,1.0,8.177164251047687,-0.43901582926294,5.460706146642089e-27,-15.601745933622393,34.20876536208114,0.7777777777777778,0.56,25,18
5627,2,HNF1A,5627,1.0,8.177164251047687,0.345679077119013,1.0986272942558631e-16,3.8009125713187353,3.5769889967247965,0.7777777777777778,0.56,25,18
5611,2,HNF1A,5611,1.0,8.177164251047687,-0.24528911684956956,6.982340701639651e-09,-4.091696712665739,4.3056581152448645,0.7777777777777778,0.56,25,18
5619,2,HNF1A,5619,1.0,8.177164251047687,0.293791905663613,2.848602447067241e-12,6.875139294322497,8.932450082933782,0.7777777777777778,0.56,25,18
514,2,PLAGL1,514,-1.0,3.1970828974566796,0.14189538019852088,0.0009142407461238823,-6.760676006695397,8.958361566860944,0.8,0.6666666666666666,6,5
513,2,PLAGL1,513,-1.0,3.1970828974566796,0.31396815979047016,6.911155314919447e-14,-4.431737749989628,4.5115456145682336,0.8,0.6666666666666666,6,5
512,2,PLAGL1,512,-1.0,3.1970828974566796,0.23709858706484366,2.242650314495807e-08,-11.250349649441905,18.88053229388338,0.8,0.6666666666666666,6,5
510,2,PLAGL1,510,-1.0,3.1970828974566796,0.24723794382077718,5.256639740197196e-09,-3.9988885994207806,3.977803589886206,0.8,0.6666666666666666,6,5
1434,2,NRF1,1434,-1.0,4.26684290529237,-0.07183152409197151,0.09449527886184748,4.107143398780306,4.0586651504312865,0.6666666666666666,0.4,25,15
1437,2,NRF1,1437,-1.0,4.26684290529237,0.28761466157073007,8.401596592628689e-12,-10.882988700169173,17.100723794867495,0.6666666666666666,0.4,25,15
1415,2,NRF1,1415,-1.0,4.26684290529237,0.49044886654586406,3.3008065546006384e-34,-3.5783871577921387,3.243629665380032,0.6666666666666666,0.4,25,15
1418,2,NRF1,1418,-1.0,4.26684290529237,0.3082778788463868,2.0312062556629053e-13,-3.487477593741511,3.104186170502582,0.6666666666666666,0.4,25,15
1420,2,NRF1,1420,-1.0,4.26684290529237,0.48201504256674027,6.1361558150982264e-33,-4.060499639561581,3.9334143658404024,0.6666666666666666,0.4,25,15
1416,2,NRF1,1416,-1.0,4.26684290529237,-0.145290480975983,0.0006841721811639351,6.035773116986331,7.496425073498165,0.6666666666666666,0.4,25,15
1435,2,NRF1,1435,-1.0,4.26684290529237,0.3513309826387182,3.215370413174931e-17,-3.612221670130427,3.3384266899365356,0.6666666666666666,0.4,25,15
1438,2,NRF1,1438,-1.0,4.26684290529237,0.24524954219317954,7.0225342701838015e-09,-4.970970831272952,5.432090038976567,0.6666666666666666,0.4,25,15
1430,2,NRF1,1430,-1.0,4.26684290529237,0.4363401927405689,1.2028140763763572e-26,-2.5213754419229333,1.8588826465511321,0.6666666666666666,0.4,25,15
1428,2,NRF1,1428,-1.0,4.26684290529237,0.44389677850304665,1.2697693327616262e-27,-4.309321595696798,4.307664838221222,0.6666666666666666,0.4,25,15
8723,2,LEF1,8723,-1.0,4.878186607990827,0.2478348615546604,4.816526948823023e-09,-5.982572085517119,7.8263476320678,0.9565217391304348,0.88,25,23
8736,2,LEF1,8736,-1.0,4.878186607990827,0.3254328178234659,7.332510113645091e-15,-7.434413556805931,11.212707292997552,0.9565217391304348,0.88,25,23
8726,2,LEF1,8726,-1.0,4.878186607990827,-0.3643999882475263,1.7039726396184206e-18,13.816348976823052,29.39240834218165,0.9565217391304348,0.88,25,23
8729,2,LEF1,8729,-1.0,4.878186607990827,-0.3784313775458197,6.236964638316027e-20,9.454190078495582,14.447095961155235,0.9565217391304348,0.88,25,23
8738,2,LEF1,8738,-1.0,4.878186607990827,0.6298272836075778,2.3572268923522622e-61,-15.272701528948799,34.36085296033341,0.9565217391304348,0.88,25,23
8735,2,LEF1,8735,-1.0,4.878186607990827,-0.3022338244588166,6.224060427495899e-13,3.2893321546823544,2.864714555676684,0.9565217391304348,0.88,25,23
8743,2,LEF1,8743,-1.0,4.878186607990827,0.5291336927831416,1.6628134322778353e-40,-4.988121249386552,5.679545755556516,0.9565217391304348,0.88,25,23
8724,2,LEF1,8724,-1.0,4.878186607990827,0.33810262907633953,5.487355938787208e-16,-2.905129886022954,2.3579048611300806,0.9565217391304348,0.88,25,23
8725,2,LEF1,8725,-1.0,4.878186607990827,0.5282700208786294,2.346677956106989e-40,-3.138103193791523,2.6556194418146464,0.9565217391304348,0.88,25,23
8722,2,LEF1,8722,-1.0,4.878186607990827,0.5227112806958424,2.1044305351212983e-39,-14.889962466650452,30.60645685419625,0.9565217391304348,0.88,25,23
8739,2,LEF1,8739,-1.0,4.878186607990827,0.2949208326987397,2.3310286554752442e-12,-2.004852419259837,1.319740874090921,0.9565217391304348,0.88,25,23
8719,2,LEF1,8719,-1.0,4.878186607990827,0.3512615021340334,3.264800549696694e-17,-12.473258839713628,23.21696724369467,0.9565217391304348,0.88,25,23
8721,2,LEF1,8721,-1.0,4.878186607990827,-0.20183209672525715,2.124511441423206e-06,4.379413823839888,4.465709787141646,0.9565217391304348,0.88,25,23
8720,2,LEF1,8720,-1.0,4.878186607990827,-0.5816599799488408,1.7894844009157278e-50,12.5120233045782,22.023684130740172,0.9565217391304348,0.88,25,23
8742,2,LEF1,8742,-1.0,4.878186607990827,0.7659818652135173,6.952354374039407e-106,-4.853926241834926,5.2971368711979165,0.9565217391304348,0.88,25,23
8734,2,LEF1,8734,-1.0,4.878186607990827,0.482907570991537,4.521026978844996e-33,-14.519891863907443,31.472208689412543,0.9565217391304348,0.88,25,23
8730,2,LEF1,8730,-1.0,4.878186607990827,-0.4573812430519496,1.9919465631036318e-29,6.871776597909479,9.006042306728176,0.9565217391304348,0.88,25,23
8740,2,LEF1,8740,-1.0,4.878186607990827,0.4437279116453823,1.33602569002912e-27,-12.550301657367694,22.744770499766148,0.9565217391304348,0.88,25,23
8728,2,LEF1,8728,-1.0,4.878186607990827,-0.6059400060201448,1.001701365026991e-55,9.420109949893973,14.165764816345998,0.9565217391304348,0.88,25,23
8741,2,LEF1,8741,-1.0,4.878186607990827,-0.19145431765497378,7.03319519446491e-06,7.955486949386363,11.354805515552643,0.9565217391304348,0.88,25,23
8732,2,LEF1,8732,-1.0,4.878186607990827,-0.48142067320088217,7.516626261590458e-33,12.116213058675259,23.212051224168462,0.9565217391304348,0.88,25,23
8737,2,LEF1,8737,-1.0,4.878186607990827,0.3298633804911335,3.0024283067188806e-15,-2.190202644446931,1.5100925510028596,0.9565217391304348,0.88,25,23
2255,2,REL,2255,1.0,8.662958300045805,-0.1862025059152119,1.2584420455023725e-05,-2.0114290875094682,1.3215187439197622,0.6470588235294118,0.5,22,17
2258,2,REL,2258,1.0,8.662958300045805,0.47060704824630306,2.815448371796355e-31,2.55837071434708,1.9306539702128014,0.6470588235294118,0.5,22,17
2251,2,REL,2251,1.0,8.662958300045805,-0.552333810427802,1.0857923066424358e-44,-2.075228926316072,1.3862130255278187,0.6470588235294118,0.5,22,17
2268,2,REL,2268,1.0,8.662958300045805,0.46849992264953527,5.619283055362551e-31,5.9299871231809345,7.314045823175625,0.6470588235294118,0.5,22,17
2260,2,REL,2260,1.0,8.662958300045805,0.4978970717152736,2.333033084215434e-35,9.15443584667114,14.166561375554256,0.6470588235294118,0.5,22,17
2253,2,REL,2253,1.0,8.662958300045805,0.49276683212070993,1.4572613412510831e-34,2.630049621393997,1.9974494366691542,0.6470588235294118,0.5,22,17
2266,2,REL,2266,1.0,8.662958300045805,0.5238749854593119,1.3339832195881702e-39,4.927212276561402,5.487232698016443,0.6470588235294118,0.5,22,17
2248,2,REL,2248,1.0,8.662958300045805,0.7247097708627396,1.4769018642015134e-89,5.940706191081039,7.714415604711132,0.6470588235294118,0.5,22,17
2252,2,REL,2252,1.0,8.662958300045805,0.5199924718210458,6.063417558736017e-39,5.305459771357307,6.301503904990753,0.6470588235294118,0.5,22,17
2265,2,REL,2265,1.0,8.662958300045805,0.17384944181746012,4.644709873162366e-05,13.141670369245693,26.138535360015034,0.6470588235294118,0.5,22,17
2261,2,REL,2261,1.0,8.662958300045805,0.5981351042792196,5.470485002651515e-54,2.2869269824044354,1.6095144393286807,0.6470588235294118,0.5,22,17
4219,2,CLOCK,4219,1.0,8.653852527591493,0.8633741202134155,7.52495412200274e-163,5.507576989465395,6.744738402879935,0.6666666666666666,0.6666666666666666,3,3
4220,2,CLOCK,4220,1.0,8.653852527591493,0.1608735265935695,0.00016678799944132793,4.8512211409215364,5.262746421622159,0.6666666666666666,0.6666666666666666,3,3
1946,2,MECOM,1946,-1.0,10.307635215422328,-0.06613022520377951,0.12377394982312594,14.480474586321682,32.73119422266261,0.5238095238095238,0.44,25,21
1937,2,MECOM,1937,-1.0,10.307635215422328,-0.3570263603188519,9.088883844683438e-18,7.4120059092011195,10.051899796640457,0.5238095238095238,0.44,25,21
1936,2,MECOM,1936,-1.0,10.307635215422328,0.2999139101319515,9.5008133662807e-13,-2.740678673488786,2.197342808749699,0.5238095238095238,0.44,25,21
1933,2,MECOM,1933,-1.0,10.307635215422328,0.6629637130381704,4.988430845387527e-70,-3.400030837722154,3.060403331220957,0.5238095238095238,0.44,25,21
1949,2,MECOM,1949,-1.0,10.307635215422328,0.3876798548209726,6.4447456613145496e-21,-7.861335323945264,11.148955761854708,0.5238095238095238,0.44,25,21
1954,2,MECOM,1954,-1.0,10.307635215422328,-0.5646875490935606,4.677439129715374e-47,7.302829416026024,10.0547450666105,0.5238095238095238,0.44,25,21
1945,2,MECOM,1945,-1.0,10.307635215422328,0.6418350438379262,2.2526545027565063e-64,-6.735785595411948,9.622850984295226,0.5238095238095238,0.44,25,21
1956,2,MECOM,1956,-1.0,10.307635215422328,0.6600235709051923,3.2535663932052434e-69,-7.8851696946561765,11.699505001474336,0.5238095238095238,0.44,25,21
1944,2,MECOM,1944,-1.0,10.307635215422328,0.5652695513792968,3.5982045413617424e-47,-6.5725520769359385,8.896170743183994,0.5238095238095238,0.44,25,21
1940,2,MECOM,1940,-1.0,10.307635215422328,0.3846173160707883,1.3775789582531168e-20,-14.585181603920924,29.891201394111903,0.5238095238095238,0.44,25,21
1938,2,MECOM,1938,-1.0,10.307635215422328,0.5599306454146764,3.914877203961518e-46,-12.023974505960062,21.643090496669718,0.5238095238095238,0.44,25,21
1328,2,MAF,1328,1.0,2.3111446010856773,0.4749149144887614,6.751719720342165e-32,11.009446712597208,18.132093800629175,0.7272727272727273,0.64,25,22
1322,2,MAF,1322,1.0,2.3111446010856773,0.3461146981473065,1.0002419618122585e-16,6.439066017344378,8.760253553641686,0.7272727272727273,0.64,25,22
1343,2,MAF,1343,1.0,2.3111446010856773,0.08657458263727909,0.04374452792583123,4.380761978029187,4.532384160505919,0.7272727272727273,0.64,25,22
1342,2,MAF,1342,1.0,2.3111446010856773,0.18214288069920026,1.9516571730899122e-05,6.993385309273522,9.297076927958186,0.7272727272727273,0.64,25,22
1335,2,MAF,1335,1.0,2.3111446010856773,0.13509708382751687,0.0016033153138595066,5.64228584777733,6.71717668324445,0.7272727272727273,0.64,25,22
1344,2,MAF,1344,1.0,2.3111446010856773,0.3081816404774383,2.0681687790023281e-13,8.371975238211684,12.492079326009028,0.7272727272727273,0.64,25,22
1325,2,MAF,1325,1.0,2.3111446010856773,0.06639915298243006,0.12225021670166494,2.4164956252183236,1.7504353139150113,0.7272727272727273,0.64,25,22
1332,2,MAF,1332,1.0,2.3111446010856773,-0.01475984779347306,0.731474040626205,-7.135204742403467,10.518583227741194,0.7272727272727273,0.64,25,22
1333,2,MAF,1333,1.0,2.3111446010856773,0.44933319702062796,2.431762619389792e-28,13.47541733693793,28.022498288028924,0.7272727272727273,0.64,25,22
1346,2,MAF,1346,1.0,2.3111446010856773,-0.27884310387627764,3.731493849086897e-11,-5.81384547234139,7.071278095531669,0.7272727272727273,0.64,25,22
1341,2,MAF,1341,1.0,2.3111446010856773,0.370799614926601,3.8459162077191654e-19,4.123558906366307,4.061069765363189,0.7272727272727273,0.64,25,22
1337,2,MAF,1337,1.0,2.3111446010856773,0.2997137882899791,9.852106875158372e-13,7.511354430265474,10.226895836211487,0.7272727272727273,0.64,25,22
1339,2,MAF,1339,1.0,2.3111446010856773,0.48025584415740163,1.1174568729905798e-32,12.696970439159983,25.292723395196266,0.7272727272727273,0.64,25,22
1336,2,MAF,1336,1.0,2.3111446010856773,0.2870740327894017,9.224222624446833e-12,8.282180708496497,11.779476845611464,0.7272727272727273,0.64,25,22
1345,2,MAF,1345,1.0,2.3111446010856773,0.2986236114392343,1.200090176758794e-12,8.591375097298124,13.72250717879468,0.7272727272727273,0.64,25,22
1324,2,MAF,1324,1.0,2.3111446010856773,-0.2537452015729127,2.001662402934381e-09,-2.2783155433977598,1.5988010069520984,0.7272727272727273,0.64,25,22
3143,2,SIRT6,3143,-1.0,2.056233893879107,-0.6364377502647305,5.328320471579456e-63,8.052760240595587,12.222868886554208,0.8,0.5,16,10
3148,2,SIRT6,3148,-1.0,2.056233893879107,0.5536202865684815,6.222743027740223e-45,-10.483322110580763,16.18513874302373,0.8,0.5,16,10
3154,2,SIRT6,3154,-1.0,2.056233893879107,-0.3248783978740015,8.190914685346909e-15,4.811579125091196,5.322385227452154,0.8,0.5,16,10
3149,2,SIRT6,3149,-1.0,2.056233893879107,0.3540267062972872,1.7737671567049663e-17,-11.20024768667931,17.362419486680512,0.8,0.5,16,10
3156,2,SIRT6,3156,-1.0,2.056233893879107,-0.43252386171895524,3.6652477946596064e-26,3.1361156202224496,2.6596013458988215,0.8,0.5,16,10
3146,2,SIRT6,3146,-1.0,2.056233893879107,-0.4661241690821199,1.2178198630666735e-30,10.862106423683835,19.382591526181212,0.8,0.5,16,10
3155,2,SIRT6,3155,-1.0,2.056233893879107,-0.3607074029791322,3.962046000320071e-18,5.9806084636324135,7.404498696142967,0.8,0.5,16,10
3142,2,SIRT6,3142,-1.0,2.056233893879107,-0.5616542416236642,1.8201666793642603e-46,6.121713233437872,8.047483867649996,0.8,0.5,16,10
333,2,NF1,333,1.0,8.613445738908322,0.7792326294241169,7.333289687641258e-112,6.492027909916537,8.805294018795896,0.6190476190476191,0.52,25,21
349,2,NF1,349,1.0,8.613445738908322,0.6224083097184564,1.4883335071945544e-59,7.550868377212713,11.136616424549539,0.6190476190476191,0.52,25,21
331,2,NF1,331,1.0,8.613445738908322,-0.7534355748578612,1.4023604047063114e-100,-2.066338579163369,1.3775643265471387,0.6190476190476191,0.52,25,21
332,2,NF1,332,1.0,8.613445738908322,0.3608086631321302,3.8719858184460545e-18,2.548366264297869,1.9006762810706181,0.6190476190476191,0.52,25,21
334,2,NF1,334,1.0,8.613445738908322,0.30376726744193017,4.696278296159701e-13,10.170468928019279,16.197794990277185,0.6190476190476191,0.52,25,21
343,2,NF1,343,1.0,8.613445738908322,0.28477015819069473,1.3703630342428131e-11,7.003760837204809,9.832356130594782,0.6190476190476191,0.52,25,21
348,2,NF1,348,1.0,8.613445738908322,0.5564985933008502,1.7751777081219475e-45,10.011732835833039,15.847223822157586,0.6190476190476191,0.52,25,21
353,2,NF1,353,1.0,8.613445738908322,0.250187904665852,3.4046894046343617e-09,11.699819915507524,18.86972926929751,0.6190476190476191,0.52,25,21
342,2,NF1,342,1.0,8.613445738908322,0.49611658693772503,4.4215402896309485e-35,13.202546030014906,27.162353649301725,0.6190476190476191,0.52,25,21
340,2,NF1,340,1.0,8.613445738908322,0.8169878259962321,1.8970681538303093e-131,4.307270678044114,4.458574892729076,0.6190476190476191,0.52,25,21
338,2,NF1,338,1.0,8.613445738908322,0.5736638007020305,7.718342947531899e-49,12.30612265897621,24.132589158244496,0.6190476190476191,0.52,25,21
329,2,NF1,329,1.0,8.613445738908322,0.8697322234840809,4.7341042417483175e-168,6.096760507233306,8.052675485657298,0.6190476190476191,0.52,25,21
347,2,NF1,347,1.0,8.613445738908322,0.07092602897104695,0.0987355270597913,4.3021433742232915,4.375855017091677,0.6190476190476191,0.52,25,21
8155,2,HOXC10,8155,1.0,10.195445031854339,0.2379794229775252,1.9821809424495146e-08,3.0347904265335,2.4996130886544408,0.7142857142857143,0.6,25,21
8146,2,HOXC10,8146,1.0,10.195445031854339,0.47848885073998615,2.033304664597011e-32,8.622050289029453,12.424008949446865,0.7142857142857143,0.6,25,21
8150,2,HOXC10,8150,1.0,10.195445031854339,0.5186889066241979,1.0036941601954913e-38,10.729392267068981,19.743050732930048,0.7142857142857143,0.6,25,21
8164,2,HOXC10,8164,1.0,10.195445031854339,0.4051685550573413,7.20471890722738e-23,12.88904885243894,22.71527957821955,0.7142857142857143,0.6,25,21
8162,2,HOXC10,8162,1.0,10.195445031854339,0.2145783590188843,4.474622229391506e-07,7.265885743576257,9.853774566913158,0.7142857142857143,0.6,25,21
8154,2,HOXC10,8154,1.0,10.195445031854339,0.17254295349258336,5.3055022500285997e-05,8.019225126039466,12.399700392955426,0.7142857142857143,0.6,25,21
8156,2,HOXC10,8156,1.0,10.195445031854339,-0.46968341474119973,3.813856888336549e-31,-10.518186245613983,18.59234767359269,0.7142857142857143,0.6,25,21
8148,2,HOXC10,8148,1.0,10.195445031854339,0.5027744982113456,3.971048151565326e-36,8.98927557141218,13.419279731073267,0.7142857142857143,0.6,25,21
8157,2,HOXC10,8157,1.0,10.195445031854339,-0.2624119763703324,5.302610619785225e-10,-4.725594470071259,5.025933341014759,0.7142857142857143,0.6,25,21
8159,2,HOXC10,8159,1.0,10.195445031854339,0.21621036388296935,3.639802520062102e-07,3.5188631724365265,3.1973035899140525,0.7142857142857143,0.6,25,21
8142,2,HOXC10,8142,1.0,10.195445031854339,0.4841624173879048,2.9380797078926367e-33,10.545539592495222,16.778352600554935,0.7142857142857143,0.6,25,21
8147,2,HOXC10,8147,1.0,10.195445031854339,0.41436254222795726,6.085110414330984e-24,10.700497502763284,19.27373195220035,0.7142857142857143,0.6,25,21
8161,2,HOXC10,8161,1.0,10.195445031854339,0.25317369256727995,2.1811763338998903e-09,2.539333176498533,1.8821296771749032,0.7142857142857143,0.6,25,21
8143,2,HOXC10,8143,1.0,10.195445031854339,0.4280647423390061,1.3236427939147162e-25,14.057084388327903,31.469605864358925,0.7142857142857143,0.6,25,21
8144,2,HOXC10,8144,1.0,10.195445031854339,0.3428769965713957,2.0017906504482712e-16,8.92797196529058,13.745567841250583,0.7142857142857143,0.6,25,21
4902,2,ELK3,4902,-1.0,3.0218799380900405,0.6090901636591927,1.9311952556541468e-56,-3.806848667488882,3.6044683094880337,0.2222222222222222,0.13333333333333333,15,9
4892,2,ELK3,4892,-1.0,3.0218799380900405,-0.31421909908894347,6.586733529534891e-14,2.3505565926497805,1.6740093575573234,0.2222222222222222,0.13333333333333333,15,9
3172,2,MAFB,3172,1.0,1.389876863367086,0.2925542232754144,3.545391272086791e-12,8.092780670546793,12.338591880237455,0.4117647058823529,0.28,25,17
3181,2,MAFB,3181,1.0,1.389876863367086,0.45993425810111205,8.881453018285946e-30,4.349033817086117,4.486451561038393,0.4117647058823529,0.28,25,17
3182,2,MAFB,3182,1.0,1.389876863367086,0.28240369867137083,2.0501007543875793e-11,6.882929099785485,9.566074631535288,0.4117647058823529,0.28,25,17
3167,2,MAFB,3167,1.0,1.389876863367086,0.16820068428178597,8.198058853597557e-05,15.205498497728733,35.39526356126315,0.4117647058823529,0.28,25,17
3158,2,MAFB,3158,1.0,1.389876863367086,0.2431247279242373,9.543411135404184e-09,6.593299896560834,9.129499952830752,0.4117647058823529,0.28,25,17
3176,2,MAFB,3176,1.0,1.389876863367086,0.29644318278574405,1.7762565454414395e-12,2.6412318112206976,2.0209579676916296,0.4117647058823529,0.28,25,17
3161,2,MAFB,3161,1.0,1.389876863367086,0.8196866976388322,5.078085421502112e-133,2.5755238364324025,1.9326768696485317,0.4117647058823529,0.28,25,17
4538,2,MESP1,4538,-1.0,1.5025704452206792,-0.11981594711401722,0.005179743787416278,5.675834902312527,6.793223908659943,0.8,0.6666666666666666,6,5
4535,2,MESP1,4535,-1.0,1.5025704452206792,0.5495498036098273,3.592170114200946e-44,-2.5804432948859386,1.9344193661511444,0.8,0.6666666666666666,6,5
4534,2,MESP1,4534,-1.0,1.5025704452206792,-0.3975941006928058,5.213745848792373e-22,6.288586879529998,8.443573160124245,0.8,0.6666666666666666,6,5
4536,2,MESP1,4536,-1.0,1.5025704452206792,-0.3012133211368938,7.50029261863341e-13,7.85893269637972,11.703029249773428,0.8,0.6666666666666666,6,5
4727,2,IRF3,4727,-1.0,3.135109274948597,0.15879480780508165,0.00020290948425015368,-6.173596140037586,7.772925938718576,0.8823529411764706,0.6,25,17
4726,2,IRF3,4726,-1.0,3.135109274948597,-0.2416762805099614,1.1743533149172485e-08,11.297866413504295,21.08376430104333,0.8823529411764706,0.6,25,17
4731,2,IRF3,4731,-1.0,3.135109274948597,0.3261441872624771,6.359419540579975e-15,-6.337198878997363,8.2095641774373,0.8823529411764706,0.6,25,17
4724,2,IRF3,4724,-1.0,3.135109274948597,-0.3413552461003973,2.76584904275517e-16,3.951889898663983,3.8458011116068707,0.8823529411764706,0.6,25,17
4725,2,IRF3,4725,-1.0,3.135109274948597,0.4789806857688336,1.7218391017811594e-32,-7.748606567363396,10.92187045485558,0.8823529411764706,0.6,25,17
4732,2,IRF3,4732,-1.0,3.135109274948597,-0.41191528445183706,1.183670600278543e-23,8.751340710017695,13.293295509528805,0.8823529411764706,0.6,25,17
4723,2,IRF3,4723,-1.0,3.135109274948597,-0.41764079283626765,2.474226786625935e-24,3.779091903699603,3.59264307368503,0.8823529411764706,0.6,25,17
4711,2,IRF3,4711,-1.0,3.135109274948597,-0.3087612442991508,1.8551282140709335e-13,6.224438984113489,8.275023180325638,0.8823529411764706,0.6,25,17
4729,2,IRF3,4729,-1.0,3.135109274948597,0.4569633856478312,2.2720163190154759e-29,-2.9509595631093832,2.3876703098699337,0.8823529411764706,0.6,25,17
4714,2,IRF3,4714,-1.0,3.135109274948597,-0.5333843706490364,3.007471560565524e-41,7.899036219718557,11.93895782756988,0.8823529411764706,0.6,25,17
4720,2,IRF3,4720,-1.0,3.135109274948597,0.7975543461966956,7.600651502910175e-121,-2.9272949823991032,2.355868643624872,0.8823529411764706,0.6,25,17
4713,2,IRF3,4713,-1.0,3.135109274948597,0.44770958678062567,3.996250026521605e-28,-2.1251967549811877,1.4377914909026064,0.8823529411764706,0.6,25,17
4722,2,IRF3,4722,-1.0,3.135109274948597,0.6170361250655082,2.7951876969112366e-58,-2.558116829657318,1.8994738125434365,0.8823529411764706,0.6,25,17
4728,2,IRF3,4728,-1.0,3.135109274948597,0.8446446645568179,6.183958802919421e-149,-3.8697110207831034,3.6473288135578428,0.8823529411764706,0.6,25,17
4730,2,IRF3,4730,-1.0,3.135109274948597,-0.25022515581021915,3.3859464123421357e-09,8.557183000480379,12.628473765289012,0.8823529411764706,0.6,25,17
9181,2,HES5,9181,-1.0,24.762868056266324,0.3755745145107952,1.2392696458504382e-19,-9.930556839673454,17.13386207195409,1.0,1.0,1,1
7295,2,MEOX2,7295,-1.0,7.713669242623305,0.3482568915848024,6.292276615904812e-17,-7.774501308298127,11.789888587454335,1.0,0.875,8,7
7291,2,MEOX2,7291,-1.0,7.713669242623305,-0.20576006983129674,1.3282407466762466e-06,6.101872211972677,7.518225950549683,1.0,0.875,8,7
7289,2,MEOX2,7289,-1.0,7.713669242623305,0.36532432729911546,1.3771554626283473e-18,-3.1336794819598217,2.681221918018764,1.0,0.875,8,7
7296,2,MEOX2,7296,-1.0,7.713669242623305,0.26879501407205814,1.9318482586913228e-10,-7.314043556167429,10.150933918384398,1.0,0.875,8,7
7290,2,MEOX2,7290,-1.0,7.713669242623305,0.31523412067552253,5.420118811179406e-14,-13.02269384407237,24.914998545540545,1.0,0.875,8,7
7292,2,MEOX2,7292,-1.0,7.713669242623305,0.3027458033523766,5.666493201885062e-13,-6.218335375543631,8.117150092658864,1.0,0.875,8,7
7293,2,MEOX2,7293,-1.0,7.713669242623305,0.2500258303380991,3.487416576821786e-09,-8.151886159127118,12.599534174076002,1.0,0.875,8,7
5235,2,ATF2,5235,1.0,12.175762529668033,-0.17738417817229848,3.225178535958035e-05,-2.712921115731767,2.0774506983582266,0.8666666666666667,0.7222222222222222,18,15
5241,2,ATF2,5241,1.0,12.175762529668033,0.37166253731110593,3.1384810951137366e-19,11.61610027010032,22.836681662474994,0.8666666666666667,0.7222222222222222,18,15
5242,2,ATF2,5242,1.0,12.175762529668033,0.39006685118849893,3.5452905498663186e-21,2.2646539327769495,1.584344810357493,0.8666666666666667,0.7222222222222222,18,15
5232,2,ATF2,5232,1.0,12.175762529668033,0.5534791519510905,6.61540427865274e-45,10.674734563545876,18.92367107792083,0.8666666666666667,0.7222222222222222,18,15
5236,2,ATF2,5236,1.0,12.175762529668033,0.14596002719858203,0.0006456788446942667,3.0284951874191544,2.487997916075972,0.8666666666666667,0.7222222222222222,18,15
5229,2,ATF2,5229,1.0,12.175762529668033,0.6459991521429678,1.8778962127642513e-65,7.551869298567356,11.108354843891252,0.8666666666666667,0.7222222222222222,18,15
5244,2,ATF2,5244,1.0,12.175762529668033,0.49646533859716235,3.902267186619653e-35,8.12240615112666,12.440603498606308,0.8666666666666667,0.7222222222222222,18,15
5227,2,ATF2,5227,1.0,12.175762529668033,0.7551872031151252,2.6644366477062444e-101,7.06869625026817,10.22426431087571,0.8666666666666667,0.7222222222222222,18,15
5240,2,ATF2,5240,1.0,12.175762529668033,0.2413910881471506,1.2231233466719242e-08,2.470956122546089,1.8041280816101235,0.8666666666666667,0.7222222222222222,18,15
5228,2,ATF2,5228,1.0,12.175762529668033,-0.5288152966840036,1.8881999821473554e-40,-2.238465223661779,1.5547576132007466,0.8666666666666667,0.7222222222222222,18,15
5243,2,ATF2,5243,1.0,12.175762529668033,0.5715102048648046,2.0902006096459354e-48,6.548947745937388,8.386495203105262,0.8666666666666667,0.7222222222222222,18,15
5230,2,ATF2,5230,1.0,12.175762529668033,-0.3268676239736073,5.5000460985403594e-15,-2.5553591619992453,1.9075514492676708,0.8666666666666667,0.7222222222222222,18,15
5238,2,ATF2,5238,1.0,12.175762529668033,0.5843207010230649,4.9964809780129414e-51,9.775798517105816,14.797916954715864,0.8666666666666667,0.7222222222222222,18,15
902,2,BACH1,902,1.0,7.11295981320928,0.574660512407854,4.855078982708027e-49,2.7698856757475636,2.1625257392664485,0.6190476190476191,0.52,25,21
917,2,BACH1,917,1.0,7.11295981320928,0.1363747156321092,0.0014454224673858317,10.149099081465277,16.46304509773941,0.6190476190476191,0.52,25,21
913,2,BACH1,913,1.0,7.11295981320928,-0.29066191011276377,4.943915438759893e-12,-2.372100776309506,1.7209593458890677,0.6190476190476191,0.52,25,21
901,2,BACH1,901,1.0,7.11295981320928,0.47113276157948447,2.36777550550092e-31,8.185288472083927,12.581676445186972,0.6190476190476191,0.52,25,21
916,2,BACH1,916,1.0,7.11295981320928,0.31710714958140807,3.775125511992517e-14,7.322293502018291,10.143916836540999,0.6190476190476191,0.52,25,21
910,2,BACH1,910,1.0,7.11295981320928,0.01849560541429269,0.6671702947689848,6.3768183107520375,8.015178044499867,0.6190476190476191,0.52,25,21
918,2,BACH1,918,1.0,7.11295981320928,0.25746641850558905,1.1383697561265566e-09,5.907499368495493,7.1139693086620275,0.6190476190476191,0.52,25,21
906,2,BACH1,906,1.0,7.11295981320928,-0.4581071531791041,1.584294615987715e-29,-2.6306963881168883,1.9899376091353769,0.6190476190476191,0.52,25,21
898,2,BACH1,898,1.0,7.11295981320928,0.5681796377599786,9.617300417400994e-48,6.88493184945716,9.824346726163423,0.6190476190476191,0.52,25,21
920,2,BACH1,920,1.0,7.11295981320928,0.3073808533015457,2.4023892125969266e-13,7.296439738450784,10.20698225513038,0.6190476190476191,0.52,25,21
922,2,BACH1,922,1.0,7.11295981320928,0.2745661178581237,7.57562343793009e-11,4.862491885978223,5.356062765309764,0.6190476190476191,0.52,25,21
921,2,BACH1,921,1.0,7.11295981320928,0.20560045846639813,1.354076454994864e-06,7.9175217237282025,11.890151502965477,0.6190476190476191,0.52,25,21
909,2,BACH1,909,1.0,7.11295981320928,0.37995117926479877,4.3165204813318354e-20,13.498226262053656,28.459208850954994,0.6190476190476191,0.52,25,21
1172,2,ZNF35,1172,-1.0,4.211623616359138,0.6166086738052952,3.521285388913264e-58,-7.010855530228224,10.316340657028354,0.47619047619047616,0.4,25,21
1176,2,ZNF35,1176,-1.0,4.211623616359138,-0.2541037719444468,1.8964518204163856e-09,8.838425290355307,12.994091651842009,0.47619047619047616,0.4,25,21
1166,2,ZNF35,1166,-1.0,4.211623616359138,0.4676347517050082,7.452644881471893e-31,-12.462374133626398,22.976080009960913,0.47619047619047616,0.4,25,21
1163,2,ZNF35,1163,-1.0,4.211623616359138,0.5503915792326595,2.504733928189905e-44,-3.5538829345364213,3.291614360584788,0.47619047619047616,0.4,25,21
1169,2,ZNF35,1169,-1.0,4.211623616359138,0.35615032133421753,1.1056982229498134e-17,-14.856501886258087,30.86894381180337,0.47619047619047616,0.4,25,21
1170,2,ZNF35,1170,-1.0,4.211623616359138,0.46738463687854304,8.085307815139087e-31,-4.136122521726597,4.350001469544216,0.47619047619047616,0.4,25,21
1168,2,ZNF35,1168,-1.0,4.211623616359138,0.4994975967390484,1.3089826370355283e-35,-4.567917972871219,5.212738267342999,0.47619047619047616,0.4,25,21
1180,2,ZNF35,1180,-1.0,4.211623616359138,0.2874768997933723,8.60414090021383e-12,-7.7293719089871455,10.823379164061109,0.47619047619047616,0.4,25,21
1175,2,ZNF35,1175,-1.0,4.211623616359138,0.5293027844968082,1.5541826480639095e-40,-6.3969276260252075,8.4993046154436,0.47619047619047616,0.4,25,21
1185,2,ZNF35,1185,-1.0,4.211623616359138,0.5697843600957947,4.61973507213127e-48,-12.743366674578956,22.508442642972888,0.47619047619047616,0.4,25,21
2783,2,HLF,2783,1.0,12.787858105024524,0.23045064440732158,5.6059293614995124e-08,4.102445870116335,4.116255809428291,0.8947368421052632,0.8095238095238095,21,19
2777,2,HLF,2777,1.0,12.787858105024524,0.6362576406069553,5.915147066083771e-63,11.496925452214454,19.7067272119857,0.8947368421052632,0.8095238095238095,21,19
2790,2,HLF,2790,1.0,12.787858105024524,0.4572195715863561,2.0960055639216522e-29,3.5587054241587124,3.2670943783972093,0.8947368421052632,0.8095238095238095,21,19
2781,2,HLF,2781,1.0,12.787858105024524,0.36138489411380953,3.3965725026075863e-18,8.06452048776928,11.366458102155752,0.8947368421052632,0.8095238095238095,21,19
2789,2,HLF,2789,1.0,12.787858105024524,0.27909606687877087,3.577059291757152e-11,7.547505893816586,10.126484475736081,0.8947368421052632,0.8095238095238095,21,19
2787,2,HLF,2787,1.0,12.787858105024524,0.6620893229975523,8.732277428592025e-70,12.207556788365206,23.325199540191438,0.8947368421052632,0.8095238095238095,21,19
2784,2,HLF,2784,1.0,12.787858105024524,0.4637945859471595,2.5846934932902197e-30,10.751464624809806,18.32019347331456,0.8947368421052632,0.8095238095238095,21,19
2786,2,HLF,2786,1.0,12.787858105024524,0.39201335464768367,2.1697973241625047e-21,6.534462585395082,8.341533600483519,0.8947368421052632,0.8095238095238095,21,19
2792,2,HLF,2792,1.0,12.787858105024524,0.33345575493453994,1.4400654344143224e-15,5.450315388143529,6.241715327358786,0.8947368421052632,0.8095238095238095,21,19
2773,2,HLF,2773,1.0,12.787858105024524,0.5158191444199135,3.0209404584175574e-38,6.277506574975549,8.403991229825818,0.8947368421052632,0.8095238095238095,21,19
2775,2,HLF,2775,1.0,12.787858105024524,0.4364676860938255,1.1585804405031354e-26,8.202691433673591,12.558071938463197,0.8947368421052632,0.8095238095238095,21,19
2780,2,HLF,2780,1.0,12.787858105024524,0.49427591570358337,8.529050973279064e-35,10.511753317545505,17.155244685243897,0.8947368421052632,0.8095238095238095,21,19
2776,2,HLF,2776,1.0,12.787858105024524,0.4359787741930068,1.3374876937696585e-26,4.417847060050259,4.593336520864056,0.8947368421052632,0.8095238095238095,21,19
2791,2,HLF,2791,1.0,12.787858105024524,0.3602919440390374,4.353640991234823e-18,8.290562483445974,12.20040451527033,0.8947368421052632,0.8095238095238095,21,19
2793,2,HLF,2793,1.0,12.787858105024524,0.06234102680643316,0.14684760279424336,2.4276222806749215,1.77722559601422,0.8947368421052632,0.8095238095238095,21,19
2785,2,HLF,2785,1.0,12.787858105024524,0.3945902793850818,1.1270277787544685e-21,5.309247323128064,6.142735188435383,0.8947368421052632,0.8095238095238095,21,19
2788,2,HLF,2788,1.0,12.787858105024524,0.36293722500110925,2.3834113623896197e-18,4.244008696455054,4.330542238938599,0.8947368421052632,0.8095238095238095,21,19
4477,2,XBP1,4477,1.0,1.6209397094931053,0.16969440270450806,7.066804550746266e-05,2.5837793626288383,1.937536889094958,1.0,0.9473684210526315,19,18
4476,2,XBP1,4476,1.0,1.6209397094931053,0.07268395319637305,0.09063775175753543,2.139250398516328,1.4585484196048504,1.0,0.9473684210526315,19,18
4474,2,XBP1,4474,1.0,1.6209397094931053,0.19445592042855755,5.007302624227555e-06,4.788995095156287,5.239430863828298,1.0,0.9473684210526315,19,18
4468,2,XBP1,4468,1.0,1.6209397094931053,0.37364546744264976,1.9626806889371974e-19,4.130210954272172,4.116425861864192,1.0,0.9473684210526315,19,18
4482,2,XBP1,4482,1.0,1.6209397094931053,0.2478164983144794,4.82951682300757e-09,11.166293519929894,19.33282625309422,1.0,0.9473684210526315,19,18
4478,2,XBP1,4478,1.0,1.6209397094931053,0.3810053042031883,3.3402264523932486e-20,4.595463580428289,4.906945153285303,1.0,0.9473684210526315,19,18
4481,2,XBP1,4481,1.0,1.6209397094931053,0.43831592748004183,6.718210156865445e-27,5.379952470443168,6.101420396435588,1.0,0.9473684210526315,19,18
4466,2,XBP1,4466,1.0,1.6209397094931053,0.39099573133365395,2.8059078966533682e-21,8.579047205886548,12.651520464596018,1.0,0.9473684210526315,19,18
4470,2,XBP1,4470,1.0,1.6209397094931053,-0.1990614960179501,2.9427264843150113e-06,-7.8030923516978605,11.043945171415949,1.0,0.9473684210526315,19,18
4472,2,XBP1,4472,1.0,1.6209397094931053,0.2087132150570775,9.274487654833324e-07,4.34133235783692,4.465736754169212,1.0,0.9473684210526315,19,18
4479,2,XBP1,4479,1.0,1.6209397094931053,0.22831533685827596,7.480280998029223e-08,7.059718435222739,9.51477126893631,1.0,0.9473684210526315,19,18
4464,2,XBP1,4464,1.0,1.6209397094931053,0.2570696226136782,1.2094966977556998e-09,6.48214259989757,8.896206175691292,1.0,0.9473684210526315,19,18
4467,2,XBP1,4467,1.0,1.6209397094931053,-0.2283943362670546,7.401250964971601e-08,-3.7829919399930434,3.5287563332904117,1.0,0.9473684210526315,19,18
4471,2,XBP1,4471,1.0,1.6209397094931053,0.2661920306235887,2.925535632950186e-10,7.6975517180567925,10.825366855162635,1.0,0.9473684210526315,19,18
4475,2,XBP1,4475,1.0,1.6209397094931053,0.1706997338904166,6.390169184750737e-05,3.425081209747234,3.0493193500389313,1.0,0.9473684210526315,19,18
4469,2,XBP1,4469,1.0,1.6209397094931053,0.24191725119233642,1.1346189765125624e-08,1.9892942930104744,1.304972604949533,1.0,0.9473684210526315,19,18
4465,2,XBP1,4465,1.0,1.6209397094931053,0.3234273271396998,1.0932102859555749e-14,7.415340271714292,10.787172060944156,1.0,0.9473684210526315,19,18
4480,2,XBP1,4480,1.0,1.6209397094931053,0.2738443300910097,8.526938718997565e-11,8.870388879040497,12.86086506930724,1.0,0.9473684210526315,19,18
1187,2,MYBL2,1187,-1.0,2.0228751944585737,-0.2403367383527589,1.4210451329964126e-08,6.44031113465464,8.760458959483241,0.7142857142857143,0.35714285714285715,14,7
1193,2,MYBL2,1193,-1.0,2.0228751944585737,0.26622163666388043,2.9118323425425274e-10,-14.52012692734479,30.969179285099514,0.7142857142857143,0.35714285714285715,14,7
1196,2,MYBL2,1196,-1.0,2.0228751944585737,-0.23511977929334055,2.9542430221382383e-08,6.436504379803571,8.604573517048607,0.7142857142857143,0.35714285714285715,14,7
1189,2,MYBL2,1189,-1.0,2.0228751944585737,-0.3271513922484041,5.1950346999350305e-15,8.172313407822298,12.681719810064896,0.7142857142857143,0.35714285714285715,14,7
1197,2,MYBL2,1197,-1.0,2.0228751944585737,0.1563828524213094,0.00025396999566056966,-3.9010960592732293,3.709897305076993,0.7142857142857143,0.35714285714285715,14,7
1790,2,BORCS8-MEF2B,1790,-1.0,2.271963152642836,-0.11448648285637879,0.007575124714879128,3.285399161068354,2.8342873605305074,0.9444444444444444,0.68,25,18
1803,2,BORCS8-MEF2B,1803,-1.0,2.271963152642836,0.18027005505674168,2.3819398288156027e-05,-12.155936759578939,22.499687832921026,0.9444444444444444,0.68,25,18
1793,2,BORCS8-MEF2B,1793,-1.0,2.271963152642836,0.5965330052634293,1.2267616959739578e-53,-3.3818440979653164,2.949783591886165,0.9444444444444444,0.68,25,18
1800,2,BORCS8-MEF2B,1800,-1.0,2.271963152642836,-0.2774966661350072,4.669535507975893e-11,7.462313004754896,10.889782482717196,0.9444444444444444,0.68,25,18
1798,2,BORCS8-MEF2B,1798,-1.0,2.271963152642836,0.08953271325043442,0.037005266595519296,-5.204341842189682,5.942506272730303,0.9444444444444444,0.68,25,18
1802,2,BORCS8-MEF2B,1802,-1.0,2.271963152642836,0.20506305262110147,1.4446547578578902e-06,-4.425419500601761,4.595874929338491,0.9444444444444444,0.68,25,18
1796,2,BORCS8-MEF2B,1796,-1.0,2.271963152642836,0.35933952896565047,5.40086203806059e-18,-9.350841277002305,14.186620065689873,0.9444444444444444,0.68,25,18
1809,2,BORCS8-MEF2B,1809,-1.0,2.271963152642836,0.3995093042415637,3.176145396257946e-22,-6.372745228476338,8.048225958065897,0.9444444444444444,0.68,25,18
1786,2,BORCS8-MEF2B,1786,-1.0,2.271963152642836,0.35169135185826994,2.970570950401134e-17,-2.193315785774257,1.5087317753158311,0.9444444444444444,0.68,25,18
1806,2,BORCS8-MEF2B,1806,-1.0,2.271963152642836,-0.34952329028490153,4.7761532234486053e-17,7.914262164250062,12.101245826972056,0.9444444444444444,0.68,25,18
1785,2,BORCS8-MEF2B,1785,-1.0,2.271963152642836,-0.18022755727232279,2.3926771575433774e-05,6.249443088901851,8.372218007314114,0.9444444444444444,0.68,25,18
1804,2,BORCS8-MEF2B,1804,-1.0,2.271963152642836,0.3320929776571084,1.905131513139589e-15,-3.4817308007000647,3.161575861743318,0.9444444444444444,0.68,25,18
1801,2,BORCS8-MEF2B,1801,-1.0,2.271963152642836,0.5471553766967634,9.962518570987841e-44,-3.2192507485700697,2.7227712492466876,0.9444444444444444,0.68,25,18
1791,2,BORCS8-MEF2B,1791,-1.0,2.271963152642836,0.2940602338262577,2.7162398028329454e-12,-5.222126509271378,5.956534751053775,0.9444444444444444,0.68,25,18
1794,2,BORCS8-MEF2B,1794,-1.0,2.271963152642836,0.21338137556708683,5.200992250525593e-07,-2.755536275194693,2.150322320919448,0.9444444444444444,0.68,25,18
1787,2,BORCS8-MEF2B,1787,-1.0,2.271963152642836,-0.21463644681945684,4.44197857502154e-07,7.602463447896932,11.306227326194257,0.9444444444444444,0.68,25,18
1789,2,BORCS8-MEF2B,1789,-1.0,2.271963152642836,0.6049421700343101,1.680849432595226e-55,-4.793571097899343,5.140236299159469,0.9444444444444444,0.68,25,18
4259,2,HMBOX1,4259,-1.0,1.9842055035316897,-0.2195118496115088,2.385158744412959e-07,6.439760418172915,8.146592156555238,0.4,0.34782608695652173,23,20
4251,2,HMBOX1,4251,-1.0,1.9842055035316897,0.2794940620026935,3.346625770491267e-11,-13.683507287067956,27.123707353705015,0.4,0.34782608695652173,23,20
4253,2,HMBOX1,4253,-1.0,1.9842055035316897,-0.27431412923164006,7.895349954242045e-11,4.392189657712674,4.4797209720045865,0.4,0.34782608695652173,23,20
4269,2,HMBOX1,4269,-1.0,1.9842055035316897,0.33843069398357295,5.122855500920581e-16,-3.3004022868106007,2.886738475869077,0.4,0.34782608695652173,23,20
4257,2,HMBOX1,4257,-1.0,1.9842055035316897,0.5174291883477822,1.6301380849804138e-38,-7.501926305334567,11.01845948479177,0.4,0.34782608695652173,23,20
4267,2,HMBOX1,4267,-1.0,1.9842055035316897,0.3977567765602908,4.999438021532257e-22,-2.4709892975438503,1.8300216398066587,0.4,0.34782608695652173,23,20
4248,2,HMBOX1,4248,-1.0,1.9842055035316897,0.5128509702386591,9.339483328551439e-38,-3.751406200740024,3.589537590012928,0.4,0.34782608695652173,23,20
4255,2,HMBOX1,4255,-1.0,1.9842055035316897,0.37593824914524737,1.1359624134454443e-19,-7.984674563123401,12.145110249099764,0.4,0.34782608695652173,23,20
3752,2,VBP1,3752,1.0,7.785484908103304,0.6138497656101033,1.549941007478615e-57,7.679949221900059,11.443292414537957,1.0,1.0,10,10
3756,2,VBP1,3756,1.0,7.785484908103304,-0.19446618885265876,5.0014410085572085e-06,-6.537381999816315,8.55362548915679,1.0,1.0,10,10
3758,2,VBP1,3758,1.0,7.785484908103304,0.4472501310160973,4.597172748097639e-28,4.186261859013491,4.269663437629655,1.0,1.0,10,10
3755,2,VBP1,3755,1.0,7.785484908103304,0.39017897938160406,3.446728719944228e-21,9.696439172536913,15.681201475330923,1.0,1.0,10,10
3754,2,VBP1,3754,1.0,7.785484908103304,0.3506399251919071,3.741597229513856e-17,11.984764519225838,22.164182684447855,1.0,1.0,10,10
3757,2,VBP1,3757,1.0,7.785484908103304,0.6227276052416033,1.2480029637936743e-59,7.287417614875447,10.010920605181242,1.0,1.0,10,10
3753,2,VBP1,3753,1.0,7.785484908103304,0.26335854518766183,4.57293003061681e-10,10.314731203148096,16.7157503429915,1.0,1.0,10,10
3759,2,VBP1,3759,1.0,7.785484908103304,0.20487664699526423,1.4774088442234506e-06,8.69799045117101,13.010034631894182,1.0,1.0,10,10
3750,2,VBP1,3750,1.0,7.785484908103304,0.42314384368250574,5.341054440237136e-25,6.364439099912814,8.628574301815737,1.0,1.0,10,10
3751,2,VBP1,3751,1.0,7.785484908103304,0.4558730588930849,3.199786256385921e-29,5.962471932844004,7.386351919290167,1.0,1.0,10,10
1380,2,CEBPZ,1380,1.0,8.6864508871512,0.4306999047809783,6.211756251157124e-26,2.4908589059495005,1.8382931126485034,0.7727272727272727,0.68,25,22
1379,2,CEBPZ,1379,1.0,8.6864508871512,0.31595626161006496,4.7160563598715e-14,3.267675500233107,2.8285286120595003,0.7727272727272727,0.68,25,22
1371,2,CEBPZ,1371,1.0,8.6864508871512,-0.512322033969446,1.1406935271523412e-37,-2.4930735054661026,1.837152733492729,0.7727272727272727,0.68,25,22
1373,2,CEBPZ,1373,1.0,8.6864508871512,0.5004297747722359,9.335576950011606e-36,2.9428293582256115,2.3881322213343226,0.7727272727272727,0.68,25,22
1378,2,CEBPZ,1378,1.0,8.6864508871512,0.4808425684191844,9.15318867957293e-33,2.9805410332098896,2.4420812666503657,0.7727272727272727,0.68,25,22
1385,2,CEBPZ,1385,1.0,8.6864508871512,0.4492011315953263,2.53228330562977e-28,7.144814116147445,9.781843011983797,0.7727272727272727,0.68,25,22
1377,2,CEBPZ,1377,1.0,8.6864508871512,0.6090399458186977,1.982831582693827e-56,10.854157569644828,19.71017882072035,0.7727272727272727,0.68,25,22
1372,2,CEBPZ,1372,1.0,8.6864508871512,0.6744991257598634,2.578918989607332e-73,8.583723366934564,13.563453043649758,0.7727272727272727,0.68,25,22
1392,2,CEBPZ,1392,1.0,8.6864508871512,0.5132862165069491,7.920368819697658e-38,7.626160509921871,10.59435263891746,0.7727272727272727,0.68,25,22
1375,2,CEBPZ,1375,1.0,8.6864508871512,0.5429577648473918,5.840338236114112e-43,14.954846034983031,35.82806709710595,0.7727272727272727,0.68,25,22
1389,2,CEBPZ,1389,1.0,8.6864508871512,0.6060321220290527,9.548747299929435e-56,4.47199213280391,4.649812270700543,0.7727272727272727,0.68,25,22
1384,2,CEBPZ,1384,1.0,8.6864508871512,0.5698985869449205,4.3841310161649085e-48,8.534303056237967,13.546001676693606,0.7727272727272727,0.68,25,22
1382,2,CEBPZ,1382,1.0,8.6864508871512,0.2546973917902975,1.7339731601219589e-09,3.853463869404968,3.708688450719323,0.7727272727272727,0.68,25,22
1374,2,CEBPZ,1374,1.0,8.6864508871512,0.5654944073815129,3.250959011381546e-47,11.562288004595782,19.87666837405589,0.7727272727272727,0.68,25,22
1369,2,CEBPZ,1369,1.0,8.6864508871512,0.724573957837401,1.6524318956054408e-89,6.480974685638501,8.905452408331165,0.7727272727272727,0.68,25,22
1391,2,CEBPZ,1391,1.0,8.6864508871512,0.5201812759109067,5.635550961958898e-39,6.302570554878519,8.223425471225665,0.7727272727272727,0.68,25,22
1383,2,CEBPZ,1383,1.0,8.6864508871512,0.44416210858566185,1.1721716350006538e-27,2.692983206404935,2.0802216724419322,0.7727272727272727,0.68,25,22
4933,2,FOXJ3,4933,1.0,10.825366855162635,-0.0034196850337044164,0.9366322830198746,-4.259655834445949,4.616645048496239,0.9047619047619048,0.76,25,21
4952,2,FOXJ3,4952,1.0,10.825366855162635,-0.21631529668400354,3.5915988085384106e-07,-6.774745269176444,9.11918640445963,0.9047619047619048,0.76,25,21
4954,2,FOXJ3,4954,1.0,10.825366855162635,0.38787982675894356,6.1311642832000366e-21,8.120183371394802,11.626328551016595,0.9047619047619048,0.76,25,21
4950,2,FOXJ3,4950,1.0,10.825366855162635,0.1295382686927292,0.0024917364573434388,3.1641895085435676,2.6760388434823668,0.9047619047619048,0.76,25,21
4945,2,FOXJ3,4945,1.0,10.825366855162635,0.1849920311032815,1.4357815197842644e-05,4.7046268755571585,5.030519608167171,0.9047619047619048,0.76,25,21
4946,2,FOXJ3,4946,1.0,10.825366855162635,0.28605940755540155,1.0985785786289657e-11,8.919480703290661,14.071312736516626,0.9047619047619048,0.76,25,21
4947,2,FOXJ3,4947,1.0,10.825366855162635,0.24069313511627158,1.3509017665667698e-08,4.097936530648622,4.070083201818242,0.9047619047619048,0.76,25,21
4934,2,FOXJ3,4934,1.0,10.825366855162635,0.1528399462983905,0.0003511049708348733,3.8814752080851225,3.729405870058978,0.9047619047619048,0.76,25,21
4937,2,FOXJ3,4937,1.0,10.825366855162635,0.2444008606888149,7.940519067409862e-09,7.601080945291866,10.512588938523365,0.9047619047619048,0.76,25,21
4951,2,FOXJ3,4951,1.0,10.825366855162635,0.23082757801903664,5.326072442800805e-08,2.7344836225724625,2.114218355757987,0.9047619047619048,0.76,25,21
4942,2,FOXJ3,4942,1.0,10.825366855162635,0.2693447366306617,1.7687280014108945e-10,7.938460462000171,11.408348807122623,0.9047619047619048,0.76,25,21
4930,2,FOXJ3,4930,1.0,10.825366855162635,0.22826999089782904,7.526012072606511e-08,6.5051678246306555,8.916279075324702,0.9047619047619048,0.76,25,21
4935,2,FOXJ3,4935,1.0,10.825366855162635,0.246306515307597,6.022351513450505e-09,11.388206528058125,19.010369520294134,0.9047619047619048,0.76,25,21
4944,2,FOXJ3,4944,1.0,10.825366855162635,0.331940750143608,1.9654596669245826e-15,8.068568522190805,12.461868558789034,0.9047619047619048,0.76,25,21
4943,2,FOXJ3,4943,1.0,10.825366855162635,-0.10900187020232244,0.01103069779540755,-2.0220775184770314,1.336237177931794,0.9047619047619048,0.76,25,21
4939,2,FOXJ3,4939,1.0,10.825366855162635,0.2755628295639473,6.430229830483433e-11,13.033370151932807,26.56492512479224,0.9047619047619048,0.76,25,21
4932,2,FOXJ3,4932,1.0,10.825366855162635,0.20940622125590777,8.518377170809457e-07,2.4967871614437835,1.8408506356598457,0.9047619047619048,0.76,25,21
4940,2,FOXJ3,4940,1.0,10.825366855162635,0.2085992880159546,9.404800772415496e-07,7.3269453201217365,9.847816490596662,0.9047619047619048,0.76,25,21
4938,2,FOXJ3,4938,1.0,10.825366855162635,0.3540955871859661,1.7468802506380082e-17,13.993415316187148,30.55741291614926,0.9047619047619048,0.76,25,21
2129,2,MGA,2129,1.0,8.711333046582634,-0.3520764552380656,2.7292260509420558e-17,-3.6732500796186933,3.3775995910840555,0.75,0.75,8,8
2125,2,MGA,2125,1.0,8.711333046582634,0.8067072596709068,1.090054328437277e-125,5.340217301077403,6.436517776681508,0.75,0.75,8,8
2130,2,MGA,2130,1.0,8.711333046582634,0.23471698724137063,3.123763764424583e-08,10.322797242329045,16.04889817504685,0.75,0.75,8,8
2132,2,MGA,2132,1.0,8.711333046582634,0.5459579435329616,1.6541667978093564e-43,5.859563217707063,7.285158955083081,0.75,0.75,8,8
2131,2,MGA,2131,1.0,8.711333046582634,0.2702010632391017,1.5410175957880237e-10,11.597411121053282,20.018577500020477,0.75,0.75,8,8
2127,2,MGA,2127,1.0,8.711333046582634,0.3595359032075859,5.1663962804071054e-18,2.8740866323932437,2.2982653740578445,0.75,0.75,8,8
6586,2,TBX18,6586,-1.0,30.736949100006292,0.7375417782452118,2.660431455764111e-94,-13.406182237629945,25.312655832795322,0.8333333333333334,0.625,8,6
6589,2,TBX18,6589,-1.0,30.736949100006292,0.30826303835024055,2.0368635835020494e-13,-2.375371794149109,1.7148878669163365,0.8333333333333334,0.625,8,6
6583,2,TBX18,6583,-1.0,30.736949100006292,0.33885859495579035,4.682991962750117e-16,-3.80622980090157,3.681588839816155,0.8333333333333334,0.625,8,6
6588,2,TBX18,6588,-1.0,30.736949100006292,0.358870029633023,6.004726335123807e-18,-6.571147582650142,8.593182464629363,0.8333333333333334,0.625,8,6
6585,2,TBX18,6585,-1.0,30.736949100006292,0.5809271742376182,2.5376516789885003e-50,-12.552225252107677,22.190626833735625,0.8333333333333334,0.625,8,6
2295,2,GLI3,2295,1.0,1.5149321432924399,0.38277604522064074,2.1667066850229097e-20,6.656743992173997,9.272369532515368,0.16666666666666666,0.13043478260869565,23,18
2305,2,GLI3,2305,1.0,1.5149321432924399,0.08275345468761805,0.05395301819750429,7.040315971600835,10.083638673500335,0.16666666666666666,0.13043478260869565,23,18
2296,2,GLI3,2296,1.0,1.5149321432924399,-0.3004537144412718,8.61324377860277e-13,-2.48923967956826,1.8332673036324076,0.16666666666666666,0.13043478260869565,23,18
827,2,HOXD8,827,1.0,1.6700363366211946,0.42314661690653305,5.33689143762504e-25,11.808412996084627,22.804883908682957,0.631578947368421,0.48,25,19
833,2,HOXD8,833,1.0,1.6700363366211946,-0.33662907274181614,7.464586771810449e-16,-7.215532040922376,10.074997352230637,0.631578947368421,0.48,25,19
819,2,HOXD8,819,1.0,1.6700363366211946,-0.24674543422392303,5.648927829755717e-09,-2.365082699383099,1.701925814229036,0.631578947368421,0.48,25,19
824,2,HOXD8,824,1.0,1.6700363366211946,-0.10352752597236729,0.015806014593243045,-6.120187905147604,8.340665711139895,0.631578947368421,0.48,25,19
821,2,HOXD8,821,1.0,1.6700363366211946,0.3158562756410795,4.8079035992257556e-14,12.020231664651718,23.160607481987608,0.631578947368421,0.48,25,19
839,2,HOXD8,839,1.0,1.6700363366211946,0.2306738514655215,5.4385378289764474e-08,5.37511075444971,6.206243768215865,0.631578947368421,0.48,25,19
823,2,HOXD8,823,1.0,1.6700363366211946,0.42748828650132453,1.5604857649892742e-25,7.111727146055258,9.397578925295608,0.631578947368421,0.48,25,19
830,2,HOXD8,830,1.0,1.6700363366211946,0.3942934694621565,1.2157078395443715e-21,7.967221606281319,11.431474543671612,0.631578947368421,0.48,25,19
829,2,HOXD8,829,1.0,1.6700363366211946,0.17298899284897953,5.070509747972709e-05,6.7223821300073,9.192515644972856,0.631578947368421,0.48,25,19
826,2,HOXD8,826,1.0,1.6700363366211946,-0.23511265885327037,2.9571609726959935e-08,-3.543596132209949,3.2247427902103434,0.631578947368421,0.48,25,19
815,2,HOXD8,815,1.0,1.6700363366211946,0.26442346321415766,3.868616368073823e-10,6.76336966558873,9.518996305221767,0.631578947368421,0.48,25,19
832,2,HOXD8,832,1.0,1.6700363366211946,-0.26852408717457343,2.0175431388640577e-10,-3.9024171590518275,3.7194755679804303,0.631578947368421,0.48,25,19
79,2,PARP1,79,1.0,4.554862420500745,0.44698217761345643,4.988026373253072e-28,5.953935519075568,7.432477925084856,0.85,0.7083333333333334,24,20
70,2,PARP1,70,1.0,4.554862420500745,0.3886574537666079,5.048492604283182e-21,7.649817388409094,11.322042919557365,0.85,0.7083333333333334,24,20
76,2,PARP1,76,1.0,4.554862420500745,0.3916355965639605,2.3873295645267155e-21,5.362152446078282,6.370693035820813,0.85,0.7083333333333334,24,20
83,2,PARP1,83,1.0,4.554862420500745,0.11791846001820436,0.005940457269997564,12.786216185706955,26.394860280727872,0.85,0.7083333333333334,24,20
69,2,PARP1,69,1.0,4.554862420500745,0.4950886202475935,6.384620676648793e-35,2.1643906373633106,1.4786399668118446,0.85,0.7083333333333334,24,20
78,2,PARP1,78,1.0,4.554862420500745,0.36045211646461606,4.198350852960537e-18,7.877337093877126,11.118899023245476,0.85,0.7083333333333334,24,20
71,2,PARP1,71,1.0,4.554862420500745,0.37093100578389604,3.7288521414911634e-19,4.203387830423121,4.249576121351306,0.85,0.7083333333333334,24,20
84,2,PARP1,84,1.0,4.554862420500745,0.34171718931196465,2.5615474059894714e-16,4.9549920955148075,5.419608668593377,0.85,0.7083333333333334,24,20
81,2,PARP1,81,1.0,4.554862420500745,0.38646638192901267,8.716498786874712e-21,5.936868375682399,7.548172707265611,0.85,0.7083333333333334,24,20
66,2,PARP1,66,1.0,4.554862420500745,0.4810330214530615,8.57840790525763e-33,6.809785633915044,9.650008076745378,0.85,0.7083333333333334,24,20
74,2,PARP1,74,1.0,4.554862420500745,0.2645074094549851,3.8178238034683895e-10,11.003541250871196,18.093666812812682,0.85,0.7083333333333334,24,20
77,2,PARP1,77,1.0,4.554862420500745,0.6293556106669289,3.0783227119513936e-61,2.8103392664082776,2.231509687380961,0.85,0.7083333333333334,24,20
88,2,PARP1,88,1.0,4.554862420500745,0.4087756950448933,2.757200537741695e-23,10.551259741707357,17.563228086102985,0.85,0.7083333333333334,24,20
80,2,PARP1,80,1.0,4.554862420500745,0.25022260744219404,3.3872254307011036e-09,3.431591047644389,3.045976503789867,0.85,0.7083333333333334,24,20
85,2,PARP1,85,1.0,4.554862420500745,-0.17540327174477466,3.960099587189929e-05,-6.629022092514805,9.032366336362385,0.85,0.7083333333333334,24,20
86,2,PARP1,86,1.0,4.554862420500745,0.33791959629053553,5.701669737179453e-16,3.515484478500943,3.1574332761428687,0.85,0.7083333333333334,24,20
75,2,PARP1,75,1.0,4.554862420500745,0.34406655977511996,1.5528199677836571e-16,14.560745366578818,32.1076782797283,0.85,0.7083333333333334,24,20
4832,2,MNX1,4832,-1.0,8.962298529073664,-0.28727214639974213,8.9140225884459e-12,7.095269179496086,10.324122682369522,0.6875,0.55,20,16
4838,2,MNX1,4838,-1.0,8.962298529073664,0.37490814743657347,1.4531004643454114e-19,-2.6256488227476233,2.005378174995387,0.6875,0.55,20,16
4835,2,MNX1,4835,-1.0,8.962298529073664,-0.20659706674809383,1.2003164502815706e-06,11.270068018279387,18.691196379476537,0.6875,0.55,20,16
4834,2,MNX1,4834,-1.0,8.962298529073664,-0.3210867112991143,1.735849678533547e-14,7.125715932285074,10.286805090701703,0.6875,0.55,20,16
4841,2,MNX1,4841,-1.0,8.962298529073664,0.2652731201682987,3.383513821423439e-10,-2.5748793250633337,1.9208510782947479,0.6875,0.55,20,16
4845,2,MNX1,4845,-1.0,8.962298529073664,0.22081311057201194,2.0154728767200053e-07,-2.7133287082237225,2.0875647541511455,0.6875,0.55,20,16
4842,2,MNX1,4842,-1.0,8.962298529073664,-0.3206019243438984,1.9093480728221914e-14,8.227668557481817,13.076793546526604,0.6875,0.55,20,16
4844,2,MNX1,4844,-1.0,8.962298529073664,-0.3288924860410637,3.655878785405864e-15,6.053602285103397,7.8313445790647505,0.6875,0.55,20,16
4847,2,MNX1,4847,-1.0,8.962298529073664,0.2394320111159393,1.615322948378017e-08,-2.697469846342579,2.0819763155117834,0.6875,0.55,20,16
4840,2,MNX1,4840,-1.0,8.962298529073664,-0.35894117998775027,5.909115575857007e-18,6.377108621392164,7.9878761468008985,0.6875,0.55,20,16
4837,2,MNX1,4837,-1.0,8.962298529073664,-0.30124497202342504,7.457111634486364e-13,12.058420093064294,22.923870996084027,0.6875,0.55,20,16
8084,2,NR4A1,8084,-1.0,1.7563135823616882,0.38384448599117127,1.66656297652906e-20,-3.133527314912015,2.675677101634377,0.5,0.5,6,6
8089,2,NR4A1,8089,-1.0,1.7563135823616882,0.20994932345326056,7.967561671653537e-07,-2.9946481417380273,2.4359544805545363,0.5,0.5,6,6
8086,2,NR4A1,8086,-1.0,1.7563135823616882,0.36437982615932757,1.71189246515605e-18,-9.54092814080665,15.316567267055303,0.5,0.5,6,6
9323,2,PITX2,9323,-1.0,4.794797974847432,-0.3406638558318595,3.201602542448194e-16,5.27329074044923,6.020352298701349,0.7368421052631579,0.56,25,19
9308,2,PITX2,9308,-1.0,4.794797974847432,0.39772853673286135,5.036007065627131e-22,-4.111182421648601,4.091963970622879,0.7368421052631579,0.56,25,19
9310,2,PITX2,9310,-1.0,4.794797974847432,0.41248638531228204,1.0139356807206227e-23,-4.707536216930101,5.041062546462904,0.7368421052631579,0.56,25,19
9314,2,PITX2,9314,-1.0,4.794797974847432,0.23872894198825154,1.783824312980833e-08,-3.7247140559886067,3.503760258922069,0.7368421052631579,0.56,25,19
9316,2,PITX2,9316,-1.0,4.794797974847432,0.29024086286259954,5.3217708492248756e-12,-2.436978975168672,1.7670290271321287,0.7368421052631579,0.56,25,19
9304,2,PITX2,9304,-1.0,4.794797974847432,0.3575996352009991,7.992107883692863e-18,-2.888586379339679,2.336063957900508,0.7368421052631579,0.56,25,19
9303,2,PITX2,9303,-1.0,4.794797974847432,-0.25288028104317617,2.2793184447984826e-09,11.971042192533423,20.53050204260462,0.7368421052631579,0.56,25,19
9318,2,PITX2,9318,-1.0,4.794797974847432,0.3833920731859129,1.8626666264465158e-20,-4.418468949267221,4.540509791773803,0.7368421052631579,0.56,25,19
9307,2,PITX2,9307,-1.0,4.794797974847432,-0.26965118039694097,1.6837059389976905e-10,12.62403343788364,25.274973448671634,0.7368421052631579,0.56,25,19
9325,2,PITX2,9325,-1.0,4.794797974847432,0.3715648000502959,3.2116762426087295e-19,-5.4224853189507884,6.3079783915167,0.7368421052631579,0.56,25,19
9305,2,PITX2,9305,-1.0,4.794797974847432,0.46284782007662034,3.503624772480194e-30,-2.8292575293819344,2.258524832851014,0.7368421052631579,0.56,25,19
9324,2,PITX2,9324,-1.0,4.794797974847432,-0.2813254952645432,2.4599888146358382e-11,5.122525180142084,5.914328219116855,0.7368421052631579,0.56,25,19
9311,2,PITX2,9311,-1.0,4.794797974847432,0.42368015628787087,4.592823938810774e-25,-5.4979905545877354,6.475237508247035,0.7368421052631579,0.56,25,19
9321,2,PITX2,9321,-1.0,4.794797974847432,0.3938625165087866,1.356848098221898e-21,-5.905719365926729,7.429239675433981,0.7368421052631579,0.56,25,19
2582,2,FOXO3,2582,1.0,8.738307222377822,0.43846935422555394,6.420094043255757e-27,8.460196074845173,13.394866989246005,0.65,0.52,25,20
2597,2,FOXO3,2597,1.0,8.738307222377822,0.4145879978461793,5.72173360838961e-24,7.133859293998124,9.427957218707036,0.65,0.52,25,20
2599,2,FOXO3,2599,1.0,8.738307222377822,0.554584918817989,4.092693863746948e-45,7.7651954818027615,11.028052701273715,0.65,0.52,25,20
2587,2,FOXO3,2587,1.0,8.738307222377822,0.3627737546874982,2.474224895466541e-18,11.5513769786038,19.32763062860964,0.65,0.52,25,20
2579,2,FOXO3,2579,1.0,8.738307222377822,0.6354541551590362,9.41935288290574e-63,6.654222365345127,9.250997598756834,0.65,0.52,25,20
2596,2,FOXO3,2596,1.0,8.738307222377822,0.5907207024621433,2.2120126462614746e-52,12.606337676178224,24.67131217745675,0.65,0.52,25,20
2583,2,FOXO3,2583,1.0,8.738307222377822,0.12503447792033984,0.003518953846747467,2.2540715752888665,1.5736494716295837,0.65,0.52,25,20
2589,2,FOXO3,2589,1.0,8.738307222377822,0.37855092598699797,6.059414350373473e-20,14.945478729247506,34.31120550609575,0.65,0.52,25,20
2588,2,FOXO3,2588,1.0,8.738307222377822,-0.31197975816287254,1.0099671028806355e-13,-3.0722197786025296,2.540670313342773,0.65,0.52,25,20
2602,2,FOXO3,2602,1.0,8.738307222377822,-0.3378483918898338,5.787247203633068e-16,-6.046101451841829,7.55130736839247,0.65,0.52,25,20
2595,2,FOXO3,2595,1.0,8.738307222377822,0.44354735227560277,1.4106544020800345e-27,4.398618419921765,4.586500010593877,0.65,0.52,25,20
2586,2,FOXO3,2586,1.0,8.738307222377822,0.5138051841600639,6.505259636246913e-38,3.9476630529028216,3.830475729360703,0.65,0.52,25,20
2590,2,FOXO3,2590,1.0,8.738307222377822,0.5851275593110172,3.385582950178069e-51,7.435803759837227,11.106522010565351,0.65,0.52,25,20
311,2,EBF1,311,-1.0,22.603802016260975,0.7173954299666494,5.688744104855351e-87,-7.406856401107606,10.232353488758894,0.6842105263157895,0.52,25,19
323,2,EBF1,323,-1.0,22.603802016260975,0.7089305758592198,4.433853624328901e-84,-9.08021469824137,15.035032864291878,0.6842105263157895,0.52,25,19
319,2,EBF1,319,-1.0,22.603802016260975,0.7147709107087822,4.601406876304807e-86,-5.132335320663688,5.852080503257678,0.6842105263157895,0.52,25,19
315,2,EBF1,315,-1.0,22.603802016260975,-0.35187760758010567,2.8513312260096276e-17,3.9293801933778987,3.7658799137676167,0.6842105263157895,0.52,25,19
306,2,EBF1,306,-1.0,22.603802016260975,0.795447745263933,9.127580003263946e-120,-4.153883060970098,4.253195759991911,0.6842105263157895,0.52,25,19
307,2,EBF1,307,-1.0,22.603802016260975,0.8364233294997885,2.1312952191681e-143,-12.35693644249249,22.32782013641287,0.6842105263157895,0.52,25,19
327,2,EBF1,327,-1.0,22.603802016260975,0.16626497391070758,9.919036583288413e-05,-2.657887878498013,2.024719751931247,0.6842105263157895,0.52,25,19
308,2,EBF1,308,-1.0,22.603802016260975,-0.5330940065981745,3.382732111963975e-41,4.125823770833568,4.0540929675294946,0.6842105263157895,0.52,25,19
320,2,EBF1,320,-1.0,22.603802016260975,0.4034714169046143,1.1275322390366072e-22,-2.981116273014803,2.424131020032702,0.6842105263157895,0.52,25,19
312,2,EBF1,312,-1.0,22.603802016260975,0.8753520495474699,6.98947620803657e-173,-6.507295824675313,8.67910293271968,0.6842105263157895,0.52,25,19
309,2,EBF1,309,-1.0,22.603802016260975,0.5577874679055532,1.008292088232047e-45,-15.378564089724867,32.63523452581744,0.6842105263157895,0.52,25,19
317,2,EBF1,317,-1.0,22.603802016260975,0.570701697632836,3.032468801213321e-48,-3.0264844975889766,2.5072229976467972,0.6842105263157895,0.52,25,19
325,2,EBF1,325,-1.0,22.603802016260975,0.5920959217716975,1.1217807055738147e-52,-2.19385937360969,1.5065847329813855,0.6842105263157895,0.52,25,19
8921,2,TFAP2A,8921,-1.0,14.137923174008927,-0.3906294409060438,3.0772867439895857e-21,8.973201448072535,15.442113732104083,0.9583333333333334,0.92,25,24
8911,2,TFAP2A,8911,-1.0,14.137923174008927,0.3501205078267878,4.1920535709779394e-17,-4.027405853407799,3.9185743292033273,0.9583333333333334,0.92,25,24
8898,2,TFAP2A,8898,-1.0,14.137923174008927,0.05131791100978933,0.23253295182108918,-2.1773981020627033,1.5170037385009512,0.9583333333333334,0.92,25,24
8897,2,TFAP2A,8897,-1.0,14.137923174008927,-0.5384760849152203,3.755077318601333e-42,10.962963153867467,17.970358769533085,0.9583333333333334,0.92,25,24
8914,2,TFAP2A,8914,-1.0,14.137923174008927,0.36300535636978076,2.3465383110628954e-18,-16.062604397903797,34.81190960618828,0.9583333333333334,0.92,25,24
8910,2,TFAP2A,8910,-1.0,14.137923174008927,0.20138680688886837,2.2394036032482198e-06,-12.6721607641406,22.45972662639757,0.9583333333333334,0.92,25,24
8917,2,TFAP2A,8917,-1.0,14.137923174008927,-0.27965355986026547,3.2584025685493656e-11,8.882109340532557,13.361065786214752,0.9583333333333334,0.92,25,24
8899,2,TFAP2A,8899,-1.0,14.137923174008927,0.07871564050382136,0.06682071406058546,-7.606366875077572,12.102118873680482,0.9583333333333334,0.92,25,24
8915,2,TFAP2A,8915,-1.0,14.137923174008927,0.34658217377591394,9.042932502170955e-17,-7.171110849354259,10.27932769394298,0.9583333333333334,0.92,25,24
8919,2,TFAP2A,8919,-1.0,14.137923174008927,0.4452203558840918,8.51440812129401e-28,-7.4959542229551115,10.47585493596609,0.9583333333333334,0.92,25,24
8904,2,TFAP2A,8904,-1.0,14.137923174008927,-0.5156764358105069,3.190218704049774e-38,12.359381118638469,24.45041032596233,0.9583333333333334,0.92,25,24
8903,2,TFAP2A,8903,-1.0,14.137923174008927,-0.4265540847641171,2.0362105214491166e-25,13.896739481047016,29.644019711382377,0.9583333333333334,0.92,25,24
8912,2,TFAP2A,8912,-1.0,14.137923174008927,0.03361859565134488,0.4343272205221921,-7.367050168499449,10.76503439859369,0.9583333333333334,0.92,25,24
8913,2,TFAP2A,8913,-1.0,14.137923174008927,0.4068337636577536,4.631008053670152e-23,-5.59853780284388,6.6260661534960335,0.9583333333333334,0.92,25,24
8908,2,TFAP2A,8908,-1.0,14.137923174008927,0.39407296067598313,1.2860149407599262e-21,-5.888093079256457,7.229709753139973,0.9583333333333334,0.92,25,24
8900,2,TFAP2A,8900,-1.0,14.137923174008927,0.2705117392821637,1.4656844720952255e-10,-3.31158704977678,2.9138462664102334,0.9583333333333334,0.92,25,24
8920,2,TFAP2A,8920,-1.0,14.137923174008927,-0.4033035993749603,1.1784255196768678e-22,8.23237260390804,12.716836626786263,0.9583333333333334,0.92,25,24
8902,2,TFAP2A,8902,-1.0,14.137923174008927,0.3261393903344299,6.365536182014421e-15,-2.1315934794938167,1.4513885204772692,0.9583333333333334,0.92,25,24
8906,2,TFAP2A,8906,-1.0,14.137923174008927,-0.2804993182366013,2.8272011686866493e-11,6.156657505014926,7.666954473821506,0.9583333333333334,0.92,25,24
8907,2,TFAP2A,8907,-1.0,14.137923174008927,0.444665786030626,1.0068668097963806e-27,-6.645242474728644,8.728092923532943,0.9583333333333334,0.92,25,24
8905,2,TFAP2A,8905,-1.0,14.137923174008927,0.3990875493334069,3.5434131943722844e-22,-9.227798256580506,16.809323861025977,0.9583333333333334,0.92,25,24
8918,2,TFAP2A,8918,-1.0,14.137923174008927,0.33634065744297353,7.926465439723302e-16,-3.3461739877570453,2.907741850904409,0.9583333333333334,0.92,25,24
8901,2,TFAP2A,8901,-1.0,14.137923174008927,-0.4056804772223868,6.29107726495954e-23,8.252532495921768,11.753925287579854,0.9583333333333334,0.92,25,24
5662,2,ELK1,5662,-1.0,1.8027739449749394,0.48386418337696546,3.25550616300579e-33,-13.742127608036306,26.31940292597087,0.7777777777777778,0.56,25,18
5665,2,ELK1,5665,-1.0,1.8027739449749394,0.3474747771527114,7.45556778026336e-17,-2.781938320213009,2.2017495306675787,0.7777777777777778,0.56,25,18
5682,2,ELK1,5682,-1.0,1.8027739449749394,0.29084988973061654,4.783809737993558e-12,-3.550789799865464,3.212635805502589,0.7777777777777778,0.56,25,18
5676,2,ELK1,5676,-1.0,1.8027739449749394,0.2518310024260464,2.666632970840406e-09,-2.378432031174314,1.711809923905866,0.7777777777777778,0.56,25,18
5663,2,ELK1,5663,-1.0,1.8027739449749394,0.0814719253789873,0.05779255935133694,-2.41776214286898,1.7472977864536723,0.7777777777777778,0.56,25,18
5669,2,ELK1,5669,-1.0,1.8027739449749394,0.4153412654536035,4.656256662869398e-24,-5.1104962695118115,5.833100740476587,0.7777777777777778,0.56,25,18
5659,2,ELK1,5659,-1.0,1.8027739449749394,0.10782767215874955,0.011930849758416389,-2.456656485138425,1.7935654226811046,0.7777777777777778,0.56,25,18
5674,2,ELK1,5674,-1.0,1.8027739449749394,0.11480525371552058,0.007407916875101726,-2.331753603167266,1.649196004448643,0.7777777777777778,0.56,25,18
5667,2,ELK1,5667,-1.0,1.8027739449749394,0.4951318675520197,6.286850599529373e-35,-2.225542637437551,1.5474059948188006,0.7777777777777778,0.56,25,18
5679,2,ELK1,5679,-1.0,1.8027739449749394,0.26189735593326036,5.745636959025611e-10,-8.452559634737547,12.018082936734618,0.7777777777777778,0.56,25,18
5681,2,ELK1,5681,-1.0,1.8027739449749394,0.3106745440220083,1.2935520474848786e-13,-2.5907688487650433,1.9419910375749987,0.7777777777777778,0.56,25,18
5680,2,ELK1,5680,-1.0,1.8027739449749394,0.29849476894996446,1.2283344499922797e-12,-4.597940731567555,4.828464174335463,0.7777777777777778,0.56,25,18
5664,2,ELK1,5664,-1.0,1.8027739449749394,0.3327211503752997,1.674846872491736e-15,-12.288331095453739,22.18223543072166,0.7777777777777778,0.56,25,18
5678,2,ELK1,5678,-1.0,1.8027739449749394,0.4366202883673296,1.1077457408198576e-26,-2.035721376966743,1.3555541442047685,0.7777777777777778,0.56,25,18
2183,2,HLTF,2183,1.0,12.026069082768055,-0.17630262080163864,3.6086979846482374e-05,-3.138233042266059,2.623014996158795,0.8125,0.7647058823529411,17,16
2184,2,HLTF,2184,1.0,12.026069082768055,0.4671296501720299,8.785002744671978e-31,5.735683926038926,7.168260708194023,0.8125,0.7647058823529411,17,16
2180,2,HLTF,2180,1.0,12.026069082768055,0.3710033344646089,3.6659156438920156e-19,3.4113323362083063,3.0043901184908703,0.8125,0.7647058823529411,17,16
2186,2,HLTF,2186,1.0,12.026069082768055,0.3382497598537897,5.320836582712518e-16,3.176500085362943,2.6756520842102507,0.8125,0.7647058823529411,17,16
2185,2,HLTF,2185,1.0,12.026069082768055,0.3523115047123822,2.591512894175717e-17,12.642550709551331,24.299776807386397,0.8125,0.7647058823529411,17,16
2176,2,HLTF,2176,1.0,12.026069082768055,0.13342288098701593,0.0018341868063907257,6.137130611962827,7.550186762134885,0.8125,0.7647058823529411,17,16
2173,2,HLTF,2173,1.0,12.026069082768055,0.6180400321634025,1.6227921468314e-58,8.422291855656749,13.231780838446888,0.8125,0.7647058823529411,17,16
2175,2,HLTF,2175,1.0,12.026069082768055,0.42666778694923774,1.9714089822877524e-25,2.822976691391355,2.2377592112101703,0.8125,0.7647058823529411,17,16
2181,2,HLTF,2181,1.0,12.026069082768055,0.418128655409076,2.1622620000091692e-24,7.534476279684647,10.522966946134234,0.8125,0.7647058823529411,17,16
2171,2,HLTF,2171,1.0,12.026069082768055,0.5682553392807247,9.291170970957059e-48,6.322997175558835,8.51533957290484,0.8125,0.7647058823529411,17,16
2174,2,HLTF,2174,1.0,12.026069082768055,0.26461728908806803,3.7523200769221445e-10,2.814959561236709,2.2196095229432187,0.8125,0.7647058823529411,17,16
2182,2,HLTF,2182,1.0,12.026069082768055,0.2758725312309997,6.110076674432255e-11,9.559874617578375,14.50250683792067,0.8125,0.7647058823529411,17,16
2187,2,HLTF,2187,1.0,12.026069082768055,-0.11877696023466572,0.0055846443956405235,-3.5399735601811924,3.1853766270205117,0.8125,0.7647058823529411,17,16
2071,2,ZBED6,2071,1.0,6.658559018886775,0.6738912650338723,3.87571474904194e-73,5.158132628883732,6.044933701382778,0.3333333333333333,0.25,4,3
5731,2,TEAD3,5731,-1.0,32.038150892228416,-0.16747260054660995,8.809404474499565e-05,5.811790456406239,7.021917803470833,0.9090909090909091,0.8,25,22
5714,2,TEAD3,5714,-1.0,32.038150892228416,0.3721951462283554,2.767571790113654e-19,-5.91980044097297,7.4714101553377485,0.9090909090909091,0.8,25,22
5721,2,TEAD3,5721,-1.0,32.038150892228416,0.2550419461376935,1.6459577713664219e-09,-4.9794628406172645,5.6568935445710355,0.9090909090909091,0.8,25,22
5713,2,TEAD3,5713,-1.0,32.038150892228416,0.5382971744894569,4.042316830297841e-42,-11.900264984579872,22.06025464992982,0.9090909090909091,0.8,25,22
5733,2,TEAD3,5733,-1.0,32.038150892228416,0.4932731328857,1.217913595527144e-34,-3.343245065417237,2.8898989410482794,0.9090909090909091,0.8,25,22
5722,2,TEAD3,5722,-1.0,32.038150892228416,0.377831161923904,7.208875769650647e-20,-2.7202963221103555,2.0974205119864853,0.9090909090909091,0.8,25,22
5715,2,TEAD3,5715,-1.0,32.038150892228416,0.43806356409355446,7.238611208851055e-27,-11.25158577393907,21.301293596581505,0.9090909090909091,0.8,25,22
5710,2,TEAD3,5710,-1.0,32.038150892228416,-0.17566260566733063,3.8555807746665066e-05,7.615318901562714,11.361747700230417,0.9090909090909091,0.8,25,22
5712,2,TEAD3,5712,-1.0,32.038150892228416,0.5396719440870067,2.2916944079188657e-42,-14.179925577766593,28.69272412674157,0.9090909090909091,0.8,25,22
5709,2,TEAD3,5709,-1.0,32.038150892228416,0.2405195462825607,1.3846366586569071e-08,-2.912499823073838,2.3843563466999536,0.9090909090909091,0.8,25,22
5719,2,TEAD3,5719,-1.0,32.038150892228416,0.2278812148699973,7.929329489212418e-08,-7.236209566563313,9.813578943395175,0.9090909090909091,0.8,25,22
5729,2,TEAD3,5729,-1.0,32.038150892228416,0.4804851972796621,1.0336549725784909e-32,-2.5180859195731333,1.857924620059195,0.9090909090909091,0.8,25,22
5723,2,TEAD3,5723,-1.0,32.038150892228416,0.23753465780514157,2.109810542272422e-08,-2.131079440404304,1.4476446689650895,0.9090909090909091,0.8,25,22
5724,2,TEAD3,5724,-1.0,32.038150892228416,0.3796153943014894,4.682966750774893e-20,-5.613814908232108,6.722138984222719,0.9090909090909091,0.8,25,22
5726,2,TEAD3,5726,-1.0,32.038150892228416,0.1387310566313333,0.0011911266468777732,-3.0764646069144925,2.5475911111765503,0.9090909090909091,0.8,25,22
5718,2,TEAD3,5718,-1.0,32.038150892228416,0.334321525495073,1.2046226273486913e-15,-4.3118487798194085,4.391197974076327,0.9090909090909091,0.8,25,22
5717,2,TEAD3,5717,-1.0,32.038150892228416,0.48292136215967296,4.499706723943648e-33,-7.113714665525031,9.665837006025212,0.9090909090909091,0.8,25,22
5728,2,TEAD3,5728,-1.0,32.038150892228416,0.3198366016403095,2.218439794781558e-14,-6.80301869240267,9.237409932267122,0.9090909090909091,0.8,25,22
5720,2,TEAD3,5720,-1.0,32.038150892228416,0.40245484291859496,1.4726710709332315e-22,-12.639804363423604,23.111878410177052,0.9090909090909091,0.8,25,22
5711,2,TEAD3,5711,-1.0,32.038150892228416,0.1941194608972414,5.203037033000362e-06,-2.3432932539125124,1.6688717782573097,0.9090909090909091,0.8,25,22
3132,2,IKZF2,3132,1.0,5.319052227429086,0.37744508416809874,7.911413616275159e-20,4.295717846756518,4.405628698306954,0.7058823529411765,0.48,25,17
3129,2,IKZF2,3129,1.0,5.319052227429086,0.3778236667238301,7.221910603217968e-20,13.85392304522761,30.975838916895604,0.7058823529411765,0.48,25,17
3120,2,IKZF2,3120,1.0,5.319052227429086,0.3379231190345703,5.697468341673388e-16,8.839796997505255,14.253627051816734,0.7058823529411765,0.48,25,17
3133,2,IKZF2,3133,1.0,5.319052227429086,0.40152626258144286,1.8779969025804858e-22,8.99781761568257,15.226752384320513,0.7058823529411765,0.48,25,17
3122,2,IKZF2,3122,1.0,5.319052227429086,0.6133011169646959,2.077541050884249e-57,2.300002680321143,1.6229937424551735,0.7058823529411765,0.48,25,17
3117,2,IKZF2,3117,1.0,5.319052227429086,0.49852367044144935,1.861309559396775e-35,6.615740030196103,9.166419581650858,0.7058823529411765,0.48,25,17
3134,2,IKZF2,3134,1.0,5.319052227429086,0.33314395461146684,1.5354809292264823e-15,8.264104391341444,11.912563203218578,0.7058823529411765,0.48,25,17
3124,2,IKZF2,3124,1.0,5.319052227429086,0.534351551266569,2.0311705039266068e-41,4.099784043111257,4.070799929924708,0.7058823529411765,0.48,25,17
3135,2,IKZF2,3135,1.0,5.319052227429086,0.6270871883645713,1.1040566720983148e-60,2.6018754191745708,1.9625651153092591,0.7058823529411765,0.48,25,17
3136,2,IKZF2,3136,1.0,5.319052227429086,0.408215503791372,3.2032130882521566e-23,2.1304733566074723,1.4511822256022908,0.7058823529411765,0.48,25,17
3121,2,IKZF2,3121,1.0,5.319052227429086,-0.3005134511858606,8.520158225935155e-13,-1.9936901739489303,1.306160261832199,0.7058823529411765,0.48,25,17
3128,2,IKZF2,3128,1.0,5.319052227429086,0.32759735665279954,4.748927804513589e-15,12.878168475577729,26.10298912857718,0.7058823529411765,0.48,25,17
7346,2,FOXL1,7346,-1.0,2.952547883980131,-0.3926691097021468,1.837651738820115e-21,4.790713964670667,5.225623501293323,0.8333333333333334,0.6,25,18
7322,2,FOXL1,7322,-1.0,2.952547883980131,0.4048339693260436,7.871418561733528e-23,-3.3198857273358855,2.943596520360462,0.8333333333333334,0.6,25,18
7333,2,FOXL1,7333,-1.0,2.952547883980131,0.3193899626679075,2.4209747417569532e-14,-2.2868049267665147,1.6086044717587504,0.8333333333333334,0.6,25,18
7328,2,FOXL1,7328,-1.0,2.952547883980131,0.42519055796667815,2.998111336036738e-25,-7.047779321459951,9.87948562271473,0.8333333333333334,0.6,25,18
7326,2,FOXL1,7326,-1.0,2.952547883980131,0.46210486804250556,4.445265977905856e-30,-14.81625018156071,31.040389995822537,0.8333333333333334,0.6,25,18
7342,2,FOXL1,7342,-1.0,2.952547883980131,0.48899502258753497,5.494752944458141e-34,-13.568531866210135,25.23113991877905,0.8333333333333334,0.6,25,18
7340,2,FOXL1,7340,-1.0,2.952547883980131,0.3621274435851281,2.8678494260063373e-18,-9.196845494034987,14.779527983750066,0.8333333333333334,0.6,25,18
7337,2,FOXL1,7337,-1.0,2.952547883980131,0.4614847901403942,5.419837071623273e-30,-7.433025596586163,10.256084062477523,0.8333333333333334,0.6,25,18
7330,2,FOXL1,7330,-1.0,2.952547883980131,0.2055307531057111,1.3655099889095968e-06,-3.2560699371099218,2.8195931081779024,0.8333333333333334,0.6,25,18
7339,2,FOXL1,7339,-1.0,2.952547883980131,-0.27645753159676545,5.547209897928132e-11,10.03500819717926,15.863933368060163,0.8333333333333334,0.6,25,18
7341,2,FOXL1,7341,-1.0,2.952547883980131,0.34077256924665444,3.1288673564799203e-16,-5.158072317017431,5.832191794408069,0.8333333333333334,0.6,25,18
7324,2,FOXL1,7324,-1.0,2.952547883980131,0.5303759472433853,1.0113377311248098e-40,-12.50184050286643,23.244268462124545,0.8333333333333334,0.6,25,18
7331,2,FOXL1,7331,-1.0,2.952547883980131,0.269434454175546,1.7434122427841116e-10,-7.174120669252251,9.75799919359528,0.8333333333333334,0.6,25,18
7332,2,FOXL1,7332,-1.0,2.952547883980131,-0.2784759140246586,3.967299672388625e-11,8.849001114010798,13.03986933512777,0.8333333333333334,0.6,25,18
7338,2,FOXL1,7338,-1.0,2.952547883980131,0.18769757347394728,1.0680923687329672e-05,-3.73074162352933,3.4435062895333974,0.8333333333333334,0.6,25,18
9545,2,NR0B1,9545,-1.0,12.301806503652228,-0.2947803484390871,2.390041069483656e-12,10.64686117706616,17.2985238664224,1.0,0.8,5,4
9548,2,NR0B1,9548,-1.0,12.301806503652228,0.25995938944681724,7.760628092574367e-10,-14.08069452875876,31.284529900637914,1.0,0.8,5,4
9547,2,NR0B1,9547,-1.0,12.301806503652228,-0.3018987873810813,6.617640206300258e-13,9.91850851079815,16.84830531592903,1.0,0.8,5,4
9546,2,NR0B1,9546,-1.0,12.301806503652228,-0.23249441935746057,4.242266161923084e-08,7.776693212135025,10.842609136556948,1.0,0.8,5,4
6398,2,GATA3,6398,-1.0,14.978126159457597,0.2983235785802772,1.266870264329153e-12,-12.658676225774597,21.361824190502187,1.0,0.88,25,22
6401,2,GATA3,6401,-1.0,14.978126159457597,-0.3072830409405817,2.4466746024391275e-13,4.366907821945144,4.486990998032149,1.0,0.88,25,22
6395,2,GATA3,6395,-1.0,14.978126159457597,-0.19187037621107442,6.711769446609478e-06,10.131203696551864,15.909392999595845,1.0,0.88,25,22
6394,2,GATA3,6394,-1.0,14.978126159457597,-0.20796594360971238,1.0161904362019296e-06,8.292343130077443,12.142747575398984,1.0,0.88,25,22
6382,2,GATA3,6382,-1.0,14.978126159457597,-0.22361599631595927,1.397362551885341e-07,14.378557709024465,31.10653731828561,1.0,0.88,25,22
6389,2,GATA3,6389,-1.0,14.978126159457597,-0.22550800967060697,1.0883109360371832e-07,8.484783612786497,12.233418833496392,1.0,0.88,25,22
6379,2,GATA3,6379,-1.0,14.978126159457597,0.2439722101965901,8.447377965599399e-09,-14.642476548224636,30.53744093205548,1.0,0.88,25,22
6386,2,GATA3,6386,-1.0,14.978126159457597,-0.17050320974447963,6.517432045676256e-05,7.507145177318088,10.41504025323606,1.0,0.88,25,22
6385,2,GATA3,6385,-1.0,14.978126159457597,-0.19408385869689052,5.224170775786485e-06,8.366663506018835,13.17479234798725,1.0,0.88,25,22
6383,2,GATA3,6383,-1.0,14.978126159457597,0.1866329552554544,1.200561469612311e-05,-8.56845818210277,14.846558186455887,1.0,0.88,25,22
6393,2,GATA3,6393,-1.0,14.978126159457597,0.19473661567132408,4.849408708559824e-06,-6.93642570529421,9.477649613111788,1.0,0.88,25,22
6391,2,GATA3,6391,-1.0,14.978126159457597,-0.2133057489983415,5.250506483278897e-07,10.405537586786387,19.11413407117656,1.0,0.88,25,22
6392,2,GATA3,6392,-1.0,14.978126159457597,0.3677762011208023,7.802198192991113e-19,-2.0375314852182815,1.3500165462961538,1.0,0.88,25,22
6396,2,GATA3,6396,-1.0,14.978126159457597,0.35177844608312836,2.9142153398916934e-17,-11.006083078379222,19.43550677888424,1.0,0.88,25,22
6388,2,GATA3,6388,-1.0,14.978126159457597,0.32911003793170857,3.498289512925335e-15,-15.31582352957262,34.21636582327198,1.0,0.88,25,22
6378,2,GATA3,6378,-1.0,14.978126159457597,-0.2660555430302434,2.9895258991791183e-10,12.07570542741228,20.855733643668305,1.0,0.88,25,22
6387,2,GATA3,6387,-1.0,14.978126159457597,-0.1736882200638711,4.721825683913142e-05,7.53321187371537,10.22684565901107,1.0,0.88,25,22
6384,2,GATA3,6384,-1.0,14.978126159457597,-0.24074777512481008,1.3404489010211008e-08,13.366946260256807,27.206434780295808,1.0,0.88,25,22
6397,2,GATA3,6397,-1.0,14.978126159457597,0.275727574061571,6.257941539138561e-11,-5.590827183535731,6.657153898544435,1.0,0.88,25,22
6380,2,GATA3,6380,-1.0,14.978126159457597,0.14468846650604955,0.0007205883690915805,-3.5556492792816035,3.3580251380682666,1.0,0.88,25,22
6399,2,GATA3,6399,-1.0,14.978126159457597,-0.16412516924161769,0.0001221491834269344,6.8289428076532,8.824086620772343,1.0,0.88,25,22
6400,2,GATA3,6400,-1.0,14.978126159457597,-0.24008310078225908,1.4730998127550173e-08,7.527433371054356,10.752309684038377,1.0,0.88,25,22
7392,2,GATA6,7392,-1.0,30.896561390334476,0.4978783337150888,2.3488292815358114e-35,-11.942354938615434,20.380942472655008,0.8695652173913043,0.8,25,23
7401,2,GATA6,7401,-1.0,30.896561390334476,0.2917250292912419,4.10274140489923e-12,-2.531189571027689,1.8740897321271848,0.8695652173913043,0.8,25,23
7378,2,GATA6,7378,-1.0,30.896561390334476,0.25061168327802874,3.197282843281474e-09,-2.8744883476346224,2.3313655028479503,0.8695652173913043,0.8,25,23
7402,2,GATA6,7402,-1.0,30.896561390334476,0.4617890952633934,4.917677911043801e-30,-6.257418316405382,7.9382259321163975,0.8695652173913043,0.8,25,23
7399,2,GATA6,7399,-1.0,30.896561390334476,0.4579304913133629,1.6751691292981848e-29,-7.089341945372875,10.17494010085235,0.8695652173913043,0.8,25,23
7397,2,GATA6,7397,-1.0,30.896561390334476,0.2918983932689506,3.979548059966042e-12,-3.9102657084295833,3.733952128349954,0.8695652173913043,0.8,25,23
7389,2,GATA6,7389,-1.0,30.896561390334476,0.4607081375087395,6.943273899343584e-30,-7.501412628133075,10.571338610154127,0.8695652173913043,0.8,25,23
7381,2,GATA6,7381,-1.0,30.896561390334476,0.7380246190339708,1.7417718211815298e-94,-14.794383803846342,31.666261865509878,0.8695652173913043,0.8,25,23
7400,2,GATA6,7400,-1.0,30.896561390334476,0.41030718927598764,1.8273233213212584e-23,-3.6587963880381413,3.4285137721491727,0.8695652173913043,0.8,25,23
7391,2,GATA6,7391,-1.0,30.896561390334476,0.31825159168068773,3.0228070047751e-14,-2.38593565254949,1.7273653722778548,0.8695652173913043,0.8,25,23
7384,2,GATA6,7384,-1.0,30.896561390334476,0.38951048248701536,4.076987979405551e-21,-6.452505518704399,8.58205032094988,0.8695652173913043,0.8,25,23
7386,2,GATA6,7386,-1.0,30.896561390334476,0.3090902086303931,1.7439399687191757e-13,-2.37141993422023,1.7100525968818177,0.8695652173913043,0.8,25,23
7387,2,GATA6,7387,-1.0,30.896561390334476,-0.26826407868401075,2.1032609822477552e-10,12.866306600094473,24.903496736945286,0.8695652173913043,0.8,25,23
7394,2,GATA6,7394,-1.0,30.896561390334476,0.6416522359081244,2.5100430167739213e-64,-14.766975541206703,32.0498733713606,0.8695652173913043,0.8,25,23
7380,2,GATA6,7380,-1.0,30.896561390334476,-0.302365665028116,6.07554789052561e-13,12.452128733487424,21.606564268159644,0.8695652173913043,0.8,25,23
7382,2,GATA6,7382,-1.0,30.896561390334476,0.5233252125338933,1.654932359959159e-39,-11.359676396177248,19.87097930415598,0.8695652173913043,0.8,25,23
7383,2,GATA6,7383,-1.0,30.896561390334476,-0.23491546013932676,3.039089940277783e-08,6.296030814985631,7.970766250407467,0.8695652173913043,0.8,25,23
7396,2,GATA6,7396,-1.0,30.896561390334476,0.3340037290119408,1.286289491596463e-15,-3.7324733632053557,3.4509094089754093,0.8695652173913043,0.8,25,23
7388,2,GATA6,7388,-1.0,30.896561390334476,0.326882914181758,5.483172281891915e-15,-7.916382920717797,11.251922983791195,0.8695652173913043,0.8,25,23
7395,2,GATA6,7395,-1.0,30.896561390334476,0.374202210904137,1.7193176599424766e-19,-3.553904099174589,3.1988361997322614,0.8695652173913043,0.8,25,23
1919,2,BRCA1,1919,1.0,3.028644437514703,0.6249217501112289,3.7001788975822875e-60,3.966349244077039,3.8457674899512884,0.6923076923076923,0.5,18,13
1925,2,BRCA1,1925,1.0,3.028644437514703,0.315875913065273,4.789727302419488e-14,7.078727606728193,9.862922470839075,0.6923076923076923,0.5,18,13
1915,2,BRCA1,1915,1.0,3.028644437514703,0.4268134186866731,1.8913793462163167e-25,3.3179326251045898,2.8852446559661113,0.6923076923076923,0.5,18,13
1917,2,BRCA1,1917,1.0,3.028644437514703,0.37789509598053406,7.098627037181862e-20,9.57757892201201,14.795034927237724,0.6923076923076923,0.5,18,13
1910,2,BRCA1,1910,1.0,3.028644437514703,0.5855328247790116,2.7832656316178085e-51,6.425781325776426,8.793626241903207,0.6923076923076923,0.5,18,13
1923,2,BRCA1,1923,1.0,3.028644437514703,0.22953720437431868,6.344327289131292e-08,2.4421989856993656,1.7714839329942114,0.6923076923076923,0.5,18,13
1914,2,BRCA1,1914,1.0,3.028644437514703,0.440733054551865,3.27741218751919e-27,8.37144578730228,13.20000103868886,0.6923076923076923,0.5,18,13
1924,2,BRCA1,1924,1.0,3.028644437514703,0.4286736523930076,1.1120066706809414e-25,2.034629311822028,1.3491489754984978,0.6923076923076923,0.5,18,13
1921,2,BRCA1,1921,1.0,3.028644437514703,0.5372058733587011,6.331054154607245e-42,4.826074937928701,5.288117311624896,0.6923076923076923,0.5,18,13
9428,2,FOXG1,9428,-1.0,13.677541647602265,0.3336799939398892,1.3750699146010049e-15,-2.9735693596378323,2.4171179508021563,0.9583333333333334,0.92,25,24
9409,2,FOXG1,9409,-1.0,13.677541647602265,0.34242460822957604,2.2041468742196128e-16,-2.6485074179501815,2.018760318975387,0.9583333333333334,0.92,25,24
9427,2,FOXG1,9427,-1.0,13.677541647602265,-0.05575589001822781,0.19454206842250615,5.857549788841154,7.369823691091318,0.9583333333333334,0.92,25,24
9429,2,FOXG1,9429,-1.0,13.677541647602265,0.14006052448935563,0.0010665240821907855,-4.020145988365927,3.8411250004083755,0.9583333333333334,0.92,25,24
9422,2,FOXG1,9422,-1.0,13.677541647602265,-0.1684456408024222,8.001529595522846e-05,7.2357191702561305,10.230811912363638,0.9583333333333334,0.92,25,24
9421,2,FOXG1,9421,-1.0,13.677541647602265,0.2140327822429273,4.792695532520113e-07,-9.547672955390471,15.280011402899417,0.9583333333333334,0.92,25,24
9425,2,FOXG1,9425,-1.0,13.677541647602265,0.02156091172763442,0.6161455070189443,-2.4542900320503254,1.7885713216723618,0.9583333333333334,0.92,25,24
9405,2,FOXG1,9405,-1.0,13.677541647602265,0.3478590366398608,6.859783309417668e-17,-14.828020020693659,31.29073322931395,0.9583333333333334,0.92,25,24
9406,2,FOXG1,9406,-1.0,13.677541647602265,0.19742987908177934,3.5575741680922494e-06,-2.2431017410203724,1.569828546308601,0.9583333333333334,0.92,25,24
9412,2,FOXG1,9412,-1.0,13.677541647602265,-0.055102174718971865,0.19983355268125366,10.858023570093478,20.18236600114119,0.9583333333333334,0.92,25,24
9423,2,FOXG1,9423,-1.0,13.677541647602265,0.38536332762024694,1.145703860252145e-20,-8.174529310453808,11.498545597137243,0.9583333333333334,0.92,25,24
9415,2,FOXG1,9415,-1.0,13.677541647602265,-0.21450692420078823,4.5150829952287367e-07,7.206350490900275,9.750175207666418,0.9583333333333334,0.92,25,24
9407,2,FOXG1,9407,-1.0,13.677541647602265,-0.173407331951174,4.859080296356602e-05,12.610371985289001,21.98202567792536,0.9583333333333334,0.92,25,24
9414,2,FOXG1,9414,-1.0,13.677541647602265,0.13474295162765734,0.0016498004285507295,-6.729850934868075,8.880674544527908,0.9583333333333334,0.92,25,24
9418,2,FOXG1,9418,-1.0,13.677541647602265,0.3395281623659293,4.0681169040872904e-16,-3.454902300356159,3.1137124740503808,0.9583333333333334,0.92,25,24
9426,2,FOXG1,9426,-1.0,13.677541647602265,-0.17555412555283648,3.8989795805450105e-05,9.148617894989435,15.766777296697933,0.9583333333333334,0.92,25,24
9413,2,FOXG1,9413,-1.0,13.677541647602265,-0.10040142934176063,0.019277830014479073,11.756915438288528,21.98565216827162,0.9583333333333334,0.92,25,24
9424,2,FOXG1,9424,-1.0,13.677541647602265,0.22304402308158183,1.5063952183778765e-07,-4.035655649813897,3.953854277604357,0.9583333333333334,0.92,25,24
9408,2,FOXG1,9408,-1.0,13.677541647602265,-0.23107831660646944,5.14744038833592e-08,9.180833125733153,13.72215160121353,0.9583333333333334,0.92,25,24
9420,2,FOXG1,9420,-1.0,13.677541647602265,0.2811349739741947,2.5402997600443378e-11,-12.444808372868566,24.209551223689527,0.9583333333333334,0.92,25,24
9416,2,FOXG1,9416,-1.0,13.677541647602265,0.3049101806567686,3.8029088753394363e-13,-14.987902741551727,32.12762987038563,0.9583333333333334,0.92,25,24
9417,2,FOXG1,9417,-1.0,13.677541647602265,0.2235514221741282,1.4092799512400908e-07,-2.117677587996303,1.4270286051870797,0.9583333333333334,0.92,25,24
9410,2,FOXG1,9410,-1.0,13.677541647602265,-0.14962126734563205,0.0004684015006583451,13.806849526858883,30.054488273208538,0.9583333333333334,0.92,25,24
8122,2,NFATC4,8122,-1.0,22.677609281375997,-0.4378847286197919,7.631325922810976e-27,10.67964559881536,17.46106352522613,1.0,0.84,25,21
8119,2,NFATC4,8119,-1.0,22.677609281375997,0.6432499127558711,9.72634227255349e-65,-6.025636932303195,7.734300607564552,1.0,0.84,25,21
8136,2,NFATC4,8136,-1.0,22.677609281375997,-0.22105233808269187,1.9538077771453506e-07,2.709372310354526,2.114585527496637,1.0,0.84,25,21
8134,2,NFATC4,8134,-1.0,22.677609281375997,0.48015061154836447,1.1581258396516426e-32,-2.787491081153222,2.175119838279081,1.0,0.84,25,21
8124,2,NFATC4,8124,-1.0,22.677609281375997,-0.11723564729147454,0.006237860183674359,3.516234794671447,3.2086702959639535,1.0,0.84,25,21
8129,2,NFATC4,8129,-1.0,22.677609281375997,0.4447749910957023,9.74189599051252e-28,-4.404705459499011,4.633203508425165,1.0,0.84,25,21
8135,2,NFATC4,8135,-1.0,22.677609281375997,-0.3985922665125254,4.0284788240363774e-22,8.439229579086978,12.151119634726646,1.0,0.84,25,21
8117,2,NFATC4,8117,-1.0,22.677609281375997,0.5533724203020386,6.928587216159299e-45,-15.362228745050807,32.762994469416604,1.0,0.84,25,21
8139,2,NFATC4,8139,-1.0,22.677609281375997,0.33813808137268897,5.446769509939412e-16,-3.656010600287094,3.3714082993799375,1.0,0.84,25,21
8121,2,NFATC4,8121,-1.0,22.677609281375997,-0.17928631004704587,2.642598906908115e-05,4.761581776782313,5.239617850748975,1.0,0.84,25,21
8115,2,NFATC4,8115,-1.0,22.677609281375997,0.5262883649310981,5.153510359998566e-40,-3.352198826896715,2.9891855869583184,1.0,0.84,25,21
8128,2,NFATC4,8128,-1.0,22.677609281375997,-0.3583081144834848,6.815277399109269e-18,9.736462828652547,15.69177736562832,1.0,0.84,25,21
8126,2,NFATC4,8126,-1.0,22.677609281375997,0.6336804910135551,2.617798846472517e-62,-13.699036611784322,25.5912716787986,1.0,0.84,25,21
8130,2,NFATC4,8130,-1.0,22.677609281375997,0.20967694788257604,8.239385467433222e-07,-4.74740033388698,5.127200005275182,1.0,0.84,25,21
8138,2,NFATC4,8138,-1.0,22.677609281375997,0.35418373073883486,1.7130586322524704e-17,-10.796640779468582,18.283664764833187,1.0,0.84,25,21
8118,2,NFATC4,8118,-1.0,22.677609281375997,0.7373477275152993,3.1533356296844106e-94,-12.623992242402048,24.288761932309534,1.0,0.84,25,21
8137,2,NFATC4,8137,-1.0,22.677609281375997,-0.20481316265063856,1.4887255960784381e-06,8.292542314477917,11.869777600428737,1.0,0.84,25,21
8116,2,NFATC4,8116,-1.0,22.677609281375997,-0.20783162962438853,1.0329818887966472e-06,8.205255906483767,12.773422373551085,1.0,0.84,25,21
8125,2,NFATC4,8125,-1.0,22.677609281375997,0.471340603477533,2.2109109726616968e-31,-15.408662905008761,33.03285134277245,1.0,0.84,25,21
8133,2,NFATC4,8133,-1.0,22.677609281375997,0.4963684256602073,4.040176854842847e-35,-3.6409519138770605,3.2957136139267442,1.0,0.84,25,21
8127,2,NFATC4,8127,-1.0,22.677609281375997,0.5446094071356704,2.920906242508613e-43,-7.815230360683347,11.872079757621762,1.0,0.84,25,21
9824,2,EN2,9824,-1.0,7.53428878131602,-0.26273521237278563,5.04153463603916e-10,3.829491431557777,3.6233105918580564,1.0,0.7142857142857143,7,5
9825,2,EN2,9825,-1.0,7.53428878131602,0.2891883695614732,6.39407336140334e-12,-4.878433138070331,5.427377741821337,1.0,0.7142857142857143,7,5
9822,2,EN2,9822,-1.0,7.53428878131602,0.19891432563950173,2.993716170568045e-06,-11.438529336477458,19.648675782380806,1.0,0.7142857142857143,7,5
9821,2,EN2,9821,-1.0,7.53428878131602,-0.20161426749564104,2.179991123134231e-06,6.542599867510964,8.625736737926074,1.0,0.7142857142857143,7,5
9819,2,EN2,9819,-1.0,7.53428878131602,0.31170949536931997,1.0631766189480662e-13,-2.2542999325533803,1.5834538969661929,1.0,0.7142857142857143,7,5
1774,2,SOX13,1774,-1.0,2.1951702039039263,-0.28960546166235146,5.9459936682478195e-12,3.1016595284664765,2.614095130006476,0.391304347826087,0.36,25,23
1768,2,SOX13,1768,-1.0,2.1951702039039263,0.6807065005570433,3.803896295766053e-75,-6.0572160170951825,7.754721304766098,0.391304347826087,0.36,25,23
1763,2,SOX13,1763,-1.0,2.1951702039039263,0.5271741476758285,3.6280026640105176e-40,-12.766335387038243,23.953609742683554,0.391304347826087,0.36,25,23
1767,2,SOX13,1767,-1.0,2.1951702039039263,-0.21484413881350384,4.3271253600632654e-07,6.593272395613307,8.458940358403666,0.391304347826087,0.36,25,23
1778,2,SOX13,1778,-1.0,2.1951702039039263,-0.21170162627853126,6.414048247549738e-07,5.8226920325686695,7.097641056253988,0.391304347826087,0.36,25,23
1761,2,SOX13,1761,-1.0,2.1951702039039263,0.696366072167384,5.652740302626008e-80,-2.941525325009262,2.421610903855416,0.391304347826087,0.36,25,23
1784,2,SOX13,1784,-1.0,2.1951702039039263,0.1367739849400444,0.0013990924689151725,-4.122441931890498,4.124814680948614,0.391304347826087,0.36,25,23
1764,2,SOX13,1764,-1.0,2.1951702039039263,0.15595914876113337,0.00026409614352845134,-14.663388186506776,31.726131582940237,0.391304347826087,0.36,25,23
1770,2,SOX13,1770,-1.0,2.1951702039039263,0.4757442583769354,5.116963715903618e-32,-3.542556218029646,3.2241728342235745,0.391304347826087,0.36,25,23
7569,2,SOX18,7569,-1.0,6.503379159504253,-0.3061071939529925,3.0458535870978035e-13,4.835550549091874,5.2724973969102615,0.8333333333333334,0.6,25,18
7562,2,SOX18,7562,-1.0,6.503379159504253,-0.18680129744911358,1.1786219151868028e-05,8.047897244636221,12.395159640665046,0.8333333333333334,0.6,25,18
7575,2,SOX18,7575,-1.0,6.503379159504253,0.30378128346606836,4.684168004857793e-13,-2.9831084293991514,2.427471232668418,0.8333333333333334,0.6,25,18
7580,2,SOX18,7580,-1.0,6.503379159504253,-0.3605302164493858,4.124622042236321e-18,4.533967192610746,4.855043551549618,0.8333333333333334,0.6,25,18
7565,2,SOX18,7565,-1.0,6.503379159504253,0.6102409017265343,1.0535777171766265e-56,-11.788335637120069,21.99898959897403,0.8333333333333334,0.6,25,18
7571,2,SOX18,7571,-1.0,6.503379159504253,0.31862327865235107,2.8117300920284685e-14,-8.377833645927385,12.798523473553029,0.8333333333333334,0.6,25,18
7560,2,SOX18,7560,-1.0,6.503379159504253,0.5568245595520629,1.5389164378167984e-45,-3.107984520047695,2.6459487786643896,0.8333333333333334,0.6,25,18
7566,2,SOX18,7566,-1.0,6.503379159504253,0.5422785498166974,7.757175388617532e-43,-6.413027403630556,8.537746454561555,0.8333333333333334,0.6,25,18
7570,2,SOX18,7570,-1.0,6.503379159504253,0.6052278870611261,1.449587043599765e-55,-8.2550299264002,11.915359158353725,0.8333333333333334,0.6,25,18
7582,2,SOX18,7582,-1.0,6.503379159504253,0.3567479136361074,9.673782280871682e-18,-9.534784944988916,15.19373702004498,0.8333333333333334,0.6,25,18
7576,2,SOX18,7576,-1.0,6.503379159504253,0.47714518622274293,3.198007824957815e-32,-9.115769710303947,15.460065627953062,0.8333333333333334,0.6,25,18
7581,2,SOX18,7581,-1.0,6.503379159504253,-0.2924600835624866,3.6047371164928923e-12,8.929618552569643,13.98197700485949,0.8333333333333334,0.6,25,18
7561,2,SOX18,7561,-1.0,6.503379159504253,-0.29756978630884784,1.4511019764135108e-12,2.284373531854035,1.6307388660353213,0.8333333333333334,0.6,25,18
7568,2,SOX18,7568,-1.0,6.503379159504253,-0.320731228721127,1.8614751555462704e-14,4.91740856406781,5.516737201103669,0.8333333333333334,0.6,25,18
7563,2,SOX18,7563,-1.0,6.503379159504253,0.3445743595801249,1.3928142530661382e-16,-14.837246490815275,31.232989666358343,0.8333333333333334,0.6,25,18
1107,2,ZNF524,1107,-1.0,1.682003598712482,0.6465795054846876,1.3241811247822901e-65,-2.730010793280191,2.1106356350419433,0.8333333333333334,0.8333333333333334,6,6
1106,2,ZNF524,1106,-1.0,1.682003598712482,-0.5211148780321083,3.921851628261387e-39,7.313286228292946,10.554709605428869,0.8333333333333334,0.8333333333333334,6,6
1105,2,ZNF524,1105,-1.0,1.682003598712482,0.7524634474082798,3.503737978907952e-100,-2.4947698853016935,1.8397298594021076,0.8333333333333334,0.8333333333333334,6,6
1109,2,ZNF524,1109,-1.0,1.682003598712482,0.45234679211433004,9.603123579233459e-29,-4.8368425633273855,5.233440620237254,0.8333333333333334,0.8333333333333334,6,6
1104,2,ZNF524,1104,-1.0,1.682003598712482,-0.49954609068352623,1.2862001369514273e-35,6.154174346688904,8.116385579668643,0.8333333333333334,0.8333333333333334,6,6
2520,2,NR2C2,2520,-1.0,1.5223457565546692,0.3849462804020306,1.2701213947672438e-20,-6.193800226207737,7.92797750956329,0.6842105263157895,0.52,25,19
2523,2,NR2C2,2523,-1.0,1.5223457565546692,0.2785519153534077,3.917328652104185e-11,-3.263324620500611,2.7899148650292416,0.6842105263157895,0.52,25,19
2507,2,NR2C2,2507,-1.0,1.5223457565546692,-0.2924247062181379,3.627289218667422e-12,5.644054963990959,6.665029347434943,0.6842105263157895,0.52,25,19
2528,2,NR2C2,2528,-1.0,1.5223457565546692,-0.29204117683035785,3.880807656670633e-12,5.089335869259188,5.671748103350787,0.6842105263157895,0.52,25,19
2517,2,NR2C2,2517,-1.0,1.5223457565546692,0.39068520519459343,3.0343605867261833e-21,-2.1588199903850995,1.4835813978235421,0.6842105263157895,0.52,25,19
2513,2,NR2C2,2513,-1.0,1.5223457565546692,-0.3107054991983134,1.286000336224107e-13,8.002166357640053,11.233405804804473,0.6842105263157895,0.52,25,19
2514,2,NR2C2,2514,-1.0,1.5223457565546692,0.25997191398628317,7.745625990757575e-10,-10.37846822625955,18.066703975171773,0.6842105263157895,0.52,25,19
2512,2,NR2C2,2512,-1.0,1.5223457565546692,-0.38617481864613906,9.370636081191851e-21,5.495506793511654,6.429294722833725,0.6842105263157895,0.52,25,19
2516,2,NR2C2,2516,-1.0,1.5223457565546692,0.429815845932265,8.012397891038321e-26,-7.285056057670169,9.921806824006083,0.6842105263157895,0.52,25,19
2525,2,NR2C2,2525,-1.0,1.5223457565546692,0.42712386987373285,1.7313380801258374e-25,-3.639293520487451,3.300589440119243,0.6842105263157895,0.52,25,19
2524,2,NR2C2,2524,-1.0,1.5223457565546692,0.6559907785054452,4.116841343067106e-68,-2.6334473102179476,2.011234018743846,0.6842105263157895,0.52,25,19
2506,2,NR2C2,2506,-1.0,1.5223457565546692,0.343840504540892,1.629737272535381e-16,-4.675779832682092,5.183167576709145,0.6842105263157895,0.52,25,19
2521,2,NR2C2,2521,-1.0,1.5223457565546692,0.05449272785708032,0.20486041706716474,-4.668080395838489,4.944743164380159,0.6842105263157895,0.52,25,19
981,2,MAZ,981,-1.0,2.5154688839888957,0.7297687311046007,2.1453671372012666e-91,-3.1838548610759707,2.6887740405139318,0.85,0.68,25,20
988,2,MAZ,988,-1.0,2.5154688839888957,0.19073695205590344,7.6221564398908945e-06,-8.036912401061354,11.670702040752975,0.85,0.68,25,20
977,2,MAZ,977,-1.0,2.5154688839888957,-0.5330424396216663,3.454072634994583e-41,7.378550642145815,10.830928140535852,0.85,0.68,25,20
993,2,MAZ,993,-1.0,2.5154688839888957,-0.27254428763819655,1.0542540026848367e-10,11.727747239609972,22.0495699823778,0.85,0.68,25,20
974,2,MAZ,974,-1.0,2.5154688839888957,-0.3941596801408378,1.2578991265183258e-21,5.698373251309961,7.186415015305928,0.85,0.68,25,20
975,2,MAZ,975,-1.0,2.5154688839888957,0.6160408374476986,4.782896498559703e-58,-2.4218277007746267,1.7547855398105128,0.85,0.68,25,20
995,2,MAZ,995,-1.0,2.5154688839888957,0.4272138872266201,1.687489346025493e-25,-4.468001580422618,4.612317342640521,0.85,0.68,25,20
989,2,MAZ,989,-1.0,2.5154688839888957,0.4789961258809859,1.7128675962530655e-32,-3.624996317762302,3.281763281439081,0.85,0.68,25,20
983,2,MAZ,983,-1.0,2.5154688839888957,0.2948372612179161,2.36596003942247e-12,-14.274841706772472,26.23780643984009,0.85,0.68,25,20
987,2,MAZ,987,-1.0,2.5154688839888957,0.65208907715499,4.622974331142079e-67,-8.112078247945337,11.372723874533229,0.85,0.68,25,20
985,2,MAZ,985,-1.0,2.5154688839888957,0.39586588748565416,8.131728750019748e-22,-2.630993835407161,1.9847290439611762,0.85,0.68,25,20
982,2,MAZ,982,-1.0,2.5154688839888957,0.310256386809887,1.3999236619240402e-13,-7.704341148944907,10.744026821288566,0.85,0.68,25,20
997,2,MAZ,997,-1.0,2.5154688839888957,0.28732692083989414,8.830072538996412e-12,-5.385246590920551,6.118063320559241,0.85,0.68,25,20
992,2,MAZ,992,-1.0,2.5154688839888957,0.48806644225038287,7.599015422030729e-34,-4.316858002913505,4.337432364130115,0.85,0.68,25,20
996,2,MAZ,996,-1.0,2.5154688839888957,0.23386470804097056,3.514037334674736e-08,-4.533774023415632,4.739609747711459,0.85,0.68,25,20
990,2,MAZ,990,-1.0,2.5154688839888957,0.3681762949007456,7.108018092282625e-19,-6.622435546588837,8.809398865256085,0.85,0.68,25,20
991,2,MAZ,991,-1.0,2.5154688839888957,0.27211241420994,1.1309667772018364e-10,-3.3992650811068916,2.960161950300526,0.85,0.68,25,20
5579,2,ERF,5579,-1.0,1.5772515173200075,0.6060696729814228,9.364156795638806e-56,-4.149144841211198,4.075864302283526,0.8461538461538461,0.6470588235294118,17,13
5569,2,ERF,5569,-1.0,1.5772515173200075,0.4192111871557455,1.6020979391636946e-24,-2.498801988278929,1.8388889360964198,0.8461538461538461,0.6470588235294118,17,13
5568,2,ERF,5568,-1.0,1.5772515173200075,0.4031158446131098,1.2380558002129076e-22,-4.2227245836795015,4.368338311024746,0.8461538461538461,0.6470588235294118,17,13
5572,2,ERF,5572,-1.0,1.5772515173200075,-0.020858991901586226,0.6276789003269283,2.5649754669984834,1.9158907215597256,0.8461538461538461,0.6470588235294118,17,13
5578,2,ERF,5578,-1.0,1.5772515173200075,0.5879922247792514,8.426883374808767e-52,-3.6461371612296056,3.319873414912407,0.8461538461538461,0.6470588235294118,17,13
5567,2,ERF,5567,-1.0,1.5772515173200075,0.14427090890993408,0.0007468925778367318,-2.5836766174764567,1.9395775449888715,0.8461538461538461,0.6470588235294118,17,13
5582,2,ERF,5582,-1.0,1.5772515173200075,0.35771479444563703,7.788049197184252e-18,-2.470403002761554,1.8029650357587128,0.8461538461538461,0.6470588235294118,17,13
5570,2,ERF,5570,-1.0,1.5772515173200075,0.46739940242268857,8.0465246751788e-31,-2.7046823582907575,2.079025237590326,0.8461538461538461,0.6470588235294118,17,13
5581,2,ERF,5581,-1.0,1.5772515173200075,0.05467898357891607,0.20331450073714533,-3.921720121788636,3.737180114419137,0.8461538461538461,0.6470588235294118,17,13
5577,2,ERF,5577,-1.0,1.5772515173200075,0.5269696786178132,3.934548521903125e-40,-3.381594165513752,2.9504290996697065,0.8461538461538461,0.6470588235294118,17,13
5571,2,ERF,5571,-1.0,1.5772515173200075,0.5400564478507963,1.9544202947602424e-42,-2.1723105341095756,1.483296123140867,0.8461538461538461,0.6470588235294118,17,13
661,2,NFIA,661,1.0,1.5149321432924399,0.05503200750239547,0.2004076897926488,5.240124915574,5.897902116266009,0.7142857142857143,0.6,25,21
672,2,NFIA,672,1.0,1.5149321432924399,-0.15801673108541292,0.00021822356501913876,-2.35481307019402,1.6906381191658089,0.7142857142857143,0.6,25,21
679,2,NFIA,679,1.0,1.5149321432924399,-0.5398620973128808,2.1182433001451655e-42,-7.63439032051848,10.802777684809852,0.7142857142857143,0.6,25,21
662,2,NFIA,662,1.0,1.5149321432924399,0.5812463198567638,2.17976822496352e-50,10.456285460697371,17.027356277219894,0.7142857142857143,0.6,25,21
667,2,NFIA,667,1.0,1.5149321432924399,0.3498491066321128,4.448224001528716e-17,8.93428157546685,13.639718104202121,0.7142857142857143,0.6,25,21
670,2,NFIA,670,1.0,1.5149321432924399,-0.1654066235982477,0.00010786348460425575,-3.4693573171111267,3.082476499851103,0.7142857142857143,0.6,25,21
656,2,NFIA,656,1.0,1.5149321432924399,0.4539650058102791,5.808624256506753e-29,6.53442223900974,9.018588765142917,0.7142857142857143,0.6,25,21
671,2,NFIA,671,1.0,1.5149321432924399,0.5156978720827183,3.1642038480415325e-38,13.783829490117014,30.274824598236275,0.7142857142857143,0.6,25,21
664,2,NFIA,664,1.0,1.5149321432924399,-0.009384814964496738,0.8272817109502794,-4.431180696112946,4.913571948868105,0.7142857142857143,0.6,25,21
657,2,NFIA,657,1.0,1.5149321432924399,-0.2748411917008348,7.241017579013898e-11,-2.0411909374501747,1.3530820820791907,0.7142857142857143,0.6,25,21
669,2,NFIA,669,1.0,1.5149321432924399,0.283554886450717,1.6860900101252325e-11,5.879973773306665,7.073182625959569,0.7142857142857143,0.6,25,21
675,2,NFIA,675,1.0,1.5149321432924399,0.573023335855718,1.0387943938176983e-48,10.497365823778205,18.40065262410919,0.7142857142857143,0.6,25,21
673,2,NFIA,673,1.0,1.5149321432924399,-0.358393259956324,6.685871535167509e-18,-8.187187766959012,12.006286912728386,0.7142857142857143,0.6,25,21
668,2,NFIA,668,1.0,1.5149321432924399,0.36624373251369824,1.1135222510783667e-18,5.632162610576769,6.650253216937539,0.7142857142857143,0.6,25,21
674,2,NFIA,674,1.0,1.5149321432924399,0.26464187334431033,3.737814886015375e-10,8.104042950219728,11.914991800832306,0.7142857142857143,0.6,25,21
1141,2,SP100,1141,1.0,1.5807187488461918,0.5033657945451733,3.19765038472819e-36,6.575684601193687,9.049978721596343,0.6,0.375,8,5
1146,2,SP100,1146,1.0,1.5807187488461918,0.40284361894642673,1.3298390262563086e-22,6.628038526445272,8.975373219615593,0.6,0.375,8,5
1143,2,SP100,1143,1.0,1.5807187488461918,0.2989798582987455,1.1252621147228878e-12,7.297187959981196,10.53424283786253,0.6,0.375,8,5
1136,2,ZBTB6,1136,1.0,8.498694660893012,-0.6362092216144781,6.083571858992789e-63,-2.347754238649395,1.6732860890781387,0.6,0.5,6,5
1139,2,ZBTB6,1139,1.0,8.498694660893012,0.7511947348917755,1.1501443064165421e-99,10.560820779653515,18.356586911783968,0.6,0.5,6,5
1135,2,ZBTB6,1135,1.0,8.498694660893012,0.7856171907510432,6.840211967631969e-115,5.972908691786676,7.834528313213391,0.6,0.5,6,5
7742,2,SOX11,7742,-1.0,3.3937105021583944,0.4945015961778078,7.870650200998069e-35,-13.788556495005198,28.948329303161238,1.0,0.8,25,20
7734,2,SOX11,7734,-1.0,3.3937105021583944,0.36797572334676876,7.448055445857019e-19,-6.287057294769901,8.265614011540741,1.0,0.8,25,20
7745,2,SOX11,7745,-1.0,3.3937105021583944,0.4170255868142042,2.9316500943139533e-24,-5.156709101508592,5.887805764855283,1.0,0.8,25,20
7738,2,SOX11,7738,-1.0,3.3937105021583944,-0.3270835606877356,5.266398059844345e-15,6.460242075357992,8.20695452449639,1.0,0.8,25,20
7733,2,SOX11,7733,-1.0,3.3937105021583944,0.44336709271382607,1.4892689953647894e-27,-15.105372127101342,32.302990437109834,1.0,0.8,25,20
7746,2,SOX11,7746,-1.0,3.3937105021583944,0.5516556447251181,1.4546907208276675e-44,-8.773388481044513,14.364922983931859,1.0,0.8,25,20
7730,2,SOX11,7730,-1.0,3.3937105021583944,0.45853205607129205,1.3852179104066148e-29,-3.4411496960430665,3.121799552414173,1.0,0.8,25,20
7750,2,SOX11,7750,-1.0,3.3937105021583944,0.4310420606643505,5.627837930724976e-26,-5.195705910073056,5.982877768132954,1.0,0.8,25,20
7748,2,SOX11,7748,-1.0,3.3937105021583944,0.5100836674193846,2.6485378164009304e-37,-4.849130412345563,5.392570060587902,1.0,0.8,25,20
7743,2,SOX11,7743,-1.0,3.3937105021583944,0.33207408975292224,1.912516844596359e-15,-4.940751216807696,5.417973947400098,1.0,0.8,25,20
7731,2,SOX11,7731,-1.0,3.3937105021583944,-0.42615796344021295,2.278846008716404e-25,5.384545599190219,6.241536220145083,1.0,0.8,25,20
7739,2,SOX11,7739,-1.0,3.3937105021583944,0.4367852577209555,1.0552702069378996e-26,-13.49769774373179,24.174832884543335,1.0,0.8,25,20
7752,2,SOX11,7752,-1.0,3.3937105021583944,0.3065484363813414,2.805821555880471e-13,-2.172276626630164,1.485228724808134,1.0,0.8,25,20
7741,2,SOX11,7741,-1.0,3.3937105021583944,0.3130000797489288,8.316090555686723e-14,-7.348578131681103,11.091463589328606,1.0,0.8,25,20
7732,2,SOX11,7732,-1.0,3.3937105021583944,0.5554146374661667,2.851093733688902e-45,-11.89430966017328,21.855626719391115,1.0,0.8,25,20
7735,2,SOX11,7735,-1.0,3.3937105021583944,0.377491779264559,7.822981689238181e-20,-3.5969351718493243,3.302411267622724,1.0,0.8,25,20
7753,2,SOX11,7753,-1.0,3.3937105021583944,0.41587544836286844,4.021950163821627e-24,-5.998868768069831,7.395862242699073,1.0,0.8,25,20
7751,2,SOX11,7751,-1.0,3.3937105021583944,-0.396952016928359,6.1517712345831195e-22,3.785023414326229,3.5558149590725607,1.0,0.8,25,20
7736,2,SOX11,7736,-1.0,3.3937105021583944,-0.32997341002821795,2.9360378730707747e-15,8.4456015720242,12.19361734535085,1.0,0.8,25,20
7740,2,SOX11,7740,-1.0,3.3937105021583944,0.2666972820605684,2.7000595049125004e-10,-6.526925312834791,8.50970877537793,1.0,0.8,25,20
8555,2,TBX1,8555,-1.0,6.016855442375451,0.3847529446463557,1.3322304611751234e-20,-11.554105166990068,20.340463756544555,1.0,0.92,25,23
8577,2,TBX1,8577,-1.0,6.016855442375451,0.15020534331487673,0.0004447189961771375,-4.401564331026689,4.539657637633053,1.0,0.92,25,23
8564,2,TBX1,8564,-1.0,6.016855442375451,-0.23137659064435157,4.942477823436256e-08,5.129630749746318,5.777713714333739,1.0,0.92,25,23
8579,2,TBX1,8579,-1.0,6.016855442375451,0.3883036161015026,5.515501101586983e-21,-14.26298216378497,28.2849192740556,1.0,0.92,25,23
8565,2,TBX1,8565,-1.0,6.016855442375451,-0.30276780657272356,5.643660248871247e-13,8.508682172500889,12.191557619633418,1.0,0.92,25,23
8578,2,TBX1,8578,-1.0,6.016855442375451,-0.3145319683843848,6.203098580596681e-14,10.967530975362084,17.495316320421956,1.0,0.92,25,23
8562,2,TBX1,8562,-1.0,6.016855442375451,0.3340235198456291,1.2810486116346003e-15,-7.427421707513745,10.187700348784311,1.0,0.92,25,23
8567,2,TBX1,8567,-1.0,6.016855442375451,0.47862150223785227,1.9441888920632002e-32,-15.116821926488342,33.53027791248964,1.0,0.92,25,23
8575,2,TBX1,8575,-1.0,6.016855442375451,-0.245942446538198,6.350164153529406e-09,3.986185848604855,3.8179739372800534,1.0,0.92,25,23
8557,2,TBX1,8557,-1.0,6.016855442375451,-0.2781346813581196,4.1994329820809215e-11,11.811193762511444,20.21871141473287,1.0,0.92,25,23
8573,2,TBX1,8573,-1.0,6.016855442375451,0.26881474034084774,1.9257491990206604e-10,-3.7315981099507045,3.423930408758577,1.0,0.92,25,23
8569,2,TBX1,8569,-1.0,6.016855442375451,-0.22900178068336516,6.819938582794955e-08,12.26919753052865,25.450867706683333,1.0,0.92,25,23
8566,2,TBX1,8566,-1.0,6.016855442375451,0.1688941727297791,7.653130996731899e-05,-6.7241274971442895,8.958519838650828,1.0,0.92,25,23
8574,2,TBX1,8574,-1.0,6.016855442375451,0.2528902011141045,2.275931345199322e-09,-5.624506020111295,6.828650521548116,1.0,0.92,25,23
8572,2,TBX1,8572,-1.0,6.016855442375451,0.11188749001058633,0.009069257891758468,-2.06484466218364,1.3804759552613695,1.0,0.92,25,23
8571,2,TBX1,8571,-1.0,6.016855442375451,-0.1779696017183679,3.0340322373751054e-05,8.083315434649425,11.68810692261894,1.0,0.92,25,23
8561,2,TBX1,8561,-1.0,6.016855442375451,-0.22310898082593988,1.493611370280788e-07,4.220946267585313,4.195117730361373,1.0,0.92,25,23
8576,2,TBX1,8576,-1.0,6.016855442375451,-0.2837230779817981,1.638493410153558e-11,8.985258632939548,15.006725929230162,1.0,0.92,25,23
8556,2,TBX1,8556,-1.0,6.016855442375451,0.28130156937155676,2.4699366066196736e-11,-5.482410223912973,7.19074889710084,1.0,0.92,25,23
8560,2,TBX1,8560,-1.0,6.016855442375451,-0.3358089373843178,8.852731417031068e-16,14.184163864483484,31.387313047462218,1.0,0.92,25,23
8563,2,TBX1,8563,-1.0,6.016855442375451,0.28185153404183505,2.250898792327997e-11,-7.517366106238011,12.10822937643554,1.0,0.92,25,23
8559,2,TBX1,8559,-1.0,6.016855442375451,0.41798334365918377,2.2508786493622862e-24,-13.89358411490987,27.191366712359528,1.0,0.92,25,23
8568,2,TBX1,8568,-1.0,6.016855442375451,0.22269716320313646,1.5764643303674232e-07,-4.0633702711854465,3.972854501724076,1.0,0.92,25,23
6759,2,RUNX1,6759,-1.0,7.682864884970808,0.14625631245750223,0.0006292944955927878,-6.597029546624564,8.506602656098076,0.7058823529411765,0.48,25,17
6756,2,RUNX1,6756,-1.0,7.682864884970808,0.5495360770962276,3.613322724513047e-44,-13.161919330892168,25.442213500267997,0.7058823529411765,0.48,25,17
6752,2,RUNX1,6752,-1.0,7.682864884970808,0.40856275641079454,2.9190072661445093e-23,-12.535947890513654,23.172836953250204,0.7058823529411765,0.48,25,17
6753,2,RUNX1,6753,-1.0,7.682864884970808,-0.5435163071568967,4.622335186319795e-43,12.472964462191094,22.00163264896855,0.7058823529411765,0.48,25,17
6754,2,RUNX1,6754,-1.0,7.682864884970808,0.4641348680305133,2.316467616190568e-30,-3.574136925075289,3.2986636927834727,0.7058823529411765,0.48,25,17
6764,2,RUNX1,6764,-1.0,7.682864884970808,-0.40176888220783413,1.762538543620616e-22,11.45219463246704,21.02257125637593,0.7058823529411765,0.48,25,17
6749,2,RUNX1,6749,-1.0,7.682864884970808,0.1536041568979226,0.00032760602716926383,-3.2378382963328476,2.829185027404295,0.7058823529411765,0.48,25,17
6758,2,RUNX1,6758,-1.0,7.682864884970808,0.7280229491033943,9.341294566195437e-91,-6.425388118782527,8.139191626482205,0.7058823529411765,0.48,25,17
6770,2,RUNX1,6770,-1.0,7.682864884970808,0.40527940906643384,6.996372785563748e-23,-2.4827369123158634,1.8215655928122878,0.7058823529411765,0.48,25,17
6763,2,RUNX1,6763,-1.0,7.682864884970808,0.6403367533431591,5.455745420853984e-64,-3.2024153104582864,2.732582964193212,0.7058823529411765,0.48,25,17
6766,2,RUNX1,6766,-1.0,7.682864884970808,0.7733464989021032,3.7191002773810026e-109,-5.188817857999373,5.944280884604204,0.7058823529411765,0.48,25,17
6755,2,RUNX1,6755,-1.0,7.682864884970808,-0.3358970915026018,8.692128776397629e-16,2.9301700853371364,2.354534267624424,0.7058823529411765,0.48,25,17
2108,2,PPARA,2108,1.0,11.521826552214216,0.3539052840560905,1.8221580598659924e-17,6.006995053537667,7.377756654966197,0.8636363636363636,0.76,25,22
2103,2,PPARA,2103,1.0,11.521826552214216,0.5928105890987413,7.872377562505833e-53,8.4354165173074,13.281888269048391,0.8636363636363636,0.76,25,22
2120,2,PPARA,2120,1.0,11.521826552214216,0.17743334668478306,3.20869568646185e-05,4.88487383171665,5.447684265857117,0.8636363636363636,0.76,25,22
2119,2,PPARA,2119,1.0,11.521826552214216,0.55792612910692,9.48623662275606e-46,4.350597048126824,4.433680060666435,0.8636363636363636,0.76,25,22
2104,2,PPARA,2104,1.0,11.521826552214216,0.6118290596701873,4.54668863086839e-57,11.372237223670583,18.95127294013295,0.8636363636363636,0.76,25,22
2113,2,PPARA,2113,1.0,11.521826552214216,0.5301552885532106,1.104891971071746e-40,14.014049685403176,31.669794744976848,0.8636363636363636,0.76,25,22
2100,2,PPARA,2100,1.0,11.521826552214216,0.5830278539623226,9.300837970192969e-51,6.655047207292509,9.24291031182766,0.8636363636363636,0.76,25,22
2117,2,PPARA,2117,1.0,11.521826552214216,-0.338538250104633,5.008615597268027e-16,-5.369975480889374,6.193711896516581,0.8636363636363636,0.76,25,22
2110,2,PPARA,2110,1.0,11.521826552214216,0.7006964989620648,2.29922112172366e-81,5.909782669266521,7.37599828703838,0.8636363636363636,0.76,25,22
2105,2,PPARA,2105,1.0,11.521826552214216,0.5581979050615986,8.416522331130579e-46,3.0501649624405487,2.533025472444133,0.8636363636363636,0.76,25,22
2107,2,PPARA,2107,1.0,11.521826552214216,-0.27152688918016904,1.243715955818539e-10,-2.789302969469797,2.186271219478169,0.8636363636363636,0.76,25,22
2123,2,PPARA,2123,1.0,11.521826552214216,0.6108135350121782,7.785910355401659e-57,10.947514501799231,18.451075714097755,0.8636363636363636,0.76,25,22
2112,2,PPARA,2112,1.0,11.521826552214216,0.25163425342410717,2.746055462949943e-09,6.3241546491486575,8.010513029951158,0.8636363636363636,0.76,25,22
2122,2,PPARA,2122,1.0,11.521826552214216,-0.3480196032460812,6.624933247448113e-17,-3.5231580278100925,3.1488988302599448,0.8636363636363636,0.76,25,22
2124,2,PPARA,2124,1.0,11.521826552214216,0.2278206536534004,7.994005765257852e-08,2.7444723130419324,2.1325652262087025,0.8636363636363636,0.76,25,22
2102,2,PPARA,2102,1.0,11.521826552214216,-0.5049624970169104,1.7777778966551082e-36,-2.5233679746343975,1.8697060569599167,0.8636363636363636,0.76,25,22
2118,2,PPARA,2118,1.0,11.521826552214216,-0.30693076653710966,2.6128957734000004e-13,-3.6377066831531333,3.340076460863486,0.8636363636363636,0.76,25,22
2106,2,PPARA,2106,1.0,11.521826552214216,-0.3257231818743277,6.9188301920788895e-15,-14.836289068399841,29.813580176370717,0.8636363636363636,0.76,25,22
2114,2,PPARA,2114,1.0,11.521826552214216,-0.5318851807302604,5.512278424552512e-41,-4.234519554391371,4.228290265665648,0.8636363636363636,0.76,25,22
9002,2,CREB3L1,9002,-1.0,31.19817277918524,-0.4948929205736647,6.846212570335998e-35,8.609159512958827,12.749463258007514,1.0,1.0,3,3
9001,2,CREB3L1,9001,-1.0,31.19817277918524,0.589143262654596,4.8005400066106825e-52,-13.898670140861249,24.631606921019817,1.0,1.0,3,3
9003,2,CREB3L1,9003,-1.0,31.19817277918524,0.7373238927790644,3.219827160466791e-94,-14.501952539111027,30.92939621920394,1.0,1.0,3,3
3996,2,RORA,3996,1.0,8.69715355975101,0.49715549661996467,3.046226455134525e-35,8.060267517063044,12.442804949643632,0.7142857142857143,0.6,25,21
4008,2,RORA,4008,1.0,8.69715355975101,-0.4271754368502411,1.706083149837643e-25,-5.774016667414876,7.055058155597033,0.7142857142857143,0.6,25,21
3995,2,RORA,3995,1.0,8.69715355975101,-0.6503873669302179,1.3127530587924797e-66,-2.4464375647699623,1.7835147412901495,0.7142857142857143,0.6,25,21
4014,2,RORA,4014,1.0,8.69715355975101,0.1428952398883755,0.0008399752942381495,4.4338428113126085,4.589183968786376,0.7142857142857143,0.6,25,21
4006,2,RORA,4006,1.0,8.69715355975101,0.6128635471843832,2.623283689936212e-57,12.135758461128448,24.03237134516135,0.7142857142857143,0.6,25,21
4005,2,RORA,4005,1.0,8.69715355975101,0.701302860648041,1.461661383939755e-81,12.095065447755758,23.017006992261273,0.7142857142857143,0.6,25,21
3997,2,RORA,3997,1.0,8.69715355975101,0.19681398532379865,3.820168082609635e-06,2.290335640511918,1.6128622495940355,0.7142857142857143,0.6,25,21
4012,2,RORA,4012,1.0,8.69715355975101,-0.31717805417410694,3.723603305672886e-14,-7.060280127736376,9.353701978730934,0.7142857142857143,0.6,25,21
4001,2,RORA,4001,1.0,8.69715355975101,0.743850038435386,9.74854805498518e-97,3.5540757366115194,3.2303725081456873,0.7142857142857143,0.6,25,21
4013,2,RORA,4013,1.0,8.69715355975101,-0.279080252006615,3.586528737434358e-11,-2.1788601578658287,1.4904831369456797,0.7142857142857143,0.6,25,21
4015,2,RORA,4015,1.0,8.69715355975101,0.6844223958976672,2.8982194568273507e-76,5.9309615856387135,7.43945769756252,0.7142857142857143,0.6,25,21
4002,2,RORA,4002,1.0,8.69715355975101,-0.32893202692995405,3.6267271108772995e-15,-3.1811632913372794,2.6831820766670593,0.7142857142857143,0.6,25,21
4009,2,RORA,4009,1.0,8.69715355975101,0.41255080246610076,9.96368929010151e-24,7.187606437497925,9.503557522570423,0.7142857142857143,0.6,25,21
3993,2,RORA,3993,1.0,8.69715355975101,0.7340770470590634,5.409627535312688e-93,6.051274797839831,7.947239676451541,0.7142857142857143,0.6,25,21
4000,2,RORA,4000,1.0,8.69715355975101,0.529776481141477,1.285926502446055e-40,11.084487618521687,18.5089839289728,0.7142857142857143,0.6,25,21
1810,2,ELF2,1810,1.0,5.157806277747102,0.6929678983578916,6.702853052147547e-79,6.620819151339605,9.17972496399587,0.7647058823529411,0.52,25,17
1824,2,ELF2,1824,1.0,5.157806277747102,0.2019906951588203,2.0849709034010637e-06,6.248295427090768,7.741110100474432,0.7647058823529411,0.52,25,17
1813,2,ELF2,1813,1.0,5.157806277747102,0.4914610183638399,2.311561486659791e-34,7.7729424196588335,11.572234158007687,0.7647058823529411,0.52,25,17
1820,2,ELF2,1820,1.0,5.157806277747102,-0.20995486990131518,7.962116964608506e-07,-2.278981814605784,1.597284753298695,0.7647058823529411,0.52,25,17
1823,2,ELF2,1823,1.0,5.157806277747102,0.3684045986949957,6.73954829635949e-19,13.05810549216923,25.98278903703704,0.7647058823529411,0.52,25,17
1834,2,ELF2,1834,1.0,5.157806277747102,0.184142450174908,1.5741780594926233e-05,8.432688934927556,12.719703178139419,0.7647058823529411,0.52,25,17
1832,2,ELF2,1832,1.0,5.157806277747102,0.14008319072465994,0.0010645080156403643,4.385041999639626,4.500795950666836,0.7647058823529411,0.52,25,17
1815,2,ELF2,1815,1.0,5.157806277747102,0.32380800835145174,1.0136276267464973e-14,2.758523167487148,2.15082649720889,0.7647058823529411,0.52,25,17
1833,2,ELF2,1833,1.0,5.157806277747102,0.4676780739614351,7.34815393950348e-31,7.846456213304857,11.042021823327604,0.7647058823529411,0.52,25,17
1825,2,ELF2,1825,1.0,5.157806277747102,0.04662434177152952,0.278123945089068,11.223290231144032,20.541133048269394,0.7647058823529411,0.52,25,17
1817,2,ELF2,1817,1.0,5.157806277747102,0.6911380202118564,2.502785644459456e-78,3.5094201189976078,3.1723981528805223,0.7647058823529411,0.52,25,17
1811,2,ELF2,1811,1.0,5.157806277747102,-0.4872186601700272,1.0207939844147679e-33,-2.2142228622243794,1.529710833053946,0.7647058823529411,0.52,25,17
1819,2,ELF2,1819,1.0,5.157806277747102,-0.2675165074286427,2.369957245009713e-10,-2.9667287737097126,2.412530817025726,0.7647058823529411,0.52,25,17
5052,2,THRB,5052,-1.0,3.1224883211510517,0.3060195001121282,3.095899445053122e-13,-10.814737806081943,17.905581771538664,0.2777777777777778,0.2,25,18
5049,2,THRB,5049,-1.0,3.1224883211510517,0.3020846699773465,6.396363145849635e-13,-6.472562718513943,8.45903934046517,0.2777777777777778,0.2,25,18
5033,2,THRB,5033,-1.0,3.1224883211510517,0.34345607572910314,1.7692325154191313e-16,-3.6485335157447976,3.4328722910511327,0.2777777777777778,0.2,25,18
5044,2,THRB,5044,-1.0,3.1224883211510517,0.2962676452000139,1.8329579602320407e-12,-9.221955668939179,15.87828737699365,0.2777777777777778,0.2,25,18
5046,2,THRB,5046,-1.0,3.1224883211510517,-0.11804370481143876,0.005887310321875581,8.547204927252588,12.889927515898371,0.2777777777777778,0.2,25,18
7585,2,ZBTB7A,7585,-1.0,3.7602381687479314,0.28955531877385726,5.998194149844707e-12,-6.136548323033071,8.142380560616862,1.0,1.0,1,1
5362,2,NR3C1,5362,1.0,9.064158103191605,-0.38317913708061363,1.9626761569902367e-20,-2.8663687981337014,2.2853859845185105,0.6,0.48,25,20
5344,2,NR3C1,5344,1.0,9.064158103191605,0.6440981445482314,5.866167796990941e-65,6.195094127959923,8.24249628967354,0.6,0.48,25,20
5361,2,NR3C1,5361,1.0,9.064158103191605,0.7194828431872229,1.0605256318052299e-87,7.3189706158391665,10.677070125853735,0.6,0.48,25,20
5349,2,NR3C1,5349,1.0,9.064158103191605,0.5007468966873615,8.319551152596105e-36,7.628061821506936,11.374933132364633,0.6,0.48,25,20
5365,2,NR3C1,5365,1.0,9.064158103191605,0.3632980439326655,2.1944207956149454e-18,11.491291988494062,21.12204209766441,0.6,0.48,25,20
5363,2,NR3C1,5363,1.0,9.064158103191605,0.3708288462068891,3.819563105745968e-19,7.45495239545179,10.088563775615771,0.6,0.48,25,20
5348,2,NR3C1,5348,1.0,9.064158103191605,0.4168789057487585,3.052496233889521e-24,3.0221247577710053,2.481789647454906,0.6,0.48,25,20
5351,2,NR3C1,5351,1.0,9.064158103191605,0.20437941542236354,1.5682992469643429e-06,11.692614402118794,19.753610169917426,0.6,0.48,25,20
5368,2,NR3C1,5368,1.0,9.064158103191605,-0.26004304343498424,7.6609594818294e-10,-3.608839763838443,3.2655636569164987,0.6,0.48,25,20
5356,2,NR3C1,5356,1.0,9.064158103191605,0.502473715832381,4.432906322924515e-36,13.835794860707985,30.060991461915975,0.6,0.48,25,20
5364,2,NR3C1,5364,1.0,9.064158103191605,0.41335293877800655,8.012479948020705e-24,3.5505555943795724,3.2343738353098876,0.6,0.48,25,20
5357,2,NR3C1,5357,1.0,9.064158103191605,0.4323470499492126,3.858105146246159e-26,6.096736300577975,7.659941324290494,0.6,0.48,25,20
925,2,DMRTA1,925,1.0,18.49477960459518,0.4294531532006903,8.892453047648883e-26,9.125686130981526,14.756330561427921,0.8695652173913043,0.8,25,23
941,2,DMRTA1,941,1.0,18.49477960459518,0.516936678750928,1.969391305556058e-38,6.841167591070836,9.124219908011607,0.8695652173913043,0.8,25,23
938,2,DMRTA1,938,1.0,18.49477960459518,-0.3736544616827384,1.958491633749262e-19,-4.53989692148329,4.749014388509643,0.8695652173913043,0.8,25,23
939,2,DMRTA1,939,1.0,18.49477960459518,-0.3677761261688015,7.802334296838843e-19,-4.331643262368853,4.380876032196766,0.8695652173913043,0.8,25,23
934,2,DMRTA1,934,1.0,18.49477960459518,-0.01099545850837124,0.7982308259843062,-2.8848617047301897,2.292154073666185,0.8695652173913043,0.8,25,23
940,2,DMRTA1,940,1.0,18.49477960459518,0.551503042451614,1.553509008433861e-44,8.444063054167787,12.305897872750265,0.8695652173913043,0.8,25,23
923,2,DMRTA1,923,1.0,18.49477960459518,0.4258975052376458,2.45373384653475e-25,6.186464571963391,8.18350139013961,0.8695652173913043,0.8,25,23
936,2,DMRTA1,936,1.0,18.49477960459518,0.3440297583427573,1.5650941485075726e-16,4.528601345404548,4.711330892370504,0.8695652173913043,0.8,25,23
929,2,DMRTA1,929,1.0,18.49477960459518,0.5781813826425557,9.320895416475192e-50,11.243384348694205,20.556074373127206,0.8695652173913043,0.8,25,23
935,2,DMRTA1,935,1.0,18.49477960459518,-0.3459496538416798,1.0364534586426121e-16,-2.0139384297094045,1.3322995807881015,0.8695652173913043,0.8,25,23
942,2,DMRTA1,942,1.0,18.49477960459518,0.505304577948282,1.567041011167962e-36,3.74620143417242,3.5080827019861567,0.8695652173913043,0.8,25,23
930,2,DMRTA1,930,1.0,18.49477960459518,0.6493474828719688,2.475888462285155e-66,9.738255072344728,16.388784462961162,0.8695652173913043,0.8,25,23
944,2,DMRTA1,944,1.0,18.49477960459518,0.420890111972293,1.0041328662182874e-24,6.35100326955423,8.397515070659177,0.8695652173913043,0.8,25,23
931,2,DMRTA1,931,1.0,18.49477960459518,-0.2559641555547827,1.4312050366925031e-09,-14.177709371594588,26.260865834760597,0.8695652173913043,0.8,25,23
945,2,DMRTA1,945,1.0,18.49477960459518,0.36817614499674406,7.108266430546933e-19,5.6716114571817515,6.780438992929539,0.8695652173913043,0.8,25,23
927,2,DMRTA1,927,1.0,18.49477960459518,-0.24236741290877323,1.0638523679578212e-08,-13.3125618473819,27.59697967930377,0.8695652173913043,0.8,25,23
932,2,DMRTA1,932,1.0,18.49477960459518,0.5135024530290803,7.297032697513112e-38,7.219957449840536,9.584445865136543,0.8695652173913043,0.8,25,23
943,2,DMRTA1,943,1.0,18.49477960459518,0.43317721830939465,3.031757409851558e-26,6.804449104739928,9.368891819538339,0.8695652173913043,0.8,25,23
947,2,DMRTA1,947,1.0,18.49477960459518,0.5715678429533726,2.035400511512762e-48,7.684245056708291,11.182303161312264,0.8695652173913043,0.8,25,23
937,2,DMRTA1,937,1.0,18.49477960459518,0.39126316007228973,2.6228207362922528e-21,6.434264092905592,8.00719811924429,0.8695652173913043,0.8,25,23
2445,2,EPAS1,2445,-1.0,3.4057624049465707,-0.17854773303176646,2.855838729797795e-05,5.765702805166704,6.928012495048768,0.5,0.5,2,2
1085,2,ATF1,1085,1.0,8.646603846170573,-0.49925085475261644,1.431243154251269e-35,-2.9991005933189836,2.4484593006806437,0.6666666666666666,0.56,25,21
1099,2,ATF1,1099,1.0,8.646603846170573,0.44279490914018665,1.768645383344522e-27,8.409783387085744,12.225009931441779,0.6666666666666666,0.56,25,21
1079,2,ATF1,1079,1.0,8.646603846170573,0.6823925458136609,1.1884159165008802e-75,6.514732427523087,8.915383457752808,0.6666666666666666,0.56,25,21
1092,2,ATF1,1092,1.0,8.646603846170573,-0.2737288290578714,8.689607046313738e-11,-3.087571786435895,2.5562885692710977,0.6666666666666666,0.56,25,21
1102,2,ATF1,1102,1.0,8.646603846170573,0.5881152959644644,7.935685937292436e-52,4.286185414406311,4.388601631029525,0.6666666666666666,0.56,25,21
1093,2,ATF1,1093,1.0,8.646603846170573,0.6287434776768958,4.349574633980483e-61,2.4578952736840303,1.8010501736964069,0.6666666666666666,0.56,25,21
1080,2,ATF1,1080,1.0,8.646603846170573,-0.5087358805421008,4.385132626161711e-37,-2.435819835221258,1.7699862142805314,0.6666666666666666,0.56,25,21
1090,2,ATF1,1090,1.0,8.646603846170573,0.31023974746572297,1.404329146582679e-13,9.518251568753826,15.672151503011497,0.6666666666666666,0.56,25,21
1082,2,ATF1,1082,1.0,8.646603846170573,0.7056901760112824,5.3260041200637964e-83,8.411298927866982,13.261655276816269,0.6666666666666666,0.56,25,21
1096,2,ATF1,1096,1.0,8.646603846170573,0.6806065145880578,4.0745981399845344e-75,7.717297855643417,10.789954779905898,0.6666666666666666,0.56,25,21
1089,2,ATF1,1089,1.0,8.646603846170573,0.33417679318164645,1.241163847602251e-15,4.020591365931573,3.908775786135041,0.6666666666666666,0.56,25,21
1097,2,ATF1,1097,1.0,8.646603846170573,0.1586900249080489,0.00020491148430896682,2.3479629184777195,1.6694481952166655,0.6666666666666666,0.56,25,21
1100,2,ATF1,1100,1.0,8.646603846170573,-0.3251749829409247,7.720129613850029e-15,-6.3745595021189345,8.442026601821155,0.6666666666666666,0.56,25,21
1086,2,ATF1,1086,1.0,8.646603846170573,-0.33946068437772453,4.1262994214815963e-16,-3.6811387394555504,3.368506454475434,0.6666666666666666,0.56,25,21
9208,2,HNF1B,9208,1.0,8.02945679920346,0.3563222612239122,1.0640200063751225e-17,12.902190856634018,26.508680188601577,0.8695652173913043,0.8,25,23
9214,2,HNF1B,9214,1.0,8.02945679920346,0.4181973114417527,2.1216005970996387e-24,10.490667885716775,17.45814032072954,0.8695652173913043,0.8,25,23
9219,2,HNF1B,9219,1.0,8.02945679920346,0.26699933862354547,2.573443458880218e-10,3.0356343054386814,2.4984280735165116,0.8695652173913043,0.8,25,23
9205,2,HNF1B,9205,1.0,8.02945679920346,0.5082836951216442,5.190762581602201e-37,9.625027082734277,14.92518322040502,0.8695652173913043,0.8,25,23
9226,2,HNF1B,9226,1.0,8.02945679920346,0.3739065252612227,1.844610641032817e-19,10.960169072504963,17.170117987469627,0.8695652173913043,0.8,25,23
9206,2,HNF1B,9206,1.0,8.02945679920346,-0.08499534398171413,0.04774721978778187,-2.201802330698684,1.5246279322036003,0.8695652173913043,0.8,25,23
9224,2,HNF1B,9224,1.0,8.02945679920346,0.5026100535217247,4.217308124542322e-36,8.733024881322697,13.22508794293983,0.8695652173913043,0.8,25,23
9222,2,HNF1B,9222,1.0,8.02945679920346,0.5901065457680901,2.9924078889415176e-52,7.009968395978079,9.959914244652877,0.8695652173913043,0.8,25,23
9216,2,HNF1B,9216,1.0,8.02945679920346,0.31466116598930044,6.05114840024938e-14,12.09867090082721,21.5290755608839,0.8695652173913043,0.8,25,23
9218,2,HNF1B,9218,1.0,8.02945679920346,-0.0928632803552605,0.03049322046550625,-6.107190050971536,8.090584683383526,0.8695652173913043,0.8,25,23
9223,2,HNF1B,9223,1.0,8.02945679920346,0.007708738323977326,0.8577645630570152,2.4010895702641806,1.7431141650755124,0.8695652173913043,0.8,25,23
9221,2,HNF1B,9221,1.0,8.02945679920346,-0.2603696842542036,7.283574325570233e-10,-4.917457651181504,5.532778163886007,0.8695652173913043,0.8,25,23
9207,2,HNF1B,9207,1.0,8.02945679920346,-0.012440533082613895,0.7724000746726274,-5.002942788159738,5.835789509720561,0.8695652173913043,0.8,25,23
9213,2,HNF1B,9213,1.0,8.02945679920346,0.3572643329211973,8.616694697248762e-18,12.417935161924166,25.258693353385727,0.8695652173913043,0.8,25,23
9215,2,HNF1B,9215,1.0,8.02945679920346,0.4218108223493675,7.763144882493006e-25,4.9580480029036895,5.580503251438885,0.8695652173913043,0.8,25,23
9227,2,HNF1B,9227,1.0,8.02945679920346,0.346016735882341,1.0215824359827069e-16,5.233958165188615,6.090501442260389,0.8695652173913043,0.8,25,23
9217,2,HNF1B,9217,1.0,8.02945679920346,0.4947976565807258,7.082724778236775e-35,5.713544361923615,6.830587204319774,0.8695652173913043,0.8,25,23
9204,2,HNF1B,9204,1.0,8.02945679920346,0.3919589394951473,2.1998824332020064e-21,13.345929617454324,27.725679653607155,0.8695652173913043,0.8,25,23
9203,2,HNF1B,9203,1.0,8.02945679920346,0.4201469628849685,1.2352122170775834e-24,11.333807343755929,18.858182037637157,0.8695652173913043,0.8,25,23
9211,2,HNF1B,9211,1.0,8.02945679920346,0.3480773912386508,6.542360660070573e-17,6.48183391226937,8.138109504444087,0.8695652173913043,0.8,25,23
5140,2,TRAF4,5140,-1.0,1.9118658060626588,0.12240651087043856,0.004282909237259982,-2.63884119453805,1.9977049319674705,0.625,0.4,25,16
5132,2,TRAF4,5132,-1.0,1.9118658060626588,-0.2485646691858534,4.326847159772214e-09,3.253021662789818,2.8147170444587033,0.625,0.4,25,16
5127,2,TRAF4,5127,-1.0,1.9118658060626588,-0.26478128406568435,3.6565865632510194e-10,6.474240748399153,8.855213309806985,0.625,0.4,25,16
5128,2,TRAF4,5128,-1.0,1.9118658060626588,-0.3011099192077394,7.643075692400332e-13,7.794346257045591,11.913921841652835,0.625,0.4,25,16
5131,2,TRAF4,5131,-1.0,1.9118658060626588,-0.2452938388256161,6.9775598025481555e-09,2.4442234247280816,1.7884365126366533,0.625,0.4,25,16
5137,2,TRAF4,5137,-1.0,1.9118658060626588,-0.21430523392819237,4.6312291628703725e-07,3.454993845334119,3.0771171139163025,0.625,0.4,25,16
5135,2,TRAF4,5135,-1.0,1.9118658060626588,0.15575820244715285,0.00026902942250636724,-6.6686342647169345,8.86023302136053,0.625,0.4,25,16
5142,2,TRAF4,5142,-1.0,1.9118658060626588,0.24282034784923737,9.969749437892638e-09,-2.0879477973160467,1.392614032345007,0.625,0.4,25,16
5138,2,TRAF4,5138,-1.0,1.9118658060626588,0.27720450323612755,4.901585024582444e-11,-3.2978352009668774,2.8683148741576505,0.625,0.4,25,16
5143,2,TRAF4,5143,-1.0,1.9118658060626588,-0.18592960568052222,1.2965027458416588e-05,7.25291990084885,10.129809484745968,0.625,0.4,25,16
382,2,CTCF,382,1.0,8.612167439688049,0.4857687886677372,1.687807383525609e-33,11.319495654933874,19.12298394617803,0.47619047619047616,0.4,25,21
376,2,CTCF,376,1.0,8.612167439688049,0.7990356975392958,1.3003235482301349e-121,6.878443800389286,9.810229779782919,0.47619047619047616,0.4,25,21
383,2,CTCF,383,1.0,8.612167439688049,-0.3750640090086309,1.400040756437157e-19,-2.9989700720259775,2.4484771544677564,0.47619047619047616,0.4,25,21
392,2,CTCF,392,1.0,8.612167439688049,-0.2740141713246837,8.293119819781176e-11,-6.374750806597091,8.131796904826423,0.47619047619047616,0.4,25,21
380,2,CTCF,380,1.0,8.612167439688049,0.23505666970871855,2.9802026484874028e-08,2.8790947673151233,2.298703686373157,0.47619047619047616,0.4,25,21
395,2,CTCF,395,1.0,8.612167439688049,-0.2531649231831935,2.184049139030757e-09,-6.218790826108888,7.813646034227503,0.47619047619047616,0.4,25,21
396,2,CTCF,396,1.0,8.612167439688049,0.4718951733309989,1.840941728171433e-31,10.307740998557183,18.003995898792173,0.47619047619047616,0.4,25,21
393,2,CTCF,393,1.0,8.612167439688049,-0.20359062056658916,1.723573631752404e-06,-5.459770453524423,6.430262794269551,0.47619047619047616,0.4,25,21
400,2,CTCF,400,1.0,8.612167439688049,0.5153335304071273,3.6363836550342445e-38,10.905648126973231,20.12746818087978,0.47619047619047616,0.4,25,21
377,2,CTCF,377,1.0,8.612167439688049,-0.5080640857594796,5.6333355035744686e-37,-2.2731721057595564,1.5923695986289927,0.47619047619047616,0.4,25,21
8373,2,MZF1,8373,-1.0,2.955193713496702,0.5248285997647106,9.169313926392277e-40,-2.526560886109033,1.8702396945204316,0.9230769230769231,0.5217391304347826,23,13
8370,2,MZF1,8370,-1.0,2.955193713496702,-0.2513834640296354,2.850628567464357e-09,6.7439454189329435,9.215602905388767,0.9230769230769231,0.5217391304347826,23,13
8372,2,MZF1,8372,-1.0,2.955193713496702,-0.175216416406933,4.0370635284436596e-05,4.450207035703739,4.5582919811446185,0.9230769230769231,0.5217391304347826,23,13
8376,2,MZF1,8376,-1.0,2.955193713496702,0.5508514847091923,2.0559731322799908e-44,-3.37198170171353,2.9288451279613246,0.9230769230769231,0.5217391304347826,23,13
8388,2,MZF1,8388,-1.0,2.955193713496702,0.12243161979068606,0.004274950522579313,-2.8921265440618806,2.31861654949814,0.9230769230769231,0.5217391304347826,23,13
8385,2,MZF1,8385,-1.0,2.955193713496702,0.5322911207662613,4.679644101514732e-41,-2.8551954469120537,2.2785606908273395,0.9230769230769231,0.5217391304347826,23,13
8383,2,MZF1,8383,-1.0,2.955193713496702,0.46315974250090247,3.1698491512431436e-30,-10.361355348394714,15.969732334158646,0.9230769230769231,0.5217391304347826,23,13
8392,2,MZF1,8392,-1.0,2.955193713496702,-0.4400546639931787,4.011178001433479e-27,6.272752838162587,7.772681562198395,0.9230769230769231,0.5217391304347826,23,13
8379,2,MZF1,8379,-1.0,2.955193713496702,0.2123876619412928,5.888934940042299e-07,-13.933877761499268,24.46502476416329,0.9230769230769231,0.5217391304347826,23,13
8371,2,MZF1,8371,-1.0,2.955193713496702,0.5042221961056139,2.3348150176216686e-36,-7.982589136645623,11.39349930915702,0.9230769230769231,0.5217391304347826,23,13
8381,2,MZF1,8381,-1.0,2.955193713496702,0.30669294383876566,2.7313156222406944e-13,-7.4489627644153735,10.026987149373776,0.9230769230769231,0.5217391304347826,23,13
8380,2,MZF1,8380,-1.0,2.955193713496702,0.4995663277237257,1.2768093571089052e-35,-3.0470783468746956,2.4933783197329302,0.9230769230769231,0.5217391304347826,23,13
5308,2,HSF2,5308,1.0,8.805664994460052,0.2560351350994823,1.4158549853153593e-09,6.389690289498928,8.061274475910531,0.6190476190476191,0.52,25,21
5316,2,HSF2,5316,1.0,8.805664994460052,0.3098963923503389,1.498329953672492e-13,6.472167902626926,8.453900899469298,0.6190476190476191,0.52,25,21
5312,2,HSF2,5312,1.0,8.805664994460052,0.29730453117823347,1.5219718601095392e-12,2.107829682247045,1.427608717846949,0.6190476190476191,0.52,25,21
5297,2,HSF2,5297,1.0,8.805664994460052,0.44472619734322144,9.886583576301967e-28,6.4303441821403755,8.73559414796459,0.6190476190476191,0.52,25,21
5299,2,HSF2,5299,1.0,8.805664994460052,-0.23615464156754012,2.5585099099527806e-08,-2.583834928139446,1.9402673022584147,0.6190476190476191,0.52,25,21
5311,2,HSF2,5311,1.0,8.805664994460052,0.30651928005305407,2.8210936848311564e-13,5.194594373998174,5.950252868742687,0.6190476190476191,0.52,25,21
5305,2,HSF2,5305,1.0,8.805664994460052,0.40331139438303715,1.1760121261267701e-22,8.293496136075987,11.940616306479692,0.6190476190476191,0.52,25,21
5306,2,HSF2,5306,1.0,8.805664994460052,0.2718287208871439,1.1842916027929485e-10,3.5269210907458275,3.1907100887261226,0.6190476190476191,0.52,25,21
5313,2,HSF2,5313,1.0,8.805664994460052,0.3091935674394118,1.7103730993048168e-13,6.677137681271398,8.692016673518635,0.6190476190476191,0.52,25,21
5300,2,HSF2,5300,1.0,8.805664994460052,0.36606639607995045,1.1601709208806554e-18,8.18015197041747,12.687644899302065,0.6190476190476191,0.52,25,21
5310,2,HSF2,5310,1.0,8.805664994460052,0.27169463175782227,1.210341202921569e-10,2.2208411820031793,1.5364557079779733,0.6190476190476191,0.52,25,21
5317,2,HSF2,5317,1.0,8.805664994460052,0.18574657289471821,1.322640763113828e-05,5.893276791115667,7.096527242292441,0.6190476190476191,0.52,25,21
5309,2,HSF2,5309,1.0,8.805664994460052,0.2257062577125609,1.0600419499060112e-07,10.32207991987552,16.143049030675428,0.6190476190476191,0.52,25,21
6024,2,ELF3,6024,-1.0,9.219334006404463,0.06267591234573379,0.14468478874595517,-7.628617108258547,11.310572713345108,0.35294117647058826,0.24,25,17
6033,2,ELF3,6033,-1.0,9.219334006404463,0.25563901377557813,1.5036125355533832e-09,-4.844829448581655,5.152736265853972,0.35294117647058826,0.24,25,17
6009,2,ELF3,6009,-1.0,9.219334006404463,0.22464066511805839,1.220776591943431e-07,-2.243224978425582,1.5610681881220037,0.35294117647058826,0.24,25,17
6021,2,ELF3,6021,-1.0,9.219334006404463,0.24653984088589667,5.820957750896779e-09,-3.140342490866999,2.639970331560414,0.35294117647058826,0.24,25,17
6012,2,ELF3,6012,-1.0,9.219334006404463,0.20815699625959536,9.927564498359706e-07,-2.950261762767988,2.3845904289785316,0.35294117647058826,0.24,25,17
6016,2,ELF3,6016,-1.0,9.219334006404463,0.2437535002584345,8.717939317904802e-09,-8.11326880556194,13.64525740950517,0.35294117647058826,0.24,25,17
3333,2,MEF2A,3333,1.0,8.674467212370661,0.38937489431767897,4.218048787118759e-21,14.198037509792718,30.837371947099104,0.7142857142857143,0.6,25,21
3342,2,MEF2A,3342,1.0,8.674467212370661,0.6479134262418348,5.91504971232544e-66,12.555510703556333,24.987141559447878,0.7142857142857143,0.6,25,21
3326,2,MEF2A,3326,1.0,8.674467212370661,-0.5995222409568912,2.708637312318524e-54,-2.396781536973312,1.7279405882904257,0.7142857142857143,0.6,25,21
3347,2,MEF2A,3347,1.0,8.674467212370661,-0.336571434653248,7.55472489494463e-16,-5.838664451057599,7.184872595974961,0.7142857142857143,0.6,25,21
3328,2,MEF2A,3328,1.0,8.674467212370661,0.34553052225354886,1.1343072664097349e-16,2.6480478061656316,2.017354577111166,0.7142857142857143,0.6,25,21
3344,2,MEF2A,3344,1.0,8.674467212370661,0.6160429361037192,4.7774919947978496e-58,7.911341501142097,11.336988479886088,0.7142857142857143,0.6,25,21
3341,2,MEF2A,3341,1.0,8.674467212370661,0.37831595146468205,6.413254641015002e-20,7.486803062561618,10.193501585456168,0.7142857142857143,0.6,25,21
3331,2,MEF2A,3331,1.0,8.674467212370661,0.3998439649248622,2.9116812633376226e-22,11.451628836910027,19.141662611775196,0.7142857142857143,0.6,25,21
3339,2,MEF2A,3339,1.0,8.674467212370661,0.5701549977394477,3.897803975825085e-48,4.492584105374252,4.745569411868203,0.7142857142857143,0.6,25,21
3327,2,MEF2A,3327,1.0,8.674467212370661,0.6520291905063997,4.796476278092683e-67,8.257806947180807,12.855215682082662,0.7142857142857143,0.6,25,21
3337,2,MEF2A,3337,1.0,8.674467212370661,0.5427028530928792,6.497300839731305e-43,3.4703872863973353,3.1310778980921508,0.7142857142857143,0.6,25,21
3340,2,MEF2A,3340,1.0,8.674467212370661,-0.2951684741091805,2.2304545882344805e-12,-7.291358018362787,10.022134431037038,0.7142857142857143,0.6,25,21
3348,2,MEF2A,3348,1.0,8.674467212370661,0.4497154522243956,2.162526296641012e-28,8.861553726957942,14.497687210044614,0.7142857142857143,0.6,25,21
3332,2,MEF2A,3332,1.0,8.674467212370661,0.7196407670527795,9.333845505057507e-88,3.5753701947852257,3.264783802812843,0.7142857142857143,0.6,25,21
3324,2,MEF2A,3324,1.0,8.674467212370661,0.8118358503214541,1.6167206246237507e-128,6.5104565930603275,8.931558172862312,0.7142857142857143,0.6,25,21
9703,2,WT1,9703,-1.0,7.625956943213709,0.3351410112714991,1.0168069749247407e-15,-12.83699153856498,23.054110533709064,0.8571428571428571,0.6666666666666666,18,14
9711,2,WT1,9711,-1.0,7.625956943213709,0.25145832220449443,2.8190162321765996e-09,-4.560016214543434,4.681456635834929,0.8571428571428571,0.6666666666666666,18,14
9710,2,WT1,9710,-1.0,7.625956943213709,0.37322333390479173,2.1695426775367013e-19,-8.540638787015183,12.798928160271826,0.8571428571428571,0.6666666666666666,18,14
9695,2,WT1,9695,-1.0,7.625956943213709,-0.2782637477813085,4.110114119869658e-11,10.519563902770278,18.8911077583938,0.8571428571428571,0.6666666666666666,18,14
9702,2,WT1,9702,-1.0,7.625956943213709,0.26491713728030536,3.5790855994552463e-10,-7.057247688632419,9.505398352260631,0.8571428571428571,0.6666666666666666,18,14
9700,2,WT1,9700,-1.0,7.625956943213709,0.42754687523848633,1.5346177846944588e-25,-7.098909040277714,9.563478998961875,0.8571428571428571,0.6666666666666666,18,14
9698,2,WT1,9698,-1.0,7.625956943213709,0.44991294967368395,2.0351997058859574e-28,-7.65358069357103,10.784386836392919,0.8571428571428571,0.6666666666666666,18,14
9694,2,WT1,9694,-1.0,7.625956943213709,0.27875517683590234,3.786682408895174e-11,-14.374522408868208,29.640719727338794,0.8571428571428571,0.6666666666666666,18,14
9706,2,WT1,9706,-1.0,7.625956943213709,0.2371120641322081,2.2384261779755222e-08,-5.866598101004097,7.169208355736949,0.8571428571428571,0.6666666666666666,18,14
9699,2,WT1,9699,-1.0,7.625956943213709,0.371815267677445,3.0273799479552626e-19,-3.604826798412773,3.2842833904770927,0.8571428571428571,0.6666666666666666,18,14
9709,2,WT1,9709,-1.0,7.625956943213709,0.3065478827462953,2.8061107950973187e-13,-3.305277088314728,2.8460939399248533,0.8571428571428571,0.6666666666666666,18,14
9697,2,WT1,9697,-1.0,7.625956943213709,0.3499533642993244,4.348045424645302e-17,-6.7320975948513695,8.723517951305723,0.8571428571428571,0.6666666666666666,18,14
4661,2,KLF11,4661,1.0,8.746621347615175,0.284643564261447,1.4003479251349557e-11,3.607067175460324,3.2748710871303954,0.6666666666666666,0.43478260869565216,23,15
4654,2,KLF11,4654,1.0,8.746621347615175,-0.3532427833215609,2.1099724353451858e-17,-6.298792766681971,8.063546911770539,0.6666666666666666,0.43478260869565216,23,15
4658,2,KLF11,4658,1.0,8.746621347615175,-0.36877433691463984,6.182333427601512e-19,-3.103595903045355,2.5710432266633645,0.6666666666666666,0.43478260869565216,23,15
4652,2,KLF11,4652,1.0,8.746621347615175,-0.3107006273182654,1.28718599100693e-13,-4.481733608603705,4.649872536588953,0.6666666666666666,0.43478260869565216,23,15
4643,2,KLF11,4643,1.0,8.746621347615175,0.5947974167343234,2.927510545542526e-53,7.336887576250558,10.619494025401638,0.6666666666666666,0.43478260869565216,23,15
4659,2,KLF11,4659,1.0,8.746621347615175,0.2989605956345556,1.1291886990241969e-12,4.772046943078325,5.139175522924811,0.6666666666666666,0.43478260869565216,23,15
4639,2,KLF11,4639,1.0,8.746621347615175,0.7309207433559549,8.075197000331223e-92,5.227317605066872,6.243916753568451,0.6666666666666666,0.43478260869565216,23,15
4653,2,KLF11,4653,1.0,8.746621347615175,-0.31688431728321187,3.94163763697028e-14,-5.736833295661846,7.030118489746042,0.6666666666666666,0.43478260869565216,23,15
4640,2,KLF11,4640,1.0,8.746621347615175,-0.4800054295229335,1.2166499173878023e-32,-2.2780975714588045,1.5968710777667163,0.6666666666666666,0.43478260869565216,23,15
4644,2,KLF11,4644,1.0,8.746621347615175,-0.3375972277353583,6.099309355038408e-16,-2.1068266230777493,1.4182321573351955,0.6666666666666666,0.43478260869565216,23,15
1527,2,BDP1,1527,1.0,7.035019574531823,0.6410894962865782,3.5004166998807845e-64,7.5322579585730915,11.06481285639622,0.7857142857142857,0.5789473684210527,19,14
1538,2,BDP1,1538,1.0,7.035019574531823,0.5238156234747268,1.3654265622588212e-39,9.520113634820413,16.283319136914326,0.7857142857142857,0.5789473684210527,19,14
1529,2,BDP1,1529,1.0,7.035019574531823,0.4263965356585643,2.1294935870621795e-25,13.083141324471049,27.663415664325793,0.7857142857142857,0.5789473684210527,19,14
1523,2,BDP1,1523,1.0,7.035019574531823,-0.6454179743292395,2.662444842225644e-65,-2.716604128191993,2.098017002214517,0.7857142857142857,0.5789473684210527,19,14
1530,2,BDP1,1530,1.0,7.035019574531823,0.2676877727503307,2.3060922220634602e-10,4.1707036554930275,4.156375457013227,0.7857142857142857,0.5789473684210527,19,14
1537,2,BDP1,1537,1.0,7.035019574531823,-0.4391393501601575,5.264325428362672e-27,-3.431546911405049,3.030843022742324,0.7857142857142857,0.5789473684210527,19,14
1533,2,BDP1,1533,1.0,7.035019574531823,0.29990776406789094,9.511417370317218e-13,4.446943318792453,4.57622524509075,0.7857142857142857,0.5789473684210527,19,14
1540,2,BDP1,1540,1.0,7.035019574531823,0.7096187101780022,2.603727470512872e-84,3.457458595851154,3.0836441924021307,0.7857142857142857,0.5789473684210527,19,14
1534,2,BDP1,1534,1.0,7.035019574531823,0.5748825951860429,4.377673250980075e-49,11.124490569754991,20.279066525455498,0.7857142857142857,0.5789473684210527,19,14
1522,2,BDP1,1522,1.0,7.035019574531823,0.8057574679175457,3.5646741949165926e-125,6.722921805368074,9.447595460939148,0.7857142857142857,0.5789473684210527,19,14
1526,2,BDP1,1526,1.0,7.035019574531823,0.3423090852617984,2.2589640643904636e-16,13.167556235066384,23.463552253227924,0.7857142857142857,0.5789473684210527,19,14
8001,2,HLX,8001,-1.0,9.447519770639762,0.16129355760570932,0.00016026358776876075,-5.682349146334039,6.937494509220754,0.7727272727272727,0.68,25,22
7998,2,HLX,7998,-1.0,9.447519770639762,-0.24796280461992143,4.72695833672001e-09,3.52617639422505,3.228860483162192,0.7727272727272727,0.68,25,22
7989,2,HLX,7989,-1.0,9.447519770639762,-0.3011324797599617,7.611697667943891e-13,4.6599505867617665,5.042250900183351,0.7727272727272727,0.68,25,22
7999,2,HLX,7999,-1.0,9.447519770639762,-0.24838366010406934,4.443588989044264e-09,9.548643183961715,14.660074865703157,0.7727272727272727,0.68,25,22
7990,2,HLX,7990,-1.0,9.447519770639762,0.36306906557040874,2.3125670276000277e-18,-6.9726946432941475,9.754653604259756,0.7727272727272727,0.68,25,22
8002,2,HLX,8002,-1.0,9.447519770639762,-0.31598564279435454,4.689395365837604e-14,3.5896476022362656,3.2836687039032615,0.7727272727272727,0.68,25,22
7985,2,HLX,7985,-1.0,9.447519770639762,-0.2789081622129188,3.6911651503649694e-11,8.148252391492155,12.594531299543997,0.7727272727272727,0.68,25,22
7997,2,HLX,7997,-1.0,9.447519770639762,0.6343155593158142,1.8168701580426778e-62,-6.642822787903087,8.677907687898317,0.7727272727272727,0.68,25,22
7995,2,HLX,7995,-1.0,9.447519770639762,-0.2964661180979701,1.7689760084868534e-12,7.038846931519596,9.344117465386415,0.7727272727272727,0.68,25,22
7993,2,HLX,7993,-1.0,9.447519770639762,0.4902291072796981,3.565690244012591e-34,-11.972948937402819,20.553766878148398,0.7727272727272727,0.68,25,22
7986,2,HLX,7986,-1.0,9.447519770639762,0.3035750905120361,4.865449658411984e-13,-14.23647786340444,28.504036905924988,0.7727272727272727,0.68,25,22
8000,2,HLX,8000,-1.0,9.447519770639762,-0.27781656127416005,4.42774838985579e-11,3.3833041102774075,2.9902005655323003,0.7727272727272727,0.68,25,22
7994,2,HLX,7994,-1.0,9.447519770639762,0.39385672415385187,1.3588512116559322e-21,-2.4574624563950502,1.7956621146437768,0.7727272727272727,0.68,25,22
8007,2,HLX,8007,-1.0,9.447519770639762,0.20821118655612947,9.862046251317311e-07,-4.799306732922705,5.288650901090232,0.7727272727272727,0.68,25,22
7987,2,HLX,7987,-1.0,9.447519770639762,0.4824594329791202,5.27101273784335e-33,-12.508517176972445,23.509122526345365,0.7727272727272727,0.68,25,22
7984,2,HLX,7984,-1.0,9.447519770639762,0.3968997753838442,6.235039252705676e-22,-2.9962303052553945,2.492443762363751,0.7727272727272727,0.68,25,22
7991,2,HLX,7991,-1.0,9.447519770639762,-0.2795606193793495,3.309530973964223e-11,5.945534940537979,7.247648429811711,0.7727272727272727,0.68,25,22
8310,2,HOXC9,8310,-1.0,8.370733675175712,0.3626739186225142,2.5313542084442722e-18,-4.048348790538289,3.87423964610442,0.9090909090909091,0.7142857142857143,14,11
8312,2,HOXC9,8312,-1.0,8.370733675175712,-0.367523837734315,8.273966502483465e-19,8.37572010383986,12.483120604283421,0.9090909090909091,0.7142857142857143,14,11
8304,2,HOXC9,8304,-1.0,8.370733675175712,-0.26844358872578006,2.0437109339020893e-10,7.161133695883637,10.264335144566488,0.9090909090909091,0.7142857142857143,14,11
8308,2,HOXC9,8308,-1.0,8.370733675175712,0.220624287206473,2.0654658183949474e-07,-3.5671324612869744,3.2626935178119063,0.9090909090909091,0.7142857142857143,14,11
8307,2,HOXC9,8307,-1.0,8.370733675175712,-0.27472554076369493,7.379904130531795e-11,5.512015670712173,6.575661301553681,0.9090909090909091,0.7142857142857143,14,11
8315,2,HOXC9,8315,-1.0,8.370733675175712,-0.0793290476778671,0.06471727736532219,6.525635752995861,8.753336953513042,0.9090909090909091,0.7142857142857143,14,11
8316,2,HOXC9,8316,-1.0,8.370733675175712,-0.10842766292466305,0.011463084872440977,7.56774600850538,10.64369547756454,0.9090909090909091,0.7142857142857143,14,11
8317,2,HOXC9,8317,-1.0,8.370733675175712,-0.3273857671547141,4.9556872401387326e-15,4.128491836395002,4.0995330081620365,0.9090909090909091,0.7142857142857143,14,11
8305,2,HOXC9,8305,-1.0,8.370733675175712,0.29082830355440376,4.801934288669969e-12,-12.540996778040858,23.580897866663896,0.9090909090909091,0.7142857142857143,14,11
8311,2,HOXC9,8311,-1.0,8.370733675175712,-0.24790554129135703,4.766844827806038e-09,2.0699766889227713,1.3824090940874854,0.9090909090909091,0.7142857142857143,14,11
8988,2,LHX1,8988,-1.0,11.918094155087449,0.26752936244934467,2.365104389498927e-10,-13.321797596102087,24.2308895359369,0.9333333333333333,0.8235294117647058,17,15
8984,2,LHX1,8984,-1.0,11.918094155087449,-0.19886109973665433,3.012364471096742e-06,12.19329792234803,24.06264640847837,0.9333333333333333,0.8235294117647058,17,15
8995,2,LHX1,8995,-1.0,11.918094155087449,-0.3119105474016533,1.0233393522960562e-13,11.247100162461477,21.226550785955588,0.9333333333333333,0.8235294117647058,17,15
8992,2,LHX1,8992,-1.0,11.918094155087449,0.37929286175152327,5.0637593061924716e-20,-12.526146409094002,23.804091394726758,0.9333333333333333,0.8235294117647058,17,15
8997,2,LHX1,8997,-1.0,11.918094155087449,0.3713809371136531,3.3539571300218244e-19,-2.1032992401612995,1.4134326604882352,0.9333333333333333,0.8235294117647058,17,15
8986,2,LHX1,8986,-1.0,11.918094155087449,-0.2903540504872063,5.217506648914146e-12,11.751412749890326,22.23539064061921,0.9333333333333333,0.8235294117647058,17,15
8996,2,LHX1,8996,-1.0,11.918094155087449,-0.2324726132422804,4.254959224189148e-08,11.23112340070967,20.975680230030047,0.9333333333333333,0.8235294117647058,17,15
8991,2,LHX1,8991,-1.0,11.918094155087449,-0.2114208592602395,6.641687835984951e-07,9.616500209707448,15.075967230897692,0.9333333333333333,0.8235294117647058,17,15
8993,2,LHX1,8993,-1.0,11.918094155087449,0.2930001053655242,3.277037008349921e-12,-2.729580913281044,2.1009674307618895,0.9333333333333333,0.8235294117647058,17,15
8998,2,LHX1,8998,-1.0,11.918094155087449,0.26207721133118633,5.586856314089306e-10,-6.244071152488847,8.039541760931291,0.9333333333333333,0.8235294117647058,17,15
8989,2,LHX1,8989,-1.0,11.918094155087449,0.018639370801889488,0.6647401358323319,-4.649460074071042,5.006262070256323,0.9333333333333333,0.8235294117647058,17,15
8987,2,LHX1,8987,-1.0,11.918094155087449,0.21112234159226878,6.892229002639344e-07,-5.633444968168241,6.914535359187097,0.9333333333333333,0.8235294117647058,17,15
8985,2,LHX1,8985,-1.0,11.918094155087449,0.18302827758834808,1.7749748449399688e-05,-2.6933494065974224,2.1217429912052985,0.9333333333333333,0.8235294117647058,17,15
8999,2,LHX1,8999,-1.0,11.918094155087449,0.33880345291838715,4.737520934355162e-16,-11.45453022765488,20.34885288943206,0.9333333333333333,0.8235294117647058,17,15
7476,2,VAX2,7476,-1.0,6.320659427673627,0.29138092660340287,4.358406300983228e-12,-10.23599573030695,18.088315924534044,1.0,1.0,11,11
7472,2,VAX2,7472,-1.0,6.320659427673627,0.2323110862655616,4.3501321560742534e-08,-4.880891304244933,5.473856310509615,1.0,1.0,11,11
7467,2,VAX2,7467,-1.0,6.320659427673627,-0.20980972831689906,8.105779776909694e-07,8.219925779209863,12.758303428623748,1.0,1.0,11,11
7468,2,VAX2,7468,-1.0,6.320659427673627,0.4492099539403759,2.5254419801461e-28,-10.932743845760172,19.3014152047649,1.0,1.0,11,11
7473,2,VAX2,7473,-1.0,6.320659427673627,-0.2551695919700388,1.6144660622114204e-09,3.340699792528191,2.931162948711163,1.0,1.0,11,11
7474,2,VAX2,7474,-1.0,6.320659427673627,-0.2029096936364067,1.8693679673402627e-06,11.613840026377803,21.82617566372073,1.0,1.0,11,11
7471,2,VAX2,7471,-1.0,6.320659427673627,-0.18527836201178627,1.3918043242531246e-05,10.912724314596073,18.058415107862086,1.0,1.0,11,11
7466,2,VAX2,7466,-1.0,6.320659427673627,0.3042880890986959,4.2662330142904103e-13,-3.712823817822536,3.5278068028757867,1.0,1.0,11,11
7470,2,VAX2,7470,-1.0,6.320659427673627,0.3746722803979754,1.5371862767910853e-19,-14.331990304454356,29.69040855058083,1.0,1.0,11,11
7469,2,VAX2,7469,-1.0,6.320659427673627,-0.27477764085889883,7.31701792479e-11,11.798020977097133,23.313358006056998,1.0,1.0,11,11
7475,2,VAX2,7475,-1.0,6.320659427673627,-0.10470732734618306,0.014645912600910737,5.800351578601803,7.309945081401952,1.0,1.0,11,11
3969,2,PGR,3969,-1.0,11.650549567171515,0.4742666546343722,8.381042674417559e-32,-3.4475717503594536,3.129565496052682,0.5263157894736842,0.4,25,19
3972,2,PGR,3972,-1.0,11.650549567171515,0.5415929638659402,1.032382568767078e-42,-13.882435494553446,28.09937601589284,0.5263157894736842,0.4,25,19
3973,2,PGR,3973,-1.0,11.650549567171515,0.567328932551594,1.416306333959037e-47,-12.493132070666707,23.066138600476155,0.5263157894736842,0.4,25,19
3985,2,PGR,3985,-1.0,11.650549567171515,0.6351751088602859,1.106760817147921e-62,-16.176102057668544,39.024841462427844,0.5263157894736842,0.4,25,19
3992,2,PGR,3992,-1.0,11.650549567171515,0.5333514667207121,3.0478304572816787e-41,-6.757120133040484,9.457817784769682,0.5263157894736842,0.4,25,19
3976,2,PGR,3976,-1.0,11.650549567171515,0.6329475353983309,3.985990556799271e-62,-6.918269618014996,9.617185102867868,0.5263157894736842,0.4,25,19
3974,2,PGR,3974,-1.0,11.650549567171515,0.4192139603797728,1.6008655505116147e-24,-4.647143979616733,5.215365476910039,0.5263157894736842,0.4,25,19
3990,2,PGR,3990,-1.0,11.650549567171515,-0.14356366183096347,0.0007934833904212204,12.749321531236216,26.608041180608208,0.5263157894736842,0.4,25,19
3979,2,PGR,3979,-1.0,11.650549567171515,0.5321864877732301,4.881498256579309e-41,-4.102684629582851,4.143488894326909,0.5263157894736842,0.4,25,19
3980,2,PGR,3980,-1.0,11.650549567171515,-0.07853920349408239,0.06743602519636706,13.71251408631758,29.13957884564789,0.5263157894736842,0.4,25,19
5260,2,FOXP1,5260,-1.0,22.368700867447807,0.5361259649320576,9.853442184453755e-42,-2.8188003997725763,2.23882936330879,0.7727272727272727,0.68,25,22
5267,2,FOXP1,5267,-1.0,22.368700867447807,0.25745030382543016,1.1411774346357459e-09,-6.683540131148385,8.714161812074275,0.7727272727272727,0.68,25,22
5268,2,FOXP1,5268,-1.0,22.368700867447807,-0.5641036730078058,6.082334969599488e-47,6.648596557513692,8.641361089242444,0.7727272727272727,0.68,25,22
5264,2,FOXP1,5264,-1.0,22.368700867447807,0.45726244413077866,2.0678980557255981e-29,-6.810572000086922,9.357142519245095,0.7727272727272727,0.68,25,22
5249,2,FOXP1,5249,-1.0,22.368700867447807,-0.3019531292160501,6.552187237934361e-13,5.845998375889374,7.107927314200151,0.7727272727272727,0.68,25,22
5252,2,FOXP1,5252,-1.0,22.368700867447807,0.5626140019931236,1.1859241744426856e-46,-14.630228249661075,30.318806241583907,0.7727272727272727,0.68,25,22
5250,2,FOXP1,5250,-1.0,22.368700867447807,0.5308283575198443,8.43390759890914e-41,-12.376725048980193,22.854368039148557,0.7727272727272727,0.68,25,22
5258,2,FOXP1,5258,-1.0,22.368700867447807,-0.31129896914016264,1.1492975903406538e-13,14.389861170637408,31.649273729100177,0.7727272727272727,0.68,25,22
5269,2,FOXP1,5269,-1.0,22.368700867447807,-0.19649251619263025,3.9644898713161086e-06,8.790382832595347,13.89613249900726,0.7727272727272727,0.68,25,22
5261,2,FOXP1,5261,-1.0,22.368700867447807,0.3634634629982959,2.1127871556661253e-18,-9.491105772499097,18.260066596846627,0.7727272727272727,0.68,25,22
5254,2,FOXP1,5254,-1.0,22.368700867447807,-0.34131994370804936,2.7866127674852577e-16,11.893068179958918,20.197126602803078,0.7727272727272727,0.68,25,22
5251,2,FOXP1,5251,-1.0,22.368700867447807,0.39506749877378533,9.976446445692233e-22,-4.032504073961682,4.19982931684577,0.7727272727272727,0.68,25,22
5263,2,FOXP1,5263,-1.0,22.368700867447807,-0.514923093251082,4.2523582303491044e-38,9.058191862164083,13.50037668259203,0.7727272727272727,0.68,25,22
5255,2,FOXP1,5255,-1.0,22.368700867447807,0.3959334192383198,7.992105942660996e-22,-3.4880335744211357,3.2439432028133046,0.7727272727272727,0.68,25,22
5246,2,FOXP1,5246,-1.0,22.368700867447807,0.40455229970726747,8.479620762737146e-23,-3.528482990044316,3.2545859600195493,0.7727272727272727,0.68,25,22
5256,2,FOXP1,5256,-1.0,22.368700867447807,0.6571346959407197,2.0120805233530354e-68,-7.661499309559821,11.84961788492129,0.7727272727272727,0.68,25,22
5266,2,FOXP1,5266,-1.0,22.368700867447807,-0.2592906752515689,8.604004415213175e-10,7.831432920630428,10.836030784101586,0.7727272727272727,0.68,25,22
3058,2,TFCP2,3058,1.0,9.248875994270891,0.370223009184918,4.403934995566519e-19,7.723434549755385,11.531539824521621,0.55,0.4583333333333333,24,20
3055,2,TFCP2,3055,1.0,9.248875994270891,0.4631655887569601,3.163903694046992e-30,6.78450177587218,8.907515595752171,0.55,0.4583333333333333,24,20
3066,2,TFCP2,3066,1.0,9.248875994270891,0.20482575458676266,1.486474363805349e-06,6.216917114614759,7.785484908103304,0.55,0.4583333333333333,24,20
3056,2,TFCP2,3056,1.0,9.248875994270891,0.2230598524704779,1.50327026520237e-07,10.061652452384644,16.548354376677878,0.55,0.4583333333333333,24,20
3052,2,TFCP2,3052,1.0,9.248875994270891,0.5446606743041756,2.8585793635443006e-43,3.3646824093793057,2.9452955929250435,0.55,0.4583333333333333,24,20
3050,2,TFCP2,3050,1.0,9.248875994270891,0.37435458832163887,1.6580631904741076e-19,13.2374528648637,27.174195735680257,0.55,0.4583333333333333,24,20
3063,2,TFCP2,3063,1.0,9.248875994270891,0.48293020649576013,4.486086388011755e-33,3.1294881402612575,2.628977974286003,0.55,0.4583333333333333,24,20
3046,2,TFCP2,3046,1.0,9.248875994270891,-0.5099873540984354,2.74591297406941e-37,-2.2242899062649464,1.5400380720667404,0.55,0.4583333333333333,24,20
3047,2,TFCP2,3047,1.0,9.248875994270891,0.5648678836073379,4.312541354712068e-47,6.758694903986074,9.303590679171943,0.55,0.4583333333333333,24,20
3053,2,TFCP2,3053,1.0,9.248875994270891,0.5298982781426774,1.2247226469812773e-40,5.057558321922028,5.843847232387095,0.55,0.4583333333333333,24,20
3044,2,TFCP2,3044,1.0,9.248875994270891,0.6576146885534504,1.4885974102545227e-68,5.9293502845530535,7.671319212700167,0.55,0.4583333333333333,24,20
8173,2,EHF,8173,-1.0,10.484111973563417,-0.20495002157129516,1.4644318095834179e-06,6.223581481883928,7.851182448446046,0.7,0.56,25,20
8169,2,EHF,8169,-1.0,10.484111973563417,0.25573727953461767,1.4813618897220438e-09,-7.525102233463472,10.771766637614126,0.7,0.56,25,20
8184,2,EHF,8184,-1.0,10.484111973563417,-0.08573605987360224,0.04583314272366697,4.0786711921182555,3.992847422256678,0.7,0.56,25,20
8187,2,EHF,8187,-1.0,10.484111973563417,-0.4393774070344894,4.9053404783128156e-27,6.091055845370904,7.704112735671029,0.7,0.56,25,20
8168,2,EHF,8168,-1.0,10.484111973563417,-0.24529609626592228,6.9752753146514925e-09,10.72045478266857,17.418479823422008,0.7,0.56,25,20
8180,2,EHF,8180,-1.0,10.484111973563417,0.3989584412937813,3.664000195513681e-22,-3.3812822524061823,2.9562154049293703,0.7,0.56,25,20
8177,2,EHF,8177,-1.0,10.484111973563417,0.1796855727623031,2.533703583659316e-05,-2.7401426080344096,2.124131355458699,0.7,0.56,25,20
8166,2,EHF,8166,-1.0,10.484111973563417,0.3743400432526001,1.6638161058299794e-19,-2.5064070047890765,1.9032522682167512,0.7,0.56,25,20
8170,2,EHF,8170,-1.0,10.484111973563417,-0.16603227409481172,0.00010147443927117325,11.345608987269076,20.51992842323354,0.7,0.56,25,20
8183,2,EHF,8183,-1.0,10.484111973563417,-0.06326657981357127,0.14092948464287525,8.797305831697773,12.591942117726626,0.7,0.56,25,20
8172,2,EHF,8172,-1.0,10.484111973563417,-0.2275137915397786,8.329627855999591e-08,6.646761658623328,8.50713100847978,0.7,0.56,25,20
8188,2,EHF,8188,-1.0,10.484111973563417,-0.11057893985104342,0.009916576550300316,3.8926609710506344,3.79822628287421,0.7,0.56,25,20
8181,2,EHF,8181,-1.0,10.484111973563417,-0.37454241428028034,1.5855113293241957e-19,6.447078136555972,8.570231435223128,0.7,0.56,25,20
8185,2,EHF,8185,-1.0,10.484111973563417,0.09467036598452105,0.027389910071510388,-5.867637435293105,7.3015677670764525,0.7,0.56,25,20
6105,2,MEIS3,6105,-1.0,27.02277529124542,-0.33388373085875805,1.31852059822811e-15,8.579396110191194,13.465602874888654,1.0,0.782608695652174,23,18
6116,2,MEIS3,6116,-1.0,27.02277529124542,-0.4493562072848548,2.4146568649368045e-28,6.493585511808839,8.50321956140444,1.0,0.782608695652174,23,18
6104,2,MEIS3,6104,-1.0,27.02277529124542,0.21597576412065714,3.7498348162374655e-07,-2.7220655513328147,2.121073005008989,1.0,0.782608695652174,23,18
6098,2,MEIS3,6098,-1.0,27.02277529124542,0.4271828570983143,1.7024791741170904e-25,-4.6443955968824495,5.093749810666312,1.0,0.782608695652174,23,18
6110,2,MEIS3,6110,-1.0,27.02277529124542,-0.41834691563522725,2.0355958168904674e-24,9.83160197090289,15.248968549838606,1.0,0.782608695652174,23,18
6111,2,MEIS3,6111,-1.0,27.02277529124542,0.3856333653928025,1.0716370379816503e-20,-3.937860728659429,3.7387495258897228,1.0,0.782608695652174,23,18
6113,2,MEIS3,6113,-1.0,27.02277529124542,0.4384799224576581,6.4000478085075594e-27,-7.911085786122696,12.012879661241803,1.0,0.782608695652174,23,18
6115,2,MEIS3,6115,-1.0,27.02277529124542,-0.10317270320087017,0.016170325857009525,3.991045716095068,3.8850690243468526,1.0,0.782608695652174,23,18
6107,2,MEIS3,6107,-1.0,27.02277529124542,-0.20081229980320603,2.3964474325300933e-06,8.019712702695724,11.359395500654752,1.0,0.782608695652174,23,18
6099,2,MEIS3,6099,-1.0,27.02277529124542,-0.3263699426887022,6.0779881153861895e-15,7.78397928456132,11.76211181459597,1.0,0.782608695652174,23,18
6112,2,MEIS3,6112,-1.0,27.02277529124542,0.3855740034082174,1.0875030225079259e-20,-3.8747160300849455,3.702187729809232,1.0,0.782608695652174,23,18
6101,2,MEIS3,6101,-1.0,27.02277529124542,-0.45607190655104474,3.006354022143538e-29,11.732797859091114,19.63247066369276,1.0,0.782608695652174,23,18
6106,2,MEIS3,6106,-1.0,27.02277529124542,-0.4051267318409291,7.284905425299221e-23,8.372941282474656,12.190001035541885,1.0,0.782608695652174,23,18
6103,2,MEIS3,6103,-1.0,27.02277529124542,0.40206441794674697,1.6313292001639512e-22,-6.6990886897167226,8.951276757087294,1.0,0.782608695652174,23,18
6118,2,MEIS3,6118,-1.0,27.02277529124542,-0.3639083031226803,1.9078018843749266e-18,6.695954514024717,8.691391645853273,1.0,0.782608695652174,23,18
6102,2,MEIS3,6102,-1.0,27.02277529124542,0.17597942777445325,3.731434968266662e-05,-2.8303276548761174,2.2590135458535183,1.0,0.782608695652174,23,18
6097,2,MEIS3,6097,-1.0,27.02277529124542,0.7926437159642965,2.3862514083078697e-118,-14.272482149987505,28.476115112446006,1.0,0.782608695652174,23,18
6096,2,MEIS3,6096,-1.0,27.02277529124542,0.14022455019805316,0.001052013813288167,-2.8807437285326762,2.299427953638924,1.0,0.782608695652174,23,18
8282,2,HSF4,8282,-1.0,3.293618973192185,-0.3261531815025657,6.347966383363952e-15,5.93993370822914,7.5144318979019324,0.4,0.2857142857142857,14,10
8283,2,HSF4,8283,-1.0,3.293618973192185,-0.25247618924840537,2.421531327082e-09,3.072742891729809,2.563905537000255,0.4,0.2857142857142857,14,10
8275,2,HSF4,8275,-1.0,3.293618973192185,-0.40226011762067576,1.5497997596993505e-22,7.262299342707759,10.575878465086914,0.4,0.2857142857142857,14,10
8286,2,HSF4,8286,-1.0,3.293618973192185,-0.3733773641360073,2.0916852464136523e-19,6.742943638095024,8.716456243026993,0.4,0.2857142857142857,14,10
2642,2,NFYA,2642,1.0,8.571058503620495,0.5453134312786093,2.171397953603309e-43,7.538285655358393,11.064370319828745,0.5555555555555556,0.4,25,18
2629,2,NFYA,2629,1.0,8.571058503620495,0.6558474702800327,4.502150005352308e-68,6.066592576697072,7.956375102918068,0.5555555555555556,0.4,25,18
2635,2,NFYA,2635,1.0,8.571058503620495,0.20824558952446853,9.820667299439386e-07,10.45011431667177,16.85572590561491,0.5555555555555556,0.4,25,18
2649,2,NFYA,2649,1.0,8.571058503620495,0.3366193289817201,7.479750118396706e-16,11.626075080454918,22.036416100584326,0.5555555555555556,0.4,25,18
2651,2,NFYA,2651,1.0,8.571058503620495,0.26468661968875135,3.711553643414556e-10,8.825711188463028,13.79917494762093,0.5555555555555556,0.4,25,18
2630,2,NFYA,2630,1.0,8.571058503620495,-0.4109988463388046,1.5164520139251627e-23,-2.5493451755842473,1.8998077132345126,0.5555555555555556,0.4,25,18
2653,2,NFYA,2653,1.0,8.571058503620495,0.4318106934319262,4.5066289528464745e-26,3.8272406631413114,3.6429541697753156,0.5555555555555556,0.4,25,18
2650,2,NFYA,2650,1.0,8.571058503620495,0.5186822358961322,1.0062804959859838e-38,7.720476416831766,10.959373208031952,0.5555555555555556,0.4,25,18
2632,2,NFYA,2632,1.0,8.571058503620495,0.4768328612356647,3.551983549879517e-32,7.899820161125662,12.019810280775006,0.5555555555555556,0.4,25,18
2639,2,NFYA,2639,1.0,8.571058503620495,0.1560644563221713,0.0002615447184508601,12.962923631521948,26.445006037260992,0.5555555555555556,0.4,25,18
2076,2,REST,2076,1.0,8.701862785558838,-0.7010837759498817,1.7218139260306455e-81,-2.281713392966543,1.6028392705992927,0.5555555555555556,0.4,25,18
2085,2,REST,2085,1.0,8.701862785558838,0.3606191844742627,4.0421857042146136e-18,13.951783824403815,29.402674843939305,0.5555555555555556,0.4,25,18
2091,2,REST,2091,1.0,8.701862785558838,-0.22862249015730324,7.177510020145395e-08,-8.190571686508978,12.364305510570649,0.5555555555555556,0.4,25,18
2081,2,REST,2081,1.0,8.701862785558838,-0.5348624990556049,1.649964466899984e-41,-3.3667498442516495,2.9423376593039317,0.5555555555555556,0.4,25,18
2095,2,REST,2095,1.0,8.701862785558838,-0.25910576866574647,8.852522275461709e-10,-8.283826901971366,11.652391796777612,0.5555555555555556,0.4,25,18
2078,2,REST,2078,1.0,8.701862785558838,0.8298724496832228,3.3507532782762423e-139,7.5424719828706,11.158351173290717,0.5555555555555556,0.4,25,18
2075,2,REST,2075,1.0,8.701862785558838,0.8734146902323752,3.4342563292656073e-171,5.9448000522735525,7.695998794954264,0.5555555555555556,0.4,25,18
2094,2,REST,2094,1.0,8.701862785558838,-0.3889559875855503,4.684978940072511e-21,-5.9681944831870695,7.459340462072887,0.5555555555555556,0.4,25,18
2089,2,REST,2089,1.0,8.701862785558838,0.5078448511573189,6.112426795455935e-37,12.087067324601751,23.239331494767647,0.5555555555555556,0.4,25,18
2098,2,REST,2098,1.0,8.701862785558838,-0.13488609394543735,0.0016308639416506806,-3.293756855648295,2.8166828004138016,0.5555555555555556,0.4,25,18
5750,2,HMGA1,5750,-1.0,3.917751717637009,-0.1282442973519758,0.0027545476383131168,7.200685562277009,10.396692786712574,0.65,0.52,25,20
5745,2,HMGA1,5745,-1.0,3.917751717637009,0.362813104487886,2.4520581770074082e-18,-3.741976380356273,3.5231850212899185,0.65,0.52,25,20
5739,2,HMGA1,5739,-1.0,3.917751717637009,-0.19625911566232987,4.072523548691861e-06,4.18768936838122,4.215880252044,0.65,0.52,25,20
5757,2,HMGA1,5757,-1.0,3.917751717637009,0.33642842623583863,7.783014646742523e-16,-7.0982374423366865,9.528590210524257,0.65,0.52,25,20
5756,2,HMGA1,5756,-1.0,3.917751717637009,0.2855998018868717,1.1888098246601796e-11,-4.891861566469899,5.331080141771434,0.65,0.52,25,20
5755,2,HMGA1,5755,-1.0,3.917751717637009,0.27098131356679184,1.358587297110875e-10,-2.31168175110617,1.6280942868771138,0.65,0.52,25,20
5747,2,HMGA1,5747,-1.0,3.917751717637009,-0.20073045221839936,2.4196612108680732e-06,8.825152653346237,12.932738503620959,0.65,0.52,25,20
5742,2,HMGA1,5742,-1.0,3.917751717637009,0.2009597303886591,2.355169772663764e-06,-6.813528100731018,9.676277703495499,0.65,0.52,25,20
5753,2,HMGA1,5753,-1.0,3.917751717637009,0.37177391598420373,3.0570721239715664e-19,-8.116973280454209,11.85493368642121,0.65,0.52,25,20
5743,2,HMGA1,5743,-1.0,3.917751717637009,-0.26689882799055487,2.6149196991022033e-10,14.975315416968721,35.044437013143316,0.65,0.52,25,20
5740,2,HMGA1,5740,-1.0,3.917751717637009,0.34465538269292345,1.3688304560494317e-16,-2.2089229978639855,1.5333767925322537,0.65,0.52,25,20
5736,2,HMGA1,5736,-1.0,3.917751717637009,0.17955973494574076,2.5675567782413314e-05,-2.0615635640298344,1.3731788399260174,0.65,0.52,25,20
5741,2,HMGA1,5741,-1.0,3.917751717637009,-0.3106143575654151,1.308359506180139e-13,10.916833433939008,17.855052602432682,0.65,0.52,25,20
5840,2,HES7,5840,-1.0,6.201011942179186,0.290148516458565,5.408343072760305e-12,-2.159456411211854,1.47425678113601,1.0,1.0,1,1
3665,2,KLF13,3665,1.0,8.320941588523207,0.43176070044743353,4.5723046302350823e-26,8.615867317197548,13.219151583543349,0.5263157894736842,0.4,25,19
3661,2,KLF13,3661,1.0,8.320941588523207,0.29592946177268076,1.947231538848197e-12,10.142206785262786,16.072233036265565,0.5263157894736842,0.4,25,19
3662,2,KLF13,3662,1.0,8.320941588523207,0.2615974729783047,6.020195756303355e-10,13.895059203399788,30.491930922376962,0.5263157894736842,0.4,25,19
3674,2,KLF13,3674,1.0,8.320941588523207,0.3092323176237938,1.6979524130899683e-13,6.132526377508814,7.746067143188482,0.5263157894736842,0.4,25,19
3668,2,KLF13,3668,1.0,8.320941588523207,0.15899223137502744,0.00019918716685360095,8.367814851034645,12.037339362943541,0.5263157894736842,0.4,25,19
3654,2,KLF13,3654,1.0,8.320941588523207,0.2657249297549849,3.1502307925943004e-10,8.782209144853116,13.673296586205373,0.5263157894736842,0.4,25,19
3671,2,KLF13,3671,1.0,8.320941588523207,0.2073087644672352,1.1009204195271914e-06,8.240199341134431,11.706707168520726,0.5263157894736842,0.4,25,19
3652,2,KLF13,3652,1.0,8.320941588523207,0.6647865456961363,1.5430997884595904e-70,5.894761945044546,7.654335164515491,0.5263157894736842,0.4,25,19
3670,2,KLF13,3670,1.0,8.320941588523207,-0.16404811858485827,0.00012306248876991507,-6.007953082506649,7.4107032148165,0.5263157894736842,0.4,25,19
3658,2,KLF13,3658,1.0,8.320941588523207,-0.3371372473068247,6.714262006594139e-16,-2.470791377675926,1.8066139715328582,0.5263157894736842,0.4,25,19
6079,2,HIC1,6079,-1.0,12.373412681048585,-0.2642165956921188,3.996608000673658e-10,4.30629718486478,4.411779193852544,0.9565217391304348,0.88,25,23
6069,2,HIC1,6069,-1.0,12.373412681048585,0.4836139186464987,3.5479153183859017e-33,-15.961387350569286,32.94595763960933,0.9565217391304348,0.88,25,23
6082,2,HIC1,6082,-1.0,12.373412681048585,0.12779765837957374,0.0028509674556422802,-2.159317455588523,1.4714690231205103,0.9565217391304348,0.88,25,23
6074,2,HIC1,6074,-1.0,12.373412681048585,0.7453208964978829,2.574046180797262e-97,-6.606339753144548,8.523665562995511,0.9565217391304348,0.88,25,23
6075,2,HIC1,6075,-1.0,12.373412681048585,0.4967338916158092,3.544007288685976e-35,-3.8125612925596926,3.56552172615519,0.9565217391304348,0.88,25,23
6080,2,HIC1,6080,-1.0,12.373412681048585,0.4221608481928173,7.0382052325435495e-25,-3.3381338833812113,2.904673551234599,0.9565217391304348,0.88,25,23
6078,2,HIC1,6078,-1.0,12.373412681048585,0.6153971496653543,6.76266224815913e-58,-4.906466844885069,5.430874868065466,0.9565217391304348,0.88,25,23
6067,2,HIC1,6067,-1.0,12.373412681048585,-0.299603084184888,1.0051865049819566e-12,5.043456344858441,5.570924411861574,0.9565217391304348,0.88,25,23
6083,2,HIC1,6083,-1.0,12.373412681048585,0.4782217218093533,2.2252178889109676e-32,-8.841596380222757,13.449171256295761,0.9565217391304348,0.88,25,23
6084,2,HIC1,6084,-1.0,12.373412681048585,0.525316762145522,7.564690034273414e-40,-3.966093627043536,3.7849138630451056,0.9565217391304348,0.88,25,23
6070,2,HIC1,6070,-1.0,12.373412681048585,0.07129359358266966,0.096996383026345,-5.073283170247473,6.052500291643498,0.9565217391304348,0.88,25,23
6077,2,HIC1,6077,-1.0,12.373412681048585,0.18914939372825643,9.097166526015626e-06,-6.445181108366962,8.601297961959952,0.9565217391304348,0.88,25,23
6073,2,HIC1,6073,-1.0,12.373412681048585,0.529777380565486,1.2854636025762374e-40,-5.4756914003703745,6.4965671988978055,0.9565217391304348,0.88,25,23
6088,2,HIC1,6088,-1.0,12.373412681048585,-0.3181889318080701,3.0598899078617625e-14,10.520717230739736,16.66751184992575,0.9565217391304348,0.88,25,23
6081,2,HIC1,6081,-1.0,12.373412681048585,0.48394475677775955,3.166543836012536e-33,-3.2906302889715886,2.821978869204433,0.9565217391304348,0.88,25,23
6076,2,HIC1,6076,-1.0,12.373412681048585,0.5458390696597899,1.7393702378280313e-43,-3.5534314068466837,3.1812378348645596,0.9565217391304348,0.88,25,23
6065,2,HIC1,6065,-1.0,12.373412681048585,0.44616002911735325,6.404200965870591e-28,-4.355991986669674,4.588218010219514,0.9565217391304348,0.88,25,23
6064,2,HIC1,6064,-1.0,12.373412681048585,0.23178966190051895,4.671612972273506e-08,-2.780853358650905,2.175439275591955,0.9565217391304348,0.88,25,23
6087,2,HIC1,6087,-1.0,12.373412681048585,0.6614718684154667,1.295225453976507e-69,-8.981207036678407,13.35569514677559,0.9565217391304348,0.88,25,23
6066,2,HIC1,6066,-1.0,12.373412681048585,-0.31501366524877467,5.654889905901511e-14,7.607473419104691,11.3001984032613,0.9565217391304348,0.88,25,23
6071,2,HIC1,6071,-1.0,12.373412681048585,0.6200211634469286,5.517329788949094e-59,-12.316011606858387,22.532407750994576,0.9565217391304348,0.88,25,23
6086,2,HIC1,6086,-1.0,12.373412681048585,0.45490250543551913,4.335551066844301e-29,-7.207248839169278,9.59967227582155,0.9565217391304348,0.88,25,23
2288,2,RUNX2,2288,-1.0,6.954119362672389,0.5066540887215828,9.512604697677254e-37,-3.705623177698921,3.4719215025248786,0.6470588235294118,0.44,25,17
2272,2,RUNX2,2272,-1.0,6.954119362672389,0.16267732144334768,0.00014042367180113356,-3.420477030871738,3.096370414706785,0.6470588235294118,0.44,25,17
2279,2,RUNX2,2279,-1.0,6.954119362672389,-0.4177061509809119,2.429985811578428e-24,10.208545181504801,16.191476474545546,0.6470588235294118,0.44,25,17
2275,2,RUNX2,2275,-1.0,6.954119362672389,0.27345750281519715,9.083728976564824e-11,-12.031447822479585,21.736996331562516,0.6470588235294118,0.44,25,17
2281,2,RUNX2,2281,-1.0,6.954119362672389,0.4232041050910997,5.251312034224734e-25,-14.44806381113817,29.36053808379467,0.6470588235294118,0.44,25,17
2284,2,RUNX2,2284,-1.0,6.954119362672389,0.5027106391067161,4.0649388853553793e-36,-5.1412654578293555,5.856195205969363,0.6470588235294118,0.44,25,17
2280,2,RUNX2,2280,-1.0,6.954119362672389,0.04027185990091946,0.3489402599568856,-3.487795955718381,3.239080574483402,0.6470588235294118,0.44,25,17
2286,2,RUNX2,2286,-1.0,6.954119362672389,0.22705726752587646,8.854239302883485e-08,-7.942452319298076,11.144009634487324,0.6470588235294118,0.44,25,17
2292,2,RUNX2,2292,-1.0,6.954119362672389,-0.35603766847710727,1.1338721509187773e-17,3.2296778859094304,2.748737657251182,0.6470588235294118,0.44,25,17
2278,2,RUNX2,2278,-1.0,6.954119362672389,0.42838096483012283,1.2091942273484346e-25,-2.194770057660006,1.5206520166562456,0.6470588235294118,0.44,25,17
2276,2,RUNX2,2276,-1.0,6.954119362672389,-0.3393105555202449,4.258696777581423e-16,3.1174376559775423,2.5995677980011167,0.6470588235294118,0.44,25,17
9436,2,TBX5,9436,-1.0,16.19483531108544,-0.13079484679907485,0.0022586179037058806,3.9049758310200047,3.71808706129429,1.0,1.0,7,7
9433,2,TBX5,9433,-1.0,16.19483531108544,0.14406086252244693,0.0007604581282247484,-3.9603394002619536,3.844251066027506,1.0,1.0,7,7
9435,2,TBX5,9435,-1.0,16.19483531108544,0.150347420973123,0.0004391291858043309,-2.300692256681439,1.623069977078309,1.0,1.0,7,7
9432,2,TBX5,9432,-1.0,16.19483531108544,-0.24425813634652818,8.105918100227113e-09,9.912913975781212,15.16785981512622,1.0,1.0,7,7
9431,2,TBX5,9431,-1.0,16.19483531108544,0.27505520027246555,6.990703831235321e-11,-13.367703840713606,26.15443923227426,1.0,1.0,7,7
9434,2,TBX5,9434,-1.0,16.19483531108544,0.08051286676121426,0.06081185823430005,-5.124593405554077,5.901352151671957,1.0,1.0,7,7
9430,2,TBX5,9430,-1.0,16.19483531108544,-0.13811940940823939,0.001252842451153479,10.87816849233739,17.620809027810406,1.0,1.0,7,7
43,2,ZKSCAN3,43,1.0,8.563063065001915,0.5709789450835685,2.6694955498940754e-48,5.5542828022676884,6.795478712971712,0.6666666666666666,0.6666666666666666,3,3
45,2,ZKSCAN3,45,1.0,8.563063065001915,-0.39022260144603393,3.4091191014717286e-21,-2.678658518753604,2.053693135683179,0.6666666666666666,0.6666666666666666,3,3
4105,2,RARB,4105,-1.0,5.327728944815081,0.7832463840156765,9.382285020237767e-114,-5.4136103977046615,6.428462455638196,0.42105263157894735,0.32,25,19
4110,2,RARB,4110,-1.0,5.327728944815081,0.5405803623359601,1.5727791959100234e-42,-5.236375046336111,5.985248429233701,0.42105263157894735,0.32,25,19
4104,2,RARB,4104,-1.0,5.327728944815081,0.5923066867977748,1.0106240164176924e-52,-7.396860906059074,11.295817734262135,0.42105263157894735,0.32,25,19
4112,2,RARB,4112,-1.0,5.327728944815081,0.5317938891933607,5.718888291111587e-41,-2.0761605540670685,1.3888384730789967,0.42105263157894735,0.32,25,19
4094,2,RARB,4094,-1.0,5.327728944815081,0.732334413041888,2.41773088036664e-92,-3.102848107149963,2.6366794835711946,0.42105263157894735,0.32,25,19
4098,2,RARB,4098,-1.0,5.327728944815081,0.2951493613489921,2.238063232148474e-12,-15.123317170538986,32.17597572517619,0.42105263157894735,0.32,25,19
4096,2,RARB,4096,-1.0,5.327728944815081,0.5525056004134952,1.0081459099712026e-44,-10.847226102727268,18.944789739305595,0.42105263157894735,0.32,25,19
4115,2,RARB,4115,-1.0,5.327728944815081,0.666615974130167,4.713560343625768e-71,-3.939472892989283,3.8060094524294543,0.42105263157894735,0.32,25,19
6555,2,ARID5A,6555,-1.0,5.067612801876959,0.12156427523813751,0.004557756845333849,-4.766527269621249,5.085972701701057,0.9,0.72,25,20
6557,2,ARID5A,6557,-1.0,5.067612801876959,-0.23326801516308956,3.814915605310839e-08,6.840587761924442,9.155255938645581,0.9,0.72,25,20
6538,2,ARID5A,6538,-1.0,5.067612801876959,0.4313967335318462,5.0798243279143433e-26,-12.467573833529057,23.20983181040658,0.9,0.72,25,20
6534,2,ARID5A,6534,-1.0,5.067612801876959,0.2096278543220921,8.289317686448357e-07,-2.3518759002897283,1.6979269734149385,0.9,0.72,25,20
6542,2,ARID5A,6542,-1.0,5.067612801876959,-0.34334574638401566,1.8113907553500193e-16,5.670715139235281,6.774704185244704,0.9,0.72,25,20
6552,2,ARID5A,6552,-1.0,5.067612801876959,-0.4165939382419499,3.3015087183442824e-24,2.270884730577248,1.5992841822199901,0.9,0.72,25,20
6548,2,ARID5A,6548,-1.0,5.067612801876959,0.31651930103961423,4.230084760537487e-14,-3.663532196782924,3.375499941165525,0.9,0.72,25,20
6556,2,ARID5A,6556,-1.0,5.067612801876959,0.22653492703272823,9.493637822231874e-08,-2.5950520764144245,1.97209820822807,0.9,0.72,25,20
6558,2,ARID5A,6558,-1.0,5.067612801876959,-0.4828275222547481,4.646767480372201e-33,8.587728471079078,13.19583984401087,0.9,0.72,25,20
6547,2,ARID5A,6547,-1.0,5.067612801876959,0.19765622095609972,3.4654795614347833e-06,-2.6416450319790132,2.0096969420522766,0.9,0.72,25,20
6543,2,ARID5A,6543,-1.0,5.067612801876959,-0.376249899564319,1.0542341815966752e-19,9.123256520794923,15.073834862049996,0.9,0.72,25,20
6549,2,ARID5A,6549,-1.0,5.067612801876959,0.5971416155094278,9.031392272832271e-54,-6.2968589868941445,8.089140871323858,0.9,0.72,25,20
6541,2,ARID5A,6541,-1.0,5.067612801876959,0.20529690286340627,1.4045478771436945e-06,-5.890089954244495,7.536281236539564,0.9,0.72,25,20
6554,2,ARID5A,6554,-1.0,5.067612801876959,0.27031244191219944,1.5135863269586315e-10,-2.787812337113426,2.1699109729118713,0.9,0.72,25,20
6544,2,ARID5A,6544,-1.0,5.067612801876959,0.17370838215206982,4.712115915820693e-05,-7.780746365944971,11.804513021378078,0.9,0.72,25,20
6536,2,ARID5A,6536,-1.0,5.067612801876959,-0.39780519555276805,4.937346902020618e-22,8.421789624519146,13.20281314642204,0.9,0.72,25,20
6546,2,ARID5A,6546,-1.0,5.067612801876959,-0.34188553150562384,2.4716522043117155e-16,3.654884301610367,3.379295916947178,0.9,0.72,25,20
6539,2,ARID5A,6539,-1.0,5.067612801876959,0.3039832041560585,4.513058496614158e-13,-14.3842421302599,29.354046696183797,0.9,0.72,25,20
9624,2,HOXD12,9624,-1.0,4.142672541639852,0.23382175528755353,3.5349062411233504e-08,-2.5462566446258488,1.904799301047157,0.8421052631578947,0.6956521739130435,23,19
9632,2,HOXD12,9632,-1.0,4.142672541639852,0.2237281454636508,1.3768956484388044e-07,-2.4001492766103385,1.733119980824428,0.8421052631578947,0.6956521739130435,23,19
9637,2,HOXD12,9637,-1.0,4.142672541639852,0.2237760079863405,1.3682491866568092e-07,-9.39615323073638,16.036231602802456,0.8421052631578947,0.6956521739130435,23,19
9635,2,HOXD12,9635,-1.0,4.142672541639852,0.3346771993793496,1.1192541145346388e-15,-4.484513131183449,4.70497480410878,0.8421052631578947,0.6956521739130435,23,19
9625,2,HOXD12,9625,-1.0,4.142672541639852,0.277783316763779,4.4522955864167184e-11,-8.899068682456246,14.804393105869396,0.8421052631578947,0.6956521739130435,23,19
9630,2,HOXD12,9630,-1.0,4.142672541639852,0.2718490264073175,1.180394781809597e-10,-13.052824863568336,26.724607721346022,0.8421052631578947,0.6956521739130435,23,19
9627,2,HOXD12,9627,-1.0,4.142672541639852,0.3350080966815434,1.0451843218960329e-15,-14.19137081923629,29.538434974915692,0.8421052631578947,0.6956521739130435,23,19
9616,2,HOXD12,9616,-1.0,4.142672541639852,0.298610055897281,1.2030315881745568e-12,-14.720570222642813,31.814461927457938,0.8421052631578947,0.6956521739130435,23,19
9621,2,HOXD12,9621,-1.0,4.142672541639852,-0.21816789492551,2.835223516072227e-07,8.823028913105748,12.94124304893289,0.8421052631578947,0.6956521739130435,23,19
9636,2,HOXD12,9636,-1.0,4.142672541639852,0.3160662963092623,4.6169663124933017e-14,-6.7863873568735436,9.064528948312446,0.8421052631578947,0.6956521739130435,23,19
9617,2,HOXD12,9617,-1.0,4.142672541639852,-0.15704132572294274,0.0002389510270765654,11.292210416035354,18.53932939580152,0.8421052631578947,0.6956521739130435,23,19
9622,2,HOXD12,9622,-1.0,4.142672541639852,-0.08735605970785047,0.04187073770212422,10.613552407307433,19.089719135206163,0.8421052631578947,0.6956521739130435,23,19
9628,2,HOXD12,9628,-1.0,4.142672541639852,0.10744308272511177,0.012239486418409214,-4.816448834060514,5.247358991664983,0.8421052631578947,0.6956521739130435,23,19
9618,2,HOXD12,9618,-1.0,4.142672541639852,0.18269315367064234,1.8399828864814872e-05,-2.716018171007914,2.117464233117844,0.8421052631578947,0.6956521739130435,23,19
9633,2,HOXD12,9633,-1.0,4.142672541639852,0.21778731334370746,2.976864192248396e-07,-4.137993724319077,4.095292545000546,0.8421052631578947,0.6956521739130435,23,19
9634,2,HOXD12,9634,-1.0,4.142672541639852,0.26585892404342887,3.084109726559638e-10,-5.74264182362922,6.937119221349563,0.8421052631578947,0.6956521739130435,23,19
9601,2,TBX15,9601,-1.0,6.131348371055595,-0.41920429157167755,1.6051663209501355e-24,2.830226414223878,2.2290862426761917,0.8421052631578947,0.64,25,19
9604,2,TBX15,9604,-1.0,6.131348371055595,-0.25411126714452065,1.894310971755114e-09,9.506695144995149,14.097549651967054,0.8421052631578947,0.64,25,19
9587,2,TBX15,9587,-1.0,6.131348371055595,-0.06653436639176272,0.12148964670381301,9.218955864815124,15.436542179241632,0.8421052631578947,0.64,25,19
9607,2,TBX15,9607,-1.0,6.131348371055595,-0.28213282214070107,2.1463187375316272e-11,3.2455968533784203,2.7852265269287875,0.8421052631578947,0.64,25,19
9602,2,TBX15,9602,-1.0,6.131348371055595,0.44039382179652153,3.626027238885518e-27,-6.3972722108302555,8.140105793889768,0.8421052631578947,0.64,25,19
9603,2,TBX15,9603,-1.0,6.131348371055595,0.21729896674169863,3.1686170433849393e-07,-7.160141359860207,10.438047530538261,0.8421052631578947,0.64,25,19
9585,2,TBX15,9585,-1.0,6.131348371055595,-0.3118216094413138,1.0407781091871103e-13,11.63279895968985,19.59433679865372,0.8421052631578947,0.64,25,19
9600,2,TBX15,9600,-1.0,6.131348371055595,-0.28252077369652473,2.0098301381747535e-11,13.228446759487413,28.422749809450185,0.8421052631578947,0.64,25,19
9586,2,TBX15,9586,-1.0,6.131348371055595,0.2882964999214503,7.465753520367662e-12,-13.150823437023504,26.05178700181129,0.8421052631578947,0.64,25,19
9606,2,TBX15,9606,-1.0,6.131348371055595,0.22789575555814057,7.91387617392074e-08,-15.8390875037745,34.512746079820985,0.8421052631578947,0.64,25,19
9590,2,TBX15,9590,-1.0,6.131348371055595,-0.3449004757353391,1.2987250609224648e-16,5.8395499151195605,7.067877793622837,0.8421052631578947,0.64,25,19
9609,2,TBX15,9609,-1.0,6.131348371055595,-0.23201744103076388,4.528447973423179e-08,7.256559199708979,10.107159613272358,0.8421052631578947,0.64,25,19
9593,2,TBX15,9593,-1.0,6.131348371055595,-0.4237727659207044,4.47454922530268e-25,8.143652203319666,11.574742948723207,0.8421052631578947,0.64,25,19
9588,2,TBX15,9588,-1.0,6.131348371055595,0.3203361567252332,2.011567865768331e-14,-4.64632697015147,4.963042215387677,0.8421052631578947,0.64,25,19
9594,2,TBX15,9594,-1.0,6.131348371055595,0.2867773727704778,9.708536053371554e-12,-5.641325583614287,6.854888543437484,0.8421052631578947,0.64,25,19
9595,2,TBX15,9595,-1.0,6.131348371055595,0.2509806719776655,3.026725462394397e-09,-12.640060509135012,21.059269443051594,0.8421052631578947,0.64,25,19
9854,2,E2F2,9854,-1.0,1.9107997435148814,0.401694604775102,1.797120978378601e-22,-3.3006319441258105,2.8395130360841834,0.75,0.42857142857142855,7,4
9853,2,E2F2,9853,-1.0,1.9107997435148814,0.4720468012284933,1.7509334697858971e-31,-2.0172565152170225,1.3297072679990833,0.75,0.42857142857142855,7,4
9852,2,E2F2,9852,-1.0,1.9107997435148814,0.42600566097471176,2.3795568492353454e-25,-3.835835367109216,3.6713292434610323,0.75,0.42857142857142855,7,4
3400,2,NFE2L2,3400,1.0,8.773126443524076,0.3847892559604829,1.3203413831452583e-20,3.039472830899514,2.4918855787538616,0.8695652173913043,0.8,25,23
3396,2,NFE2L2,3396,1.0,8.773126443524076,0.13428737736353638,0.0017114199081434886,2.1703690195515866,1.4824487731432816,0.8695652173913043,0.8,25,23
3403,2,NFE2L2,3403,1.0,8.773126443524076,0.3567120865797544,9.751679668434239e-18,8.387327828839988,12.466594736519719,0.8695652173913043,0.8,25,23
3399,2,NFE2L2,3399,1.0,8.773126443524076,-0.021000201470977985,0.6253512347942399,-2.6928584098559205,2.0603083515912752,0.8695652173913043,0.8,25,23
3379,2,NFE2L2,3379,1.0,8.773126443524076,0.5830140627941867,9.362551460200929e-51,6.5870832396264385,9.11820302436088,0.8695652173913043,0.8,25,23
3384,2,NFE2L2,3384,1.0,8.773126443524076,-0.32666315491559206,5.7306505329352915e-15,-2.6919755611553264,2.063043603438793,0.8695652173913043,0.8,25,23
3387,2,NFE2L2,3387,1.0,8.773126443524076,0.4860008400620244,1.557545188301613e-33,3.9605900183161302,3.874270386207347,0.8695652173913043,0.8,25,23
3386,2,NFE2L2,3386,1.0,8.773126443524076,0.37451296189919975,1.596677534116411e-19,3.2982981316183166,2.86911566162577,0.8695652173913043,0.8,25,23
3401,2,NFE2L2,3401,1.0,8.773126443524076,-0.1807824269337916,2.2560324472201827e-05,-7.296964107316755,10.037394509677465,0.8695652173913043,0.8,25,23
3395,2,NFE2L2,3395,1.0,8.773126443524076,0.43712576466031156,9.546058049029551e-27,11.070737615487777,20.47560605956211,0.8695652173913043,0.8,25,23
3394,2,NFE2L2,3394,1.0,8.773126443524076,0.3999570674939769,2.8273127206900676e-22,7.086592439129172,9.285408632666554,0.8695652173913043,0.8,25,23
3402,2,NFE2L2,3402,1.0,8.773126443524076,0.39484069401954985,1.0571970962004167e-21,4.656953827066729,4.96368666147065,0.8695652173913043,0.8,25,23
3382,2,NFE2L2,3382,1.0,8.773126443524076,0.604444188941402,2.1747827866543218e-55,9.0562713639545,14.922177959226833,0.8695652173913043,0.8,25,23
3385,2,NFE2L2,3385,1.0,8.773126443524076,0.38072678256844317,3.574690102741256e-20,12.191838767274652,21.14402415096062,0.8695652173913043,0.8,25,23
3380,2,NFE2L2,3380,1.0,8.773126443524076,-0.3892306117162569,4.373443075585702e-21,-2.0930407818988206,1.406320148979201,0.8695652173913043,0.8,25,23
3390,2,NFE2L2,3390,1.0,8.773126443524076,-0.1994706589899828,2.805294365756425e-06,-6.331431618514809,8.023474228969674,0.8695652173913043,0.8,25,23
3397,2,NFE2L2,3397,1.0,8.773126443524076,0.5581800664854227,8.482907565195298e-46,6.266756980427178,8.199820033773257,0.8695652173913043,0.8,25,23
3393,2,NFE2L2,3393,1.0,8.773126443524076,0.2535946979554294,2.047492982818854e-09,10.523721487945153,19.01012755828444,0.8695652173913043,0.8,25,23
3391,2,NFE2L2,3391,1.0,8.773126443524076,0.45130735776808534,1.324475117053361e-28,13.748263916224259,28.677239625882184,0.8695652173913043,0.8,25,23
3383,2,NFE2L2,3383,1.0,8.773126443524076,0.1143007517985482,0.007674096293895187,2.4260044966245067,1.7626707844901546,0.8695652173913043,0.8,25,23
2158,2,ATF7,2158,1.0,8.784920967727258,0.7208348273765481,3.543914585668139e-88,7.187504991315136,10.544967875006607,0.5,0.42857142857142855,7,6
2159,2,ATF7,2159,1.0,8.784920967727258,-0.5614250384054053,2.0158283297759527e-46,-2.9449435226127134,2.3761195366416343,0.5,0.42857142857142855,7,6
2160,2,ATF7,2160,1.0,8.784920967727258,0.456748273405711,2.4310452582728893e-29,7.976633241809858,12.25021435654427,0.5,0.42857142857142855,7,6
1394,2,TTF1,1394,1.0,8.66127218780531,0.6328731080615974,4.159591676237576e-62,6.14438610080623,8.117646032943963,0.625,0.5,20,16
1402,2,TTF1,1402,1.0,8.66127218780531,-0.249440033602481,3.803010660087518e-09,-6.13075683843235,7.593622931705305,0.625,0.5,20,16
1400,2,TTF1,1400,1.0,8.66127218780531,0.320470470710557,1.959254355520913e-14,4.674736000087963,5.072550892164438,0.625,0.5,20,16
1411,2,TTF1,1411,1.0,8.66127218780531,0.2474096588544696,5.1261852583342535e-09,6.907381656141847,9.050209089612839,0.625,0.5,20,16
1409,2,TTF1,1409,1.0,8.66127218780531,0.052704448071455044,0.22013841225322853,4.089321494522655,4.050988893450845,0.625,0.5,20,16
1403,2,TTF1,1403,1.0,8.66127218780531,-0.39792084648990783,4.792102334575842e-22,-2.030624364033306,1.3383953808669833,0.625,0.5,20,16
1397,2,TTF1,1397,1.0,8.66127218780531,0.41133613034212896,1.3844180057486626e-23,9.54227875264308,16.01376975358975,0.625,0.5,20,16
1395,2,TTF1,1395,1.0,8.66127218780531,-0.32885767454522125,3.681734040595982e-15,-2.5097285931907236,1.8530342546195344,0.625,0.5,20,16
1407,2,TTF1,1407,1.0,8.66127218780531,0.4432041470642201,1.5640525134872656e-27,5.686706754658165,6.758193786171171,0.625,0.5,20,16
1401,2,TTF1,1401,1.0,8.66127218780531,0.35617850328649536,1.0987584850281233e-17,12.138461973165684,23.71719022456437,0.625,0.5,20,16
3304,2,USF1,3304,-1.0,3.5421583496418316,0.3748503208545248,1.473286162339305e-19,-2.0952800368067184,1.4068941734222713,1.0,0.5238095238095238,21,11
3313,2,USF1,3313,-1.0,3.5421583496418316,0.6218745765211958,1.9968906714021464e-59,-2.542067414268872,1.88639658635077,1.0,0.5238095238095238,21,11
3303,2,USF1,3303,-1.0,3.5421583496418316,-0.16266540407523022,0.00014058422923044777,6.301502840885293,8.459173347473982,1.0,0.5238095238095238,21,11
3320,2,USF1,3320,-1.0,3.5421583496418316,0.5585329405049008,7.261239440454085e-46,-2.17982918934895,1.4898744210112644,1.0,0.5238095238095238,21,11
3318,2,USF1,3318,-1.0,3.5421583496418316,0.3319889442800831,1.9461600242453587e-15,-2.2502430704545806,1.5700097774121584,1.0,0.5238095238095238,21,11
3317,2,USF1,3317,-1.0,3.5421583496418316,0.2946989747765531,2.4248889192219136e-12,-3.0572564557389295,2.512421342842152,1.0,0.5238095238095238,21,11
3315,2,USF1,3315,-1.0,3.5421583496418316,0.2495633296436962,3.7343634639589696e-09,-4.550299695684955,4.781573223789408,1.0,0.5238095238095238,21,11
3316,2,USF1,3316,-1.0,3.5421583496418316,0.5167158701567517,2.143384381790587e-38,-2.9325603621750176,2.377464089178573,1.0,0.5238095238095238,21,11
3306,2,USF1,3306,-1.0,3.5421583496418316,-0.37376793901185684,1.906390475057252e-19,8.833670802351511,14.171270188696539,1.0,0.5238095238095238,21,11
3322,2,USF1,3322,-1.0,3.5421583496418316,0.4867664747495704,1.1944280580906296e-33,-4.100335291392598,3.979724171553031,1.0,0.5238095238095238,21,11
3311,2,USF1,3311,-1.0,3.5421583496418316,0.2516628850883894,2.7343564007086677e-09,-6.474420747291011,8.375946502615406,1.0,0.5238095238095238,21,11
7815,2,HOXB13,7815,-1.0,1.633976167683925,0.35424136606902673,1.6912926126974514e-17,-2.882146877636871,2.3247349097698833,0.8095238095238095,0.68,25,21
7816,2,HOXB13,7816,-1.0,1.633976167683925,-0.3409045239177047,3.042762012959876e-16,10.483736733002237,16.830805661681076,0.8095238095238095,0.68,25,21
7819,2,HOXB13,7819,-1.0,1.633976167683925,-0.37962753165237967,4.669202123883162e-20,13.261327517665299,27.933391858404754,0.8095238095238095,0.68,25,21
7825,2,HOXB13,7825,-1.0,1.633976167683925,0.4672156124969079,8.542667727895747e-31,-5.747707447688012,7.053543090165305,0.8095238095238095,0.68,25,21
7837,2,HOXB13,7837,-1.0,1.633976167683925,-0.33940515088041184,4.174795687135114e-16,2.309773503717777,1.6438772774489143,0.8095238095238095,0.68,25,21
7838,2,HOXB13,7838,-1.0,1.633976167683925,-0.24819099535925476,4.571205612716181e-09,12.1968957042332,19.958174907230276,0.8095238095238095,0.68,25,21
7836,2,HOXB13,7836,-1.0,1.633976167683925,0.331543811267222,2.131731623598824e-15,-6.22522762179222,7.929178204857444,0.8095238095238095,0.68,25,21
7834,2,HOXB13,7834,-1.0,1.633976167683925,0.274198000723519,8.047088694261619e-11,-3.266288905512217,2.802496037268643,0.8095238095238095,0.68,25,21
7832,2,HOXB13,7832,-1.0,1.633976167683925,0.30054033773889954,8.478583909016308e-13,-14.587471113220685,34.13959562465973,0.8095238095238095,0.68,25,21
7821,2,HOXB13,7821,-1.0,1.633976167683925,0.4509049170584995,1.499603168805545e-28,-3.642064775705684,3.3739205467222,0.8095238095238095,0.68,25,21
7820,2,HOXB13,7820,-1.0,1.633976167683925,0.36705845744233134,9.218771142479245e-19,-2.4196424085580617,1.7567519137641994,0.8095238095238095,0.68,25,21
7829,2,HOXB13,7829,-1.0,1.633976167683925,0.27304906197366063,9.710084871403402e-11,-2.8910491225030994,2.3281512849910744,0.8095238095238095,0.68,25,21
7830,2,HOXB13,7830,-1.0,1.633976167683925,-0.27512855838792144,6.90685896568335e-11,5.334218664505927,6.143387185438049,0.8095238095238095,0.68,25,21
7818,2,HOXB13,7818,-1.0,1.633976167683925,-0.15800636151133923,0.00021843478079646472,9.284088059103148,13.9602480470283,0.8095238095238095,0.68,25,21
7828,2,HOXB13,7828,-1.0,1.633976167683925,0.4121035501680528,1.1248267949890733e-23,-3.3917021207893785,2.9680897891887246,0.8095238095238095,0.68,25,21
7827,2,HOXB13,7827,-1.0,1.633976167683925,-0.32393606692668236,9.881566829353715e-15,9.635689974809791,16.385517771594728,0.8095238095238095,0.68,25,21
7823,2,HOXB13,7823,-1.0,1.633976167683925,0.39764304151759594,5.148335576348164e-22,-7.136840310264859,9.802908207998609,0.8095238095238095,0.68,25,21
8873,2,TFAP2B,8873,-1.0,21.937957941148973,0.2834643938244046,1.712254469624379e-11,-8.322321368464207,13.063300612375158,1.0,0.92,25,23
8872,2,TFAP2B,8872,-1.0,21.937957941148973,0.30718655742987255,2.4911414324966857e-13,-6.545195842931399,8.515171229607823,1.0,0.92,25,23
8855,2,TFAP2B,8855,-1.0,21.937957941148973,0.17194049761171787,5.639274278624074e-05,-3.069495656912374,2.5537833987259018,1.0,0.92,25,23
8867,2,TFAP2B,8867,-1.0,21.937957941148973,0.25895445200577555,9.061076095612695e-10,-9.890095270287054,16.10742816119342,1.0,0.92,25,23
8860,2,TFAP2B,8860,-1.0,21.937957941148973,0.17648524759340406,3.541043544631914e-05,-2.0516617166587876,1.360481942372347,1.0,0.92,25,23
8864,2,TFAP2B,8864,-1.0,21.937957941148973,0.277337058716274,4.794941642814881e-11,-5.722637420299644,6.662464263362982,1.0,0.92,25,23
8852,2,TFAP2B,8852,-1.0,21.937957941148973,-0.2280902269969955,7.70997404387831e-08,13.242094886547475,28.030344045669494,1.0,0.92,25,23
8871,2,TFAP2B,8871,-1.0,21.937957941148973,0.2552503270413778,1.5948509139120072e-09,-10.694413461506826,18.61897707411446,1.0,0.92,25,23
8863,2,TFAP2B,8863,-1.0,21.937957941148973,0.14614855096010546,0.0006352084678853141,-2.066771786435408,1.3827219028890056,1.0,0.92,25,23
8869,2,TFAP2B,8869,-1.0,21.937957941148973,0.29097172211428096,4.6827617223934924e-12,-9.02152544200483,13.4566340488688,1.0,0.92,25,23
8851,2,TFAP2B,8851,-1.0,21.937957941148973,0.2983495644580559,1.2609454704487765e-12,-8.810003665036763,15.937324219132538,1.0,0.92,25,23
8866,2,TFAP2B,8866,-1.0,21.937957941148973,0.20941880460874857,8.505211027302565e-07,-4.642258980568161,4.840477743128895,1.0,0.92,25,23
8853,2,TFAP2B,8853,-1.0,21.937957941148973,0.2575560413745117,1.1228767851950054e-09,-8.592041155598112,13.303408096842949,1.0,0.92,25,23
8870,2,TFAP2B,8870,-1.0,21.937957941148973,0.3245547009516111,8.736913446486437e-15,-11.329184591530234,18.627359329189648,1.0,0.92,25,23
8854,2,TFAP2B,8854,-1.0,21.937957941148973,0.3040532606406395,4.4551342336387067e-13,-7.0899471037928175,9.702199955646543,1.0,0.92,25,23
8865,2,TFAP2B,8865,-1.0,21.937957941148973,-0.08098599834006126,0.05930644689179144,3.383961677871201,2.984740974016545,1.0,0.92,25,23
8868,2,TFAP2B,8868,-1.0,21.937957941148973,0.11898285050760442,0.005502214654319193,-3.823527572810681,3.5768979821870506,1.0,0.92,25,23
8849,2,TFAP2B,8849,-1.0,21.937957941148973,0.30101084832678326,7.782372382159152e-13,-15.650541277126,32.47505882840447,1.0,0.92,25,23
8857,2,TFAP2B,8857,-1.0,21.937957941148973,0.31822560080467865,3.0381349292919076e-14,-7.022510082135187,10.055805702464832,1.0,0.92,25,23
8856,2,TFAP2B,8856,-1.0,21.937957941148973,-0.03777749658511994,0.3796236999092545,5.075594743158405,5.643607680430181,1.0,0.92,25,23
8858,2,TFAP2B,8858,-1.0,21.937957941148973,0.2855491739365852,1.1991812046333832e-11,-9.809245335185437,14.902412400294484,1.0,0.92,25,23
8862,2,TFAP2B,8862,-1.0,21.937957941148973,0.32507798203771393,7.871104494133221e-15,-4.608378949805321,4.748209303773787,1.0,0.92,25,23
8861,2,TFAP2B,8861,-1.0,21.937957941148973,0.4905526393364857,3.1825953839496195e-34,-15.201578068943148,33.84314971654482,1.0,0.92,25,23
4580,2,ETV3,4580,1.0,8.356717948117932,0.507320112200147,7.429410153925237e-37,2.626636739033114,1.9940213786772205,0.8333333333333334,0.5555555555555556,18,12
4566,2,ETV3,4566,1.0,8.356717948117932,-0.5999346268649557,2.1963766336538228e-54,-2.4719881985588668,1.8112899139219902,0.8333333333333334,0.5555555555555556,18,12
4581,2,ETV3,4581,1.0,8.356717948117932,0.30338276367814054,5.040722324290186e-13,7.0710960510333285,9.648381440164153,0.8333333333333334,0.5555555555555556,18,12
4575,2,ETV3,4575,1.0,8.356717948117932,0.32367796663017007,1.0401521128649297e-14,2.258054500049313,1.5752072316720438,0.8333333333333334,0.5555555555555556,18,12
4567,2,ETV3,4567,1.0,8.356717948117932,0.5730356279838392,1.0328953587569653e-48,7.480879714521626,10.790058567015302,0.8333333333333334,0.5555555555555556,18,12
4570,2,ETV3,4570,1.0,8.356717948117932,-0.30440390973620496,4.1759751617847045e-13,-2.2423088254033883,1.559252713225754,0.8333333333333334,0.5555555555555556,18,12
4574,2,ETV3,4574,1.0,8.356717948117932,0.2021641340885297,2.042537539811587e-06,7.3445677743008675,9.935161966726103,0.8333333333333334,0.5555555555555556,18,12
4565,2,ETV3,4565,1.0,8.356717948117932,0.792285295496764,3.6083354534277343e-118,6.218015153821935,8.24099620331494,0.8333333333333334,0.5555555555555556,18,12
4577,2,ETV3,4577,1.0,8.356717948117932,0.2887779915741959,6.867080920778887e-12,4.77498960976481,5.17781096930191,0.8333333333333334,0.5555555555555556,18,12
4572,2,ETV3,4572,1.0,8.356717948117932,0.6098174978743612,1.317101906815861e-56,2.7394304308040955,2.1367399352959273,0.8333333333333334,0.5555555555555556,18,12
9736,2,HMGA2,9736,-1.0,2.8706743877353986,-0.33652346071237144,7.63056440246693e-16,12.30645060166941,23.5813570740479,1.0,0.5,8,4
9735,2,HMGA2,9735,-1.0,2.8706743877353986,-0.4140313322670398,6.660637992757363e-24,7.820718727456745,10.955009790129989,1.0,0.5,8,4
9732,2,HMGA2,9732,-1.0,2.8706743877353986,0.32639874699748384,6.042971334455872e-15,-3.5970535319693457,3.302221440984711,1.0,0.5,8,4
9731,2,HMGA2,9731,-1.0,2.8706743877353986,0.4902803192751632,3.5021405139710256e-34,-13.347479270338448,26.266358983139597,1.0,0.5,8,4
7760,2,FOS,7760,-1.0,1.8624128278724088,0.2791882578396795,3.522341997106021e-11,-7.2111398651211225,10.098695108852572,0.8333333333333334,0.7142857142857143,7,6
7757,2,FOS,7757,-1.0,1.8624128278724088,0.22544062782194282,1.0980838072603445e-07,-15.278448486233543,31.78352780260708,0.8333333333333334,0.7142857142857143,7,6
7755,2,FOS,7755,-1.0,1.8624128278724088,0.3491062573527913,5.2307730346319726e-17,-3.8927004802320186,3.8017812264746547,0.8333333333333334,0.7142857142857143,7,6
7758,2,FOS,7758,-1.0,1.8624128278724088,0.3162179939966446,4.4836973727199716e-14,-9.575227255445702,16.5161399203525,0.8333333333333334,0.7142857142857143,7,6
7756,2,FOS,7756,-1.0,1.8624128278724088,0.3730593427968729,2.2555742201593155e-19,-11.67810646282886,22.21016954106341,0.8333333333333334,0.7142857142857143,7,6
9388,2,NKX3-2,9388,-1.0,14.963803219378995,-0.30637884043690555,2.8958042571498213e-13,8.578815770386658,12.343462478669634,0.9473684210526315,0.782608695652174,23,19
9397,2,NKX3-2,9397,-1.0,14.963803219378995,0.34342403300789165,1.7813760370482192e-16,-11.854287609416144,21.911297198725652,0.9473684210526315,0.782608695652174,23,19
9402,2,NKX3-2,9402,-1.0,14.963803219378995,0.29145456222704197,4.302418140668533e-12,-3.5895490637127425,3.26264170005752,0.9473684210526315,0.782608695652174,23,19
9399,2,NKX3-2,9399,-1.0,14.963803219378995,-0.18879044047770122,9.46649317882273e-06,6.274014292880424,8.353289120533443,0.9473684210526315,0.782608695652174,23,19
9393,2,NKX3-2,9393,-1.0,14.963803219378995,-0.29662940972414786,1.7179782279732742e-12,9.662860836902471,15.533843747676702,0.9473684210526315,0.782608695652174,23,19
9398,2,NKX3-2,9398,-1.0,14.963803219378995,-0.2468305354489793,5.579172035604864e-09,7.588230393578353,10.980226344317584,0.9473684210526315,0.782608695652174,23,19
9394,2,NKX3-2,9394,-1.0,14.963803219378995,0.34366981760668003,1.6902853830315667e-16,-4.315330068490143,4.376801501363462,0.9473684210526315,0.782608695652174,23,19
9401,2,NKX3-2,9401,-1.0,14.963803219378995,0.34032040150784915,3.442483849473327e-16,-9.089912689468227,13.910790787323702,0.9473684210526315,0.782608695652174,23,19
9381,2,NKX3-2,9381,-1.0,14.963803219378995,-0.34716406032729075,7.974290647359956e-17,11.31372827574639,18.86687909743882,0.9473684210526315,0.782608695652174,23,19
9392,2,NKX3-2,9392,-1.0,14.963803219378995,0.3662964983808961,1.1000022243849605e-18,-5.253827558703092,5.973223874218922,0.9473684210526315,0.782608695652174,23,19
9396,2,NKX3-2,9396,-1.0,14.963803219378995,0.23288428764138483,4.021412415641136e-08,-5.428923433635112,6.342857214319683,0.9473684210526315,0.782608695652174,23,19
9384,2,NKX3-2,9384,-1.0,14.963803219378995,-0.30398672229863677,4.510132112237363e-13,13.854049957600507,28.738652217459098,0.9473684210526315,0.782608695652174,23,19
9403,2,NKX3-2,9403,-1.0,14.963803219378995,0.44263965861995364,1.853001960322046e-27,-11.86382203594173,22.386096896796982,0.9473684210526315,0.782608695652174,23,19
9382,2,NKX3-2,9382,-1.0,14.963803219378995,0.4499099850803236,2.0370550168263315e-28,-14.617718954270247,30.45072086988963,0.9473684210526315,0.782608695652174,23,19
9389,2,NKX3-2,9389,-1.0,14.963803219378995,-0.2827905800022097,1.9199425249141117e-11,9.153732690375907,15.151918194315284,0.9473684210526315,0.782608695652174,23,19
9400,2,NKX3-2,9400,-1.0,14.963803219378995,0.3184365581105947,2.9158935949524976e-14,-7.207333493842768,9.515421126090212,0.9473684210526315,0.782608695652174,23,19
9390,2,NKX3-2,9390,-1.0,14.963803219378995,0.2631510234197473,4.724024873082764e-10,-2.481558271425408,1.8257987635110404,0.9473684210526315,0.782608695652174,23,19
9383,2,NKX3-2,9383,-1.0,14.963803219378995,0.18590314749981965,1.300250485651988e-05,-2.7290423761141573,2.139453937262635,0.9473684210526315,0.782608695652174,23,19
9067,2,HES1,9067,-1.0,6.457975857888513,0.16602445294033702,0.00010155206136912966,-3.4447916593346597,3.039553219283876,1.0,0.75,4,3
9066,2,HES1,9066,-1.0,6.457975857888513,0.47103404979451163,2.4460869945401588e-31,-10.262801093553602,16.63850441109877,1.0,0.75,4,3
9068,2,HES1,9068,-1.0,6.457975857888513,0.2770223698743325,5.051896512738408e-11,-4.248114504648808,4.200063555498704,1.0,0.75,4,3
9900,2,CEBPD,9900,-1.0,2.178069264523736,0.2934339349080849,3.035044843070931e-12,-9.472898474868847,14.065360638379909,0.8888888888888888,0.8,10,9
9899,2,CEBPD,9899,-1.0,2.178069264523736,-0.23984302952389291,1.524068807208248e-08,4.8745307336769805,5.292622657844632,0.8888888888888888,0.8,10,9
9901,2,CEBPD,9901,-1.0,2.178069264523736,0.2162369718432316,3.62752084109189e-07,-2.492372334887474,1.8408346152422188,0.8888888888888888,0.8,10,9
9893,2,CEBPD,9893,-1.0,2.178069264523736,0.13572255827368152,0.001524138831427129,-2.8665079070101327,2.2939612809386367,0.8888888888888888,0.8,10,9
9895,2,CEBPD,9895,-1.0,2.178069264523736,0.24463650977913745,7.674568752194326e-09,-2.660124599221995,2.023889021674982,0.8888888888888888,0.8,10,9
9894,2,CEBPD,9894,-1.0,2.178069264523736,0.32018243017171805,2.0731251336188574e-14,-2.271831994232653,1.5852409989221061,0.8888888888888888,0.8,10,9
9896,2,CEBPD,9896,-1.0,2.178069264523736,0.267020699943756,2.5647115163523676e-10,-4.4343514445713605,4.553326349628333,0.8888888888888888,0.8,10,9
9898,2,CEBPD,9898,-1.0,2.178069264523736,-0.2919839135017935,3.920116406988342e-12,2.025805350309846,1.350414597778581,0.8888888888888888,0.8,10,9
94,2,MTERF1,94,1.0,4.563100760466529,-0.130013389425412,0.002401127261402733,-6.6183236822640845,8.827241054252099,0.7142857142857143,0.625,8,7
92,2,MTERF1,92,1.0,4.563100760466529,0.4150915253871421,4.9857671802850636e-24,5.049710711937801,5.770596043580702,0.7142857142857143,0.625,8,7
97,2,MTERF1,97,1.0,4.563100760466529,-0.12120053317855248,0.004681307491638395,-7.80988049441071,11.07459059723243,0.7142857142857143,0.625,8,7
90,2,MTERF1,90,1.0,4.563100760466529,0.3787923463813773,5.715915344095819e-20,6.632645240495603,9.10977719988797,0.7142857142857143,0.625,8,7
95,2,MTERF1,95,1.0,4.563100760466529,-0.09894780882322962,0.021106966761367606,-3.1816330378103084,2.689768346762778,0.7142857142857143,0.625,8,7
7171,2,PKNOX2,7171,-1.0,31.326523438567534,0.4009177272874451,2.201462740440506e-22,-4.604294791433278,4.876798933476798,0.9333333333333333,0.8235294117647058,17,15
7158,2,PKNOX2,7158,-1.0,31.326523438567534,0.7066652265888924,2.5298509092049695e-83,-11.105736379055632,18.82348626165679,0.9333333333333333,0.8235294117647058,17,15
7156,2,PKNOX2,7156,-1.0,31.326523438567534,0.42006354130814627,1.2642265354794157e-24,-4.07599466361278,4.122894455151062,0.9333333333333333,0.8235294117647058,17,15
7169,2,PKNOX2,7169,-1.0,31.326523438567534,0.3494340974040225,4.8699961283120617e-17,-8.691043629954,14.738703719206073,0.9333333333333333,0.8235294117647058,17,15
7165,2,PKNOX2,7165,-1.0,31.326523438567534,0.4203359168788308,1.1719036899508663e-24,-4.881422332421058,5.348963910192111,0.9333333333333333,0.8235294117647058,17,15
7161,2,PKNOX2,7161,-1.0,31.326523438567534,0.4926182772552457,1.5359451678686514e-34,-5.681801031111875,7.087470386839381,0.9333333333333333,0.8235294117647058,17,15
7172,2,PKNOX2,7172,-1.0,31.326523438567534,0.36909872917383707,5.731002707582125e-19,-5.3961461945274145,6.133250904921778,0.9333333333333333,0.8235294117647058,17,15
7168,2,PKNOX2,7168,-1.0,31.326523438567534,0.38882152369622497,4.845398888603821e-21,-2.9767765769572954,2.425345641886334,0.9333333333333333,0.8235294117647058,17,15
7166,2,PKNOX2,7166,-1.0,31.326523438567534,0.2905958024481123,5.0014560734931396e-12,-4.010608532562272,3.900766452722994,0.9333333333333333,0.8235294117647058,17,15
7170,2,PKNOX2,7170,-1.0,31.326523438567534,0.36132838030525255,3.4405333068154786e-18,-3.078995652173251,2.574434673527867,0.9333333333333333,0.8235294117647058,17,15
7160,2,PKNOX2,7160,-1.0,31.326523438567534,0.3047740227158528,3.8999051698516324e-13,-4.78008914359177,5.117243061888236,0.9333333333333333,0.8235294117647058,17,15
7157,2,PKNOX2,7157,-1.0,31.326523438567534,0.7758400020626791,2.719870954279651e-110,-14.387770724761832,28.69237444630954,0.9333333333333333,0.8235294117647058,17,15
7162,2,PKNOX2,7162,-1.0,31.326523438567534,0.32820664146680467,4.1997068846706115e-15,-3.808450150556951,3.591909880992141,0.9333333333333333,0.8235294117647058,17,15
7164,2,PKNOX2,7164,-1.0,31.326523438567534,0.3686901658178103,6.30505171626419e-19,-7.691277677278766,12.096732484962185,0.9333333333333333,0.8235294117647058,17,15
583,2,SMAD1,583,-1.0,3.1178952030709004,0.3878328318544804,6.203477576695639e-21,-15.452712512658128,32.86528783912517,0.42857142857142855,0.36,25,21
574,2,SMAD1,574,-1.0,3.1178952030709004,0.5344960587239932,1.9152750069653032e-41,-6.11801439887833,7.885146867056814,0.42857142857142855,0.36,25,21
588,2,SMAD1,588,-1.0,3.1178952030709004,-0.396332988354258,7.213100699589727e-22,4.280025127733797,4.302652960077633,0.42857142857142855,0.36,25,21
584,2,SMAD1,584,-1.0,3.1178952030709004,0.6061423764221393,9.016780751000447e-56,-10.100080132851705,16.257578569446792,0.42857142857142855,0.36,25,21
570,2,SMAD1,570,-1.0,3.1178952030709004,0.5196580359937496,6.901819835051153e-39,-11.929632443146572,21.51693475759826,0.42857142857142855,0.36,25,21
573,2,SMAD1,573,-1.0,3.1178952030709004,0.6903187198917814,4.500061705833448e-78,-6.1108730937243285,8.093792082438926,0.42857142857142855,0.36,25,21
566,2,SMAD1,566,-1.0,3.1178952030709004,0.6668526725485,4.040571957815216e-71,-3.446111510927223,3.128387602918907,0.42857142857142855,0.36,25,21
586,2,SMAD1,586,-1.0,3.1178952030709004,0.7198545301588862,7.851076166693854e-88,-8.328853430834615,12.631903592904752,0.42857142857142855,0.36,25,21
571,2,SMAD1,571,-1.0,3.1178952030709004,0.42469190230576337,3.4522735706297206e-25,-14.51546726638705,30.06857387436374,0.42857142857142855,0.36,25,21
971,2,DDIT3,971,-1.0,2.1888402162680567,-0.1563156954286475,0.0002555503971946623,3.0981606889076954,2.596737816112591,0.4,0.3333333333333333,6,5
968,2,DDIT3,968,-1.0,2.1888402162680567,-0.3865630700099656,8.509681679115384e-21,4.59976090237214,5.023882574586491,0.4,0.3333333333333333,6,5
7927,2,PAX8,7927,1.0,5.153160803686499,-0.36615896180086277,1.1355861950632198e-18,-3.9835756145428274,3.8996113170149806,0.8125,0.7222222222222222,18,16
7929,2,PAX8,7929,1.0,5.153160803686499,0.31613022520377954,4.560336764022421e-14,6.96898841485125,9.35826612187725,0.8125,0.7222222222222222,18,16
7936,2,PAX8,7936,1.0,5.153160803686499,-0.4351101554564457,1.7251914583851125e-26,-6.732396043967277,9.384003672484122,0.8125,0.7222222222222222,18,16
7926,2,PAX8,7926,1.0,5.153160803686499,0.2985955044389573,1.2061969541598983e-12,7.633666730199135,10.510049966927394,0.8125,0.7222222222222222,18,16
7921,2,PAX8,7921,1.0,5.153160803686499,-0.2866948506176645,9.847617170075793e-12,-2.5475050779082955,1.9263408526054515,0.8125,0.7222222222222222,18,16
7935,2,PAX8,7935,1.0,5.153160803686499,-0.2533271193127921,2.131504441664565e-09,-7.897937085640484,11.387985923268984,0.8125,0.7222222222222222,18,16
7922,2,PAX8,7922,1.0,5.153160803686499,0.24992789617528935,3.538347184721881e-09,4.315041136577389,4.379962749218013,0.8125,0.7222222222222222,18,16
7923,2,PAX8,7923,1.0,5.153160803686499,-0.2880526061110465,7.788168802115065e-12,-13.605329066334427,26.262891929732767,0.8125,0.7222222222222222,18,16
7925,2,PAX8,7925,1.0,5.153160803686499,0.17793417595371924,3.0452870429469664e-05,11.613129084888522,20.577208054918763,0.8125,0.7222222222222222,18,16
7928,2,PAX8,7928,1.0,5.153160803686499,0.4652972236579695,1.5917916859533688e-30,4.287672750968042,4.300304570389006,0.8125,0.7222222222222222,18,16
7937,2,PAX8,7937,1.0,5.153160803686499,-0.2608240432826818,6.788559005221277e-10,-8.281780152633347,13.327766553397382,0.8125,0.7222222222222222,18,16
7934,2,PAX8,7934,1.0,5.153160803686499,0.20531721485560647,1.4011150885735304e-06,9.139747772457545,14.14524214237557,0.8125,0.7222222222222222,18,16
7924,2,PAX8,7924,1.0,5.153160803686499,-0.27414721112599494,8.114343024494336e-11,-11.812688985509435,20.626626651125928,0.8125,0.7222222222222222,18,16
7436,2,HOXD10,7436,-1.0,8.864917662321677,0.27298373121852765,9.81410175664571e-11,-4.139243419392379,4.191627848424682,0.9047619047619048,0.76,25,21
7441,2,HOXD10,7441,-1.0,8.864917662321677,0.3542831920438152,1.67566763130691e-17,-9.35695242957733,15.760352060845916,0.9047619047619048,0.76,25,21
7431,2,HOXD10,7431,-1.0,8.864917662321677,0.2431663262846473,9.486535914697e-09,-13.102230521536457,25.895799940930576,0.9047619047619048,0.76,25,21
7439,2,HOXD10,7439,-1.0,8.864917662321677,-0.20787712548883697,1.027264552437102e-06,8.000205074530738,11.259000169362427,0.9047619047619048,0.76,25,21
7420,2,HOXD10,7420,-1.0,8.864917662321677,-0.4784594695556966,2.053583736369114e-32,3.307917421825801,2.8592756195910867,0.9047619047619048,0.76,25,21
7426,2,HOXD10,7426,-1.0,8.864917662321677,0.23181986755681663,4.652379319040088e-08,-11.374037255511352,19.828255216044045,0.9047619047619048,0.76,25,21
7432,2,HOXD10,7432,-1.0,8.864917662321677,-0.22814437134459092,7.654113044765243e-08,2.7801162358179123,2.201816414294022,0.9047619047619048,0.76,25,21
7419,2,HOXD10,7419,-1.0,8.864917662321677,0.4947514111962699,7.200439305837364e-35,-11.42294960092301,20.31876440892079,0.9047619047619048,0.76,25,21
7421,2,HOXD10,7421,-1.0,8.864917662321677,-0.30229888279545775,6.15033625989273e-13,11.441951152889134,19.238951001944443,0.9047619047619048,0.76,25,21
7437,2,HOXD10,7437,-1.0,8.864917662321677,0.25610648940418557,1.4005852226611366e-09,-2.1336053987132244,1.4558877359227078,0.9047619047619048,0.76,25,21
7438,2,HOXD10,7438,-1.0,8.864917662321677,0.40013245517570545,2.701231330396027e-22,-3.207369080274842,2.734640065047478,0.9047619047619048,0.76,25,21
7424,2,HOXD10,7424,-1.0,8.864917662321677,0.3321402723695745,1.8867615297203485e-15,-6.481870352950954,8.422039372453359,0.9047619047619048,0.76,25,21
7435,2,HOXD10,7435,-1.0,8.864917662321677,0.3454580436688345,1.1521263578651976e-16,-2.758951408840388,2.1633115999222907,0.9047619047619048,0.76,25,21
7427,2,HOXD10,7427,-1.0,8.864917662321677,0.4388591046293954,5.7203316952312124e-27,-10.293148393175487,18.567002677537953,0.9047619047619048,0.76,25,21
7425,2,HOXD10,7425,-1.0,8.864917662321677,-0.3978162884488774,4.923229186695687e-22,9.242506361243459,13.868159410579821,0.9047619047619048,0.76,25,21
7417,2,HOXD10,7417,-1.0,8.864917662321677,0.35903642307466305,5.783471427468492e-18,-3.1393458647540395,2.6869122427332353,0.9047619047619048,0.76,25,21
7418,2,HOXD10,7418,-1.0,8.864917662321677,0.3669715164408713,9.406701198719982e-19,-14.69746048916926,31.04245730962091,0.9047619047619048,0.76,25,21
7429,2,HOXD10,7429,-1.0,8.864917662321677,-0.3899644667554898,3.637712811593581e-21,9.239731915069015,14.084809690027623,0.9047619047619048,0.76,25,21
7422,2,HOXD10,7422,-1.0,8.864917662321677,0.34126980081955516,2.8163687943159135e-16,-7.1691319540365654,10.209971619525923,0.9047619047619048,0.76,25,21
703,2,JDP2,703,-1.0,2.409370556302384,0.40590263495257645,5.93111057439501e-23,-11.510956340631765,20.750172167115558,0.5217391304347826,0.48,25,23
690,2,JDP2,690,-1.0,2.409370556302384,0.6040381739534002,2.6822170446789735e-55,-7.702510123245224,10.821146352052773,0.5217391304347826,0.48,25,23
693,2,JDP2,693,-1.0,2.409370556302384,0.5290325075821445,1.7313850812282238e-40,-9.085536395681087,15.088699758777986,0.5217391304347826,0.48,25,23
697,2,JDP2,697,-1.0,2.409370556302384,0.7551569974588275,2.7421716182751177e-101,-3.108004949851895,2.5853295923302544,0.5217391304347826,0.48,25,23
696,2,JDP2,696,-1.0,2.409370556302384,0.62322138902247,9.500779984497896e-60,-4.744216466302835,5.276560645720469,0.5217391304347826,0.48,25,23
691,2,JDP2,691,-1.0,2.409370556302384,0.33457164032153813,1.1439502162713089e-15,-14.189575984206641,26.331270532198353,0.5217391304347826,0.48,25,23
685,2,JDP2,685,-1.0,2.409370556302384,0.3012886047775005,7.397982645575334e-13,-14.825499881645975,30.351320248087145,0.5217391304347826,0.48,25,23
705,2,JDP2,705,-1.0,2.409370556302384,0.23606964599870242,2.588975680504053e-08,-3.8185097702638933,3.6073124004406134,0.5217391304347826,0.48,25,23
700,2,JDP2,700,-1.0,2.409370556302384,0.21529519995394952,4.087447458359027e-07,-5.493706234322291,6.475613355948624,0.5217391304347826,0.48,25,23
695,2,JDP2,695,-1.0,2.409370556302384,0.21177552895125962,6.355387736303975e-07,-3.447624986193629,3.045801314368365,0.5217391304347826,0.48,25,23
686,2,JDP2,686,-1.0,2.409370556302384,0.5571301388590747,1.3458768697072144e-45,-11.537193977768737,21.03912855004679,0.5217391304347826,0.48,25,23
682,2,JDP2,682,-1.0,2.409370556302384,0.7244663267643402,1.806151841975173e-89,-3.582044998292448,3.3242542632719085,0.5217391304347826,0.48,25,23
9554,2,SHOX2,9554,-1.0,3.1057879776933994,0.37124888054435584,3.459962177774199e-19,-5.865146398392772,7.195637088742191,1.0,1.0,5,5
9552,2,SHOX2,9552,-1.0,3.1057879776933994,0.3354486525311383,9.53996868241284e-16,-2.187748726803274,1.510465394020868,1.0,1.0,5,5
9553,2,SHOX2,9553,-1.0,3.1057879776933994,0.18651523083677754,1.2161345129157252e-05,-10.184367815820345,17.01395283018999,1.0,1.0,5,5
9551,2,SHOX2,9551,-1.0,3.1057879776933994,-0.3607098232408068,3.9598695695696096e-18,10.83500482821609,19.331083141769604,1.0,1.0,5,5
9550,2,SHOX2,9550,-1.0,3.1057879776933994,-0.37139417577643696,3.3435082720434134e-19,11.81616978451017,20.289721772664066,1.0,1.0,5,5
2043,2,MSC,2043,-1.0,4.309872559639165,0.1579383312926402,0.00021982522877379398,-2.5833736645490664,1.9368662504316416,0.8333333333333334,0.6666666666666666,15,12
2037,2,MSC,2037,-1.0,4.309872559639165,0.46314392762874657,3.185987846021527e-30,-2.6667236769818463,2.0293735731709304,0.8333333333333334,0.6666666666666666,15,12
2044,2,MSC,2044,-1.0,4.309872559639165,-0.4915415168126332,2.24687280143734e-34,5.496456474452277,6.709955988939503,0.8333333333333334,0.6666666666666666,15,12
2042,2,MSC,2042,-1.0,4.309872559639165,0.24753130595166858,5.035674778363739e-09,-4.146801737572825,4.088612195137466,0.8333333333333334,0.6666666666666666,15,12
2041,2,MSC,2041,-1.0,4.309872559639165,0.23559992181007283,2.7637793178950092e-08,-3.0369589052853554,2.494885764062351,0.8333333333333334,0.6666666666666666,15,12
2034,2,MSC,2034,-1.0,4.309872559639165,-0.27674242415157335,5.291737325689671e-11,2.5156566429402876,1.8693464441199836,0.8333333333333334,0.6666666666666666,15,12
2032,2,MSC,2032,-1.0,4.309872559639165,0.42258964858904363,6.240742531869312e-25,-3.2234930929137664,2.7457599504754047,0.8333333333333334,0.6666666666666666,15,12
2036,2,MSC,2036,-1.0,4.309872559639165,-0.08310940173912626,0.052925066345276404,13.091950306112373,26.398150272713988,0.8333333333333334,0.6666666666666666,15,12
2031,2,MSC,2031,-1.0,4.309872559639165,-0.3608901359569332,3.800990090694323e-18,5.510173657758427,6.796776677500239,0.8333333333333334,0.6666666666666666,15,12
2035,2,MSC,2035,-1.0,4.309872559639165,0.2484750265929699,4.384285179003829e-09,-3.2287922481971902,2.783867295752759,0.8333333333333334,0.6666666666666666,15,12
4393,2,EP300,4393,1.0,8.718871448021845,0.15799274644517652,0.00021871239399960004,2.5152813293417973,1.8624990189686597,0.5384615384615384,0.5,14,13
4399,2,EP300,4399,1.0,8.718871448021845,0.643906042570338,6.578819107166935e-65,2.7686220933949417,2.1754707580604706,0.5384615384615384,0.5,14,13
4391,2,EP300,4391,1.0,8.718871448021845,-0.6232225882544818,9.494482813211054e-60,-2.388072787686718,1.7154386040013048,0.5384615384615384,0.5,14,13
4394,2,EP300,4394,1.0,8.718871448021845,0.41789915238281405,2.3038533168770432e-24,11.393938271203753,18.98373635329384,0.5384615384615384,0.5,14,13
4401,2,EP300,4401,1.0,8.718871448021845,0.5028095007956904,3.9204997076731225e-36,11.74616991821741,23.343460760481467,0.5384615384615384,0.5,14,13
4400,2,EP300,4400,1.0,8.718871448021845,-0.14155232489113972,0.0009410887196759906,-7.4263502731973245,10.306436017530592,0.5384615384615384,0.5,14,13
4390,2,EP300,4390,1.0,8.718871448021845,0.8437639785481379,2.5101183424653158e-148,6.1590893640234485,8.14599860200152,0.5384615384615384,0.5,14,13
4494,2,ZNF281,4494,1.0,6.228343457718386,0.45418244156442217,5.428081184450523e-29,3.2503656652772177,2.804985442128205,0.42105263157894735,0.32,25,19
4488,2,ZNF281,4488,1.0,6.228343457718386,0.5077310740201976,6.376761353416069e-37,7.719712354206132,11.60601118076366,0.42105263157894735,0.32,25,19
4502,2,ZNF281,4502,1.0,6.228343457718386,0.2867178608818912,9.808641633613205e-12,12.132524723282593,23.906775416566173,0.42105263157894735,0.32,25,19
4497,2,ZNF281,4497,1.0,6.228343457718386,0.29340080612375835,3.052890709062273e-12,13.46856271403179,28.542190211605472,0.42105263157894735,0.32,25,19
4491,2,ZNF281,4491,1.0,6.228343457718386,-0.3150463443210968,5.619469666678401e-14,-2.878153662276226,2.295013572455534,0.42105263157894735,0.32,25,19
4483,2,ZNF281,4483,1.0,6.228343457718386,0.625408788212029,2.8213132128475363e-60,5.776250349982599,7.347289176845577,0.42105263157894735,0.32,25,19
4498,2,ZNF281,4498,1.0,6.228343457718386,0.4464290318480046,5.901807231917026e-28,3.8605818714290008,3.6994507354085235,0.42105263157894735,0.32,25,19
4484,2,ZNF281,4484,1.0,6.228343457718386,-0.43852946573014645,6.306894272786197e-27,-2.407148705950991,1.7382995393005778,0.42105263157894735,0.32,25,19
7514,2,RARG,7514,-1.0,11.716603313791936,0.36688509678401954,9.597242403806308e-19,-6.9212827978528315,9.56420526176578,0.9444444444444444,0.68,25,18
7497,2,RARG,7497,-1.0,11.716603313791936,-0.28518149477074883,1.2771996698044538e-11,4.408126322981916,4.517392887230501,0.9444444444444444,0.68,25,18
7504,2,RARG,7504,-1.0,11.716603313791936,0.5514822807474095,1.5674581704366892e-44,-6.275289078239006,8.049234409235154,0.9444444444444444,0.68,25,18
7517,2,RARG,7517,-1.0,11.716603313791936,0.48925428155809014,5.018307254216788e-34,-2.792625359442213,2.1864721579990705,0.9444444444444444,0.68,25,18
7501,2,RARG,7501,-1.0,11.716603313791936,0.25195692178728746,2.6169781653640333e-09,-3.1132457971234673,2.5969394745403713,0.9444444444444444,0.68,25,18
7515,2,RARG,7515,-1.0,11.716603313791936,-0.15225187290059447,0.00037024818396493015,3.9783918925846877,3.8858346058893045,0.9444444444444444,0.68,25,18
7502,2,RARG,7502,-1.0,11.716603313791936,0.4518140332930791,1.132504954012912e-28,-15.644146969577909,34.24650756485073,0.9444444444444444,0.68,25,18
7516,2,RARG,7516,-1.0,11.716603313791936,0.14385470044983192,0.000773994346748533,-9.406901478497467,15.352613566342045,0.9444444444444444,0.68,25,18
7498,2,RARG,7498,-1.0,11.716603313791936,0.6554247409958663,5.860206527515276e-68,-11.98095816425211,21.42587259912352,0.9444444444444444,0.68,25,18
7496,2,RARG,7496,-1.0,11.716603313791936,0.5619235441623185,1.6142353259056452e-46,-3.0809555858466156,2.6046230321737225,0.9444444444444444,0.68,25,18
7511,2,RARG,7511,-1.0,11.716603313791936,0.08593853995901025,0.04532127732019105,-3.22008839700989,2.7443291905220777,0.9444444444444444,0.68,25,18
7499,2,RARG,7499,-1.0,11.716603313791936,0.06922341932226601,0.10711760265363808,-4.681878942634067,5.3667962661343935,0.9444444444444444,0.68,25,18
7519,2,RARG,7519,-1.0,11.716603313791936,0.2916499273865017,4.1572594561256106e-12,-3.367287679981448,2.906245401814336,0.9444444444444444,0.68,25,18
7505,2,RARG,7505,-1.0,11.716603313791936,0.14166422822824262,0.0009322519987536908,-6.153169542821601,7.835417064620759,0.9444444444444444,0.68,25,18
7512,2,RARG,7512,-1.0,11.716603313791936,0.37534530386740333,1.3090688420372596e-19,-3.226822173253069,2.7290177216066995,0.9444444444444444,0.68,25,18
7503,2,RARG,7503,-1.0,11.716603313791936,0.7003616883747649,2.9511887414912097e-81,-7.107446221066318,9.587678776210131,0.9444444444444444,0.68,25,18
7506,2,RARG,7506,-1.0,11.716603313791936,0.2809239962727869,2.6322211009394496e-11,-4.682909730235427,4.925455519236096,0.9444444444444444,0.68,25,18
483,2,CREB1,483,1.0,8.648663682549232,0.28992048492145633,5.628055328568148e-12,11.444026877662424,21.729021425113736,0.4444444444444444,0.3333333333333333,24,18
466,2,CREB1,466,1.0,8.648663682549232,-0.3596520788087309,5.032433576128208e-18,-2.4917374471256504,1.8337617293166633,0.4444444444444444,0.3333333333333333,24,18
462,2,CREB1,462,1.0,8.648663682549232,0.7066841894450795,2.4934118884397716e-83,8.057735600230048,12.30203488578688,0.4444444444444444,0.3333333333333333,24,18
472,2,CREB1,472,1.0,8.648663682549232,0.4199733740512576,1.2963444619211126e-24,9.84626764870115,14.999674579006983,0.4444444444444444,0.3333333333333333,24,18
470,2,CREB1,470,1.0,8.648663682549232,-0.1697053456966159,7.059088465742483e-05,-3.4725867267497614,3.0616674860767663,0.4444444444444444,0.3333333333333333,24,18
461,2,CREB1,461,1.0,8.648663682549232,-0.6878201199951551,2.660931929034531e-77,-2.560271826533376,1.9097038707133622,0.4444444444444444,0.3333333333333333,24,18
478,2,CREB1,478,1.0,8.648663682549232,0.4375604862645962,8.397805428920743e-27,8.030142855328966,11.413995716471673,0.4444444444444444,0.3333333333333333,24,18
460,2,CREB1,460,1.0,8.648663682549232,0.8888042097840543,1.8263648229143516e-185,6.615701539914753,9.195808473132939,0.4444444444444444,0.3333333333333333,24,18
2898,2,BPTF,2898,1.0,8.489782424047005,0.36956523042643497,5.138318536888259e-19,2.610850952336687,1.9731888872404912,0.6666666666666666,0.56,25,21
2901,2,BPTF,2901,1.0,8.489782424047005,0.7912430879264919,1.1953851636905146e-117,3.5283603470632428,3.196713308924967,0.6666666666666666,0.56,25,21
2894,2,BPTF,2894,1.0,8.489782424047005,0.8634543938062067,6.493540352447107e-163,6.541527720876882,8.994516704042063,0.6666666666666666,0.56,25,21
2910,2,BPTF,2910,1.0,8.489782424047005,0.5944846420352407,3.4223740039220226e-53,12.49650572271029,24.617621272416116,0.6666666666666666,0.56,25,21
2912,2,BPTF,2912,1.0,8.489782424047005,0.5254467289148029,7.186630238468175e-40,3.450694398265287,3.074099644800124,0.6666666666666666,0.56,25,21
2909,2,BPTF,2909,1.0,8.489782424047005,0.7874031470246454,9.306124631074738e-116,4.0222490514409674,3.9560879462129246,0.6666666666666666,0.56,25,21
2911,2,BPTF,2911,1.0,8.489782424047005,0.692574775114017,8.90312668285163e-79,2.6962667343202713,2.090192999619159,0.6666666666666666,0.56,25,21
2913,2,BPTF,2913,1.0,8.489782424047005,-0.24454132073819929,7.780941300582669e-09,-6.501213306101142,8.508454217332096,0.6666666666666666,0.56,25,21
2914,2,BPTF,2914,1.0,8.489782424047005,0.43444465664188653,2.0956469560107162e-26,8.558232957092878,13.121570661068587,0.6666666666666666,0.56,25,21
2903,2,BPTF,2903,1.0,8.489782424047005,-0.3812035522451422,3.182640841325293e-20,-3.097646569100699,2.5763703679988894,0.6666666666666666,0.56,25,21
2897,2,BPTF,2897,1.0,8.489782424047005,0.6290417116878351,3.67572875776945e-61,8.649837089284235,13.802280000562362,0.6666666666666666,0.56,25,21
2916,2,BPTF,2916,1.0,8.489782424047005,0.5007172906470696,8.40957205672177e-36,8.065605409815765,11.731366304899117,0.6666666666666666,0.56,25,21
2900,2,BPTF,2900,1.0,8.489782424047005,0.40674711914489964,4.739028960330449e-23,11.557240843469335,19.28445093693724,0.6666666666666666,0.56,25,21
2907,2,BPTF,2907,1.0,8.489782424047005,0.3743445447535398,1.6620335582888084e-19,12.669916691244245,25.368461926527253,0.6666666666666666,0.56,25,21
3966,2,GTF2A1,3966,1.0,8.757705099258466,0.5029325719809035,3.74777848379292e-36,11.583931716317876,21.171011507429057,0.36363636363636365,0.3076923076923077,13,11
3955,2,GTF2A1,3955,1.0,8.757705099258466,0.7890664818250394,1.4268889507455254e-116,6.387789453370345,8.620112666326406,0.36363636363636365,0.3076923076923077,13,11
3956,2,GTF2A1,3956,1.0,8.757705099258466,0.2938623605443074,2.8132496286313452e-12,2.752089189702405,2.143327216468197,0.36363636363636365,0.3076923076923077,13,11
3965,2,GTF2A1,3965,1.0,8.757705099258466,-0.5796464694009956,4.662731845773343e-50,-2.833498236239482,2.2376813812598675,0.36363636363636365,0.3076923076923077,13,11
5548,2,HOXC11,5548,-1.0,3.015462477530455,0.3228812268623174,1.2181807480157272e-14,-14.757202234656692,30.441482207105153,0.9545454545454546,0.84,25,22
5555,2,HOXC11,5555,-1.0,3.015462477530455,0.3078617453382854,2.1958297264807632e-13,-5.04184757897093,5.516841639418943,0.9545454545454546,0.84,25,22
5557,2,HOXC11,5557,-1.0,3.015462477530455,-0.18438087248925789,1.5341095895770367e-05,11.780017975652125,20.622020671794157,0.9545454545454546,0.84,25,22
5546,2,HOXC11,5546,-1.0,3.015462477530455,-0.19324199782459314,5.7484615810754465e-06,10.740136667987322,17.103846181611377,0.9545454545454546,0.84,25,22
5554,2,HOXC11,5554,-1.0,3.015462477530455,0.2076114955982189,1.061079642431199e-06,-4.397761423986439,4.452961028861167,0.9545454545454546,0.84,25,22
5563,2,HOXC11,5563,-1.0,3.015462477530455,-0.14814615220412847,0.0005335368890324512,9.310043533710886,14.375479964655339,0.9545454545454546,0.84,25,22
5542,2,HOXC11,5542,-1.0,3.015462477530455,0.13604942394890313,0.0014842062662854688,-2.169519976826843,1.4825797896844592,0.9545454545454546,0.84,25,22
5553,2,HOXC11,5553,-1.0,3.015462477530455,0.31306543789357294,8.213013111220286e-14,-3.8222601230568776,3.618747392724385,0.9545454545454546,0.84,25,22
5556,2,HOXC11,5556,-1.0,3.015462477530455,0.23942524707177523,1.6168680889664914e-08,-6.129610770955107,7.545760166588268,0.9545454545454546,0.84,25,22
5545,2,HOXC11,5545,-1.0,3.015462477530455,0.29358893564561256,2.952894900835103e-12,-14.900415637699886,31.874886123164444,0.9545454545454546,0.84,25,22
5561,2,HOXC11,5561,-1.0,3.015462477530455,0.2382703116923922,1.90278574129696e-08,-8.471755096344042,13.539258030788188,0.9545454545454546,0.84,25,22
5566,2,HOXC11,5566,-1.0,3.015462477530455,-0.16484163541667918,0.0001139565221930473,5.44415500690262,6.447452386259408,0.9545454545454546,0.84,25,22
5565,2,HOXC11,5565,-1.0,3.015462477530455,0.18250332487075277,1.8778032108186914e-05,-3.4762463400758445,3.144273175682194,0.9545454545454546,0.84,25,22
5547,2,HOXC11,5547,-1.0,3.015462477530455,-0.25516928958694857,1.614539967142566e-09,9.607740256443433,15.488808763335218,0.9545454545454546,0.84,25,22
5544,2,HOXC11,5544,-1.0,3.015462477530455,0.3126879796178527,8.826057000779263e-14,-11.49429305520768,20.90439367334394,0.9545454545454546,0.84,25,22
5549,2,HOXC11,5549,-1.0,3.015462477530455,0.2504052654679943,3.2967278034546824e-09,-3.9403580115618912,3.77313253806318,0.9545454545454546,0.84,25,22
5558,2,HOXC11,5558,-1.0,3.015462477530455,0.2591433196181166,8.801494714749701e-10,-3.3068235361484084,2.839321584829714,0.9545454545454546,0.84,25,22
5543,2,HOXC11,5543,-1.0,3.015462477530455,-0.2200332906806481,2.2297815725839408e-07,8.461401234763708,13.290584456277635,0.9545454545454546,0.84,25,22
5551,2,HOXC11,5551,-1.0,3.015462477530455,0.326362522440629,6.087040966854017e-15,-6.774569316640517,8.991700404383929,0.9545454545454546,0.84,25,22
5562,2,HOXC11,5562,-1.0,3.015462477530455,0.2841661200167413,1.5193093855933824e-11,-3.0311191349194764,2.4852343868187994,0.9545454545454546,0.84,25,22
5550,2,HOXC11,5550,-1.0,3.015462477530455,0.24613607445791716,6.173721928456777e-09,-13.449331160733626,25.50427701473079,0.9545454545454546,0.84,25,22
6995,2,CEBPE,6995,-1.0,3.6527297054447283,0.2788699345723202,3.714810068204314e-11,-2.290914561736695,1.6155367366441915,0.5,0.3076923076923077,13,8
7001,2,CEBPE,7001,-1.0,3.6527297054447283,0.20294609750982703,1.8612832842410776e-06,-4.638354723078796,4.959119643250735,0.5,0.3076923076923077,13,8
6997,2,CEBPE,6997,-1.0,3.6527297054447283,0.30811365298538607,2.0946772766696312e-13,-3.512220749754648,3.145891452199869,0.5,0.3076923076923077,13,8
7002,2,CEBPE,7002,-1.0,3.6527297054447283,0.27599078277371114,5.991981976018354e-11,-3.1081943538887677,2.576184990606414,0.5,0.3076923076923077,13,8
3284,2,HBP1,3284,1.0,8.821178595259836,0.6188337738512257,1.0542566026976979e-58,4.311605581258419,4.4306306016382395,0.8260869565217391,0.76,25,23
3301,2,HBP1,3301,1.0,8.821178595259836,0.7315773978344269,4.6162207721834054e-92,10.010975874370716,15.87573621572397,0.8260869565217391,0.76,25,23
3298,2,HBP1,3298,1.0,8.821178595259836,-0.3995868795623283,3.1128064755747833e-22,-3.5907389933923204,3.2585209432361673,0.8260869565217391,0.76,25,23
3302,2,HBP1,3302,1.0,8.821178595259836,0.3563613112162971,1.0547719271124829e-17,4.164315604953956,4.184719611343677,0.8260869565217391,0.76,25,23
3289,2,HBP1,3289,1.0,8.821178595259836,-0.245723313789849,6.555749265957387e-09,-3.8153601338080003,3.6472934114936417,0.8260869565217391,0.76,25,23
3287,2,HBP1,3287,1.0,8.821178595259836,0.5454149162876094,2.080419432956121e-43,14.470608424589413,32.46484032292085,0.8260869565217391,0.76,25,23
3283,2,HBP1,3283,1.0,8.821178595259836,0.4812808127675037,7.883786072794196e-33,11.881791467306625,20.387821710686634,0.8260869565217391,0.76,25,23
3286,2,HBP1,3286,1.0,8.821178595259836,0.5301929144575814,1.0883534715809067e-40,4.564683909585855,4.8974969039388405,0.8260869565217391,0.76,25,23
3278,2,HBP1,3278,1.0,8.821178595259836,0.7265002992083869,3.3388946030675242e-90,6.444526645721745,8.786545460183216,0.8260869565217391,0.76,25,23
3288,2,HBP1,3288,1.0,8.821178595259836,-0.5047329190386477,1.9347208003481413e-36,-3.453046877333077,3.05354389430184,0.8260869565217391,0.76,25,23
3294,2,HBP1,3294,1.0,8.821178595259836,0.6160993000082747,4.634590066455614e-58,8.164305784339629,11.481439781237873,0.8260869565217391,0.76,25,23
3297,2,HBP1,3297,1.0,8.821178595259836,-0.3439120087495968,1.6050108920606637e-16,-7.143607787488603,9.860135687819968,0.8260869565217391,0.76,25,23
3299,2,HBP1,3299,1.0,8.821178595259836,0.4006324599726336,2.371458976779125e-22,2.0016175767943607,1.3222008034022452,0.8260869565217391,0.76,25,23
3291,2,HBP1,3291,1.0,8.821178595259836,0.12147725596527983,0.0045870432305170185,8.60783648698887,12.509631799591212,0.8260869565217391,0.76,25,23
3292,2,HBP1,3292,1.0,8.821178595259836,0.6053089851259253,1.3899074434920233e-55,11.514845696970864,22.039521774807774,0.8260869565217391,0.76,25,23
3280,2,HBP1,3280,1.0,8.821178595259836,-0.5589905224694106,5.933582543116664e-46,-2.6111598992377227,1.9719109246720987,0.8260869565217391,0.76,25,23
3296,2,HBP1,3296,1.0,8.821178595259836,0.43288115790647674,3.3041460787977257e-26,2.6674401460055064,2.052297778056201,0.8260869565217391,0.76,25,23
3282,2,HBP1,3282,1.0,8.821178595259836,0.26728303194634156,2.4598023108694655e-10,2.8983329821094443,2.32508086390153,0.8260869565217391,0.76,25,23
3281,2,HBP1,3281,1.0,8.821178595259836,0.7015169985141516,1.2452332530231641e-81,8.154355117280423,12.64185078251023,0.8260869565217391,0.76,25,23
7675,2,DLX1,7675,-1.0,22.542845632100583,0.43136297573839305,5.129627116882229e-26,-4.9993655720618255,5.562069082025022,0.9333333333333333,0.8235294117647058,17,15
7666,2,DLX1,7666,-1.0,22.542845632100583,0.673512582670419,4.9928770338835206e-73,-11.204255408531752,19.660885122336897,0.9333333333333333,0.8235294117647058,17,15
7679,2,DLX1,7679,-1.0,22.542845632100583,0.2936763351813812,2.9075363198990408e-12,-11.080919968767626,19.333546272643424,0.9333333333333333,0.8235294117647058,17,15
7670,2,DLX1,7670,-1.0,22.542845632100583,0.47489056398702095,6.806824839615956e-32,-7.913431807877411,11.942261897999472,0.9333333333333333,0.8235294117647058,17,15
7665,2,DLX1,7665,-1.0,22.542845632100583,-0.4168986259367994,3.03596745906219e-24,6.038276643970584,7.394922213918681,0.9333333333333333,0.8235294117647058,17,15
7671,2,DLX1,7671,-1.0,22.542845632100583,0.2332821479864698,3.807509471152278e-08,-4.060688402383533,3.9376107466518318,0.9333333333333333,0.8235294117647058,17,15
7663,2,DLX1,7663,-1.0,22.542845632100583,0.4925146653429645,1.5933015941353069e-34,-2.7481147810118065,2.172798024914757,0.9333333333333333,0.8235294117647058,17,15
7667,2,DLX1,7667,-1.0,22.542845632100583,0.5792629133914439,5.591658359518931e-50,-5.568619553571337,6.831846400825358,0.9333333333333333,0.8235294117647058,17,15
7668,2,DLX1,7668,-1.0,22.542845632100583,0.3795578382770769,4.7487859095923204e-20,-3.4133960142893094,3.0609726690094314,0.9333333333333333,0.8235294117647058,17,15
7676,2,DLX1,7676,-1.0,22.542845632100583,0.34306385833756803,1.9236406354400903e-16,-4.403130623509361,4.523608952788867,0.9333333333333333,0.8235294117647058,17,15
7669,2,DLX1,7669,-1.0,22.542845632100583,-0.3492412149742034,5.079179739829734e-17,2.3089975626509225,1.6301339829734798,0.9333333333333333,0.8235294117647058,17,15
7673,2,DLX1,7673,-1.0,22.542845632100583,-0.3326476661717274,1.7003049501955075e-15,3.3386165371179213,2.908715128866668,0.9333333333333333,0.8235294117647058,17,15
7678,2,DLX1,7678,-1.0,22.542845632100583,0.4911313886674111,2.596261659290584e-34,-11.091511937616106,19.990481463124627,0.9333333333333333,0.8235294117647058,17,15
7664,2,DLX1,7664,-1.0,22.542845632100583,0.4230057525474266,5.552457282143206e-25,-14.978884078667948,32.27727526264049,0.9333333333333333,0.8235294117647058,17,15
3185,2,ZNF217,3185,1.0,7.541665791860318,0.42151903421049164,8.423479404056814e-25,6.267320476321574,8.352422833330028,0.6,0.5,6,5
3183,2,ZNF217,3183,1.0,7.541665791860318,0.4999706937677111,1.1027840216047666e-35,6.004876499767391,7.842362825261768,0.6,0.5,6,5
3186,2,ZNF217,3186,1.0,7.541665791860318,0.319675529790722,2.2894872420413298e-14,1.9989816220944447,1.313189301614978,0.6,0.5,6,5
2847,2,NFKB1,2847,1.0,1.662001839960936,-0.37306324030091126,2.2534910752721634e-19,-2.0867048450124375,1.3983349486883403,0.7058823529411765,0.48,25,17
2844,2,NFKB1,2844,1.0,1.662001839960936,0.696122553116984,6.756545765907485e-80,6.0424152414296755,7.898125739808457,0.7058823529411765,0.48,25,17
2860,2,NFKB1,2860,1.0,1.662001839960936,0.5595299520187272,4.67479282753224e-46,12.372853166012927,24.402363576907682,0.7058823529411765,0.48,25,17
2859,2,NFKB1,2859,1.0,1.662001839960936,-0.11249448353274563,0.008698575004030505,-6.918356657248649,9.107972049117716,0.7058823529411765,0.48,25,17
2862,2,NFKB1,2862,1.0,1.662001839960936,0.43172225007105447,4.623459638432648e-26,5.780834089960367,7.135226267523158,0.7058823529411765,0.48,25,17
2849,2,NFKB1,2849,1.0,1.662001839960936,0.5386618909250517,3.478190047336788e-42,7.694529986965326,11.35894360487221,0.7058823529411765,0.48,25,17
2856,2,NFKB1,2856,1.0,1.662001839960936,0.534431300195355,1.966377432552668e-41,15.414982697518308,36.78749237009694,0.7058823529411765,0.48,25,17
2853,2,NFKB1,2853,1.0,1.662001839960936,-0.1308702406978571,0.0022452858294040178,-2.8666145170504462,2.277693014829618,0.7058823529411765,0.48,25,17
2852,2,NFKB1,2852,1.0,1.662001839960936,0.5156717138344604,3.1959776842257695e-38,11.008355180084791,18.088561365348298,0.7058823529411765,0.48,25,17
2864,2,NFKB1,2864,1.0,1.662001839960936,0.5013182557889927,6.75784105861756e-36,4.644301024841852,4.978120371081825,0.7058823529411765,0.48,25,17
2866,2,NFKB1,2866,1.0,1.662001839960936,-0.2565206741602678,1.3150611557026937e-09,-5.619985467816091,6.93820169827281,0.7058823529411765,0.48,25,17
2848,2,NFKB1,2848,1.0,1.662001839960936,0.46104699550407924,6.232485993127973e-30,2.7717812570676696,2.1660713265373803,0.7058823529411765,0.48,25,17
3572,2,CREB5,3572,1.0,16.63585225035373,0.33105241903085264,2.3567967773274372e-15,6.463085354756389,8.324334312102774,0.9090909090909091,0.7692307692307693,13,11
3564,2,CREB5,3564,1.0,16.63585225035373,0.3270702941836048,5.280467398373428e-15,6.6005008081004055,9.149665796945884,0.9090909090909091,0.7692307692307693,13,11
3576,2,CREB5,3576,1.0,16.63585225035373,0.24963843154843643,3.6931402817994883e-09,3.066779706678547,2.5524830695177654,0.9090909090909091,0.7692307692307693,13,11
3573,2,CREB5,3573,1.0,16.63585225035373,0.5655405028619672,3.1839927891416545e-47,6.788133389216563,9.013161452933051,0.9090909090909091,0.7692307692307693,13,11
3567,2,CREB5,3567,1.0,16.63585225035373,0.4362501753876818,1.2350470293192987e-26,4.348446418722338,4.471013742754587,0.9090909090909091,0.7692307692307693,13,11
3565,2,CREB5,3565,1.0,16.63585225035373,-0.23058525820064832,5.5043909660964406e-08,-2.7503277277997307,2.1372152465966283,0.9090909090909091,0.7692307692307693,13,11
3574,2,CREB5,3574,1.0,16.63585225035373,0.5148380976822443,4.3922984380502944e-38,11.79587275917583,21.78139380269129,0.9090909090909091,0.7692307692307693,13,11
3569,2,CREB5,3569,1.0,16.63585225035373,0.314622865516923,6.095809193716892e-14,8.144333872608224,11.58006907553263,0.9090909090909091,0.7692307692307693,13,11
3571,2,CREB5,3571,1.0,16.63585225035373,0.05150019427558592,0.23087586491490492,3.0722678653684032,2.5437971068019314,0.9090909090909091,0.7692307692307693,13,11
3575,2,CREB5,3575,1.0,16.63585225035373,0.23841489410181718,1.864477765901281e-08,3.2982218041722593,2.836566028046724,0.9090909090909091,0.7692307692307693,13,11
1560,2,RXRA,1560,-1.0,1.8359358102365266,0.3280592108813516,4.326589395336613e-15,-2.15627327862266,1.4698541303090686,0.8095238095238095,0.68,25,21
1550,2,RXRA,1550,-1.0,1.8359358102365266,0.13122528832535646,0.0021834633630377688,-4.309042881660442,4.332087133461134,0.8095238095238095,0.68,25,21
1543,2,RXRA,1543,-1.0,1.8359358102365266,-0.16485227860078405,0.00011383880898110495,4.837083054783948,5.246808135701797,0.8095238095238095,0.68,25,21
1554,2,RXRA,1554,-1.0,1.8359358102365266,0.4146633995589225,5.605054826766032e-24,-7.320970838346196,10.741637500936395,0.8095238095238095,0.68,25,21
1548,2,RXRA,1548,-1.0,1.8359358102365266,0.38166518161769203,2.8435429609790754e-20,-6.524250406633873,8.783795297576724,0.8095238095238095,0.68,25,21
1565,2,RXRA,1565,-1.0,1.8359358102365266,0.26569772217871673,3.163824292775889e-10,-4.604141803956119,4.859520939078814,0.8095238095238095,0.68,25,21
1545,2,RXRA,1545,-1.0,1.8359358102365266,0.3749003138390175,1.4558189181400875e-19,-12.814614739553612,24.575656295044222,0.8095238095238095,0.68,25,21
1555,2,RXRA,1555,-1.0,1.8359358102365266,0.17805859627494552,3.005932215307862e-05,-4.096116180919658,3.9835313995426587,0.8095238095238095,0.68,25,21
1559,2,RXRA,1559,-1.0,1.8359358102365266,0.28626072862938573,1.0611949215414823e-11,-2.1268071658337675,1.4405955934013683,0.8095238095238095,0.68,25,21
1542,2,RXRA,1542,-1.0,1.8359358102365266,0.44555261810336666,7.699503333048983e-28,-3.5681562961080178,3.306781291001325,0.8095238095238095,0.68,25,21
1562,2,RXRA,1562,-1.0,1.8359358102365266,0.2617234672915465,5.903320501676462e-10,-2.6601663828338613,2.027973078768987,0.8095238095238095,0.68,25,21
1547,2,RXRA,1547,-1.0,1.8359358102365266,0.4012624315388425,2.0120303666493322e-22,-7.609765941726158,10.490507345018505,0.8095238095238095,0.68,25,21
1558,2,RXRA,1558,-1.0,1.8359358102365266,0.4379269265962078,7.536803521443765e-27,-4.8882910153779395,5.3670660912290495,0.8095238095238095,0.68,25,21
1561,2,RXRA,1561,-1.0,1.8359358102365266,0.21636446519648814,3.569223899707044e-07,-3.70271363089162,3.4239091770549273,0.8095238095238095,0.68,25,21
1551,2,RXRA,1551,-1.0,1.8359358102365266,0.3339614560835241,1.2975545722121519e-15,-13.873990426767087,25.889820419939905,0.8095238095238095,0.68,25,21
1563,2,RXRA,1563,-1.0,1.8359358102365266,0.42151266329042886,8.438499573814967e-25,-5.961383809676468,7.085474203691494,0.8095238095238095,0.68,25,21
1544,2,RXRA,1544,-1.0,1.8359358102365266,0.2726779270555137,1.0315610807882407e-10,-14.01921129173945,28.96110954287088,0.8095238095238095,0.68,25,21
7086,2,HENMT1,7086,-1.0,6.172467804411003,0.36912781055012367,5.692163805502438e-19,-15.312563660746122,30.25578855389402,0.8823529411764706,0.6521739130434783,23,17
7101,2,HENMT1,7101,-1.0,6.172467804411003,0.364533777568845,1.6523256140414639e-18,-2.093933001092012,1.403915188197378,0.8823529411764706,0.6521739130434783,23,17
7093,2,HENMT1,7093,-1.0,6.172467804411003,0.3388561964917667,4.685350877952843e-16,-6.257296081431244,8.159200426591926,0.8823529411764706,0.6521739130434783,23,17
7096,2,HENMT1,7096,-1.0,6.172467804411003,0.10453907817433716,0.014806636918743857,-5.9658675226345865,7.132889967153483,0.8823529411764706,0.6521739130434783,23,17
7091,2,HENMT1,7091,-1.0,6.172467804411003,0.46032370869695055,7.847140444642776e-30,-5.495689919038197,6.5924906135596295,0.8823529411764706,0.6521739130434783,23,17
7084,2,HENMT1,7084,-1.0,6.172467804411003,0.2552029430352802,1.6063349318100554e-09,-4.535856269446703,4.9067293205400615,0.8823529411764706,0.6521739130434783,23,17
7104,2,HENMT1,7104,-1.0,6.172467804411003,0.20352848535797674,1.7364119156424022e-06,-2.478533315327356,1.8236473491514946,0.8823529411764706,0.6521739130434783,23,17
7088,2,HENMT1,7088,-1.0,6.172467804411003,0.30823598067797386,2.0472179624557196e-13,-11.65597893879558,20.73732763408363,0.8823529411764706,0.6521739130434783,23,17
7105,2,HENMT1,7105,-1.0,6.172467804411003,-0.3689758078926256,5.898071036689211e-19,6.344588785769686,8.180693415194789,0.8823529411764706,0.6521739130434783,23,17
7099,2,HENMT1,7099,-1.0,6.172467804411003,0.23050700831187707,5.563196025113645e-08,-5.36408647900089,6.235864368732314,0.8823529411764706,0.6521739130434783,23,17
7100,2,HENMT1,7100,-1.0,6.172467804411003,0.31822723228044764,3.037170540455338e-14,-2.504425301416423,1.843382889014715,0.8823529411764706,0.6521739130434783,23,17
7095,2,HENMT1,7095,-1.0,6.172467804411003,0.210942062703045,7.047906204408584e-07,-4.095312963606649,4.051926413646293,0.8823529411764706,0.6521739130434783,23,17
7094,2,HENMT1,7094,-1.0,6.172467804411003,0.24675577760002496,5.6404046139264925e-09,-3.614190970683573,3.3118702692507145,0.8823529411764706,0.6521739130434783,23,17
7102,2,HENMT1,7102,-1.0,6.172467804411003,0.22431304992282944,1.274752809816041e-07,-12.708049087288208,21.984272846596753,0.8823529411764706,0.6521739130434783,23,17
7092,2,HENMT1,7092,-1.0,6.172467804411003,0.10929620670922341,0.010814710317816539,-7.53943112953524,10.278888248097726,0.8823529411764706,0.6521739130434783,23,17
436,2,FOXO4,436,-1.0,1.6603231847916886,0.5748159628573862,4.515796375253762e-49,-6.5418817277001935,8.750642279446163,0.36363636363636365,0.32,25,22
441,2,FOXO4,441,-1.0,1.6603231847916886,0.3753536984914861,1.3064454759514752e-19,-12.050507194702428,21.024785621900982,0.36363636363636365,0.32,25,22
429,2,FOXO4,429,-1.0,1.6603231847916886,0.4445189550611788,1.0525171668846754e-27,-12.446233433742055,22.927667471098456,0.36363636363636365,0.32,25,22
426,2,FOXO4,426,-1.0,1.6603231847916886,0.6318707000037177,7.377605218006052e-62,-3.674898942638284,3.4809562936845304,0.36363636363636365,0.32,25,22
447,2,FOXO4,447,-1.0,1.6603231847916886,0.2352158677582876,2.915137461590788e-08,-4.166313741334295,4.092326886184062,0.36363636363636365,0.32,25,22
430,2,FOXO4,430,-1.0,1.6603231847916886,0.20928120131867553,8.650255046605761e-07,-15.073493730074185,32.051650955475345,0.36363636363636365,0.32,25,22
440,2,FOXO4,440,-1.0,1.6603231847916886,0.4416645580170459,2.481594553282531e-27,-7.328342326442688,10.010205025670427,0.36363636363636365,0.32,25,22
445,2,FOXO4,445,-1.0,1.6603231847916886,0.4991999623441148,1.4578339638352825e-35,-6.888025097859195,9.708364235432768,0.36363636363636365,0.32,25,22
6866,2,PAX5,6866,-1.0,5.637964678665896,0.2801808779142873,2.982584333512447e-11,-2.623750302306471,1.9825862480461487,0.9444444444444444,0.68,25,18
6870,2,PAX5,6870,-1.0,5.637964678665896,0.31845497506344916,2.905453585310975e-14,-12.090016104161126,24.806220187288336,0.9444444444444444,0.68,25,18
6849,2,PAX5,6849,-1.0,5.637964678665896,0.28965642386137036,5.893395266839061e-12,-11.751786154311771,20.55022147877192,0.9444444444444444,0.68,25,18
6869,2,PAX5,6869,-1.0,5.637964678665896,0.2115576161795641,6.529855219419972e-07,-6.264131302963442,8.125552519485577,0.9444444444444444,0.68,25,18
6858,2,PAX5,6858,-1.0,5.637964678665896,0.1535068274446728,0.00033051507085488866,-2.5546544550697967,1.9002577926408535,0.9444444444444444,0.68,25,18
6860,2,PAX5,6860,-1.0,5.637964678665896,0.17717819094806095,3.295108023270333e-05,-3.950011146895155,3.7474110569193346,0.9444444444444444,0.68,25,18
6863,2,PAX5,6863,-1.0,5.637964678665896,-0.2910458897789555,4.622271834698686e-12,8.465155097992392,12.086639913752082,0.9444444444444444,0.68,25,18
6851,2,PAX5,6851,-1.0,5.637964678665896,0.4052433038203073,7.063569637208777e-23,-13.69814922002521,26.42952536674415,0.9444444444444444,0.68,25,18
6867,2,PAX5,6867,-1.0,5.637964678665896,-0.18317684915186336,1.746858207431812e-05,4.362103503922169,4.4298427724313205,0.9444444444444444,0.68,25,18
6865,2,PAX5,6865,-1.0,5.637964678665896,0.25882688992281505,9.240595171124944e-10,-5.6791879759979444,6.842133580080475,0.9444444444444444,0.68,25,18
6854,2,PAX5,6854,-1.0,5.637964678665896,0.2623331589715059,5.368239427789497e-10,-8.449893504987916,13.18182371022936,0.9444444444444444,0.68,25,18
6864,2,PAX5,6864,-1.0,5.637964678665896,0.25697916558360323,1.2263061948431241e-09,-13.403221862014847,24.99327917007368,0.9444444444444444,0.68,25,18
6868,2,PAX5,6868,-1.0,5.637964678665896,0.22676828800947488,9.202655237488974e-08,-4.207124693444071,4.232218047744843,0.9444444444444444,0.68,25,18
6859,2,PAX5,6859,-1.0,5.637964678665896,0.3573091281375323,8.530551345176485e-18,-7.857731340694727,11.444622922057514,0.9444444444444444,0.68,25,18
6852,2,PAX5,6852,-1.0,5.637964678665896,-0.1410736633560476,0.0009797677550170962,10.22226820149631,16.425998246141646,0.9444444444444444,0.68,25,18
6856,2,PAX5,6856,-1.0,5.637964678665896,-0.13830829788893667,0.0012334761558076813,10.035131811764764,17.578418832677354,0.9444444444444444,0.68,25,18
6855,2,PAX5,6855,-1.0,5.637964678665896,0.3714118549251654,3.3296046747223106e-19,-6.065696983019137,7.686584887872129,0.9444444444444444,0.68,25,18
9829,2,SOX2,9829,-1.0,8.669305155607038,0.22372652973465393,1.3771884508753348e-07,-2.549410531399285,1.9254361462376488,1.0,0.8333333333333334,6,5
9831,2,SOX2,9831,-1.0,8.669305155607038,0.28815814529425104,7.64701503088727e-12,-5.452057768944619,6.322874732218159,1.0,0.8333333333333334,6,5
9830,2,SOX2,9830,-1.0,8.669305155607038,0.3621158199557852,2.8754652943752107e-18,-8.205701549130033,13.232465588851204,1.0,0.8333333333333334,6,5
9827,2,SOX2,9827,-1.0,8.669305155607038,0.16147761934079397,0.00015748067068154263,-2.627188612130961,2.007416628284529,1.0,0.8333333333333334,6,5
9832,2,SOX2,9832,-1.0,8.669305155607038,0.3582432090766397,6.915574955312931e-18,-9.444287457655152,15.374015425094155,1.0,0.8333333333333334,6,5
4090,2,ZNF143,4090,1.0,8.815900677184802,0.36643703372360337,1.0647770207787686e-18,6.527366660637727,8.3410100961158,0.7619047619047619,0.64,25,21
4068,2,ZNF143,4068,1.0,8.815900677184802,0.7299682533305673,1.81202343612573e-91,6.290697917707331,8.43265805245747,0.7619047619047619,0.64,25,21
4087,2,ZNF143,4087,1.0,8.815900677184802,0.4828003896304806,4.690168441858041e-33,13.161352651621929,28.16878359535117,0.7619047619047619,0.64,25,21
4080,2,ZNF143,4080,1.0,8.815900677184802,-0.18059114942790638,2.3022784858581122e-05,-2.300586036415343,1.6193713548498858,0.7619047619047619,0.64,25,21
4072,2,ZNF143,4072,1.0,8.815900677184802,0.3445545722519298,1.3987340250634268e-16,2.4878355576335602,1.8316429593608994,0.7619047619047619,0.64,25,21
4085,2,ZNF143,4085,1.0,8.815900677184802,0.29606355090200237,1.9011118718444708e-12,4.532458294243918,4.756262008562178,0.7619047619047619,0.64,25,21
4082,2,ZNF143,4082,1.0,8.815900677184802,0.6053115334939505,1.3880721991265271e-55,4.15235368064564,4.185954241639394,0.7619047619047619,0.64,25,21
4074,2,ZNF143,4074,1.0,8.815900677184802,0.584258116102448,5.149387236059608e-51,2.9273104513418757,2.3728029492505995,0.7619047619047619,0.64,25,21
4076,2,ZNF143,4076,1.0,8.815900677184802,0.3176568475548259,3.3932991620973045e-14,10.993731875513943,17.90005054338068,0.7619047619047619,0.64,25,21
4089,2,ZNF143,4089,1.0,8.815900677184802,0.005307800884313685,0.9017902526436803,3.408220501111135,2.992959169460324,0.7619047619047619,0.64,25,21
4086,2,ZNF143,4086,1.0,8.815900677184802,0.5089647090003562,4.0259979274799115e-37,10.364191041182773,18.29816249507425,0.7619047619047619,0.64,25,21
4081,2,ZNF143,4081,1.0,8.815900677184802,0.43724253987746253,9.223186992723795e-27,4.337791165986106,4.447806477089859,0.7619047619047619,0.64,25,21
4075,2,ZNF143,4075,1.0,8.815900677184802,-0.28817245436022776,7.628070807635412e-12,-2.9918840208082758,2.4390101309287737,0.7619047619047619,0.64,25,21
4070,2,ZNF143,4070,1.0,8.815900677184802,0.5923239257579447,1.002031661436306e-52,8.068711623736228,12.383789540708047,0.7619047619047619,0.64,25,21
4077,2,ZNF143,4077,1.0,8.815900677184802,0.5503774133045197,2.520000130378763e-44,3.978969713808776,3.9105591752114037,0.7619047619047619,0.64,25,21
4069,2,ZNF143,4069,1.0,8.815900677184802,-0.45690582251126377,2.3135340033350255e-29,-2.3573038808714095,1.6847166898382682,0.7619047619047619,0.64,25,21
3017,2,BCL6B,3017,-1.0,3.8750574344081277,0.5207550334765616,4.510598838054778e-39,-4.2732602447155426,4.322452458431734,0.6,0.48,25,20
2997,2,BCL6B,2997,-1.0,3.8750574344081277,0.36202663314413447,2.9345673312791027e-18,-15.399863529835226,33.35245329526186,0.6,0.48,25,20
3014,2,BCL6B,3014,-1.0,3.8750574344081277,0.2155624787885838,3.9515075913759525e-07,-3.475322741918139,3.0686251047016917,0.6,0.48,25,20
3005,2,BCL6B,3005,-1.0,3.8750574344081277,0.7735410742960209,3.0361610335345074e-109,-5.619225093904284,6.866180591550772,0.6,0.48,25,20
2998,2,BCL6B,2998,-1.0,3.8750574344081277,0.6716902995321796,1.6803467534450572e-72,-13.007103793058551,23.48518164465115,0.6,0.48,25,20
3016,2,BCL6B,3016,-1.0,3.8750574344081277,0.16359600811640226,0.00012855216302804526,-8.553732331666318,12.405288146454273,0.6,0.48,25,20
2995,2,BCL6B,2995,-1.0,3.8750574344081277,0.8783169258406917,1.586698959743653e-175,-3.3249404478369278,2.948497448585582,0.6,0.48,25,20
3003,2,BCL6B,3003,-1.0,3.8750574344081277,-0.40103352812858645,2.1359391451873574e-22,5.682582715028644,6.7706846835904635,0.6,0.48,25,20
3012,2,BCL6B,3012,-1.0,3.8750574344081277,0.41829369971470276,2.0657866083339223e-24,-14.146229481204193,26.264396900966034,0.6,0.48,25,20
3013,2,BCL6B,3013,-1.0,3.8750574344081277,0.03842894010675564,0.37145483300426785,-1.9965090452590206,1.3049498616460966,0.6,0.48,25,20
3015,2,BCL6B,3015,-1.0,3.8750574344081277,0.682536228799077,1.0758526429995515e-75,-8.632053981292023,12.913430833240298,0.6,0.48,25,20
3000,2,BCL6B,3000,-1.0,3.8750574344081277,0.04281528109398741,0.31932077192626884,-5.35006124921617,6.663706239547514,0.6,0.48,25,20
9774,2,ETV4,9774,-1.0,14.66433077920522,0.1415577214351929,0.0009406607986580844,-2.7692458780484333,2.1810716955794986,1.0,0.6,5,3
9778,2,ETV4,9778,-1.0,14.66433077920522,-0.30531622548919674,3.5274653911537504e-13,6.87855242053952,9.011041440576433,1.0,0.6,5,3
9777,2,ETV4,9777,-1.0,14.66433077920522,-0.4690133438545955,4.750537531277552e-31,9.05735852509088,13.573347070551055,1.0,0.6,5,3
3923,2,LHX6,3923,-1.0,13.8890869896855,0.4305520244835208,6.482297669584175e-26,-5.7310308905710325,6.763554611293206,0.6666666666666666,0.48,25,18
3929,2,LHX6,3929,-1.0,13.8890869896855,0.19248625680114456,6.261578110660252e-06,-5.215090451494344,5.792674368604162,0.6666666666666666,0.48,25,18
3906,2,LHX6,3906,-1.0,13.8890869896855,0.660055500457507,3.1883415756757347e-69,-3.0012998048970014,2.4982589390980867,0.6666666666666666,0.48,25,18
3911,2,LHX6,3911,-1.0,13.8890869896855,0.5700251808741682,4.136931036127722e-48,-5.66353394300558,6.934447571156552,0.6666666666666666,0.48,25,18
3909,2,LHX6,3909,-1.0,13.8890869896855,0.06471925378987298,0.1320118917371261,-2.8056360932022253,2.2594297913812698,0.6666666666666666,0.48,25,18
3924,2,LHX6,3924,-1.0,13.8890869896855,0.4412676871731344,2.794112911780839e-27,-2.9255974537054223,2.3510973887574944,0.6666666666666666,0.48,25,18
3910,2,LHX6,3910,-1.0,13.8890869896855,0.7214749924148576,2.1042374754765063e-88,-10.372693910212101,17.730132747075384,0.6666666666666666,0.48,25,18
3912,2,LHX6,3912,-1.0,13.8890869896855,-0.47558558499137155,5.396020991617457e-32,5.3030579462360095,6.061200446335046,0.6666666666666666,0.48,25,18
3921,2,LHX6,3921,-1.0,13.8890869896855,0.2923553756174546,3.671886393421404e-12,-3.31571480536518,2.8738079779095993,0.6666666666666666,0.48,25,18
3914,2,LHX6,3914,-1.0,13.8890869896855,0.35857651759813014,6.4155016163230204e-18,-14.027600949954007,27.165228188697913,0.6666666666666666,0.48,25,18
3908,2,LHX6,3908,-1.0,13.8890869896855,0.5515058906276421,1.551605036905789e-44,-14.455941032349433,29.637081542510373,0.6666666666666666,0.48,25,18
3915,2,LHX6,3915,-1.0,13.8890869896855,0.6614574026793243,1.3072293324762434e-69,-7.206773709052366,10.479854216059232,0.6666666666666666,0.48,25,18
10004,2,MAFF,10004,-1.0,2.587108012327263,0.257905637229918,1.0643787180298532e-09,-9.988836352383437,16.145930723016637,1.0,1.0,1,1
6220,2,TCF3,6220,-1.0,3.852643024201152,0.39586566262965195,8.132197639620653e-22,-12.675786842982445,23.630497701125755,1.0,0.8,25,20
6236,2,TCF3,6236,-1.0,3.852643024201152,0.7462098272266442,1.1459431607972976e-97,-3.779398522309857,3.504958014354276,1.0,0.8,25,20
6233,2,TCF3,6233,-1.0,3.852643024201152,0.6449927716290488,3.4355173169490624e-65,-4.180727306665358,4.128954366003547,1.0,0.8,25,20
6224,2,TCF3,6224,-1.0,3.852643024201152,0.30071192408381675,8.217900706480023e-13,-2.7773285946065793,2.193852951886202,1.0,0.8,25,20
6219,2,TCF3,6219,-1.0,3.852643024201152,-0.26758269004529506,2.345076022378351e-10,8.365931429101314,13.050569402561134,1.0,0.8,25,20
6223,2,TCF3,6223,-1.0,3.852643024201152,0.3873826701380436,6.940202685041668e-21,-14.887425722832436,30.934807896425255,1.0,0.8,25,20
6234,2,TCF3,6234,-1.0,3.852643024201152,0.6192598010234246,8.359611042212487e-59,-3.636734316531947,3.297646381003662,1.0,0.8,25,20
6228,2,TCF3,6228,-1.0,3.852643024201152,0.22020508066634129,2.1807628940859238e-07,-6.4305633508713305,8.552961154572714,1.0,0.8,25,20
6218,2,TCF3,6218,-1.0,3.852643024201152,0.1970664236622867,3.710371712196308e-06,-3.6889247844377273,3.499473925223001,1.0,0.8,25,20
6231,2,TCF3,6231,-1.0,3.852643024201152,0.2343919204141668,3.2673987232999015e-08,-3.067808688041578,2.5614999778948433,1.0,0.8,25,20
6240,2,TCF3,6240,-1.0,3.852643024201152,0.368496040135897,6.597302142280294e-19,-6.391129373695042,8.123778487458189,1.0,0.8,25,20
6237,2,TCF3,6237,-1.0,3.852643024201152,0.3737267154114505,1.9251576815276294e-19,-6.381368419661639,8.315234753188017,1.0,0.8,25,20
6238,2,TCF3,6238,-1.0,3.852643024201152,0.5620477396275425,1.5272253379341536e-46,-13.780979126227527,25.16920283309218,1.0,0.8,25,20
6229,2,TCF3,6229,-1.0,3.852643024201152,0.5519816859283315,1.263973010933286e-44,-7.8965421956749315,11.213660193627234,1.0,0.8,25,20
6226,2,TCF3,6226,-1.0,3.852643024201152,0.49696017170603946,3.267583286505329e-35,-3.254326943751391,2.783722379471045,1.0,0.8,25,20
6221,2,TCF3,6221,-1.0,3.852643024201152,-0.23368040107115404,3.604433978529243e-08,4.720985575433509,5.050587435753111,1.0,0.8,25,20
6230,2,TCF3,6230,-1.0,3.852643024201152,-0.23747139831651815,2.128597612016531e-08,13.373537673894974,27.891358165468596,1.0,0.8,25,20
6222,2,TCF3,6222,-1.0,3.852643024201152,-0.31079401751118585,1.2646433409105218e-13,11.465962344537502,19.229999233037148,1.0,0.8,25,20
6216,2,TCF3,6216,-1.0,3.852643024201152,0.21090518631868155,7.080163869812479e-07,-2.279493479637859,1.5994332131511022,1.0,0.8,25,20
6235,2,TCF3,6235,-1.0,3.852643024201152,0.32275103523703425,1.2499840881301867e-14,-6.537502595412454,8.504387184683248,1.0,0.8,25,20
1675,2,SP4,1675,1.0,8.571137745399454,-0.5854850054025402,2.848392120558471e-51,-2.346815959529588,1.6716491435057217,0.6,0.48,25,20
1688,2,SP4,1688,1.0,8.571137745399454,0.3935743799670691,1.4601108476223261e-21,13.013306431044548,26.533575718549915,0.6,0.48,25,20
1683,2,SP4,1683,1.0,8.571137745399454,0.21415435555070533,4.719988096875881e-07,10.445510792573499,16.818778000630022,0.6,0.48,25,20
1687,2,SP4,1687,1.0,8.571137745399454,-0.24980707355009857,3.6021764718080897e-09,-2.217091660310288,1.5281608308348205,0.6,0.48,25,20
1692,2,SP4,1692,1.0,8.571137745399454,-0.25771938150808227,1.0951660526846534e-09,-2.266937284696241,1.5868850049477612,0.6,0.48,25,20
1695,2,SP4,1695,1.0,8.571137745399454,0.3563995367366739,1.0457957383724042e-17,7.974974033435145,11.175991504196638,0.6,0.48,25,20
1693,2,SP4,1693,1.0,8.571137745399454,-0.26973081438646695,1.6622718809066286e-10,-8.393748142190029,12.522735458101225,0.6,0.48,25,20
1677,2,SP4,1677,1.0,8.571137745399454,0.6282922666324486,5.6091438705191464e-61,7.7401216268175075,11.560075963571734,0.6,0.48,25,20
1686,2,SP4,1686,1.0,8.571137745399454,0.4609123817107525,6.505791621365821e-30,11.994309755598088,22.94351134508165,0.6,0.48,25,20
1696,2,SP4,1696,1.0,8.571137745399454,-0.28642787159103306,1.0311045413254862e-11,-6.701568141165051,8.896212279913522,0.6,0.48,25,20
1674,2,SP4,1674,1.0,8.571137745399454,0.7277693864848951,1.1555528399651715e-90,6.104015822709688,8.047600549211577,0.6,0.48,25,20
1681,2,SP4,1681,1.0,8.571137745399454,-0.42512647400604653,3.052993531764404e-25,-2.848742417386431,2.2562255198876953,0.6,0.48,25,20
6404,2,LBX2,6404,1.0,2.625453222096199,-0.12004987006321154,0.005092313202435551,-2.962712081308624,2.4792373245478094,0.6842105263157895,0.52,25,19
6405,2,LBX2,6405,1.0,2.625453222096199,0.4110503383633121,1.4955187732843424e-23,12.107331123428652,21.007530163795302,0.6842105263157895,0.52,25,19
6420,2,LBX2,6420,1.0,2.625453222096199,0.1685902098296251,7.887634479343112e-05,3.306118753170036,2.854489884048008,0.6842105263157895,0.52,25,19
6408,2,LBX2,6408,1.0,2.625453222096199,0.28329945003219936,1.7609689695438977e-11,8.858847664286353,14.552661919571857,0.6842105263157895,0.52,25,19
6422,2,LBX2,6422,1.0,2.625453222096199,0.3805334064065373,3.7469456274780945e-20,2.066491625223685,1.3790369331765977,0.6842105263157895,0.52,25,19
6407,2,LBX2,6407,1.0,2.625453222096199,-0.19763545925189513,3.4738312434896465e-06,-4.108717236507018,4.185767713308856,0.6842105263157895,0.52,25,19
6403,2,LBX2,6403,1.0,2.625453222096199,0.06436877823441868,0.13412240692424815,2.3535021338709283,1.6809857453144703,0.6842105263157895,0.52,25,19
6409,2,LBX2,6409,1.0,2.625453222096199,0.33574891139714125,8.963753856741525e-16,13.204455222555275,27.64365746985916,0.6842105263157895,0.52,25,19
6406,2,LBX2,6406,1.0,2.625453222096199,0.5179244711686636,1.34746948655368e-38,7.648456190369462,10.626381261622408,0.6842105263157895,0.52,25,19
6417,2,LBX2,6417,1.0,2.625453222096199,-0.14249926846847277,0.0008686925283054442,-10.214623994402645,16.73672649277991,0.6842105263157895,0.52,25,19
6410,2,LBX2,6410,1.0,2.625453222096199,0.012787860654037154,0.766227715885366,5.495364647462265,6.5979465262156145,0.6842105263157895,0.52,25,19
6418,2,LBX2,6418,1.0,2.625453222096199,0.16499213903416252,0.00011230254596482195,5.956698889382024,7.4704329303631845,0.6842105263157895,0.52,25,19
6426,2,LBX2,6426,1.0,2.625453222096199,0.07948412336739552,0.06419422378923473,3.59880417185457,3.2983562066156336,0.6842105263157895,0.52,25,19
852,2,GATA2,852,-1.0,3.4063027178869882,0.23720464414588896,2.2096161596600728e-08,-13.206845254684977,29.504446124446233,0.6875,0.44,25,16
850,2,GATA2,850,-1.0,3.4063027178869882,-0.2537626653890849,1.9964093927563942e-09,6.479149643593922,8.265336541932756,0.6875,0.44,25,16
843,2,GATA2,843,-1.0,3.4063027178869882,0.5196161378253366,7.014645668754456e-39,-12.9276558053988,23.851951939688377,0.6875,0.44,25,16
846,2,GATA2,846,-1.0,3.4063027178869882,0.6060356447730874,9.531277913417872e-56,-5.286001310276638,6.253501392973007,0.6875,0.44,25,16
848,2,GATA2,848,-1.0,3.4063027178869882,0.3644256218317789,1.6939556461694993e-18,-8.572371598663093,13.889688357585012,0.6875,0.44,25,16
856,2,GATA2,856,-1.0,3.4063027178869882,0.5706280947681105,3.1367956082594114e-48,-8.425687698917107,12.349178589283758,0.6875,0.44,25,16
862,2,GATA2,862,-1.0,3.4063027178869882,-0.19714257489503725,3.677846945615851e-06,8.881404751732699,13.267518594705804,0.6875,0.44,25,16
841,2,GATA2,841,-1.0,3.4063027178869882,0.686291099180085,7.825341263678778e-77,-3.485711143956933,3.1820353566813955,0.6875,0.44,25,16
844,2,GATA2,844,-1.0,3.4063027178869882,0.23601837883019716,2.6075212884612648e-08,-13.452155032534113,27.324411042009316,0.6875,0.44,25,16
855,2,GATA2,855,-1.0,3.4063027178869882,-0.24870805236326657,4.2364902189717155e-09,4.512454971132163,4.6917931031360025,0.6875,0.44,25,16
842,2,GATA2,842,-1.0,3.4063027178869882,0.18953764509208304,8.713164450437049e-06,-3.096765521473267,2.6865196138588066,0.6875,0.44,25,16
6643,2,FOXM1,6643,-1.0,2.09956935862748,0.2540924541923352,1.8996889573775277e-09,-12.455036044046377,23.89604979917756,0.6666666666666666,0.5,4,3
6642,2,FOXM1,6642,-1.0,2.09956935862748,0.44213030974963635,2.158690834154842e-27,-3.0263005421253713,2.5205300621470514,0.6666666666666666,0.5,4,3
9584,2,EVX1,9584,-1.0,6.816662279330262,0.2875591530485156,8.482641354725241e-12,-4.241422386158957,4.278533428827051,1.0,1.0,5,5
9580,2,EVX1,9580,-1.0,6.816662279330262,-0.23599795114544417,2.6149466500429975e-08,11.096463891030714,18.30264073629509,1.0,1.0,5,5
9583,2,EVX1,9583,-1.0,6.816662279330262,-0.192209853744246,6.459936657096004e-06,8.009896650991719,11.917104472310768,1.0,1.0,5,5
9582,2,EVX1,9582,-1.0,6.816662279330262,0.2442253314087267,8.144404270970007e-09,-2.1769337594143137,1.5013894287169078,1.0,1.0,5,5
9581,2,EVX1,9581,-1.0,6.816662279330262,0.34172493453244795,2.5573417963485364e-16,-4.3550864426635565,4.484071852426269,1.0,1.0,5,5
3680,2,SOX7,3680,-1.0,3.7079155005953934,0.7310948568536709,6.963480992027983e-92,-12.114145238974626,22.378775035329298,0.45,0.36,25,20
3682,2,SOX7,3682,-1.0,3.7079155005953934,0.39315847131496995,1.6229714640192685e-21,-14.733326551181847,30.496701038159166,0.45,0.36,25,20
3678,2,SOX7,3678,-1.0,3.7079155005953934,0.8067927799037496,9.7943411439182e-126,-3.3292918777925613,2.9577015653556535,0.45,0.36,25,20
3693,2,SOX7,3693,-1.0,3.7079155005953934,0.6370846609831065,3.6590138447171524e-63,-9.397277914567523,16.207626113728693,0.45,0.36,25,20
3694,2,SOX7,3694,-1.0,3.7079155005953934,0.5014273109500675,6.494632616766061e-36,-8.352165511403435,12.609282466138588,0.45,0.36,25,20
3696,2,SOX7,3696,-1.0,3.7079155005953934,0.44238342265613106,2.001015630098836e-27,-13.993484092949975,26.234177593894284,0.45,0.36,25,20
3679,2,SOX7,3679,-1.0,3.7079155005953934,-0.2746069666985263,7.52499739393615e-11,2.2158961605388012,1.555204437994788,0.45,0.36,25,20
3685,2,SOX7,3685,-1.0,3.7079155005953934,0.6715741239310346,1.8149802779083224e-72,-6.5041745237862,8.751104632572389,0.45,0.36,25,20
3689,2,SOX7,3689,-1.0,3.7079155005953934,0.7222225636702255,1.1426604024156055e-88,-6.754007520883252,8.98060046706888,0.45,0.36,25,20
8894,2,POU2F3,8894,-1.0,11.970501212946111,0.1417821303821183,0.0009230245516793418,-6.163393196571867,8.055901009023204,1.0,0.9130434782608695,23,21
8874,2,POU2F3,8874,-1.0,11.970501212946111,0.1773549127392864,3.235027289630426e-05,-5.175525623925258,6.417060419310924,1.0,0.9130434782608695,23,21
8895,2,POU2F3,8895,-1.0,11.970501212946111,0.08922230121122252,0.037668324121166684,-5.464032215054506,6.626961408676247,1.0,0.9130434782608695,23,21
8884,2,POU2F3,8884,-1.0,11.970501212946111,-0.1510599140634072,0.0004120704905065296,7.342277905038327,10.623460165499898,1.0,0.9130434782608695,23,21
8876,2,POU2F3,8876,-1.0,11.970501212946111,0.09135067574008124,0.03331781842288388,-4.889832684212254,5.561165016306141,1.0,0.9130434782608695,23,21
8890,2,POU2F3,8890,-1.0,11.970501212946111,-0.24807441279743983,4.6501468624980406e-09,3.3587432220501117,2.981966545675571,1.0,0.9130434782608695,23,21
8885,2,POU2F3,8885,-1.0,11.970501212946111,-0.09592226068280114,0.025402884281018712,6.2342892102911955,8.130128922038372,1.0,0.9130434782608695,23,21
8878,2,POU2F3,8878,-1.0,11.970501212946111,0.1297886857591777,0.0024435983573238306,-15.918244670705258,33.5914671440937,1.0,0.9130434782608695,23,21
8882,2,POU2F3,8882,-1.0,11.970501212946111,0.19214901387430894,6.504395911218042e-06,-5.504417813695845,6.463963256686589,1.0,0.9130434782608695,23,21
8883,2,POU2F3,8883,-1.0,11.970501212946111,0.1445529185213462,0.0007290316782119973,-11.807188652123266,22.03695767053856,1.0,0.9130434782608695,23,21
8892,2,POU2F3,8892,-1.0,11.970501212946111,0.15783984732127262,0.00022185279830156044,-6.378365547001123,9.060390082413367,1.0,0.9130434782608695,23,21
8879,2,POU2F3,8879,-1.0,11.970501212946111,-0.22996544693963203,5.987146379708175e-08,9.401218866272075,16.109802369069367,1.0,0.9130434782608695,23,21
8891,2,POU2F3,8891,-1.0,11.970501212946111,-0.18944564506100883,8.802735772508067e-06,7.751785937533615,11.795481920077538,1.0,0.9130434782608695,23,21
8877,2,POU2F3,8877,-1.0,11.970501212946111,-0.20267785889937073,1.9216494480337324e-06,14.696667767901808,32.986693581008915,1.0,0.9130434782608695,23,21
8886,2,POU2F3,8886,-1.0,11.970501212946111,0.23881855257677778,1.761437115930887e-08,-7.7349956847041,10.649527092329278,1.0,0.9130434782608695,23,21
8875,2,POU2F3,8875,-1.0,11.970501212946111,0.2256552196283854,1.0672511792161e-07,-6.5504515049589545,9.56430178691191,1.0,0.9130434782608695,23,21
8896,2,POU2F3,8896,-1.0,11.970501212946111,0.2197970460928768,2.298928779114379e-07,-7.327062143184704,10.342832662706526,1.0,0.9130434782608695,23,21
8888,2,POU2F3,8888,-1.0,11.970501212946111,-0.22688394527551956,9.061649890218174e-08,3.574428103207324,3.310431151478171,1.0,0.9130434782608695,23,21
8881,2,POU2F3,8881,-1.0,11.970501212946111,-0.12541939627024223,0.0034180887831813424,11.510838741274132,22.595961219997186,1.0,0.9130434782608695,23,21
8889,2,POU2F3,8889,-1.0,11.970501212946111,0.2681298071989038,2.148905413161587e-10,-7.337099086799463,10.612600582759471,1.0,0.9130434782608695,23,21
8887,2,POU2F3,8887,-1.0,11.970501212946111,0.3582763790245549,6.86413764464876e-18,-6.523341715983771,9.02859030392616,1.0,0.9130434782608695,23,21
2720,2,ETV2,2720,-1.0,1.7241091393069974,-0.10109346732553506,0.018456659411146215,6.045269533945891,7.558089988738504,0.7857142857142857,0.5238095238095238,21,14
2704,2,ETV2,2704,-1.0,1.7241091393069974,-0.492587958615401,1.5525135885338e-34,6.004403864684447,7.790440531852777,0.7857142857142857,0.5238095238095238,21,14
2710,2,ETV2,2710,-1.0,1.7241091393069974,-0.3044185481931291,4.1647015123392717e-13,2.9336522694919536,2.370716478039838,0.7857142857142857,0.5238095238095238,21,14
2712,2,ETV2,2712,-1.0,1.7241091393069974,0.20893284007917687,9.028149777749989e-07,-3.9116828510471175,3.7257329991098542,0.7857142857142857,0.5238095238095238,21,14
2706,2,ETV2,2706,-1.0,1.7241091393069974,-0.4963300124847571,4.0961665391970704e-35,8.773769500925965,13.722501653818489,0.7857142857142857,0.5238095238095238,21,14
2713,2,ETV2,2713,-1.0,1.7241091393069974,0.4652022943408775,1.641409590047305e-30,-2.282492471246657,1.5974098083217454,0.7857142857142857,0.5238095238095238,21,14
2722,2,ETV2,2722,-1.0,1.7241091393069974,0.29862273439759773,1.2002802725430569e-12,-2.099526301581205,1.4105137615077992,0.7857142857142857,0.5238095238095238,21,14
2705,2,ETV2,2705,-1.0,1.7241091393069974,0.6781330744391117,2.2125084050572324e-74,-2.362534587995471,1.6907984771889628,0.7857142857142857,0.5238095238095238,21,14
2717,2,ETV2,2717,-1.0,1.7241091393069974,0.12189167471338949,0.004449077411044311,-3.958070678575112,3.82893605047667,0.7857142857142857,0.5238095238095238,21,14
2724,2,ETV2,2724,-1.0,1.7241091393069974,-0.41806527735128124,2.200480383220438e-24,2.559075157194581,1.903704306440441,0.7857142857142857,0.5238095238095238,21,14
2711,2,ETV2,2711,-1.0,1.7241091393069974,-0.4250661695050129,3.1055451263195535e-25,3.1488697637817658,2.66203488680832,0.7857142857142857,0.5238095238095238,21,14
5212,2,GTF2I,5212,1.0,8.782301065781448,0.3915940731555512,2.412515248224311e-21,9.37483271386403,14.059830084222849,0.7368421052631579,0.56,25,19
5207,2,GTF2I,5207,1.0,8.782301065781448,-0.45970670382686935,9.547091894633478e-30,-2.783776359457805,2.177359242591078,0.7368421052631579,0.56,25,19
5206,2,GTF2I,5206,1.0,8.782301065781448,0.7581478071443049,1.5579780426671982e-102,6.426922427695025,8.682040056023359,0.7368421052631579,0.56,25,19
5209,2,GTF2I,5209,1.0,8.782301065781448,0.6390719383306931,1.1468027698672098e-63,3.5467611531872834,3.2215485107519313,0.7368421052631579,0.56,25,19
5219,2,GTF2I,5219,1.0,8.782301065781448,0.17897323553996022,2.731076606821454e-05,3.555071261800338,3.203136970507527,0.7368421052631579,0.56,25,19
5218,2,GTF2I,5218,1.0,8.782301065781448,-0.2918243406922207,4.0317212893675776e-12,-3.8995587609738926,3.6966525953586578,0.7368421052631579,0.56,25,19
5202,2,GTF2I,5202,1.0,8.782301065781448,0.7718848599356971,1.696431018284903e-108,5.405257538132766,6.572667057189789,0.7368421052631579,0.56,25,19
5225,2,GTF2I,5225,1.0,8.782301065781448,-0.27299032699459264,9.803551134469885e-11,-3.639266253911748,3.2975903863265095,0.7368421052631579,0.56,25,19
5222,2,GTF2I,5222,1.0,8.782301065781448,0.5451050647165555,2.3707461005071333e-43,7.44933297401974,10.005165159777468,0.7368421052631579,0.56,25,19
5214,2,GTF2I,5214,1.0,8.782301065781448,0.5789281294259156,6.551228467009376e-50,7.171805042183821,9.987988745527991,0.7368421052631579,0.56,25,19
5226,2,GTF2I,5226,1.0,8.782301065781448,0.6452614745516971,2.924485905067997e-65,6.497534450198133,8.475555150841865,0.7368421052631579,0.56,25,19
5217,2,GTF2I,5217,1.0,8.782301065781448,-0.3049250509973413,3.7924597269820296e-13,-4.3611770425692615,4.436926644406866,0.7368421052631579,0.56,25,19
5204,2,GTF2I,5204,1.0,8.782301065781448,-0.6517944408400861,5.5412649133391957e-67,-2.3460740606334975,1.6718780645034743,0.7368421052631579,0.56,25,19
5220,2,GTF2I,5220,1.0,8.782301065781448,-0.38156129814466816,2.916601824458439e-20,-7.567033511664971,10.141296994873247,0.7368421052631579,0.56,25,19
3772,2,PBX1,3772,1.0,8.678855379278877,0.5211675692886276,3.84229395102908e-39,13.467734856060435,27.920167889654895,0.7727272727272727,0.68,25,22
3782,2,PBX1,3782,1.0,8.678855379278877,0.4272846419153175,1.653795692253989e-25,8.198295104057731,11.830785468157261,0.7727272727272727,0.68,25,22
3781,2,PBX1,3781,1.0,8.678855379278877,0.42378723165684695,4.456348372427272e-25,10.19453939381234,18.111699185196624,0.7727272727272727,0.68,25,22
3774,2,PBX1,3774,1.0,8.678855379278877,0.27419135785443005,8.055854021927051e-11,4.225626077230626,4.225191303548947,0.7727272727272727,0.68,25,22
3777,2,PBX1,3777,1.0,8.678855379278877,0.25694257897242606,1.2331693452217908e-09,8.46678266869576,12.774519236014639,0.7727272727272727,0.68,25,22
3783,2,PBX1,3783,1.0,8.678855379278877,0.4328312398739848,3.3523981867144443e-26,7.029855726835266,9.312633824340766,0.7727272727272727,0.68,25,22
3771,2,PBX1,3771,1.0,8.678855379278877,0.5167829521974128,2.088972459300308e-38,4.884529108693502,5.420731800350268,0.7727272727272727,0.68,25,22
3770,2,PBX1,3770,1.0,8.678855379278877,0.36628922837814665,1.1018553457643464e-18,15.527738487144553,36.264322118238304,0.7727272727272727,0.68,25,22
3767,2,PBX1,3767,1.0,8.678855379278877,-0.22851538374824765,7.281718921256764e-08,-2.592403796810404,1.9617513459954925,0.7727272727272727,0.68,25,22
3766,2,PBX1,3766,1.0,8.678855379278877,0.4191480775711235,1.6303978436665455e-24,12.8779910848497,22.786361509230332,0.7727272727272727,0.68,25,22
3784,2,PBX1,3784,1.0,8.678855379278877,0.5040546783839629,2.483124895192195e-36,6.109536724651678,7.794374478901266,0.7727272727272727,0.68,25,22
3773,2,PBX1,3773,1.0,8.678855379278877,-0.23349227154929988,3.699023399509472e-08,-6.209102073502648,7.804835123149626,0.7727272727272727,0.68,25,22
3760,2,PBX1,3760,1.0,8.678855379278877,0.6245893379879525,4.451271925674452e-60,6.448263038290592,8.800999828741451,0.7727272727272727,0.68,25,22
3780,2,PBX1,3780,1.0,8.678855379278877,0.20943785100021944,8.485319683394883e-07,6.162020983769469,7.90137931286579,0.7727272727272727,0.68,25,22
3762,2,PBX1,3762,1.0,8.678855379278877,0.5489193720341493,4.702676362236695e-44,8.63908729212286,13.803926597467965,0.7727272727272727,0.68,25,22
3778,2,PBX1,3778,1.0,8.678855379278877,0.28429166461797867,1.4871048113641737e-11,7.8444219377712905,10.929174600611384,0.7727272727272727,0.68,25,22
3765,2,PBX1,3765,1.0,8.678855379278877,0.43227839391653583,3.935666098082344e-26,3.804509092684766,3.609399392440787,0.7727272727272727,0.68,25,22
5273,2,E4F1,5273,-1.0,2.66450222992042,0.745780127406409,1.6952547502467308e-97,-2.142736206569997,1.4546274339653065,1.0,1.0,4,4
5270,2,E4F1,5270,-1.0,2.66450222992042,-0.32005583624247036,2.125201846659178e-14,6.847823007185385,9.692214939551999,1.0,1.0,4,4
5271,2,E4F1,5271,-1.0,2.66450222992042,0.4645347369544544,2.036304930623228e-30,-2.1472184453179404,1.4592789411789933,1.0,1.0,4,4
5272,2,E4F1,5272,-1.0,2.66450222992042,-0.4561156035674754,2.965423224341161e-29,8.291404313889982,12.554609091738161,1.0,1.0,4,4
5340,2,TCF7L1,5340,-1.0,3.6757240022166506,0.6090037440023409,2.0209043598450715e-56,-3.91203528349682,3.745674969529186,0.6666666666666666,0.5454545454545454,22,18
5326,2,TCF7L1,5326,-1.0,3.6757240022166506,0.7311770791984814,6.492793513971818e-92,-5.985440843224579,7.618206620718012,0.6666666666666666,0.5454545454545454,22,18
5323,2,TCF7L1,5323,-1.0,3.6757240022166506,0.718674710715258,2.035768877598584e-87,-3.129446863481681,2.6804593988635173,0.6666666666666666,0.5454545454545454,22,18
5339,2,TCF7L1,5339,-1.0,3.6757240022166506,0.30813089797293813,2.0879220736744502e-13,-10.058791705633071,19.953797922120742,0.6666666666666666,0.5454545454545454,22,18
5324,2,TCF7L1,5324,-1.0,3.6757240022166506,0.6306431361356188,1.4840000072332158e-61,-14.464803168748967,29.7143019241394,0.6666666666666666,0.5454545454545454,22,18
5335,2,TCF7L1,5335,-1.0,3.6757240022166506,-0.06293202333225803,0.14304722056836888,2.341710877512182,1.664823240985549,0.6666666666666666,0.5454545454545454,22,18
5325,2,TCF7L1,5325,-1.0,3.6757240022166506,-0.4040076984698999,9.790065608228389e-23,3.6816727908828186,3.3901928699906847,0.6666666666666666,0.5454545454545454,22,18
5333,2,TCF7L1,5333,-1.0,3.6757240022166506,-0.2718421372952761,1.1817154645132855e-10,3.2034049991205316,2.7206565732464387,0.6666666666666666,0.5454545454545454,22,18
5336,2,TCF7L1,5336,-1.0,3.6757240022166506,0.48389461388926536,3.2216201642990924e-33,-14.013848535011332,29.13778631257396,0.6666666666666666,0.5454545454545454,22,18
5329,2,TCF7L1,5329,-1.0,3.6757240022166506,0.19425025213853048,5.126096992778593e-06,-4.667400075540324,4.96864419422087,0.6666666666666666,0.5454545454545454,22,18
5334,2,TCF7L1,5334,-1.0,3.6757240022166506,0.8221601886152109,1.7430347175150967e-134,-4.790423038408992,5.214982226383749,0.6666666666666666,0.5454545454545454,22,18
5332,2,TCF7L1,5332,-1.0,3.6757240022166506,-0.15849215162609864,0.00020874264317211248,3.8150117372433248,3.6709694026781916,0.6666666666666666,0.5454545454545454,22,18
5120,2,POLR3A,5120,1.0,4.689466186347809,0.21327127107800167,5.273230003561298e-07,3.3114535843062436,2.846229907509964,0.6470588235294118,0.44,25,17
5118,2,POLR3A,5118,1.0,4.689466186347809,0.6457282006602971,2.2100113252067337e-65,2.772804280690676,2.1794315355208775,0.6470588235294118,0.44,25,17
5115,2,POLR3A,5115,1.0,4.689466186347809,0.4416937143453333,2.4600487338595757e-27,11.951451758337956,22.134110299527126,0.6470588235294118,0.44,25,17
5102,2,POLR3A,5102,1.0,4.689466186347809,0.666407157856109,5.399119197455092e-71,6.718992842032255,9.419883644458007,0.6470588235294118,0.44,25,17
5111,2,POLR3A,5111,1.0,4.689466186347809,0.32237949816937234,1.3452910837924479e-14,12.915703885601772,26.59823334326636,0.6470588235294118,0.44,25,17
5110,2,POLR3A,5110,1.0,4.689466186347809,0.29557793688921613,2.0733956407606813e-12,12.354689389695153,21.67415690545602,0.6470588235294118,0.44,25,17
5125,2,POLR3A,5125,1.0,4.689466186347809,0.2944789157023842,2.521636046925091e-12,8.51168846514069,12.064661696272223,0.6470588235294118,0.44,25,17
5112,2,POLR3A,5112,1.0,4.689466186347809,0.4358871078961034,1.3739504899118896e-26,6.319353688353628,8.225919686817264,0.6470588235294118,0.44,25,17
5123,2,POLR3A,5123,1.0,4.689466186347809,0.25825101604932205,1.0095009027860441e-09,3.539014791108614,3.2519319298721814,0.6470588235294118,0.44,25,17
5103,2,POLR3A,5103,1.0,4.689466186347809,-0.4229960383370489,5.567636167105107e-25,-2.487902343349498,1.8302437129502331,0.6470588235294118,0.44,25,17
5106,2,POLR3A,5106,1.0,4.689466186347809,0.47161380352022575,2.0202710955607857e-31,8.417812381673805,13.20481141631754,0.6470588235294118,0.44,25,17
5943,2,NRL,5943,-1.0,1.5175989315054093,0.07420945126740836,0.08405043162914481,-2.1063459120100787,1.419648852798594,0.6,0.5,6,5
5944,2,NRL,5944,-1.0,1.5175989315054093,-0.17678388759838198,3.432993134681969e-05,2.283925842286433,1.6067496665710677,0.6,0.5,6,5
5945,2,NRL,5945,-1.0,1.5175989315054093,-0.06780915002032699,0.11449924894055181,12.54701385096041,25.167522859952225,0.6,0.5,6,5
9045,2,CDX1,9045,-1.0,9.460494676061355,-0.22559158259185882,1.0763063363910404e-07,9.357532095749981,14.13551421902197,1.0,0.92,25,23
9051,2,CDX1,9051,-1.0,9.460494676061355,-0.2825772170143572,1.990692142520622e-11,10.917552234290786,17.88640585210788,1.0,0.92,25,23
9057,2,CDX1,9057,-1.0,9.460494676061355,0.36126635678762997,3.489424856383864e-18,-8.235195559128313,12.216492419619268,1.0,0.92,25,23
9055,2,CDX1,9055,-1.0,9.460494676061355,0.11066080984156855,0.009861570660722224,-4.929238547375717,5.4864057760176586,1.0,0.92,25,23
9062,2,CDX1,9062,-1.0,9.460494676061355,-0.24045244324136195,1.3978948382169143e-08,8.80487181240727,12.933620167147343,1.0,0.92,25,23
9058,2,CDX1,9058,-1.0,9.460494676061355,-0.23337300522445278,3.760227806143994e-08,9.950710306491567,15.027543349185603,1.0,0.92,25,23
9041,2,CDX1,9041,-1.0,9.460494676061355,0.522945819380904,1.9199660448715174e-39,-14.2806225273378,29.197013483566778,1.0,0.92,25,23
9049,2,CDX1,9049,-1.0,9.460494676061355,0.301679818767157,6.887928077334592e-13,-8.197182186900994,12.455017275100413,1.0,0.92,25,23
9063,2,CDX1,9063,-1.0,9.460494676061355,0.4509457722015634,1.4808275291677755e-28,-6.259083051396417,7.884085587485905,1.0,0.92,25,23
9047,2,CDX1,9047,-1.0,9.460494676061355,0.4374854701801183,8.585705955847137e-27,-14.310030576497827,25.763695991743816,1.0,0.92,25,23
9059,2,CDX1,9059,-1.0,9.460494676061355,0.43350702015665005,2.754405306979159e-26,-10.676569626545064,19.35773279025443,1.0,0.92,25,23
9046,2,CDX1,9046,-1.0,9.460494676061355,-0.14137692814128758,0.0009550951699878123,12.582536121849062,24.579026123142107,1.0,0.92,25,23
9053,2,CDX1,9053,-1.0,9.460494676061355,-0.30903517833989486,1.762074071788529e-13,7.6390679624029945,10.684454789360256,1.0,0.92,25,23
9044,2,CDX1,9044,-1.0,9.460494676061355,-0.22644813125212898,9.604115188663015e-08,14.74425168516539,33.940521287809766,1.0,0.92,25,23
9042,2,CDX1,9042,-1.0,9.460494676061355,-0.19976964256520913,2.7087765982081984e-06,12.401389279396108,21.638913485330598,1.0,0.92,25,23
9043,2,CDX1,9043,-1.0,9.460494676061355,0.42143696999501346,8.618992814707567e-25,-6.009737613309545,7.685901016435722,1.0,0.92,25,23
9061,2,CDX1,9061,-1.0,9.460494676061355,0.4109342981904478,1.5431021069678524e-23,-9.611573719660608,16.392602692904305,1.0,0.92,25,23
9052,2,CDX1,9052,-1.0,9.460494676061355,-0.23234540169039794,4.3297426249947595e-08,7.144337951811094,9.837716195268058,1.0,0.92,25,23
9056,2,CDX1,9056,-1.0,9.460494676061355,0.39870222563192886,3.915423960074305e-22,-4.839291188673665,5.2955658226355675,1.0,0.92,25,23
9065,2,CDX1,9065,-1.0,9.460494676061355,0.39176445882950395,2.3108091574512085e-21,-4.3268904889218796,4.42020753163726,1.0,0.92,25,23
9048,2,CDX1,9048,-1.0,9.460494676061355,0.4288569061557291,1.0551302647601282e-25,-15.800911617353622,34.41171149743846,1.0,0.92,25,23
9050,2,CDX1,9050,-1.0,9.460494676061355,-0.23084743473259275,5.311710354104246e-08,10.795969953387864,18.59180327305248,1.0,0.92,25,23
9060,2,CDX1,9060,-1.0,9.460494676061355,0.24868391559446545,4.2515714208957276e-09,-9.025476110264218,14.889606008779237,1.0,0.92,25,23
4330,2,ATF5,4330,-1.0,2.692724187396677,0.3083523061831203,2.0030652766016332e-13,-2.354477002474345,1.6772343377708976,0.7777777777777778,0.56,25,18
4321,2,ATF5,4321,-1.0,2.692724187396677,0.3735021592172373,2.0306296911281338e-19,-2.5303649509880013,1.893070521916297,0.7777777777777778,0.56,25,18
4320,2,ATF5,4320,-1.0,2.692724187396677,0.4777589681567925,2.6010348182858376e-32,-4.905535930374569,5.390374505719561,0.7777777777777778,0.56,25,18
4334,2,ATF5,4334,-1.0,2.692724187396677,0.13280400231691625,0.0019269737854342962,-15.514548857339436,31.642965725641538,0.7777777777777778,0.56,25,18
4316,2,ATF5,4316,-1.0,2.692724187396677,-0.26617246815139584,2.934624647319595e-10,3.1015859184817036,2.597642751844876,0.7777777777777778,0.56,25,18
4333,2,ATF5,4333,-1.0,2.692724187396677,-0.2577617293884996,1.0880909588640145e-09,4.6527098711788435,5.032899527350907,0.7777777777777778,0.56,25,18
4326,2,ATF5,4326,-1.0,2.692724187396677,0.3383274850785557,5.234883777336811e-16,-2.913111773811345,2.3545995975596625,0.7777777777777778,0.56,25,18
4323,2,ATF5,4323,-1.0,2.692724187396677,0.26675919241317864,2.673623233895335e-10,-2.903687628805642,2.326672811506268,0.7777777777777778,0.56,25,18
4310,2,ATF5,4310,-1.0,2.692724187396677,-0.3412773709716298,2.81185654545385e-16,6.123487687735341,8.085716609924052,0.7777777777777778,0.56,25,18
4322,2,ATF5,4322,-1.0,2.692724187396677,0.40444032141816383,8.734098912972755e-23,-2.7241162558047076,2.126599576355589,0.7777777777777778,0.56,25,18
4314,2,ATF5,4314,-1.0,2.692724187396677,-0.3249209706104211,8.121644200187446e-15,7.6424281973140165,11.288424631449118,0.7777777777777778,0.56,25,18
4313,2,ATF5,4313,-1.0,2.692724187396677,0.35549104353571975,1.2809302092914472e-17,-2.671290614646723,2.041528366053798,0.7777777777777778,0.56,25,18
4329,2,ATF5,4329,-1.0,2.692724187396677,0.22767314811594658,8.153672759413375e-08,-4.193492680253701,4.218011652636919,0.7777777777777778,0.56,25,18
4327,2,ATF5,4327,-1.0,2.692724187396677,-0.29998241626062666,9.383397941613657e-13,10.725251100573933,19.60894394485283,0.7777777777777778,0.56,25,18
11,2,ETS1,11,-1.0,3.0453397890452005,0.3155050505656178,5.14465468513049e-14,-15.860258323157193,33.852751417618116,0.35294117647058826,0.24,25,17
3,2,ETS1,3,-1.0,3.0453397890452005,0.8989291757558461,4.667968761517135e-196,-3.8035031396298113,3.680652350863012,0.35294117647058826,0.24,25,17
19,2,ETS1,19,-1.0,3.0453397890452005,0.7556956774881366,1.640933181740521e-101,-6.19694308616265,7.934184068056579,0.35294117647058826,0.24,25,17
4,2,ETS1,4,-1.0,3.0453397890452005,-0.2871127080217829,9.162849087314971e-12,2.504161432599408,1.8582432819684946,0.35294117647058826,0.24,25,17
14,2,ETS1,14,-1.0,3.0453397890452005,0.5699918272338395,4.200685368245855e-48,-7.278650337060857,9.976886165695127,0.35294117647058826,0.24,25,17
8,2,ETS1,8,-1.0,3.0453397890452005,0.628428154609788,5.1957993739723806e-61,-11.789007685426222,21.05686300310047,0.35294117647058826,0.24,25,17
3930,2,ZEB1,3930,1.0,5.720958188218591,0.6903456276600465,4.414321027966265e-78,6.720277778616615,9.391114518866642,0.6190476190476191,0.52,25,21
3948,2,ZEB1,3948,1.0,5.720958188218591,0.23152425686590308,4.843949123717841e-08,4.507663992872659,4.761446885051642,0.6190476190476191,0.52,25,21
3941,2,ZEB1,3941,1.0,5.720958188218591,0.6002463522360281,1.8741231191779154e-54,3.8334220984820178,3.6515892085333395,0.6190476190476191,0.52,25,21
3952,2,ZEB1,3952,1.0,5.720958188218591,-0.42186171475786916,7.653330005515806e-25,-5.597550967642282,6.633452226558175,0.6190476190476191,0.52,25,21
3950,2,ZEB1,3950,1.0,5.720958188218591,0.3120092142991628,1.0043279602038959e-13,8.129399129493635,12.336069730543125,0.6190476190476191,0.52,25,21
3936,2,ZEB1,3936,1.0,5.720958188218591,0.2164908342697337,3.512331471536186e-07,11.80733847216573,20.076746646019878,0.6190476190476191,0.52,25,21
3951,2,ZEB1,3951,1.0,5.720958188218591,0.1525650973116816,0.00035993408027929776,7.617021139537704,10.379763805841172,0.6190476190476191,0.52,25,21
3946,2,ZEB1,3946,1.0,5.720958188218591,0.5270115767862261,3.869709482011407e-40,8.967330439346195,14.454586976944343,0.6190476190476191,0.52,25,21
3942,2,ZEB1,3942,1.0,5.720958188218591,0.19617989139754904,4.109829313642802e-06,13.728909474040485,30.029120347528888,0.6190476190476191,0.52,25,21
3932,2,ZEB1,3932,1.0,5.720958188218591,-0.5297974677016839,1.2751684524243566e-40,-2.4538403665862676,1.791100753412083,0.6190476190476191,0.52,25,21
3934,2,ZEB1,3934,1.0,5.720958188218591,0.24464085699518032,7.669744615389968e-09,2.4133092476717026,1.7468799347820276,0.6190476190476191,0.52,25,21
3933,2,ZEB1,3933,1.0,5.720958188218591,0.4123805115204224,1.0434745652379522e-23,7.854544231136091,11.862991863232232,0.6190476190476191,0.52,25,21
3949,2,ZEB1,3949,1.0,5.720958188218591,0.41448328990114736,5.887749865517561e-24,12.162497436484761,24.27506323412614,0.6190476190476191,0.52,25,21
3427,2,ZFX,3427,1.0,8.840098039378303,-0.23483226341850683,3.07431003141368e-08,-6.705792485379074,8.985501731473095,0.55,0.44,25,20
3413,2,ZFX,3413,1.0,8.840098039378303,-0.5798291274267959,4.2759207763940363e-50,-2.4899768751221134,1.830649876352132,0.55,0.44,25,20
3419,2,ZFX,3419,1.0,8.840098039378303,0.29726420700183603,1.533037914281263e-12,10.60229579199502,17.03382907070398,0.55,0.44,25,20
3418,2,ZFX,3418,1.0,8.840098039378303,-0.34032855359427827,3.4365651989512127e-16,-3.3833549425721534,2.960997286518818,0.55,0.44,25,20
3428,2,ZFX,3428,1.0,8.840098039378303,-0.16386710950307423,0.00012523336376041782,-4.173176900970602,4.138224031010226,0.55,0.44,25,20
3424,2,ZFX,3424,1.0,8.840098039378303,0.3574770466992938,8.215114265664636e-18,12.855115001421852,26.090023795603194,0.55,0.44,25,20
3435,2,ZFX,3435,1.0,8.840098039378303,-0.26482153329008107,3.633456621339466e-10,-6.741180406411141,8.851284920239248,0.55,0.44,25,20
3415,2,ZFX,3415,1.0,8.840098039378303,0.6209194631757823,3.3742394878748877e-59,7.814826519471964,11.662225075802056,0.55,0.44,25,20
3431,2,ZFX,3431,1.0,8.840098039378303,-0.2649860529317025,3.5403846632039753e-10,-2.5470325908039597,1.9005846054293938,0.55,0.44,25,20
3412,2,ZFX,3412,1.0,8.840098039378303,0.7443014743358354,6.484306924437534e-97,5.981213354887124,7.775963194898568,0.55,0.44,25,20
3421,2,ZFX,3421,1.0,8.840098039378303,-0.07563308956943973,0.07825687282072628,-2.1472171372286466,1.456043864604242,0.55,0.44,25,20
7178,2,ZIC2,7178,-1.0,8.221657083294955,-0.2204474655415321,2.1133632579802854e-07,12.603543822821095,25.172533541224187,0.8181818181818182,0.5,18,11
7179,2,ZIC2,7179,-1.0,8.221657083294955,-0.20818466758730142,9.894056719201043e-07,9.116943379203564,15.303779168759823,0.8181818181818182,0.5,18,11
7176,2,ZIC2,7176,-1.0,8.221657083294955,0.43362899710709,2.6583116106853657e-26,-5.627750722337456,6.800323753193367,0.8181818181818182,0.5,18,11
7181,2,ZIC2,7181,-1.0,8.221657083294955,-0.2979434447473521,1.3567189105702093e-12,6.600502891152508,8.824979839517914,0.8181818181818182,0.5,18,11
7174,2,ZIC2,7174,-1.0,8.221657083294955,-0.3019290969048588,6.581054838630127e-13,10.061122193636221,15.845847194285378,0.8181818181818182,0.5,18,11
7187,2,ZIC2,7187,-1.0,8.221657083294955,-0.3592483334591599,5.513278746396445e-18,2.906377318072076,2.3566916359766825,0.8181818181818182,0.5,18,11
7189,2,ZIC2,7189,-1.0,8.221657083294955,-0.11984473793130074,0.005168910478565094,11.729973318590314,23.310440666330845,0.8181818181818182,0.5,18,11
7182,2,ZIC2,7182,-1.0,8.221657083294955,0.36677972774596634,9.83471264532146e-19,-3.735395603368187,3.4397572863460475,0.8181818181818182,0.5,18,11
7184,2,ZIC2,7184,-1.0,8.221657083294955,0.32170225728606333,1.5377012710320848e-14,-10.734237472374407,19.980400024189148,0.8181818181818182,0.5,18,11
2017,2,ARID5B,2017,1.0,2.278647151659886,-0.5675577610098493,1.2764019870494292e-47,-2.4455072814386694,1.7833298739473258,0.6666666666666666,0.5,16,12
2015,2,ARID5B,2015,1.0,2.278647151659886,0.6741583939645052,3.240841636039654e-73,6.030269169707408,7.872596764606707,0.6666666666666666,0.5,16,12
2018,2,ARID5B,2018,1.0,2.278647151659886,0.4872894148587245,9.959878121451057e-34,8.411498617761833,12.803988508256078,0.6666666666666666,0.5,16,12
2024,2,ARID5B,2024,1.0,2.278647151659886,0.45469863599350974,4.620634974349059e-29,4.048533309672919,3.9922488846076467,0.6666666666666666,0.5,16,12
2019,2,ARID5B,2019,1.0,2.278647151659886,0.46710334201977055,8.860518552911044e-31,4.626380873910283,4.931938055721271,0.6666666666666666,0.5,16,12
2022,2,ARID5B,2022,1.0,2.278647151659886,-0.19421494974618256,5.146756457511037e-06,-2.09052280441459,1.3995680813191103,0.6666666666666666,0.5,16,12
2028,2,ARID5B,2028,1.0,2.278647151659886,0.2986845474158349,1.1869543936535584e-12,7.816990380186404,11.124443205106104,0.6666666666666666,0.5,16,12
2027,2,ARID5B,2027,1.0,2.278647151659886,0.40211418607523747,1.6102027672828818e-22,12.498829859915407,24.245216846532973,0.6666666666666666,0.5,16,12
9993,2,AIRE,9993,-1.0,2.734640065047478,-0.35178063957844635,2.912809670759404e-17,6.885712424502457,8.946809085682466,1.0,0.6363636363636364,11,7
9996,2,AIRE,9996,-1.0,2.734640065047478,-0.328829506490844,3.702786399619976e-15,8.224331856612398,11.929059368548954,1.0,0.6363636363636364,11,7
9995,2,AIRE,9995,-1.0,2.734640065047478,0.5332136541830615,3.2227846763033387e-41,-4.395975575774192,4.451309622210778,1.0,0.6363636363636364,11,7
9998,2,AIRE,9998,-1.0,2.734640065047478,0.1675249552761058,8.764049122763857e-05,-3.5878208684107915,3.2716907484044544,1.0,0.6363636363636364,11,7
10003,2,AIRE,10003,-1.0,2.734640065047478,0.15746038605788615,0.00022982990831139154,-7.605653605067224,10.813459173249012,1.0,0.6363636363636364,11,7
9994,2,AIRE,9994,-1.0,2.734640065047478,0.591093946559949,1.8403277763447834e-52,-3.3332495986594544,2.887302379603476,1.0,0.6363636363636364,11,7
10002,2,AIRE,10002,-1.0,2.734640065047478,0.17914813200153276,2.6813088399013352e-05,-3.3561630297970058,2.93691661437306,1.0,0.6363636363636364,11,7
6266,2,KLF15,6266,1.0,1.5588529783167457,-0.195526684711111,4.430111192168634e-06,-13.22430657864653,24.238791314688097,0.9,0.72,25,20
6280,2,KLF15,6280,1.0,1.5588529783167457,0.4066375393198196,4.8792122152538325e-23,2.9076091790226166,2.3245163064677694,0.9,0.72,25,20
6287,2,KLF15,6287,1.0,1.5588529783167457,-0.13586541678708955,0.0015065662027489615,-7.5122735700039165,11.179734445986101,0.9,0.72,25,20
6267,2,KLF15,6267,1.0,1.5588529783167457,-0.31727631624707536,3.653340365071137e-14,-14.673603658314525,30.031480438995647,0.9,0.72,25,20
6273,2,KLF15,6273,1.0,1.5588529783167457,0.45507984186926703,4.1017699814655816e-29,4.045719372043015,3.9993533942823536,0.9,0.72,25,20
6283,2,KLF15,6283,1.0,1.5588529783167457,0.3720521378109459,2.86269307136714e-19,5.585230312639662,6.6777302971335395,0.9,0.72,25,20
6272,2,KLF15,6272,1.0,1.5588529783167457,-0.4475332996748882,4.2170272579634255e-28,-7.106854163669352,9.776271438859828,0.9,0.72,25,20
6289,2,KLF15,6289,1.0,1.5588529783167457,-0.3674192047412837,8.477707660998607e-19,-6.003751949915892,7.521139272142675,0.9,0.72,25,20
6270,2,KLF15,6270,1.0,1.5588529783167457,0.41058151359869144,1.6971378707906203e-23,11.266892136444346,18.802358218202393,0.9,0.72,25,20
6275,2,KLF15,6275,1.0,1.5588529783167457,-0.20641046473838154,1.2277691249130034e-06,-10.388921511004286,16.3886451253595,0.9,0.72,25,20
6276,2,KLF15,6276,1.0,1.5588529783167457,-0.13836244269170025,0.0012279758750599569,-2.695309917936746,2.079327833564289,0.9,0.72,25,20
6278,2,KLF15,6278,1.0,1.5588529783167457,-0.32758828746071017,4.7576136460313194e-15,-3.823970701987267,3.603700606880701,0.9,0.72,25,20
6269,2,KLF15,6269,1.0,1.5588529783167457,0.3718509666409631,3.0019753155865103e-19,8.327875436644534,12.823918331730757,0.9,0.72,25,20
6282,2,KLF15,6282,1.0,1.5588529783167457,-0.25567911309597335,1.4944937563748353e-09,-2.414070474031457,1.7443047822084177,0.9,0.72,25,20
6281,2,KLF15,6281,1.0,1.5588529783167457,-0.20190442540597003,2.106390742349707e-06,-2.8234292854591048,2.21998749483564,0.9,0.72,25,20
6284,2,KLF15,6284,1.0,1.5588529783167457,0.17434052732630026,4.4170861388798044e-05,3.031633977321495,2.488210132518165,0.9,0.72,25,20
6268,2,KLF15,6268,1.0,1.5588529783167457,0.20356431241432987,1.7289982392613126e-06,4.72047938883477,5.069602859630187,0.9,0.72,25,20
6271,2,KLF15,6271,1.0,1.5588529783167457,-0.3138051391888635,7.13025312063076e-14,-4.491967349343405,4.773955711081032,0.9,0.72,25,20
7521,2,DLX5,7521,-1.0,22.616085868607627,0.45205957604749925,1.0496473708444482e-28,-3.1862415809110463,2.7526894849285584,1.0,0.9285714285714286,14,13
7528,2,DLX5,7528,-1.0,22.616085868607627,0.39306717977807015,1.6610498249089897e-21,-9.706129845085849,15.633919352097816,1.0,0.9285714285714286,14,13
7530,2,DLX5,7530,-1.0,22.616085868607627,-0.29132396113528897,4.402207510050014e-12,7.663954744899776,11.34483224566279,1.0,0.9285714285714286,14,13
7525,2,DLX5,7525,-1.0,22.616085868607627,0.7073566587957073,1.4894348254827598e-83,-11.218233741209188,19.620361906067615,1.0,0.9285714285714286,14,13
7524,2,DLX5,7524,-1.0,22.616085868607627,-0.3706987295336067,3.9382515249130685e-19,12.10127232615455,20.9716224394026,1.0,0.9285714285714286,14,13
7523,2,DLX5,7523,-1.0,22.616085868607627,0.5419067129410327,9.058712745059084e-43,-14.416269670389884,30.280802650528354,1.0,0.9285714285714286,14,13
7531,2,DLX5,7531,-1.0,22.616085868607627,0.4440522289525788,1.2116549347783636e-27,-2.778607069152611,2.1833033446762977,1.0,0.9285714285714286,14,13
7527,2,DLX5,7527,-1.0,22.616085868607627,0.4791182226901893,1.643534399852995e-32,-5.540455246270562,6.671033475110039,1.0,0.9285714285714286,14,13
7533,2,DLX5,7533,-1.0,22.616085868607627,-0.29260998756396406,3.5106890347694947e-12,11.044808703697111,19.400268205925855,1.0,0.9285714285714286,14,13
7522,2,DLX5,7522,-1.0,22.616085868607627,-0.33263315672643246,1.7053763878144646e-15,8.66398246529566,14.094764180153485,1.0,0.9285714285714286,14,13
7532,2,DLX5,7532,-1.0,22.616085868607627,0.34466437693301216,1.3661932265888794e-16,-3.2995979795337473,2.874119850672833,1.0,0.9285714285714286,14,13
7534,2,DLX5,7534,-1.0,22.616085868607627,0.6922005397743285,1.1660520657605126e-78,-10.78205395317268,17.801957465536457,1.0,0.9285714285714286,14,13
7526,2,DLX5,7526,-1.0,22.616085868607627,-0.4910787631600723,2.6448230850505423e-34,4.273014911779382,4.3173928424101256,1.0,0.9285714285714286,14,13
7597,2,ONECUT2,7597,-1.0,5.876026813260624,-0.25202084413764875,2.5921159548097524e-09,9.999374137251193,16.721292448914173,0.8,0.6153846153846154,13,10
7594,2,ONECUT2,7594,-1.0,5.876026813260624,0.38476770058398324,1.327386381659094e-20,-6.570704638245721,9.393857372498948,0.8,0.6153846153846154,13,10
7602,2,ONECUT2,7602,-1.0,5.876026813260624,0.41762452799892524,2.4853595352769178e-24,-3.7191594078832058,3.501736302763979,0.8,0.6153846153846154,13,10
7599,2,ONECUT2,7599,-1.0,5.876026813260624,0.3448895426065985,1.3017757027212974e-16,-2.714806497932203,2.095985942028063,0.8,0.6153846153846154,13,10
7595,2,ONECUT2,7595,-1.0,5.876026813260624,0.34408675897368046,1.546123318375728e-16,-2.0824892506416486,1.4002155147982596,0.8,0.6153846153846154,13,10
7598,2,ONECUT2,7598,-1.0,5.876026813260624,0.4415840273211219,2.5420790879051274e-27,-6.649953067948144,8.822515253708463,0.8,0.6153846153846154,13,10
7603,2,ONECUT2,7603,-1.0,5.876026813260624,0.22576939585702965,1.0511885818484773e-07,-11.800046440618825,20.23293552017316,0.8,0.6153846153846154,13,10
7604,2,ONECUT2,7604,-1.0,5.876026813260624,0.2953949578786825,2.1421970298118096e-12,-13.334821230867973,25.06792658511587,0.8,0.6153846153846154,13,10
5997,2,E2F1,5997,-1.0,3.194387496300441,0.16059238163879852,0.0001712934016198246,-5.439830233884761,6.1972001826030665,0.7647058823529411,0.52,25,17
5988,2,E2F1,5988,-1.0,3.194387496300441,-0.27216847830649255,1.1207091303555568e-10,10.446267903341774,17.9850116905299,0.7647058823529411,0.52,25,17
5993,2,E2F1,5993,-1.0,3.194387496300441,0.7378601743443499,2.0122869120508627e-94,-3.2937759030080445,2.8585724557025647,0.7647058823529411,0.52,25,17
5979,2,E2F1,5979,-1.0,3.194387496300441,0.33349915214296766,1.4272556500255893e-15,-3.433070748413571,3.0225507668684966,0.7647058823529411,0.52,25,17
5983,2,E2F1,5983,-1.0,3.194387496300441,0.17279831495910017,5.1697370531325155e-05,-2.992969646779007,2.433718236385897,0.7647058823529411,0.52,25,17
5994,2,E2F1,5994,-1.0,3.194387496300441,0.29916618897258196,1.0879628709181537e-12,-5.694707955892999,6.91653667174997,0.7647058823529411,0.52,25,17
5985,2,E2F1,5985,-1.0,3.194387496300441,0.3649613787330594,1.497378440137305e-18,-5.833926424234549,7.130568192818174,0.7647058823529411,0.52,25,17
5992,2,E2F1,5992,-1.0,3.194387496300441,-0.2757233767495296,6.262274624940462e-11,6.6097315767247675,8.652727287549787,0.7647058823529411,0.52,25,17
5976,2,E2F1,5976,-1.0,3.194387496300441,0.6734830014858485,5.0925659211422134e-73,-3.2262829151525274,2.795590923181337,0.7647058823529411,0.52,25,17
5984,2,E2F1,5984,-1.0,3.194387496300441,0.278386871047781,4.026637169979802e-11,-3.100610781875385,2.580456008025334,0.7647058823529411,0.52,25,17
5989,2,E2F1,5989,-1.0,3.194387496300441,0.33850617064831684,5.042423982624715e-16,-4.972888148382249,5.627059024348881,0.7647058823529411,0.52,25,17
5990,2,E2F1,5990,-1.0,3.194387496300441,-0.22690983694042338,9.0303706230592e-08,10.210405605326299,18.23447678866947,0.7647058823529411,0.52,25,17
5974,2,E2F1,5974,-1.0,3.194387496300441,0.26728685449837924,2.4583049643807206e-10,-2.4291616048527556,1.7633091057989219,0.7647058823529411,0.52,25,17
6035,2,GMEB2,6035,-1.0,1.5772515173200075,0.13746886493889315,0.0013217039166789975,-14.507882173635103,28.155812818666362,1.0,0.5,2,1
8424,2,FGF9,8424,-1.0,3.5338731757535293,0.013642297774369492,0.7511070892117555,-7.566667063759046,10.315556346224172,0.5,0.3,10,6
8418,2,FGF9,8418,-1.0,3.5338731757535293,-0.06551592203007055,0.1273099900720215,2.0959241465962934,1.4083981176085312,0.5,0.3,10,6
8422,2,FGF9,8422,-1.0,3.5338731757535293,-0.26468302549922484,3.7136563903716156e-10,7.744501366494363,10.677586186116633,0.5,0.3,10,6
9090,2,TNFRSF25,9090,-1.0,4.155429877419547,0.2482826997590743,4.510025362189254e-09,-10.915350774159531,18.60264576100536,1.0,1.0,4,4
9093,2,TNFRSF25,9093,-1.0,4.155429877419547,-0.18160989702194716,2.065937546979412e-05,3.0854421585731258,2.579749798177037,1.0,1.0,4,4
9092,2,TNFRSF25,9092,-1.0,4.155429877419547,0.2559374726425197,1.4370172202349004e-09,-6.299523344676825,8.173750710650426,1.0,1.0,4,4
9091,2,TNFRSF25,9091,-1.0,4.155429877419547,0.5952413574346989,2.344751160868008e-53,-2.4792420108467454,1.8189877334515137,1.0,1.0,4,4
261,2,POU2F1,261,1.0,8.796375072071967,0.3693199874800178,5.441945740548813e-19,8.432018090984203,13.357934889906803,0.5882352941176471,0.4,25,17
244,2,POU2F1,244,1.0,8.796375072071967,0.3649264511007151,1.5094789792950484e-18,8.485930960166423,13.442641107899759,0.5882352941176471,0.4,25,17
253,2,POU2F1,253,1.0,8.796375072071967,0.26350275283708313,4.4707146491087346e-10,14.621144373658128,33.246349117424685,0.5882352941176471,0.4,25,17
257,2,POU2F1,257,1.0,8.796375072071967,0.39124524654411313,2.634707504410563e-21,8.36072631965753,12.319389252136217,0.5882352941176471,0.4,25,17
245,2,POU2F1,245,1.0,8.796375072071967,0.27820368835797554,4.1514444980433606e-11,2.553797263466312,1.9068276846653505,0.5882352941176471,0.4,25,17
256,2,POU2F1,256,1.0,8.796375072071967,0.41569398956908,4.227212866931444e-24,12.220765812929367,23.849923381352337,0.5882352941176471,0.4,25,17
240,2,POU2F1,240,1.0,8.796375072071967,0.6161512417447867,4.5066628239461905e-58,6.58491928931947,9.101380909296637,0.5882352941176471,0.4,25,17
243,2,POU2F1,243,1.0,8.796375072071967,-0.412430804312918,1.0293383536149529e-23,-2.434053893710518,1.7688428385083572,0.5882352941176471,0.4,25,17
252,2,POU2F1,252,1.0,8.796375072071967,0.4730709453665872,1.2472104861536118e-31,4.796740448861873,5.296171101576655,0.5882352941176471,0.4,25,17
249,2,POU2F1,249,1.0,8.796375072071967,0.6799341201894308,6.464791877295804e-75,3.965436341315092,3.8595757517045888,0.5882352941176471,0.4,25,17
6448,2,FOXI1,6448,-1.0,3.148878909679473,-0.22492661909585684,1.175472370137004e-07,14.458555871422556,33.15818434449248,0.5909090909090909,0.52,25,22
6452,2,FOXI1,6452,-1.0,3.148878909679473,-0.03727804697651978,0.3859606197064783,8.129372781387003,11.513870484580098,0.5909090909090909,0.52,25,22
6443,2,FOXI1,6443,-1.0,3.148878909679473,-0.024760829497106934,0.5647879571392898,8.097559573169406,12.489104861379506,0.5909090909090909,0.52,25,22
6459,2,FOXI1,6459,-1.0,3.148878909679473,-0.13916610261237042,0.0011489482685952,3.4038553375031797,3.022491665649623,0.5909090909090909,0.52,25,22
6458,2,FOXI1,6458,-1.0,3.148878909679473,-0.21202440185858948,6.161612085099643e-07,7.60332505575988,11.126164281885796,0.5909090909090909,0.52,25,22
6456,2,FOXI1,6456,-1.0,3.148878909679473,-0.10805742499506442,0.011749772245382659,7.178697650757629,9.567437128113706,0.5909090909090909,0.52,25,22
6453,2,FOXI1,6453,-1.0,3.148878909679473,-0.0777661553143542,0.07018702000403704,5.520339475445341,6.618886682957022,0.5909090909090909,0.52,25,22
6444,2,FOXI1,6444,-1.0,3.148878909679473,-0.15314910790227088,0.0003414152114338056,2.5366272565084924,1.8870337349295156,0.5909090909090909,0.52,25,22
6464,2,FOXI1,6464,-1.0,3.148878909679473,0.01964459327834231,0.647847466400367,-11.785961974882403,20.42362644234459,0.5909090909090909,0.52,25,22
6442,2,FOXI1,6442,-1.0,3.148878909679473,0.2961428982480634,1.8743255818967727e-12,-4.349445227397719,4.784854219343268,0.5909090909090909,0.52,25,22
6447,2,FOXI1,6447,-1.0,3.148878909679473,0.14423531773394838,0.0007491752997194382,-8.684410475909932,14.963506586915686,0.5909090909090909,0.52,25,22
6455,2,FOXI1,6455,-1.0,3.148878909679473,-0.11456880118142664,0.0075316254260218264,5.531644952723508,6.565527836522462,0.5909090909090909,0.52,25,22
6451,2,FOXI1,6451,-1.0,3.148878909679473,-0.1540876706922438,0.0003135053533323796,5.607460976577968,6.65958902960332,0.5909090909090909,0.52,25,22
7795,2,HOXD11,7795,-1.0,23.19833186772732,0.4010868939531124,2.1063947479002153e-22,-6.445733250430781,8.563125119192735,1.0,0.88,25,22
7809,2,HOXD11,7809,-1.0,23.19833186772732,0.30837958871138926,1.992845715729306e-13,-3.1836314563056187,2.6873290271900636,1.0,0.88,25,22
7793,2,HOXD11,7793,-1.0,23.19833186772732,-0.4491599079949201,2.564494071164121e-28,5.27384246265257,6.032755855760802,1.0,0.88,25,22
7797,2,HOXD11,7797,-1.0,23.19833186772732,-0.26353783037342887,4.4461897154975563e-10,5.337350113697137,6.1915689408421875,1.0,0.88,25,22
7791,2,HOXD11,7791,-1.0,23.19833186772732,0.5832970065969754,8.17412096431771e-51,-11.503479455473697,20.882581564049644,1.0,0.88,25,22
7794,2,HOXD11,7794,-1.0,23.19833186772732,-0.2892837676751808,6.2887639720021664e-12,11.528182050558895,21.5313549924698,1.0,0.88,25,22
7806,2,HOXD11,7806,-1.0,23.19833186772732,-0.326401272625011,6.039910442966675e-15,8.719972728853964,12.817532024266788,1.0,0.88,25,22
7792,2,HOXD11,7792,-1.0,23.19833186772732,0.5631144565020562,9.479819194354095e-47,-15.099727016350377,32.75446113557091,1.0,0.88,25,22
7808,2,HOXD11,7808,-1.0,23.19833186772732,-0.3543957699489247,1.6343139762582878e-17,10.677092121388352,17.46984551553322,1.0,0.88,25,22
7805,2,HOXD11,7805,-1.0,23.19833186772732,0.3587021371513682,6.236415102609966e-18,-8.782958161035802,13.491194939437166,1.0,0.88,25,22
7789,2,HOXD11,7789,-1.0,23.19833186772732,0.30806778838831617,2.11274771588812e-13,-3.32202010441444,2.941101122284479,1.0,0.88,25,22
7796,2,HOXD11,7796,-1.0,23.19833186772732,0.12389430808510231,0.0038337753087075385,-3.5086773215110343,3.187268495259384,1.0,0.88,25,22
7803,2,HOXD11,7803,-1.0,23.19833186772732,0.5996748432303952,2.506545994805013e-54,-14.13621301934923,29.566488060232146,1.0,0.88,25,22
7800,2,HOXD11,7800,-1.0,23.19833186772732,0.4303082805771184,6.953856166524644e-26,-4.161445535490215,4.125022845115954,1.0,0.88,25,22
7812,2,HOXD11,7812,-1.0,23.19833186772732,0.27855506333743874,3.9152721481199276e-11,-4.058645214700733,3.9661044103880307,1.0,0.88,25,22
7798,2,HOXD11,7798,-1.0,23.19833186772732,-0.3767962996497044,9.246984323964551e-20,8.320793300196476,11.964956788466758,1.0,0.88,25,22
7810,2,HOXD11,7810,-1.0,23.19833186772732,0.09654469777554454,0.024462115242909827,-2.6619637557153126,2.0308257061096415,1.0,0.88,25,22
7799,2,HOXD11,7799,-1.0,23.19833186772732,0.4938441921793284,9.94426250356893e-35,-9.488300269916808,16.34476625203241,1.0,0.88,25,22
7811,2,HOXD11,7811,-1.0,23.19833186772732,0.3585529077178975,6.449721126928825e-18,-14.938358792114713,28.224077400195213,1.0,0.88,25,22
7804,2,HOXD11,7804,-1.0,23.19833186772732,-0.22509824708256831,1.149064740126249e-07,6.986553626414335,9.321558630605402,1.0,0.88,25,22
7790,2,HOXD11,7790,-1.0,23.19833186772732,-0.2877561709481248,8.198394546554623e-12,8.094433213834526,12.448336773232644,1.0,0.88,25,22
7801,2,HOXD11,7801,-1.0,23.19833186772732,0.3215561504412574,1.5826235945579815e-14,-3.165535248801626,2.6901000912111157,1.0,0.88,25,22
7082,2,SIX4,7082,-1.0,3.7538184770552747,0.1745777681976663,4.310941267916199e-05,-4.366132323019085,4.603044032940203,0.5,0.3333333333333333,3,2
1752,2,MECP2,1752,1.0,8.292462220007794,0.682670542784401,9.802402393051742e-76,5.923852409127899,7.600130730000431,0.2857142857142857,0.25,8,7
1754,2,MECP2,1754,1.0,8.292462220007794,0.5399760993060044,2.0205659881131836e-42,4.695698633908407,5.154226347736028,0.2857142857142857,0.25,8,7
3708,2,ZBTB4,3708,1.0,8.535593740705686,0.3931099773704919,1.643090138384605e-21,10.061124818024783,15.735971073388615,0.6470588235294118,0.4782608695652174,23,17
3716,2,ZBTB4,3716,1.0,8.535593740705686,-0.34417696407220816,1.516562471723951e-16,-2.58214602706126,1.9446494443909412,0.6470588235294118,0.4782608695652174,23,17
3705,2,ZBTB4,3705,1.0,8.535593740705686,0.5022598777742734,4.7932575969858556e-36,7.813006905960517,11.636524009809305,0.6470588235294118,0.4782608695652174,23,17
3707,2,ZBTB4,3707,1.0,8.535593740705686,0.39104519965414153,2.771115968909515e-21,2.9764863581960523,2.4790995133444387,0.6470588235294118,0.4782608695652174,23,17
3714,2,ZBTB4,3714,1.0,8.535593740705686,0.19695909239722884,3.756680940968195e-06,10.749433117924108,16.736466294714823,0.6470588235294118,0.4782608695652174,23,17
3709,2,ZBTB4,3709,1.0,8.535593740705686,0.5342435454335044,2.1223088827192968e-41,5.581752154961653,6.700340050021534,0.6470588235294118,0.4782608695652174,23,17
3711,2,ZBTB4,3711,1.0,8.535593740705686,0.3069901285216947,2.5841307983181476e-13,7.869707272588977,11.741139035319899,0.6470588235294118,0.4782608695652174,23,17
3718,2,ZBTB4,3718,1.0,8.535593740705686,0.12600915373794624,0.0032686310600609325,4.108414155406894,4.039735969516626,0.6470588235294118,0.4782608695652174,23,17
3710,2,ZBTB4,3710,1.0,8.535593740705686,0.2691310484765556,1.830475845325572e-10,13.10417244446965,27.043364765589843,0.6470588235294118,0.4782608695652174,23,17
3720,2,ZBTB4,3720,1.0,8.535593740705686,0.1400831157726592,0.0010645146765087842,9.851331900718597,15.57669201562105,0.6470588235294118,0.4782608695652174,23,17
3702,2,ZBTB4,3702,1.0,8.535593740705686,0.6580916830861516,1.1027785714146952e-68,6.40316562337042,8.690481599872415,0.6470588235294118,0.4782608695652174,23,17
5460,2,ETV6,5460,1.0,1.8046551287278583,0.09866696367646159,0.021477238832824617,4.323460878693916,4.43468999518057,0.375,0.24,25,16
5446,2,ETV6,5446,1.0,1.8046551287278583,0.11086195400465541,0.009727577784839651,3.2268993017530767,2.77006913873532,0.375,0.24,25,16
5445,2,ETV6,5445,1.0,1.8046551287278583,0.4433251195934124,1.5081873330083075e-27,2.4409924179807576,1.778697760166266,0.375,0.24,25,16
5466,2,ETV6,5466,1.0,1.8046551287278583,0.15439797353774642,0.00030475672139599366,2.236387992397666,1.557179359756388,0.375,0.24,25,16
5462,2,ETV6,5462,1.0,1.8046551287278583,0.36044739448856955,4.202849902755997e-18,4.0501032325454975,3.9666739391123316,0.375,0.24,25,16
5463,2,ETV6,5463,1.0,1.8046551287278583,0.3518797811881271,2.849967873648394e-17,2.1325532553720215,1.4490610556233618,0.375,0.24,25,16
4958,2,EGR1,4958,-1.0,2.01676260719252,-0.18400266469353027,1.5981305019493795e-05,4.556430753752901,4.7544400177375055,0.6875,0.44,25,16
4956,2,EGR1,4956,-1.0,2.01676260719252,0.3831820602086424,1.9612680546981022e-20,-4.1695622454084305,4.280728935659706,0.6875,0.44,25,16
4962,2,EGR1,4962,-1.0,2.01676260719252,0.36255969177338837,2.5983126230226698e-18,-7.196905404225427,9.971656354488648,0.6875,0.44,25,16
4969,2,EGR1,4969,-1.0,2.01676260719252,0.2079180492812403,1.0221477338130351e-06,-3.1103922522804983,2.593353520602875,0.6875,0.44,25,16
4957,2,EGR1,4957,-1.0,2.01676260719252,0.30686653267247654,2.6443748368435225e-13,-12.81713139159652,23.618223243834922,0.6875,0.44,25,16
4973,2,EGR1,4973,-1.0,2.01676260719252,0.05921425419161568,0.16824610139919502,-2.864364590966697,2.2666489276223296,0.6875,0.44,25,16
4966,2,EGR1,4966,-1.0,2.01676260719252,0.18895354415032617,9.296939262952064e-06,-13.379756975165053,23.643499109803987,0.6875,0.44,25,16
4960,2,EGR1,4960,-1.0,2.01676260719252,0.2609527358679502,6.654404342023711e-10,-8.081152032040883,11.596884669746677,0.6875,0.44,25,16
4961,2,EGR1,4961,-1.0,2.01676260719252,0.2318170943327893,4.6541419915321436e-08,-4.584093491606469,4.752641353499408,0.6875,0.44,25,16
4959,2,EGR1,4959,-1.0,2.01676260719252,0.19286648830089212,5.998184609588033e-06,-15.599264452460769,33.83006859037047,0.6875,0.44,25,16
4968,2,EGR1,4968,-1.0,2.01676260719252,0.30454451968959084,4.0689097045679435e-13,-5.138566101318213,5.854197636933802,0.6875,0.44,25,16
4415,2,ESRRG,4415,1.0,14.296625728482987,-0.1961003673247652,4.147604562356933e-06,-3.3845776392065203,3.015469548977579,0.8888888888888888,0.64,25,18
4414,2,ESRRG,4414,1.0,14.296625728482987,-0.22247207888068482,1.623603986765346e-07,-13.756640434205496,28.81655342348392,0.8888888888888888,0.64,25,18
4404,2,ESRRG,4404,1.0,14.296625728482987,0.37292615309156013,2.327913381571464e-19,6.363506337961757,8.629877464569745,0.8888888888888888,0.64,25,18
4408,2,ESRRG,4408,1.0,14.296625728482987,0.45599358171027277,3.081124320911344e-29,10.996861208464189,17.95923807048651,0.8888888888888888,0.64,25,18
4426,2,ESRRG,4426,1.0,14.296625728482987,0.422003748799269,7.354904742316665e-25,4.606667916531603,4.914948691175692,0.8888888888888888,0.64,25,18
4422,2,ESRRG,4422,1.0,14.296625728482987,-0.34604716639464095,1.0149058433099305e-16,-3.2775411609363863,2.8448120057936688,0.8888888888888888,0.64,25,18
4419,2,ESRRG,4419,1.0,14.296625728482987,-0.2830534575657749,1.8361440415296556e-11,-5.306766205974061,6.011092717880253,0.8888888888888888,0.64,25,18
4416,2,ESRRG,4416,1.0,14.296625728482987,-0.35747367385926054,8.221335739391228e-18,-2.5409515962686164,1.8958913549447591,0.8888888888888888,0.64,25,18
4409,2,ESRRG,4409,1.0,14.296625728482987,-0.19373960415749752,5.4327954865131e-06,-10.476788706135256,17.52539242097556,0.8888888888888888,0.64,25,18
4407,2,ESRRG,4407,1.0,14.296625728482987,0.5219025486078716,2.8858627075943175e-39,7.754821574221975,11.722903417449798,0.8888888888888888,0.64,25,18
4417,2,ESRRG,4417,1.0,14.296625728482987,-0.16663201385832516,9.568580488334457e-05,-7.714568487284966,10.804788386231433,0.8888888888888888,0.64,25,18
4425,2,ESRRG,4425,1.0,14.296625728482987,0.2611683727740755,6.435375606816294e-10,4.989000696816417,5.659535162030298,0.8888888888888888,0.64,25,18
4418,2,ESRRG,4418,1.0,14.296625728482987,0.35507640906763316,1.4048504050097643e-17,3.133158196534269,2.643465869038744,0.8888888888888888,0.64,25,18
4406,2,ESRRG,4406,1.0,14.296625728482987,-0.25700126638900445,1.2221783900213194e-09,-2.3153567651542213,1.6379402411242963,0.8888888888888888,0.64,25,18
4412,2,ESRRG,4412,1.0,14.296625728482987,0.30126274633724565,7.432969116758791e-13,8.799784242274603,12.913338534815633,0.8888888888888888,0.64,25,18
4411,2,ESRRG,4411,1.0,14.296625728482987,0.20935555370340836,8.571589709015578e-07,4.073516125188801,4.029752970802062,0.8888888888888888,0.64,25,18
3807,2,GMEB1,3807,1.0,8.673000330355237,0.43801649423709055,7.339993554391554e-27,7.729546049256274,11.285630896679113,0.6,0.6,5,5
3803,2,GMEB1,3803,1.0,8.673000330355237,0.6377201789973702,2.527152394525344e-63,5.751407723604253,7.23942046288056,0.6,0.6,5,5
3805,2,GMEB1,3805,1.0,8.673000330355237,-0.2544159470275236,1.8092456416990306e-09,-2.4310600095086983,1.764130644281942,0.6,0.6,5,5
2063,2,EMX2,2063,1.0,9.822404236845095,0.3505440615829623,3.820987457249717e-17,10.726457611754078,20.327416183033833,0.7,0.56,25,20
2070,2,EMX2,2070,1.0,9.822404236845095,-0.44136617410210505,2.7131065977960127e-27,-12.002227845479455,23.931699076939715,0.7,0.56,25,20
2065,2,EMX2,2065,1.0,9.822404236845095,0.39444554707165536,1.1694429812411092e-21,7.109475377152611,9.44677380283723,0.7,0.56,25,20
2046,2,EMX2,2046,1.0,9.822404236845095,0.25754331925834695,1.1250634870672593e-09,6.774882933268094,9.541900838166706,0.7,0.56,25,20
2050,2,EMX2,2050,1.0,9.822404236845095,-0.21831351702369803,2.7827631884285486e-07,-14.536471147760984,30.32999254124982,0.7,0.56,25,20
2067,2,EMX2,2067,1.0,9.822404236845095,0.23301700091261557,3.9488012107555304e-08,6.696891724678658,8.745737275797264,0.7,0.56,25,20
2069,2,EMX2,2069,1.0,9.822404236845095,-0.3959886588628643,7.879658294107287e-22,-4.516347977260016,4.855039467750248,0.7,0.56,25,20
2061,2,EMX2,2061,1.0,9.822404236845095,0.4665981655347915,1.0441815143481572e-30,9.478808603468917,16.0362634438928,0.7,0.56,25,20
2062,2,EMX2,2062,1.0,9.822404236845095,-0.45070391921013786,1.5954599518834026e-28,-5.522182831306509,6.618386430095811,0.7,0.56,25,20
2057,2,EMX2,2057,1.0,9.822404236845095,0.5957256972634725,1.83971717488504e-53,11.795556586317703,22.730550792717526,0.7,0.56,25,20
2059,2,EMX2,2059,1.0,9.822404236845095,-0.44133656806181326,2.7372105439200503e-27,-4.388958503402364,4.522205227803746,0.7,0.56,25,20
2051,2,EMX2,2051,1.0,9.822404236845095,0.492936073738378,1.3724774610407504e-34,11.41963476792267,19.025848793032324,0.7,0.56,25,20
2052,2,EMX2,2052,1.0,9.822404236845095,0.26659916989160143,2.74247647077752e-10,13.558523767139462,28.0319391110139,0.7,0.56,25,20
2053,2,EMX2,2053,1.0,9.822404236845095,-0.4369176229542601,1.0149493932217694e-26,-2.9195498053683338,2.375906791620209,0.7,0.56,25,20
1626,2,ZNF8,1626,-1.0,3.171282738425742,0.4183382212031415,2.0404984362160175e-24,-2.634404445225436,2.031385539810734,0.45,0.36,25,20
1641,2,ZNF8,1641,-1.0,3.171282738425742,0.16601778221227126,0.00010161831006521927,-3.009158229952836,2.4614785565199124,0.45,0.36,25,20
1638,2,ZNF8,1638,-1.0,3.171282738425742,0.41028830137180156,1.836641314486308e-23,-8.599717503772734,13.764291912224211,0.45,0.36,25,20
1642,2,ZNF8,1642,-1.0,3.171282738425742,0.24193164197647826,1.1322877258937598e-08,-9.562569773470502,15.735916427397497,0.45,0.36,25,20
1634,2,ZNF8,1634,-1.0,3.171282738425742,0.4127940966604986,9.32691725582924e-24,-7.952025752512472,11.865551506360184,0.45,0.36,25,20
1629,2,ZNF8,1629,-1.0,3.171282738425742,-0.2442731424795561,8.088372006640342e-09,5.500142053101916,6.442592293435993,0.45,0.36,25,20
1635,2,ZNF8,1635,-1.0,3.171282738425742,0.13929072322084937,0.001137122282400557,-13.771887376178748,27.092009960869277,0.45,0.36,25,20
1633,2,ZNF8,1633,-1.0,3.171282738425742,0.5278138630021335,2.8138306743346043e-40,-6.567903383727203,8.936993231910012,0.45,0.36,25,20
1640,2,ZNF8,1640,-1.0,3.171282738425742,0.24067904414013266,1.3536102124936758e-08,-6.194954153552351,7.809510731833338,0.45,0.36,25,20
1070,2,TFEC,1070,1.0,25.38285811487183,0.44107063836319227,2.9634344439303487e-27,5.193914924880035,5.924675366398201,1.0,0.7142857142857143,7,5
1066,2,TFEC,1066,1.0,25.38285811487183,0.4669999082587511,9.163698488365315e-31,7.917893748435064,11.827258784820529,1.0,0.7142857142857143,7,5
1064,2,TFEC,1064,1.0,25.38285811487183,0.5155508162572688,3.346987161247128e-38,6.455840660404555,8.76951984275776,1.0,0.7142857142857143,7,5
1067,2,TFEC,1067,1.0,25.38285811487183,0.38277784406865845,2.1657512784719246e-20,2.5971739066100756,1.9609758847563168,1.0,0.7142857142857143,7,5
1068,2,TFEC,1068,1.0,25.38285811487183,0.7068774157029838,2.1506055650673543e-83,12.032461453867887,23.293978146439482,1.0,0.7142857142857143,7,5
2165,2,GLIS3,2165,1.0,7.788402493336106,0.604738525448303,1.867703022823164e-55,6.461309831700627,8.779754228567054,0.6666666666666666,0.6666666666666666,6,6
2170,2,GLIS3,2170,1.0,7.788402493336106,0.3283213929799356,4.10348372263563e-15,8.59703787293415,12.56659958686187,0.6666666666666666,0.6666666666666666,6,6
2166,2,GLIS3,2166,1.0,7.788402493336106,-0.4181065445688581,2.1755202635436025e-24,-2.162230524690634,1.477434074972071,0.6666666666666666,0.6666666666666666,6,6
2168,2,GLIS3,2168,1.0,7.788402493336106,-0.011413990480496291,0.7907254933582717,-12.753458808692505,23.099709781201707,0.6666666666666666,0.6666666666666666,6,6
5196,2,PRDM4,5196,1.0,1.8199352670108075,0.3319439730796398,1.9641631782757013e-15,8.311194327997532,12.003646746759882,0.7272727272727273,0.6153846153846154,13,11
5201,2,PRDM4,5201,1.0,1.8199352670108075,0.5112517943508977,1.7077598064336808e-37,3.858152416856502,3.643156746668722,0.7272727272727273,0.6153846153846154,13,11
5189,2,PRDM4,5189,1.0,1.8199352670108075,0.6854098885073998,1.4527168094156334e-76,5.599345918219748,6.9760210176553,0.7272727272727273,0.6153846153846154,13,11
5198,2,PRDM4,5198,1.0,1.8199352670108075,0.33409179761280877,1.2631282424418022e-15,4.386484823921858,4.497010886824418,0.7272727272727273,0.6153846153846154,13,11
5192,2,PRDM4,5192,1.0,1.8199352670108075,-0.40915795024866075,2.48864920798932e-23,-2.0222075654524287,1.3341201915524237,0.7272727272727273,0.6153846153846154,13,11
5190,2,PRDM4,5190,1.0,1.8199352670108075,-0.5660915499713984,2.481992474467051e-47,-2.53952022210632,1.8909295282675798,0.7272727272727273,0.6153846153846154,13,11
5193,2,PRDM4,5193,1.0,1.8199352670108075,0.7148619773896797,4.281155264403544e-86,6.0874410367975695,7.857044601002073,0.7272727272727273,0.6153846153846154,13,11
5197,2,PRDM4,5197,1.0,1.8199352670108075,0.4476771325643059,4.0360177876093796e-28,6.704751166375261,8.7370844332971,0.7272727272727273,0.6153846153846154,13,11
2743,2,IRF6,2743,1.0,5.76738268986782,0.32395296552088043,9.848428053730961e-15,5.103176489777397,5.953528350655863,0.6,0.6,5,5
2747,2,IRF6,2747,1.0,5.76738268986782,0.45014215396460117,1.896706080253296e-28,11.132878198270465,18.32399635196485,0.6,0.6,5,5
2746,2,IRF6,2746,1.0,5.76738268986782,0.3558935357796867,1.1709511732643388e-17,8.885744939224717,14.147972343390508,0.6,0.6,5,5
2142,2,TEAD1,2142,1.0,8.803077271589228,0.5360123376989376,1.0321944359990677e-41,3.8688649459020246,3.7225363032228205,0.7391304347826086,0.68,25,23
2140,2,TEAD1,2140,1.0,8.803077271589228,0.5126336094365169,1.0139809238172191e-37,11.855195343366766,20.347244695080548,0.7391304347826086,0.68,25,23
2144,2,TEAD1,2144,1.0,8.803077271589228,-0.4437777547258736,1.3161214737524648e-27,-2.856584667274972,2.2683583175524205,0.7391304347826086,0.68,25,23
2138,2,TEAD1,2138,1.0,8.803077271589228,0.23335196140391692,3.771128117926251e-08,2.1238542557968314,1.4375642332539114,0.7391304347826086,0.68,25,23
2135,2,TEAD1,2135,1.0,8.803077271589228,-0.6544597339863552,1.0680405730297845e-67,-2.379223892669121,1.7080481170694157,0.7391304347826086,0.68,25,23
2155,2,TEAD1,2155,1.0,8.803077271589228,0.5924888201595698,9.234230151151427e-53,7.089163490907264,10.179367006130722,0.7391304347826086,0.68,25,23
2148,2,TEAD1,2148,1.0,8.803077271589228,0.6855500487487813,1.3167718509152747e-76,13.605775496253278,28.38843159126462,0.7391304347826086,0.68,25,23
2152,2,TEAD1,2152,1.0,8.803077271589228,-0.2912723941587807,4.442228669975472e-12,-2.966742977136877,2.406974773944279,0.7391304347826086,0.68,25,23
2154,2,TEAD1,2154,1.0,8.803077271589228,0.5165121506187437,2.3173873087375086e-38,8.430182800593288,12.591014172894083,0.7391304347826086,0.68,25,23
2136,2,TEAD1,2136,1.0,8.803077271589228,0.7185792968183176,2.1983669149622895e-87,7.8181798262177695,11.900509184619857,0.7391304347826086,0.68,25,23
2149,2,TEAD1,2149,1.0,8.803077271589228,0.27166907312557037,1.2153694833636728e-10,6.595600735376072,8.430497308429626,0.7391304347826086,0.68,25,23
2133,2,TEAD1,2133,1.0,8.803077271589228,0.8267938712048805,2.7274497988148514e-137,6.468867297559233,8.875668871907974,0.7391304347826086,0.68,25,23
2153,2,TEAD1,2153,1.0,8.803077271589228,0.5476248010773901,8.162037701773634e-44,3.458567212090239,3.1001077718330876,0.7391304347826086,0.68,25,23
2147,2,TEAD1,2147,1.0,8.803077271589228,0.6052688858055302,1.4191048941150323e-55,15.161210793376977,37.00432432661611,0.7391304347826086,0.68,25,23
2139,2,TEAD1,2139,1.0,8.803077271589228,0.6900630586172616,5.401976639368274e-78,4.309663734552499,4.415984246967054,0.7391304347826086,0.68,25,23
2146,2,TEAD1,2146,1.0,8.803077271589228,0.6212574966991139,2.803078931432888e-59,7.592366271215698,10.714669467024338,0.7391304347826086,0.68,25,23
2145,2,TEAD1,2145,1.0,8.803077271589228,0.5274349056863985,3.271203854319393e-40,5.579880506783107,6.855561658917262,0.7391304347826086,0.68,25,23
7372,2,TCF21,7372,-1.0,22.70980539205928,0.5636863402676926,7.335990372216291e-47,-3.665123581248963,3.4540450369578566,1.0,0.6666666666666666,6,4
7374,2,TCF21,7374,-1.0,22.70980539205928,0.5053710603729372,1.5290563838281494e-36,-15.559368104665138,33.36172483083531,1.0,0.6666666666666666,6,4
7375,2,TCF21,7375,-1.0,22.70980539205928,0.48217334119230054,5.812948074893635e-33,-7.580706867545172,10.47694979213308,1.0,0.6666666666666666,6,4
7373,2,TCF21,7373,-1.0,22.70980539205928,0.657872973147996,1.2654864307434637e-68,-12.346554029209988,23.74330682681225,1.0,0.6666666666666666,6,4
8696,2,E2F7,8696,-1.0,1.8584545889536785,0.8544814186210418,5.330486536109916e-156,-2.61991461334568,1.9995610549693645,0.6,0.42857142857142855,7,5
8698,2,E2F7,8698,-1.0,1.8584545889536785,-0.1332808119670316,0.0018551173228010043,10.556391683644184,16.982577550474534,0.6,0.42857142857142855,7,5
8701,2,E2F7,8701,-1.0,1.8584545889536785,0.2844599746658486,1.4449742002352514e-11,-12.808639156225246,24.486821141944706,0.6,0.42857142857142855,7,5
3852,2,NFATC1,3852,-1.0,1.3405097207654666,0.03966444888693281,0.3562634608020895,-4.2584381258623605,4.564317763069796,0.5217391304347826,0.48,25,23
3847,2,NFATC1,3847,-1.0,1.3405097207654666,0.5294183604819475,1.4840117054735883e-40,-3.7586848251782796,3.6084127313330456,0.5217391304347826,0.48,25,23
3865,2,NFATC1,3865,-1.0,1.3405097207654666,0.06243306786334032,0.1462507253497278,-8.708516706655193,13.227872998088259,0.5217391304347826,0.48,25,23
3869,2,NFATC1,3869,-1.0,1.3405097207654666,0.5073024235279727,7.478393861707779e-37,-4.04978691220071,4.04008105132945,0.5217391304347826,0.48,25,23
3855,2,NFATC1,3855,-1.0,1.3405097207654666,0.42805364944289687,1.3278462185699147e-25,-5.948045430930691,7.533462058425197,0.5217391304347826,0.48,25,23
3850,2,NFATC1,3850,-1.0,1.3405097207654666,0.13712356107148982,0.0013596540373079177,-15.038724656281165,31.589794122121273,0.5217391304347826,0.48,25,23
3849,2,NFATC1,3849,-1.0,1.3405097207654666,0.3721448534358597,2.8006633256610793e-19,-11.864148464934848,21.73893793993982,0.5217391304347826,0.48,25,23
3860,2,NFATC1,3860,-1.0,1.3405097207654666,0.24988749704689123,3.5595664425874265e-09,-5.618334045479207,6.866909908441894,0.5217391304347826,0.48,25,23
3851,2,NFATC1,3851,-1.0,1.3405097207654666,-0.14409552122820546,0.0007582041414679846,3.391621408607582,2.971445337062644,0.5217391304347826,0.48,25,23
3868,2,NFATC1,3868,-1.0,1.3405097207654666,-0.03628321422960736,0.3987733476703339,4.727459877631582,5.252262259937694,0.5217391304347826,0.48,25,23
3858,2,NFATC1,3858,-1.0,1.3405097207654666,0.512190942920154,1.1985862807116027e-37,-6.970071630740563,9.384957966851658,0.5217391304347826,0.48,25,23
3866,2,NFATC1,3866,-1.0,1.3405097207654666,-0.21130468048261894,6.738136600297063e-07,4.210105689287629,4.30607216801666,0.5217391304347826,0.48,25,23
1000,2,NR2F1,1000,-1.0,8.768405970033513,0.5666733274011324,1.907108720064066e-47,-3.6424267904197505,3.424811692761443,0.5882352941176471,0.4,25,17
1017,2,NR2F1,1017,-1.0,8.768405970033513,0.28332193563242103,1.7542492586271745e-11,-3.9132277225727528,3.674591615664536,0.5882352941176471,0.4,25,17
1011,2,NR2F1,1011,-1.0,8.768405970033513,0.7110729288963348,8.41008521410252e-85,-7.438609706203507,10.585953687485459,0.5882352941176471,0.4,25,17
1013,2,NR2F1,1013,-1.0,8.768405970033513,0.5269767241058826,3.9235704999157675e-40,-7.439333272252883,10.294068468396684,0.5882352941176471,0.4,25,17
1001,2,NR2F1,1001,-1.0,8.768405970033513,-0.29653769725867557,1.7464412927237006e-12,4.883165093711667,5.315021398474818,0.5882352941176471,0.4,25,17
1012,2,NR2F1,1012,-1.0,8.768405970033513,0.35332470585836834,2.07209250498153e-17,-9.21173730918049,14.914068091108062,0.5882352941176471,0.4,25,17
1002,2,NR2F1,1002,-1.0,8.768405970033513,0.3866309765226349,8.367329265962293e-21,-15.050152813638682,32.50390903145117,0.5882352941176471,0.4,25,17
1023,2,NR2F1,1023,-1.0,8.768405970033513,0.49935916039368394,1.3762436040479115e-35,-2.6604244065499985,2.0298441758595094,0.5882352941176471,0.4,25,17
1003,2,NR2F1,1003,-1.0,8.768405970033513,0.5442310494359412,3.4245218579759733e-43,-11.916022472336902,21.64435758418586,0.5882352941176471,0.4,25,17
1019,2,NR2F1,1019,-1.0,8.768405970033513,0.5046814270141402,1.9717645811602652e-36,-2.2534056600498658,1.5720529995885189,0.5882352941176471,0.4,25,17
3597,2,ZNF148,3597,1.0,8.493507502414358,-0.3121088255081446,9.85485869840587e-14,-4.888455825304385,5.390344540213564,0.7142857142857143,0.6,25,21
3592,2,ZNF148,3592,1.0,8.493507502414358,-0.136404321672401,0.0014419392600695919,-2.3339395646437926,1.6517632049480275,0.7142857142857143,0.6,25,21
3585,2,ZNF148,3585,1.0,8.493507502414358,-0.2768501301766349,5.19817465187011e-11,-3.9258987066196354,3.7283606273729704,0.7142857142857143,0.6,25,21
3584,2,ZNF148,3584,1.0,8.493507502414358,0.4176730971485861,2.4522614209593754e-24,12.34497834239794,21.69536578279693,0.7142857142857143,0.6,25,21
3591,2,ZNF148,3591,1.0,8.493507502414358,-0.29745143709968136,1.4823139393612131e-12,-5.506526197049352,6.464858833691092,0.7142857142857143,0.6,25,21
3582,2,ZNF148,3582,1.0,8.493507502414358,-0.514167202323632,5.669546794961557e-38,-3.0789526081209657,2.551439532852985,0.7142857142857143,0.6,25,21
3595,2,ZNF148,3595,1.0,8.493507502414358,-0.36111544167115384,3.611262503069102e-18,-8.194907370069735,11.552662193234076,0.7142857142857143,0.6,25,21
3577,2,ZNF148,3577,1.0,8.493507502414358,0.8170088875084398,1.8446467936884336e-131,5.737948021578777,7.263788284608153,0.7142857142857143,0.6,25,21
3578,2,ZNF148,3578,1.0,8.493507502414358,-0.643849228953778,6.805614866072131e-65,-2.2906887035084598,1.611451671869172,0.7142857142857143,0.6,25,21
3594,2,ZNF148,3594,1.0,8.493507502414358,-0.28374803775662066,1.6315427766946514e-11,-4.023765998210306,3.8887102304358865,0.7142857142857143,0.6,25,21
3593,2,ZNF148,3593,1.0,8.493507502414358,-0.2028633613034213,1.8797062644642433e-06,-3.9545337374002063,3.757111280269778,0.7142857142857143,0.6,25,21
3583,2,ZNF148,3583,1.0,8.493507502414358,-0.024114756909675045,0.5749902386050567,-2.52176423370663,1.8613874488533473,0.7142857142857143,0.6,25,21
3581,2,ZNF148,3581,1.0,8.493507502414358,0.7833872188250646,8.038106316654821e-114,8.072373880702619,12.310006126435425,0.7142857142857143,0.6,25,21
3601,2,ZNF148,3601,1.0,8.493507502414358,-0.11465609923405051,0.007485738865264511,-4.725697106535615,5.199387103530007,0.7142857142857143,0.6,25,21
3588,2,ZNF148,3588,1.0,8.493507502414358,-0.122087964867299,0.004385047732920644,-6.203308582159747,7.817844361480464,0.7142857142857143,0.6,25,21
7955,2,ARX,7955,1.0,9.537458211891483,-0.30650318649355757,2.82955835904226e-13,-2.9156191478215394,2.3871984883503785,0.6666666666666666,0.3157894736842105,19,9
7971,2,ARX,7971,1.0,9.537458211891483,-0.25665986466052554,1.287476587725093e-09,-2.1151203077116234,1.4294365321794362,0.6666666666666666,0.3157894736842105,19,9
7956,2,ARX,7956,1.0,9.537458211891483,0.13439434138160852,0.001696765606814616,5.810481617774056,7.024935374349625,0.6666666666666666,0.3157894736842105,19,9
7964,2,ARX,7964,1.0,9.537458211891483,-0.09912602582895456,0.020874888957738875,-11.168167025666982,20.09450911696055,0.6666666666666666,0.3157894736842105,19,9
7957,2,ARX,7957,1.0,9.537458211891483,-0.23142027859224534,4.913127493673537e-08,-6.215988072200561,8.077010765011051,0.6666666666666666,0.3157894736842105,19,9
7966,2,ARX,7966,1.0,9.537458211891483,-0.32472802487971963,8.44026057205297e-15,-5.025687773410269,5.631196077207229,0.6666666666666666,0.3157894736842105,19,9
2417,2,TBP,2417,-1.0,1.8733225896294192,0.25703964181338274,1.2150430148561825e-09,-2.428973230357279,1.7808859999420632,0.22727272727272727,0.2,25,22
2395,2,TBP,2395,-1.0,1.8733225896294192,0.42519790326275053,2.9918833616778784e-25,-3.101105661800812,2.635833260474491,0.22727272727272727,0.2,25,22
2414,2,TBP,2414,-1.0,1.8733225896294192,0.479206366243058,1.5952161570438517e-32,-7.624134483215945,10.654461840211562,0.22727272727272727,0.2,25,22
2403,2,TBP,2403,-1.0,1.8733225896294192,0.4047294862370138,8.091829401987753e-23,-6.791760306543043,9.390376521617672,0.22727272727272727,0.2,25,22
2399,2,TBP,2399,-1.0,1.8733225896294192,0.2787572838354318,3.785350656168646e-11,-12.135289882000725,22.039766289524433,0.22727272727272727,0.2,25,22
1076,2,ZNF423,1076,-1.0,3.821898148613849,0.6749669761484746,1.8835775178230696e-73,-6.427793339748864,8.265769606587408,0.7142857142857143,0.625,8,7
1074,2,ZNF423,1074,-1.0,3.821898148613849,0.5975734889376844,7.264413352001464e-54,-14.474920018514819,28.500897378387133,0.7142857142857143,0.625,8,7
1073,2,ZNF423,1073,-1.0,3.821898148613849,0.8304552014889666,1.4426214551433193e-139,-4.327402974875339,4.544278599268787,0.7142857142857143,0.625,8,7
1077,2,ZNF423,1077,-1.0,3.821898148613849,0.7737742499703191,2.380211641153374e-109,-11.629841833850397,21.357270188784845,0.7142857142857143,0.625,8,7
1075,2,ZNF423,1075,-1.0,3.821898148613849,-0.36352439897489647,2.083475390392651e-18,2.594596362447877,1.9512358935279432,0.7142857142857143,0.625,8,7
3405,2,HIVEP2,3405,1.0,8.60634433719535,-0.5770098079190086,1.6177771296033105e-49,-2.045679055309099,1.3560277326142036,0.5714285714285714,0.5,8,7
3411,2,HIVEP2,3411,1.0,8.60634433719535,0.40038451875418984,2.529691716724788e-22,9.961658425703382,16.217556531732285,0.5714285714285714,0.5,8,7
3407,2,HIVEP2,3407,1.0,8.60634433719535,0.37157319452622545,3.2053241799982927e-19,8.798366735986804,13.824383081921999,0.5714285714285714,0.5,8,7
3404,2,HIVEP2,3404,1.0,8.60634433719535,0.7256783006162854,6.617451040324518e-90,6.953560630205175,9.918180154616648,0.5714285714285714,0.5,8,7
2755,2,BBX,2755,1.0,10.36561267896135,0.387890320039047,6.1151316667291416e-21,12.569045131203941,22.29326360473673,0.8095238095238095,0.68,25,21
2758,2,BBX,2758,1.0,10.36561267896135,0.6629246630457855,5.1149463319767054e-70,3.70557438252077,3.490599336066925,0.8095238095238095,0.68,25,21
2771,2,BBX,2771,1.0,10.36561267896135,0.2568471650754857,1.2512438312204984e-09,9.758591953835689,14.710919558539867,0.8095238095238095,0.68,25,21
2752,2,BBX,2752,1.0,10.36561267896135,0.7980975982980499,3.984637898516138e-121,8.07913169070922,12.415098963421004,0.8095238095238095,0.68,25,21
2756,2,BBX,2756,1.0,10.36561267896135,0.5406631093447757,1.5196757182571986e-42,3.0194238098825625,2.4892747172030085,0.8095238095238095,0.68,25,21
2766,2,BBX,2766,1.0,10.36561267896135,-0.1808385659823449,2.242627689178939e-05,-3.643751889405597,3.3186692653718777,0.8095238095238095,0.68,25,21
2763,2,BBX,2763,1.0,10.36561267896135,0.387963173383765,6.004953903414911e-21,3.2368445257885257,2.7772592231916176,0.8095238095238095,0.68,25,21
2768,2,BBX,2768,1.0,10.36561267896135,0.3299101505395945,2.9740296401108196e-15,2.9292277103636146,2.3557235313966216,0.8095238095238095,0.68,25,21
2760,2,BBX,2760,1.0,10.36561267896135,0.7415799671890121,7.4775073736850326e-96,4.3051560619788845,4.442382464488879,0.8095238095238095,0.68,25,21
2761,2,BBX,2761,1.0,10.36561267896135,0.5725291773148475,1.3057852558712208e-48,11.702905616351241,22.230592570370597,0.8095238095238095,0.68,25,21
2767,2,BBX,2767,1.0,10.36561267896135,0.5425324871952003,6.976720737726309e-43,7.781663006683981,10.847732453328993,0.8095238095238095,0.68,25,21
2762,2,BBX,2762,1.0,10.36561267896135,0.2960813894781782,1.895057438302817e-12,10.14214659920771,17.829156012972867,0.8095238095238095,0.68,25,21
2751,2,BBX,2751,1.0,10.36561267896135,-0.6341164868018521,2.0374335749212255e-62,-2.5221380756645124,1.8678344785457484,0.8095238095238095,0.68,25,21
2750,2,BBX,2750,1.0,10.36561267896135,0.330250207766946,2.7753301373641306e-15,2.7989421512836983,2.1998818601646533,0.8095238095238095,0.68,25,21
2764,2,BBX,2764,1.0,10.36561267896135,0.6861595584187887,8.583615830618438e-77,5.021249372943619,5.630283360017515,0.8095238095238095,0.68,25,21
2748,2,BBX,2748,1.0,10.36561267896135,0.7831646863348711,1.0262231796597477e-113,6.467240532831352,8.849892013392013,0.8095238095238095,0.68,25,21
2759,2,BBX,2759,1.0,10.36561267896135,0.4267197286857497,1.9424884639688966e-25,14.334135796672909,31.576551613858292,0.8095238095238095,0.68,25,21
2433,2,SOX5,2433,-1.0,11.619655629375396,0.461650059302023,5.141126969180284e-30,-14.593421927408574,30.4200563434708,0.7142857142857143,0.6,25,21
2422,2,SOX5,2422,-1.0,11.619655629375396,-0.41332130903369485,8.081726584013302e-24,5.332274519287982,6.1129332684284785,0.7142857142857143,0.6,25,21
2425,2,SOX5,2425,-1.0,11.619655629375396,0.5147542263934177,4.5348606600953623e-38,-14.79050100894673,31.57632032856114,0.7142857142857143,0.6,25,21
2443,2,SOX5,2443,-1.0,11.619655629375396,-0.20553120281771553,1.3654359282959897e-06,6.488995895328918,8.214188343358991,0.7142857142857143,0.6,25,21
2420,2,SOX5,2420,-1.0,11.619655629375396,0.5668296023226727,1.7766434687423467e-47,-2.830856910395051,2.2767336353929757,0.7142857142857143,0.6,25,21
2437,2,SOX5,2437,-1.0,11.619655629375396,0.4180851832486476,2.188405354397513e-24,-2.4699916917840357,1.8238206995060038,0.7142857142857143,0.6,25,21
2426,2,SOX5,2426,-1.0,11.619655629375396,0.5233164431498069,1.660627950855226e-39,-6.07989598672264,8.085295198047742,0.7142857142857143,0.6,25,21
2429,2,SOX5,2429,-1.0,11.619655629375396,-0.4302771754968118,7.016422348202803e-26,8.915133029143115,13.197851544080814,0.7142857142857143,0.6,25,21
2441,2,SOX5,2441,-1.0,11.619655629375396,0.47141405643825696,2.157971369273986e-31,-2.769103556214924,2.1830717994073447,0.7142857142857143,0.6,25,21
2427,2,SOX5,2427,-1.0,11.619655629375396,0.5840398558762969,5.719898290111992e-51,-5.418834465757984,6.507801185701454,0.7142857142857143,0.6,25,21
2442,2,SOX5,2442,-1.0,11.619655629375396,0.1679678833674915,8.389044821284404e-05,-3.6251295312681764,3.3635803506329744,0.7142857142857143,0.6,25,21
2432,2,SOX5,2432,-1.0,11.619655629375396,0.5995819027494792,2.627769542163425e-54,-8.920124762292433,14.995269323271774,0.7142857142857143,0.6,25,21
2440,2,SOX5,2440,-1.0,11.619655629375396,0.4587854687857896,1.2784926591481946e-29,-13.364594612822028,24.637545468783692,0.7142857142857143,0.6,25,21
2431,2,SOX5,2431,-1.0,11.619655629375396,0.6488725120432876,3.305440793378456e-66,-8.351803039462483,12.949321764188454,0.7142857142857143,0.6,25,21
2423,2,SOX5,2423,-1.0,11.619655629375396,0.6401432272772517,6.113893848018341e-64,-12.243829704326513,22.995076292349175,0.7142857142857143,0.6,25,21
4530,2,SREBF2,4530,-1.0,12.67791281262534,0.26184736294876765,5.790546288690517e-10,-2.2796585382582424,1.5930091673208706,0.5833333333333334,0.4666666666666667,15,12
4524,2,SREBF2,4524,-1.0,12.67791281262534,0.3504079487496207,3.9365642608882275e-17,-6.202110012806391,7.953866686491116,0.5833333333333334,0.4666666666666667,15,12
4521,2,SREBF2,4521,-1.0,12.67791281262534,0.43215734643534287,4.0761860425202845e-26,-2.944764973203707,2.4296737880817614,0.5833333333333334,0.4666666666666667,15,12
4522,2,SREBF2,4522,-1.0,12.67791281262534,0.5626316157132972,1.1766213792995256e-46,-2.8742043204692638,2.3547886151209187,0.5833333333333334,0.4666666666666667,15,12
4529,2,SREBF2,4529,-1.0,12.67791281262534,0.22312423623911246,1.490624273345126e-07,-2.274664503106231,1.5907437504354756,0.5833333333333334,0.4666666666666667,15,12
4532,2,SREBF2,4532,-1.0,12.67791281262534,0.2578093239089687,1.080192341887344e-09,-11.359120201009917,18.84917084776964,0.5833333333333334,0.4666666666666667,15,12
4528,2,SREBF2,4528,-1.0,12.67791281262534,0.5318868296742766,5.508615442635946e-41,-2.4322398426603473,1.757611132578584,0.5833333333333334,0.4666666666666667,15,12
1029,2,CREB3L2,1029,1.0,8.062751296978742,0.4103428664283393,1.8098498550907388e-23,6.704699728787389,8.84654702790612,0.3333333333333333,0.25,8,6
1024,2,CREB3L2,1024,1.0,8.062751296978742,0.6931757402559402,5.767671167191106e-79,6.875919729004533,9.808999223579981,0.3333333333333333,0.25,8,6
1152,2,HOXB7,1152,-1.0,7.304982736985181,-0.32241854816175725,1.3349478020020968e-14,12.593868594491333,24.611188171294337,1.0,0.8461538461538461,13,11
1153,2,HOXB7,1153,-1.0,7.304982736985181,-0.2977201400223297,1.4123756200639614e-12,11.764554518628042,22.35816294631938,1.0,0.8461538461538461,13,11
1160,2,HOXB7,1160,-1.0,7.304982736985181,-0.2510038321458938,3.01632001941488e-09,7.974497864672664,12.257942574466986,1.0,0.8461538461538461,13,11
1151,2,HOXB7,1151,-1.0,7.304982736985181,-0.23140958030477285,4.92029917530344e-08,3.131401234512169,2.6224556985504672,1.0,0.8461538461538461,13,11
1150,2,HOXB7,1150,-1.0,7.304982736985181,-0.28653595237609836,1.0120924754936844e-11,7.515527838817623,11.123122001724434,1.0,0.8461538461538461,13,11
1161,2,HOXB7,1161,-1.0,7.304982736985181,0.08608971814450027,0.0449422426968039,-9.08078099898255,15.186750253306359,1.0,0.8461538461538461,13,11
1156,2,HOXB7,1156,-1.0,7.304982736985181,-0.21776449361828687,2.985570063790046e-07,2.956415265449458,2.39729857036467,1.0,0.8461538461538461,13,11
1149,2,HOXB7,1149,-1.0,7.304982736985181,-0.32594631398052687,6.616583304935028e-15,6.63105152638331,9.238623971754516,1.0,0.8461538461538461,13,11
1155,2,HOXB7,1155,-1.0,7.304982736985181,-0.3041793535419917,4.352706566016222e-13,2.27647325190729,1.6023788624232878,1.0,0.8461538461538461,13,11
1159,2,HOXB7,1159,-1.0,7.304982736985181,0.21739153246261098,3.131379930953303e-07,-3.4172707498884303,3.0078966783003325,1.0,0.8461538461538461,13,11
1157,2,HOXB7,1157,-1.0,7.304982736985181,-0.2224894677448562,1.6199142969245481e-07,3.9461315745462056,3.8579172081495003,1.0,0.8461538461538461,13,11
