,Mutation,Regulator,Regulon,MutationRegulatorEdge,-log10(p)_MutationRegulatorEdge,RegulatorRegulon_Spearman_R,RegulatorRegulon_Spearman_p-value,Regulon_stratification_t-statistic,-log10(p)_Regulon_stratification,Fraction_of_edges_correctly_aligned,Fraction_of_aligned_and_diff_exp_edges,number_downstream_regulons,number_differentially_expressed_regulons
1536,5,GLI3,1536,1.0,1.3125336832059453,0.298366857367086,4.0513737733053226e-11,2.2641937203629454,1.5942591425043091,0.8333333333333334,0.7142857142857143,7,6
1538,5,GLI3,1538,1.0,1.3125336832059453,0.22173874976847516,1.2041846303584434e-06,4.43412242275407,4.126940046508451,0.8333333333333334,0.7142857142857143,7,6
1537,5,GLI3,1537,1.0,1.3125336832059453,0.10905742713070085,0.018026615641100915,5.798206580650117,6.117927179757168,0.8333333333333334,0.7142857142857143,7,6
1539,5,GLI3,1539,1.0,1.3125336832059453,0.2697218609486785,2.8097708255174955e-09,2.998498137553385,2.3040232883576497,0.8333333333333334,0.7142857142857143,7,6
1540,5,GLI3,1540,1.0,1.3125336832059453,0.23977703105482026,1.4300530969941934e-07,2.882621986371957,2.199150529194342,0.8333333333333334,0.7142857142857143,7,6
858,5,SATB1,858,1.0,1.4091360481187196,0.18625801162811198,4.848099526009397e-05,2.0766714619227926,1.3523269613001154,0.2,0.12,25,15
868,5,SATB1,868,1.0,1.4091360481187196,0.3146752251173229,2.910550041503227e-12,3.8935953925691935,3.532243193835115,0.2,0.12,25,15
853,5,SATB1,853,1.0,1.4091360481187196,0.4864937697048994,2.6942542905195955e-29,2.012031122520577,1.3359469935441346,0.2,0.12,25,15
3392,5,DBP,3392,1.0,1.9226543249305028,-0.2670900622437154,4.049737756503253e-09,-6.302674871474514,7.294442271158964,0.4,0.2857142857142857,7,5
3391,5,DBP,3391,1.0,1.9226543249305028,0.3032067317180578,1.8862212142458823e-11,9.203816341343597,12.97838436030893,0.4,0.2857142857142857,7,5
2064,5,BPTF,2064,1.0,1.4378844416472316,0.2331815839972307,3.1802665520956425e-07,2.250516809152817,1.5181259829742113,0.3888888888888889,0.28,25,18
2043,5,BPTF,2043,1.0,1.4378844416472316,0.7223940121667235,5.300552638851336e-77,2.122260931668271,1.3971040891940143,0.3888888888888889,0.28,25,18
2040,5,BPTF,2040,1.0,1.4378844416472316,0.712475009037056,5.1414607393314664e-74,2.0040822366762465,1.328495787840975,0.3888888888888889,0.28,25,18
2044,5,BPTF,2044,1.0,1.4378844416472316,0.42503855377055455,4.841181394464041e-22,4.624056139383305,4.433652053928703,0.3888888888888889,0.28,25,18
2050,5,BPTF,2050,1.0,1.4378844416472316,0.41427614988769784,6.457899632456733e-21,2.708254132303636,2.0356901911008967,0.3888888888888889,0.28,25,18
2061,5,BPTF,2061,1.0,1.4378844416472316,0.2623164162923019,7.780699411238508e-09,2.600145268884607,1.8737479542156026,0.3888888888888889,0.28,25,18
2053,5,BPTF,2053,1.0,1.4378844416472316,0.22482235792173433,8.469230045838187e-07,2.111358331862655,1.3786303967238382,0.3888888888888889,0.28,25,18
4566,5,ESRRA,4566,1.0,6.137699864715536,0.21131893048647538,3.8120212522544624e-06,5.629240400481415,5.982320434322144,1.0,0.84,25,21
4569,5,ESRRA,4569,1.0,6.137699864715536,0.43407844135564805,5.1067422832802185e-23,4.981724175793343,4.889382747819815,1.0,0.84,25,21
4571,5,ESRRA,4571,1.0,6.137699864715536,-0.29852948102882876,3.949541300327236e-11,-4.0783610041311125,3.7464548187154594,1.0,0.84,25,21
4564,5,ESRRA,4564,1.0,6.137699864715536,0.3189618091564519,1.417427771066011e-12,4.628792865245007,4.320288137096564,1.0,0.84,25,21
4563,5,ESRRA,4563,1.0,6.137699864715536,0.007111924550480518,0.8777877524761214,3.5437921410869473,3.0064312363725643,1.0,0.84,25,21
4572,5,ESRRA,4572,1.0,6.137699864715536,-0.28548526028021093,2.893790513901158e-10,-3.8474947456733273,3.459815053375451,1.0,0.84,25,21
4575,5,ESRRA,4575,1.0,6.137699864715536,0.16683875840821835,0.0002803191226862828,3.3332591448110547,2.7054950245694585,1.0,0.84,25,21
4573,5,ESRRA,4573,1.0,6.137699864715536,-0.20699235512754316,6.0500686359888395e-06,-3.3486832854501545,2.8164583173349382,1.0,0.84,25,21
4574,5,ESRRA,4574,1.0,6.137699864715536,0.1989697033967483,1.3889631735561534e-05,5.059603342102319,4.98947550715259,1.0,0.84,25,21
4570,5,ESRRA,4570,1.0,6.137699864715536,0.295013134432382,6.824242917009831e-11,5.723047960734196,5.784225035682191,1.0,0.84,25,21
4561,5,ESRRA,4561,1.0,6.137699864715536,0.37284283093467285,6.009802121313433e-17,7.740065742499329,9.269470578214927,1.0,0.84,25,21
4562,5,ESRRA,4562,1.0,6.137699864715536,0.3909790100472413,1.2894873541603383e-18,5.713855422240009,6.004259883984853,1.0,0.84,25,21
4565,5,ESRRA,4565,1.0,6.137699864715536,0.18589450671256041,5.01855230134486e-05,3.8585202485908514,3.361043627888367,1.0,0.84,25,21
4559,5,ESRRA,4559,1.0,6.137699864715536,0.4283003891351907,2.1671039615829498e-22,9.060854218582234,12.925480594770299,1.0,0.84,25,21
4577,5,ESRRA,4577,1.0,6.137699864715536,0.19307653165454555,2.504734363642775e-05,2.478932732659944,1.7321314174078941,1.0,0.84,25,21
4580,5,ESRRA,4580,1.0,6.137699864715536,0.33450294459208424,9.464640916527315e-14,5.580785116340326,5.913057952464239,1.0,0.84,25,21
4568,5,ESRRA,4568,1.0,6.137699864715536,-0.30097334364708705,2.688859161013176e-11,-2.306537421330381,1.5865274779357763,1.0,0.84,25,21
4560,5,ESRRA,4560,1.0,6.137699864715536,-0.31813181589776324,1.6307794483746326e-12,-3.756094859834111,3.4058954922255418,1.0,0.84,25,21
4582,5,ESRRA,4582,1.0,6.137699864715536,0.5274144831569796,5.204731989046944e-35,7.562805289608146,8.42964668621138,1.0,0.84,25,21
4567,5,ESRRA,4567,1.0,6.137699864715536,0.4033104375322004,8.230496764123463e-20,6.342069095684599,6.9610400054859705,1.0,0.84,25,21
4578,5,ESRRA,4578,1.0,6.137699864715536,0.3972290985395945,3.2434029164991694e-19,3.71989807416137,3.1915440352276834,1.0,0.84,25,21
3854,5,GATA1,3854,-1.0,2.427022948288428,0.22575112551718537,7.60989433281282e-07,-6.247584410777413,6.885056583507578,1.0,0.7777777777777778,9,7
3859,5,GATA1,3859,-1.0,2.427022948288428,0.21117663911169757,3.87096791349083e-06,-3.762960442501405,3.226919527552841,1.0,0.7777777777777778,9,7
3852,5,GATA1,3852,-1.0,2.427022948288428,0.19522327285379998,2.0247150772194952e-05,-3.156844355456684,2.613221543318153,1.0,0.7777777777777778,9,7
3856,5,GATA1,3856,-1.0,2.427022948288428,0.2706670362229243,2.4617060932499437e-09,-3.6441436460974233,3.1675049499410783,1.0,0.7777777777777778,9,7
3858,5,GATA1,3858,-1.0,2.427022948288428,0.13170473820651715,0.004234323351549037,-3.5908139265838908,3.054557630782864,1.0,0.7777777777777778,9,7
3853,5,GATA1,3853,-1.0,2.427022948288428,0.19909353519018838,1.3716017451294718e-05,-6.022210490007736,6.356650783028312,1.0,0.7777777777777778,9,7
3855,5,GATA1,3855,-1.0,2.427022948288428,0.2754882378742663,1.243947187658946e-09,-3.1306584888536353,2.5013703658410646,1.0,0.7777777777777778,9,7
3325,5,MTF1,3325,1.0,1.5005574705631477,0.4908819501894243,7.144867763632438e-30,3.631357468085058,3.0763588068965477,0.36363636363636365,0.32,25,22
3320,5,MTF1,3320,1.0,1.5005574705631477,0.4432033971817101,4.9195392557649904e-24,2.675135895748268,1.9663855192347983,0.36363636363636365,0.32,25,22
3329,5,MTF1,3329,1.0,1.5005574705631477,0.2887227078746781,1.7820007047871063e-10,4.316019158643727,4.009240636344154,0.36363636363636365,0.32,25,22
3315,5,MTF1,3315,1.0,1.5005574705631477,0.5686625244058299,1.2910678340018263e-41,2.2413251251729442,1.5719703560146312,0.36363636363636365,0.32,25,22
3338,5,MTF1,3338,1.0,1.5005574705631477,0.5126279816143954,7.428904745675375e-33,5.802839980092845,6.453597756897105,0.36363636363636365,0.32,25,22
3332,5,MTF1,3332,1.0,1.5005574705631477,0.31287180152516036,3.92595105736569e-12,3.112817490794575,2.4358038305270475,0.36363636363636365,0.32,25,22
3324,5,MTF1,3324,1.0,1.5005574705631477,0.5068327076984158,4.8636726885313186e-32,3.956857439935568,3.5170355737205417,0.36363636363636365,0.32,25,22
3333,5,MTF1,3333,1.0,1.5005574705631477,0.5827317249926389,4.3435342880257915e-44,2.2723235055803626,1.5774873898365616,0.36363636363636365,0.32,25,22
6076,5,ONECUT2,6076,1.0,1.441516226480333,0.1797559488550245,8.906368484975966e-05,2.359538356679178,1.6224623366011444,1.0,0.5,2,1
3970,5,TBX1,3970,-1.0,2.5922115279820175,-0.22590837994900254,7.472943386720362e-07,3.3232446221351832,2.749134696994206,1.0,0.8235294117647058,17,14
3977,5,TBX1,3977,-1.0,2.5922115279820175,0.19818813788579137,1.5034555594370734e-05,-2.192650067304768,1.4757058060899646,1.0,0.8235294117647058,17,14
3978,5,TBX1,3978,-1.0,2.5922115279820175,-0.23685930415645196,2.0425229233156604e-07,3.1194977951424443,2.4772996112462025,1.0,0.8235294117647058,17,14
3976,5,TBX1,3976,-1.0,2.5922115279820175,-0.2480223211796474,5.093025370562078e-08,3.226208684008544,2.5914079150128875,1.0,0.8235294117647058,17,14
3971,5,TBX1,3971,-1.0,2.5922115279820175,0.2763066029926353,1.1063848219162909e-09,-5.872621104067645,6.144667102287663,1.0,0.8235294117647058,17,14
3975,5,TBX1,3975,-1.0,2.5922115279820175,0.4729336337308119,1.4453715420220996e-27,-2.674943749117531,1.98954294430582,1.0,0.8235294117647058,17,14
3968,5,TBX1,3968,-1.0,2.5922115279820175,-0.26586840016428637,4.792230848833597e-09,2.8790060686408943,2.2005042153414767,1.0,0.8235294117647058,17,14
3969,5,TBX1,3969,-1.0,2.5922115279820175,-0.1698465274424982,0.00021620185562028175,2.8452484068957444,2.1400144273603674,1.0,0.8235294117647058,17,14
3967,5,TBX1,3967,-1.0,2.5922115279820175,-0.2001914036528265,1.2264468222872608e-05,3.8607481021352936,3.3985397355642655,1.0,0.8235294117647058,17,14
3965,5,TBX1,3965,-1.0,2.5922115279820175,0.5133067437136576,5.947297208750793e-33,-7.107594825441973,8.008435970624499,1.0,0.8235294117647058,17,14
3974,5,TBX1,3974,-1.0,2.5922115279820175,-0.1631142275848651,0.0003843202913863506,2.1215742004874745,1.3898001774070052,1.0,0.8235294117647058,17,14
3972,5,TBX1,3972,-1.0,2.5922115279820175,-0.17968728734736436,8.962752010359836e-05,3.64420024375534,3.0851914669193334,1.0,0.8235294117647058,17,14
3980,5,TBX1,3980,-1.0,2.5922115279820175,0.46759975947411103,6.597870433058111e-27,-3.918332120884207,3.543614129025999,1.0,0.8235294117647058,17,14
3964,5,TBX1,3964,-1.0,2.5922115279820175,0.5483474820047096,3.012015270927491e-38,-3.3696835987173355,2.884658049030119,1.0,0.8235294117647058,17,14
1832,5,MAFG,1832,1.0,1.6183676052713063,0.17286924138720183,0.00016579939921447097,4.625041812440484,4.479746663444224,0.8571428571428571,0.631578947368421,19,14
1839,5,MAFG,1839,1.0,1.6183676052713063,0.22417452165729349,9.122987709187432e-07,2.4147913801354655,1.6840931227273037,0.8571428571428571,0.631578947368421,19,14
1831,5,MAFG,1831,1.0,1.6183676052713063,0.2211088286906513,1.2931510778424982e-06,3.822021405795073,3.5192615237288174,0.8571428571428571,0.631578947368421,19,14
1838,5,MAFG,1838,1.0,1.6183676052713063,0.3107343463889775,5.582770788522893e-12,3.192411882424102,2.64672267047044,0.8571428571428571,0.631578947368421,19,14
1836,5,MAFG,1836,1.0,1.6183676052713063,0.3245171351536127,5.483416184441006e-13,5.493589063911559,5.651912466176842,0.8571428571428571,0.631578947368421,19,14
1835,5,MAFG,1835,1.0,1.6183676052713063,0.2682078543067676,3.469036754123117e-09,3.880246132395684,3.4251755897293523,0.8571428571428571,0.631578947368421,19,14
1830,5,MAFG,1830,1.0,1.6183676052713063,0.27423094004740595,1.4882234716757285e-09,2.26477083644862,1.5220566726687867,0.8571428571428571,0.631578947368421,19,14
1823,5,MAFG,1823,1.0,1.6183676052713063,0.430350348811573,1.3018159171268185e-22,3.3926719958159577,2.767975823853181,0.8571428571428571,0.631578947368421,19,14
1826,5,MAFG,1826,1.0,1.6183676052713063,0.43152454481700653,9.707151599510952e-23,3.06564689155362,2.400789489689898,0.8571428571428571,0.631578947368421,19,14
1827,5,MAFG,1827,1.0,1.6183676052713063,0.37916585157383476,1.617952734249127e-17,2.6496352156528187,1.9341906781594411,0.8571428571428571,0.631578947368421,19,14
1828,5,MAFG,1828,1.0,1.6183676052713063,0.36821031042106184,1.5435705120014648e-16,2.968193417129963,2.296022658338176,0.8571428571428571,0.631578947368421,19,14
1829,5,MAFG,1829,1.0,1.6183676052713063,0.32328353007772015,6.782249270166146e-13,2.180711933175619,1.4587843108550247,0.8571428571428571,0.631578947368421,19,14
6138,5,ONECUT1,6138,1.0,1.682744410134099,0.18085746267636826,8.04626034038789e-05,2.8630109786754327,2.1864507842815946,1.0,0.6666666666666666,3,2
6139,5,ONECUT1,6139,1.0,1.682744410134099,0.34512929907121154,1.3589498461806005e-14,2.096799339806316,1.36450003019552,1.0,0.6666666666666666,3,2
6021,5,SPIB,6021,1.0,1.4845883806126388,0.3357270719563471,7.597091932167311e-14,2.154038521635397,1.4211751920464155,0.09090909090909091,0.04,25,11
878,5,ETV6,878,1.0,1.3613151623282738,0.3519598491772451,3.7511185680082315e-15,3.1192278015329253,2.6090105811182256,0.2222222222222222,0.16,25,18
890,5,ETV6,890,1.0,1.3613151623282738,0.08420790747441814,0.06815760407809829,3.7823274495978128,3.2530976854252325,0.2222222222222222,0.16,25,18
894,5,ETV6,894,1.0,1.3613151623282738,0.28657045826180505,2.461427087334004e-10,2.3755199285129467,1.6375446133987137,0.2222222222222222,0.16,25,18
893,5,ETV6,893,1.0,1.3613151623282738,0.18451573083414557,5.7179487862102214e-05,4.897140913838197,4.917584384983558,0.2222222222222222,0.16,25,18
6271,5,FOXG1,6271,-1.0,3.4788063694764997,0.254245503738788,2.2793482108151164e-08,-3.1382799385950206,2.6074067600254565,0.75,0.5,6,4
6270,5,FOXG1,6270,-1.0,3.4788063694764997,-0.09381528172323686,0.04205894389149389,4.1800515248824786,3.7778300842041745,0.75,0.5,6,4
6275,5,FOXG1,6275,-1.0,3.4788063694764997,-0.16209615751949577,0.00041845375864212313,5.324325609812952,5.385855932953966,0.75,0.5,6,4
4874,5,IRF4,4874,1.0,1.4478996629773213,0.40787175962674005,2.8880451289414845e-20,2.428286239216147,1.6935780327866525,1.0,0.6,15,9
4872,5,IRF4,4872,1.0,1.4478996629773213,-0.31768647903301916,1.7578861310299248e-12,-4.935691284802777,5.502805624211881,1.0,0.6,15,9
4885,5,IRF4,4885,1.0,1.4478996629773213,0.46289056912791476,2.4662798962777714e-26,5.080685523313337,4.917387097041135,1.0,0.6,15,9
4880,5,IRF4,4880,1.0,1.4478996629773213,0.4270259836665511,2.9697151317950624e-22,3.1204178453575477,2.484665310362552,1.0,0.6,15,9
4878,5,IRF4,4878,1.0,1.4478996629773213,0.5526632225201987,6.062138368695143e-39,3.403880947158885,2.805278091760399,1.0,0.6,15,9
4886,5,IRF4,4886,1.0,1.4478996629773213,0.2618878387956834,8.245281002761257e-09,4.307869375414582,3.947867451246048,1.0,0.6,15,9
4875,5,IRF4,4875,1.0,1.4478996629773213,0.14751555370496175,0.0013407683785042958,3.5837286076929478,3.0993478766392144,1.0,0.6,15,9
4873,5,IRF4,4873,1.0,1.4478996629773213,0.08875767138404354,0.05449347691800626,4.8364605577364035,4.7195963014666,1.0,0.6,15,9
4877,5,IRF4,4877,1.0,1.4478996629773213,-0.35651007541426705,1.5636526776578457e-15,-6.787459264859234,7.660466917181802,1.0,0.6,15,9
3487,5,SIX4,3487,-1.0,2.072223377433814,-0.235015990315859,2.5523688612512464e-07,6.683400304021864,7.7183505363696225,0.5,0.5,2,2
1049,5,SP1,1049,1.0,1.34786684480036,0.2962367994692482,5.6463810328581724e-11,5.37073766688249,5.538695799772355,0.2857142857142857,0.24,25,21
1063,5,SP1,1063,1.0,1.34786684480036,0.019063087751762558,0.6801819435349626,2.659002432605804,1.9294518636741118,0.2857142857142857,0.24,25,21
1055,5,SP1,1055,1.0,1.34786684480036,-0.07040835934165736,0.12744767448712513,-4.47724947538393,4.135924560839534,0.2857142857142857,0.24,25,21
1046,5,SP1,1046,1.0,1.34786684480036,0.25688094867270145,1.6111208292845602e-08,2.143193046581105,1.4149500616603743,0.2857142857142857,0.24,25,21
1040,5,SP1,1040,1.0,1.34786684480036,0.6268369495522793,1.1137748007286209e-52,2.4238934225635003,1.7678733817588692,0.2857142857142857,0.24,25,21
1052,5,SP1,1052,1.0,1.34786684480036,0.17387318532884918,0.00015165888910854592,3.837877491774376,3.316074707958386,0.2857142857142857,0.24,25,21
4835,5,JDP2,4835,-1.0,2.1606864048065115,0.3305790563955628,1.9021016233722977e-13,-2.759495302016009,2.0674238214132585,0.9333333333333333,0.6363636363636364,22,15
4820,5,JDP2,4820,-1.0,2.1606864048065115,-0.1611438095372941,0.00045291888036567464,2.6410849397445904,1.9164253910094338,0.9333333333333333,0.6363636363636364,22,15
4828,5,JDP2,4828,-1.0,2.1606864048065115,0.4164490886515673,3.856380814091314e-21,-6.800872532394463,7.8127678757738925,0.9333333333333333,0.6363636363636364,22,15
4831,5,JDP2,4831,-1.0,2.1606864048065115,0.3721502644946141,6.926694440520424e-17,-3.6859786279473394,3.3083036105973656,0.9333333333333333,0.6363636363636364,22,15
4822,5,JDP2,4822,-1.0,2.1606864048065115,-0.31423901921866093,3.129626341251141e-12,4.346954095529821,3.9799739335026634,0.9333333333333333,0.6363636363636364,22,15
4824,5,JDP2,4824,-1.0,2.1606864048065115,0.32551634023944526,4.612773943670327e-13,-3.5153914965220303,2.951020776534046,0.9333333333333333,0.6363636363636364,22,15
4819,5,JDP2,4819,-1.0,2.1606864048065115,0.2851780437251915,3.029063857372736e-10,-3.612332161606028,3.323674254068768,0.9333333333333333,0.6363636363636364,22,15
4830,5,JDP2,4830,-1.0,2.1606864048065115,-0.26527034161082386,5.202288790131918e-09,4.418901262546603,4.08507420013539,0.9333333333333333,0.6363636363636364,22,15
4837,5,JDP2,4837,-1.0,2.1606864048065115,0.29057768097155795,1.3460081485804445e-10,-2.0294344907150483,1.306290385643285,0.9333333333333333,0.6363636363636364,22,15
4821,5,JDP2,4821,-1.0,2.1606864048065115,0.43162336729802303,9.469825905429036e-23,-5.784355297652895,6.096329545487827,0.9333333333333333,0.6363636363636364,22,15
4823,5,JDP2,4823,-1.0,2.1606864048065115,-0.09651286671592381,0.03646871739698352,6.125060844415666,6.349572355639321,0.9333333333333333,0.6363636363636364,22,15
4836,5,JDP2,4836,-1.0,2.1606864048065115,-0.26569071279615325,4.910670601340977e-09,5.387274977293888,5.504356523735366,0.9333333333333333,0.6363636363636364,22,15
4833,5,JDP2,4833,-1.0,2.1606864048065115,0.4594144450149694,6.442766444796892e-26,-3.276203399200031,2.6262032873086256,0.9333333333333333,0.6363636363636364,22,15
4834,5,JDP2,4834,-1.0,2.1606864048065115,0.38257493821427785,7.879579095464152e-18,-2.8608599834048594,2.175907667666426,0.9333333333333333,0.6363636363636364,22,15
1887,5,NR2F2,1887,-1.0,1.4673364466927694,0.4951919973439292,1.9038812457431465e-30,-2.139028872955887,1.4345120120118513,0.75,0.42857142857142855,7,4
1886,5,NR2F2,1886,-1.0,1.4673364466927694,-0.4043636193415823,6.471896031876073e-20,7.545881967792075,9.460458875124134,0.75,0.42857142857142855,7,4
1888,5,NR2F2,1888,-1.0,1.4673364466927694,-0.17465532770199302,0.00014143532062796076,2.7293882349561254,2.0086924236925245,0.75,0.42857142857142855,7,4
4440,5,GLI2,4440,-1.0,4.847489104268368,-0.2387326981551895,1.625528534652926e-07,8.086955770953459,10.987128726636522,1.0,0.75,4,3
4441,5,GLI2,4441,-1.0,4.847489104268368,0.5521490148279672,7.347041688114067e-39,-3.4550409855306388,2.8876378890779963,1.0,0.75,4,3
4442,5,GLI2,4442,-1.0,4.847489104268368,-0.23818599599295065,1.7378837616732396e-07,4.341956811605905,4.0237702184612045,1.0,0.75,4,3
2006,5,NFKB1,2006,1.0,1.3484636127112668,0.2570217273649564,1.5813633169151448e-08,2.6767891119647467,1.9781610704459835,0.15384615384615385,0.08,25,13
2012,5,NFKB1,2012,1.0,1.3484636127112668,0.1336858387095749,0.0036893914131649035,3.7804100899686506,3.2539198982563606,0.15384615384615385,0.08,25,13
4488,5,CNOT3,4488,1.0,8.797451895037145,0.34308455014532974,1.985707485666579e-14,8.421707144477162,11.721991143876936,1.0,0.25,8,2
4489,5,CNOT3,4489,1.0,8.797451895037145,0.43662910160251356,2.6740911735286776e-23,4.8920723519545835,4.909800712471839,1.0,0.25,8,2
6289,5,LHX8,6289,-1.0,3.3704121977428407,0.25218523506240154,2.981521208480965e-08,-5.140482146976798,5.339904546352838,1.0,1.0,3,3
6290,5,LHX8,6290,-1.0,3.3704121977428407,0.12798494011937944,0.005457779585608853,-3.9837126925060646,3.5082602788714174,1.0,1.0,3,3
6288,5,LHX8,6288,-1.0,3.3704121977428407,0.21417138001329375,2.796390343913322e-06,-5.690489064343404,5.988825118851802,1.0,1.0,3,3
527,5,ZNF740,527,1.0,1.4919621220542378,0.239557078795903,1.469239696064889e-07,2.4978580381606235,1.8023991888427495,0.14285714285714285,0.06666666666666667,15,7
3428,5,THRB,3428,-1.0,6.077276973510772,-0.5117908222810599,9.767317322968619e-33,3.4748792879891206,2.8808519946064197,0.9411764705882353,0.7619047619047619,21,17
3432,5,THRB,3432,-1.0,6.077276973510772,-0.14335899924611742,0.001834580168897803,2.1215874493094575,1.3919092319753348,0.9411764705882353,0.7619047619047619,21,17
3442,5,THRB,3442,-1.0,6.077276973510772,0.3881618180562543,2.3793121147131958e-18,-2.6900613411181173,1.985812364615651,0.9411764705882353,0.7619047619047619,21,17
3436,5,THRB,3436,-1.0,6.077276973510772,0.3383044316103644,4.767323872688578e-14,-3.6422732440091097,3.17143182659029,0.9411764705882353,0.7619047619047619,21,17
3427,5,THRB,3427,-1.0,6.077276973510772,-0.2856734275306141,2.813860268042203e-10,6.020146395500115,6.3143856183169085,0.9411764705882353,0.7619047619047619,21,17
3433,5,THRB,3433,-1.0,6.077276973510772,-0.2552217712282681,2.0053415759939194e-08,6.152690390885418,6.364897126504704,0.9411764705882353,0.7619047619047619,21,17
3430,5,THRB,3430,-1.0,6.077276973510772,-0.31121482013586077,5.159242550854413e-12,4.411376551395105,4.060184422391469,0.9411764705882353,0.7619047619047619,21,17
3424,5,THRB,3424,-1.0,6.077276973510772,0.22619558587139038,7.228904259816617e-07,-2.512672561313945,1.8231165998252044,0.9411764705882353,0.7619047619047619,21,17
3431,5,THRB,3431,-1.0,6.077276973510772,-0.28789467950742487,2.0184497150907265e-10,4.977813539795366,4.876209269928083,0.9411764705882353,0.7619047619047619,21,17
3425,5,THRB,3425,-1.0,6.077276973510772,0.5940723848667531,3.5885617569187844e-46,-3.8798548473805803,3.557373071630123,0.9411764705882353,0.7619047619047619,21,17
3426,5,THRB,3426,-1.0,6.077276973510772,-0.37800957075501823,2.0611736965450112e-17,7.184823974524046,8.824055405965348,0.9411764705882353,0.7619047619047619,21,17
3434,5,THRB,3434,-1.0,6.077276973510772,0.453428807793453,3.2813559596436057e-25,-5.547851890031852,5.781312549819467,0.9411764705882353,0.7619047619047619,21,17
3440,5,THRB,3440,-1.0,6.077276973510772,0.5229694364026769,2.372672998818557e-34,-2.52704398109239,1.7951836385815954,0.9411764705882353,0.7619047619047619,21,17
3423,5,THRB,3423,-1.0,6.077276973510772,-0.41996716897575126,1.6602837297114867e-21,8.375212768582498,11.387515490975307,0.9411764705882353,0.7619047619047619,21,17
3438,5,THRB,3438,-1.0,6.077276973510772,-0.4674991641987535,6.787804468469578e-27,6.858870143181782,7.6814442240238705,0.9411764705882353,0.7619047619047619,21,17
3429,5,THRB,3429,-1.0,6.077276973510772,0.5173360926573453,1.571617455634619e-33,-6.616551892010691,7.23909828787241,0.9411764705882353,0.7619047619047619,21,17
1123,5,E2F3,1123,1.0,1.3916109275992645,0.42199089157237846,1.0178572499668014e-21,2.488597222697283,1.8363293603422262,0.6666666666666666,0.6666666666666666,3,3
1125,5,E2F3,1125,1.0,1.3916109275992645,0.4801764125763455,1.7611945869907699e-28,2.1763873383995778,1.4451705502221734,0.6666666666666666,0.6666666666666666,3,3
196,5,ALX3,196,1.0,1.366763833990776,0.2647828173711429,5.5615495814833535e-09,4.769183197967267,4.655505567022932,0.3,0.14285714285714285,21,10
191,5,ALX3,191,1.0,1.366763833990776,0.32217625596293986,8.201318754043689e-13,2.507539582276146,1.7805438497125516,0.3,0.14285714285714285,21,10
198,5,ALX3,198,1.0,1.366763833990776,0.344256087768233,1.5984227323134543e-14,2.6883619182430496,1.9895457782493478,0.3,0.14285714285714285,21,10
2583,5,SOX11,2583,1.0,1.5041632622467676,0.08924916721184788,0.05316433265942302,5.813420456856108,5.935071089601907,0.1875,0.12,25,16
2579,5,SOX11,2579,1.0,1.5041632622467676,0.24865703832374664,4.696662298944036e-08,2.14469170509165,1.474002746153744,0.1875,0.12,25,16
2595,5,SOX11,2595,1.0,1.5041632622467676,0.14103156203489037,0.0021790231398344804,2.900076785496258,2.248801568510956,0.1875,0.12,25,16
3057,5,EWSR1,3057,1.0,1.4946126905287387,0.029409628141406303,0.5247599010879217,2.060210639343727,1.342691162276533,0.3076923076923077,0.16,25,13
3059,5,EWSR1,3059,1.0,1.4946126905287387,0.09885062519666975,0.03214732946042892,3.38554110266149,2.7536197477035373,0.3076923076923077,0.16,25,13
3048,5,EWSR1,3048,1.0,1.4946126905287387,0.26576826821692756,4.8586299756270846e-09,6.318675846107966,6.650476032938657,0.3076923076923077,0.16,25,13
3046,5,EWSR1,3046,1.0,1.4946126905287387,0.3851889373144731,4.512536299288586e-18,4.064541549444841,3.7707555368071977,0.3076923076923077,0.16,25,13
4030,5,GRHL1,4030,-1.0,2.441778565695288,0.12776608314206947,0.005538807053690016,-5.765901286306397,6.030188779390485,1.0,1.0,2,2
4029,5,GRHL1,4029,-1.0,2.441778565695288,0.4836104648962033,6.378027084705798e-29,-2.770322220491147,2.1140237380254603,1.0,1.0,2,2
2833,5,HDX,2833,1.0,1.789276276920286,0.03613348767748643,0.434493991920643,5.199360389924487,5.10228010500133,0.2222222222222222,0.10526315789473684,19,9
2830,5,HDX,2830,1.0,1.789276276920286,0.018244595414249554,0.6932023299035686,2.651062949326594,1.9220690127952855,0.2222222222222222,0.10526315789473684,19,9
4301,5,SOX12,4301,1.0,7.634020384525512,-0.21924403113659438,1.594996468743445e-06,-2.70906332911259,2.0803868090626456,0.8461538461538461,0.44,25,13
4305,5,SOX12,4305,1.0,7.634020384525512,0.1426502513471787,0.001933783642009184,4.346373870385083,4.0514231585242815,0.8461538461538461,0.44,25,13
4302,5,SOX12,4302,1.0,7.634020384525512,0.26874114895870876,3.2212940988773432e-09,5.143395005621608,5.145251902001643,0.8461538461538461,0.44,25,13
4306,5,SOX12,4306,1.0,7.634020384525512,0.1664750223289685,0.0002891772569861844,4.06809820746122,3.600321360439906,0.8461538461538461,0.44,25,13
4316,5,SOX12,4316,1.0,7.634020384525512,-0.30087983793113116,2.728888785430384e-11,-3.8528559394560253,3.3736236715761287,0.8461538461538461,0.44,25,13
4296,5,SOX12,4296,1.0,7.634020384525512,0.3484702019879501,7.268950309573367e-15,9.12705571797801,12.854724386960562,0.8461538461538461,0.44,25,13
4313,5,SOX12,4313,1.0,7.634020384525512,-0.19475027241197074,2.1223108984886633e-05,-3.1293056580967513,2.5060053279032575,0.8461538461538461,0.44,25,13
4297,5,SOX12,4297,1.0,7.634020384525512,0.41780301443241663,2.791494737015274e-21,6.041454096818902,6.235236915937519,0.8461538461538461,0.44,25,13
4314,5,SOX12,4314,1.0,7.634020384525512,-0.21727682806419768,1.986162698070416e-06,-4.437971166147209,4.385133104363561,0.8461538461538461,0.44,25,13
4310,5,SOX12,4310,1.0,7.634020384525512,-0.1670136337459702,0.0002761511681646957,-3.051853992588425,2.3997141036931278,0.8461538461538461,0.44,25,13
4299,5,SOX12,4299,1.0,7.634020384525512,0.15836510630207146,0.0005691590456187702,2.3791336220053974,1.6391200439184275,0.8461538461538461,0.44,25,13
151,5,ESR1,151,1.0,1.3655591004021195,0.28030950507563246,6.20191724720729e-10,2.4038594708888854,1.692331733756736,0.2,0.14285714285714285,21,15
156,5,ESR1,156,1.0,1.3655591004021195,0.3438968593810997,1.708541676195468e-14,3.4839399503603854,2.964508153014376,0.2,0.14285714285714285,21,15
148,5,ESR1,148,1.0,1.3655591004021195,0.2896771827848927,1.5428215058165942e-10,2.9118675424869096,2.230553117252302,0.2,0.14285714285714285,21,15
5021,5,C10orf90,5021,1.0,3.08388576656581,0.31748351730592583,1.8189809073257255e-12,2.800505683836417,2.112966806607493,1.0,0.625,16,10
5018,5,C10orf90,5018,1.0,3.08388576656581,-0.35158975609629245,4.025324301444573e-15,-6.553798680315695,7.223404604976355,1.0,0.625,16,10
5030,5,C10orf90,5030,1.0,3.08388576656581,-0.2129796104949475,3.184489565304778e-06,-2.777753397387004,2.0854357007128415,1.0,0.625,16,10
5029,5,C10orf90,5029,1.0,3.08388576656581,-0.3606565742522361,6.957843313938164e-16,-3.840399061124648,3.382466216295466,1.0,0.625,16,10
5028,5,C10orf90,5028,1.0,3.08388576656581,0.13389573534761678,0.003635549240439329,5.291225337940823,5.401925027130445,1.0,0.625,16,10
5017,5,C10orf90,5017,1.0,3.08388576656581,-0.3168925473112628,2.008938617747228e-12,-6.144477625933724,7.454162653823105,1.0,0.625,16,10
5032,5,C10orf90,5032,1.0,3.08388576656581,-0.2648751672686073,5.491698546425167e-09,-4.30591513796624,3.957902573546932,1.0,0.625,16,10
5024,5,C10orf90,5024,1.0,3.08388576656581,-0.2771566633947372,9.791763557997173e-10,-2.751988417568614,2.052081107533503,1.0,0.625,16,10
5020,5,C10orf90,5020,1.0,3.08388576656581,-0.3451516159353852,1.3533154835803716e-14,-5.177451857187231,5.120174500500176,1.0,0.625,16,10
5019,5,C10orf90,5019,1.0,3.08388576656581,-0.27414876135266597,1.5057185155998302e-09,-5.981540036944788,6.872316517162332,1.0,0.625,16,10
3227,5,TCF3,3227,1.0,1.329533807930225,0.16376971356795106,0.0003637356084374845,2.6803130294127033,1.9521130457595022,0.5,0.4,25,20
3224,5,TCF3,3224,1.0,1.329533807930225,0.18876844939147608,3.811969911872246e-05,3.5794526278228123,3.001198429962915,0.5,0.4,25,20
3221,5,TCF3,3221,1.0,1.329533807930225,0.19461353908443577,2.151344998679767e-05,5.770763152140312,6.053491979569141,0.5,0.4,25,20
3222,5,TCF3,3222,1.0,1.329533807930225,0.1464386776165058,0.0014553686227247063,4.776095170330083,4.560006785899623,0.5,0.4,25,20
3211,5,TCF3,3211,1.0,1.329533807930225,0.26920497891931555,3.019853923064138e-09,2.2583000553049843,1.5913952552422128,0.5,0.4,25,20
3214,5,TCF3,3214,1.0,1.329533807930225,0.38282251453514,7.47597910259252e-18,6.720007668730761,7.259906827108703,0.5,0.4,25,20
3213,5,TCF3,3213,1.0,1.329533807930225,0.24592274913739826,6.647879815471554e-08,5.686854698205187,6.117082660777333,0.5,0.4,25,20
3231,5,TCF3,3231,1.0,1.329533807930225,0.29223628050674555,1.0455265174515357e-10,3.5605539733843172,3.054925786706802,0.5,0.4,25,20
3226,5,TCF3,3226,1.0,1.329533807930225,0.2336781236211447,2.996991719731948e-07,5.683670560271295,5.945084753762092,0.5,0.4,25,20
3223,5,TCF3,3223,1.0,1.329533807930225,0.11844047722589693,0.010171537506295906,4.769252885254344,4.52439344889111,0.5,0.4,25,20
3304,5,BACH2,3304,1.0,1.4048975908784773,0.42400005085601367,6.241570848304019e-22,2.360908106886448,1.7061640204985706,0.3333333333333333,0.2,5,3
3565,5,ATF2,3565,1.0,1.446031947082974,-0.11170714102228102,0.015397506462364093,-5.054225312115696,5.064734303037991,0.5714285714285714,0.3333333333333333,12,7
3562,5,ATF2,3562,1.0,1.446031947082974,0.3165718076798938,2.120018090328357e-12,5.934654083831275,6.393907754270545,0.5714285714285714,0.3333333333333333,12,7
3558,5,ATF2,3558,1.0,1.446031947082974,0.7878786425258566,1.372185075730628e-100,2.9784635261177663,2.4292933137979507,0.5714285714285714,0.3333333333333333,12,7
3568,5,ATF2,3568,1.0,1.446031947082974,0.6147564502618075,3.431599703629591e-50,2.439381703151779,1.7316207660142149,0.5714285714285714,0.3333333333333333,12,7
4095,5,ERF,4095,1.0,1.6330294202805866,0.34561232518606516,1.2419874723311414e-14,4.248614106779109,3.851529332963792,1.0,0.8571428571428571,7,6
4093,5,ERF,4093,1.0,1.6330294202805866,0.37467965768123745,4.117089621116368e-17,5.040680575893856,4.877629857531164,1.0,0.8571428571428571,7,6
4094,5,ERF,4094,1.0,1.6330294202805866,0.3930679208067845,8.156380773187501e-19,4.304902062972768,3.899309545065896,1.0,0.8571428571428571,7,6
4096,5,ERF,4096,1.0,1.6330294202805866,0.4182238479451426,2.5239738615175735e-21,4.773201041460326,4.548914087012155,1.0,0.8571428571428571,7,6
4092,5,ERF,4092,1.0,1.6330294202805866,0.28461099917330085,3.295089143811969e-10,7.724494499667128,9.594636272731288,1.0,0.8571428571428571,7,6
4098,5,ERF,4098,1.0,1.6330294202805866,0.38203632679727617,8.833120836389946e-18,2.160494741771411,1.4271109191722477,1.0,0.8571428571428571,7,6
5718,5,NFATC4,5718,-1.0,1.8351905661457055,0.21055181375371998,4.140278584969329e-06,-7.614592075044536,9.184599770422503,0.7142857142857143,0.35714285714285715,14,7
5716,5,NFATC4,5716,-1.0,1.8351905661457055,0.2123916456283622,3.3944366980120855e-06,-5.7525908457389585,6.0220689055259475,0.7142857142857143,0.35714285714285715,14,7
5724,5,NFATC4,5724,-1.0,1.8351905661457055,0.2103569427560666,4.227870241237682e-06,-2.1016812556893325,1.3746896461081075,0.7142857142857143,0.35714285714285715,14,7
5717,5,NFATC4,5717,-1.0,1.8351905661457055,-0.1884096833317393,3.9459909894863505e-05,3.194799948328435,2.54923046877442,0.7142857142857143,0.35714285714285715,14,7
5722,5,NFATC4,5722,-1.0,1.8351905661457055,0.23078094899055152,4.229444117410087e-07,-2.473766255358725,1.734729009832951,0.7142857142857143,0.35714285714285715,14,7
2577,5,GMEB1,2577,1.0,1.4877095719426514,0.5103956337800669,1.5385735707474678e-32,2.0981271211446675,1.4195340832854895,0.5,0.5,2,2
6173,5,HOXB13,6173,1.0,1.4511444117400656,0.2902541601967312,1.4137249559511597e-10,2.5999165719637944,1.8880261349964933,0.5,0.125,8,2
1574,5,SOX5,1574,1.0,1.3818409964679246,0.32313639438376246,6.955962725904544e-13,2.5170611872103787,1.7957012115214666,0.3888888888888889,0.28,25,18
1575,5,SOX5,1575,1.0,1.3818409964679246,0.031035633595135854,0.5020889548669398,5.218170189078589,5.241356305997968,0.3888888888888889,0.28,25,18
1591,5,SOX5,1591,1.0,1.3818409964679246,0.4435479466740024,4.497252528957643e-24,2.90295816713017,2.249014145750533,0.3888888888888889,0.28,25,18
1586,5,SOX5,1586,1.0,1.3818409964679246,0.5134958857196026,5.589348760666251e-33,2.9297996035788114,2.329853854617574,0.3888888888888889,0.28,25,18
1580,5,SOX5,1580,1.0,1.3818409964679246,0.31226037354319924,4.343199891603899e-12,2.4867895435007834,1.7812481717371516,0.3888888888888889,0.28,25,18
1594,5,SOX5,1594,1.0,1.3818409964679246,0.3858624327494235,3.905670754582457e-18,2.0409031820428987,1.3121060124460777,0.3888888888888889,0.28,25,18
1589,5,SOX5,1589,1.0,1.3818409964679246,0.3720838049313574,7.02159489140977e-17,2.2257024623022423,1.5228400312926393,0.3888888888888889,0.28,25,18
1098,5,BDP1,1098,1.0,1.6443419016117429,0.07121165319319421,0.12315170710667124,4.922092847762091,4.755413167665265,0.3333333333333333,0.29411764705882354,17,15
1085,5,BDP1,1085,1.0,1.6443419016117429,0.8202616715273652,1.2865389062695156e-115,2.9153803957116953,2.344632982631979,0.3333333333333333,0.29411764705882354,17,15
1089,5,BDP1,1089,1.0,1.6443419016117429,0.5337094174067999,5.841533621441615e-36,2.280523360407159,1.5440768353405914,0.3333333333333333,0.29411764705882354,17,15
1087,5,BDP1,1087,1.0,1.6443419016117429,-0.198398035570892,1.4718561770299584e-05,-2.8846102289890347,2.271048092438015,0.3333333333333333,0.29411764705882354,17,15
1094,5,BDP1,1094,1.0,1.6443419016117429,0.34670746320668555,1.012158168988397e-14,5.230406600246692,5.272786412178304,0.3333333333333333,0.29411764705882354,17,15
1528,5,SH2D1A,1528,1.0,1.3343536048765874,0.1744142269842884,0.00014451568771437807,3.423614343314093,3.009977867878142,0.16666666666666666,0.16666666666666666,6,6
5218,5,TLX2,5218,1.0,1.5959373650827158,0.08957537321656342,0.05229717002835435,2.364452499356563,1.641001139337115,0.07692307692307693,0.04,25,13
2541,5,VBP1,2541,1.0,1.4230623274451757,0.6754227044939091,6.75254920696674e-64,2.1867045465432198,1.5154768993579515,0.6,0.5,6,5
2545,5,VBP1,2545,1.0,1.4230623274451757,0.4611996066749675,3.9400712301785765e-26,4.086995860122059,3.653735973552143,0.6,0.5,6,5
2544,5,VBP1,2544,1.0,1.4230623274451757,0.03158071759568949,0.49460627457066,3.659399048942204,3.0749681270687885,0.6,0.5,6,5
4453,5,ZNF784,4453,1.0,2.9881306461999473,0.2988318431461842,3.766801237477898e-11,7.991318752540776,9.936157328803935,1.0,1.0,1,1
2533,5,KLF13,2533,-1.0,2.709119953935831,-0.23702548955414593,2.001717799660788e-07,7.647217868121679,9.715393914994616,0.4444444444444444,0.4,10,9
2532,5,KLF13,2532,-1.0,2.709119953935831,0.30484914979436545,1.4504978714218378e-11,-4.768772699163129,4.8482360980689725,0.4444444444444444,0.4,10,9
2536,5,KLF13,2536,-1.0,2.709119953935831,-0.10730197000593225,0.01997707623132977,4.437808198654764,4.184162779668194,0.4444444444444444,0.4,10,9
2539,5,KLF13,2539,-1.0,2.709119953935831,0.2003381924905895,1.2081846607684741e-05,-5.28634993189571,5.466580477530066,0.4444444444444444,0.4,10,9
2350,5,NFE2L2,2350,1.0,1.3307357952126246,0.0673152734767685,0.1450811926135171,3.042514537993918,2.3506774745256616,0.375,0.24,25,16
2352,5,NFE2L2,2352,1.0,1.3307357952126246,0.3691795798079666,1.2686943451235432e-16,2.8045610142133217,2.1059274007105446,0.375,0.24,25,16
2361,5,NFE2L2,2361,1.0,1.3307357952126246,0.35196655292449536,3.746324698527206e-15,2.4181759538328182,1.6881505713822984,0.375,0.24,25,16
2371,5,NFE2L2,2371,1.0,1.3307357952126246,0.0666720604862933,0.1489717211166934,2.7594767406542813,2.0353631295292285,0.375,0.24,25,16
2363,5,NFE2L2,2363,1.0,1.3307357952126246,0.28661380145523335,2.445533941777169e-10,2.8621781551771486,2.1732030109324434,0.375,0.24,25,16
2348,5,NFE2L2,2348,1.0,1.3307357952126246,0.5827239810087464,4.357503442283697e-44,2.1218004989783625,1.4461182823934333,0.375,0.24,25,16
3840,5,PRRX2,3840,-1.0,4.0185553497839575,0.21204085471621625,3.5259291713144453e-06,-2.823687089529571,2.2117950814588427,1.0,0.8,25,20
3827,5,PRRX2,3827,-1.0,4.0185553497839575,0.4887972003764502,1.345527289402992e-29,-2.8836308063608627,2.270051820496216,1.0,0.8,25,20
3851,5,PRRX2,3851,-1.0,4.0185553497839575,-0.36378491258111323,3.7475132608831633e-16,3.217954904355391,2.552620339137349,1.0,0.8,25,20
3839,5,PRRX2,3839,-1.0,4.0185553497839575,-0.2121051182243392,3.501481594123376e-06,2.0372952193228455,1.3254256375242965,1.0,0.8,25,20
3841,5,PRRX2,3841,-1.0,4.0185553497839575,0.2685503233257753,3.3079027020191125e-09,-2.0643269247449534,1.3622827887382194,1.0,0.8,25,20
3846,5,PRRX2,3846,-1.0,4.0185553497839575,0.14239782058865258,0.001970285839486736,-2.034214812791994,1.3053638495147177,1.0,0.8,25,20
3849,5,PRRX2,3849,-1.0,4.0185553497839575,0.23658130850789325,2.1125795116265505e-07,-4.158636829850179,3.792355873105185,1.0,0.8,25,20
3830,5,PRRX2,3830,-1.0,4.0185553497839575,0.2554076268416885,1.956920586484163e-08,-5.950823655179011,6.663463555383021,1.0,0.8,25,20
3842,5,PRRX2,3842,-1.0,4.0185553497839575,0.15449091830068098,0.0007778415227893143,-3.4419424918900896,2.919097414648746,1.0,0.8,25,20
3838,5,PRRX2,3838,-1.0,4.0185553497839575,0.23669977990326382,2.082445511213093e-07,-2.5656444403159564,1.85740040781138,1.0,0.8,25,20
3843,5,PRRX2,3843,-1.0,4.0185553497839575,0.2900493563391299,1.4582962594118498e-10,-2.3925420805501165,1.6620858277751476,1.0,0.8,25,20
3833,5,PRRX2,3833,-1.0,4.0185553497839575,0.26878090911481356,3.2035275245040312e-09,-5.0489698095819655,5.2995487736225675,1.0,0.8,25,20
3829,5,PRRX2,3829,-1.0,4.0185553497839575,-0.4031731262954198,8.491988159001551e-20,2.674625520983514,1.9611639504856704,1.0,0.8,25,20
3836,5,PRRX2,3836,-1.0,4.0185553497839575,0.20305043616255553,9.138789111175783e-06,-4.60139772628077,4.4529522998895485,1.0,0.8,25,20
3837,5,PRRX2,3837,-1.0,4.0185553497839575,-0.41404186547948707,6.825521812259924e-21,2.631678276280742,1.92494874657243,1.0,0.8,25,20
3831,5,PRRX2,3831,-1.0,4.0185553497839575,0.5681028770922844,1.6101934082660965e-41,-4.866584206931864,4.714155470664185,1.0,0.8,25,20
3844,5,PRRX2,3844,-1.0,4.0185553497839575,-0.32431093713474335,5.682144823506108e-13,2.33529171100338,1.5978572815304442,1.0,0.8,25,20
3828,5,PRRX2,3828,-1.0,4.0185553497839575,0.4131139743945751,8.495316343923901e-21,-6.8313647174443854,7.732305552607495,1.0,0.8,25,20
3834,5,PRRX2,3834,-1.0,4.0185553497839575,-0.3569595732255803,1.4330666292951664e-15,3.6408265401832933,3.1178889169775723,1.0,0.8,25,20
3845,5,PRRX2,3845,-1.0,4.0185553497839575,0.3652033330337838,2.8243778735945887e-16,-4.23389151209558,3.854099976561032,1.0,0.8,25,20
6134,5,ESR2,6134,1.0,2.277186674872827,0.25572200947135465,1.877578799996158e-08,4.1035942507020335,3.6834445232079545,1.0,1.0,2,2
6133,5,ESR2,6133,1.0,2.277186674872827,0.27413708758590266,1.508219897332545e-09,2.783090526640453,2.071810449393958,1.0,1.0,2,2
626,5,HOXC5,626,1.0,9.919824888996406,0.4016320735008096,1.205102581447401e-19,8.817965845267276,11.812338298654234,0.75,0.375,8,4
627,5,HOXC5,627,1.0,9.919824888996406,-0.20500665895928372,7.454640716808304e-06,-4.165668010618147,3.973493080355972,0.75,0.375,8,4
629,5,HOXC5,629,1.0,9.919824888996406,-0.21511105537497502,2.5227175298525357e-06,-3.707829697430072,3.2477741454572575,0.75,0.375,8,4
3982,5,NKX1-2,3982,-1.0,2.49072820060395,0.2658531075636975,4.8023143705244776e-09,-2.9247343775244627,2.3030745377284747,1.0,1.0,1,1
4027,5,ATOH1,4027,-1.0,3.5899970142507387,0.035141053227451924,0.4472270915303186,-2.9844719684212544,2.3875115029333482,1.0,1.0,2,2
4028,5,ATOH1,4028,-1.0,3.5899970142507387,0.07039680747474547,0.12751029006378406,-3.2985438419018824,2.6967208863385146,1.0,1.0,2,2
1524,5,OTX1,1524,1.0,4.084068642761243,0.21718303966922334,2.0069392743727607e-06,2.9303098535978265,2.2425179267067596,1.0,0.47368421052631576,19,9
1511,5,OTX1,1511,1.0,4.084068642761243,-0.3846667496351733,5.046082057419276e-18,-6.712320880465805,8.31368523618682,1.0,0.47368421052631576,19,9
1510,5,OTX1,1510,1.0,4.084068642761243,0.4448874375789372,3.1695246084136656e-24,7.315664935089017,8.927362697307972,1.0,0.47368421052631576,19,9
1512,5,OTX1,1512,1.0,4.084068642761243,-0.3734715491947139,5.281421353165828e-17,-6.053345629243583,6.550990155564039,1.0,0.47368421052631576,19,9
1517,5,OTX1,1517,1.0,4.084068642761243,-0.2738120215471158,1.5795171363382948e-09,-2.0329048458063297,1.312006658355654,1.0,0.47368421052631576,19,9
1515,5,OTX1,1515,1.0,4.084068642761243,-0.34877390337455394,6.864500590916323e-15,-6.69839521115772,7.724588501296052,1.0,0.47368421052631576,19,9
1520,5,OTX1,1520,1.0,4.084068642761243,-0.275114744606438,1.3121222781564686e-09,-4.615531337725094,4.667631246303563,1.0,0.47368421052631576,19,9
1527,5,OTX1,1527,1.0,4.084068642761243,0.17865816346388882,9.849164710883984e-05,2.2395049614904283,1.5057701877900431,1.0,0.47368421052631576,19,9
1513,5,OTX1,1513,1.0,4.084068642761243,0.29752421649301614,4.6214313949584554e-11,6.540998690375953,7.247092944857183,1.0,0.47368421052631576,19,9
2467,5,YY2,2467,1.0,1.3948742392382574,0.5458742914471455,7.469708036554052e-38,2.8405257113776927,2.2450577630997444,0.1111111111111111,0.1111111111111111,9,9
5601,5,SOX17,5601,-1.0,4.5694157927859385,0.2725679484019509,1.8838715949747807e-09,-5.11699204654196,5.488082258690042,1.0,0.8,25,20
5599,5,SOX17,5599,-1.0,4.5694157927859385,0.3028418398203165,1.9991223383229568e-11,-4.112820412225851,3.836958505150706,1.0,0.8,25,20
5603,5,SOX17,5603,-1.0,4.5694157927859385,0.5829404658121894,3.983277170286899e-44,-4.86753547066272,4.880069093601853,1.0,0.8,25,20
5608,5,SOX17,5608,-1.0,4.5694157927859385,-0.22465499540417677,8.63367724519191e-07,2.2379204340907304,1.5029114870804143,1.0,0.8,25,20
5604,5,SOX17,5604,-1.0,4.5694157927859385,0.3730385110052703,5.773112385639302e-17,-3.424252541686224,2.8616953862563173,1.0,0.8,25,20
5615,5,SOX17,5615,-1.0,4.5694157927859385,0.5458838847406242,7.443546970792853e-38,-3.896189891545658,3.5134201163209737,1.0,0.8,25,20
5605,5,SOX17,5605,-1.0,4.5694157927859385,-0.3201904442128313,1.150835242257426e-12,3.280904874834623,2.631380348591227,1.0,0.8,25,20
5617,5,SOX17,5617,-1.0,4.5694157927859385,0.7642043591116496,3.536152842716268e-91,-5.617765605243348,5.8437677464745414,1.0,0.8,25,20
5606,5,SOX17,5606,-1.0,4.5694157927859385,-0.34993312145254024,5.513922748885555e-15,4.569154157040802,4.493440548135409,1.0,0.8,25,20
5607,5,SOX17,5607,-1.0,4.5694157927859385,0.45900840597893355,7.202340799841334e-26,-3.5115133396085185,2.9248402000327793,1.0,0.8,25,20
5597,5,SOX17,5597,-1.0,4.5694157927859385,0.3628955102519656,4.47141850193373e-16,-6.327022157811508,6.995763044627675,1.0,0.8,25,20
5598,5,SOX17,5598,-1.0,4.5694157927859385,0.44220280511368787,6.380644095954083e-24,-6.734449469788739,7.729344148702934,1.0,0.8,25,20
5593,5,SOX17,5593,-1.0,4.5694157927859385,0.6517692258125477,3.534389252665532e-58,-7.056811890816915,8.057207042991546,1.0,0.8,25,20
5614,5,SOX17,5614,-1.0,4.5694157927859385,-0.24350350545300722,9.009605952698462e-08,3.312314087289554,2.6675117732974085,1.0,0.8,25,20
5596,5,SOX17,5596,-1.0,4.5694157927859385,-0.29699987083728363,5.014874623880062e-11,4.453053223188802,4.1770602531074115,1.0,0.8,25,20
5602,5,SOX17,5602,-1.0,4.5694157927859385,0.6766222129243047,3.351004856926659e-64,-6.871406345771678,7.839439575645002,1.0,0.8,25,20
5594,5,SOX17,5594,-1.0,4.5694157927859385,-0.31303939520641627,3.818596531560538e-12,2.62013700814429,1.9033959776891927,1.0,0.8,25,20
5611,5,SOX17,5611,-1.0,4.5694157927859385,-0.16564630047062043,0.00031034468779697464,2.168865406060048,1.4343690211296867,1.0,0.8,25,20
5595,5,SOX17,5595,-1.0,4.5694157927859385,0.6360899700671908,1.1619834198871675e-54,-5.548515048594863,5.786023106416453,1.0,0.8,25,20
5610,5,SOX17,5610,-1.0,4.5694157927859385,0.533606896306611,6.055598402271321e-36,-5.281623171860442,5.4260995568945285,1.0,0.8,25,20
1120,5,KLF4,1120,-1.0,2.4350781176186036,-0.15934165734547215,0.0005254710244439352,5.791327889475449,6.029728563749101,0.9285714285714286,0.6842105263157895,19,14
1106,5,KLF4,1106,-1.0,2.4350781176186036,0.36116374740627116,6.296621583525206e-16,-2.5105716326210565,1.827839947694558,0.9285714285714286,0.6842105263157895,19,14
1105,5,KLF4,1105,-1.0,2.4350781176186036,-0.20865835190107584,5.070044828249137e-06,9.522912773003775,14.172178426002175,0.9285714285714286,0.6842105263157895,19,14
1107,5,KLF4,1107,-1.0,2.4350781176186036,0.2834948252561366,3.886777558032836e-10,-2.543331944031105,1.8606548293580376,0.9285714285714286,0.6842105263157895,19,14
1114,5,KLF4,1114,-1.0,2.4350781176186036,-0.07734107423504322,0.09398152581045167,4.111324270590141,3.787751582989632,0.9285714285714286,0.6842105263157895,19,14
1115,5,KLF4,1115,-1.0,2.4350781176186036,0.20682221864560615,6.159751041253982e-06,-2.4598671880483995,1.7338872787269402,0.9285714285714286,0.6842105263157895,19,14
1118,5,KLF4,1118,-1.0,2.4350781176186036,-0.010841519658594336,0.8146592701555926,2.8780371295744005,2.1806429323190955,0.9285714285714286,0.6842105263157895,19,14
1112,5,KLF4,1112,-1.0,2.4350781176186036,-0.2153725015177342,2.4512527425615816e-06,5.479367811153867,5.727170525126612,0.9285714285714286,0.6842105263157895,19,14
1119,5,KLF4,1119,-1.0,2.4350781176186036,-0.10803545242058735,0.0191408354957654,4.303384731568532,3.969319148110813,0.9285714285714286,0.6842105263157895,19,14
1108,5,KLF4,1108,-1.0,2.4350781176186036,-0.2643154043732127,5.928514050030491e-09,6.4884489104227026,7.02714836887106,0.9285714285714286,0.6842105263157895,19,14
1111,5,KLF4,1111,-1.0,2.4350781176186036,0.26228682733892156,7.811941467335369e-09,-6.479208251818428,7.138253966352351,0.9285714285714286,0.6842105263157895,19,14
1110,5,KLF4,1110,-1.0,2.4350781176186036,-0.244049514108354,8.414544332385109e-08,6.412886949627248,6.918961995157321,0.9285714285714286,0.6842105263157895,19,14
1113,5,KLF4,1113,-1.0,2.4350781176186036,-0.20894730652393084,4.916285829836747e-06,3.93619037481457,3.519146917778895,0.9285714285714286,0.6842105263157895,19,14
6352,5,BARX1,6352,-1.0,2.012193180348186,0.06978126122436985,0.13088141380783444,-2.2791037930673643,1.5461423409784572,1.0,0.75,4,3
6349,5,BARX1,6349,-1.0,2.012193180348186,0.06913565108498917,0.13449079297487015,-5.162223505675939,5.413985522687246,1.0,0.75,4,3
6351,5,BARX1,6351,-1.0,2.012193180348186,0.0020311558219470367,0.9649704066449656,-3.2957560934927606,2.7085559213417265,1.0,0.75,4,3
3489,5,POLR3A,3489,1.0,1.4609794446495297,0.3202303199507853,1.143061002984461e-12,6.8994086478834955,7.457931237256625,0.75,0.6428571428571429,14,12
3492,5,POLR3A,3492,1.0,1.4609794446495297,0.21893415619904472,1.6512878850117674e-06,6.890500268411285,7.392315981474891,0.75,0.6428571428571429,14,12
3498,5,POLR3A,3498,1.0,1.4609794446495297,0.32878719098831444,2.6074759018516145e-13,3.7177878602896115,3.1816264511781234,0.75,0.6428571428571429,14,12
3501,5,POLR3A,3501,1.0,1.4609794446495297,0.2989526261785376,3.6961315610936346e-11,4.533426459015709,4.285795065005899,0.75,0.6428571428571429,14,12
3488,5,POLR3A,3488,1.0,1.4609794446495297,0.41042819896606264,1.5944775507086488e-20,3.0159392835955825,2.4696739527994334,0.75,0.6428571428571429,14,12
3493,5,POLR3A,3493,1.0,1.4609794446495297,0.4404244627827892,1.0108108309473141e-23,2.4284934375453906,1.69477328878974,0.75,0.6428571428571429,14,12
3495,5,POLR3A,3495,1.0,1.4609794446495297,0.23064317542637425,4.298814593119508e-07,4.018848974949512,3.5613502345383017,0.75,0.6428571428571429,14,12
3496,5,POLR3A,3496,1.0,1.4609794446495297,0.2096818291752282,4.545215120366149e-06,5.607611884244109,5.602183575210827,0.75,0.6428571428571429,14,12
3494,5,POLR3A,3494,1.0,1.4609794446495297,0.44953185016778163,9.308497009645982e-25,3.2167984681950257,2.585351615855261,0.75,0.6428571428571429,14,12
6079,5,CPEB1,6079,1.0,1.6098523689599082,0.2836655396473194,3.7900121535832716e-10,2.7263730996149627,2.0159674515931894,1.0,0.3333333333333333,3,1
1460,5,HOXD10,1460,-1.0,1.834324582487668,0.07871547569033376,0.08826672823655836,-3.173128594102575,2.5115460492366566,0.7894736842105263,0.625,24,19
1441,5,HOXD10,1441,-1.0,1.834324582487668,0.33039388713953133,1.96531166070354e-13,-3.8942649613448297,3.695960531044494,0.7894736842105263,0.625,24,19
1446,5,HOXD10,1446,-1.0,1.834324582487668,0.3149276112020612,2.7907164635652083e-12,-2.1356740114916453,1.4226938803744882,0.7894736842105263,0.625,24,19
1459,5,HOXD10,1459,-1.0,1.834324582487668,0.33439614954414953,9.647434269255177e-14,-3.9299584761524966,3.5836414249419226,0.7894736842105263,0.625,24,19
1461,5,HOXD10,1461,-1.0,1.834324582487668,0.28342766665249514,3.925500087565768e-10,-4.198949116169379,3.787552795042983,0.7894736842105263,0.625,24,19
1453,5,HOXD10,1453,-1.0,1.834324582487668,0.29734999650162697,4.7486955762786155e-11,-3.5678980876484374,3.1371106610346926,0.7894736842105263,0.625,24,19
1444,5,HOXD10,1444,-1.0,1.834324582487668,0.22251420836738,1.1027068854067727e-06,-4.78201953711374,4.581836493028242,0.7894736842105263,0.625,24,19
1452,5,HOXD10,1452,-1.0,1.834324582487668,-0.11216240121445131,0.014981373005601359,4.2177692574425345,3.832037476229727,0.7894736842105263,0.625,24,19
1458,5,HOXD10,1458,-1.0,1.834324582487668,-0.24711840747778213,5.7137264684170636e-08,2.486715551458805,1.7584627173105625,0.7894736842105263,0.625,24,19
1448,5,HOXD10,1448,-1.0,1.834324582487668,0.31884636551798173,1.4453798552231758e-12,-2.383266841130753,1.676454988050821,0.7894736842105263,0.625,24,19
1451,5,HOXD10,1451,-1.0,1.834324582487668,0.14876252281851776,0.0012184649989193056,-5.230869356310092,5.460118612031378,0.7894736842105263,0.625,24,19
1457,5,HOXD10,1457,-1.0,1.834324582487668,-0.23753115877569786,1.882329314776866e-07,2.714970067416463,2.010577369343262,0.7894736842105263,0.625,24,19
1443,5,HOXD10,1443,-1.0,1.834324582487668,0.21038582875309617,4.214775587753101e-06,-6.491710148228732,7.102728700964581,0.7894736842105263,0.625,24,19
1442,5,HOXD10,1442,-1.0,1.834324582487668,0.3130328733501275,3.822720026211238e-12,-6.265469760795576,7.141348303427957,0.7894736842105263,0.625,24,19
1449,5,HOXD10,1449,-1.0,1.834324582487668,-0.2389729880524591,1.578391055847348e-07,3.1163408081368282,2.4355540670109503,0.7894736842105263,0.625,24,19
3196,5,ID4,3196,1.0,1.4609604599726234,0.212608014849956,3.315683001209391e-06,2.6187144977183543,2.0219912782000216,0.5,0.5,2,2
2946,5,TCF7L2,2946,1.0,1.3175268520063756,0.26876380300114056,3.2111595967857504e-09,4.164659908205143,3.747297969692035,0.375,0.15789473684210525,19,8
2949,5,TCF7L2,2949,1.0,1.3175268520063756,0.028880378854185124,0.5322501948194538,3.3611655023145186,2.7327859722456753,0.375,0.15789473684210525,19,8
2959,5,TCF7L2,2959,1.0,1.3175268520063756,0.3474196785610985,8.856579109061688e-15,2.111339022203696,1.389348593740949,0.375,0.15789473684210525,19,8
533,5,KLF12,533,1.0,1.4192811891451256,0.6175776876175144,9.203781726598208e-51,2.845366531254458,2.2715517286131717,0.2,0.14285714285714285,7,5
1840,5,ZSCAN26,1840,1.0,1.3388909692852224,0.5462275095781234,6.564020082032254e-38,2.1144618821960885,1.4374640904360474,0.3333333333333333,0.16666666666666666,12,6
1845,5,ZSCAN26,1845,1.0,1.3388909692852224,0.11080305979829236,0.01625404933844276,2.6528305991561245,1.944136718974365,0.3333333333333333,0.16666666666666666,12,6
5052,5,BCL6B,5052,-1.0,7.0920700335853954,0.5356837865538434,2.9138800904994787e-36,-5.672287951606349,5.988911462022475,1.0,0.76,25,19
5054,5,BCL6B,5054,-1.0,7.0920700335853954,0.3843676126944701,5.379201151114556e-18,-5.380172870765123,5.699392945842121,1.0,0.76,25,19
5057,5,BCL6B,5057,-1.0,7.0920700335853954,0.4025415870717079,9.803979600714146e-20,-2.757842324120128,2.0447002462038704,1.0,0.76,25,19
5066,5,BCL6B,5066,-1.0,7.0920700335853954,-0.18586433984993436,5.0329495672091885e-05,2.57943819333641,1.853833840475943,1.0,0.76,25,19
5053,5,BCL6B,5053,-1.0,7.0920700335853954,-0.09190588979097314,0.046438808451939415,4.37048477206362,4.047749269982537,1.0,0.76,25,19
5063,5,BCL6B,5063,-1.0,7.0920700335853954,0.7014777428367427,7.542616895928168e-71,-6.460157316379641,7.077289997763373,1.0,0.76,25,19
5073,5,BCL6B,5073,-1.0,7.0920700335853954,0.4139891601562783,6.911023846454117e-21,-3.045854038055596,2.3865657424813316,1.0,0.76,25,19
5050,5,BCL6B,5050,-1.0,7.0920700335853954,0.7480172367211627,2.335719277594032e-85,-6.684735887960556,7.447438867850497,1.0,0.76,25,19
5062,5,BCL6B,5062,-1.0,7.0920700335853954,-0.21238840933658626,3.395628100699049e-06,3.7332616335667086,3.204425650031833,1.0,0.76,25,19
5071,5,BCL6B,5071,-1.0,7.0920700335853954,-0.21665522887951202,2.1277998465206058e-06,3.462673629417226,2.9131392174068287,1.0,0.76,25,19
5070,5,BCL6B,5070,-1.0,7.0920700335853954,0.3458144778402145,1.1960216493247727e-14,-3.0877925775635573,2.4259842227836863,1.0,0.76,25,19
5056,5,BCL6B,5056,-1.0,7.0920700335853954,0.34269319000413506,2.134533803835105e-14,-3.3567892163224715,2.82761040316769,1.0,0.76,25,19
5067,5,BCL6B,5067,-1.0,7.0920700335853954,0.7958379554033216,4.9875919193075183e-104,-5.1837032321068595,5.203631017863766,1.0,0.76,25,19
5061,5,BCL6B,5061,-1.0,7.0920700335853954,0.4674065831375907,6.967376896509239e-27,-5.2335455077319555,5.56907458840739,1.0,0.76,25,19
5051,5,BCL6B,5051,-1.0,7.0920700335853954,-0.3145957048051132,2.9493379562788332e-12,4.514683453898276,4.235992842820441,1.0,0.76,25,19
5060,5,BCL6B,5060,-1.0,7.0920700335853954,0.40871365781589036,2.376228480925096e-20,-4.94380897853865,5.049988057921122,1.0,0.76,25,19
5058,5,BCL6B,5058,-1.0,7.0920700335853954,0.2597538511149748,1.0988727765456604e-08,-3.655192806286697,3.300743035713303,1.0,0.76,25,19
5049,5,BCL6B,5049,-1.0,7.0920700335853954,0.23753613016365532,1.8811903437660404e-07,-3.7477704547156865,3.5205991193783213,1.0,0.76,25,19
5065,5,BCL6B,5065,-1.0,7.0920700335853954,-0.35019017548503206,5.251803360735616e-15,2.2326630153674465,1.4965242242424597,1.0,0.76,25,19
4321,5,IRF7,4321,1.0,1.4932194652632083,0.25131129052624707,3.338881440082607e-08,9.042390453772585,12.658953063371577,0.4166666666666667,0.21739130434782608,23,12
4334,5,IRF7,4334,1.0,1.4932194652632083,-0.1948511753662717,2.1011239149219138e-05,-3.3271150458220347,2.747369143023566,0.4166666666666667,0.21739130434782608,23,12
4323,5,IRF7,4323,1.0,1.4932194652632083,0.2458840292179357,6.68047187525541e-08,3.9406080201546545,3.508004940087795,0.4166666666666667,0.21739130434782608,23,12
4335,5,IRF7,4335,1.0,1.4932194652632083,0.13838840182376602,0.002641181850942871,4.065947683010734,3.6120207299067526,0.4166666666666667,0.21739130434782608,23,12
4327,5,IRF7,4327,1.0,1.4932194652632083,-0.2885019465428169,1.8422622395325391e-10,-2.2277643480861924,1.498898515576317,0.4166666666666667,0.21739130434782608,23,12
2530,5,ARNT,2530,1.0,1.4856018682390306,0.42821173785689876,2.2152217234772047e-22,2.9900288764309955,2.438219160182552,1.0,1.0,1,1
4051,5,RARA,4051,1.0,1.7924283668660088,0.07644323443090821,0.09787185642829924,4.536987493143769,4.202021006596023,0.7619047619047619,0.6666666666666666,24,21
4043,5,RARA,4043,1.0,1.7924283668660088,0.2940829317104872,7.876693466985718e-11,2.6717256307248443,1.9619451548177307,0.7619047619047619,0.6666666666666666,24,21
4044,5,RARA,4044,1.0,1.7924283668660088,0.22919944254874164,5.094747438276309e-07,7.374894895708856,8.758738088273821,0.7619047619047619,0.6666666666666666,24,21
4038,5,RARA,4038,1.0,1.7924283668660088,0.2261276237440949,7.285950876793504e-07,2.57697652475155,1.8466505013943764,0.7619047619047619,0.6666666666666666,24,21
4055,5,RARA,4055,1.0,1.7924283668660088,0.316126701978848,2.284172192744828e-12,5.738558858088257,6.013305899243461,0.7619047619047619,0.6666666666666666,24,21
4042,5,RARA,4042,1.0,1.7924283668660088,0.23130453476716473,3.9755031583080606e-07,4.089277693684947,3.7306141363018708,0.7619047619047619,0.6666666666666666,24,21
4039,5,RARA,4039,1.0,1.7924283668660088,0.10768928478240707,0.01953162150896581,4.2701854807858926,3.9030672346390207,0.7619047619047619,0.6666666666666666,24,21
4037,5,RARA,4037,1.0,1.7924283668660088,0.3250726215205891,4.981283513566094e-13,6.86346195773662,7.527885520896878,0.7619047619047619,0.6666666666666666,24,21
4057,5,RARA,4057,1.0,1.7924283668660088,0.2471138200928065,5.7170555636728547e-08,2.1303963420538987,1.398010739643371,0.7619047619047619,0.6666666666666666,24,21
4056,5,RARA,4056,1.0,1.7924283668660088,0.0949136762511952,0.03970108094053567,3.6526149345652277,3.092382254491505,0.7619047619047619,0.6666666666666666,24,21
4046,5,RARA,4046,1.0,1.7924283668660088,0.16553210560366813,0.00031337232859890744,5.98567755716972,6.398426497337259,0.7619047619047619,0.6666666666666666,24,21
4048,5,RARA,4048,1.0,1.7924283668660088,0.281115804055247,5.513158065422578e-10,4.569162262255295,4.348802260534095,0.7619047619047619,0.6666666666666666,24,21
4041,5,RARA,4041,1.0,1.7924283668660088,0.29400560745341114,7.970979492473028e-11,4.5861665433968675,4.333517826584795,0.7619047619047619,0.6666666666666666,24,21
4058,5,RARA,4058,1.0,1.7924283668660088,0.10255953115378716,0.02619000347628377,3.470825433863393,2.8500227187351457,0.7619047619047619,0.6666666666666666,24,21
4036,5,RARA,4036,1.0,1.7924283668660088,0.21879060354241034,1.678005962076559e-06,9.017246709842437,12.758892302956726,0.7619047619047619,0.6666666666666666,24,21
4049,5,RARA,4049,1.0,1.7924283668660088,0.2603258656863785,1.0176995433011004e-08,2.264772042527259,1.5321383546581084,0.7619047619047619,0.6666666666666666,24,21
6048,5,PAX3,6048,1.0,2.291478964383986,-0.30533020145049444,1.3426708663150182e-11,-4.949933151433495,5.079941585712393,1.0,1.0,1,1
801,5,MYB,801,1.0,1.3351279013748525,0.22518147072701852,8.126460196583905e-07,5.399953275143221,5.427542418613795,0.75,0.75,4,4
799,5,MYB,799,1.0,1.3351279013748525,0.23704779685103033,1.9963006218409923e-07,2.4645261279027166,1.8225213833130427,0.75,0.75,4,4
802,5,MYB,802,1.0,1.3351279013748525,0.297985899592314,4.3000530733807524e-11,3.0100758780874934,2.342425908010116,0.75,0.75,4,4
2269,5,SP3,2269,1.0,1.3868293986713722,0.24120458247357296,1.1991561358475197e-07,2.2772531585295592,1.5363314248009026,0.25,0.21739130434782608,23,20
2258,5,SP3,2258,1.0,1.3868293986713722,0.1549478133503393,0.0007499871712782854,4.069832198768155,3.6277768205405576,0.25,0.21739130434782608,23,20
2256,5,SP3,2256,1.0,1.3868293986713722,0.8608971289757629,1.936383110846867e-139,2.1625593051212713,1.4884744623950954,0.25,0.21739130434782608,23,20
2272,5,SP3,2272,1.0,1.3868293986713722,0.5958730344945361,1.6464622354774355e-46,2.7891866026644068,2.0986542298125355,0.25,0.21739130434782608,23,20
2259,5,SP3,2259,1.0,1.3868293986713722,0.2841048662559081,3.5516437320576164e-10,2.5429878828164134,1.8225181689273877,0.25,0.21739130434782608,23,20
4271,5,DMBX1,4271,1.0,2.492684743778175,0.20705379368616877,6.010920665058151e-06,6.603682979327455,7.712828989344684,1.0,1.0,1,1
1259,5,EGR2,1259,-1.0,5.708970145018507,0.37244684751951246,6.518332976868319e-17,-3.568945434769855,3.2009542155191735,0.6666666666666666,0.6666666666666666,3,3
1258,5,EGR2,1258,-1.0,5.708970145018507,-0.3504274650213206,5.0207130650082654e-15,8.653421919599607,11.954407047846825,0.6666666666666666,0.6666666666666666,3,3
4369,5,TRIM28,4369,1.0,11.057250235835614,0.3494214406063887,6.074461300221457e-15,2.967288639247548,2.33659998150461,1.0,0.875,8,7
4366,5,TRIM28,4366,1.0,11.057250235835614,0.2910350383486128,1.2556413751651472e-10,3.1691803451700915,2.5080806221639085,1.0,0.875,8,7
4368,5,TRIM28,4368,1.0,11.057250235835614,0.09551712908556555,0.038453958239893074,2.707061256633268,2.0068225555710084,1.0,0.875,8,7
4363,5,TRIM28,4363,1.0,11.057250235835614,0.4803153419590142,1.69066612332444e-28,8.729837921077655,12.51341202100628,1.0,0.875,8,7
4364,5,TRIM28,4364,1.0,11.057250235835614,0.5365343533816794,2.156400972704129e-36,6.88536486415173,7.551529350001836,1.0,0.875,8,7
4367,5,TRIM28,4367,1.0,11.057250235835614,0.028827326785428944,0.5330039884993978,3.576152177841244,2.9981412992141045,1.0,0.875,8,7
4365,5,TRIM28,4365,1.0,11.057250235835614,0.34179153599897827,2.5202829310398926e-14,3.5255042777932055,3.014496344529672,1.0,0.875,8,7
2218,5,CEBPB,2218,1.0,1.4478509169146583,0.23628125802752067,2.190790300865479e-07,2.2900660483420383,1.5529345533350147,0.058823529411764705,0.043478260869565216,23,17
283,5,CTCF,283,1.0,1.4947892408127208,0.38057918642514305,1.201905893254139e-17,3.150524175781931,2.4918103737537893,0.14285714285714285,0.12,25,21
266,5,CTCF,266,1.0,1.4947892408127208,0.6250494762552984,2.6419868400247333e-52,2.623345789958143,2.0029484465760135,0.14285714285714285,0.12,25,21
288,5,CTCF,288,1.0,1.4947892408127208,0.40424225839998323,6.653959304040987e-20,3.0208120556350395,2.3503535236476276,0.14285714285714285,0.12,25,21
4673,5,IRF1,4673,1.0,1.4115628108550604,0.25584360157665204,1.8477348263496904e-08,2.9990028616824516,2.313222085591713,0.18181818181818182,0.08,25,11
4669,5,IRF1,4669,1.0,1.4115628108550604,0.23912942595407763,1.5484138519780188e-07,5.7998455234922455,6.417772143803785,0.18181818181818182,0.08,25,11
5900,5,HIC1,5900,1.0,2.1664819054786917,0.08950282756546196,0.052488993801794455,2.930863775295023,2.280509540665124,0.125,0.08695652173913043,23,16
5891,5,HIC1,5891,1.0,2.1664819054786917,0.31389030877979957,3.316278204289547e-12,5.2575041918959995,5.25073925774151,0.125,0.08695652173913043,23,16
3181,5,STAT4,3181,1.0,1.3902782112851344,0.29287752860578536,9.478221705850159e-11,2.158591630383877,1.4319806321718813,0.1875,0.12,25,16
3171,5,STAT4,3171,1.0,1.3902782112851344,0.14097419895277066,0.0021882137038886852,3.491362238789908,2.8925644981387646,0.1875,0.12,25,16
3165,5,STAT4,3165,1.0,1.3902782112851344,0.08721788998977391,0.058837499803461535,4.845563853805958,4.931385688752454,0.1875,0.12,25,16
2290,5,HBP1,2290,1.0,1.4751208504239774,0.4303463034468531,1.3031302820100584e-22,3.7729699918706565,3.346109805293008,0.25,0.2,25,20
2301,5,HBP1,2301,1.0,1.4751208504239774,0.43079452985782574,1.165179260821967e-22,2.1034870081283423,1.3862520402560907,0.25,0.2,25,20
2283,5,HBP1,2283,1.0,1.4751208504239774,0.3580959739663444,1.148805948414849e-15,2.818875095404695,2.1300077342571995,0.25,0.2,25,20
2284,5,HBP1,2284,1.0,1.4751208504239774,0.17258548794755824,0.00017001475007103015,3.748200005353121,3.2418313608571534,0.25,0.2,25,20
2279,5,HBP1,2279,1.0,1.4751208504239774,0.5239299215690468,1.7127720742745029e-34,2.1672869738301235,1.4936041442485712,0.25,0.2,25,20
6069,5,NFATC1,6069,1.0,1.3806636070758969,0.1487623351116564,0.0012184826099909758,2.9227283126618837,2.2143718307927163,0.125,0.09523809523809523,21,16
6055,5,NFATC1,6055,1.0,1.3806636070758969,0.17732006723396168,0.00011125399274772932,2.549439390766597,1.8411251946800478,0.125,0.09523809523809523,21,16
3911,5,TP63,3911,-1.0,2.355247282556091,0.5794248785850531,1.6979936083319695e-43,-2.695767114461811,2.0301488188020897,1.0,0.6666666666666666,3,2
3912,5,TP63,3912,-1.0,2.355247282556091,0.1787974996732112,9.724498903564164e-05,-4.566344127029204,4.263285813068398,1.0,0.6666666666666666,3,2
1810,5,NFYA,1810,1.0,1.546759300879159,0.35179075293195033,3.8740507550322405e-15,4.408713505748996,4.12759959243409,0.6,0.48,25,20
1802,5,NFYA,1802,1.0,1.546759300879159,0.325601639644112,4.545055558928001e-13,4.463644795822714,4.17854990079805,0.6,0.48,25,20
1801,5,NFYA,1801,1.0,1.546759300879159,0.3912836838015796,1.2064026937871422e-18,3.279815894337024,2.6316321576620805,0.6,0.48,25,20
1797,5,NFYA,1797,1.0,1.546759300879159,0.491636237336925,5.676315362699838e-30,2.9651139403820523,2.2964414045656247,0.6,0.48,25,20
1803,5,NFYA,1803,1.0,1.546759300879159,0.30418258927036357,1.6139866972996947e-11,4.5380813588354885,4.27077413075322,0.6,0.48,25,20
1809,5,NFYA,1809,1.0,1.546759300879159,0.08652601704080994,0.060880707886859106,4.552845476615209,4.494008183590783,0.6,0.48,25,20
1806,5,NFYA,1806,1.0,1.546759300879159,0.23964885078412176,1.4527653904273012e-07,4.266778614174018,3.8879151136762626,0.6,0.48,25,20
1814,5,NFYA,1814,1.0,1.546759300879159,0.13222280366313557,0.004085205187840427,2.7457019310265083,2.018306494465729,0.6,0.48,25,20
1804,5,NFYA,1804,1.0,1.546759300879159,0.2957282393330234,6.10963594837128e-11,4.768108069298091,4.800266768000288,0.6,0.48,25,20
1794,5,NFYA,1794,1.0,1.546759300879159,0.5564640160473839,1.448807730661232e-39,2.6844198723307993,2.073874356113994,0.6,0.48,25,20
1808,5,NFYA,1808,1.0,1.546759300879159,0.020528087689637313,0.6571148473427163,2.4581110545682474,1.7212283571213667,0.6,0.48,25,20
1807,5,NFYA,1807,1.0,1.546759300879159,0.44080622963050514,9.159584269997838e-24,2.797976055137528,2.0858676499898072,0.6,0.48,25,20
3715,5,IRX2,3715,-1.0,2.4363475528442344,0.30764469101430203,9.240594876223678e-12,-3.8108045502658006,3.4989397120424184,0.5,0.3333333333333333,3,2
5771,5,CDX1,5771,1.0,1.518139346461108,0.11918643886191908,0.009702805525302014,7.876363880716763,9.657222388327114,0.1875,0.12,25,16
5761,5,CDX1,5761,1.0,1.518139346461108,0.27324431904099383,1.711959823241574e-09,3.0205937922650756,2.351512417688522,0.1875,0.12,25,16
5773,5,CDX1,5773,1.0,1.518139346461108,0.14473005989121598,0.0016557848866490853,2.3001885278013305,1.5951104610342777,0.1875,0.12,25,16
2856,5,ZNF384,2856,1.0,1.6139421561128593,0.01648457227925384,0.7215038925338678,2.5622125864341294,1.8256551382588064,1.0,0.6666666666666666,6,4
2855,5,ZNF384,2855,1.0,1.6139421561128593,0.3177293598990509,1.7452374346815782e-12,2.73552626517166,2.0220093711905367,1.0,0.6666666666666666,6,4
2857,5,ZNF384,2857,1.0,1.6139421561128593,0.14571467291348036,0.0015374033580517197,2.75686406702338,2.0765097520502462,1.0,0.6666666666666666,6,4
2858,5,ZNF384,2858,1.0,1.6139421561128593,0.03070749672542174,0.5066220982849834,2.286619256802612,1.5565431399120482,1.0,0.6666666666666666,6,4
3000,5,MESP1,3000,1.0,4.887684965113896,0.3031045573634163,1.9171919174988355e-11,6.325115407638208,7.384420989949065,0.5,0.5,2,2
4184,5,MYBL2,4184,1.0,6.5740935284403355,0.3422104046202689,2.3332562958431002e-14,6.881390131423679,8.352683383088104,1.0,0.5,2,1
3587,5,FOXP1,3587,1.0,1.4420163045339116,0.2852223115734129,3.009199033856486e-10,2.201693045020291,1.4939076882992208,0.21052631578947367,0.16,25,19
3581,5,FOXP1,3581,1.0,1.4420163045339116,0.18858629239722824,3.879469120025287e-05,2.1068342552330965,1.392799900158146,0.21052631578947367,0.16,25,19
3570,5,FOXP1,3570,1.0,1.4420163045339116,0.3817221753313082,9.440783707297968e-18,2.110834702035704,1.436692169635076,0.21052631578947367,0.16,25,19
3593,5,FOXP1,3593,1.0,1.4420163045339116,0.27508220036633674,1.3182317545987464e-09,2.2122309250736474,1.4977486391832389,0.21052631578947367,0.16,25,19
1144,5,RUNX3,1144,1.0,12.481524022273002,-0.19923242093984805,1.3523752451609475e-05,-4.119866136002523,3.720717302912505,0.9230769230769231,0.6,20,13
1131,5,RUNX3,1131,1.0,12.481524022273002,0.19315998174962606,2.4842125151284908e-05,5.5426262038009915,5.767273147563157,0.9230769230769231,0.6,20,13
1134,5,RUNX3,1134,1.0,12.481524022273002,0.30480996754750633,1.4596437526156513e-11,6.350273354120752,7.141001667303099,0.9230769230769231,0.6,20,13
1135,5,RUNX3,1135,1.0,12.481524022273002,0.2691691485460815,3.034968877878107e-09,4.428699957857334,4.16277002088565,0.9230769230769231,0.6,20,13
1137,5,RUNX3,1137,1.0,12.481524022273002,0.2578380819654463,1.4190138214576384e-08,2.5857003939551926,1.853378714553422,0.9230769230769231,0.6,20,13
1132,5,RUNX3,1132,1.0,12.481524022273002,-0.35197441249023703,3.740711956109688e-15,-4.0034386358276315,3.5979708413222555,0.9230769230769231,0.6,20,13
1139,5,RUNX3,1139,1.0,12.481524022273002,-0.30297603034717036,1.956856029994126e-11,-5.12322691429672,5.328547042095059,0.9230769230769231,0.6,20,13
1127,5,RUNX3,1127,1.0,12.481524022273002,0.4083258807120189,2.5997885084398647e-20,8.09767464414318,11.279852896760342,0.9230769230769231,0.6,20,13
1141,5,RUNX3,1141,1.0,12.481524022273002,0.049546644644471685,0.283745254768007,4.65579728405207,4.33875857354413,0.9230769230769231,0.6,20,13
1130,5,RUNX3,1130,1.0,12.481524022273002,-0.395293796057561,4.988514917263886e-19,-4.923912845583859,5.122919282484683,0.9230769230769231,0.6,20,13
1136,5,RUNX3,1136,1.0,12.481524022273002,0.40973655718079693,1.8734210951125362e-20,3.547029838759183,2.950290874892619,0.9230769230769231,0.6,20,13
1128,5,RUNX3,1128,1.0,12.481524022273002,-0.3255584120325329,4.579251039117792e-13,-3.3814182991831006,2.9512152456988736,0.9230769230769231,0.6,20,13
41,5,NFIB,41,1.0,1.3765761006414121,0.5000887379646789,4.141139047919601e-31,2.3336583349175224,1.6750435773637846,0.14285714285714285,0.14285714285714285,7,7
4292,5,IKZF1,4292,1.0,1.3417351437137748,0.2107547754808133,4.0508943728757964e-06,2.6638819733910335,1.9323871615407286,0.13333333333333333,0.08333333333333333,24,15
4285,5,IKZF1,4285,1.0,1.3417351437137748,0.2242342774732999,9.060714280483941e-07,2.566510947842863,1.8353572581111814,0.13333333333333333,0.08333333333333333,24,15
5274,5,HOXC12,5274,-1.0,2.0200939514779255,0.24320399814305332,9.353061134151826e-08,-5.888657576478462,6.389056827692606,1.0,0.8,15,12
5275,5,HOXC12,5275,-1.0,2.0200939514779255,-0.2166704633832549,2.124215749510237e-06,2.392653697367302,1.6604554610977393,1.0,0.8,15,12
5281,5,HOXC12,5281,-1.0,2.0200939514779255,0.3017359416985242,2.383092232039285e-11,-4.5488129026105755,4.2667785768624125,1.0,0.8,15,12
5269,5,HOXC12,5269,-1.0,2.0200939514779255,0.2267679552013331,6.765188234460755e-07,-5.420318939081635,5.531670564665181,1.0,0.8,15,12
5276,5,HOXC12,5276,-1.0,2.0200939514779255,0.15340735303860947,0.0008477712270621694,-2.3512138301020635,1.6294551395878587,1.0,0.8,15,12
5270,5,HOXC12,5270,-1.0,2.0200939514779255,0.24860069069358537,4.7306078580280976e-08,-6.774963315063339,7.751337044593075,1.0,0.8,15,12
5272,5,HOXC12,5272,-1.0,2.0200939514779255,0.2950253011719415,6.81142938672337e-11,-2.945295915446832,2.332503179690493,1.0,0.8,15,12
5280,5,HOXC12,5280,-1.0,2.0200939514779255,-0.2781856377990763,8.441264377155392e-10,3.7499392389361152,3.207225260888727,1.0,0.8,15,12
5271,5,HOXC12,5271,-1.0,2.0200939514779255,0.25432432859191717,2.255943537903567e-08,-4.154803749554577,3.8940756781756107,1.0,0.8,15,12
5277,5,HOXC12,5277,-1.0,2.0200939514779255,0.26846488941024205,3.3474063365494996e-09,-4.3096502569836455,3.9911628968159345,1.0,0.8,15,12
5279,5,HOXC12,5279,-1.0,2.0200939514779255,0.21851776277365215,1.7299331164984209e-06,-2.4993273399534934,1.7853495541254516,1.0,0.8,15,12
5268,5,HOXC12,5268,-1.0,2.0200939514779255,0.23609683457543806,2.2402379146702247e-07,-3.8827003190785,3.683492261915289,1.0,0.8,15,12
1162,5,SP4,1162,1.0,1.4104068436240684,0.7801500310192789,2.1789151745329637e-97,2.4908931069763014,1.8424409531899026,0.15789473684210525,0.12,25,19
1185,5,SP4,1185,1.0,1.4104068436240684,0.40710637662172183,3.4467683239885715e-20,3.1022434533627523,2.439687435728336,0.15789473684210525,0.12,25,19
1170,5,SP4,1170,1.0,1.4104068436240684,0.41631605394320487,3.980480311333583e-21,4.493612218104259,4.2525011292952,0.15789473684210525,0.12,25,19
4969,5,EMX2,4969,-1.0,2.412024219912221,0.2311112485306307,4.0674913080373747e-07,-5.006097972267741,5.5348086338278195,1.0,0.5,18,9
4972,5,EMX2,4972,-1.0,2.412024219912221,0.36411189666265736,3.511428805271494e-16,-4.055236909833452,3.7173905398078193,1.0,0.5,18,9
4971,5,EMX2,4971,-1.0,2.412024219912221,0.247058293214313,5.757500667877252e-08,-5.105079109874591,5.210443430989251,1.0,0.5,18,9
4986,5,EMX2,4986,-1.0,2.412024219912221,0.15739094277853194,0.0006160794988899139,-2.5757391932456217,1.862280585085232,1.0,0.5,18,9
4981,5,EMX2,4981,-1.0,2.412024219912221,-0.24976535291190546,4.074900485526476e-08,2.348458020025802,1.6228998115505007,1.0,0.5,18,9
4970,5,EMX2,4970,-1.0,2.412024219912221,0.6342909254218849,2.8560737209566484e-54,-6.261048245194425,6.708020752138656,1.0,0.5,18,9
4975,5,EMX2,4975,-1.0,2.412024219912221,0.300055797498441,3.1077375692449397e-11,-4.761109713655773,4.666268440575773,1.0,0.5,18,9
4977,5,EMX2,4977,-1.0,2.412024219912221,0.5055670640594375,7.296425295710103e-32,-6.758099816026999,7.766480800542292,1.0,0.5,18,9
4982,5,EMX2,4982,-1.0,2.412024219912221,0.24117768251049562,1.2031541121346491e-07,-3.274228633976549,2.682725949455655,1.0,0.5,18,9
1871,5,SOX18,1871,-1.0,2.250757273565694,-0.24566280555867792,6.869664262206026e-08,2.2942146937649035,1.5834006602106951,0.8235294117647058,0.56,25,17
1861,5,SOX18,1861,-1.0,2.250757273565694,0.36288395206705143,4.481676704990851e-16,-2.978206080323053,2.374653173521517,0.8235294117647058,0.56,25,17
1876,5,SOX18,1876,-1.0,2.250757273565694,-0.2789411315636404,7.566837212860936e-10,3.2225493772830123,2.6853826965002425,0.8235294117647058,0.56,25,17
1870,5,SOX18,1870,-1.0,2.250757273565694,-0.3499339305254843,5.513077929087231e-15,4.293311930986121,4.0259008743118105,0.8235294117647058,0.56,25,17
1866,5,SOX18,1866,-1.0,2.250757273565694,0.4957620470238975,1.5961085064269166e-30,-5.4518933521914015,5.584382187626805,0.8235294117647058,0.56,25,17
1867,5,SOX18,1867,-1.0,2.250757273565694,0.4538741446581971,2.91026835756245e-25,-7.41605142215672,8.552011677393375,0.8235294117647058,0.56,25,17
1868,5,SOX18,1868,-1.0,2.250757273565694,0.23176720890928013,3.763364611816244e-07,-5.797117607150919,6.1539808894956725,0.8235294117647058,0.56,25,17
1877,5,SOX18,1877,-1.0,2.250757273565694,-0.25559533176469507,1.9091670584281193e-08,2.4492607271662776,1.7131519735875016,0.8235294117647058,0.56,25,17
1878,5,SOX18,1878,-1.0,2.250757273565694,-0.36847880705661873,1.4620510942607702e-16,2.631302662599407,1.924663883581476,0.8235294117647058,0.56,25,17
1869,5,SOX18,1869,-1.0,2.250757273565694,-0.35335099231351813,2.874926947627201e-15,7.2788671135181495,8.324375511927832,0.8235294117647058,0.56,25,17
1864,5,SOX18,1864,-1.0,2.250757273565694,-0.4156863640290793,4.623396779517647e-21,2.4248986192280393,1.698100204509861,0.8235294117647058,0.56,25,17
1874,5,SOX18,1874,-1.0,2.250757273565694,0.043861520230724496,0.3427123193726691,-4.424005445695722,4.287146631088088,0.8235294117647058,0.56,25,17
1875,5,SOX18,1875,-1.0,2.250757273565694,-0.09754848008423607,0.03449701277359554,3.1833427451732743,2.5284821984529344,0.8235294117647058,0.56,25,17
1879,5,SOX18,1879,-1.0,2.250757273565694,-0.4418131787002302,7.058976492500475e-24,4.7777127482792014,4.789466923707668,0.8235294117647058,0.56,25,17
3685,5,GATA3,3685,1.0,1.4059678765379917,0.1747843170456355,0.00013981273554448142,5.086078001527129,4.954126824465539,0.05,0.04,25,20
4619,5,MAFK,4619,1.0,1.465896618064301,0.1894509602106595,3.568814072403384e-05,3.8631585307713396,3.3337163901178797,0.8461538461538461,0.4583333333333333,24,13
4610,5,MAFK,4610,1.0,1.465896618064301,0.1371767572992105,0.002881525120848896,4.861327313543021,4.845443798663604,0.8461538461538461,0.4583333333333333,24,13
4615,5,MAFK,4615,1.0,1.465896618064301,0.19606536269150832,1.8614173040172308e-05,2.633262815628454,1.9015820954234726,0.8461538461538461,0.4583333333333333,24,13
4616,5,MAFK,4616,1.0,1.465896618064301,0.2538404525491722,2.403369915695504e-08,3.2697248091934847,2.661934626355651,0.8461538461538461,0.4583333333333333,24,13
4617,5,MAFK,4617,1.0,1.465896618064301,0.3565383929673069,1.5550919733206674e-15,3.099557465063791,2.4370882757723233,0.8461538461538461,0.4583333333333333,24,13
4624,5,MAFK,4624,1.0,1.465896618064301,0.25665255893879685,1.660554020114156e-08,3.8455145563464295,3.3343002516554465,0.8461538461538461,0.4583333333333333,24,13
4606,5,MAFK,4606,1.0,1.465896618064301,0.30167550338062465,2.406032428103562e-11,3.205024622726286,2.55394901924677,0.8461538461538461,0.4583333333333333,24,13
4609,5,MAFK,4609,1.0,1.465896618064301,0.1586214668434684,0.0005573749512537289,4.212239889248643,3.8348295094801266,0.8461538461538461,0.4583333333333333,24,13
4613,5,MAFK,4613,1.0,1.465896618064301,0.1783624999313733,0.00010118697200355763,7.501220892700166,8.787057671092803,0.8461538461538461,0.4583333333333333,24,13
4626,5,MAFK,4626,1.0,1.465896618064301,0.3298069696432942,2.179562651530172e-13,3.2496087179359496,2.5751055807886836,0.8461538461538461,0.4583333333333333,24,13
4605,5,MAFK,4605,1.0,1.465896618064301,0.20080572107036887,1.1517274723267042e-05,9.138327639192093,12.880290330933011,0.8461538461538461,0.4583333333333333,24,13
2442,5,ELF1,2442,1.0,1.3286114036781074,0.6608654017581734,2.5740561726743926e-60,2.1993715960017752,1.5330560515985807,0.2631578947368421,0.2,25,19
2455,5,ELF1,2455,1.0,1.3286114036781074,0.36017240188618027,7.652491370402785e-16,5.42866481949848,5.559161998212425,0.2631578947368421,0.2,25,19
2458,5,ELF1,2458,1.0,1.3286114036781074,0.5197598440338529,6.9975320066980406e-34,2.027037788570206,1.312705764969027,0.2631578947368421,0.2,25,19
2462,5,ELF1,2462,1.0,1.3286114036781074,0.5423685783808198,2.6720102312054645e-37,2.281133444777877,1.5522615977148604,0.2631578947368421,0.2,25,19
2446,5,ELF1,2446,1.0,1.3286114036781074,0.5506211224095581,1.2981589050650075e-38,2.531662842021401,1.8155749502794918,0.2631578947368421,0.2,25,19
4217,5,MEF2D,4217,1.0,2.848922082644959,0.12438589196391191,0.006935326391885208,3.556303476140362,2.9809577159491796,1.0,0.3888888888888889,18,7
4224,5,MEF2D,4224,1.0,2.848922082644959,0.4853908877003866,3.7498218199587716e-29,2.906124041113259,2.2038180705612795,1.0,0.3888888888888889,18,7
4214,5,MEF2D,4214,1.0,2.848922082644959,0.41106644193702474,1.3736067050463907e-20,2.558138002090286,1.820659493093663,1.0,0.3888888888888889,18,7
4215,5,MEF2D,4215,1.0,2.848922082644959,0.36123101604247176,6.2136933722143645e-16,2.48953986962287,1.7523626742680345,1.0,0.3888888888888889,18,7
4210,5,MEF2D,4210,1.0,2.848922082644959,0.28236824897254964,4.588371257168934e-10,7.589402406562033,9.626169861576848,1.0,0.3888888888888889,18,7
4221,5,MEF2D,4221,1.0,2.848922082644959,0.14092738830386817,0.002195739812788243,4.587435301421123,4.337469869393481,1.0,0.3888888888888889,18,7
4218,5,MEF2D,4218,1.0,2.848922082644959,0.38382680522233475,6.0372457556295396e-18,2.6730258061675234,1.9443125311834466,1.0,0.3888888888888889,18,7
4396,5,MAFF,4396,1.0,2.271113870208308,0.2216092980974361,1.2219744496295895e-06,8.198764399389777,10.649064763817183,1.0,0.5,2,1
5301,5,ISL2,5301,-1.0,2.158693673394462,0.1981009083801467,1.5167764138078253e-05,-3.295181747194763,2.6870238500891617,1.0,0.6,20,12
5286,5,ISL2,5286,-1.0,2.158693673394462,0.21339070243921107,3.0451367309177567e-06,-4.639206686072576,4.444236690544517,1.0,0.6,20,12
5285,5,ISL2,5285,-1.0,2.158693673394462,0.32756339209425794,3.230447454324993e-13,-5.246879201539259,5.387620548491534,1.0,0.6,20,12
5297,5,ISL2,5297,-1.0,2.158693673394462,0.21840003879844175,1.7528106490470433e-06,-3.9347117981748947,3.488934602817731,1.0,0.6,20,12
5299,5,ISL2,5299,-1.0,2.158693673394462,0.17071523594344035,0.00020041372762158587,-2.344518591459535,1.6171016805107623,1.0,0.6,20,12
5290,5,ISL2,5290,-1.0,2.158693673394462,0.23583956042286847,2.3110173968745592e-07,-3.3322039983632488,2.8313072225692784,1.0,0.6,20,12
5283,5,ISL2,5283,-1.0,2.158693673394462,0.15312910778401118,0.0008666431557685038,-5.815331505243217,6.861115912653516,1.0,0.6,20,12
5287,5,ISL2,5287,-1.0,2.158693673394462,-0.20559271646965457,7.010660522582008e-06,2.7643483302301783,2.044420245718669,1.0,0.6,20,12
5296,5,ISL2,5296,-1.0,2.158693673394462,0.2912663227468805,1.2122216283187664e-10,-3.953985869761228,3.552453721904143,1.0,0.6,20,12
5294,5,ISL2,5294,-1.0,2.158693673394462,0.3107953202971364,5.5271980890762494e-12,-5.253630026206391,5.603230911249211,1.0,0.6,20,12
5300,5,ISL2,5300,-1.0,2.158693673394462,0.24525913158435744,7.228305838998328e-08,-2.0750901354111226,1.3574403232772307,1.0,0.6,20,12
5284,5,ISL2,5284,-1.0,2.158693673394462,0.34465494747769176,1.48430070305587e-14,-3.9323419224318186,3.576967016198441,1.0,0.6,20,12
68,5,DR1,68,-1.0,4.093388502680077,-0.28031170113076614,6.199932257446113e-10,4.844824338660069,4.693576351103672,0.6666666666666666,0.4444444444444444,9,6
67,5,DR1,67,-1.0,4.093388502680077,-0.3602913356089474,7.475794789674598e-16,3.8840924626962265,3.425546606990363,0.6666666666666666,0.4444444444444444,9,6
62,5,DR1,62,-1.0,4.093388502680077,-0.337554420991282,5.4621062863950546e-14,8.535576334623967,11.426569215490975,0.6666666666666666,0.4444444444444444,9,6
63,5,DR1,63,-1.0,4.093388502680077,0.4093478554221324,2.0507530723228586e-20,-2.8331807914522007,2.173034931222545,0.6666666666666666,0.4444444444444444,9,6
6092,5,TP53,6092,1.0,2.457189368284548,0.42553439990337366,4.286786759485767e-22,3.7684235940354833,3.2536465683204243,0.1111111111111111,0.0625,16,9
1378,5,TEAD1,1378,1.0,1.4350222017558236,0.5435854240885867,1.7196582242253185e-37,2.073438535946201,1.3954651017779924,0.3333333333333333,0.20833333333333334,24,15
1384,5,TEAD1,1384,1.0,1.4350222017558236,0.4171581832960534,3.256545323007227e-21,3.912841621517995,3.4536138035212915,0.3333333333333333,0.20833333333333334,24,15
1390,5,TEAD1,1390,1.0,1.4350222017558236,0.38017626809903404,1.3083909224417604e-17,3.1749950451559896,2.5447478144999667,0.3333333333333333,0.20833333333333334,24,15
1396,5,TEAD1,1396,1.0,1.4350222017558236,0.5724652828244506,2.8459968945190476e-42,4.57255260077058,4.406877019182402,0.3333333333333333,0.20833333333333334,24,15
1392,5,TEAD1,1392,1.0,1.4350222017558236,0.5081683715471007,3.164262990866661e-32,2.4314288157540678,1.7004709762781949,0.3333333333333333,0.20833333333333334,24,15
4661,5,E4F1,4661,1.0,6.1249710734976395,0.47349312331340815,1.2306547662732806e-27,6.476888508972506,7.23587285197629,1.0,1.0,1,1
5410,5,KLF1,5410,1.0,2.341251644139823,0.01602279040247421,0.7289947237753287,3.1969995504865363,2.5315593257412785,1.0,1.0,2,2
5409,5,KLF1,5409,1.0,2.341251644139823,0.1442500834671215,0.0017164737505226979,6.227667988073398,6.648464088552745,1.0,1.0,2,2
2614,5,SOX4,2614,1.0,1.3854853824584918,0.18186070017750486,7.331556245058724e-05,3.1792486893850564,2.571350545291899,0.35294117647058826,0.24,25,17
2604,5,SOX4,2604,1.0,1.3854853824584918,0.360568616465039,7.0792592724486e-16,2.154560779185219,1.4838858354856868,0.35294117647058826,0.24,25,17
2607,5,SOX4,2607,1.0,1.3854853824584918,0.16456410761710397,0.00034016651825787903,2.180499710546878,1.4509047154210946,0.35294117647058826,0.24,25,17
2615,5,SOX4,2615,1.0,1.3854853824584918,0.29246085603962846,1.010241274580786e-10,3.3115696896215194,2.7196062216301593,0.35294117647058826,0.24,25,17
2618,5,SOX4,2618,1.0,1.3854853824584918,0.5251349779282012,1.1362674196883846e-34,2.900076785496258,2.248801568510956,0.35294117647058826,0.24,25,17
2613,5,SOX4,2613,1.0,1.3854853824584918,0.19185829896458895,2.823236557393328e-05,3.7307257468752506,3.1970557195575853,0.35294117647058826,0.24,25,17
5403,5,SRF,5403,1.0,2.5482707512879164,0.14957788063920235,0.0011441397858295735,5.286396939289117,5.37248118344578,0.9411764705882353,0.64,25,17
5394,5,SRF,5394,1.0,2.5482707512879164,0.20861708918093214,5.092372644701979e-06,2.5548241541109618,1.8453713197256498,0.9411764705882353,0.64,25,17
5390,5,SRF,5390,1.0,2.5482707512879164,0.2912892028348761,1.2080066594975516e-10,4.310389498623037,3.9254076245879137,0.9411764705882353,0.64,25,17
5385,5,SRF,5385,1.0,2.5482707512879164,0.2623698151066055,7.72462347262236e-09,5.9497208723076955,6.195544490148508,0.9411764705882353,0.64,25,17
5398,5,SRF,5398,1.0,2.5482707512879164,0.1736924153167911,0.00015411846890523006,2.572834175905851,1.8515291371437355,0.9411764705882353,0.64,25,17
5386,5,SRF,5386,1.0,2.5482707512879164,0.12611187571714927,0.006187084060486456,6.63308722346555,7.13032859526828,0.9411764705882353,0.64,25,17
5391,5,SRF,5391,1.0,2.5482707512879164,0.24700274593578106,5.7982370867607875e-08,3.52861481541722,2.9445171860861037,0.9411764705882353,0.64,25,17
5397,5,SRF,5397,1.0,2.5482707512879164,0.39499501697752887,5.329997101473945e-19,4.673723495043642,4.4621401328018475,0.9411764705882353,0.64,25,17
5406,5,SRF,5406,1.0,2.5482707512879164,0.16838200725796224,0.00024548091526258937,4.975927189243609,4.884513066908659,0.9411764705882353,0.64,25,17
5384,5,SRF,5384,1.0,2.5482707512879164,0.24555901305814837,6.96020160798449e-08,6.690954763944779,7.276398313193088,0.9411764705882353,0.64,25,17
5392,5,SRF,5392,1.0,2.5482707512879164,0.37571376848551086,3.323895164918386e-17,2.8021487946304666,2.0883660849062955,0.9411764705882353,0.64,25,17
5402,5,SRF,5402,1.0,2.5482707512879164,0.3061803059509338,1.1709394952928147e-11,2.3785106206707365,1.6598057421610257,0.9411764705882353,0.64,25,17
5400,5,SRF,5400,1.0,2.5482707512879164,0.22906097549346954,5.178128976732094e-07,2.7203199779142255,2.015247054082835,0.9411764705882353,0.64,25,17
5407,5,SRF,5407,1.0,2.5482707512879164,0.21608818432762142,2.265398916028391e-06,5.612732083974562,5.799188938905999,0.9411764705882353,0.64,25,17
5395,5,SRF,5395,1.0,2.5482707512879164,0.2377831285752717,1.8254302719379551e-07,4.392926685663982,4.062317401420193,0.9411764705882353,0.64,25,17
5404,5,SRF,5404,1.0,2.5482707512879164,0.2586516626015567,1.2733277126035597e-08,3.1754658468902495,2.5480052625434877,0.9411764705882353,0.64,25,17
4437,5,ETS2,4437,-1.0,4.015651786394991,-0.16034467663232635,0.0004838577618382709,8.306073908554087,10.802842593890004,1.0,1.0,1,1
2373,5,HIVEP2,2373,1.0,1.3885255449200689,0.4671360060287493,7.519546858882846e-27,2.284670905291682,1.6062138141917526,0.5,0.3333333333333333,3,2
2867,5,LHX4,2867,1.0,1.536489443871993,0.2773592783762831,9.51021916015068e-10,2.166846869643091,1.4377725328563264,0.6666666666666666,0.3333333333333333,12,6
2870,5,LHX4,2870,1.0,1.536489443871993,0.24959582472128164,4.164563563874988e-08,2.3293672491690223,1.5974354477229582,0.6666666666666666,0.3333333333333333,12,6
2859,5,LHX4,2859,1.0,1.536489443871993,0.6226985414437504,8.158709567834086e-52,1.9982537526039938,1.3204146525356635,0.6666666666666666,0.3333333333333333,12,6
2868,5,LHX4,2868,1.0,1.536489443871993,0.33777830303307005,5.2449290435636446e-14,2.4670959295162507,1.7431451596070908,0.6666666666666666,0.3333333333333333,12,6
5587,5,FOXP3,5587,1.0,1.7169148341269251,0.259972994300948,1.0670596665750655e-08,2.541088823103766,1.8398528666233853,0.125,0.06666666666666667,15,8
5517,5,TNFRSF4,5517,1.0,1.4632087969008225,0.0727987075637629,0.11499639396783679,3.9076286709720125,3.47599025387934,0.125,0.125,8,8
1201,5,MECP2,1201,1.0,2.3730099971937006,0.19546734220404766,1.976036726514225e-05,2.4056629229695634,1.7375121862278962,1.0,1.0,1,1
4915,5,TFAP2B,4915,-1.0,2.3486647720754674,0.3356735481188728,7.670612126322595e-14,-2.6741085585236637,1.9799881704381095,1.0,0.72,25,18
4923,5,TFAP2B,4923,-1.0,2.3486647720754674,0.2879878094026746,1.9904023620297438e-10,-3.8738295144648407,3.4548685995141137,1.0,0.72,25,18
4922,5,TFAP2B,4922,-1.0,2.3486647720754674,-0.15948553145065872,0.000519304358101068,5.556375046631768,5.758363329572836,1.0,0.72,25,18
4931,5,TFAP2B,4931,-1.0,2.3486647720754674,-0.17493841424850778,0.00013789722540211247,5.62232598056756,5.969586454971185,1.0,0.72,25,18
4917,5,TFAP2B,4917,-1.0,2.3486647720754674,0.3029274301636073,1.9720620288130524e-11,-5.4231461551203965,5.556903742911397,1.0,0.72,25,18
4926,5,TFAP2B,4926,-1.0,2.3486647720754674,-0.16913462311061275,0.00023000028103728088,4.316725085746773,3.9816195548800235,1.0,0.72,25,18
4921,5,TFAP2B,4921,-1.0,2.3486647720754674,0.40537324224471105,5.1357674193067114e-20,-3.017021006971678,2.3741629251542546,1.0,0.72,25,18
4927,5,TFAP2B,4927,-1.0,2.3486647720754674,-0.32719387268382905,3.445674127115734e-13,4.728184142040361,4.538240703855376,1.0,0.72,25,18
4935,5,TFAP2B,4935,-1.0,2.3486647720754674,-0.21262299287668648,3.3102964600676264e-06,5.93212072777303,6.207894018670518,1.0,0.72,25,18
4925,5,TFAP2B,4925,-1.0,2.3486647720754674,0.3277869103059118,3.1067073634336785e-13,-3.818609466716008,3.4943587796920896,1.0,0.72,25,18
4912,5,TFAP2B,4912,-1.0,2.3486647720754674,0.3614777823602145,5.918566097559788e-16,-5.975628720319822,7.172692853013007,1.0,0.72,25,18
4920,5,TFAP2B,4920,-1.0,2.3486647720754674,0.23470334972927395,2.650199844090667e-07,-3.2983227503438797,2.6632662519794756,1.0,0.72,25,18
4916,5,TFAP2B,4916,-1.0,2.3486647720754674,-0.306037504814728,1.1982070185922696e-11,2.9231259219039774,2.22900270095709,1.0,0.72,25,18
4913,5,TFAP2B,4913,-1.0,2.3486647720754674,0.37711391436987235,2.4847052674254518e-17,-3.8060916685656205,3.3819958608375,1.0,0.72,25,18
4914,5,TFAP2B,4914,-1.0,2.3486647720754674,0.2589895015117133,1.2171856578452802e-08,-4.432364255213583,4.14802306101183,1.0,0.72,25,18
4930,5,TFAP2B,4930,-1.0,2.3486647720754674,0.28397063942139666,3.622880004652405e-10,-2.6634761888717065,1.9804204679462285,1.0,0.72,25,18
4936,5,TFAP2B,4936,-1.0,2.3486647720754674,0.18964281435023647,3.50315247018663e-05,-2.3651397642295398,1.6325252138558468,1.0,0.72,25,18
4934,5,TFAP2B,4934,-1.0,2.3486647720754674,0.2087190338361227,5.037378701236304e-06,-2.055231916190411,1.3373143007767123,1.0,0.72,25,18
2699,5,RFC5,2699,1.0,1.4638362556556568,0.24211895048213533,1.0706278253559279e-07,2.379870597501699,1.6846684737797657,1.0,1.0,2,2
2698,5,RFC5,2698,1.0,1.4638362556556568,0.27310158979943955,1.746918695801342e-09,2.0103963822960886,1.3270274751659314,1.0,1.0,2,2
4869,5,WT1,4869,-1.0,5.348660129261424,0.16978109869363747,0.00021743693231846456,-2.748479011497541,2.049402964998888,1.0,0.6666666666666666,6,4
4871,5,WT1,4871,-1.0,5.348660129261424,0.15699854330381047,0.000635973539812849,-4.354550176773936,4.080712555172264,1.0,0.6666666666666666,6,4
4868,5,WT1,4868,-1.0,5.348660129261424,0.24507707833419998,7.395902611867584e-08,-3.6148488269603503,3.1596223429501595,1.0,0.6666666666666666,6,4
4867,5,WT1,4867,-1.0,5.348660129261424,0.26869709467193154,3.2410911533566865e-09,-4.531091840438143,4.361847722268411,1.0,0.6666666666666666,6,4
658,5,NR2F1,658,1.0,1.3650205118321104,0.288229288960691,1.91943358804928e-10,2.2569108691931254,1.5915865813744168,0.10526315789473684,0.08,25,19
673,5,NR2F1,673,1.0,1.3650205118321104,0.04032795193875549,0.3830360227969425,3.654931038117182,3.1421005604862344,0.10526315789473684,0.08,25,19
54,5,PARP1,54,1.0,2.7312670772274847,0.28065682853230417,5.895534931242417e-10,2.0172095063548325,1.3096797927784762,0.8888888888888888,0.8,10,9
56,5,PARP1,56,1.0,2.7312670772274847,0.2907597223839566,1.3093050243789432e-10,2.0707423349798346,1.3434490644700727,0.8888888888888888,0.8,10,9
51,5,PARP1,51,1.0,2.7312670772274847,0.11861754861878247,0.010058490207119348,5.371165827439532,5.310608216657002,0.8888888888888888,0.8,10,9
57,5,PARP1,57,1.0,2.7312670772274847,0.4246674204529595,5.301866383136529e-22,2.861241631526988,2.1758356858539276,0.8888888888888888,0.8,10,9
52,5,PARP1,52,1.0,2.7312670772274847,0.23578460282175753,2.3264136910780346e-07,3.4777359909898964,2.8828601706108508,0.8888888888888888,0.8,10,9
49,5,PARP1,49,1.0,2.7312670772274847,-0.15611680817256143,0.0006828685349634914,-2.7375652542755535,2.0748535843747793,0.8888888888888888,0.8,10,9
55,5,PARP1,55,1.0,2.7312670772274847,0.14211025294798732,0.002012636450123413,2.9059308492636937,2.254239776379676,0.8888888888888888,0.8,10,9
53,5,PARP1,53,1.0,2.7312670772274847,0.5080228539990309,3.316288121533838e-32,3.4236318587633296,2.823904233178715,0.8888888888888888,0.8,10,9
976,5,KLF16,976,1.0,4.571156930447679,0.43670018443973585,2.6261041467790088e-23,6.044324984435124,6.362281959618052,0.9,0.72,25,20
961,5,KLF16,961,1.0,4.571156930447679,0.4303001862890455,1.3182068994515173e-22,4.509989779114909,4.372035871936363,0.9,0.72,25,20
980,5,KLF16,980,1.0,4.571156930447679,-0.08623555985391612,0.06175576392608049,-2.9544358165048665,2.270872931118469,0.9,0.72,25,20
963,5,KLF16,963,1.0,4.571156930447679,0.13504219170925622,0.0033538340054124253,5.452527325355308,5.453712891083687,0.9,0.72,25,20
969,5,KLF16,969,1.0,4.571156930447679,0.0004964818329894293,0.9914350261630094,2.5402359371827106,1.7996659258114038,0.9,0.72,25,20
966,5,KLF16,966,1.0,4.571156930447679,0.39142654296711904,1.169282171798777e-18,6.623350539132366,7.129429785992327,0.9,0.72,25,20
965,5,KLF16,965,1.0,4.571156930447679,0.3187655511766088,1.4652672677882716e-12,5.368191278849518,5.559868920150439,0.9,0.72,25,20
960,5,KLF16,960,1.0,4.571156930447679,0.4503230079251585,7.540815327236871e-25,8.91474499579696,12.673701784520027,0.9,0.72,25,20
968,5,KLF16,968,1.0,4.571156930447679,0.2179493988443549,1.8430914912329092e-06,6.0617307420439,6.423586219701761,0.9,0.72,25,20
971,5,KLF16,971,1.0,4.571156930447679,0.5165863132019611,2.0159559723814858e-33,6.309418779409744,6.985340513972257,0.9,0.72,25,20
982,5,KLF16,982,1.0,4.571156930447679,0.2542885633782957,2.266533983073709e-08,3.2774104981803007,2.6765436192797423,0.9,0.72,25,20
977,5,KLF16,977,1.0,4.571156930447679,0.02223858347508966,0.6305899404739984,2.11656255682703,1.3793334239625623,0.9,0.72,25,20
978,5,KLF16,978,1.0,4.571156930447679,0.18130290217354558,7.721185702284912e-05,2.7421228447847277,2.039891606324866,0.9,0.72,25,20
962,5,KLF16,962,1.0,4.571156930447679,0.5100804420774567,1.7044123111681535e-32,7.5798602885976365,8.760554055009507,0.9,0.72,25,20
975,5,KLF16,975,1.0,4.571156930447679,0.26574942837551735,4.871222330372117e-09,4.342460909583346,4.04586541732802,0.9,0.72,25,20
974,5,KLF16,974,1.0,4.571156930447679,0.4033020000572131,8.246333532524316e-20,3.5631500597632546,2.98383872510114,0.9,0.72,25,20
973,5,KLF16,973,1.0,4.571156930447679,0.25729299796489263,1.525516096139692e-08,5.251537865418818,5.305621756702962,0.9,0.72,25,20
967,5,KLF16,967,1.0,4.571156930447679,0.3649594553320941,2.9654015055229385e-16,8.006397067950893,10.277359638544118,0.9,0.72,25,20
4731,5,TCF7,4731,1.0,1.8700458834461362,0.38397763953546504,5.846139292565573e-18,2.0807035247858416,1.3495800873798613,0.1111111111111111,0.08,25,18
4738,5,TCF7,4738,1.0,1.8700458834461362,0.13025664082738114,0.004677597283665004,2.4756029724511075,1.7447094886323837,0.1111111111111111,0.08,25,18
4401,5,TFAP2A,4401,1.0,2.366536394812313,0.34868241026297475,6.98396314136667e-15,9.741997452402382,14.558022556450098,1.0,0.84,25,21
4420,5,TFAP2A,4420,1.0,2.366536394812313,-0.6238439575687474,4.715822180777759e-52,-4.550918431672567,4.310710483693506,1.0,0.84,25,21
4422,5,TFAP2A,4422,1.0,2.366536394812313,-0.5557915608490759,1.8688415833240346e-39,-4.789282888287082,5.175302568407439,1.0,0.84,25,21
4410,5,TFAP2A,4410,1.0,2.366536394812313,-0.6553133120527886,5.299331917682907e-59,-4.552811147257621,4.526231279777754,1.0,0.84,25,21
4415,5,TFAP2A,4415,1.0,2.366536394812313,0.28910979148745464,1.6809397820131487e-10,2.925932959222119,2.2270725650523135,1.0,0.84,25,21
4412,5,TFAP2A,4412,1.0,2.366536394812313,0.25082157023143253,3.55688272365541e-08,5.256618416536576,5.373424690713968,1.0,0.84,25,21
4421,5,TFAP2A,4421,1.0,2.366536394812313,-0.5389556775393549,9.109623392850905e-37,-5.852024072451065,6.653285863587785,1.0,0.84,25,21
4402,5,TFAP2A,4402,1.0,2.366536394812313,-0.542943482498452,2.170249363153729e-37,-4.85486141142068,5.235045817010631,1.0,0.84,25,21
4405,5,TFAP2A,4405,1.0,2.366536394812313,-0.4620602291236788,3.105225583797705e-26,-5.519786694540774,5.720845407302864,1.0,0.84,25,21
4403,5,TFAP2A,4403,1.0,2.366536394812313,0.49668716414443004,1.1980647428627846e-30,3.3232117290932854,2.690054936884681,1.0,0.84,25,21
4404,5,TFAP2A,4404,1.0,2.366536394812313,0.21817582368682406,1.7971868999318444e-06,6.535190585494083,7.071894781859103,1.0,0.84,25,21
4408,5,TFAP2A,4408,1.0,2.366536394812313,0.3384679799269003,4.627741407695519e-14,2.237377830910346,1.5099263163933316,1.0,0.84,25,21
4423,5,TFAP2A,4423,1.0,2.366536394812313,0.28898715914551504,1.7123372424978147e-10,3.5127806778424926,2.934876429509444,1.0,0.84,25,21
4418,5,TFAP2A,4418,1.0,2.366536394812313,-0.7369027705258195,1.297412075576065e-81,-2.9385405127288964,2.2917009104017194,1.0,0.84,25,21
4407,5,TFAP2A,4407,1.0,2.366536394812313,-0.46733954566508834,7.100327269344629e-27,-6.558561532204265,7.171985067097597,1.0,0.84,25,21
4424,5,TFAP2A,4424,1.0,2.366536394812313,0.5891666288617703,2.924496162107029e-45,3.413283994428552,2.84656105829368,1.0,0.84,25,21
4414,5,TFAP2A,4414,1.0,2.366536394812313,0.3796190480043205,1.471088911802232e-17,3.356301607542237,2.7297267485642895,1.0,0.84,25,21
4413,5,TFAP2A,4413,1.0,2.366536394812313,0.28484401218117117,3.183128726843953e-10,8.179265216531183,10.706553005912443,1.0,0.84,25,21
4425,5,TFAP2A,4425,1.0,2.366536394812313,0.262783713708383,7.303061989348187e-09,3.6365536222739663,3.055751217634863,1.0,0.84,25,21
4419,5,TFAP2A,4419,1.0,2.366536394812313,-0.6738270970665039,1.706142370482729e-63,-2.3554142027085843,1.6220771654146227,1.0,0.84,25,21
4411,5,TFAP2A,4411,1.0,2.366536394812313,-0.5605895945706583,3.000287293786195e-40,-5.344875646252764,5.632608006271187,1.0,0.84,25,21
1154,5,ZNF8,1154,1.0,1.4264442711038312,0.30094086514747814,2.702697774789519e-11,2.765437578002492,2.087476730182633,0.5,0.2,10,4
1149,5,ZNF8,1149,1.0,1.4264442711038312,0.15160564860054945,0.0009770359501573153,4.125361686978247,3.7105017125047395,0.5,0.2,10,4
2163,5,BRF1,2163,1.0,12.297033342883184,0.5026945307535851,1.8204223828876683e-31,8.158676022753799,10.943970096980362,0.75,0.75,4,4
2164,5,BRF1,2164,1.0,12.297033342883184,-0.18659643528239972,4.694338044525265e-05,-5.495310944754512,5.727764272004588,0.75,0.75,4,4
2165,5,BRF1,2165,1.0,12.297033342883184,0.46807984740884284,5.761349169824976e-27,6.699504203768261,7.306840808832829,0.75,0.75,4,4
2065,5,E2F8,2065,1.0,1.4182183955655514,0.597470028904131,8.215996913063885e-47,2.709277058818293,2.1021341941380567,0.3333333333333333,0.25,4,3
5817,5,GATA6,5817,-1.0,1.5821779254848916,0.2736813483547358,1.6090912343873819e-09,-5.028632712289119,5.10954773830292,0.8888888888888888,0.6153846153846154,13,9
5814,5,GATA6,5814,-1.0,1.5821779254848916,0.15570475888037022,0.0007058642623881074,-3.0763467545093564,2.443312864197196,0.8888888888888888,0.6153846153846154,13,9
5811,5,GATA6,5811,-1.0,1.5821779254848916,0.23521085452261667,2.493161423982308e-07,-5.4299562575364595,5.679181867485098,0.8888888888888888,0.6153846153846154,13,9
5816,5,GATA6,5816,-1.0,1.5821779254848916,0.26203474332594284,8.08308570763897e-09,-3.4615075675647806,2.9322797158419145,0.8888888888888888,0.6153846153846154,13,9
5813,5,GATA6,5813,-1.0,1.5821779254848916,0.3278367614428198,3.079749170276906e-13,-4.1099135715346655,3.7262889864391564,0.8888888888888888,0.6153846153846154,13,9
5809,5,GATA6,5809,-1.0,1.5821779254848916,0.13648083898552657,0.0030284042381558303,-3.082116985794672,2.488405501374384,0.8888888888888888,0.6153846153846154,13,9
5808,5,GATA6,5808,-1.0,1.5821779254848916,0.3140595206069435,3.2243851934279295e-12,-6.784869002280052,7.581292116201021,0.8888888888888888,0.6153846153846154,13,9
5810,5,GATA6,5810,-1.0,1.5821779254848916,0.22761574005179802,6.130471339534071e-07,-5.007822858196999,5.295988572110588,0.8888888888888888,0.6153846153846154,13,9
3101,5,KLF11,3101,1.0,1.5150997815438136,0.47930816172559093,2.272743822388493e-28,2.5583102143005614,1.8274799908808195,0.6666666666666666,0.5,4,3
3098,5,KLF11,3098,1.0,1.5150997815438136,0.5072343546241843,4.2747525790187276e-32,2.4281281720522,1.7748886223736704,0.6666666666666666,0.5,4,3
4533,5,MIXL1,4533,-1.0,4.648201573812054,0.2575752539679179,1.4694357660961228e-08,-3.3032057126880106,2.8388657135143305,1.0,0.75,4,3
4530,5,MIXL1,4530,-1.0,4.648201573812054,-0.19133248414867177,2.972249485711991e-05,8.119950247029042,10.310959638653047,1.0,0.75,4,3
4531,5,MIXL1,4531,-1.0,4.648201573812054,0.22203398141741362,1.1645369883645108e-06,-6.435531509334351,6.90880279246179,1.0,0.75,4,3
1652,5,NR2C2,1652,1.0,1.4734964960327985,0.6766152780133561,3.364638948977482e-64,2.1632918550103386,1.4917705425760561,0.3076923076923077,0.2,20,13
1661,5,NR2C2,1661,1.0,1.4734964960327985,-0.0761013433211462,0.09938656465144026,-5.217861593286933,5.1713790157735575,0.3076923076923077,0.2,20,13
1665,5,NR2C2,1665,1.0,1.4734964960327985,0.5981234130973307,6.175291690396446e-47,5.258286986532059,5.618439294595221,0.3076923076923077,0.2,20,13
1663,5,NR2C2,1663,1.0,1.4734964960327985,0.32420078763251103,5.791174852662428e-13,4.814505629704732,4.664705228779675,0.3076923076923077,0.2,20,13
5481,5,ARID5A,5481,1.0,1.3654228482979869,0.13747218450561746,0.002821156481943977,2.1839435687261677,1.4749904601677928,0.09090909090909091,0.058823529411764705,17,11
830,5,PITX1,830,-1.0,2.5529201187585913,-0.18497873270362303,5.473418304131331e-05,2.177171768787489,1.5041118786906487,1.0,0.4,10,4
831,5,PITX1,831,-1.0,2.5529201187585913,0.4892854885503711,1.1605806952717007e-29,-3.451380212712943,3.0182918333444366,1.0,0.4,10,4
837,5,PITX1,837,-1.0,2.5529201187585913,-0.14471259408850218,0.0016579583268187302,3.1061479477816714,2.4701183814231777,1.0,0.4,10,4
834,5,PITX1,834,-1.0,2.5529201187585913,-0.18488239503483556,5.523469926210364e-05,3.7878705603951257,3.2483872130299605,1.0,0.4,10,4
1301,5,SREBF1,1301,-1.0,2.416907641398503,-0.014934735264108864,0.746745839122437,3.439347355197041,2.8264125745849347,0.5714285714285714,0.4,10,7
1302,5,SREBF1,1302,-1.0,2.416907641398503,-0.10324146406372492,0.02520504630105418,4.765280776424616,4.638045984103636,0.5714285714285714,0.4,10,7
1303,5,SREBF1,1303,-1.0,2.416907641398503,-0.19381336594282572,2.3289563838034984e-05,2.328229592513934,1.6218059184180669,0.5714285714285714,0.4,10,7
1295,5,SREBF1,1295,-1.0,2.416907641398503,-0.21300827479353474,3.174578388405542e-06,2.6171038719041104,1.9975998488372577,0.5714285714285714,0.4,10,7
2192,5,SIRT6,2192,1.0,6.807277448274334,0.5122298021441012,8.462426826480636e-33,7.747145069910743,10.098127946086164,0.6666666666666666,0.5,4,3
2193,5,SIRT6,2193,1.0,6.807277448274334,-0.21654450146803403,2.154024278905421e-06,-4.484646103564235,4.400687246338751,0.6666666666666666,0.5,4,3
2037,5,TGIF2,2037,1.0,1.4521594930915873,0.369301980986208,1.2376024683362838e-16,2.569346036135415,1.8375557668370657,0.5,0.2,10,4
2036,5,TGIF2,2036,1.0,1.4521594930915873,0.4513461384537634,5.73832003915418e-25,2.469318501516499,1.7348707697334254,0.5,0.2,10,4
4257,5,BORCS8-MEF2B,4257,1.0,1.5671348786722747,0.10440629793937792,0.02359645235575156,3.6946591299131017,3.15847061057536,0.8181818181818182,0.5,18,11
4270,5,BORCS8-MEF2B,4270,1.0,1.5671348786722747,0.3323437600682627,1.391371299187839e-13,3.697035395969635,3.174409906056642,0.8181818181818182,0.5,18,11
4268,5,BORCS8-MEF2B,4268,1.0,1.5671348786722747,0.44259011989016267,5.770207708453876e-24,2.6400324181856805,1.9084921358274756,0.8181818181818182,0.5,18,11
4260,5,BORCS8-MEF2B,4260,1.0,1.5671348786722747,0.16009085889161054,0.0004940883919928394,3.4943048253679985,2.9190750737946,0.8181818181818182,0.5,18,11
4261,5,BORCS8-MEF2B,4261,1.0,1.5671348786722747,0.21115757822507317,3.878930049168732e-06,4.181134013304963,3.7676010670007214,0.8181818181818182,0.5,18,11
4253,5,BORCS8-MEF2B,4253,1.0,1.5671348786722747,0.3157537193516668,2.431243042757508e-12,7.342494828314879,9.081519832383618,0.8181818181818182,0.5,18,11
4263,5,BORCS8-MEF2B,4263,1.0,1.5671348786722747,0.42267097517272995,8.628855389123502e-22,5.360465139641485,5.489654806125933,0.8181818181818182,0.5,18,11
4255,5,BORCS8-MEF2B,4255,1.0,1.5671348786722747,0.13212675514649858,0.004112487456655985,5.425050718241704,5.351823168122534,0.8181818181818182,0.5,18,11
4265,5,BORCS8-MEF2B,4265,1.0,1.5671348786722747,0.21285420418862844,3.228199872002904e-06,4.2293163547234975,3.825746886969765,0.8181818181818182,0.5,18,11
6310,5,PAX5,6310,1.0,1.5839668783876157,-0.00046233648106714086,0.9920240587469971,-2.3532738879491606,1.6122551014045712,0.5,0.5,2,2
2575,5,NR6A1,2575,1.0,1.4282549114353675,0.21750706710768852,1.936028508478597e-06,6.994572792028612,8.02934712427078,1.0,0.6,5,3
2572,5,NR6A1,2572,1.0,1.4282549114353675,0.23650964776142527,2.1310103192442982e-07,2.35097825124917,1.7000976892470252,1.0,0.6,5,3
2573,5,NR6A1,2573,1.0,1.4282549114353675,0.18987387419667007,3.425590616630791e-05,2.953017519614071,2.259094964771429,1.0,0.6,5,3
1486,5,RUNX2,1486,1.0,1.3316998537280957,0.40171159381301924,1.1835844422068597e-19,2.073376661940662,1.4002250877596245,0.07142857142857142,0.047619047619047616,21,14
1620,5,E2F6,1620,1.0,1.655395527202822,0.44243235066608383,6.0115719568010825e-24,2.25057336372856,1.5811449366409946,0.5,0.3333333333333333,3,2
4361,5,IRX5,4361,-1.0,2.7137635018811257,-0.0911161190157859,0.04835916788959714,2.1328916993847526,1.3954225308288488,0.07142857142857142,0.058823529411764705,17,14
39,5,ZKSCAN3,39,1.0,1.4690736315082455,0.35388359347436443,2.5956328100457104e-15,2.024937468273343,1.3410771998185416,0.5,0.5,2,2
6370,5,LMX1B,6370,-1.0,3.837897535143708,-0.17711958819505644,0.00011329501489412312,2.0965254198756593,1.3941011440815756,1.0,0.6666666666666666,3,2
6368,5,LMX1B,6368,-1.0,3.837897535143708,-0.2521901605032642,2.9796160504944896e-08,4.6305149717713245,4.522065634415625,1.0,0.6666666666666666,3,2
6241,5,PITX2,6241,1.0,1.3484613458343053,0.2051524059874555,7.341787979512251e-06,3.46199616390117,2.890206283112067,0.8333333333333334,0.2777777777777778,18,6
6245,5,PITX2,6245,1.0,1.3484613458343053,0.27658482075426266,1.0630775453951017e-09,2.5848317269331806,1.8676902275350826,0.8333333333333334,0.2777777777777778,18,6
6235,5,PITX2,6235,1.0,1.3484613458343053,0.21255968283170565,3.3331218242586325e-06,4.286435548831263,3.90694123840527,0.8333333333333334,0.2777777777777778,18,6
6248,5,PITX2,6248,1.0,1.3484613458343053,0.1955290953179453,1.9638976612969247e-05,4.060625519368945,3.6363853059433247,0.8333333333333334,0.2777777777777778,18,6
6238,5,PITX2,6238,1.0,1.3484613458343053,0.22490934389952635,8.384951043593902e-07,2.279713427176016,1.54735773929235,0.8333333333333334,0.2777777777777778,18,6
3148,5,IRF8,3148,1.0,1.4351639004388972,0.179170532638725,9.39801183955884e-05,2.9365009689820507,2.2503250180562167,0.21428571428571427,0.14285714285714285,21,14
3140,5,IRF8,3140,1.0,1.4351639004388972,0.1746516290828205,0.00014148210605517125,6.394485557657181,6.813442132639432,0.21428571428571427,0.14285714285714285,21,14
3146,5,IRF8,3146,1.0,1.4351639004388972,0.16768042543367034,0.00026078430836357227,3.079967769078559,2.4688418345924124,0.21428571428571427,0.14285714285714285,21,14
3207,5,RFX7,3207,-1.0,3.5064436463085995,0.5955212033457479,1.9179352897025317e-46,-2.1761339870082175,1.469361371933757,1.0,0.5,6,3
3206,5,RFX7,3206,-1.0,3.5064436463085995,-0.5002398034415074,3.949210112959023e-31,8.246724490182373,10.64268039113917,1.0,0.5,6,3
3210,5,RFX7,3210,-1.0,3.5064436463085995,-0.41875529328749744,2.222004570137153e-21,5.73657799638554,6.043984448457261,1.0,0.5,6,3
3749,5,IRX4,3749,-1.0,2.3982881285195754,0.4241111398699115,6.07447554468587e-22,-3.469078198131228,2.987754347901856,1.0,1.0,2,2
3750,5,IRX4,3750,-1.0,2.3982881285195754,0.1701825562875063,0.00020996154509065576,-2.341942532404194,1.6061511170701672,1.0,1.0,2,2
6005,5,GATA2,6005,-1.0,3.1159344274542375,0.4013130675971777,1.2953672440060493e-19,-7.5102666599475265,8.832996076233592,1.0,0.9,10,9
6011,5,GATA2,6011,-1.0,3.1159344274542375,0.29341590885908875,8.727128482180366e-11,-3.5737565542133836,3.0050939813950883,1.0,0.9,10,9
6006,5,GATA2,6006,-1.0,3.1159344274542375,-0.19998046666749505,1.2531500704711138e-05,2.476011425401787,1.7405565055955474,1.0,0.9,10,9
6004,5,GATA2,6004,-1.0,3.1159344274542375,-0.2724754829226373,1.908638599452906e-09,6.113305212356425,6.438921930760671,1.0,0.9,10,9
6012,5,GATA2,6012,-1.0,3.1159344274542375,0.4120666872594996,1.086669941032711e-20,-6.505664871231158,7.524006546852303,1.0,0.9,10,9
6010,5,GATA2,6010,-1.0,3.1159344274542375,-0.24411851647229174,8.342098918809676e-08,2.171758208277578,1.441516226480333,1.0,0.9,10,9
6013,5,GATA2,6013,-1.0,3.1159344274542375,0.3576454359183889,1.254182641032843e-15,-2.1450684768955695,1.4278267490447065,1.0,0.9,10,9
6007,5,GATA2,6007,-1.0,3.1159344274542375,0.2484694796013929,4.810574747832197e-08,-5.487585774310298,5.67549771366436,1.0,0.9,10,9
6009,5,GATA2,6009,-1.0,3.1159344274542375,0.29834952008971466,4.0623799862077534e-11,-5.678465481642189,6.164820060566584,1.0,0.9,10,9
6130,5,SOX8,6130,-1.0,1.4335701999141965,-0.07380970199820791,0.1100261440732052,2.902082755049965,2.205253596373005,0.7,0.2916666666666667,24,10
6119,5,SOX8,6119,-1.0,1.4335701999141965,0.2028230866652932,9.356521438148842e-06,-2.6510520921975136,1.943964268085136,0.7,0.2916666666666667,24,10
6112,5,SOX8,6112,-1.0,1.4335701999141965,0.29168472392263994,1.137360988651176e-10,-3.640247205847614,3.1430816504475847,0.7,0.2916666666666667,24,10
6111,5,SOX8,6111,-1.0,1.4335701999141965,-0.2214796152626988,1.2400485851304862e-06,2.8982420635848385,2.204771922134451,0.7,0.2916666666666667,24,10
6109,5,SOX8,6109,-1.0,1.4335701999141965,0.2509633891603297,3.492374521572821e-08,-6.29365221951047,7.2657834957742224,0.7,0.2916666666666667,24,10
6122,5,SOX8,6122,-1.0,1.4335701999141965,-0.2639150288477848,6.2614248473659455e-09,3.377987347666664,2.7430800128298123,0.7,0.2916666666666667,24,10
6110,5,SOX8,6110,-1.0,1.4335701999141965,-0.23957614980101144,1.4658014379943546e-07,2.425834472345827,1.686689587895358,0.7,0.2916666666666667,24,10
4118,5,GFI1,4118,1.0,1.5501753443684367,0.29569599199711283,6.140228168660414e-11,2.123304116857874,1.421137931328491,0.07142857142857142,0.041666666666666664,24,14
444,5,SMAD1,444,-1.0,1.6364631371795288,-0.36529556734939905,2.7727782267919605e-16,9.469205996803897,13.73659379110821,0.7894736842105263,0.6,25,19
451,5,SMAD1,451,-1.0,1.6364631371795288,0.4454599016225092,2.728019164665882e-24,-6.3528514689740705,7.266608801387858,0.7894736842105263,0.6,25,19
456,5,SMAD1,456,-1.0,1.6364631371795288,-0.07417181993156978,0.10828762552756366,4.576952760060723,4.3249400707218895,0.7894736842105263,0.6,25,19
462,5,SMAD1,462,-1.0,1.6364631371795288,-0.3091297235773392,7.2582162610721594e-12,4.092493160508796,3.6929896034472196,0.7894736842105263,0.6,25,19
467,5,SMAD1,467,-1.0,1.6364631371795288,0.3422359482089293,2.3223020524750003e-14,-3.055817906038316,2.4233325922172986,0.7894736842105263,0.6,25,19
446,5,SMAD1,446,-1.0,1.6364631371795288,0.5171468851702998,1.6736319770723495e-33,-6.3496189827032,6.986899376116301,0.7894736842105263,0.6,25,19
463,5,SMAD1,463,-1.0,1.6364631371795288,0.4380965287592203,1.8384432277520405e-23,-5.5337639035798585,5.737288900412394,0.7894736842105263,0.6,25,19
464,5,SMAD1,464,-1.0,1.6364631371795288,0.4128814237141014,8.973322720652817e-21,-5.918367915216243,7.253633236249703,0.7894736842105263,0.6,25,19
454,5,SMAD1,454,-1.0,1.6364631371795288,-0.06665888415549112,0.14905224101586365,4.072862971840752,3.655787748724421,0.7894736842105263,0.6,25,19
452,5,SMAD1,452,-1.0,1.6364631371795288,0.4077892341864527,2.943710842655423e-20,-5.209745548600859,5.376822401229016,0.7894736842105263,0.6,25,19
448,5,SMAD1,448,-1.0,1.6364631371795288,0.45288834706686504,3.7949288966015197e-25,-5.6325525637591225,5.929821265265493,0.7894736842105263,0.6,25,19
445,5,SMAD1,445,-1.0,1.6364631371795288,0.5296868223111112,2.3758080001970851e-35,-5.010637764772402,5.419840808017333,0.7894736842105263,0.6,25,19
453,5,SMAD1,453,-1.0,1.6364631371795288,0.44024415509812764,1.0589187468676462e-23,-2.78690617736693,2.1534352753945214,0.7894736842105263,0.6,25,19
450,5,SMAD1,450,-1.0,1.6364631371795288,0.2856731963669158,2.8139571313521935e-10,-2.3250961341975898,1.6049424715308727,0.7894736842105263,0.6,25,19
455,5,SMAD1,455,-1.0,1.6364631371795288,-0.4653446029488976,1.2437713380812217e-26,7.221371923711527,8.886283481969512,0.7894736842105263,0.6,25,19
2144,5,TFCP2,2144,-1.0,3.4077874732109197,0.26918059114914655,3.0301338813530016e-09,-3.252093854229291,2.621110494304661,0.75,0.5,6,4
2140,5,TFCP2,2140,-1.0,3.4077874732109197,0.4098491339018613,1.8249460353108992e-20,-6.782141897063209,8.610493068215149,0.75,0.5,6,4
2141,5,TFCP2,2141,-1.0,3.4077874732109197,0.27632979084597536,1.1027108765099494e-09,-4.277770025122192,4.008668948637776,0.75,0.5,6,4
97,5,HSF1,97,1.0,12.529224392432544,0.1654821742448388,0.00031470479709832405,3.2289520499373126,2.606152706584821,0.8666666666666667,0.5416666666666666,24,15
102,5,HSF1,102,1.0,12.529224392432544,0.4067062322599922,3.779973444222766e-20,2.7525290304298964,2.044228785324914,0.8666666666666667,0.5416666666666666,24,15
82,5,HSF1,82,1.0,12.529224392432544,-0.2566837660380652,1.6537138880989518e-08,-5.941788892834554,6.843491142513525,0.8666666666666667,0.5416666666666666,24,15
90,5,HSF1,90,1.0,12.529224392432544,-0.31524157617811865,2.6483609970274663e-12,-3.767168152233169,3.2884750141860466,0.8666666666666667,0.5416666666666666,24,15
89,5,HSF1,89,1.0,12.529224392432544,0.34472465658465473,1.4651929695484537e-14,3.5335244607168756,2.9570845776044328,0.8666666666666667,0.5416666666666666,24,15
85,5,HSF1,85,1.0,12.529224392432544,0.23691938541663365,2.0276789509795083e-07,4.027316483213728,3.6103612478198674,0.8666666666666667,0.5416666666666666,24,15
96,5,HSF1,96,1.0,12.529224392432544,0.4188681011722601,2.1626462170559146e-21,3.6011619467338067,3.035382597548592,0.8666666666666667,0.5416666666666666,24,15
87,5,HSF1,87,1.0,12.529224392432544,-0.24253261792021444,1.0169467957531464e-07,-6.248237165869821,6.7477433298736065,0.8666666666666667,0.5416666666666666,24,15
101,5,HSF1,101,1.0,12.529224392432544,0.32233032656784616,7.987726352727455e-13,2.223675409502075,1.484756088824707,0.8666666666666667,0.5416666666666666,24,15
81,5,HSF1,81,1.0,12.529224392432544,0.3684066839827541,1.4835234494092268e-16,8.266138567834052,11.262721506718163,0.8666666666666667,0.5416666666666666,24,15
84,5,HSF1,84,1.0,12.529224392432544,-0.22037245672976766,1.4051471630619912e-06,-6.7840378691786105,7.494314719112617,0.8666666666666667,0.5416666666666666,24,15
100,5,HSF1,100,1.0,12.529224392432544,-0.24772316760148305,5.290862445595206e-08,-2.118730575204002,1.3840592941590624,0.8666666666666667,0.5416666666666666,24,15
88,5,HSF1,88,1.0,12.529224392432544,0.2484556097794959,4.8191036727912516e-08,4.732849429741011,4.519216527838995,0.8666666666666667,0.5416666666666666,24,15
6165,5,PHOX2B,6165,-1.0,1.3461097265236497,0.1894934106185217,3.554185937328372e-05,-3.251210184676689,2.7193889673145337,1.0,1.0,1,1
3538,5,PRDM4,3538,1.0,1.8631555367265087,0.4043295226960854,6.522545483084922e-20,2.277566992860752,1.6115487878533254,0.3333333333333333,0.25,4,3
2308,5,USF1,2308,1.0,4.8427064270745515,0.17686490591204052,0.00011593865164201392,2.9482655390162846,2.395100984389464,0.5,0.5,4,4
2311,5,USF1,2311,1.0,4.8427064270745515,0.021099177606247896,0.6482087533095305,2.7998228569255716,2.1256443356035284,0.5,0.5,4,4
4150,5,DEAF1,4150,1.0,3.6895639365615667,0.2964245043922548,5.4842031662038376e-11,8.674186397762613,11.612742498806416,1.0,1.0,1,1
2790,5,RARB,2790,1.0,1.3534134946618555,0.03973293657937252,0.39010044778775976,5.970780740013163,6.232267418084492,0.2,0.13043478260869565,23,15
2778,5,RARB,2778,1.0,1.3534134946618555,0.4844620719606814,4.94901700168208e-29,2.1591454191967916,1.4896505073348711,0.2,0.13043478260869565,23,15
2795,5,RARB,2795,1.0,1.3534134946618555,0.236353149937687,2.1718008437768612e-07,2.6990350880977365,1.986166097284536,0.2,0.13043478260869565,23,15
636,5,MAZ,636,1.0,12.513084255348963,0.597340577233092,8.693497655005541e-47,5.630929162693512,5.740740135548739,0.8666666666666667,0.52,25,15
637,5,MAZ,637,1.0,12.513084255348963,0.4015897705440236,1.2167062909675176e-19,4.999375865984205,4.94370846128701,0.8666666666666667,0.52,25,15
654,5,MAZ,654,1.0,12.513084255348963,0.4983348989857983,7.172030674217993e-31,3.749609989887676,3.283810118809072,0.8666666666666667,0.52,25,15
634,5,MAZ,634,1.0,12.513084255348963,0.499789265393552,4.549314043265745e-31,9.356224463346859,13.570571210311762,0.8666666666666667,0.52,25,15
647,5,MAZ,647,1.0,12.513084255348963,-0.1714167242890344,0.00018845963844272851,-3.302918556893751,2.7680684197406147,0.8666666666666667,0.52,25,15
641,5,MAZ,641,1.0,12.513084255348963,0.40634469223587605,4.108208519358685e-20,7.565405059066501,9.622639188790611,0.8666666666666667,0.52,25,15
648,5,MAZ,648,1.0,12.513084255348963,0.4448986361630757,3.1602461202656544e-24,4.331684862546255,3.9847512334352806,0.8666666666666667,0.52,25,15
653,5,MAZ,653,1.0,12.513084255348963,-0.24978376080798648,4.065277646694756e-08,-4.5928612221046725,4.535120326765979,0.8666666666666667,0.52,25,15
635,5,MAZ,635,1.0,12.513084255348963,-0.27263047818233677,1.8673001143658616e-09,-4.741588235568526,5.17685151902177,0.8666666666666667,0.52,25,15
643,5,MAZ,643,1.0,12.513084255348963,-0.2272560493372682,6.392445061602895e-07,-3.733818719981526,3.351793651003692,0.8666666666666667,0.52,25,15
649,5,MAZ,649,1.0,12.513084255348963,0.3401854106233012,3.383647824420911e-14,6.048364207418185,6.466451137714978,0.8666666666666667,0.52,25,15
642,5,MAZ,642,1.0,12.513084255348963,-0.15308058857745038,0.0008699734494150757,-4.039474548077237,3.614813085299808,0.8666666666666667,0.52,25,15
655,5,MAZ,655,1.0,12.513084255348963,0.2798551528266553,6.626173184712321e-10,5.703877385184774,5.934390740262829,0.8666666666666667,0.52,25,15
3699,5,BARX2,3699,-1.0,2.5111640653006657,0.5490097088873759,2.3587444834045874e-38,-3.1152737152626204,2.5396014729330396,1.0,1.0,2,2
3700,5,BARX2,3700,-1.0,2.5111640653006657,0.2159964802418044,2.2884369577144516e-06,-3.6910901345614042,3.164299924357418,1.0,1.0,2,2
6269,5,FOXM1,6269,1.0,12.346550496559948,0.6530777279266843,1.7593141067139123e-58,4.865428499129719,4.712165016664384,1.0,1.0,1,1
4632,5,EGR1,4632,-1.0,1.374991990495239,-0.28096265810513393,5.637982907811543e-10,9.214638881804818,13.438151121886296,1.0,0.76,25,19
4641,5,EGR1,4641,-1.0,1.374991990495239,-0.2430423338749306,9.543662249750896e-08,4.632838845289059,4.521112500492717,1.0,0.76,25,19
4642,5,EGR1,4642,-1.0,1.374991990495239,0.3082814683864861,8.333056048671504e-12,-2.80136928810098,2.1410659238493435,1.0,0.76,25,19
4644,5,EGR1,4644,-1.0,1.374991990495239,0.262138998153869,7.969859808408069e-09,-2.1070973644304076,1.3841991478465872,1.0,0.76,25,19
4638,5,EGR1,4638,-1.0,1.374991990495239,0.303846708416757,1.7030509222140686e-11,-5.942864182673271,6.316887611579952,1.0,0.76,25,19
4640,5,EGR1,4640,-1.0,1.374991990495239,-0.18075203908053486,8.125062053060183e-05,5.803229872092282,6.093230170643297,1.0,0.76,25,19
4649,5,EGR1,4649,-1.0,1.374991990495239,-0.23363304669997934,3.01320095148958e-07,6.850112555492548,7.686699945214967,1.0,0.76,25,19
4648,5,EGR1,4648,-1.0,1.374991990495239,0.2218856542987346,1.1842972117750826e-06,-3.661018720038956,3.3107644331878903,1.0,0.76,25,19
4653,5,EGR1,4653,-1.0,1.374991990495239,0.19979437989037643,1.2771657275039386e-05,-2.033019698373469,1.311523867953,1.0,0.76,25,19
4643,5,EGR1,4643,-1.0,1.374991990495239,0.21513012638008344,2.517437890195585e-06,-2.0458953309712298,1.3290164853872464,1.0,0.76,25,19
4635,5,EGR1,4635,-1.0,1.374991990495239,0.29329998026439935,8.883793177669499e-11,-3.6420997661482266,3.1944221449068624,1.0,0.76,25,19
4639,5,EGR1,4639,-1.0,1.374991990495239,0.3045434358033849,1.523368493478264e-11,-3.6198192391511532,3.229910314561891,1.0,0.76,25,19
4633,5,EGR1,4633,-1.0,1.374991990495239,0.2964142176076811,5.49297212786084e-11,-2.5200460310430293,1.8680625254746448,1.0,0.76,25,19
4634,5,EGR1,4634,-1.0,1.374991990495239,0.3057032996595248,1.2644686917697867e-11,-5.693209113251265,6.055541112621895,1.0,0.76,25,19
4651,5,EGR1,4651,-1.0,1.374991990495239,0.18079515111026484,8.092749328957262e-05,-3.4216865124899107,2.8106262839257847,1.0,0.76,25,19
4646,5,EGR1,4646,-1.0,1.374991990495239,0.36914906619979315,1.2765640689011558e-16,-5.297592154910271,5.581666637236908,1.0,0.76,25,19
4637,5,EGR1,4637,-1.0,1.374991990495239,-0.26230647625327574,7.791181257449586e-09,8.180133144222555,10.693071159309213,1.0,0.76,25,19
4636,5,EGR1,4636,-1.0,1.374991990495239,0.3873156433386858,2.8566599333073158e-18,-2.8354825224806226,2.1650152696502434,1.0,0.76,25,19
4645,5,EGR1,4645,-1.0,1.374991990495239,0.24355806008580222,8.948370786096705e-08,-2.5327737520663964,1.826741097545497,1.0,0.76,25,19
2802,5,SMAD4,2802,1.0,1.4564705336329542,0.7397011226753963,1.542947295682282e-82,2.634579020368464,2.0050055116795966,0.2222222222222222,0.18181818181818182,11,9
2804,5,SMAD4,2804,1.0,1.4564705336329542,0.077732434376238,0.0923249125283047,4.958166269246371,4.846487204579988,0.2222222222222222,0.18181818181818182,11,9
5090,5,FOXJ1,5090,-1.0,3.3972713428465013,0.2857207209747209,2.7941112515422976e-10,-3.076060924328805,2.4359592843744147,1.0,0.72,25,18
5081,5,FOXJ1,5081,-1.0,3.3972713428465013,0.2742623573742452,1.481587344452383e-09,-2.216602750597571,1.500932601216808,1.0,0.72,25,18
5089,5,FOXJ1,5089,-1.0,3.3972713428465013,0.24054308072546962,1.301287738188964e-07,-4.112735484680191,3.818846533037398,1.0,0.72,25,18
5098,5,FOXJ1,5098,-1.0,3.3972713428465013,-0.2344595719733982,2.7289774024421534e-07,2.7113681502524343,1.9951528867415613,1.0,0.72,25,18
5077,5,FOXJ1,5077,-1.0,3.3972713428465013,0.23416380811541476,2.827583653936317e-07,-5.38685015067882,5.603658847910977,1.0,0.72,25,18
5094,5,FOXJ1,5094,-1.0,3.3972713428465013,0.2958131712302836,6.029772580456558e-11,-2.9523484166499374,2.3070273337206495,1.0,0.72,25,18
5087,5,FOXJ1,5087,-1.0,3.3972713428465013,0.2859936492729108,2.68274947522221e-10,-5.47659273333945,6.068963002217355,1.0,0.72,25,18
5082,5,FOXJ1,5082,-1.0,3.3972713428465013,0.265102291696782,5.3235073327241215e-09,-2.4158974639156434,1.7109351536431148,1.0,0.72,25,18
5086,5,FOXJ1,5086,-1.0,3.3972713428465013,0.2786821655193879,7.856157610479322e-10,-5.740179840604149,6.096669401825427,1.0,0.72,25,18
5074,5,FOXJ1,5074,-1.0,3.3972713428465013,0.19353848006965207,2.393118281966151e-05,-3.6137893126008693,3.2889957978059012,1.0,0.72,25,18
5076,5,FOXJ1,5076,-1.0,3.3972713428465013,0.3072818830970961,9.800111233222002e-12,-6.122846775529011,7.025338650596484,1.0,0.72,25,18
5095,5,FOXJ1,5095,-1.0,3.3972713428465013,0.2791166770824457,7.376635201484718e-10,-5.337495984689419,5.516125370914931,1.0,0.72,25,18
5079,5,FOXJ1,5079,-1.0,3.3972713428465013,0.26447625048917794,5.799660623894501e-09,-4.8527443981361795,5.105918075278817,1.0,0.72,25,18
5078,5,FOXJ1,5078,-1.0,3.3972713428465013,0.22102324421400046,1.3057142431946172e-06,-4.305466673300399,4.039179252455285,1.0,0.72,25,18
5097,5,FOXJ1,5097,-1.0,3.3972713428465013,0.20081550814308158,1.1505728809299697e-05,-6.516600911597314,7.228920593591953,1.0,0.72,25,18
5093,5,FOXJ1,5093,-1.0,3.3972713428465013,0.27226173109016105,1.967108839537563e-09,-3.2520355486061536,2.6257239887178025,1.0,0.72,25,18
5083,5,FOXJ1,5083,-1.0,3.3972713428465013,0.24944166479041152,4.24775152626579e-08,-5.412394169649353,5.960381067483454,1.0,0.72,25,18
5075,5,FOXJ1,5075,-1.0,3.3972713428465013,0.2463149274450178,6.326304535233024e-08,-5.7384137192421925,6.114931417276414,1.0,0.72,25,18
6283,5,EHF,6283,1.0,1.3234600070285742,0.10858274128810311,0.018536902663360024,2.2954762458958133,1.571015805139386,0.125,0.09090909090909091,11,8
3663,5,ZNF75A,3663,1.0,1.524779912656807,0.10794957510667484,0.019237140869540773,3.6704405422124613,3.106665387319131,0.3333333333333333,0.25,8,6
3656,5,ZNF75A,3656,1.0,1.524779912656807,0.5084561703514643,2.8836168832139556e-32,2.2998698469183965,1.6303253808863338,0.3333333333333333,0.25,8,6
4630,5,MNX1,4630,1.0,2.987127131248888,0.22084485704799317,1.3322773575250012e-06,8.519989466046757,11.305092454593915,1.0,1.0,2,2
4631,5,MNX1,4631,1.0,2.987127131248888,0.1698368117058936,0.0002163848402957353,3.182281289624511,2.5403631738438084,1.0,1.0,2,2
2629,5,PEG10,2629,1.0,1.336092107487325,0.37356741354694406,5.1782705411516447e-17,2.251457564958941,1.5859179186454444,0.3333333333333333,0.3333333333333333,3,3
764,5,MEOX2,764,1.0,1.310365438371369,0.13778542724228765,0.0027584067109935827,2.5337162297095683,1.8254976814968507,0.11764705882352941,0.08333333333333333,24,17
757,5,MEOX2,757,1.0,1.310365438371369,0.12343605459463125,0.007380781427366671,3.073719220373994,2.5030073090645706,0.11764705882352941,0.08333333333333333,24,17
1966,5,TFEB,1966,1.0,1.3332420231313862,0.01902032246758002,0.6808599367307799,2.6453645160068517,1.922202027823642,0.4,0.3333333333333333,6,5
1962,5,TFEB,1962,1.0,1.3332420231313862,0.156094500875677,0.0006840954749077392,7.981939066303687,10.684989488981703,0.4,0.3333333333333333,6,5
2736,5,ZNF143,2736,1.0,1.5460006071672985,0.4642444949087641,1.6916641572143517e-26,4.4209242150326045,4.103007827402544,0.4117647058823529,0.2916666666666667,24,17
2748,5,ZNF143,2748,1.0,1.5460006071672985,0.45712187903723794,1.2064398997537367e-25,4.0823079801067355,3.750333032324573,0.4117647058823529,0.2916666666666667,24,17
2729,5,ZNF143,2729,1.0,1.5460006071672985,0.796750011774901,1.9678341943951916e-104,2.6959613006717604,2.080577542017079,0.4117647058823529,0.2916666666666667,24,17
2745,5,ZNF143,2745,1.0,1.5460006071672985,0.3358958214560944,7.369789177140414e-14,3.2062269133289676,2.54321284973053,0.4117647058823529,0.2916666666666667,24,17
2731,5,ZNF143,2731,1.0,1.5460006071672985,0.5731449040974056,2.1675255795116288e-42,3.5143430730091985,2.9721658831807503,0.4117647058823529,0.2916666666666667,24,17
2744,5,ZNF143,2744,1.0,1.5460006071672985,0.47880399369963345,2.6345753621371677e-28,5.88542207369648,6.331749500612142,0.4117647058823529,0.2916666666666667,24,17
2750,5,ZNF143,2750,1.0,1.5460006071672985,0.19262160149632265,2.6194662862899397e-05,2.2944489692462096,1.556669696778895,0.4117647058823529,0.2916666666666667,24,17
1935,5,BBX,1935,1.0,1.3789837186148348,0.3438619536626588,1.7196301767292576e-14,2.425368505302822,1.6909669007335681,0.46153846153846156,0.25,24,13
1916,5,BBX,1916,1.0,1.3789837186148348,0.5481779532823947,3.2062696006631033e-38,2.6115803001604183,1.9015461518086318,0.46153846153846156,0.25,24,13
1918,5,BBX,1918,1.0,1.3789837186148348,0.38328518867725536,6.7755052796129255e-18,3.233953254339949,2.5879752627294392,0.46153846153846156,0.25,24,13
1913,5,BBX,1913,1.0,1.3789837186148348,-0.1573046428361937,0.0006204046027503561,-2.3264400782882424,1.6212760595203046,0.46153846153846156,0.25,24,13
1920,5,BBX,1920,1.0,1.3789837186148348,0.5239389369532799,1.707532243643366e-34,4.141684060051954,3.8272717854928624,0.46153846153846156,0.25,24,13
1912,5,BBX,1912,1.0,1.3789837186148348,0.7259509279922192,4.181565065234673e-78,2.1324848668639276,1.4607246551133597,0.46153846153846156,0.25,24,13
3876,5,EN1,3876,-1.0,5.514485792509523,0.20254867636345564,9.625905791640453e-06,-4.747060893251095,4.568999495277852,1.0,0.5909090909090909,22,13
3867,5,EN1,3867,-1.0,5.514485792509523,-0.2673085977377045,3.9292500784465356e-09,2.105952641628143,1.3811086454687098,1.0,0.5909090909090909,22,13
3865,5,EN1,3865,-1.0,5.514485792509523,0.43532927906282054,3.720964294564199e-23,-5.877335477209153,6.254470459882786,1.0,0.5909090909090909,22,13
3864,5,EN1,3864,-1.0,5.514485792509523,0.3000784166328328,3.096684734518512e-11,-3.2140793062096753,2.6908494771369105,1.0,0.5909090909090909,22,13
3877,5,EN1,3877,-1.0,5.514485792509523,0.3575477699115399,1.2782477457014404e-15,-2.914417950687989,2.2319351824541616,1.0,0.5909090909090909,22,13
3885,5,EN1,3885,-1.0,5.514485792509523,-0.293916969448643,8.080414652399548e-11,3.440182258587043,2.8814836903219017,1.0,0.5909090909090909,22,13
3868,5,EN1,3868,-1.0,5.514485792509523,-0.269326891253318,2.9689707395459415e-09,2.0876358710062624,1.356251664478612,1.0,0.5909090909090909,22,13
3870,5,EN1,3870,-1.0,5.514485792509523,-0.2620811689878104,8.032473909178253e-09,3.655233160372367,3.1158300111342654,1.0,0.5909090909090909,22,13
3872,5,EN1,3872,-1.0,5.514485792509523,-0.2753370415521603,1.271120501300942e-09,2.4953088861800605,1.7662967738070003,1.0,0.5909090909090909,22,13
3878,5,EN1,3878,-1.0,5.514485792509523,-0.22251778475267447,1.1022584537266054e-06,3.1595014881068466,2.533625919416539,1.0,0.5909090909090909,22,13
3883,5,EN1,3883,-1.0,5.514485792509523,0.3351899275807804,8.367310594784651e-14,-4.718633783293798,4.5694157927859385,1.0,0.5909090909090909,22,13
3869,5,EN1,3869,-1.0,5.514485792509523,0.32869444831205713,2.650244514808089e-13,-5.596829662343828,5.747530017888693,1.0,0.5909090909090909,22,13
3874,5,EN1,3874,-1.0,5.514485792509523,-0.28217371899165966,4.721393857141187e-10,2.338926576347871,1.6035468517581992,1.0,0.5909090909090909,22,13
2991,5,ZNF281,2991,1.0,1.324499239708103,0.49966674863346144,4.727555055316471e-31,2.9104300961437977,2.2303729152166616,0.4444444444444444,0.32,25,18
2977,5,ZNF281,2977,1.0,1.324499239708103,0.6731582249055191,2.511944309393341e-63,2.4638290154291638,1.7386334290784178,0.4444444444444444,0.32,25,18
2974,5,ZNF281,2974,1.0,1.324499239708103,-0.21191937819276802,3.572588486171154e-06,-3.0159386084285256,2.4276713801755827,0.4444444444444444,0.32,25,18
2978,5,ZNF281,2978,1.0,1.324499239708103,0.5441668007897709,1.3922648858933373e-37,3.5128435381156695,2.9150386041208063,0.4444444444444444,0.32,25,18
2988,5,ZNF281,2988,1.0,1.324499239708103,-0.027587364707833652,0.550773947063622,-3.7790219337313253,3.2762035045670648,0.4444444444444444,0.32,25,18
2979,5,ZNF281,2979,1.0,1.324499239708103,0.47229916281177137,1.7339133031030613e-27,5.058067599773274,5.043281668499212,0.4444444444444444,0.32,25,18
2995,5,ZNF281,2995,1.0,1.324499239708103,0.5148439168261456,3.587040595203374e-33,3.2026491910708006,2.6063633957577634,0.4444444444444444,0.32,25,18
2980,5,ZNF281,2980,1.0,1.324499239708103,0.36340060293271614,4.044971153059276e-16,6.133391056566324,6.416785827689676,0.4444444444444444,0.32,25,18
1017,5,NRF1,1017,1.0,1.43899113220544,0.28134303797066024,5.3328857926539e-10,3.8504571246458617,3.332128607192992,0.875,0.7777777777777778,9,8
1013,5,NRF1,1013,1.0,1.43899113220544,0.08295303533828352,0.07238519881740058,3.606495515178984,3.0304649726925343,0.875,0.7777777777777778,9,8
1012,5,NRF1,1012,1.0,1.43899113220544,0.14733004483708886,0.0013598987609438735,5.776795983945886,5.822997888726705,0.875,0.7777777777777778,9,8
1011,5,NRF1,1011,1.0,1.43899113220544,0.26878541680693013,3.2015193027924022e-09,5.343269878246625,5.29346993688493,0.875,0.7777777777777778,9,8
1009,5,NRF1,1009,1.0,1.43899113220544,0.39473923434537767,5.640548094636899e-19,3.4386196040859875,3.022456099750256,0.875,0.7777777777777778,9,8
1014,5,NRF1,1014,1.0,1.43899113220544,0.2943332819957287,7.578823958489838e-11,3.266694143016892,2.620693981423371,0.875,0.7777777777777778,9,8
1010,5,NRF1,1010,1.0,1.43899113220544,0.2684664109032982,3.3466988287084654e-09,7.18935290069629,8.177064337593846,0.875,0.7777777777777778,9,8
5873,5,ALX4,5873,-1.0,4.65314863130251,0.31603598904339764,2.319119824604533e-12,-5.545881965503242,5.779521307170796,1.0,0.7222222222222222,18,13
5884,5,ALX4,5884,-1.0,4.65314863130251,0.15618437510862643,0.000679164666251467,-4.272798826628635,3.9784851738263107,1.0,0.7222222222222222,18,13
5882,5,ALX4,5882,-1.0,4.65314863130251,0.13661266628156976,0.0030000690302313033,-3.6354642327854245,3.1922964994006597,1.0,0.7222222222222222,18,13
5879,5,ALX4,5879,-1.0,4.65314863130251,0.10192490478496868,0.027136244323116315,-3.642275487974361,3.1530351809179638,1.0,0.7222222222222222,18,13
5872,5,ALX4,5872,-1.0,4.65314863130251,0.1933366921898939,2.4412813570058188e-05,-7.009044587151679,7.868682758841002,1.0,0.7222222222222222,18,13
5874,5,ALX4,5874,-1.0,4.65314863130251,0.2067574163895695,6.202024003096819e-06,-6.0622912010994945,6.901042483212364,1.0,0.7222222222222222,18,13
5885,5,ALX4,5885,-1.0,4.65314863130251,0.21198114362473663,3.548791034173325e-06,-6.71392188525299,7.505176643859584,1.0,0.7222222222222222,18,13
5889,5,ALX4,5889,-1.0,4.65314863130251,0.33720979194475886,5.81374662388052e-14,-5.148412029531036,5.202866440135728,1.0,0.7222222222222222,18,13
5876,5,ALX4,5876,-1.0,4.65314863130251,0.1382320431111587,0.0026711356677927723,-3.794688238343708,3.3763689197040527,1.0,0.7222222222222222,18,13
5878,5,ALX4,5878,-1.0,4.65314863130251,0.11409479679616966,0.013322997154417635,-3.3102659286277607,2.7081141541521156,1.0,0.7222222222222222,18,13
5881,5,ALX4,5881,-1.0,4.65314863130251,0.2342982672602951,2.782337718423957e-07,-5.563135073034548,5.695359791300794,1.0,0.7222222222222222,18,13
5877,5,ALX4,5877,-1.0,4.65314863130251,0.05792445487737409,0.21003071163858134,-4.5153583835132824,4.3217260386683405,1.0,0.7222222222222222,18,13
5875,5,ALX4,5875,-1.0,4.65314863130251,0.1930564109846299,2.509706387002666e-05,-5.465316654940334,5.901425906192245,1.0,0.7222222222222222,18,13
5664,5,EOMES,5664,1.0,1.5069066602451808,0.31794653819358865,1.6825300429614405e-12,3.2959593833028613,2.7101009318999476,0.3333333333333333,0.125,8,3
1820,5,CREB3,1820,1.0,2.9682643428425415,0.26736988590048816,3.896088640979492e-09,8.538764826495802,11.377489453748801,0.5,0.5,2,2
2849,5,HMBOX1,2849,1.0,1.4000699181570204,0.2992934770516573,3.503603243041218e-11,2.1851167776897404,1.4604666166523168,0.5,0.2222222222222222,9,4
2848,5,HMBOX1,2848,1.0,1.4000699181570204,0.28946832638349307,1.5923262771978478e-10,3.9826131644502745,3.553493016216275,0.5,0.2222222222222222,9,4
3406,5,SMAD3,3406,-1.0,4.205067884804268,0.17621614499280652,0.00012293726562473222,-5.529992905882895,6.218160935357396,0.65,0.5652173913043478,23,20
3401,5,SMAD3,3401,-1.0,4.205067884804268,0.29273490060394414,9.687531093256555e-11,-7.266756023807873,8.374913620677635,0.65,0.5652173913043478,23,20
3405,5,SMAD3,3405,-1.0,4.205067884804268,-0.17144908720679417,0.00018792459713740052,3.971401086515612,3.519707141532717,0.65,0.5652173913043478,23,20
3402,5,SMAD3,3402,-1.0,4.205067884804268,0.2134626270425119,3.021362793198952e-06,-4.499915836563811,4.289858600917037,0.65,0.5652173913043478,23,20
3403,5,SMAD3,3403,-1.0,4.205067884804268,0.24825380387089396,4.944864657021423e-08,-4.79872608294518,4.809468134562071,0.65,0.5652173913043478,23,20
3409,5,SMAD3,3409,-1.0,4.205067884804268,-0.2195195782649489,1.5464894490682942e-06,4.245955704486911,3.985700630304016,0.65,0.5652173913043478,23,20
3413,5,SMAD3,3413,-1.0,4.205067884804268,-0.24156149922372347,1.1473076230076751e-07,4.633612200772119,4.390033787587535,0.65,0.5652173913043478,23,20
3414,5,SMAD3,3414,-1.0,4.205067884804268,0.22882934946778896,5.320548878246307e-07,-5.504618564476148,6.097247406099855,0.65,0.5652173913043478,23,20
3420,5,SMAD3,3420,-1.0,4.205067884804268,0.030606015861875068,0.5080283650931581,-4.034998112645998,3.675166596140318,0.65,0.5652173913043478,23,20
3404,5,SMAD3,3404,-1.0,4.205067884804268,0.21788640673657256,1.8560606419967932e-06,-2.6890653018976978,2.0108202457321673,0.65,0.5652173913043478,23,20
3400,5,SMAD3,3400,-1.0,4.205067884804268,0.29730616273751,4.781249528709138e-11,-4.106137479116867,4.0312655455643505,0.65,0.5652173913043478,23,20
3415,5,SMAD3,3415,-1.0,4.205067884804268,0.21688754839628746,2.0737676878559625e-06,-3.8379505819274895,3.3566293749915177,0.65,0.5652173913043478,23,20
3412,5,SMAD3,3412,-1.0,4.205067884804268,0.22358019978900537,9.765127113846395e-07,-3.380663720512954,2.7857603020936073,0.65,0.5652173913043478,23,20
2074,5,CDC5L,2074,1.0,1.4892774491176057,0.4459126357255983,2.4223592044594323e-24,3.6269535682544536,3.0948163384014533,0.3333333333333333,0.2222222222222222,9,6
2073,5,CDC5L,2073,1.0,1.4892774491176057,0.33097423073777926,1.7737885044864036e-13,2.1986185083402736,1.4673598110248933,0.3333333333333333,0.2222222222222222,9,6
2181,5,IKZF2,2181,1.0,1.377612244050968,0.23569132826949993,2.35277079348938e-07,3.8177074921235237,3.3787153519005613,0.26666666666666666,0.16,25,15
2170,5,IKZF2,2170,1.0,1.377612244050968,0.18261464057945806,6.834307800001883e-05,2.3677364009374475,1.6414567184325353,0.26666666666666666,0.16,25,15
2185,5,IKZF2,2185,1.0,1.377612244050968,0.26117146249470136,9.082498140954026e-09,2.1316370787178047,1.401322712538124,0.26666666666666666,0.16,25,15
2166,5,IKZF2,2166,1.0,1.377612244050968,0.5427666422692647,2.3137327341233668e-37,2.2198784299812813,1.5506628472605473,0.26666666666666666,0.16,25,15
1196,5,MYBL1,1196,1.0,1.4958157165421577,0.5055430454256895,7.352682494685043e-32,2.598929283779251,1.9097317454217697,0.42857142857142855,0.25,12,7
1189,5,MYBL1,1189,1.0,1.4958157165421577,0.6125278010466516,9.614115010783506e-50,2.7181331529299118,2.1239813203827667,0.42857142857142855,0.25,12,7
1195,5,MYBL1,1195,1.0,1.4958157165421577,0.059828574780445065,0.19540344595387227,3.7965409741986607,3.305454444202874,0.42857142857142855,0.25,12,7
4499,5,TFAP4,4499,1.0,1.4428332031781455,0.2539689795654181,2.3633259049753108e-08,2.7780455102100956,2.073584269443009,0.8333333333333334,0.5555555555555556,9,6
4500,5,TFAP4,4500,1.0,1.4428332031781455,0.25840269929850485,1.3162971744975899e-08,7.432174083213403,9.098198453764084,0.8333333333333334,0.5555555555555556,9,6
4496,5,TFAP4,4496,1.0,1.4428332031781455,0.17965401151368593,8.990198247756749e-05,6.948061632755953,8.452997699331718,0.8333333333333334,0.5555555555555556,9,6
4497,5,TFAP4,4497,1.0,1.4428332031781455,0.18964594679016206,3.502089949370171e-05,3.933062281387464,3.503074474084771,0.8333333333333334,0.5555555555555556,9,6
4498,5,TFAP4,4498,1.0,1.4428332031781455,-0.2086229838552384,5.089177220202126e-06,-3.506983806597252,3.009050264290001,0.8333333333333334,0.5555555555555556,9,6
398,5,KLF7,398,1.0,1.339061619877109,0.4458004057500815,2.4948203249983956e-24,2.7476699101797384,2.1593330199836984,0.09090909090909091,0.058823529411764705,17,11
5707,5,LEF1,5707,1.0,1.3936378908904798,0.3557222695305153,1.821270618521463e-15,3.147523365878838,2.485462858959463,1.0,0.5,6,3
5709,5,LEF1,5709,1.0,1.3936378908904798,0.23758143824851896,1.8708405823736188e-07,3.405483437614288,2.7747706497354767,1.0,0.5,6,3
5706,5,LEF1,5706,1.0,1.3936378908904798,0.20865627142779128,5.071168359939572e-06,4.218906992327342,3.8461395648735635,1.0,0.5,6,3
3625,5,HSF2,3625,1.0,1.4167927485953649,0.41525466582253395,5.1222611203749075e-21,3.640248692320869,3.1151859212843815,0.46153846153846156,0.2608695652173913,23,13
3622,5,HSF2,3622,1.0,1.4167927485953649,0.4224193534871478,9.173027202305115e-22,3.9808647148551177,3.612968832434292,0.46153846153846156,0.2608695652173913,23,13
3614,5,HSF2,3614,1.0,1.4167927485953649,0.2866507876469588,2.432050830400513e-10,3.582592565324057,3.0336118915195853,0.46153846153846156,0.2608695652173913,23,13
3615,5,HSF2,3615,1.0,1.4167927485953649,0.32870015785591056,2.6475918143632264e-13,4.367180460761575,4.0452915504980105,0.46153846153846156,0.2608695652173913,23,13
3620,5,HSF2,3620,1.0,1.4167927485953649,0.31732216504452365,1.869027472297176e-12,3.4537554691829233,2.9019121393177794,0.46153846153846156,0.2608695652173913,23,13
3608,5,HSF2,3608,1.0,1.4167927485953649,0.5491080404224402,2.27454738481543e-38,2.0187286461009752,1.3458879861678372,0.46153846153846156,0.2608695652173913,23,13
4451,5,NFYC,4451,1.0,6.621431013616608,0.4131634434260079,8.396918232853028e-21,5.5370963837650145,5.696683763936499,1.0,1.0,6,6
4448,5,NFYC,4448,1.0,6.621431013616608,0.20395925624235897,8.315663935191453e-06,3.133686055417004,2.461642188014004,1.0,1.0,6,6
4449,5,NFYC,4449,1.0,6.621431013616608,0.27858779785081333,7.96423729567498e-10,4.229828943225326,3.8182242477833297,1.0,1.0,6,6
4447,5,NFYC,4447,1.0,6.621431013616608,0.276151216889051,1.1313133808044177e-09,6.857227942995206,7.874791807654725,1.0,1.0,6,6
4450,5,NFYC,4450,1.0,6.621431013616608,0.15117186992071954,0.001010763405701393,2.5985474182701385,1.876277964757647,1.0,1.0,6,6
4446,5,NFYC,4446,1.0,6.621431013616608,0.3142857142857143,3.105425182177954e-12,8.836609437347212,12.06449955892524,1.0,1.0,6,6
2376,5,ZFX,2376,1.0,1.4163067306936448,0.7983548657502376,3.786518128004823e-105,2.7419267014709288,2.132659516713995,0.17647058823529413,0.12,25,17
2387,5,ZFX,2387,1.0,1.4163067306936448,0.15095723442686285,0.001027846223600204,2.4712065754155175,1.7333720272400035,0.17647058823529413,0.12,25,17
2392,5,ZFX,2392,1.0,1.4163067306936448,0.31629637613338846,2.2201811957375414e-12,5.714869011878647,5.883784581577839,0.17647058823529413,0.12,25,17
5869,5,SOX21,5869,1.0,1.578228621783704,0.16046659996115767,0.00047901373717815476,2.7199473274517074,2.0176779431593244,0.14285714285714285,0.125,8,7
2908,5,ESRRG,2908,1.0,1.3504694004995286,0.1681893925371082,0.00024959655133061456,2.2396723081704573,1.5737762243896807,0.25,0.14285714285714285,7,4
263,5,MEIS1,263,1.0,1.3369340932312361,0.465005485803515,1.367625964692669e-26,2.55914715566531,1.8382741027903091,0.3333333333333333,0.25,8,6
264,5,MEIS1,264,1.0,1.3369340932312361,0.2806063192642291,5.939157626325091e-10,2.2539898274365795,1.5168101734197759,0.3333333333333333,0.25,8,6
2202,5,PEBP1,2202,1.0,6.059458788411616,-0.31018533260555303,6.108370674829328e-12,-6.657959253648079,7.321386091786775,1.0,0.5,4,2
2200,5,PEBP1,2200,1.0,6.059458788411616,0.34306016237516085,1.9946766562443842e-14,7.7230397055613205,9.992815932778678,1.0,0.5,4,2
3354,5,FOXJ3,3354,1.0,1.3800979361130206,0.5259415080715141,8.625832865586351e-35,2.4881514635665996,1.7889667839145726,0.5789473684210527,0.44,25,19
3349,5,FOXJ3,3349,1.0,1.3800979361130206,0.4241120496678323,6.073125447218613e-22,2.7840906099308955,2.0739299800439013,0.5789473684210527,0.44,25,19
3357,5,FOXJ3,3357,1.0,1.3800979361130206,0.16729287949349722,0.0002696155030578013,3.619067329002934,3.065655329525821,0.5789473684210527,0.44,25,19
3344,5,FOXJ3,3344,1.0,1.3800979361130206,0.2797306711751294,6.74725088398896e-10,5.49468721984174,5.511757924622581,0.5789473684210527,0.44,25,19
3358,5,FOXJ3,3358,1.0,1.3800979361130206,0.3445697769068044,1.5079784417236016e-14,2.0490426757477307,1.3287323155271302,0.5789473684210527,0.44,25,19
3355,5,FOXJ3,3355,1.0,1.3800979361130206,0.4017556304975424,1.1718314468045528e-19,3.0028892007688235,2.3264265215646147,0.5789473684210527,0.44,25,19
3353,5,FOXJ3,3353,1.0,1.3800979361130206,0.14877343096917406,0.0012174419745939816,3.421597362211437,2.8201123167624322,0.5789473684210527,0.44,25,19
3340,5,FOXJ3,3340,1.0,1.3800979361130206,0.5864161275977383,9.335125696209691e-45,2.2354224903608038,1.5665947469228743,0.5789473684210527,0.44,25,19
3360,5,FOXJ3,3360,1.0,1.3800979361130206,0.3163539358942612,2.1988738385987674e-12,3.288791025187647,2.6802614210157114,0.5789473684210527,0.44,25,19
3345,5,FOXJ3,3345,1.0,1.3800979361130206,0.5102186779690305,1.6296067282406097e-32,2.3887797614252,1.6622852683200329,0.5789473684210527,0.44,25,19
3346,5,FOXJ3,3346,1.0,1.3800979361130206,0.3995354187573738,1.9345304885897304e-19,4.386146635440142,4.079772861447519,0.5789473684210527,0.44,25,19
3445,5,TNFRSF10A,3445,-1.0,1.5911962838427305,0.29374069385517776,8.302418994146979e-11,-4.165058609848003,3.789054612309695,0.75,0.75,4,4
3446,5,TNFRSF10A,3446,-1.0,1.5911962838427305,-0.03307230135886691,0.4744379803526798,3.2102374053221148,2.574030140335414,0.75,0.75,4,4
3444,5,TNFRSF10A,3444,-1.0,1.5911962838427305,-0.1746249296756687,0.0001418202696056529,9.30243831786937,13.588177331312068,0.75,0.75,4,4
2156,5,NR4A2,2156,-1.0,3.7665250722037587,0.1322518147072702,0.004076996951564505,-4.951969207003726,4.9143684556831,0.5714285714285714,0.26666666666666666,15,7
2146,5,NR4A2,2146,-1.0,3.7665250722037587,-0.38761788987419216,2.6762173470284108e-18,9.09821880381143,12.836176071282697,0.5714285714285714,0.26666666666666666,15,7
2159,5,NR4A2,2159,-1.0,3.7665250722037587,-0.28646689692497385,2.4998093629320365e-10,3.5706421375794415,3.006783438637508,0.5714285714285714,0.26666666666666666,15,7
2147,5,NR4A2,2147,-1.0,3.7665250722037587,0.4624348298967479,2.7989169511960655e-26,-2.318139494195408,1.6288263657852158,0.5714285714285714,0.26666666666666666,15,7
6256,5,FOXF2,6256,1.0,1.7480433722170063,0.18226777945018297,7.058987768990151e-05,3.7212581227004713,3.169598904793307,1.0,0.625,8,5
6255,5,FOXF2,6255,1.0,1.7480433722170063,0.18355073797565905,6.26113873502879e-05,3.398125019576774,2.858437567674258,1.0,0.625,8,5
6259,5,FOXF2,6259,1.0,1.7480433722170063,0.28138510976374786,5.300143830642283e-10,4.135344746373406,3.6895639365615667,1.0,0.625,8,5
6254,5,FOXF2,6254,1.0,1.7480433722170063,-0.3167344313416366,2.0629674600214024e-12,-2.538380519243282,1.8261339754822734,1.0,0.625,8,5
6258,5,FOXF2,6258,1.0,1.7480433722170063,0.25290181235229003,2.7163778038890154e-08,2.3317893489205237,1.602653586640179,1.0,0.625,8,5
604,5,FOXD2,604,-1.0,3.166742740502859,0.10955015255359316,0.017509950589638845,-3.1608714855749516,2.5486764614623065,0.8888888888888888,0.4444444444444444,18,9
599,5,FOXD2,599,-1.0,3.166742740502859,0.31122187062865836,5.153267583371909e-12,-4.118597702613482,3.7568009941804528,0.8888888888888888,0.4444444444444444,18,9
602,5,FOXD2,602,-1.0,3.166742740502859,0.059374106949618755,0.19882508254019252,-7.153912207969021,8.188018323631509,0.8888888888888888,0.4444444444444444,18,9
601,5,FOXD2,601,-1.0,3.166742740502859,0.33103468004488046,1.7549233032239363e-13,-5.1764643498703435,5.4245922559374735,0.8888888888888888,0.4444444444444444,18,9
609,5,FOXD2,609,-1.0,3.166742740502859,0.417602248760457,2.9287863796593775e-21,-2.882906701803502,2.1761352072100335,0.8888888888888888,0.4444444444444444,18,9
603,5,FOXD2,603,-1.0,3.166742740502859,0.20150649382171676,1.0717830350309032e-05,-5.95404469048603,6.637099031849274,0.8888888888888888,0.4444444444444444,18,9
595,5,FOXD2,595,-1.0,3.166742740502859,0.3192051089488958,1.360238259896084e-12,-4.675650629371983,4.882658694529867,0.8888888888888888,0.4444444444444444,18,9
597,5,FOXD2,597,-1.0,3.166742740502859,0.3212566867711662,9.59731410299134e-13,-3.707334184344894,3.2990277534439203,0.8888888888888888,0.4444444444444444,18,9
5525,5,GSC,5525,-1.0,3.9820394656980382,-0.2997476175544606,3.262218880828662e-11,3.4262951282329612,2.820070919698425,1.0,0.5,4,2
5524,5,GSC,5524,-1.0,3.9820394656980382,0.4074291357905699,3.1992380891674145e-20,-5.312726771014448,5.502481542116473,1.0,0.5,4,2
245,5,NF1,245,1.0,1.668838303442124,0.04608346569863016,0.31879601376277217,3.7138343535961886,3.1672460997156473,0.25,0.17391304347826086,23,16
239,5,NF1,239,1.0,1.668838303442124,0.2762133999238894,1.1212725392028944e-09,3.4535438932989844,2.8605069211902814,0.25,0.17391304347826086,23,16
247,5,NF1,247,1.0,1.668838303442124,0.3861178686360274,3.697158289250409e-18,3.7450466456680074,3.27232328930016,0.25,0.17391304347826086,23,16
240,5,NF1,240,1.0,1.668838303442124,0.4710033747010404,2.5116291641526165e-27,2.4711047691085133,1.7513879256593492,0.25,0.17391304347826086,23,16
4584,5,HLX,4584,1.0,2.8264125745849347,0.1066343692452881,0.020765658803474092,9.458428319259843,14.145431578852453,0.6,0.3,10,5
4590,5,HLX,4590,1.0,2.8264125745849347,-0.08674099928021406,0.06023964934308862,-4.241016970892286,3.9828881694471163,0.6,0.3,10,5
4586,5,HLX,4586,1.0,2.8264125745849347,0.12386843202530319,0.007174926288366958,7.696660017272086,9.662687711904516,0.6,0.3,10,5
5974,5,POU6F1,5974,-1.0,2.1311976240577617,0.20482554220167823,7.597185340228791e-06,-4.864384612196925,4.737598428849782,1.0,0.5714285714285714,7,4
5975,5,POU6F1,5975,-1.0,2.1311976240577617,-0.22103994190856266,1.3032539935099468e-06,3.5363198526331887,2.9494692109036094,1.0,0.5714285714285714,7,4
5978,5,POU6F1,5978,-1.0,2.1311976240577617,0.16146085054949058,0.0004411623992384367,-2.3285010442945704,1.6121696811184527,1.0,0.5714285714285714,7,4
5976,5,POU6F1,5976,-1.0,2.1311976240577617,0.21546496699704776,2.4264447492834708e-06,-3.7932134614034756,3.3154550030983723,1.0,0.5714285714285714,7,4
2307,5,HMGA2,2307,1.0,4.219764997630778,0.10209937152351796,0.026873223948821412,3.1788160908438083,2.521908905003332,0.5,0.25,4,2
3007,5,YY1,3007,1.0,1.5591448330748574,0.27558012697244044,1.2277093583699185e-09,4.635877176161031,4.332152537963436,0.47368421052631576,0.36,25,19
3001,5,YY1,3001,1.0,1.5591448330748574,0.6702312301578472,1.3489249672705273e-62,2.484930071676512,1.841764199821317,0.47368421052631576,0.36,25,19
3017,5,YY1,3017,1.0,1.5591448330748574,0.09061576519085021,0.049609869312271536,4.5920020652789315,4.26589915224375,0.47368421052631576,0.36,25,19
3005,5,YY1,3005,1.0,1.5591448330748574,0.06631676188203083,0.1511545445047098,5.3357390683988095,5.357224596029122,0.47368421052631576,0.36,25,19
3011,5,YY1,3011,1.0,1.5591448330748574,0.21768829944714316,1.8974201515574916e-06,3.859308897743391,3.382369779651716,0.47368421052631576,0.36,25,19
3006,5,YY1,3006,1.0,1.5591448330748574,0.3757650868265299,3.2887154295517374e-17,2.559234913961976,1.8405735697552394,0.47368421052631576,0.36,25,19
3024,5,YY1,3024,1.0,1.5591448330748574,0.5427719590343253,2.3092848565193742e-37,2.1295711318802173,1.4116077013145676,0.47368421052631576,0.36,25,19
3018,5,YY1,3018,1.0,1.5591448330748574,0.41647775295015454,3.83014547471428e-21,3.2502146089038595,2.6158680376912233,0.47368421052631576,0.36,25,19
3022,5,YY1,3022,1.0,1.5591448330748574,0.21351972447598805,3.0026163038700945e-06,5.146469942491222,5.020344391119018,0.47368421052631576,0.36,25,19
3639,5,NR3C1,3639,1.0,1.43956195860835,0.2447018580649114,7.753242136904588e-08,3.4469651449927117,2.8537820129922635,0.2608695652173913,0.24,25,23
3641,5,NR3C1,3641,1.0,1.43956195860835,0.14535648476298932,0.0015795390518103546,3.340221651412619,2.7147056462850343,0.2608695652173913,0.24,25,23
3644,5,NR3C1,3644,1.0,1.43956195860835,0.4547211284487096,2.315228781715722e-25,2.221371684751498,1.4940802622951177,0.2608695652173913,0.24,25,23
3652,5,NR3C1,3652,1.0,1.43956195860835,0.39061515838614225,1.396113269862845e-18,3.4489718559268603,2.8810314695639176,0.2608695652173913,0.24,25,23
3634,5,NR3C1,3634,1.0,1.43956195860835,0.39816612059058865,2.6304629054809727e-19,2.8956937971052903,2.2161280982108766,0.2608695652173913,0.24,25,23
3631,5,NR3C1,3631,1.0,1.43956195860835,0.7283729456409895,7.248874917897767e-79,2.0978710082458067,1.4248560925319045,0.2608695652173913,0.24,25,23
1038,5,FLI1,1038,1.0,1.3757272034479542,0.13036875522104888,0.004641838928815796,3.903843376027969,3.436193702398265,0.21052631578947367,0.18181818181818182,22,19
1035,5,FLI1,1035,1.0,1.3757272034479542,0.2312838456161683,3.985253016401083e-07,6.4268715265920395,7.096158317275823,0.21052631578947367,0.18181818181818182,22,19
1023,5,FLI1,1023,1.0,1.3757272034479542,0.15973798750618004,0.0005086459217536195,2.421124094392341,1.711915772902899,0.21052631578947367,0.18181818181818182,22,19
1018,5,FLI1,1018,1.0,1.3757272034479542,0.3390171092921739,4.187757044611959e-14,2.748844272120751,2.1503729915910257,0.21052631578947367,0.18181818181818182,22,19
4445,5,MNT,4445,1.0,1.6426358066332043,0.1429743428521729,0.0018878266610246348,5.422581403179243,5.384892837309429,1.0,1.0,2,2
4444,5,MNT,4444,1.0,1.6426358066332043,0.20218796440425796,9.991260184926426e-06,8.90344557011788,11.453130092288669,1.0,1.0,2,2
6316,5,TRAF4,6316,1.0,1.4906526740787163,0.3743257460591647,4.4291717869088487e-17,3.2437458294256647,2.6311667984298035,0.9,0.375,24,10
6312,5,TRAF4,6312,1.0,1.4906526740787163,0.25658032028308314,1.6764929014550685e-08,3.1840586115754657,2.5309641277990473,0.9,0.375,24,10
6333,5,TRAF4,6333,1.0,1.4906526740787163,0.20231209931023647,9.864062684964806e-06,2.6919542194008703,1.9748591359887169,0.9,0.375,24,10
6325,5,TRAF4,6325,1.0,1.4906526740787163,0.20252003105684288,9.654448315080312e-06,4.342443819910816,3.987576976738381,0.9,0.375,24,10
6319,5,TRAF4,6319,1.0,1.4906526740787163,0.2764146279232456,1.089369838973859e-09,2.331274339907495,1.5991597142718428,0.9,0.375,24,10
6331,5,TRAF4,6331,1.0,1.4906526740787163,0.28772985979054844,2.0690335856695082e-10,3.1618734367759975,2.554153232815347,0.9,0.375,24,10
6326,5,TRAF4,6326,1.0,1.4906526740787163,-0.16999414288979475,0.0002134394448899539,-3.837759053430256,3.4308140681172277,0.9,0.375,24,10
6320,5,TRAF4,6320,1.0,1.4906526740787163,0.24500063714494347,7.467386575540432e-08,3.067874579700207,2.4219819780457756,0.9,0.375,24,10
6327,5,TRAF4,6327,1.0,1.4906526740787163,0.2996344435066262,3.3208096252823005e-11,2.6883619182430496,1.9895457782493478,0.9,0.375,24,10
1256,5,BRCA1,1256,1.0,1.4400852227007648,0.20371734343210482,8.52758725173646e-06,2.721929501705389,2.0087581052162373,0.75,0.6,5,4
1252,5,BRCA1,1252,1.0,1.4400852227007648,0.5331115125011884,7.204553446378941e-36,2.1406483325311196,1.4646339839998352,0.75,0.6,5,4
1254,5,BRCA1,1254,1.0,1.4400852227007648,0.4720157561176751,1.8805431052370807e-27,3.589961585436428,3.0293435572242546,0.75,0.6,5,4
2931,5,SOX2,2931,1.0,1.3451762551278557,0.29883932834176,3.762383633571774e-11,2.4587108131657542,1.7372064246055314,0.4166666666666667,0.20833333333333334,24,12
2924,5,SOX2,2924,1.0,1.3451762551278557,0.15937165448348908,0.0005241797152356187,3.51070097776815,2.9601246693537773,0.4166666666666667,0.20833333333333334,24,12
2922,5,SOX2,2922,1.0,1.3451762551278557,0.14689341260317454,0.0014059205976597218,4.646409821464121,4.670373467531485,0.4166666666666667,0.20833333333333334,24,12
2935,5,SOX2,2935,1.0,1.3451762551278557,0.23076476814324962,4.237535209287542e-07,2.9090078025521806,2.274467973276559,0.4166666666666667,0.20833333333333334,24,12
2927,5,SOX2,2927,1.0,1.3451762551278557,0.1775730110811381,0.000108728156470387,3.2812356360725725,2.759781616551719,0.4166666666666667,0.20833333333333334,24,12
3962,5,ELF3,3962,-1.0,2.3643253136654243,-0.14972913616907724,0.0011308199683713713,2.7801231529116963,2.100688194045655,1.0,0.76,25,19
3944,5,ELF3,3944,-1.0,2.3643253136654243,0.44941955521470495,9.59051588474059e-25,-2.2202120246001735,1.4994588330522804,1.0,0.76,25,19
3941,5,ELF3,3941,-1.0,2.3643253136654243,0.16519494977802857,0.0003224729160105939,-5.5780145410782636,5.817306945081404,1.0,0.76,25,19
3952,5,ELF3,3952,-1.0,2.3643253136654243,-0.1576136867277002,0.000605045124010997,2.200163946956114,1.4661159246979403,1.0,0.76,25,19
3954,5,ELF3,3954,-1.0,2.3643253136654243,0.14630149032219023,0.001470597156245127,-3.3317900975786894,2.721322619495338,1.0,0.76,25,19
3957,5,ELF3,3957,-1.0,2.3643253136654243,0.49484379450960747,2.1200436501870032e-30,-2.420843051932598,1.7038092835924052,1.0,0.76,25,19
3953,5,ELF3,3953,-1.0,2.3643253136654243,0.13633120244232835,0.003060862098341077,-2.8518539444950015,2.1661199999767202,1.0,0.76,25,19
3956,5,ELF3,3956,-1.0,2.3643253136654243,0.18276909701457233,6.73644413909958e-05,-2.2399612795640955,1.5117114877392785,1.0,0.76,25,19
3960,5,ELF3,3960,-1.0,2.3643253136654243,-0.1539589219959813,0.0008114792804561883,2.1505515220578735,1.4464830653304301,1.0,0.76,25,19
3955,5,ELF3,3955,-1.0,2.3643253136654243,-0.1369377196678528,0.0029312286355740284,3.0260715333963786,2.3849539774188853,1.0,0.76,25,19
3942,5,ELF3,3942,-1.0,2.3643253136654243,-0.11798288610115144,0.01046891483520233,4.9651683657176875,4.929051754454741,1.0,0.76,25,19
3940,5,ELF3,3940,-1.0,2.3643253136654243,-0.17871077727705661,9.801914795492614e-05,2.5087236409643374,1.790946472311843,1.0,0.76,25,19
3949,5,ELF3,3949,-1.0,2.3643253136654243,-0.1206466496529473,0.008840483771217978,4.079300205793943,3.661963175401488,1.0,0.76,25,19
3946,5,ELF3,3946,-1.0,2.3643253136654243,-0.17489084568201715,0.0001384858826499494,5.639948834133881,6.230341261396709,1.0,0.76,25,19
3945,5,ELF3,3945,-1.0,2.3643253136654243,0.2919737515303728,1.0882989509915002e-10,-3.4295349323732447,2.8691594693430194,1.0,0.76,25,19
3939,5,ELF3,3939,-1.0,2.3643253136654243,0.5901705605051402,1.909241815153018e-45,-2.9927791704796736,2.3890289014787243,1.0,0.76,25,19
3961,5,ELF3,3961,-1.0,2.3643253136654243,-0.13198178911119984,0.00415397675737283,2.7694100689828423,2.0930535158670702,1.0,0.76,25,19
3943,5,ELF3,3943,-1.0,2.3643253136654243,-0.07716840888449394,0.09471992592832797,4.891647427215065,4.783172999724479,1.0,0.76,25,19
3948,5,ELF3,3948,-1.0,2.3643253136654243,0.11919412902919019,0.009698074979249757,-4.251779902712994,3.9114386642035366,1.0,0.76,25,19
805,5,ZNF35,805,1.0,1.798262482510341,0.26494220474110974,5.441526875311453e-09,2.1616253441322684,1.488008908542509,0.3333333333333333,0.2,25,15
821,5,ZNF35,821,1.0,1.798262482510341,0.11975683890577511,0.00935744079969979,2.1696654257769246,1.4442035122354748,0.3333333333333333,0.2,25,15
823,5,ZNF35,823,1.0,1.798262482510341,0.13227920760551687,0.004069260243684157,2.3312878410142677,1.6117424339801079,0.3333333333333333,0.2,25,15
824,5,ZNF35,824,1.0,1.798262482510341,0.12303265967415744,0.007577583287564579,5.109527112354463,5.308804710583092,0.3333333333333333,0.2,25,15
814,5,ZNF35,814,1.0,1.798262482510341,0.20573748299140854,6.904937264080934e-06,2.615065206367638,1.9550721348595603,0.3333333333333333,0.2,25,15
5914,5,PITX3,5914,-1.0,2.725960656557997,0.24527134156516547,7.217197607188385e-08,-4.297181547526502,3.9690811849954004,1.0,0.6666666666666666,3,2
5913,5,PITX3,5913,-1.0,2.725960656557997,0.23373807249986883,2.9755646551617723e-07,-2.872997860137995,2.180751567236161,1.0,0.6666666666666666,3,2
2801,5,E2F7,2801,1.0,1.3409818422989848,0.38373780719849543,6.152875345829002e-18,2.9274318621014563,2.355641868448676,1.0,1.0,1,1
3290,5,TBX15,3290,1.0,1.579528779512918,0.2862368890451813,2.587151527203661e-10,2.121353989407817,1.448117217906907,0.125,0.09090909090909091,11,8
2821,5,CLOCK,2821,1.0,1.4135664692642436,0.6676304073884543,5.910749551988832e-62,3.051392036084553,2.49595305960551,0.5,0.5,2,2
5016,5,MAX,5016,1.0,2.1845696497012237,0.20429964478808216,8.02595408954837e-06,3.9735830199291584,3.512967291487293,1.0,0.5,6,3
5012,5,MAX,5012,1.0,2.1845696497012237,0.23770291477196717,1.8433616339025778e-07,4.478853801907382,4.196960413585288,1.0,0.5,6,3
5011,5,MAX,5011,1.0,2.1845696497012237,-0.2758327888946648,1.184115736011819e-09,-3.648785951507794,3.2348948077215405,1.0,0.5,6,3
3103,5,POU3F1,3103,1.0,12.356000232902465,0.3919422805033441,1.0443938411227088e-18,9.221436663064221,13.229385525727682,0.8571428571428571,0.48,25,14
3113,5,POU3F1,3113,1.0,12.356000232902465,0.2028495607701786,9.33091537740122e-06,3.3827509337621153,2.797250411257644,0.8571428571428571,0.48,25,14
3118,5,POU3F1,3118,1.0,12.356000232902465,0.4521088183492203,4.678315947228383e-25,3.6314349840705,3.0566582389511656,0.8571428571428571,0.48,25,14
3111,5,POU3F1,3111,1.0,12.356000232902465,-0.2950193843769572,6.817657789574532e-11,-6.029366151089068,6.816405037455519,0.8571428571428571,0.48,25,14
3112,5,POU3F1,3112,1.0,12.356000232902465,-0.2708321480173567,2.4053605393312137e-09,-5.924244373960703,6.290743973768404,0.8571428571428571,0.48,25,14
3105,5,POU3F1,3105,1.0,12.356000232902465,-0.3287539707061842,2.6227173020387334e-13,-4.446878441050047,4.646637432960929,0.8571428571428571,0.48,25,14
3119,5,POU3F1,3119,1.0,12.356000232902465,-0.2974568322730193,4.6702547819194036e-11,-2.7119175150527073,2.033717589971705,0.8571428571428571,0.48,25,14
3114,5,POU3F1,3114,1.0,12.356000232902465,-0.30560205879018926,1.2852380521393914e-11,-3.4906940581769157,2.962645326363537,0.8571428571428571,0.48,25,14
3117,5,POU3F1,3117,1.0,12.356000232902465,0.40429965647050775,6.567231499677902e-20,5.154842535063147,5.160999856028458,0.8571428571428571,0.48,25,14
3110,5,POU3F1,3110,1.0,12.356000232902465,-0.3483486199483472,7.437338667468486e-15,-6.074910019068855,7.116387192379387,0.8571428571428571,0.48,25,14
3107,5,POU3F1,3107,1.0,12.356000232902465,0.5171453975494165,1.674459482728433e-33,2.7594038135675736,2.0352040762563286,0.8571428571428571,0.48,25,14
3109,5,POU3F1,3109,1.0,12.356000232902465,-0.38283697332853417,7.453047453640197e-18,-4.050511367922804,3.7973528345515164,0.8571428571428571,0.48,25,14
3198,5,ELK4,3198,1.0,1.4145487314535736,0.6883064976359179,3.045639065017293e-67,3.3201755640389585,2.8747907646037287,0.2857142857142857,0.2857142857142857,7,7
3203,5,ELK4,3203,1.0,1.4145487314535736,0.12152882423497101,0.00835322548607258,3.5475987128418587,2.965901843711246,0.2857142857142857,0.2857142857142857,7,7
171,5,POU2F1,171,1.0,1.3554720973756877,0.4399361294701642,1.146385459212398e-23,4.404442517882672,4.113070729030056,0.42105263157894735,0.32,25,19
179,5,POU2F1,179,1.0,1.3554720973756877,0.3151256475834292,2.7000778575241907e-12,4.4618878336249645,4.23564284575075,0.42105263157894735,0.32,25,19
163,5,POU2F1,163,1.0,1.3554720973756877,0.4174462132641153,3.040068446736175e-21,2.545801968068423,1.8254360845837498,0.42105263157894735,0.32,25,19
164,5,POU2F1,164,1.0,1.3554720973756877,0.2405692290488394,1.2970960107982563e-07,3.522684082639305,2.928557673756138,0.42105263157894735,0.32,25,19
183,5,POU2F1,183,1.0,1.3554720973756877,0.2868686594325914,2.3540834632049773e-10,3.1820666711518384,2.5522107731438535,0.42105263157894735,0.32,25,19
159,5,POU2F1,159,1.0,1.3554720973756877,0.697666778106833,8.732437696751976e-70,2.2396342471883792,1.5717309009449028,0.42105263157894735,0.32,25,19
170,5,POU2F1,170,1.0,1.3554720973756877,0.2350912273087547,2.529350189285354e-07,4.508200049838965,4.3637378463206185,0.42105263157894735,0.32,25,19
162,5,POU2F1,162,1.0,1.3554720973756877,0.29416291435009345,7.780309883081196e-11,3.941508994855008,3.5527097111977572,0.42105263157894735,0.32,25,19
4761,5,ELF4,4761,1.0,1.4856284922371712,0.15537465711922066,0.0007248018926971281,4.630119519614237,4.379597652469285,0.16666666666666666,0.12,25,18
4751,5,ELF4,4751,1.0,1.4856284922371712,0.2749851116130574,1.3366227473262488e-09,2.9537805125620142,2.2560013330959054,0.16666666666666666,0.12,25,18
4763,5,ELF4,4763,1.0,1.4856284922371712,0.1972615192482788,1.6508228050918338e-05,3.3257407533366954,2.7810288980364994,0.16666666666666666,0.12,25,18
5661,5,ATF4,5661,1.0,8.591881801785185,0.13963171577498643,0.0024136755251471863,5.370665073135745,5.326582509556171,1.0,1.0,1,1
361,5,POU3F2,361,1.0,1.4047390071836592,0.28751130282159304,2.1380169455922195e-10,3.5728325412430646,3.0972912708658065,0.4,0.24,25,15
339,5,POU3F2,339,1.0,1.4047390071836592,0.16713095415217555,0.000273387494442962,2.784814239989218,2.092234542898411,0.4,0.24,25,15
358,5,POU3F2,358,1.0,1.4047390071836592,0.20117957637459555,1.108397418138091e-05,4.806201443647573,4.861928126418893,0.4,0.24,25,15
337,5,POU3F2,337,1.0,1.4047390071836592,0.26698720211269766,4.107682067612242e-09,2.0870242489666726,1.4123433181033536,0.4,0.24,25,15
352,5,POU3F2,352,1.0,1.4047390071836592,0.18498303359539697,5.471193821364845e-05,2.810146417987612,2.121938296888451,0.4,0.24,25,15
359,5,POU3F2,359,1.0,1.4047390071836592,0.22672796241994775,6.796638086310796e-07,2.456725827357914,1.7515881818958308,0.4,0.24,25,15
3814,5,RARG,3814,-1.0,2.230440163320355,0.21131303581216915,3.8144460994555207e-06,-2.938207822221641,2.3399817390209603,0.8888888888888888,0.6153846153846154,13,9
3815,5,RARG,3815,-1.0,2.230440163320355,0.28311282724472236,4.1120929764267593e-10,-4.903023331644546,5.054703720541725,0.8888888888888888,0.6153846153846154,13,9
3819,5,RARG,3819,-1.0,2.230440163320355,0.26910257340097576,3.0632486355583473e-09,-4.458924656636917,4.306973378330704,0.8888888888888888,0.6153846153846154,13,9
3820,5,RARG,3820,-1.0,2.230440163320355,0.15386978144339195,0.0008172454643006382,-2.5801853840223634,1.8910961707286678,0.8888888888888888,0.6153846153846154,13,9
3816,5,RARG,3816,-1.0,2.230440163320355,0.24690427020031205,5.8711409700557806e-08,-7.754730882257983,9.036578242093917,0.8888888888888888,0.6153846153846154,13,9
3817,5,RARG,3817,-1.0,2.230440163320355,0.1736495344507594,0.0001547073783283202,-4.786695119247895,4.788142945141969,0.8888888888888888,0.6153846153846154,13,9
3825,5,RARG,3825,-1.0,2.230440163320355,0.2129647004364082,3.189656665454107e-06,-3.923591907007165,3.4470322644062072,0.8888888888888888,0.6153846153846154,13,9
3823,5,RARG,3823,-1.0,2.230440163320355,0.11821070050980266,0.010319913532423546,-2.879610527053203,2.179440172478524,0.8888888888888888,0.6153846153846154,13,9
2499,5,ZNF148,2499,-1.0,3.5212752828093734,-0.02220679846657561,0.6310786695680937,3.2131811976299236,2.5813081546375383,0.7272727272727273,0.3333333333333333,24,11
2512,5,ZNF148,2512,-1.0,3.5212752828093734,-0.38818458768053526,2.3676171615689014e-18,4.681856106865376,4.474560548336521,0.7272727272727273,0.3333333333333333,24,11
2504,5,ZNF148,2504,-1.0,3.5212752828093734,-0.40717433874901726,3.393125617562785e-20,4.996793061315032,4.887587490743165,0.7272727272727273,0.3333333333333333,24,11
2503,5,ZNF148,2503,-1.0,3.5212752828093734,-0.2586211489933833,1.2785201923688423e-08,3.5361354865258505,2.976354657067824,0.7272727272727273,0.3333333333333333,24,11
2514,5,ZNF148,2514,-1.0,3.5212752828093734,0.14111590229981877,0.0021655744020341702,-5.896752979924442,6.1335783616269755,0.7272727272727273,0.3333333333333333,24,11
2500,5,ZNF148,2500,-1.0,3.5212752828093734,0.4053738047030833,5.135104727256088e-20,-4.882375021568273,4.780587749991094,0.7272727272727273,0.3333333333333333,24,11
2501,5,ZNF148,2501,-1.0,3.5212752828093734,-0.3305991676373135,1.8953574321651209e-13,2.8449743726123313,2.161997452228622,0.7272727272727273,0.3333333333333333,24,11
2495,5,ZNF148,2495,-1.0,3.5212752828093734,-0.6002085096558523,2.471869888835772e-47,8.678120131470749,12.115296511302127,0.7272727272727273,0.3333333333333333,24,11
4804,5,GLIS2,4804,-1.0,1.9933629019321124,0.3428164002553204,2.0865371613478948e-14,-2.831936417754465,2.169317513987609,1.0,0.6,25,15
4815,5,GLIS2,4815,-1.0,1.9933629019321124,0.30276208834440854,2.024662569200636e-11,-5.392814956182062,5.616683405053499,1.0,0.6,25,15
4797,5,GLIS2,4797,-1.0,1.9933629019321124,0.589720728246557,2.3116350708548282e-45,-6.052178568028693,6.458316070936227,1.0,0.6,25,15
4803,5,GLIS2,4803,-1.0,1.9933629019321124,-0.3269103729219468,3.620255255769385e-13,3.0521157951226052,2.402628304001565,1.0,0.6,25,15
4796,5,GLIS2,4796,-1.0,1.9933629019321124,-0.26539366744385834,5.1150383136783236e-09,5.353349972019948,5.420394407604688,1.0,0.6,25,15
4798,5,GLIS2,4798,-1.0,1.9933629019321124,0.2877240806980913,2.0708294297575063e-10,-4.075180828452744,3.816115527429179,1.0,0.6,25,15
4817,5,GLIS2,4817,-1.0,1.9933629019321124,0.18773745929712948,4.209194322207039e-05,-3.663949905954745,3.193591017782095,1.0,0.6,25,15
4794,5,GLIS2,4794,-1.0,1.9933629019321124,0.3339063110868133,1.0531142334636566e-13,-5.601515983787918,6.504779114214453,1.0,0.6,25,15
4801,5,GLIS2,4801,-1.0,1.9933629019321124,-0.3141347643907349,3.184326792008895e-12,3.174269104079433,2.549567108621623,1.0,0.6,25,15
4818,5,GLIS2,4818,-1.0,1.9933629019321124,0.5374805063987558,1.5411931988212648e-36,-5.3382275095484415,5.375352471794444,1.0,0.6,25,15
4795,5,GLIS2,4795,-1.0,1.9933629019321124,0.577341334294204,3.976871704498371e-43,-6.712566883188308,7.462249215505838,1.0,0.6,25,15
4806,5,GLIS2,4806,-1.0,1.9933629019321124,0.343069245463463,1.991331506147594e-14,-3.3553073163314537,2.9764221118678535,1.0,0.6,25,15
4799,5,GLIS2,4799,-1.0,1.9933629019321124,-0.3185221358023158,1.52679951031574e-12,5.298697936025966,5.299563901733797,1.0,0.6,25,15
4807,5,GLIS2,4807,-1.0,1.9933629019321124,0.4108938782362557,1.4301592472052316e-20,-5.598798033015789,6.224609349988743,1.0,0.6,25,15
4808,5,GLIS2,4808,-1.0,1.9933629019321124,0.3947607325693181,5.613775052480185e-19,-4.5133989535392125,4.277679543251296,1.0,0.6,25,15
6160,5,FOXA1,6160,1.0,3.478610590891296,0.15566657463651165,0.0007080311753387647,2.911208486531009,2.2200943877437567,0.2,0.1111111111111111,9,5
5356,5,EGR3,5356,-1.0,1.7308823588007212,0.34016379681751163,3.397048549058989e-14,-3.5854564415257006,3.147505657908886,1.0,0.6666666666666666,3,2
5358,5,EGR3,5358,-1.0,1.7308823588007212,-0.3144175931755854,3.0380584568113844e-12,3.843967588186105,3.3508490199326544,1.0,0.6666666666666666,3,2
1156,5,LMO2,1156,1.0,1.4350027827996437,0.2657869924764885,4.846146159591086e-09,2.27143574602524,1.6005889023938629,0.2,0.16666666666666666,6,5
1307,5,REST,1307,1.0,1.3175357278128275,0.8374992017628545,6.494566475826759e-125,1.9854627360795152,1.3077314690475914,0.2,0.16,25,20
1325,5,REST,1325,1.0,1.3175357278128275,0.12670446385770026,0.005947411415017579,2.2306964229955226,1.500076161241778,0.2,0.16,25,20
1312,5,REST,1312,1.0,1.3175357278128275,0.3818586774951449,9.171855147780765e-18,2.893065616918547,2.203097646882977,0.2,0.16,25,20
1323,5,REST,1323,1.0,1.3175357278128275,0.5664260156249323,3.1132460176615424e-41,6.27264372754224,7.27569935146518,0.2,0.16,25,20
3714,5,DLX3,3714,-1.0,2.4026902362939735,0.2731061600514628,1.7457886285505061e-09,-4.778792526791754,4.670406181506217,1.0,1.0,6,6
3712,5,DLX3,3712,-1.0,2.4026902362939735,0.09026860426217766,0.05049344351371219,-3.4740790169034654,2.9008237383640076,1.0,1.0,6,6
3711,5,DLX3,3711,-1.0,2.4026902362939735,0.3126357569827165,4.082170173778353e-12,-5.849583787561421,6.183964267490503,1.0,1.0,6,6
3710,5,DLX3,3710,-1.0,2.4026902362939735,0.19616028959203638,1.8438141612133324e-05,-7.294400983299697,8.377550492464316,1.0,1.0,6,6
3709,5,DLX3,3709,-1.0,2.4026902362939735,0.541811942231029,3.266859941759524e-37,-2.88583292170039,2.261495592514374,1.0,1.0,6,6
3713,5,DLX3,3713,-1.0,2.4026902362939735,0.21137666889339135,3.7883475835192567e-06,-4.062984232557959,3.6550202698599468,1.0,1.0,6,6
5675,5,POU3F3,5675,-1.0,1.640028300775351,-0.28249743464930477,4.502054435442926e-10,3.037907568459086,2.3451678658126864,0.5333333333333333,0.32,25,15
5684,5,POU3F3,5684,-1.0,1.640028300775351,-0.14196116973056744,0.0020349184481728635,5.100236838834431,5.109998577071941,0.5333333333333333,0.32,25,15
5677,5,POU3F3,5677,-1.0,1.640028300775351,0.20681855326634735,6.162134755460523e-06,-5.950157445839725,6.670805421463341,0.5333333333333333,0.32,25,15
5687,5,POU3F3,5687,-1.0,1.640028300775351,-0.19817735164872521,1.5050966854591043e-05,5.671847463489272,5.727899226372232,0.5333333333333333,0.32,25,15
5695,5,POU3F3,5695,-1.0,1.640028300775351,0.18615835815724482,4.894276054211145e-05,-2.7013106114411247,2.012811628074213,0.5333333333333333,0.32,25,15
5693,5,POU3F3,5693,-1.0,1.640028300775351,-0.23753427897830562,1.8816143824046245e-07,2.9319362961967057,2.2342411989185127,0.5333333333333333,0.32,25,15
5689,5,POU3F3,5689,-1.0,1.640028300775351,-0.17160012603734973,0.00018544630831210057,3.1063232065295754,2.4245416306655136,0.5333333333333333,0.32,25,15
5681,5,POU3F3,5681,-1.0,1.640028300775351,0.33218890947140334,1.4301894464136635e-13,-2.4232638144574943,1.6990302867851992,0.5333333333333333,0.32,25,15
4961,5,FOXL1,4961,-1.0,4.238794727181835,-0.3758922268605861,3.203127915332427e-17,2.888427100085852,2.205781863297201,1.0,0.6,25,15
4952,5,FOXL1,4952,-1.0,4.238794727181835,0.28316668838642256,4.079570925625621e-10,-3.7108920068803015,3.305690741958006,1.0,0.6,25,15
4939,5,FOXL1,4939,-1.0,4.238794727181835,0.5757441087209108,7.60480077533171e-43,-5.759700423350311,6.411974742244837,1.0,0.6,25,15
4945,5,FOXL1,4945,-1.0,4.238794727181835,0.40306436377537713,8.704906126459336e-20,-5.789145793404289,6.363762902045168,1.0,0.6,25,15
4946,5,FOXL1,4946,-1.0,4.238794727181835,-0.3291614450158362,2.4416486330171227e-13,3.039957206304252,2.3594287083551926,1.0,0.6,25,15
4958,5,FOXL1,4958,-1.0,4.238794727181835,0.5324885263343131,8.960139311620255e-36,-5.786425165036975,6.159434300596793,1.0,0.6,25,15
4944,5,FOXL1,4944,-1.0,4.238794727181835,0.5588992100269567,5.734755075416385e-40,-4.907963568729741,4.855768598161136,1.0,0.6,25,15
4954,5,FOXL1,4954,-1.0,4.238794727181835,0.3510869750525248,4.4295711594745876e-15,-2.2990823366501454,1.57899425098296,1.0,0.6,25,15
4955,5,FOXL1,4955,-1.0,4.238794727181835,0.5555823577021288,2.0226342249889974e-39,-6.483102202994978,7.226882068247868,1.0,0.6,25,15
4937,5,FOXL1,4937,-1.0,4.238794727181835,0.3870560465055129,3.0211596649702725e-18,-4.135100526501457,4.073411986751634,1.0,0.6,25,15
4938,5,FOXL1,4938,-1.0,4.238794727181835,0.6793471705996763,6.737575087896166e-65,-6.849253121487151,7.7573608599203885,1.0,0.6,25,15
4942,5,FOXL1,4942,-1.0,4.238794727181835,0.4152030007359675,5.18541077116056e-21,-6.048019364739769,6.836738655287015,1.0,0.6,25,15
4953,5,FOXL1,4953,-1.0,4.238794727181835,0.4073347663556264,3.269740985926463e-20,-5.138987259948806,5.23382173770221,1.0,0.6,25,15
4949,5,FOXL1,4949,-1.0,4.238794727181835,0.4810191198384397,1.3741019140198675e-28,-5.301507927481394,5.833589230901018,1.0,0.6,25,15
4941,5,FOXL1,4941,-1.0,4.238794727181835,0.6064783626444088,1.5120778620019455e-48,-5.610143550225052,6.165166501721084,1.0,0.6,25,15
2337,5,ERG,2337,1.0,1.4895853377174857,0.22576007346382335,7.602037439738544e-07,3.251033057362576,2.7941403846757793,0.1111111111111111,0.09090909090909091,11,9
1612,5,ARID3A,1612,1.0,1.4942312374464009,0.14239978548008803,0.0019699992923835194,3.814463259907168,3.319647105859325,0.5833333333333334,0.2916666666666667,24,12
1601,5,ARID3A,1601,1.0,1.4942312374464009,0.3535658589710731,2.758870369912883e-15,4.025730942525793,3.6133548272471705,0.5833333333333334,0.2916666666666667,24,12
1609,5,ARID3A,1609,1.0,1.4942312374464009,0.18056340950273514,8.267875818351565e-05,2.109018640841413,1.387982086405067,0.5833333333333334,0.2916666666666667,24,12
1600,5,ARID3A,1600,1.0,1.4942312374464009,0.27249501625514233,1.9033803654059773e-09,2.7526468258242813,2.092149166596302,0.5833333333333334,0.2916666666666667,24,12
1615,5,ARID3A,1615,1.0,1.4942312374464009,0.21798800318196834,1.8351863670806918e-06,3.3740425135032877,2.8408280333941858,0.5833333333333334,0.2916666666666667,24,12
1611,5,ARID3A,1611,1.0,1.4942312374464009,0.19947109745832625,1.3199315181622746e-05,3.2737063146976144,2.6601006558983573,0.5833333333333334,0.2916666666666667,24,12
1606,5,ARID3A,1606,1.0,1.4942312374464009,0.1754476412778614,0.00013174106770418175,3.668372034867931,3.233475336895344,0.5833333333333334,0.2916666666666667,24,12
478,5,NFIA,478,-1.0,1.7540413917970061,0.4097207224674645,1.880340474330979e-20,-4.827395450888362,4.946462245633213,0.9090909090909091,0.5263157894736842,19,11
489,5,NFIA,489,-1.0,1.7540413917970061,0.012439207559284099,0.7879543856362619,-3.573355686929745,3.003529512479859,0.9090909090909091,0.5263157894736842,19,11
487,5,NFIA,487,-1.0,1.7540413917970061,-0.34503210430337233,1.3837581836891333e-14,3.044043536181893,2.3801909745931424,0.9090909090909091,0.5263157894736842,19,11
488,5,NFIA,488,-1.0,1.7540413917970061,-0.4365281986482125,2.7436988658761547e-23,4.524600474719469,4.285628710030523,0.9090909090909091,0.5263157894736842,19,11
483,5,NFIA,483,-1.0,1.7540413917970061,-0.2583830503841508,1.3197476050928568e-08,4.207970979037785,3.797560616273664,0.9090909090909091,0.5263157894736842,19,11
484,5,NFIA,484,-1.0,1.7540413917970061,0.4668894699445294,8.06019184816518e-27,-2.7251585075696005,2.026846283289772,0.9090909090909091,0.5263157894736842,19,11
477,5,NFIA,477,-1.0,1.7540413917970061,0.4407827665151293,9.215256352998684e-24,-6.398592094968923,7.441411054785573,0.9090909090909091,0.5263157894736842,19,11
476,5,NFIA,476,-1.0,1.7540413917970061,-0.4255212235725715,4.300674814830555e-22,9.611737867829733,14.053885127636454,0.9090909090909091,0.5263157894736842,19,11
485,5,NFIA,485,-1.0,1.7540413917970061,-0.17397512851979238,0.00015028812870535686,3.565083005214464,3.0275594236481713,0.9090909090909091,0.5263157894736842,19,11
479,5,NFIA,479,-1.0,1.7540413917970061,0.18960295034228122,3.5167009860605365e-05,-6.349362938593088,6.8998732074197076,0.9090909090909091,0.5263157894736842,19,11
3033,5,ETV3,3033,1.0,1.7430877142883983,0.09007669144645196,0.050987504825997475,7.1988729694100435,7.864044371630796,0.5714285714285714,0.5,8,7
3031,5,ETV3,3031,1.0,1.7430877142883983,0.39383191682961305,6.892715666316892e-19,5.283953500592704,5.4238507453099984,0.5714285714285714,0.5,8,7
3026,5,ETV3,3026,1.0,1.7430877142883983,0.5048738265191574,9.104992236510233e-32,3.243018677774683,2.771730177110276,0.5714285714285714,0.5,8,7
3028,5,ETV3,3028,1.0,1.7430877142883983,0.12722874312540836,0.005742355275104826,4.529755642573338,4.190714329014532,0.5714285714285714,0.5,8,7
2997,5,RBPJ,2997,1.0,1.371190684245514,0.6765548287062549,3.48584025260839e-64,2.100299000424663,1.411632917766218,0.5,0.5,2,2
5548,5,ZBTB4,5548,1.0,1.62059343405967,0.06032072229409166,0.19174687599891124,2.909286688892941,2.216279190717163,0.2,0.16666666666666666,6,5
1543,5,GZF1,1543,1.0,1.6574734833473856,0.5579455441896861,8.251544521231903e-40,3.180568811660672,2.6758540606166155,0.5,0.5,2,2
5411,5,SF1,5411,1.0,2.207154301929253,0.20984352818217783,4.467197702184396e-06,5.682644497610379,5.764068282917466,0.6,0.5,6,5
5413,5,SF1,5413,1.0,2.207154301929253,0.0005441015548359302,0.9906135585687312,2.2055321194107633,1.4744860407345683,0.6,0.5,6,5
5415,5,SF1,5415,1.0,2.207154301929253,0.4095910396327272,1.9379646206414414e-20,4.744117753046967,4.557934546645126,0.6,0.5,6,5
5970,5,HOXA9,5970,-1.0,2.4294041557944355,0.3926522590856664,8.93701505715608e-19,-5.598232282438582,5.763204196242973,1.0,0.8235294117647058,17,14
5958,5,HOXA9,5958,-1.0,2.4294041557944355,0.4135965500595787,7.582045590696112e-21,-4.6925127209210125,4.507331367318714,1.0,0.8235294117647058,17,14
5969,5,HOXA9,5969,-1.0,2.4294041557944355,0.219796121214632,1.49923020399137e-06,-3.3178882735823896,2.7000615641044576,1.0,0.8235294117647058,17,14
5962,5,HOXA9,5962,-1.0,2.4294041557944355,-0.2486261185684641,4.7152600683888397e-08,3.2165737242541947,2.5765543825551793,1.0,0.8235294117647058,17,14
5963,5,HOXA9,5963,-1.0,2.4294041557944355,0.3824155543968796,8.150670478880578e-18,-3.553940464416931,2.978308239285274,1.0,0.8235294117647058,17,14
5957,5,HOXA9,5957,-1.0,2.4294041557944355,0.42477155047715204,5.168415385938197e-22,-6.481993072161696,7.2355147383805285,1.0,0.8235294117647058,17,14
5971,5,HOXA9,5971,-1.0,2.4294041557944355,0.2815559874354337,5.169158367544828e-10,-3.1232549954280615,2.505266257380919,1.0,0.8235294117647058,17,14
5973,5,HOXA9,5973,-1.0,2.4294041557944355,0.3628529899922921,4.509270433365804e-16,-2.3972351043118567,1.6598934795938336,1.0,0.8235294117647058,17,14
5960,5,HOXA9,5960,-1.0,2.4294041557944355,0.2515374012509813,3.242641446812634e-08,-6.606805774891071,8.19947989148512,1.0,0.8235294117647058,17,14
5959,5,HOXA9,5959,-1.0,2.4294041557944355,0.3698945422880543,1.0973592238185427e-16,-5.984681511318654,6.382042436064954,1.0,0.8235294117647058,17,14
5964,5,HOXA9,5964,-1.0,2.4294041557944355,-0.3436389634997712,1.792151468968232e-14,3.0285545226448036,2.3478391903449003,1.0,0.8235294117647058,17,14
5967,5,HOXA9,5967,-1.0,2.4294041557944355,0.2424272755802386,1.030365092698255e-07,-3.1618069025429114,2.5321140160235336,1.0,0.8235294117647058,17,14
5965,5,HOXA9,5965,-1.0,2.4294041557944355,-0.1548957151570819,0.0007531160111824508,2.1781454710444463,1.4382677219690367,1.0,0.8235294117647058,17,14
5972,5,HOXA9,5972,-1.0,2.4294041557944355,0.3175291915680863,1.8050537145582168e-12,-4.133117154236438,3.774982499275675,1.0,0.8235294117647058,17,14
2107,5,RFX3,2107,1.0,1.4638545172769992,0.17835579618412306,0.00010124888177390043,3.1926807425069526,2.5482707512879164,0.3333333333333333,0.2,25,15
2089,5,RFX3,2089,1.0,1.4638545172769992,0.7047477845126681,8.939065650764815e-72,2.2665451092819007,1.5967978062719286,0.3333333333333333,0.2,25,15
2097,5,RFX3,2097,1.0,1.4638545172769992,0.15150023795413195,0.0009851349898658244,2.5634200313129125,1.8289824598763127,0.3333333333333333,0.2,25,15
2106,5,RFX3,2106,1.0,1.4638545172769992,0.348191765313367,7.660241621933457e-15,3.414949721435605,2.830829437495061,0.3333333333333333,0.2,25,15
2093,5,RFX3,2093,1.0,1.4638545172769992,0.1840352570872623,5.9825904788517794e-05,2.67272214563859,1.9621413744379428,0.3333333333333333,0.2,25,15
2519,5,ZNF628,2519,1.0,10.83505245416975,0.4367699958766176,2.579802951804995e-23,5.787175381575342,6.254715155974596,1.0,0.5,2,1
2816,5,STAT5B,2816,1.0,1.3991314605080876,0.3133848693535016,3.6062723384168355e-12,2.8169626027879553,2.1276530441189503,0.4,0.2857142857142857,7,5
2817,5,STAT5B,2817,1.0,1.3991314605080876,0.037840168217823246,0.4130922975472744,5.671941432594482,6.061389205594862,0.4,0.2857142857142857,7,5
4345,5,GBX2,4345,1.0,12.767772462846985,0.23786430897341293,1.8074540145428907e-07,4.868797757527752,4.782397075444812,1.0,1.0,2,2
4344,5,GBX2,4344,1.0,12.767772462846985,0.2553830342135939,1.963262140505413e-08,8.43993826043305,11.145650454453307,1.0,1.0,2,2
766,5,ZNF524,766,1.0,12.012654832208675,0.5032295591332634,1.536391667834189e-31,8.703736723145493,11.823698686089427,0.6666666666666666,0.5,4,3
767,5,ZNF524,767,1.0,12.012654832208675,-0.09523418471886595,0.03903450883929578,-5.459383606905129,5.78352841629117,0.6666666666666666,0.5,4,3
418,5,PRDM1,418,1.0,1.3446277933581958,0.3595458326819815,8.653292891987972e-16,2.140322501679255,1.4717226294186514,0.058823529411764705,0.04,25,17
3800,5,POU2F3,3800,-1.0,2.393126776466405,0.61538398814276,2.563712221117869e-50,-3.276307829250183,2.748556889015368,1.0,0.75,12,9
3802,5,POU2F3,3802,-1.0,2.393126776466405,0.30441798223756267,1.5542952788882945e-11,-7.4825850089556445,8.773381650940346,1.0,0.75,12,9
3806,5,POU2F3,3806,-1.0,2.393126776466405,0.4732477191887707,1.3206472687778055e-27,-7.074002911103563,8.399633383464211,1.0,0.75,12,9
3807,5,POU2F3,3807,-1.0,2.393126776466405,0.242344744672087,1.0409968897518161e-07,-3.90905162908025,3.5899970142507387,1.0,0.75,12,9
3801,5,POU2F3,3801,-1.0,2.393126776466405,-0.2665124678071561,4.385702872298571e-09,2.682775662096141,1.9798934823563021,1.0,0.75,12,9
3805,5,POU2F3,3805,-1.0,2.393126776466405,-0.1630245657939286,0.000387218917367359,5.30095598634008,5.296028266565695,1.0,0.75,12,9
3803,5,POU2F3,3803,-1.0,2.393126776466405,0.39709908274022976,3.3388764453510093e-19,-6.428006542685642,7.10761906388126,1.0,0.75,12,9
3808,5,POU2F3,3808,-1.0,2.393126776466405,0.16601554896822285,0.00030074064574512927,-3.350181734310684,2.74741329702246,1.0,0.75,12,9
3804,5,POU2F3,3804,-1.0,2.393126776466405,0.41422418419620943,6.537717541065384e-21,-2.476412667905575,1.767016927223961,1.0,0.75,12,9
2476,5,CREB5,2476,1.0,1.4434749016592787,0.429104838805219,1.7750270774631744e-22,2.7464765657011156,2.1371980946426303,0.5,0.25,4,2
3127,5,HINFP,3127,1.0,1.5125153456487053,0.3335789832900432,1.1165371746581084e-13,2.461402509022277,1.7964786509361985,1.0,0.5,2,1
1410,5,ATF7,1410,-1.0,7.105189941775611,-0.24693466822663637,5.84854265351716e-08,7.980088453021138,10.398986178610036,0.5,0.5,2,2
1565,5,TBP,1565,1.0,1.4452165171707587,0.2075190616140832,5.722203503744906e-06,3.200728193108578,2.5557366815475344,0.47058823529411764,0.32,25,17
1546,5,TBP,1546,1.0,1.4452165171707587,0.4867772919808447,2.474261396920592e-29,2.0245151854986276,1.3467271226624113,0.47058823529411764,0.32,25,17
1561,5,TBP,1561,1.0,1.4452165171707587,0.11257134650831568,0.01461602721585443,2.9794496064710656,2.2882759690791925,0.47058823529411764,0.32,25,17
1557,5,TBP,1557,1.0,1.4452165171707587,0.23191989253199674,3.69577988942641e-07,4.296943772386199,3.9827200015220723,0.47058823529411764,0.32,25,17
1553,5,TBP,1553,1.0,1.4452165171707587,0.36863056602454214,1.4178622806298914e-16,3.8298880606836394,3.3471799263931388,0.47058823529411764,0.32,25,17
1552,5,TBP,1552,1.0,1.4452165171707587,0.2543688927634494,2.242814613444613e-08,2.2579338207647615,1.527188844756553,0.47058823529411764,0.32,25,17
1564,5,TBP,1564,1.0,1.4452165171707587,0.28247123240013516,4.5194330522829764e-10,5.278168714752103,5.570840636863119,0.47058823529411764,0.32,25,17
1560,5,TBP,1560,1.0,1.4452165171707587,0.3954341124224193,4.835669116214113e-19,2.4813404133665253,1.8096474629923542,0.47058823529411764,0.32,25,17
2427,5,GABPB1,2427,1.0,1.4413244027397036,0.10075379592464181,0.028959746677942686,5.2279973491548395,5.114786754605841,0.35714285714285715,0.2631578947368421,19,14
2423,5,GABPB1,2423,1.0,1.4413244027397036,0.6288110875356245,4.262260169890113e-53,2.407120281018587,1.7545347757854453,0.35714285714285715,0.2631578947368421,19,14
2434,5,GABPB1,2434,1.0,1.4413244027397036,0.22842989859715426,5.575048400451557e-07,5.254710169897736,5.149260040957537,0.35714285714285715,0.2631578947368421,19,14
2438,5,GABPB1,2438,1.0,1.4413244027397036,0.09919852656258715,0.03154319705357437,4.109446807722627,3.6784260292584787,0.35714285714285715,0.2631578947368421,19,14
2432,5,GABPB1,2432,1.0,1.4413244027397036,0.18806732989458072,4.07802751847017e-05,4.40564865583364,4.051949216335204,0.35714285714285715,0.2631578947368421,19,14
2710,5,RORA,2710,-1.0,3.5576459108454954,-0.2008259478939687,1.1493425063615004e-05,2.887274372345235,2.1783596807237484,0.8888888888888888,0.64,25,18
2706,5,RORA,2706,-1.0,3.5576459108454954,0.28765172646052845,2.0934422595912422e-10,-2.988217561580248,2.3895940255351893,0.8888888888888888,0.64,25,18
2715,5,RORA,2715,-1.0,3.5576459108454954,0.4765758068118741,5.0465667771254365e-28,-4.499656468137117,4.379722310159527,0.8888888888888888,0.64,25,18
2713,5,RORA,2713,-1.0,3.5576459108454954,-0.40886622585675775,2.2935612500629322e-20,5.263361653894009,5.486859403611369,0.8888888888888888,0.64,25,18
2719,5,RORA,2719,-1.0,3.5576459108454954,-0.3621288558466068,5.204390721808711e-16,4.562009682949121,4.286669671588874,0.8888888888888888,0.64,25,18
2705,5,RORA,2705,-1.0,3.5576459108454954,-0.5042567350265883,1.1084102955800963e-31,8.625968775126257,11.835020145941728,0.8888888888888888,0.64,25,18
2707,5,RORA,2707,-1.0,3.5576459108454954,0.4174347706610502,3.0483912805839745e-21,-2.5709893397399117,1.9220210832329865,0.8888888888888888,0.64,25,18
2709,5,RORA,2709,-1.0,3.5576459108454954,-0.28118052989076653,5.461213811731496e-10,3.6909804125214363,3.1321666040327334,0.8888888888888888,0.64,25,18
2725,5,RORA,2725,-1.0,3.5576459108454954,-0.29032571254042844,1.3984681171882103e-10,6.111799943974124,6.5740935284403355,0.8888888888888888,0.64,25,18
2727,5,RORA,2727,-1.0,3.5576459108454954,-0.18087316885843568,8.034582148592506e-05,3.4375314058252284,2.8296098082424126,0.8888888888888888,0.64,25,18
2712,5,RORA,2712,-1.0,3.5576459108454954,0.45931585369765127,6.61958526446798e-26,-6.535275371602461,7.2419585134297275,0.8888888888888888,0.64,25,18
2720,5,RORA,2720,-1.0,3.5576459108454954,-0.4052396141762294,5.2956206673286685e-20,3.089801545489712,2.435543504878072,0.8888888888888888,0.64,25,18
2722,5,RORA,2722,-1.0,3.5576459108454954,-0.20345185192462564,8.766085286154633e-06,2.540411898515842,1.8056924066062012,0.8888888888888888,0.64,25,18
2714,5,RORA,2714,-1.0,3.5576459108454954,-0.3729775993707725,5.845789850676984e-17,5.072870655024814,5.067288347224958,0.8888888888888888,0.64,25,18
2711,5,RORA,2711,-1.0,3.5576459108454954,0.3194456347769603,1.3059213606892095e-12,-4.742341144227059,4.6286712809685975,0.8888888888888888,0.64,25,18
2723,5,RORA,2723,-1.0,3.5576459108454954,0.471132479626532,2.4207634399734745e-27,-3.222776175993215,2.5918859458713364,0.8888888888888888,0.64,25,18
992,5,HOXB9,992,1.0,1.3605361065094066,0.2951761048396721,6.654542861715186e-11,2.5999165719637944,1.8880261349964933,0.5,0.4,10,8
990,5,HOXB9,990,1.0,1.3605361065094066,0.03629749727732507,0.43241000346068414,2.2707842515361922,1.5498257850629387,0.5,0.4,10,8
993,5,HOXB9,993,1.0,1.3605361065094066,0.12856475371964066,0.005248246016454936,3.581996600360846,2.994994571262585,0.5,0.4,10,8
986,5,HOXB9,986,1.0,1.3605361065094066,0.1485073615524492,0.0012426223339627662,3.9020874517631925,3.38928268915694,0.5,0.4,10,8
2771,5,HOXD13,2771,1.0,1.4077677370416346,0.4428785266480988,5.3534614527433915e-24,3.032170324801416,2.3696606260460755,0.25,0.12,25,12
2774,5,HOXD13,2774,1.0,1.4077677370416346,0.3393866069203218,3.915059419410404e-14,3.272825733833537,2.6462050892117532,0.25,0.12,25,12
2770,5,HOXD13,2770,1.0,1.4077677370416346,0.1945015602696105,2.1754030145052804e-05,2.2311585125027307,1.4929448901362037,0.25,0.12,25,12
5447,5,PKNOX2,5447,1.0,1.9172384909719524,0.24430148253948356,8.152905838938852e-08,2.432160375120043,1.7027471991752146,0.75,0.6,5,4
5450,5,PKNOX2,5450,1.0,1.9172384909719524,-0.19752204073624488,1.608059014578148e-05,-2.761185043237198,2.0583467932988144,0.75,0.6,5,4
5449,5,PKNOX2,5449,1.0,1.9172384909719524,0.2977939181408892,4.430953430368798e-11,5.0613993775440855,4.962243634295365,0.75,0.6,5,4
3313,5,ELK3,3313,1.0,1.4392009339351028,0.26177341276503285,8.373798120486059e-09,3.6111416216374828,3.0452422888671613,0.3333333333333333,0.3333333333333333,6,6
3309,5,ELK3,3309,1.0,1.4392009339351028,0.6151960080340945,2.7978899651293296e-50,3.504579418663464,3.118592770975672,0.3333333333333333,0.3333333333333333,6,6
778,5,CEBPG,778,1.0,1.3930221159601843,0.2281924934790166,5.73180485966573e-07,3.980488428743792,3.524935461651166,0.35294117647058826,0.24,25,17
777,5,CEBPG,777,1.0,1.3930221159601843,0.3335557513383656,1.1211781570865064e-13,4.778874359599702,4.630985849134969,0.35294117647058826,0.24,25,17
792,5,CEBPG,792,1.0,1.3930221159601843,0.1772163903152813,0.00011230514282685725,3.4659967849609714,2.8620618029357714,0.35294117647058826,0.24,25,17
789,5,CEBPG,789,1.0,1.3930221159601843,0.42426265281726433,5.853669028614478e-22,2.3421224249548365,1.6371804553854417,0.35294117647058826,0.24,25,17
773,5,CEBPG,773,1.0,1.3930221159601843,0.1633093510628185,0.00037808197381977715,2.521895658145559,1.8102177509401816,0.35294117647058826,0.24,25,17
787,5,CEBPG,787,1.0,1.3930221159601843,0.1719346465550397,0.00018006600775771889,2.9043824300385443,2.2344956814977013,0.35294117647058826,0.24,25,17
2255,5,RFX5,2255,1.0,1.3304150704948332,0.35007285990815296,5.369877929832774e-15,2.8568014768233665,2.2159033992506547,0.6666666666666666,0.4444444444444444,9,6
2253,5,RFX5,2253,1.0,1.3304150704948332,0.02524348038908318,0.5851378866919837,4.489097430732012,4.1398012884233575,0.6666666666666666,0.4444444444444444,9,6
2251,5,RFX5,2251,1.0,1.3304150704948332,0.48880448203294613,1.3425659324760885e-29,3.91722508637813,3.4704120391827162,0.6666666666666666,0.4444444444444444,9,6
2247,5,RFX5,2247,1.0,1.3304150704948332,0.4017579421345252,1.1712176776737464e-19,2.3340726756438337,1.6627748928675683,0.6666666666666666,0.4444444444444444,9,6
1261,5,MECOM,1261,-1.0,6.245819575841805,-0.4121114174351174,1.0753227049084689e-20,9.20990399495195,13.241968713237947,0.9375,0.6,25,16
1269,5,MECOM,1269,-1.0,6.245819575841805,-0.24865429497817096,4.698309510627929e-08,7.230651863730884,8.159692192002332,0.9375,0.6,25,16
1277,5,MECOM,1277,-1.0,6.245819575841805,-0.28454361495525105,3.328174811603499e-10,5.138615895909464,5.126728928222456,0.9375,0.6,25,16
1267,5,MECOM,1267,-1.0,6.245819575841805,-0.2233797808625932,9.991287611559228e-07,2.684049930288358,1.9544419648584634,0.9375,0.6,25,16
1268,5,MECOM,1268,-1.0,6.245819575841805,0.5425735049993485,2.481190962412125e-37,-2.372728072667538,1.6787107828476415,0.9375,0.6,25,16
1279,5,MECOM,1279,-1.0,6.245819575841805,-0.234861103847113,2.600392894973335e-07,3.0921710644551377,2.4104502943193165,0.9375,0.6,25,16
1284,5,MECOM,1284,-1.0,6.245819575841805,-0.43418685713014327,4.9687803862047604e-23,3.7205353675820128,3.1958872726394034,0.9375,0.6,25,16
1276,5,MECOM,1276,-1.0,6.245819575841805,0.6033685174113944,6.092678212344064e-48,-2.335015645613837,1.6208556568400323,0.9375,0.6,25,16
1270,5,MECOM,1270,-1.0,6.245819575841805,0.35261173080640595,3.3120225715133133e-15,-2.2815907150548758,1.5650235857380603,0.9375,0.6,25,16
1262,5,MECOM,1262,-1.0,6.245819575841805,0.594158724508062,3.4573598609959853e-46,-4.562433156192889,4.76193875876597,0.9375,0.6,25,16
1272,5,MECOM,1272,-1.0,6.245819575841805,-0.1608652572808619,0.0004634879734304217,4.404782966115579,4.112112059002702,0.9375,0.6,25,16
1265,5,MECOM,1265,-1.0,6.245819575841805,0.6003928627052337,2.278916849428223e-47,-5.594794509081854,6.209380949169818,0.9375,0.6,25,16
1263,5,MECOM,1263,-1.0,6.245819575841805,0.778559624775085,9.567546448844615e-97,-6.916234205988643,7.845945984801245,0.9375,0.6,25,16
1273,5,MECOM,1273,-1.0,6.245819575841805,0.6871501012352522,6.18167331976356e-67,-4.272604005196971,4.141228521928977,0.9375,0.6,25,16
1266,5,MECOM,1266,-1.0,6.245819575841805,0.6747129163583281,1.0205856201105822e-63,-5.787545805494852,6.113468537227977,0.9375,0.6,25,16
585,5,BACH1,585,1.0,1.334571742206833,0.3375827385443218,5.434157435036541e-14,3.420224050771576,2.83398338539359,0.3333333333333333,0.18181818181818182,22,12
564,5,BACH1,564,1.0,1.334571742206833,0.715402928439521,6.962348536742417e-75,2.066296279748601,1.3918761887212097,0.3333333333333333,0.18181818181818182,22,12
567,5,BACH1,567,1.0,1.334571742206833,0.06691085258662066,0.14751820372235855,2.8502498257914173,2.1446011266328973,0.3333333333333333,0.18181818181818182,22,12
582,5,BACH1,582,1.0,1.334571742206833,0.13646084332562503,0.003032723332353038,2.948459241596882,2.2458025290418107,0.3333333333333333,0.18181818181818182,22,12
1436,5,TEAD4,1436,1.0,11.909560424790575,-0.2390745245757352,1.5588712073308805e-07,-4.35653416447741,4.251872165758099,1.0,0.2857142857142857,7,2
1434,5,TEAD4,1434,1.0,11.909560424790575,0.5293112968832488,2.705668127152242e-35,5.790015838981945,6.235081488527045,1.0,0.2857142857142857,7,2
3861,5,RAX,3861,-1.0,2.311407942308557,0.2507706525243375,3.580323153640349e-08,-3.9313746630636026,3.717580292498005,1.0,1.0,1,1
1908,5,PLAG1,1908,1.0,1.4454854022479136,0.1044194742701801,0.023578776407732465,2.9657730374480455,2.2635548666116234,0.14285714285714285,0.1,20,14
1892,5,PLAG1,1892,1.0,1.4454854022479136,0.4279606940805623,2.357274749083507e-22,2.0571042285591448,1.3733084364943504,0.14285714285714285,0.1,20,14
2820,5,HIC2,2820,1.0,1.5226834333927777,0.2675464949659771,3.802041497780367e-09,2.300306101460098,1.6472587873770617,1.0,1.0,1,1
4659,5,E2F2,4659,1.0,2.606152706584821,0.2776105533163178,9.17197458235068e-10,3.447063783153389,2.8280690882211705,1.0,0.75,4,3
4657,5,E2F2,4657,1.0,2.606152706584821,0.28709022983739657,2.2772900439851803e-10,6.998250575110347,8.692480079394562,1.0,0.75,4,3
4658,5,E2F2,4658,1.0,2.606152706584821,0.13418965998998486,0.003561349256518575,3.8325405460497928,3.3545113629783714,1.0,0.75,4,3
